{"type":"FeatureCollection", "features": [
{"type":"Feature","geometry":{"type":"MultiPolygon","coordinates":[[[[175.30768874595904,-37.32097665194807],[174.21686843345904,-35.336765683930494],[173.16649917076373,-35.420879758637525],[174.7646589608028,-37.296543515961744],[174.65473464439654,-38.983257688325025],[176.0114393563106,-41.255344785492994],[178.40819838951373,-38.771152890961744],[175.30768874595904,-37.32097665194807]]],[[[172.06266311119342,-43.92314187411604],[174.23354628990435,-42.01123467807112],[173.26403335045123,-41.543674863617994],[171.45835402916217,-41.99285165194807],[171.0240583748653,-42.886883176606275],[168.4157362313106,-44.2209095132762],[166.52276137779498,-46.23272363070784],[169.3993025154903,-46.70957223300276],[170.61156753013873,-45.946060575287916],[172.06266311119342,-43.92314187411604]]]]},"properties":{"NAME":null,"SUBJECTO":null,"PARTOF":null}},
{"type":"Feature","geometry":{"type":"Polygon","coordinates":[[[-24.2188501029179,65.5337406026906],[-21.95479675819134,65.37804754849138],[-22.372910466687433,63.773185335356615],[-18.64186379005169,63.323817812163256],[-14.821200337903253,64.19502600308122],[-13.646900144116632,65.49534186001482],[-16.922141042248956,65.97755011196794],[-24.2188501029179,65.5337406026906]]]},"properties":{"NAME":null,"SUBJECTO":null,"PARTOF":null}},
{"type":"Feature","geometry":{"type":"MultiPolygon","coordinates":[[[[-73.11150833656048,-72.7494625223094],[-70.0207185416386,-72.6721920144969],[-68.39805313636516,-71.12679711703596],[-72.10699936439251,-71.04952660922346],[-75.27505966712688,-71.66768304232893],[-73.11150833656048,-72.7494625223094]]],[[[-102.55128189613079,-72.13130608920393],[-97.14239975501751,-72.6721920144969],[-97.21967026283001,-71.82222405795393],[-102.55128189613079,-72.13130608920393]]],[[[-55.18492981483196,-80.94006005648909],[-44.83078476478313,-80.32190362338362],[-44.2126245169804,-78.39015618686018],[-48.84880920936321,-78.08107415561018],[-55.18492981483196,-80.94006005648909]]],[[[169.76938918541217,-83.41788903598128],[159.3153944344356,-80.02740899447737],[163.64298537681842,-78.66061059359846],[162.34563735435748,-75.1068843973094],[164.6162214608028,-74.17193261508284],[168.97468093345904,-73.2389415872508],[170.72912124107623,-71.90427819613753],[167.63463881920123,-70.86511651400862],[160.59853652427935,-70.22093621615706],[157.30686477134967,-69.15642968539534],[151.09345534752154,-68.88582269076643],[146.8754530281856,-67.99737969760237],[145.5856581063106,-67.2234844339305],[141.15749648521685,-66.72243157748518],[134.20519545982623,-66.18008843783674],[130.2721052498653,-66.25291863803206],[129.00962356041217,-67.02982751254378],[122.45820907066609,-66.64516106967268],[118.28564742515827,-67.0701412332469],[113.01485732506062,-65.76308099154768],[109.40372756431843,-66.71026269320784],[102.63083938072468,-65.92616692904768],[99.65426162193562,-66.54946557406721],[90,-66.60652581576643],[81.81432631920124,-67.3019527566844],[78.2599211067989,-68.38373223666487],[76.86905959556843,-69.3109630716258],[72.54195693443562,-70.23820153598128],[70.30113509605671,-72.01540795687971],[67.36488631675984,-71.70632592562971],[68.95107558677937,-69.88906518344221],[69.37389663170124,-67.84283868197737],[56.62694838951374,-66.94232598666487],[55.14159301231648,-65.96285668734846],[52.45182326744343,-65.98836175326643],[47.30508330772663,-67.77486077670393],[44.79703811119343,-67.74518243197737],[39.64714339683796,-68.93355981234846],[38.332049402697336,-70.02947656039534],[33.54134276817585,-68.5421642435008],[32.74804213951374,-69.34959832553206],[23.707478556139716,-70.58591882113753],[17.6031713814571,-70.08366052035628],[8.48534110496784,-70.08366052035628],[0.681093785269507,-71.31997338656721],[-7.200421777264825,-70.894993222993],[-11.141175237195245,-71.59042016391096],[-11.828483548657648,-72.32257501010237],[-16.39551827003216,-73.44488946322737],[-14.450941052930109,-74.0646480691844],[-18.4045304923222,-75.68571130160628],[-23.581604924695245,-75.91752282504378],[-33.1630525260136,-77.38564721469221],[-36.40837952186321,-79.16285363559065],[-29.567681279675714,-79.2243160379344],[-28.91321846534466,-80.47643700961409],[-38.031048741833914,-80.94006005648909],[-43.82627960731243,-81.79002801303206],[-60.20745941688274,-82.33091393832503],[-74.88871475745891,-80.70824853305159],[-76.58865067054485,-79.39465752963362],[-80.76121231605266,-78.23561517123518],[-74.50236984779094,-78.08107415561018],[-78.59766098548626,-76.61294976596174],[-70.56160446693157,-76.69022027377424],[-64.45729538490032,-75.68571130160628],[-60.825619664685476,-72.7494625223094],[-61.675587621228445,-70.8177227151805],[-65.38453384925579,-67.34058038119612],[-61.134694066540945,-64.86795464877424],[-62.91190430213665,-64.71340600375471],[-66.85265823890423,-66.79969445590315],[-67.08446976234173,-68.65416375521956],[-68.78439804603313,-69.81321374301253],[-67.08446976234173,-71.82222405795393],[-67.6253556876347,-72.7494625223094],[-75.58414169837688,-73.75397149447737],[-81.76572128822063,-74.02441064242659],[-88.56545731116985,-73.25171319369612],[-99.7881974845097,-72.99776116732893],[-101.8801164298222,-74.09877435092268],[-100.04510208656048,-75.30987969760237],[-105.6420793204472,-75.0675548685008],[-110.55704971839641,-75.30289117221174],[-113.23789688636516,-74.32137719516096],[-128.97754379798627,-74.9130138528758],[-134.77277084876752,-74.64256707553206],[-140.56799789954877,-75.26072350863753],[-146.67230698158002,-76.1106914651805],[-146.1458635001347,-77.45652428988753],[-149.9949082999394,-77.73335687045393],[-154.1674699454472,-77.11520043734846],[-158.18549057533002,-77.81062737826643],[-154.5538224845097,-79.1242183816844],[-148.60405441810346,-79.66510430697737],[-145.66779038001752,-80.51507226352034],[-152.08118149329877,-82.60135308627424],[-153.30974289466596,-83.94192925814924],[-148.7585801749394,-85.07398644809065],[-180,-84.3223156106883],[-180,-85.3223156106883],[-180,-86.3223156106883],[-180,-87.3223156106883],[-180,-88.3223156106883],[-180,-89.3223156106883],[-180,-90],[-179.20366379310346,-90],[-178.20366379310346,-90],[-177.20366379310346,-90],[-176.20366379310346,-90],[-175.20366379310346,-90],[-174.20366379310346,-90],[-173.20366379310346,-90],[-172.20366379310346,-90],[-171.20366379310346,-90],[-170.20366379310346,-90],[-169.20366379310346,-90],[-168.20366379310346,-90],[-167.20366379310346,-90],[-166.20366379310346,-90],[-165.20366379310346,-90],[-164.20366379310346,-90],[-163.20366379310346,-90],[-162.20366379310346,-90],[-161.20366379310346,-90],[-160.20366379310346,-90],[-159.20366379310346,-90],[-158.20366379310346,-90],[-157.20366379310346,-90],[-156.20366379310346,-90],[-155.20366379310346,-90],[-154.20366379310346,-90],[-153.20366379310346,-90],[-152.20366379310346,-90],[-151.20366379310346,-90],[-150.20366379310346,-90],[-149.20366379310346,-90],[-148.20366379310346,-90],[-147.20366379310346,-90],[-146.20366379310346,-90],[-145.20366379310346,-90],[-144.20366379310346,-90],[-143.20366379310346,-90],[-142.20366379310346,-90],[-141.20366379310346,-90],[-140.20366379310346,-90],[-139.20366379310346,-90],[-138.20366379310346,-90],[-137.20366379310346,-90],[-136.20366379310346,-90],[-135.20366379310346,-90],[-134.20366379310346,-90],[-133.20366379310346,-90],[-132.20366379310346,-90],[-131.20366379310346,-90],[-130.20366379310346,-90],[-129.20366379310346,-90],[-128.20366379310346,-90],[-127.20366379310344,-90],[-126.20366379310344,-90],[-125.20366379310344,-90],[-124.20366379310344,-90],[-123.20366379310344,-90],[-122.20366379310344,-90],[-121.20366379310344,-90],[-120.20366379310344,-90],[-119.20366379310344,-90],[-118.20366379310344,-90],[-117.20366379310344,-90],[-116.20366379310344,-90],[-115.20366379310344,-90],[-114.20366379310344,-90],[-113.20366379310344,-90],[-112.20366379310344,-90],[-111.20366379310344,-90],[-110.20366379310344,-90],[-109.20366379310344,-90],[-108.20366379310344,-90],[-107.20366379310344,-90],[-106.20366379310344,-90],[-105.20366379310344,-90],[-104.20366379310344,-90],[-103.20366379310344,-90],[-102.20366379310344,-90],[-101.20366379310344,-90],[-100.20366379310344,-90],[-99.20366379310344,-90],[-98.20366379310344,-90],[-97.20366379310344,-90],[-96.20366379310344,-90],[-95.20366379310344,-90],[-94.20366379310344,-90],[-93.20366379310344,-90],[-92.20366379310344,-90],[-91.20366379310344,-90],[-90,-90],[-89.20366379310344,-90],[-88.20366379310344,-90],[-87.20366379310344,-90],[-86.20366379310344,-90],[-85.20366379310344,-90],[-84.20366379310344,-90],[-83.20366379310344,-90],[-82.20366379310344,-90],[-81.20366379310344,-90],[-80.20366379310344,-90],[-79.20366379310344,-90],[-78.20366379310344,-90],[-77.20366379310344,-90],[-76.20366379310344,-90],[-75.20366379310344,-90],[-74.20366379310344,-90],[-73.20366379310344,-90],[-72.20366379310344,-90],[-71.20366379310344,-90],[-70.20366379310344,-90],[-69.20366379310344,-90],[-68.20366379310344,-90],[-67.20366379310344,-90],[-66.20366379310344,-90],[-65.20366379310344,-90],[-64.20366379310344,-90],[-63.203663793103445,-90],[-62.203663793103445,-90],[-61.203663793103445,-90],[-60.203663793103445,-90],[-59.203663793103445,-90],[-58.203663793103445,-90],[-57.203663793103445,-90],[-56.203663793103445,-90],[-55.203663793103445,-90],[-54.203663793103445,-90],[-53.203663793103445,-90],[-52.203663793103445,-90],[-51.203663793103445,-90],[-50.203663793103445,-90],[-49.203663793103445,-90],[-48.203663793103445,-90],[-47.203663793103445,-90],[-46.203663793103445,-90],[-45.203663793103445,-90],[-44.203663793103445,-90],[-43.203663793103445,-90],[-42.203663793103445,-90],[-41.203663793103445,-90],[-40.203663793103445,-90],[-39.203663793103445,-90],[-38.203663793103445,-90],[-37.203663793103445,-90],[-36.203663793103445,-90],[-35.203663793103445,-90],[-34.203663793103445,-90],[-33.203663793103445,-90],[-32.203663793103445,-90],[-31.20366379310345,-90],[-30.20366379310345,-90],[-29.20366379310345,-90],[-28.20366379310345,-90],[-27.20366379310345,-90],[-26.20366379310345,-90],[-25.20366379310345,-90],[-24.20366379310345,-90],[-23.20366379310345,-90],[-22.20366379310345,-90],[-21.20366379310345,-90],[-20.20366379310345,-90],[-19.20366379310345,-90],[-18.20366379310345,-90],[-17.20366379310345,-90],[-16.20366379310345,-90],[-15.203663793103448,-90],[-14.203663793103448,-90],[-13.203663793103448,-90],[-12.203663793103448,-90],[-11.203663793103448,-90],[-10.203663793103448,-90],[-9.203663793103448,-90],[-8.203663793103448,-90],[-7.203663793103448,-90],[-6.203663793103448,-90],[-5.203663793103448,-90],[-4.203663793103448,-90],[-3.203663793103448,-90],[-2.203663793103448,-90],[-1.203663793103448,-90],[-0.203663793103448,-90],[0.778056177599677,-90],[1.778056177599677,-90],[2.778056177599677,-90],[3.778056177599677,-90],[4.778056177599677,-90],[5.778056177599677,-90],[6.778056177599677,-90],[7.778056177599677,-90],[8.778056177599677,-90],[9.778056177599677,-90],[10.778056177599677,-90],[11.778056177599677,-90],[12.778056177599677,-90],[13.778056177599677,-90],[14.778056177599677,-90],[15.778056177599677,-90],[16.778056177599677,-90],[17.778056177599677,-90],[18.778056177599677,-90],[19.778056177599677,-90],[20.778056177599677,-90],[21.778056177599677,-90],[22.778056177599677,-90],[23.778056177599677,-90],[24.778056177599677,-90],[25.778056177599677,-90],[26.778056177599677,-90],[27.778056177599677,-90],[28.778056177599677,-90],[29.778056177599677,-90],[30.778056177599677,-90],[31.778056177599677,-90],[32.77805617759968,-90],[33.77805617759968,-90],[34.77805617759968,-90],[35.77805617759968,-90],[36.77805617759968,-90],[37.77805617759968,-90],[38.77805617759968,-90],[39.77805617759968,-90],[40.77805617759968,-90],[41.77805617759968,-90],[42.77805617759968,-90],[43.77805617759968,-90],[44.77805617759968,-90],[45.77805617759968,-90],[46.77805617759968,-90],[47.77805617759968,-90],[48.77805617759968,-90],[49.77805617759968,-90],[50.77805617759968,-90],[51.77805617759968,-90],[52.77805617759968,-90],[53.77805617759968,-90],[54.77805617759968,-90],[55.77805617759968,-90],[56.77805617759968,-90],[57.77805617759968,-90],[58.77805617759968,-90],[59.77805617759968,-90],[60.77805617759968,-90],[61.77805617759968,-90],[62.77805617759968,-90],[63.77805617759968,-90],[64.77805617759968,-90],[65.77805617759968,-90],[66.77805617759968,-90],[67.77805617759968,-90],[68.77805617759968,-90],[69.77805617759968,-90],[70.77805617759968,-90],[71.77805617759968,-90],[72.77805617759968,-90],[73.77805617759968,-90],[74.77805617759968,-90],[75.77805617759968,-90],[76.77805617759968,-90],[77.77805617759968,-90],[78.77805617759968,-90],[79.77805617759968,-90],[80.77805617759968,-90],[81.77805617759968,-90],[82.77805617759968,-90],[83.77805617759968,-90],[84.77805617759968,-90],[85.77805617759968,-90],[86.77805617759968,-90],[87.77805617759968,-90],[88.77805617759968,-90],[89.77805617759968,-90],[89.79633620689656,-90],[90,-90],[91.77805617759968,-90],[92.77805617759968,-90],[93.77805617759968,-90],[94.77805617759968,-90],[95.77805617759968,-90],[96.77805617759968,-90],[97.77805617759968,-90],[98.77805617759968,-90],[99.77805617759968,-90],[100.77805617759968,-90],[101.77805617759968,-90],[102.77805617759968,-90],[103.77805617759968,-90],[104.77805617759968,-90],[105.77805617759968,-90],[106.77805617759968,-90],[107.77805617759968,-90],[108.77805617759968,-90],[109.77805617759968,-90],[110.77805617759968,-90],[111.77805617759968,-90],[112.77805617759968,-90],[113.77805617759968,-90],[114.77805617759968,-90],[115.77805617759968,-90],[116.77805617759968,-90],[117.77805617759968,-90],[118.77805617759968,-90],[119.77805617759968,-90],[120.77805617759968,-90],[121.77805617759968,-90],[122.77805617759968,-90],[123.77805617759968,-90],[124.77805617759968,-90],[125.77805617759968,-90],[126.77805617759968,-90],[127.77805617759968,-90],[128.77805617759967,-90],[129.77805617759967,-90],[130.77805617759967,-90],[131.77805617759967,-90],[132.77805617759967,-90],[133.77805617759967,-90],[134.77805617759967,-90],[135.77805617759967,-90],[136.77805617759967,-90],[137.77805617759967,-90],[138.77805617759967,-90],[139.77805617759967,-90],[140.77805617759967,-90],[141.77805617759967,-90],[142.77805617759967,-90],[143.77805617759967,-90],[144.77805617759967,-90],[145.77805617759967,-90],[146.77805617759967,-90],[147.77805617759967,-90],[148.77805617759967,-90],[149.77805617759967,-90],[150.77805617759967,-90],[151.77805617759967,-90],[152.77805617759967,-90],[153.77805617759967,-90],[154.77805617759967,-90],[155.77805617759967,-90],[156.77805617759967,-90],[157.77805617759967,-90],[158.77805617759967,-90],[159.77805617759967,-90],[160.77805617759967,-90],[161.77805617759967,-90],[162.77805617759967,-90],[163.77805617759967,-90],[164.77805617759967,-90],[165.77805617759967,-90],[166.77805617759967,-90],[167.77805617759967,-90],[168.77805617759967,-90],[169.77805617759967,-90],[170.77805617759967,-90],[171.77805617759967,-90],[172.77805617759967,-90],[173.77805617759967,-90],[174.77805617759967,-90],[175.77805617759967,-90],[176.77805617759967,-90],[177.77805617759967,-90],[178.77805617759967,-90],[180,-90],[180,-89.31921807650862],[180,-88.31921807650862],[180,-87.31921807650862],[180,-86.31921807650862],[180,-85.31921807650862],[180,-84.34037438754378],[169.76938918541217,-83.41788903598128]]]]},"properties":{"NAME":null,"SUBJECTO":null,"PARTOF":null}},
{"type":"Feature","geometry":{"type":"Polygon","coordinates":[[[13.252219233019598,79.8007312643117],[11.760330233080634,78.88018377896013],[15.098876032336005,77.11526831265154],[19.115822824938544,78.45454748745622],[17.83405402611042,79.80945166226091],[13.252219233019598,79.8007312643117]]]},"properties":{"NAME":null,"SUBJECTO":null,"PARTOF":null}},
{"type":"Feature","geometry":{"type":"Polygon","coordinates":[[[80.5628996224239,5.931666456419848],[81.86616805504109,7.08456143017473],[80.66241744468952,9.299456201750658],[79.67463210533406,8.80493029232683],[79.85409072349812,7.061153494078539],[80.5628996224239,5.931666456419848]]]},"properties":{"NAME":"Simhala","SUBJECTO":"Simhala","PARTOF":"Simhala"}},
{"type":"Feature","geometry":{"type":"Polygon","coordinates":[[[-58.13945099403118,48.59906729336443],[-56.0789460807011,47.865218721587084],[-52.72859665443157,47.45452459927263],[-54.12957855750774,48.83571585293474],[-57.35559937049602,50.59522970791521],[-58.13945099403118,48.59906729336443]]]},"properties":{"NAME":"Paleo-Inuit","SUBJECTO":"Paleo-Inuit","PARTOF":"Paleo-Inuit"}},
{"type":"Feature","geometry":{"type":"MultiPolygon","coordinates":[[[[-7.427515473859064,55.06380423184099],[-8.59008499671673,54.20284994717302],[-9.890640225903741,52.19443091030779],[-9.81910988380169,51.434554659087084],[-6.40597101737713,52.21443899746599],[-6.018187966840021,55.093001924712084],[-7.427515473859064,55.06380423184099]]],[[[-0.203663793103448,53.52328451748552],[-2.74213143874859,55.95718725796404],[-2.150362935559503,57.571979128081225],[-5.76296564628338,57.619777284819506],[-5.633057561413995,55.93986090298357],[-3.5766758589909,54.924483858305834],[-2.914475408093683,53.267142854887865],[-4.317542043225519,53.09120901699724],[-3.521466937558404,50.617431246001146],[0.191810223562964,50.73128470059099],[1.691691669924506,52.311420046049975],[-0.203663793103448,53.52328451748552]]]]},"properties":{"NAME":"Celts","SUBJECTO":"Celts","PARTOF":"Celts"}},
{"type":"Feature","geometry":{"type":"Polygon","coordinates":[[[56.96043685386921,73.35708960171404],[60.88701919029499,75.24749334927263],[59.01763060997273,75.79893072720232],[54.01755050133015,73.73358496304216],[56.96043685386921,73.35708960171404]]]},"properties":{"NAME":null,"SUBJECTO":null,"PARTOF":null}},
{"type":"Feature","geometry":{"type":"Polygon","coordinates":[[[8.576292070849188,3.066532455641649],[8.827178987963446,3.611938320357226],[8.478118929369696,3.557397686201952],[8.576292070849188,3.066532455641649]]]},"properties":{"NAME":null,"SUBJECTO":null,"PARTOF":null}},
{"type":"Feature","geometry":{"type":"MultiPolygon","coordinates":[[[[34.55125236699957,20.183338169133883],[34.58696769850384,17.997016437397594],[34.28380986795908,16.48122728467379],[32.76802071523527,16.07701684394744],[31.151178952329875,16.380174674492203],[30.24170546069559,19.209647759576637],[30.24170546069559,21.73596301411631],[30.544863291240354,22.746489115932185],[29.920594299929515,25.070937793313846],[29.96865396422506,28.435114294002048],[28.62298336394978,29.973023551459512],[22.08686901975555,30.59779918730161],[20.11676886986042,30.957103334624193],[19.124539408190497,30.19894369717302],[18.828563585704636,29.798384134220665],[13.438640102509929,31.145865005019342],[10.002563881973302,32.42597183227809],[7.509724270995751,34.4471931384761],[3.399907615059783,34.4471931384761],[0.031205438063092,33.50395652891703],[-1.585771606895321,33.23446035475729],[-4.01123717433294,33.301834398297224],[-6.75297447730755,34.123351656157396],[-9.21868607093548,32.5803600179738],[-9.81326672126507,31.289060198027514],[-9.662592854993097,29.95481642361345],[-11.576458898083917,28.228616319853685],[-12.866208997266046,27.857324205595873],[-14.367254224316827,26.119227968413256],[-14.820046391980402,24.73287733669939],[-15.714025464551202,23.873057924467943],[-17.051907506482355,21.00409849758806],[-16.34728142310833,20.522616945464037],[-15.982691731946222,18.178399645048998],[-16.87041946937298,14.363524996001146],[-13.395529310272655,14.916671886604806],[-6.264794123357348,13.351095379469161],[2.345904970276228,13.285633546771772],[8.26576059714931,12.367349972804174],[17.750983817480044,12.82691062976631],[20.441827284240546,11.972795349850172],[23.19994183767005,11.775300538947805],[24.074465964367207,11.181973046384048],[30.599761371261398,11.115971520296771],[39.23590702458268,16.248613143243993],[39.517928156359446,15.46304854031267],[38.685671839220774,18.002805315215014],[37.39818480919148,18.91500052090349],[37.12776854942585,21.227176271635912],[34.551252367032575,20.183338169145948],[34.55125236699957,20.183338169133883]]],[[[33.3453212836059,23.354044941297275],[33.345321283718846,23.354044941061307],[33.690083292409675,23.54952842887194],[33.69008329238944,23.54952842916048],[33.3453212836059,23.354044941297275]]],[[[35.189864191515696,24.39991911526384],[35.18986419067511,24.399919114787224],[35.1898641916191,24.399919115022463],[35.189864191515696,24.39991911526384]]],[[[5.359488992633966,5.368345627897537],[5.44819215248371,5.476928793150805],[5.354585680468329,5.362343393523119],[5.359488992633966,5.368345627897537]]],[[[43.724307093127024,0.800251446921251],[44.300696405871165,1.290809475142382],[44.136579672502506,1.151131692540679],[43.724307093127024,0.800251446921251]]]]},"properties":{"NAME":"Saharan Pastoral Nomads","SUBJECTO":"Saharan Pastoral Nomads","PARTOF":"Saharan Pastoral Nomads"}},
{"type":"Feature","geometry":{"type":"MultiPolygon","coordinates":[[[[-7.227823701398126,37.225856386382006],[-5.660587277905694,36.00800665493669],[-4.446585622327081,36.72201880093279],[-2.238797393338434,36.72839697476091],[0.172570082648047,38.73834570522966],[-0.16062503744816,39.8860240804738],[-1.606545477948515,38.38346480318002],[-3.769230371248074,37.66256983874683],[-7.227823701398126,37.225856386382006]]],[[[8.81955913017536,38.976913057524584],[9.793739351732977,40.56368216152849],[8.240707430346259,40.855338655669115],[8.81955913017536,38.976913057524584]]],[[[19.124539408190497,30.19894369717302],[17.421629938586005,30.99598654385271],[15.84332564781452,31.28500326748552],[15.009786638720282,32.3634410726613],[12.564756426317938,32.73963888760271],[10.019480738146552,34.081473909575365],[11.125108751757391,35.24060782070818],[10.132734331591376,37.10474737759294],[5.144465002520331,36.66767843838396],[1.057602915270575,36.46185644741716],[-2.035251822964899,35.05456884976091],[-4.59297749091839,35.15118750210466],[-5.928758588330499,35.72785910244646],[-6.75297447730755,34.123351656157396],[-4.01123717433294,33.301834398297224],[-1.585771606895321,33.23446035475729],[0.031205438063092,33.50395652891703],[3.399907615059783,34.4471931384761],[7.509724270995751,34.4471931384761],[10.002563881973302,32.42597183227809],[13.438640102509929,31.145865005019342],[18.828563585704636,29.798384134220665],[19.124539408190497,30.19894369717302]]]]},"properties":{"NAME":"Carthaginian Empire","SUBJECTO":"Carthaginian Empire","PARTOF":"Carthaginian Empire"}},
{"type":"Feature","geometry":{"type":"MultiPolygon","coordinates":[[[[13.608286964560348,37.26865107158347],[15.027343782885321,36.745116792876146],[15.386741671068915,38.20554693813982],[13.809530291064032,37.966415010649584],[13.608286964560348,37.26865107158347]]],[[[14.89867118309284,40.24145849819841],[17.084080728991278,40.525111757475756],[16.420268091662177,41.2787242757863],[15.964493818313507,41.05875768522296],[16.150591189533106,41.00522058395495],[15.572007738748166,40.74670834022802],[15.47231799693428,40.79475776937596],[14.89867118309284,40.24145849819841]]]]},"properties":{"NAME":"Greek colonies","SUBJECTO":"Greek city-states","PARTOF":"Greek city-states"}},
{"type":"Feature","geometry":{"type":"Polygon","coordinates":[[[104.3248277870813,34.40797743208413],[104.5625326085596,33.87314158375799],[106.64244979649457,32.565765065627424],[105.1567946622553,31.02068372601858],[104.68138501929873,29.832159618627156],[104.80023743003787,28.04937345754002],[105.81048292132058,27.217406582366028],[108.06940954972882,27.067599898620138],[109.6731862703427,29.178471359561872],[110.98056278847326,29.237897564931444],[112.06728966505,28.418995993939976],[115.89624526845621,28.70053684713161],[121.36191085289265,29.4143501150197],[121.60595992515827,31.827626787382982],[120.66086104820515,32.543117128569506],[119.97359755943562,34.13522299404802],[119.02086165855671,34.6919322835988],[120.13933852623249,36.19480093594255],[121.84669784019734,36.86017569180193],[120.6581144661739,37.73646505947771],[119.59885695884968,37.11661871548357],[117.58946517418171,38.28448065396013],[117.75288680504109,39.20253714199724],[119.38549331138874,39.8434329855031],[116.98260953079995,40.35059796904124],[114.31961649058306,40.01847914543524],[113.58761027228482,39.34278109777533],[111.39159161739009,38.89231573266871],[110.6032772284535,37.99138500245549],[107.28109516079225,36.63998890713565],[107.22827167079322,35.55680988609244],[104.3248277870813,34.40797743208413]]]},"properties":{"NAME":"Zhou states","SUBJECTO":"Zhou states","PARTOF":"Zhou states"}},
{"type":"Feature","geometry":{"type":"MultiPolygon","coordinates":[[[[75.02422921712706,42.463390664410625],[74.55511252004138,43.24525182622008],[70.64831272006238,43.896385126216586],[69.18326279507026,43.08246850122095],[66.41594627008514,45.03586840121044],[63.64862974510001,45.68700170120695],[61.85953368826927,45.046490233861455],[60.07694589898692,43.608606228433],[59.48816356204271,43.91005706609668],[57.951213370130645,43.08246850122095],[57.46286339513327,40.152368651236706],[56.81173009513678,39.17566870124195],[54.03310683677937,38.992721162993334],[53.79965499351765,36.67903860684099],[51.79552367637898,36.43234976406755],[48.837229761584055,37.51097448940935],[49.66902068565632,40.24031027432146],[44.825570748635116,40.76719408690471],[44.48397232547802,41.4503909332189],[41.68046859215046,41.79333838101091],[40.36101439903523,40.96344336147966],[36.38289550255085,41.23751791592302],[35.95779326866413,41.68564566250505],[33.55554107139851,41.982501589018725],[30.744805368883856,41.04032477017107],[26.127575907213934,39.878558717924975],[27.160407099230536,37.36008032437029],[30.472832712633856,36.18825491543474],[31.37069037864948,36.71234472866716],[33.171336206896555,35.97088202114763],[34.4851293892696,36.62678106899919],[35.70863250206257,36.21223410244646],[35.873065027697336,34.422286592680834],[34.50065902183796,31.621099077422045],[33.557601007921946,30.967715822417162],[30.995955500109442,31.468850694853685],[29.248847040636786,30.753661714751146],[23.153338465197333,32.138812624174975],[21.673419031603583,32.8155895101613],[20.365721735461005,32.29824026699724],[20.11676886986042,30.957103334624193],[22.08686901975555,30.59779918730161],[28.62298336394978,29.973023551459512],[29.96865396422506,28.435114294002048],[29.920594299929515,25.070937793313846],[30.544863291240354,22.746489115932185],[32.464862884690504,23.453857387203293],[33.3453212836059,23.354044941297275],[33.69008329238944,23.54952842916048],[33.657230668213316,24.017988632918694],[35.18986419067511,24.399919114787224],[35.189864191515696,24.39991911526384],[33.928809198839915,26.56382330532732],[34.0580053658321,27.79031332607927],[34.88559249351765,28.357480608183764],[37.00525573204304,25.534686647612475],[38.41721437023568,26.31578602631111],[38.57999769523481,27.29248597630586],[35.087519937975415,30.42436515718311],[35.771098633933235,31.639616172219235],[37.21482009784175,32.68891048865375],[41.05768490276161,32.89477824606016],[41.94977851818943,32.20855238803876],[47.61403945396687,29.272241197783373],[47.911360773546946,29.890292726714037],[50.13237288902546,30.06642874355974],[51.350134882433665,28.03613432522478],[52.89083388756062,27.05232390042009],[54.64605620811726,26.39131888027849],[55.89973357628132,27.104804598051928],[56.79043105552937,26.97391279812517],[57.254771265490305,25.793286882597826],[59.03145888756062,25.307866655547045],[61.34399321983601,25.026860796172045],[66.62050918052937,25.31748541470232],[67.48602584312702,23.928060136992357],[68.53250131573745,25.463584729466888],[68.19090289258035,27.3082162145152],[70.96182340966989,29.186284564986998],[70.8110960450615,31.68763575128223],[72.78085989902615,35.06215920099381],[73.09006259504925,38.85010205124371],[75.02422921712706,42.463390664410625]]],[[[25.01892951439167,41.01714666958513],[26.613572153551825,40.39804037686052],[28.827807459337958,40.914699159819506],[27.501950296862372,42.51634558315935],[24.622955409809848,41.8648492302275],[25.01892951439167,41.01714666958513]]]]},"properties":{"NAME":"Achaemenid Empire","SUBJECTO":"Achaemenid Empire","PARTOF":"Achaemenid Empire"}},
{"type":"Feature","geometry":{"type":"Polygon","coordinates":[[[7.979526552660712,43.96491583462419],[3.199420951606062,43.81420686857669],[2.478525987172875,43.141371568439055],[2.628259214861639,41.61954077358904],[3.001891169054755,42.77080877896013],[4.078196081621893,43.487086855132006],[5.828570398791083,43.02081640835466],[7.979526552660712,43.96491583462419]]]},"properties":{"NAME":"Greek colonies","SUBJECTO":"Greek city-states","PARTOF":"Greek city-states"}},
{"type":"Feature","geometry":{"type":"Polygon","coordinates":[[[33.345321283718846,23.354044941061307],[33.3453212836059,23.354044941297275],[32.464862884690504,23.453857387203293],[30.544863291240354,22.746489115932185],[30.24170546069559,21.73596301411631],[30.24170546069559,19.209647759576637],[31.151178952329875,16.380174674492203],[32.76802071523527,16.07701684394744],[34.28380986795908,16.48122728467379],[34.58696769850384,17.997016437397594],[34.55125236699957,20.183338169133883],[34.52779006636866,20.17476127448868],[33.345321283718846,23.354044941061307]]]},"properties":{"NAME":"Kush","SUBJECTO":"Kush","PARTOF":"Kush"}},
{"type":"Feature","geometry":{"type":"Polygon","coordinates":[[[-14.50982440309849,28.050049749026638],[-13.880964773397412,28.19936673357924],[-14.147020770578637,28.391039461179965],[-14.50982440309849,28.050049749026638]]]},"properties":{"NAME":"Guanches","SUBJECTO":"Guanches","PARTOF":"Guanches"}},
{"type":"Feature","geometry":{"type":"Polygon","coordinates":[[[117.93772414634968,-8.540010846894361],[116.9583845467403,-8.529292501252272],[116.97642043541218,-9.17766133670149],[117.93772414634968,-8.540010846894361]]]},"properties":{"NAME":null,"SUBJECTO":null,"PARTOF":null}},
{"type":"Feature","geometry":{"type":"Polygon","coordinates":[[[115.07236007164265,-8.781361974518873],[115.08439925621296,-8.234733976166822],[114.51071456383015,-8.452072538178541],[115.07236007164265,-8.781361974518873]]]},"properties":{"NAME":null,"SUBJECTO":null,"PARTOF":null}},
{"type":"Feature","geometry":{"type":"Polygon","coordinates":[[[39.517928156359446,15.46304854031267],[39.23590702458268,16.248613143243993],[30.599761371261398,11.115971520296771],[24.074465964367207,11.181973046384048],[23.19994183767005,11.775300538947805],[20.441827284240546,11.972795349850172],[17.750983817480044,12.82691062976631],[8.26576059714931,12.367349972804174],[2.345904970276228,13.285633546771772],[-6.264794123357348,13.351095379469161],[-13.395529310272655,14.916671886604806],[-16.87041946937298,14.363524996001146],[-16.77209946204876,12.597077928740404],[-14.591384854809991,10.46654852505388],[-13.680051770703546,9.91564520474138],[-12.263942685620538,7.35138853665056],[-9.247899022595636,5.17188414211931],[-7.528605428235284,4.336791597563646],[-4.999971356885187,5.238270841795824],[-3.941593614117853,5.265976034361742],[-2.031221595303766,4.698200784880541],[1.557863506777533,6.237427316862963],[3.949497255785712,6.579388700682543],[5.44819215248371,5.476928793150805],[5.359488992633966,5.368345627897537],[12.604745687300603,7.731968465838291],[22.224511080969368,6.196195772852339],[33.92968016137751,2.843586349070006],[36.01508384811689,1.297408540251279],[38.773198401546395,-2.267256227148658],[39.479544811571024,-2.468897035586251],[40.4549755682717,-1.3595608910117],[40.85860208828577,0.322086976400683],[42.540379255011075,1.263781398355505],[44.136579672502506,1.151131692540679],[44.300696405871165,1.290809475142382],[46.36050322960163,2.667831026274584],[48.4715795845821,5.201433740813158],[50.77938369224812,9.36842020626726],[51.18070510338093,11.777448259550951],[49.3035002083614,11.246025644499682],[47.39071181724812,11.159307085234545],[44.28083709190632,10.396465860564135],[43.47482207725788,12.097622476775072],[42.07897857139851,13.861013971526049],[39.517928156359446,15.46304854031267]],[[34.23240005138806,11.70943726607304],[37.125056778155596,11.64355829727965],[39.14318937822596,9.06293447268527],[38.605020684873864,6.597308569790442],[35.57782178476831,5.527006069275479],[33.02152049134584,6.864538013373648],[32.34880962465572,9.527647378549165],[34.23240005138806,11.70943726607304]]]},"properties":{"NAME":"West African cereal farmers","SUBJECTO":"West African cereal farmers","PARTOF":"West African cereal farmers"}},
{"type":"Feature","geometry":{"type":"MultiPolygon","coordinates":[[[[44.91735366295124,-16.203270353119947],[43.97164824913288,-17.552675641816236],[44.47033599327351,-20.17013780001936],[43.50102523277546,-21.49418679599104],[43.67141250084187,-24.226787961762525],[44.425330194933665,-25.31205026034651],[45.576182398302805,-25.62107697848616],[47.25847915123249,-24.765831388276197],[48.087378534777415,-22.04376069430647],[49.34185317466999,-18.227621473115065],[49.42470839927937,-17.197809613984205],[50.503340754015696,-15.314229406159498],[49.81718734215046,-12.83071366671858],[48.75133803795124,-13.417710698884108],[46.92456725548054,-15.360046781342604],[44.91735366295124,-16.203270353119947]]],[[[44.136579672502506,1.151131692540679],[42.540379255011075,1.263781398355505],[40.85860208828577,0.322086976400683],[40.4549755682717,-1.3595608910117],[39.479544811571024,-2.468897035586251],[38.773198401546395,-2.267256227148658],[36.01508384811689,1.297408540251279],[33.92968016137751,2.843586349070006],[22.224511080969368,6.196195772852339],[12.604745687300603,7.731968465838291],[5.359488992633966,5.368345627897537],[5.354585680468329,5.362343393523119],[5.606589827044257,4.632113062102221],[6.844479593737372,4.291642271239184],[8.874658617480048,4.620119177061937],[9.923090013964423,2.824045501906298],[9.202508005602606,-0.634416438382246],[9.656445536120184,-2.419099487107374],[11.772603067858466,-4.536981023591139],[13.387093576891669,-8.15567819003401],[13.203851732714423,-9.636731542389967],[13.816288980944403,-10.976270116608717],[13.649036440356024,-12.196759618561842],[12.585389170153388,-13.463659681122877],[11.782002481920966,-15.867509282868483],[11.774609598620184,-17.59605256442366],[14.415466341479071,-22.267668165009596],[14.843331369860419,-25.62222329501448],[15.453804048998602,-27.61645928744612],[16.788300547106513,-29.138924039643385],[18.178561243517645,-31.805298246186354],[18.487156900866278,-34.39771691684065],[20.25607207725788,-34.62289086703596],[22.681775125963934,-34.10311547641096],[24.429938349230536,-34.33470193270979],[26.658656153185614,-33.84707299594221],[28.921853098376044,-32.29790917758284],[32.234744104845774,-28.74441758517561],[33.347266230089915,-25.303612149994947],[34.88371947716023,-24.72201577548323],[35.260760340197336,-22.274328626435377],[34.72620299766804,-19.860380567353346],[37.27531722496296,-17.713161863129713],[39.471255335314524,-16.717016614716627],[40.38579848716999,-15.73632661227522],[40.59920791099812,-14.401239789765455],[40.311343225939524,-11.344973005097486],[39.6576147408321,-9.795738614838697],[38.921526941759836,-6.340208925049879],[39.26727202842976,-4.776162542145826],[40.23441604088093,-3.191706575196363],[42.440066370470774,-0.511580146592237],[43.724307093127024,0.800251446921251],[44.136579672502506,1.151131692540679]]]]},"properties":{"NAME":"Khoiasan","SUBJECTO":"Khoiasan","PARTOF":"Khoiasan"}},
{"type":"Feature","geometry":{"type":"Polygon","coordinates":[[[34.23240005138806,11.70943726607304],[32.34880962465572,9.527647378549165],[33.02152049134584,6.864538013373648],[35.57782178476831,5.527006069275479],[38.605020684873864,6.597308569790442],[39.14318937822596,9.06293447268527],[37.125056778155596,11.64355829727965],[34.23240005138806,11.70943726607304]]]},"properties":{"NAME":"Ethiopian highland farmers","SUBJECTO":"Ethiopian highland farmers","PARTOF":"Ethiopian highland farmers"}},
{"type":"Feature","geometry":{"type":"Polygon","coordinates":[[[142.33755019615435,-10.91538277987776],[141.67852309654498,-12.467817701142408],[141.71129897545123,-15.226692594330885],[140.80094436119342,-17.561829007905104],[139.24831679771685,-17.431642926972486],[135.38805678795123,-14.896969236176588],[135.8308973641231,-13.484774030488111],[136.66369155357623,-12.624820150178053],[133.55918410728717,-11.951347745698072],[130.46349624107623,-12.758938230317213],[129.1964216561153,-14.992895520966627],[127.96256545494343,-14.703128255646803],[126.8534269661739,-13.783772863190748],[124.42450240562702,-15.657898343842604],[124.27727034996296,-16.5227836740428],[122.73833754966999,-16.58328477267561],[122.19645217369343,-18.243687070649244],[120.87214950035359,-19.676941312592604],[117.59692672203327,-20.75833360080061],[116.41879561851765,-20.83712235812483],[113.62543014000202,-22.56592980746565],[113.43258956383015,-24.874161161225416],[114.18252089927937,-26.0170406473094],[113.43298629234577,-26.572010434907057],[114.63039687584187,-28.90295831088362],[115.74726394127156,-32.20761147860823],[115.04692367027546,-34.42245522860823],[116.56097701500202,-35.18929711703596],[118.20707992027546,-35.090340055268385],[119.77148726890827,-34.12017098788557],[123.62303451011921,-33.915073789399244],[124.24838546226765,-33.1441272867137],[126.05894759605671,-32.43436471347151],[129.1853895516231,-31.798204816620924],[131.2801618904903,-31.634849942963697],[133.83703139732623,-32.34197274569807],[135.52807143638873,-35.054886258881666],[137.45717910240435,-33.31413308505354],[139.36791518638873,-35.614273465912916],[140.01201919029498,-37.64163247470198],[140.6521864266231,-38.16391030673323],[143.36480239341998,-38.96973077182112],[144.96982863853717,-38.0657581460887],[145.93387893150592,-38.881470121186354],[148.0369978279903,-38.09787026767073],[149.50414565513873,-37.928848661225416],[150.22150710533404,-35.694107450287916],[151.36449721763873,-33.52090112094221],[152.97185805748248,-31.418175138276197],[153.4934950203731,-28.840868390839674],[152.94622329185748,-27.340992368500807],[153.06907180259967,-26.227749265473463],[150.7544050545528,-22.811520017426588],[149.55675795982623,-22.432550824921705],[149.10148147056842,-21.06012383822737],[148.1904402108028,-20.171909726899244],[146.32175734947467,-19.082291044037916],[145.86948684166217,-17.194960035126783],[145.32554152916217,-16.4904293191844],[145.1843366951778,-15.047596372407057],[143.7431745858028,-14.465823568146803],[143.17309096763873,-12.12133923892317],[142.33755019615435,-10.91538277987776]]]},"properties":{"NAME":"Australian aboriginal hunter-gatherers","SUBJECTO":"Australian aboriginal hunter-gatherers","PARTOF":"Australian aboriginal hunter-gatherers"}},
{"type":"Feature","geometry":{"type":"MultiPolygon","coordinates":[[[[120.36362746666218,14.530945383269213],[121.24220565269734,15.30783327694597],[122.39557937095906,17.114329897124193],[122.02781203697468,18.00917204495134],[120.3930769295528,18.04379232998552],[120.30344680259968,16.41746290798845],[119.77184585045124,15.469834886748217],[120.36362746666218,14.530945383269213]]],[[[126.04523757408406,6.608192526060961],[126.27187636802937,8.425783716399096],[125.93394759605671,9.174750887114428],[123.46498397300984,7.790728651244066],[124.22405532310749,6.089605890471361],[126.04523757408406,6.608192526060961]]]]},"properties":{"NAME":null,"SUBJECTO":null,"PARTOF":null}},
{"type":"Feature","geometry":{"type":"Polygon","coordinates":[[[146.7127333016231,-43.721809781830885],[147.8153181404903,-42.96535149936018],[148.26952651451373,-41.09258309726057],[146.3822126717403,-41.30834618930159],[144.7761335701778,-40.84276238803206],[145.72265151451373,-43.24016610507307],[146.7127333016231,-43.721809781830885]]]},"properties":{"NAME":"Tasmanian hunter-gatherers","SUBJECTO":"Tasmanian hunter-gatherers","PARTOF":"Tasmanian hunter-gatherers"}},
{"type":"Feature","geometry":{"type":"MultiPolygon","coordinates":[[[[113.76137832115437,-7.830829061310865],[112.2747907967403,-7.026889718812086],[108.55577376793171,-6.920526422303297],[106.94509414146687,-6.0259837282115],[105.63347152183796,-6.755237497132399],[106.48369887779499,-7.503360189240553],[109.03720382164265,-7.720286763947584],[110.77773574302937,-8.320307172577955],[112.41435531090046,-8.488374151032545],[113.76137832115437,-7.830829061310865]]],[[[111.1337995858028,2.032884918410204],[110.81756118248249,1.24426122780504],[109.28236678550984,1.882722817618273],[108.81431106041218,0.807816826064013],[109.17891982506062,-0.869010366242506],[109.94090560386921,-1.642648614686109],[110.1023054451778,-3.078540958207228],[112.79538253258015,-2.971020854752638],[114.7124128670528,-4.206153310578443],[115.56814101646687,-3.803909934800245],[117.04563430259968,-0.934580959122755],[117.53428939293171,0.610662959772966],[118.51726058433796,1.165625892836474],[117.07397750328327,3.507199846465014],[119.04260543297077,5.169805132109545],[116.59562972496296,6.899092756468676],[114.87784865806843,4.855816923338793],[113.81483748863484,4.262612425047777],[112.75924972008015,3.008589826781176],[111.1337995858028,2.032884918410204]]],[[[100.45648482750202,2.117784582335375],[99.85836318443562,2.904411159712694],[98.14550307701374,4.069854341704271],[97.38407424400593,5.180140577513598],[96.18733504722859,5.145788274962328],[95.5609236092403,4.534462534148119],[96.72036269615437,3.704589210707567],[97.59714797447468,2.251384102064989],[98.60055068443562,1.707089506346605],[99.1133146614864,0.22124772544565],[99.69655135582234,-0.152409575622656],[100.81207564781452,-2.336048044007399],[102.46222976158406,-4.181821740906813],[104.56848433922077,-6.071165479462721],[105.72847274254109,-5.827141679566481],[105.94282058189656,-3.214655078690626],[103.23762038658406,-0.659467495720961],[102.47178176353718,0.622509859759234],[101.05975631187702,2.080969177443407],[100.45648482750202,2.117784582335375]]],[[[120.56230452965046,0.776074849326037],[119.91373732994343,0.539560459811113],[118.6836042733028,-2.901070750992872],[119.46113112877156,-3.808197892945387],[119.4768400521114,-5.80376807574568],[120.24806502769734,-5.586007512848951],[120.14419082115437,-3.075864232819654],[121.87277511070515,-4.959664739411451],[122.64091018150593,-4.284319795411207],[122.25816634605671,-3.211096681397535],[119.87274459312702,-0.464555866759397],[120.56230452965046,0.776074849326037]]]]},"properties":{"NAME":"Austronesians","SUBJECTO":"Austronesians","PARTOF":"Austronesians"}},
{"type":"Feature","geometry":{"type":"Polygon","coordinates":[[[142.0308485359981,-3.155563510697462],[137.85431960533404,-1.613961375992872],[136.2708845467403,-2.418122447770216],[135.24643996666217,-3.538871921341993],[134.28306106041217,-2.854586995881178],[133.9073133797481,-1.006078935902693],[132.25400832603717,-0.52669767264662],[131.21142104576373,-1.024637974541761],[132.7187147469356,-2.934237636368849],[132.71282485435748,-3.887547172349073],[134.04062941978717,-3.948230661194899],[137.82358840416217,-5.427235997956373],[139.1561384529903,-7.725116647523024],[140.94761184166217,-9.273864187043287],[142.60740188072467,-9.376576818268873],[144.37983230064654,-7.758321679871656],[145.81963637779498,-8.098442472260572],[146.64609816978717,-9.278875745576002],[147.8736219734981,-10.178817189972975],[149.78336623619342,-10.40988961581526],[149.82990554283404,-9.710580266755201],[148.5887098641231,-9.160280622284986],[146.9091444344356,-6.894825376313307],[147.37649062584185,-6.124768174927809],[143.44550612877154,-3.610096133988478],[142.0308485359981,-3.155563510697462]]]},"properties":{"NAME":"Papuan neolithic farmers","SUBJECTO":"Papuan neolithic farmers","PARTOF":"Papuan neolithic farmers"}},
{"type":"Feature","geometry":{"type":"Polygon","coordinates":[[[-68.195282,12.221109],[-68.363892,12.305277],[-68.285278,12.102221],[-68.195282,12.221109]]]},"properties":{"NAME":null,"SUBJECTO":null,"PARTOF":null}},
{"type":"Feature","geometry":{"type":"Polygon","coordinates":[[[-61.668892,17.084999],[-61.794449,17.16333],[-61.887222,17.033054000000106],[-61.73806,16.989719],[-61.668892,17.084999]]]},"properties":{"NAME":null,"SUBJECTO":null,"PARTOF":null}},
{"type":"Feature","geometry":{"type":"Polygon","coordinates":[[[-68.965561,12.198889],[-69.077789,12.34861],[-69.15834,12.311388],[-69.0625,12.188332000000116],[-68.83223,12.049444000000108],[-68.824173,12.160276000000124],[-68.965561,12.198889]]]},"properties":{"NAME":null,"SUBJECTO":null,"PARTOF":null}},
{"type":"Feature","geometry":{"type":"Polygon","coordinates":[[[-61.599724,12.186666000000116],[-61.724724,12.172222],[-61.789726,12.009165],[-61.642502,12.034166],[-61.599724,12.186666000000116]]]},"properties":{"NAME":null,"SUBJECTO":null,"PARTOF":null}},
{"type":"Feature","geometry":{"type":"Polygon","coordinates":[[[-62.171394,16.671387],[-62.137505,16.692776],[-62.176392,16.808609],[-62.236671,16.711941],[-62.171394,16.671387]]]},"properties":{"NAME":null,"SUBJECTO":null,"PARTOF":null}},
{"type":"Feature","geometry":{"type":"Polygon","coordinates":[[[-62.541389,17.176941],[-62.610001,17.191109],[-62.610558,17.095276],[-62.538612,17.108608000000117],[-62.541389,17.176941]]]},"properties":{"NAME":null,"SUBJECTO":null,"PARTOF":null}},
{"type":"Feature","geometry":{"type":"Polygon","coordinates":[[[-62.692505,17.278332],[-62.730003,17.365276],[-62.812782,17.409443000000124],[-62.863892,17.370831000000123],[-62.778336,17.292221],[-62.692505,17.278332]]]},"properties":{"NAME":null,"SUBJECTO":null,"PARTOF":null}},
{"type":"Feature","geometry":{"type":"Polygon","coordinates":[[[-61.085838,16.304722],[-61.037224,16.311108],[-60.990837,16.340832],[-61.015282,16.350277],[-61.085838,16.304722]]]},"properties":{"NAME":null,"SUBJECTO":null,"PARTOF":null}},
{"type":"Feature","geometry":{"type":"Polygon","coordinates":[[[-62.971947,17.458054],[-62.942505,17.493610000000103],[-62.98583999999988,17.519722],[-62.997505,17.494164000000126],[-62.971947,17.458054]]]},"properties":{"NAME":null,"SUBJECTO":null,"PARTOF":null}},
{"type":"Feature","geometry":{"type":"Polygon","coordinates":[[[-61.57937714149212,10.78564318295183],[-61.6530542044804,10.278575502592943],[-61.20665833045696,10.11822088833513],[-61.236996617810476,10.629623018462084],[-61.57937714149212,10.78564318295183]]]},"properties":{"NAME":null,"SUBJECTO":null,"PARTOF":null}},
{"type":"Feature","geometry":{"type":"Polygon","coordinates":[[[-100.0970124869511,75.76481207485857],[-97.81654068519329,76.47571142788591],[-100.06742569495891,76.6749988424367],[-101.88489243079876,76.3326679098195],[-100.0970124869511,75.76481207485857]]]},"properties":{"NAME":null,"SUBJECTO":null,"PARTOF":null}},
{"type":"Feature","geometry":{"type":"Polygon","coordinates":[[[-155.47876450111127,20.08738478298845],[-156.16333481361127,19.808374010283373],[-156.0341691641972,19.10568770046892],[-154.94768234779096,19.48286589260759],[-155.47876450111127,20.08738478298845]]]},"properties":{"NAME":null,"SUBJECTO":null,"PARTOF":null}},
{"type":"Feature","geometry":{"type":"Polygon","coordinates":[[[-156.11853500892377,20.79007490750017],[-156.71565720130658,21.069081865507982],[-156.5067033438847,20.598901354033373],[-156.11853500892377,20.79007490750017]]]},"properties":{"NAME":null,"SUBJECTO":null,"PARTOF":null}},
{"type":"Feature","geometry":{"type":"Polygon","coordinates":[[[-158.04683395911908,21.458880983549975],[-158.1790666251347,21.68914373989763],[-158.43440720130658,21.45204313870134],[-158.29761215736127,21.276496492583178],[-158.04683395911908,21.458880983549975]]]},"properties":{"NAME":null,"SUBJECTO":null,"PARTOF":null}},
{"type":"Feature","geometry":{"type":"Polygon","coordinates":[[[-168.50734421302533,53.42886313076677],[-168.37433334876752,53.2352786886281],[-167.86543747474408,53.3234134542531],[-168.22346970130658,53.58995398159685],[-168.50734421302533,53.42886313076677]]]},"properties":{"NAME":null,"SUBJECTO":null,"PARTOF":null}},
{"type":"Feature","geometry":{"type":"Polygon","coordinates":[[[-135.19733139564252,56.8201175558156],[-134.7637834220097,56.79368170376482],[-135.00233933021283,57.325770937163256],[-135.4660539298222,57.22919806118669],[-135.19733139564252,56.8201175558156]]]},"properties":{"NAME":null,"SUBJECTO":null,"PARTOF":null}},
{"type":"Feature","geometry":{"type":"Polygon","coordinates":[[[-167.1484269766972,53.94021566982927],[-166.92722031165815,53.4589115011281],[-166.38348862220502,53.85458334561052],[-167.1484269766972,53.94021566982927]]]},"properties":{"NAME":null,"SUBJECTO":null,"PARTOF":null}},
{"type":"Feature","geometry":{"type":"Polygon","coordinates":[[[-164.56093308021283,54.831317506987475],[-165.00973984290815,54.52799566860857],[-164.5644883780644,54.33413656826677],[-164.0718888907597,54.657455049712084],[-164.56093308021283,54.831317506987475]]]},"properties":{"NAME":null,"SUBJECTO":null,"PARTOF":null}},
{"type":"Feature","geometry":{"type":"Polygon","coordinates":[[[-163.09088608314252,55.27271994229021],[-163.26241013099408,55.17098196621599],[-162.96799179603315,54.94873388882341],[-162.78760239173627,55.15161856289568],[-163.09088608314252,55.27271994229021]]]},"properties":{"NAME":null,"SUBJECTO":null,"PARTOF":null}},
{"type":"Feature","geometry":{"type":"Polygon","coordinates":[[[-162.58974167396283,55.25339850063982],[-161.57512375404096,55.47864111538591],[-161.8104600577519,55.78313788052263],[-162.58974167396283,55.25339850063982]]]},"properties":{"NAME":null,"SUBJECTO":null,"PARTOF":null}},
{"type":"Feature","geometry":{"type":"Polygon","coordinates":[[[-154.18864914466596,57.63143118496599],[-153.87775131751752,56.94134863491716],[-152.67949387122846,57.76453741665544],[-154.18864914466596,57.63143118496599]]]},"properties":{"NAME":null,"SUBJECTO":null,"PARTOF":null}},
{"type":"Feature","geometry":{"type":"Polygon","coordinates":[[[-170.10889145423627,63.56027182217302],[-170.96640488197065,63.45857199307146],[-169.9031114249394,63.07521017666521],[-169.33293625404096,63.39732702847185],[-170.10889145423627,63.56027182217302]]]},"properties":{"NAME":null,"SUBJECTO":null,"PARTOF":null}},
{"type":"Feature","geometry":{"type":"Polygon","coordinates":[[[-135.54253098060346,57.721801363188646],[-135.67184921790815,58.04393347378435],[-136.59644028236127,57.90492209072771],[-135.8164415030644,57.454207979399584],[-135.54253098060346,57.721801363188646]]]},"properties":{"NAME":null,"SUBJECTO":null,"PARTOF":null}},
{"type":"Feature","geometry":{"type":"Polygon","coordinates":[[[-110.38248154212688,76.4348865377492],[-116.29640671302532,76.23778875942888],[-115.18592545081829,75.1543460714406],[-112.20279404212688,74.49975927944841],[-105.77345749427532,75.23006781216326],[-105.9172029166386,76.02183874722185],[-110.38248154212688,76.4348865377492]]]},"properties":{"NAME":null,"SUBJECTO":null,"PARTOF":null}},
{"type":"Feature","geometry":{"type":"Polygon","coordinates":[[[-117.2255525260136,77.41268499966326],[-122.65935226966594,76.53863104458513],[-120.09985825111126,75.97814520474138],[-117.2255525260136,77.41268499966326]]]},"properties":{"NAME":null,"SUBJECTO":null,"PARTOF":null}},
{"type":"Feature","geometry":{"type":"Polygon","coordinates":[[[-113.02425095130657,77.60209234829607],[-110.61967178870891,77.53749426479997],[-109.66120621253704,77.94987066860857],[-113.00970169593548,77.92320593472185],[-113.02425095130657,77.60209234829607]]]},"properties":{"NAME":null,"SUBJECTO":null,"PARTOF":null}},
{"type":"Feature","geometry":{"type":"Polygon","coordinates":[[[-103.50526901771282,78.83688696499529],[-104.16248032142376,78.29821356411638],[-101.16788193275188,78.2688709127492],[-99.89162155677532,78.65814550991716],[-103.50526901771282,78.83688696499529]]]},"properties":{"NAME":null,"SUBJECTO":null,"PARTOF":null}},
{"type":"Feature","geometry":{"type":"Polygon","coordinates":[[[-95.42885300208782,78.1136966573781],[-95.09702774574016,78.4384036886281],[-98.43719955970501,78.66092260952654],[-97.45977493812298,78.10106238003435],[-95.42885300208782,78.1136966573781]]]},"properties":{"NAME":null,"SUBJECTO":null,"PARTOF":null}},
{"type":"Feature","geometry":{"type":"Polygon","coordinates":[[[-87.82733627845501,80.37283667202654],[-92.02487656165813,81.25921972866716],[-96.43336960365032,79.9334216939992],[-92.70153519202923,78.43416937466326],[-89.12080093909954,78.34447821255388],[-87.82733627845501,80.37283667202654]]]},"properties":{"NAME":null,"SUBJECTO":null,"PARTOF":null}},
{"type":"Feature","geometry":{"type":"Polygon","coordinates":[[[-80.23865738536159,-3.477803205286776],[-76.4528920458458,-5.044577272594906],[-73.08400897483732,-4.723506751045313],[-74.2264997554402,-2.267524873037758],[-77.30243647244795,-0.891233214410893],[-80.87031861604711,-1.204571850152081],[-80.23865738536159,-3.477803205286776]]]},"properties":{"NAME":"Chorrera","SUBJECTO":"Chorrera","PARTOF":"Chorrera"}},
{"type":"Feature","geometry":{"type":"Polygon","coordinates":[[[-130.66179631968183,54.95945627584521],[-130.54572006751752,54.90974386807146],[-130.47570035171248,54.96824644247599],[-130.66179631968183,54.95945627584521]]]},"properties":{"NAME":null,"SUBJECTO":null,"PARTOF":null}},
{"type":"Feature","geometry":{"type":"Polygon","coordinates":[[[-43.71973041143305,60.00371991495786],[-44.25808774116473,61.869878095613615],[-43.84796284556369,64.20612586086018],[-42.793355971161034,65.40311483729091],[-39.69494684817376,65.18696970170159],[-34.433060613171804,66.38395269985857],[-32.9560212760136,67.64102514858904],[-26.963623967663995,68.50170477505388],[-22.732329335705987,69.7740741598195],[-27.606051412122003,71.06815680142107],[-25.291254964368097,71.5688968526906],[-24.07642075111126,73.75567206021013],[-20.329588857190362,73.41964300747576],[-19.19354721595501,75.44353827114763],[-21.18268295814251,76.69747503872576],[-18.25337502052044,77.30013617153826],[-20.87882896949505,78.8179202901906],[-14.201948133008234,81.2101322042531],[-22.05288025428509,81.53975256558122],[-22.432360616223566,82.74334295864763],[-32.513173070447195,83.57699926968279],[-49.64758774329876,82.47806128140154],[-61.1224145560429,81.79757269497576],[-62.81141255638844,81.15595684596342],[-63.35819002201287,78.2356337190557],[-62.44868119723538,76.33836403843989],[-58.635662999646414,75.7932620870656],[-54.73041245033001,73.03760107632341],[-55.62637039710735,71.73035009976091],[-51.72012421180462,71.58955725308122],[-50.572628942029226,69.86625250454607],[-50.53911897259659,67.48805571153352],[-49.472532842377866,67.03273287353856],[-49.06240794677684,64.7863184095137],[-46.15809589644378,60.937403792612976],[-43.71973041143305,60.00371991495786]]]},"properties":{"NAME":null,"SUBJECTO":null,"PARTOF":null}},
{"type":"Feature","geometry":{"type":"Polygon","coordinates":[[[-123.14841770273145,74.44057077628655],[-117.685761580263,73.21545873829851],[-117.33621689368938,74.16727789517107],[-123.14841770273145,74.44057077628655]]]},"properties":{"NAME":null,"SUBJECTO":null,"PARTOF":null}},
{"type":"Feature","geometry":{"type":"Polygon","coordinates":[[[-116.93370657963686,72.90214900890444],[-110.34678520373127,71.19655506982303],[-104.62044428584238,71.09253252294585],[-105.31259628822063,72.65014227505388],[-111.72553726722454,72.33058508511247],[-114.64695450355266,73.3548847066945],[-116.93370657963686,72.90214900890444]]]},"properties":{"NAME":null,"SUBJECTO":null,"PARTOF":null}},
{"type":"Feature","geometry":{"type":"Polygon","coordinates":[[[-48.796904749948716,-28.475548314302703],[-48.72452255775188,-25.425621427338697],[-44.561295476453054,-22.989857114594557],[-43.236432647623026,-23.031526977456625],[-43.27671745526228,-21.589111335510133],[-45.94252927666899,-21.75245598059426],[-49.48718016007792,-24.553337158794967],[-49.83871578487881,-26.797313680361846],[-48.796904749948716,-28.475548314302703]]]},"properties":{"NAME":"Shellfish gatherers","SUBJECTO":"Shellfish gatherers","PARTOF":"Shellfish gatherers"}},
{"type":"Feature","geometry":{"type":"Polygon","coordinates":[[[-94.11755719209039,29.69269900006508],[-94.11755719209039,31.93047980661485],[-95.8203078747199,32.71453265402474],[-97.13856646772321,34.47135574600093],[-96.40620058272137,35.6463101014922],[-94.11755719209039,35.87563266465669],[-94.11755719209039,39.73169383481236],[-94.23473573369067,46.72103383947717],[-95.56635546846715,49.996303801904524],[-98.92187739770243,50.2317206620755],[-105.19092937331824,51.45252059422696],[-114.46737387359948,51.99955012922175],[-114.12579317034083,47.95182480671353],[-111.66773503433551,41.93525523128791],[-111.54786525513434,41.64185091509596],[-104.51715275911663,33.873009655417874],[-98.18951151270068,29.180839383625194],[-97.20648541578431,28.073580382344584],[-94.11755719209039,29.69269900006508]]]},"properties":{"NAME":"Plain bison hunters","SUBJECTO":"Plain bison hunters","PARTOF":"Plain bison hunters"}},
{"type":"Feature","geometry":{"type":"Polygon","coordinates":[[[-120.47361831890835,43.5702362219749],[-119.01799728215308,43.11329780515409],[-111.66773503433551,41.93525523128791],[-114.12579317034083,47.95182480671353],[-114.46737387359948,51.99955012922175],[-115.03392686774305,52.03295961287972],[-125.6971741533699,55.193958165256824],[-128.5879066342332,55.05741560353968],[-124.75974582056752,52.44778520770332],[-120.48272905215676,48.962018954129185],[-120.30696123975633,44.29914221354117],[-120.47361831890835,43.5702362219749]]]},"properties":{"NAME":"Plateau fichers and hunter gatherers","SUBJECTO":"Plateau fichers and hunter gatherers","PARTOF":"Plateau fichers and hunter gatherers"}},
{"type":"Feature","geometry":{"type":"Polygon","coordinates":[[[-120.13217009553428,34.518639095266465],[-117.49671646644329,33.325431429106615],[-115.60230728675579,29.685151659209154],[-114.06728836585735,28.42289312954607],[-114.47785660316204,27.243947588164232],[-112.41098496009563,26.19277151699724],[-112.16581436683391,25.010667406279467],[-110.79756638099407,24.8800483572072],[-112.86987015296673,28.334659181792162],[-114.68277451087688,30.14322432156267],[-114.83865067054485,31.815496050078295],[-113.05207535316204,31.13870009060564],[-111.69163223792766,28.49610289211931],[-110.527470351751,27.76204872367678],[-109.93666030813027,28.204353485407555],[-107.5637948407243,27.76457612510461],[-104.22420640511586,25.115656057798073],[-100.35731453230613,23.969822801072763],[-97.82193741595154,24.14289165269257],[-97.25996109534954,25.811372362334154],[-97.63229843665813,27.228431307036303],[-97.20648541578431,28.073580382344584],[-98.18951151270068,29.180839383625194],[-104.51715275911663,33.873009655417874],[-111.54786525513434,41.64185091509596],[-111.66773503433551,41.93525523128791],[-119.01799728215308,43.11329780515409],[-120.47361831890835,43.5702362219749],[-121.36156811415898,39.68662126087367],[-120.13217009553428,34.518639095266465]]]},"properties":{"NAME":"Desert hunter-gatherers","SUBJECTO":"Desert hunter-gatherers","PARTOF":"Desert hunter-gatherers"}},
{"type":"Feature","geometry":{"type":"Polygon","coordinates":[[[-64.1940629085568,-14.694582386569342],[-60.26760598730509,-13.809999263181787],[-51.537804638083095,-14.378252212655624],[-48.31539474407497,-13.923762636310581],[-39.937129019653874,-8.292022806582523],[-37.88789123444673,-4.393015496284502],[-40.23088928748821,-2.8512109888011],[-42.31647202064251,-2.817604697983839],[-43.33403870155071,-2.432190097611524],[-44.549137999466566,-3.10260205994856],[-45.37494571579276,-3.165484550148441],[-49.06606977620206,-4.743578120004467],[-54.16333633581491,-4.626791146196514],[-56.33113935542037,-4.334740468715777],[-58.44035310422569,-2.287649024474563],[-57.97163893782451,-0.589157846288572],[-55.80383591821904,0.875529465609527],[-55.8624251890192,1.695565793857857],[-58.55753164582598,3.977596077854006],[-62.65878060183632,4.152921580887431],[-66.40849393304576,3.041936481420927],[-70.15820726425522,-5.735421450211085],[-69.04501111905242,-8.235853806057],[-64.1940629085568,-14.694582386569342]]]},"properties":{"NAME":"Amazon hunter-gatherers","SUBJECTO":"Amazon hunter-gatherers","PARTOF":"Amazon hunter-gatherers"}},
{"type":"Feature","geometry":{"type":"Polygon","coordinates":[[[-65.90622541609757,-18.31105888474315],[-66.09723843191973,-20.13835052013179],[-67.12255067092232,-25.032037581988202],[-68.6165770763261,-26.666495445378],[-69.31964832592786,-29.30477628067829],[-67.48158657100439,-31.655864143664434],[-63.563252469813456,-30.036561103144948],[-57.352789764997816,-29.680878909474107],[-54.36473695419029,-30.592916632921295],[-53.544487162988226,-31.446480334683482],[-52.14021349238029,-31.740936200871825],[-48.796904749948716,-28.475548314302703],[-49.83871578487881,-26.797313680361846],[-49.48718016007792,-24.553337158794967],[-45.94252927666899,-21.75245598059426],[-43.27671745526228,-21.589111335510133],[-43.236432647623026,-23.031526977456625],[-41.95784470130657,-22.92082253817854],[-39.69133850623821,-19.40879670504866],[-39.142498937146414,-17.77471772555647],[-38.94815537025188,-16.001592077057936],[-39.126217809216726,-14.324533857148268],[-37.18652435828899,-10.844699300568678],[-35.5985994010136,-9.627626813691236],[-34.890675511853445,-7.611789144318678],[-35.464371648328054,-5.268277086060621],[-37.180600133435476,-4.954271711152174],[-37.88789123444673,-4.393015496284502],[-39.937129019653874,-8.292022806582523],[-48.31539474407497,-13.923762636310581],[-51.537804638083095,-14.378252212655624],[-60.26760598730509,-13.809999263181787],[-64.1940629085568,-14.694582386569342],[-64.66180129731615,-16.804676207468987],[-65.90622541609757,-18.31105888474315]]]},"properties":{"NAME":"Savanna hunter-gatherers","SUBJECTO":"Savanna hunter-gatherers","PARTOF":"Savanna hunter-gatherers"}},
{"type":"Feature","geometry":{"type":"Polygon","coordinates":[[[-69.11474151787864,-51.35236245613261],[-67.57759567786907,-49.058533109467604],[-66.07773300697063,-48.142071164887525],[-65.77598282386516,-47.23012200717268],[-67.32806870033001,-46.531616605561354],[-66.69494339515423,-45.131103910248854],[-65.43618485023235,-44.88974038485823],[-65.30717178870891,-43.6014026773387],[-63.599965062634695,-42.70437280062971],[-64.9920320182011,-42.19338647250471],[-64.93894669105266,-40.8274768960887],[-62.96398254920696,-41.137459195893385],[-61.360714879529226,-39.03129998568831],[-57.80888458778118,-38.386490262787916],[-56.69811340858196,-36.944073118012525],[-57.419239964978445,-35.99675027255354],[-56.33826157142376,-34.99545327548323],[-54.074337926404226,-34.647842801850416],[-52.35066696693157,-32.67519036654768],[-52.14021349238029,-31.740936200871825],[-53.544487162988226,-31.446480334683482],[-54.36473695419029,-30.592916632921295],[-57.352789764997816,-29.680878909474107],[-63.563252469813456,-30.036561103144948],[-67.48158657100439,-31.655864143664434],[-67.64985410812366,-33.57694564055348],[-69.43682686752817,-37.15902614350158],[-72.0684836753677,-40.547229038878235],[-70.57931764813105,-40.57909976037915],[-71.6339245225337,-43.19554606268768],[-72.1905225951351,-45.990119696472405],[-72.04404941813473,-48.76638855343405],[-71.16521035613252,-51.561440909776984],[-69.11474151787864,-51.35236245613261]]]},"properties":{"NAME":"Pampas cultures","SUBJECTO":"Pampas cultures","PARTOF":"Pampas cultures"}},
{"type":"Feature","geometry":{"type":"Polygon","coordinates":[[[-67.48158657100439,-31.655864143664434],[-69.31964832592786,-29.30477628067829],[-68.6165770763261,-26.666495445378],[-67.12255067092232,-25.032037581988202],[-66.09723843191973,-20.13835052013179],[-65.90622541609757,-18.31105888474315],[-66.59524723372101,-19.145123826644383],[-68.13321559222494,-19.349095769782156],[-70.14768773668087,-20.268219769660544],[-70.11063095618938,-21.74793664340315],[-70.57323929359173,-23.165594495576002],[-70.39814468909954,-25.24891320590315],[-71.43014999915813,-29.100479520600416],[-71.69539352943157,-30.85409013156233],[-71.61574265052532,-33.70565453891096],[-73.67253586341594,-37.500854886811354],[-73.19384476234173,-39.565369046967604],[-73.90523239661907,-40.83904305819807],[-72.72818067052704,-41.55336179549616],[-72.0684836753677,-40.547229038878235],[-69.43682686752817,-37.15902614350158],[-67.64985410812366,-33.57694564055348],[-67.48158657100439,-31.655864143664434]]]},"properties":{"NAME":"Andean hunter-gatherers","SUBJECTO":"Andean hunter-gatherers","PARTOF":"Andean hunter-gatherers"}},
{"type":"Feature","geometry":{"type":"MultiPolygon","coordinates":[[[[-69.21397110511516,-54.93401757602034],[-66.98282333900188,-54.34066430453596],[-68.30537888099407,-52.94305077914534],[-70.33333298255657,-53.47274438266096],[-69.21397110511516,-54.93401757602034]]],[[[-69.11474151787864,-51.35236245613261],[-71.16521035613252,-51.561440909776984],[-72.04404941813473,-48.76638855343405],[-72.1905225951351,-45.990119696472405],[-71.6339245225337,-43.19554606268768],[-70.57931764813105,-40.57909976037915],[-72.0684836753677,-40.547229038878235],[-72.72818067052704,-41.55336179549616],[-73.57108780433391,-46.26491204623518],[-74.31235214759563,-48.745132840912916],[-73.4080705313847,-52.023838437836744],[-71.8722810416386,-53.69564858798323],[-69.4830217032597,-52.360935605805494],[-69.11474151787864,-51.35236245613261]]]]},"properties":{"NAME":"Patagonian shellfish and marine mammal hunters","SUBJECTO":"Patagonian shellfish and marine mammal hunters","PARTOF":"Patagonian shellfish and marine mammal hunters"}},
{"type":"Feature","geometry":{"type":"Polygon","coordinates":[[[-95.94801357178481,15.888428026676166],[-95.13016983558391,16.29946859951677],[-93.694146176763,15.826489011235905],[-93.64873759818043,17.22030591010459],[-95.73173611932839,17.470733570223825],[-96.6353386221106,16.695387113801818],[-95.94801357178481,15.888428026676166]]]},"properties":{"NAME":"Zapotec","SUBJECTO":"Zapotec","PARTOF":"Zapotec"}},
{"type":"Feature","geometry":{"type":"MultiPolygon","coordinates":[[[[-48.639821019665945,-1.058396257203199],[-48.40189072181438,-0.390650845807173],[-50.50141235877727,-0.261749692004301],[-50.4762849478886,-1.678760803979017],[-48.639821019665945,-1.058396257203199]]],[[[-61.695771781275944,8.610088933385873],[-61.530865636365164,9.850575052458666],[-64.06826111366009,10.626809679228685],[-64.8836564688847,10.135678850371264],[-66.4781160025761,10.678809725005053],[-67.97961136390423,10.542116724211596],[-68.69460007240032,11.379503809172533],[-69.74783798743938,11.53345926876726],[-71.49555679847454,10.646208368498705],[-71.181697710123,9.277051023594622],[-70.68184887203134,8.55721593295672],[-65.96541257261946,8.180441590467876],[-63.06524366801216,8.32539786170036],[-61.695771781275944,8.610088933385873]]],[[[-77.09872910072063,20.533275209624193],[-75.51905533363079,19.907353960234545],[-75.60392471839641,21.013194643217943],[-77.33981796790813,21.511664949614428],[-79.75995346595501,22.758782945830248],[-81.43114944984173,23.136655412871264],[-81.79230972816204,22.207803331572435],[-78.72787949134563,21.61678846951189],[-77.09872910072063,20.533275209624193]]],[[[-70.76542374183391,18.493663393217943],[-68.6568498282597,18.873176180083178],[-70.88160416175579,19.929931246001146],[-72.67646500159954,19.39217909451189],[-72.74589249183391,18.50850065823259],[-71.40075394202923,17.70413168545427],[-70.76542374183391,18.493663393217943]]]]},"properties":{"NAME":"Caribbean hunter-gatherers","SUBJECTO":"Caribbean hunter-gatherers","PARTOF":"Caribbean hunter-gatherers"}},
{"type":"Feature","geometry":{"type":"Polygon","coordinates":[[[-129.85166667284474,54.99772241705144],[-130.00363632728315,53.93796118374529],[-127.55576798011516,52.16784247036638],[-127.24746414710735,50.96811636563005],[-122.60556503822063,48.83472784634294],[-124.6752824454472,48.38582571621599],[-123.99469467689251,45.76409491177263],[-124.62967392493938,43.013995729643725],[-124.15260788490032,41.58015020962419],[-124.36481186439251,40.33432348843279],[-123.79630753089641,39.03041037197771],[-121.93205734779094,37.00897558804216],[-121.92680069495891,36.33826788540544],[-120.13217009553428,34.518639095266465],[-121.36156811415898,39.68662126087367],[-120.47361831890835,43.5702362219749],[-120.30696123975633,44.29914221354117],[-120.48272905215676,48.962018954129185],[-124.75974582056752,52.44778520770332],[-128.5879066342332,55.05741560353968],[-129.85166667284474,54.99772241705144]]]},"properties":{"NAME":"North American Pacifi foraging, hunting and fishing peoples","SUBJECTO":"North American Pacifi foraging, hunting and fishing peoples","PARTOF":"North American Pacifi foraging, hunting and fishing peoples"}},
{"type":"Feature","geometry":{"type":"Polygon","coordinates":[[[-78.5658794653794,80.99165344853304],[-76.02439977354966,82.53072468985056],[-78.69849106361126,83.00252112026872],[-90.5033845572636,82.00650366421404],[-82.7907380728886,80.69738348599138],[-78.5658794653794,80.99165344853304]]]},"properties":{"NAME":null,"SUBJECTO":null,"PARTOF":null}},
{"type":"Feature","geometry":{"type":"Polygon","coordinates":[[[-60.221656217027494,53.32492080384565],[-62.88947585561168,54.72511691082654],[-65.64317158321862,55.262874161982396],[-71.0333844968322,55.19604828321671],[-74.19720512004018,52.927225836668605],[-78.74176950876009,52.74413883037645],[-79.5943498282597,51.265792452055834],[-81.74736496497844,52.170096956450365],[-82.34120651771282,52.98082312222185],[-82.20208450843548,54.968871675688646],[-84.46836563636516,55.16687735195818],[-87.46717545081829,55.91202887173357],[-90.44457718421673,57.144347749907396],[-92.40409578747519,56.97508393725052],[-93.82461083808953,56.86329884105465],[-102.14428729171048,57.21394132630312],[-111.28421353653351,58.55314202309659],[-118.19774749095093,62.712635573894396],[-124.93551363296793,64.83463268032534],[-132.43494029538678,62.496969371290604],[-139.52424206220468,62.41569007667785],[-144.68009789261768,63.19218524961806],[-150.1289000770314,63.324002732781025],[-160.9394989447178,63.98492305338062],[-161.13301559974408,63.56284292813005],[-165.43123337318158,62.42954214688005],[-165.89809128333783,61.27033575649919],[-164.02740952064252,59.798244081694506],[-162.00392624427533,58.82661017056169],[-158.2914170890019,58.730208955962084],[-156.68457504798627,57.40069922085466],[-154.64931198646283,58.07648047085466],[-154.28227707435346,59.24877508755388],[-151.7829942374394,59.99495657559099],[-149.32562729408002,60.02748068447771],[-148.49261948158002,61.06433828945818],[-144.40642258216596,60.09257086392107],[-139.57256027747846,59.89999731655779],[-137.57666489173627,58.6041637289113],[-134.12349411536908,58.239215456206225],[-130.66179631968183,54.95945627584521],[-130.47570035171248,54.96824644247599],[-129.85166667284474,54.99772241705144],[-128.5879066342332,55.05741560353968],[-125.6971741533699,55.193958165256824],[-115.03392686774305,52.03295961287972],[-114.46737387359948,51.99955012922175],[-105.19092937331824,51.45252059422696],[-98.92187739770243,50.2317206620755],[-95.56635546846715,49.996303801904524],[-87.78991594567441,49.93094833834401],[-85.03622021806746,49.0940751201903],[-81.93098886565963,48.90187753952613],[-72.32234845443543,46.29511259543804],[-71.03368165476002,46.74621076936823],[-69.50712296058391,48.459212862212084],[-67.31770798255657,49.42533453579607],[-66.37273880531048,50.31387671108904],[-60.13784500648235,50.411700807768725],[-58.52433868934368,51.37948568936052],[-55.6590242057011,52.18734701748552],[-56.12695583342671,53.46584387832734],[-58.78822689960135,52.57259027862411],[-60.1714630701033,53.29857710058178],[-60.221656217027494,53.32492080384565]]]},"properties":{"NAME":"Subarctic forest hunter-gatherers","SUBJECTO":"Subarctic forest hunter-gatherers","PARTOF":"Subarctic forest hunter-gatherers"}},
{"type":"Feature","geometry":{"type":"Polygon","coordinates":[[[34.72611897050977,65.78029310527337],[34.726172480089915,65.79697760220232],[39.19002822349812,66.03870733853044],[41.25529769371296,66.93697699185076],[40.826052698595774,67.66004522915544],[35.43655303428913,69.15035589810076],[29.728575739367255,69.69756659146013],[28.30841353843952,70.94864996548357],[24.570508036120184,70.7413822042531],[23.203606638415106,69.9427753316945],[20.157650980456122,69.747829042632],[13.168647798998602,66.45833929653826],[12.112141642077216,65.12991675015154],[10.155425240070853,64.09932165034176],[11.528408300596416,61.89775715387968],[15.43013132739913,61.86605293654498],[17.93625548790241,62.54800375576677],[20.70065978477741,63.81812628384294],[22.645554575426825,65.93478735562029],[25.25150779197956,65.41688879604997],[25.195617809103457,65.26795101619156],[34.72611897050977,65.78029310527337]]]},"properties":{"NAME":"Saami","SUBJECTO":"Saami","PARTOF":"Saami"}},
{"type":"Feature","geometry":{"type":"MultiPolygon","coordinates":[[[[130.55413344810748,30.969977937895678],[131.31928542564654,31.51120527859392],[131.66982558677935,33.308532320219896],[130.42656997154498,33.67417105313005],[129.34337905357623,33.15138968105974],[130.55413344810748,30.969977937895678]]],[[[136.61233015565756,34.74706345394131],[135.81530719360512,35.51765925757808],[132.6628523201778,35.38062628384294],[130.89904311607623,33.90366705532732],[134.42731765220904,34.62817724819841],[135.75567153404498,33.34231527920427],[136.61233015565756,34.74706345394131]]]]},"properties":{"NAME":"Yayoi","SUBJECTO":"Yayoi","PARTOF":"Yayoi"}},
{"type":"Feature","geometry":{"type":"MultiPolygon","coordinates":[[[[143.05691054771685,53.06198462124529],[141.76703933189654,53.2722659933156],[142.48990920494342,47.901603304106615],[143.6331434578731,50.234977327544115],[142.94391921470904,51.61730536099138],[143.05691054771685,53.06198462124529]]],[[[140.01261428306842,41.38180883999529],[140.24552443931842,42.2284427511281],[141.92812636802935,42.50126227017107],[143.2137556404903,41.926539980132006],[145.05938247154498,43.785766206938646],[143.50817397545123,44.155761324126146],[141.8753309578731,45.435424410063646],[141.30364516685748,43.187030397612475],[139.71174148033404,42.47759588833513],[140.01261428306842,41.38180883999529]]]]},"properties":{"NAME":"Ainu","SUBJECTO":"Ainu","PARTOF":"Ainu"}},
{"type":"Feature","geometry":{"type":"Polygon","coordinates":[[[-95.73173611932839,17.470733570223825],[-95.85571687231007,18.805502819016414],[-97.50419327308391,21.189153276640795],[-97.88202377845501,22.33262213345232],[-97.82193741595154,24.14289165269257],[-100.35731453230613,23.969822801072763],[-104.22420640511586,25.115656057798073],[-107.5637948407243,27.76457612510461],[-109.93666030813027,28.204353485407555],[-110.527470351751,27.76204872367678],[-108.01261612464641,24.981280885893725],[-105.53994461585735,22.284598909575365],[-104.94791122962688,19.437839113432787],[-103.49393936683391,18.353892885405443],[-97.88092514564251,16.052028261382006],[-95.94801357178481,15.888428026676166],[-96.6353386221106,16.695387113801818],[-95.73173611932839,17.470733570223825]]]},"properties":{"NAME":"Maize farmers","SUBJECTO":"Maize farmers","PARTOF":"Maize farmers"}},
{"type":"Feature","geometry":{"type":"Polygon","coordinates":[[[-93.694146176763,15.826489011235905],[-91.5157136588261,14.058868013579271],[-87.94866653968548,13.171761118132494],[-86.01414200355266,11.367618166167162],[-85.77779099036907,10.138352953154467],[-83.61494156409954,9.151563249785326],[-82.95613571693157,8.256755434233568],[-81.6642732291386,8.16464766140642],[-80.81377121497844,7.270063482481859],[-79.71689316322063,8.883091531950853],[-78.54664449118769,8.746009004013658],[-78.20720443218802,9.351689403269319],[-79.50042435218548,9.638376795012377],[-80.96249863197063,8.864939295012377],[-82.22958847572063,9.046509348112963],[-83.91412827064251,11.251382433134935],[-83.31351944495891,14.767507158476732],[-84.65045639564251,15.933375917632006],[-88.66434189368938,15.725766740996264],[-87.87709518958782,18.380864702422045],[-87.20057388831829,21.528873048979662],[-90.27753159095501,21.141408525664232],[-90.93481155921673,19.38150557156267],[-93.02383091518111,18.56774758190087],[-93.64873759818043,17.22030591010459],[-93.694146176763,15.826489011235905]]]},"properties":{"NAME":"Maize farmers","SUBJECTO":"Maize farmers","PARTOF":"Maize farmers"}},
{"type":"Feature","geometry":{"type":"Polygon","coordinates":[[[-95.85571687231007,18.805502819016414],[-95.73173611932839,17.470733570223825],[-93.64873759818043,17.22030591010459],[-93.02383091518111,18.56774758190087],[-94.24197098304485,18.240150057036303],[-95.85571687231007,18.805502819016414]]]},"properties":{"NAME":"Olmec","SUBJECTO":"Olmec","PARTOF":"Olmec"}},
{"type":"Feature","geometry":{"type":"Polygon","coordinates":[[[-76.23806263671051,-13.567877577331435],[-75.20014423930196,-15.243983765203449],[-74.63054940031579,-13.905364551073353],[-75.56421451676609,-12.87323543403529],[-76.23806263671051,-13.567877577331435]]]},"properties":{"NAME":"Paracas","SUBJECTO":"Paracas","PARTOF":"Paracas"}},
{"type":"Feature","geometry":{"type":"Polygon","coordinates":[[[-75.52177519329108,-8.873075889457551],[-77.42694471183134,-8.855808477717723],[-77.1611068276677,-10.557170936365004],[-76.04458771418042,-11.381268377272281],[-74.12127751861561,-10.462812066037433],[-73.95152022471555,-9.0407630464544],[-75.52177519329108,-8.873075889457551]]]},"properties":{"NAME":"Chavin","SUBJECTO":"Chavin","PARTOF":"Chavin"}},
{"type":"Feature","geometry":{"type":"Polygon","coordinates":[[[-76.23806263671051,-13.567877577331435],[-75.56421451676609,-12.87323543403529],[-74.63054940031579,-13.905364551073353],[-75.20014423930196,-15.243983765203449],[-71.61186691810344,-17.22145501498518],[-70.58412643958782,-18.083280957978346],[-70.14768773668087,-20.268219769660544],[-68.13321559222494,-19.349095769782156],[-66.59524723372101,-19.145123826644383],[-65.90622541609757,-18.31105888474315],[-64.66180129731615,-16.804676207468987],[-64.1940629085568,-14.694582386569342],[-69.04501111905242,-8.235853806057],[-70.15820726425522,-5.735421450211085],[-66.40849393304576,3.041936481420927],[-62.65878060183632,4.152921580887431],[-58.55753164582598,3.977596077854006],[-55.8624251890192,1.695565793857857],[-55.80383591821904,0.875529465609527],[-57.97163893782451,-0.589157846288572],[-58.44035310422569,-2.287649024474563],[-56.33113935542037,-4.334740468715777],[-54.16333633581491,-4.626791146196514],[-49.06606977620206,-4.743578120004467],[-45.37494571579276,-3.165484550148441],[-44.549137999466566,-3.10260205994856],[-44.79592606116985,-1.736357845109083],[-47.237137761609304,-0.680439270775892],[-48.042530980603445,-0.815624035637953],[-49.221146550671804,-2.108145631592848],[-50.64313980628704,-1.882471717637159],[-51.529381719128835,-0.429196335118391],[-49.88430496741985,1.21387108441057],[-50.68808075477337,2.216172300536059],[-51.20926758338665,4.070678793150805],[-53.02668091346477,5.426703058440111],[-54.28620621253704,5.881543241698168],[-56.746396031872976,6.00331839199724],[-58.57506653358196,6.984399877745531],[-59.83440491248821,8.440183244902514],[-61.695771781275944,8.610088933385873],[-63.06524366801216,8.32539786170036],[-65.96541257261946,8.180441590467876],[-70.68184887203134,8.55721593295672],[-71.181697710123,9.277051023594622],[-72.11403366615032,9.904005609709642],[-71.6879548697636,10.769269548613451],[-72.37965866615032,11.810100160796068],[-74.21892258216594,11.367601953703783],[-75.45044418861126,10.627693735319994],[-75.70266434241985,9.425959192473314],[-76.76352402259563,8.692807756621264],[-78.20720443218802,9.351689403269319],[-78.54664449118769,8.746009004013658],[-77.40016647865032,6.67044600125017],[-77.50037857581829,5.51357754345598],[-77.10599991370891,3.792188965041063],[-78.98431107093548,1.296987973410509],[-80.0855607657597,0.817998133856676],[-80.87031861604711,-1.204571850152081],[-77.30243647244795,-0.891233214410893],[-74.2264997554402,-2.267524873037758],[-73.08400897483732,-4.723506751045313],[-76.4528920458458,-5.044577272594906],[-80.23865738536159,-3.477803205286776],[-81.41761490394329,-4.675080694001295],[-80.61159225990032,-6.369872010987379],[-79.06024643470501,-8.215522207062818],[-76.23806263671051,-13.567877577331435]],[[-75.52177519329108,-8.873075889457551],[-73.95152022471555,-9.0407630464544],[-74.12127751861561,-10.462812066037433],[-76.04458771418042,-11.381268377272281],[-77.1611068276677,-10.557170936365004],[-77.42694471183134,-8.855808477717723],[-75.52177519329108,-8.873075889457551]],[[-70.34417772933934,-17.135322570668],[-68.79514242250131,-16.38355062490271],[-68.7314834372888,-17.682007910176438],[-70.34417772933934,-17.135322570668]]]},"properties":{"NAME":"Manioc farmers","SUBJECTO":"Manioc farmers","PARTOF":"Manioc farmers"}},
{"type":"Feature","geometry":{"type":"Polygon","coordinates":[[[-70.34417772933934,-17.135322570668],[-68.7314834372888,-17.682007910176438],[-68.79514242250131,-16.38355062490271],[-70.34417772933934,-17.135322570668]]]},"properties":{"NAME":"Wankarani","SUBJECTO":"Wankarani","PARTOF":"Wankarani"}},
{"type":"Feature","geometry":{"type":"MultiPolygon","coordinates":[[[[27.29807135792906,50.930608337003605],[27.860416791843452,48.055103318445184],[44.15711700624887,48.39438383964099],[47.38250559034995,47.25469240990776],[54.003040052452164,48.843262426608845],[61.981632865754825,47.82766623271557],[63.67920580475539,52.18763808822956],[48.57080664765036,53.31776999111938],[38.30517824794403,53.5913794514492],[38.27973346564747,53.19716998531016],[34.9053250757817,51.476271742537214],[31.555996317925665,50.90291518585386],[30.591950873083714,50.16017551466333],[27.804396116238067,50.92469919035528],[27.29807135792906,50.930608337003605]]],[[[31.512802084747577,52.93692603948504],[31.795000820774952,52.875167628167254],[31.51280208474758,52.93692603948504],[31.512802084747577,52.93692603948504]]]]},"properties":{"NAME":"Scythians","SUBJECTO":"Scythians","PARTOF":"Scythians"}},
{"type":"Feature","geometry":{"type":"Polygon","coordinates":[[[83.83189057299539,18.143707776953118],[82.93183681973315,20.36575189444596],[82.07427777851531,21.153751645363684],[82.19850759286699,22.52027960323212],[80.83197963499855,23.70046283957304],[80.21083056324018,24.880646075913955],[81.01832435652607,26.433518755309905],[82.69542685027369,26.371403848134065],[83.43314619533919,25.767815293080467],[87.02261829975242,25.432915209373224],[87.74840657932899,25.62279225906586],[83.24472307510071,27.388777567524222],[83.24472307510071,27.38877756752422],[81.95674604083719,27.816706896701795],[78.86872967974088,29.326403784348877],[75.20624582003786,31.36206910128397],[73.25284592004837,33.80381897627084],[72.78085989902615,35.06215920099381],[70.8110960450615,31.68763575128223],[70.96182340966989,29.186284564986998],[68.19090289258035,27.3082162145152],[68.53250131573745,25.463584729466888],[67.48602584312702,23.928060136992357],[68.79081252525593,23.028724275786303],[69.12606337974812,21.96850737209978],[71.0244474739864,20.657476030547045],[72.1208601326778,21.155339800078295],[72.75949386070515,20.057649217802904],[73.06422713707234,18.031716905791185],[73.84143355797077,15.390475832182787],[75.21094039390827,12.10236796017351],[76.70353225181843,8.706356607634447],[77.89976027916218,8.257814966399096],[79.82626632164265,10.358728014189623],[79.71073440025593,11.44494207974138],[80.22375777672077,12.831091486174486],[80.08940413902546,15.175155245024584],[83.83189057299539,18.143707776953118]]]},"properties":{"NAME":"Hindu kingdoms","SUBJECTO":"Hindu kingdoms","PARTOF":"Hindu kingdoms"}},
{"type":"Feature","geometry":{"type":"Polygon","coordinates":[[[110.4270353646114,19.2294193136281],[109.5503263802364,19.91355665798845],[108.57689956138874,19.187371813017748],[109.42965224693562,18.096622072417162],[110.4270353646114,19.2294193136281]]]},"properties":{"NAME":null,"SUBJECTO":null,"PARTOF":null}},
{"type":"Feature","geometry":{"type":"Polygon","coordinates":[[[37.00525573204304,25.534686647612475],[37.201453241808665,24.65831335659685],[38.329417261584055,23.83471830959978],[39.1021948189571,22.400445543486498],[39.16673949669148,21.218801103789232],[40.69382003258015,19.868707262236498],[41.628558191759836,18.047204576689623],[42.76366332481648,16.64545591946306],[42.79587844322468,15.47008093472185],[43.84059050987507,12.663913332182787],[46.601199182970774,13.40054567928972],[49.33384993980671,14.632695757109545],[52.135169062121165,15.687059961516283],[52.894324335558665,16.60995253201189],[55.19483855675007,17.148564897734545],[55.561072382433665,17.937171541411303],[57.83862975548054,19.03480681057634],[59.837283167345774,22.279178224760912],[58.62849334190632,23.4582954275197],[57.146197351916086,23.9824710714406],[56.01545623253132,25.771625124174975],[54.34709838341023,24.154452882964037],[51.58590224693562,24.003221117216967],[50.77828124473835,24.47092970486345],[49.93686202476765,25.955783449370287],[50.12176421592976,26.737586580473803],[48.85502150963093,27.522691332060717],[47.61403945396687,29.272241197783373],[41.94977851818943,32.20855238803876],[41.05768490276161,32.89477824606016],[37.21482009784175,32.68891048865375],[35.771098633933235,31.639616172219235],[35.087519937975415,30.42436515718311],[38.57999769523481,27.29248597630586],[38.41721437023568,26.31578602631111],[37.00525573204304,25.534686647612475]]]},"properties":{"NAME":null,"SUBJECTO":null,"PARTOF":null}},
{"type":"Feature","geometry":{"type":"Polygon","coordinates":[[[136.61233015565756,34.74706345394131],[138.1490583748653,34.5278812276906],[140.3166151375606,35.03381689663591],[140.87221816490435,37.91744955654802],[141.99811843345904,39.671989046294115],[141.1525526375606,40.865417085844896],[139.91515639732623,40.57495459194841],[140.03008559654498,39.48317679043474],[139.19793227623248,37.92043264980974],[136.66849807213092,36.66749533291521],[135.81530719360512,35.51765925757808],[136.61233015565756,34.74706345394131]]]},"properties":{"NAME":"Late Jomon culture","SUBJECTO":"Late Jomon culture","PARTOF":"Late Jomon culture"}},
{"type":"Feature","geometry":{"type":"Polygon","coordinates":[[[130.21822273966296,50.75467551985403],[126.43675510489047,53.49444349172248],[118.1177113698305,53.17294308272021],[99.92553559192953,52.46988247389242],[100.02352281368204,51.76006630839234],[97.06359500024548,50.49359435569497],[83.20575114642895,45.3608005510125],[81.64309877088692,43.31231610596493],[81.42328623575808,43.02416336893556],[93.19550751677728,40.411347826913044],[96.96268837024198,38.96192549370269],[102.62427506336287,39.36901321922714],[108.5333152773121,39.79389371141353],[120.37302653105826,44.190898423223814],[122.21175591944629,44.190898423223814],[132.34316386596828,49.21510247513918],[130.21822273966296,50.75467551985403]]]},"properties":{"NAME":"Xiongnu","SUBJECTO":"Xiongnu","PARTOF":"Xiongnu"}},
{"type":"Feature","geometry":{"type":"Polygon","coordinates":[[[122.21175591944629,44.190898423223814],[126.98733714041319,44.19089842322381],[128.437312911062,44.8689661942914],[134.96294194547863,46.43373156936129],[138.6490916408793,47.10548033058428],[140.08100417564654,48.50260504360857],[141.0472980268994,52.68965608140495],[134.8699457082304,52.00920268938546],[130.21822273966296,50.75467551985403],[132.34316386596828,49.21510247513918],[122.21175591944629,44.190898423223814]]]},"properties":{"NAME":"Donghu tribes","SUBJECTO":"Donghu tribes","PARTOF":"Prot-Altaic pastoralists"}},
{"type":"Feature","geometry":{"type":"Polygon","coordinates":[[[25.195617809103457,65.26795101619156],[25.25150779197956,65.41688879604997],[25.18612578819538,65.24265631313982],[25.195617809103457,65.26795101619156]]]},"properties":{"NAME":"Magadha","SUBJECTO":"Magadha","PARTOF":"Magadha"}},
{"type":"Feature","geometry":{"type":"Polygon","coordinates":[[[34.725588831408274,65.61499365444841],[34.726172480089915,65.79697760220232],[34.72611897050977,65.78029310527337],[34.725588831408274,65.61499365444841]]]},"properties":{"NAME":"Magadha","SUBJECTO":"Magadha","PARTOF":"Magadha"}},
{"type":"Feature","geometry":{"type":"Polygon","coordinates":[[[11.528408300596416,61.89775715387968],[9.832105669482,63.683620058257006],[7.08818009804035,62.91019781704607],[5.148983511431464,61.7408824789113],[5.805763277514227,59.94925268765154],[5.61548427055622,58.45521505947771],[8.153747591479071,58.08954580898943],[10.54927161644245,59.37863119717302],[13.301851305468329,55.3006969320363],[15.770541223986395,56.03321035977068],[16.744044336779364,58.311950288969896],[19.037323984606513,59.86324270840349],[17.14620879600788,60.95282705898943],[17.93625548790241,62.54800375576677],[15.43013132739913,61.86605293654498],[11.528408300596416,61.89775715387968]]]},"properties":{"NAME":"Germanic tribes","SUBJECTO":"Germanic tribes","PARTOF":"Germanic tribes"}},
{"type":"Feature","geometry":{"type":"Polygon","coordinates":[[[13.82987507004671,43.04572696148069],[13.27289522026656,42.731133804587024],[13.574908611748981,42.390136551102046],[12.42779954714586,42.428285259853716],[12.421362781624545,42.29179035541503],[14.306908817373913,40.85218695416614],[14.89867118309284,40.24145849819841],[15.47231799693428,40.79475776937596],[14.296494222244998,41.36149272248555],[15.427361876051933,41.21328156161456],[15.964493818313507,41.05875768522296],[16.420268091662177,41.2787242757863],[14.922405275805243,41.97177084561052],[13.82987507004671,43.04572696148069]]]},"properties":{"NAME":null,"SUBJECTO":null,"PARTOF":null}},
{"type":"Feature","geometry":{"type":"Polygon","coordinates":[[[12.421362781624545,42.29179035541503],[11.960132972273149,42.00737273979235],[14.306908817373913,40.85218695416614],[12.421362781624545,42.29179035541503]]]},"properties":{"NAME":"Roman Republic","SUBJECTO":"Roman Republic","PARTOF":"Roman Republic"}},
{"type":"Feature","geometry":{"type":"Polygon","coordinates":[[[13.108096963956577,42.91720420532318],[12.42779954714586,42.428285259853716],[13.574908611748981,42.390136551102046],[13.108096963956577,42.91720420532318]]]},"properties":{"NAME":"Sabini","SUBJECTO":"Sabini","PARTOF":"Sabini"}},
{"type":"Feature","geometry":{"type":"Polygon","coordinates":[[[19.606965097887763,41.76153906460466],[19.369067224962958,40.260280214507006],[21.22843078087116,37.904906831938646],[22.638745340807684,37.49228628750505],[23.555766138537177,38.351764284331225],[22.602265390856513,40.39723929043474],[25.01892951439167,41.01714666958513],[24.622955409809848,41.8648492302275],[21.080790257828895,41.3439425902303],[19.606965097887763,41.76153906460466]]]},"properties":{"NAME":"Greek city-states","SUBJECTO":"Greek city-states","PARTOF":"Greek city-states"}},
{"type":"Feature","geometry":{"type":"Polygon","coordinates":[[[12.564637892185177,44.07198856028985],[12.483212503893622,45.46231421108904],[11.64355760415715,45.64766327471777],[11.051824529490725,45.0748290360622],[9.691935572130927,44.21960028286638],[10.228697880422791,43.787075221526564],[12.564637892185177,44.07198856028985]]]},"properties":{"NAME":"Boii","SUBJECTO":"Boii","PARTOF":"Boii"}},
{"type":"Feature","geometry":{"type":"Polygon","coordinates":[[[13.27289522026656,42.731133804587024],[13.82987507004671,43.04572696148069],[12.564637892185177,44.07198856028985],[10.228697880422791,43.787075221526564],[11.960132972273149,42.00737273979235],[12.421362781624545,42.29179035541503],[12.42779954714586,42.428285259853716],[13.108096963956577,42.91720420532318],[13.27289522026656,42.731133804587024]]]},"properties":{"NAME":"Etrurians","SUBJECTO":"Etrurians","PARTOF":"Etrurians"}},
{"type":"Feature","geometry":{"type":"Polygon","coordinates":[[[15.427361876051933,41.21328156161456],[14.296494222244998,41.36149272248555],[15.572007738748166,40.74670834022802],[16.150591189533106,41.00522058395495],[15.427361876051933,41.21328156161456]]]},"properties":{"NAME":"Samnites","SUBJECTO":"Samnites","PARTOF":"Samnites"}},
{"type":"Feature","geometry":{"type":"Polygon","coordinates":[[[37.12776854942585,21.227176271635912],[35.74630263756062,22.914340578276537],[35.468489679796946,23.720668398100756],[35.72469619224812,23.91181906338396],[35.189864191515696,24.39991911526384],[35.1898641916191,24.399919115022463],[33.657230668213316,24.017988632918694],[33.690083292409675,23.54952842887194],[33.345321283718846,23.354044941061307],[34.52779006636866,20.17476127448868],[34.551252367032575,20.183338169145948],[37.12776854942585,21.227176271635912]]]},"properties":{"NAME":"Blemmyes","SUBJECTO":"Blemmyes","PARTOF":"Blemmyes"}},
{"type":"Feature","geometry":{"type":"Polygon","coordinates":[[[-95.56635546846715,49.996303801904524],[-94.23473573369067,46.72103383947717],[-94.11755719209039,39.73169383481236],[-94.11755719209039,35.87563266465669],[-96.40620058272137,35.6463101014922],[-97.13856646772321,34.47135574600093],[-95.8203078747199,32.71453265402474],[-94.11755719209039,31.93047980661485],[-94.11755719209039,29.69269900006508],[-90.77903458167766,29.10867270107927],[-89.23280808021282,30.406005464751146],[-86.38868423988079,30.47271307583513],[-85.3047761588261,29.66390761013689],[-83.88618179847454,30.04834898586931],[-82.6469621329472,28.906501375395678],[-82.4292878775761,27.826148592192553],[-80.59153010156074,28.49188131613878],[-81.51154800941204,30.72724875088396],[-80.58063980628704,32.496783815581225],[-76.62176224281048,34.76295050259294],[-75.72924515296673,35.882125459868334],[-75.66752335120891,37.8981090414113],[-74.15280624915813,39.76523550625505],[-73.74050613929485,40.97749289150896],[-70.3020906119511,41.75944098110857],[-70.86807724525188,42.871425234038256],[-70.21647354652141,43.799621187407396],[-67.16887375404094,44.71121557827654],[-65.71257492591594,43.55995138760271],[-61.032086339490164,45.3788333761281],[-64.53479477454876,46.271659456450365],[-66.02990433265423,49.16588171597185],[-69.25392624427532,48.120055757719896],[-71.03368165476002,46.74621076936823],[-72.32234845443543,46.29511259543804],[-81.93098886565963,48.90187753952613],[-85.03622021806746,49.0940751201903],[-87.78991594567441,49.93094833834401],[-95.56635546846715,49.996303801904524]],[[-86.51782685,42.035098975],[-87.783217775,42.2036053],[-87.9083685,43.19183065],[-86.7200657,45.86716155],[-85.38184874999999,46.07483505],[-86.513782,43.68081785],[-86.51782685,42.035098975]],[[-84.694154075,45.984190825],[-83.793586075,46.2570047],[-80.8070809,45.954834575],[-81.807915275,43.3176176],[-83.3855778,44.3126677],[-83.43090175,45.27498137500001],[-84.694154075,45.984190825]],[[-91.896915625,46.8907819],[-89.5166857,48.003690725],[-88.09495135,49.0046085],[-85.026610175,47.939546825],[-84.442197375,46.817028875],[-87.27262622500001,46.51189025],[-91.896915625,46.8907819]],[[-85.56398944935161,37.55263867010867],[-85.97043607596554,40.059641447393545],[-79.8059955723213,41.445101928141334],[-78.31569127473693,40.65327411680445],[-79.97534833341042,37.57948619350637],[-82.14306367535126,36.95954975646751],[-85.56398944935161,37.55263867010867]]]},"properties":{"NAME":"Eastern North Amercian hunter-gatherers","SUBJECTO":"Eastern North Amercian hunter-gatherers","PARTOF":"Eastern North Amercian hunter-gatherers"}},
{"type":"Feature","geometry":{"type":"Polygon","coordinates":[[[-85.56398944935161,37.55263867010867],[-82.14306367535126,36.95954975646751],[-79.97534833341042,37.57948619350637],[-78.31569127473693,40.65327411680445],[-79.8059955723213,41.445101928141334],[-85.97043607596554,40.059641447393545],[-85.56398944935161,37.55263867010867]]]},"properties":{"NAME":"Adena Culture","SUBJECTO":"Adena Culture","PARTOF":"Adena Culture"}},
{"type":"Feature","geometry":{"type":"Polygon","coordinates":[[[-80.59153010156074,28.49188131613878],[-82.4292878775761,27.826148592192553],[-82.31009384681438,26.82493170376482],[-81.09792038490032,25.125047289091967],[-80.31409927894329,25.243880830962084],[-80.04998489906048,26.551089845854662],[-80.59153010156074,28.49188131613878]]]},"properties":{"NAME":"Glades Culture","SUBJECTO":"Glades Culture","PARTOF":"Glades Culture"}},
{"type":"Feature","geometry":{"type":"Polygon","coordinates":[[[-4.153334,53.225555],[-4.276945,53.398331],[-4.5675,53.273331],[-4.351389,53.124443],[-4.153334,53.225555]]]},"properties":{"NAME":null,"SUBJECTO":null,"PARTOF":null}},
{"type":"Feature","geometry":{"type":"Polygon","coordinates":[[[-5.103612,55.438606],[-5.154723,55.673332],[-5.400278,55.600555],[-5.103612,55.438606]]]},"properties":{"NAME":null,"SUBJECTO":null,"PARTOF":null}},
{"type":"Feature","geometry":{"type":"Polygon","coordinates":[[[-6.121667,55.878883],[-6.3275,55.589439],[-6.024723,55.68083200000012],[-6.121667,55.878883]]]},"properties":{"NAME":null,"SUBJECTO":null,"PARTOF":null}},
{"type":"Feature","geometry":{"type":"Polygon","coordinates":[[[-5.946945,55.829994],[-5.746112,56.06360600000011],[-5.968056,56.023605],[-6.078889,55.905548],[-5.946945,55.829994]]]},"properties":{"NAME":null,"SUBJECTO":null,"PARTOF":null}},
{"type":"Feature","geometry":{"type":"Polygon","coordinates":[[[-7.466945,56.940826],[-7.376112,56.978607],[-7.445556,57.05555],[-7.553612,56.966385],[-7.466945,56.940826]]]},"properties":{"NAME":null,"SUBJECTO":null,"PARTOF":null}},
{"type":"Feature","geometry":{"type":"Polygon","coordinates":[[[-7.223056,57.337494],[-7.425,57.382217],[-7.38139,57.108604],[-7.230278,57.09471900000011],[-7.223056,57.337494]]]},"properties":{"NAME":null,"SUBJECTO":null,"PARTOF":null}},
{"type":"Feature","geometry":{"type":"Polygon","coordinates":[[[-7.268889,57.39888800000011],[-7.204722,57.460831],[-7.351111,57.489441],[-7.388056,57.423882],[-7.268889,57.39888800000011]]]},"properties":{"NAME":null,"SUBJECTO":null,"PARTOF":null}},
{"type":"Feature","geometry":{"type":"Polygon","coordinates":[[[-7.188612,57.68721800000014],[-7.476945,57.562492],[-7.15389,57.509438],[-7.188612,57.68721800000014]]]},"properties":{"NAME":null,"SUBJECTO":null,"PARTOF":null}},
{"type":"Feature","geometry":{"type":"Polygon","coordinates":[[[-7.00639,57.881386000000134],[-6.993611,57.91861],[-7.073611,57.896111],[-7.00639,57.881386000000134]]]},"properties":{"NAME":null,"SUBJECTO":null,"PARTOF":null}},
{"type":"Feature","geometry":{"type":"Polygon","coordinates":[[[-6.802222,58.203049],[-6.794445,58.218048],[-6.854167,58.25],[-6.873056,58.206383],[-6.802222,58.203049]]]},"properties":{"NAME":null,"SUBJECTO":null,"PARTOF":null}},
{"type":"Feature","geometry":{"type":"Polygon","coordinates":[[[-6.204167,58.35611],[-7.031945,58.238052],[-6.473889,57.940277],[-6.204167,58.35611]]]},"properties":{"NAME":null,"SUBJECTO":null,"PARTOF":null}},
{"type":"Feature","geometry":{"type":"Polygon","coordinates":[[[-2.918334,58.731941],[-2.876667,58.820274],[-3.036945,58.818054],[-2.918334,58.731941]]]},"properties":{"NAME":null,"SUBJECTO":null,"PARTOF":null}},
{"type":"Feature","geometry":{"type":"Polygon","coordinates":[[[-3.231389,58.775551],[-3.136389,58.804161],[-3.335556,58.927498],[-3.431111,58.871384],[-3.231389,58.775551]]]},"properties":{"NAME":null,"SUBJECTO":null,"PARTOF":null}},
{"type":"Feature","geometry":{"type":"Polygon","coordinates":[[[-2.793056,58.951385],[-3.076945,59.121666],[-3.195,58.91111000000012],[-2.793056,58.951385]]]},"properties":{"NAME":null,"SUBJECTO":null,"PARTOF":null}},
{"type":"Feature","geometry":{"type":"Polygon","coordinates":[[[-2.681389,59.195831],[-2.620556,59.236107],[-2.495556,59.244995],[-2.414444,59.313606],[-2.592778,59.29055],[-2.681389,59.195831]]]},"properties":{"NAME":null,"SUBJECTO":null,"PARTOF":null}},
{"type":"Feature","geometry":{"type":"Polygon","coordinates":[[[-2.89,59.29527300000012],[-3.048889,59.329163],[-3.003334,59.263611],[-2.971945,59.287216],[-2.89,59.29527300000012]]]},"properties":{"NAME":null,"SUBJECTO":null,"PARTOF":null}},
{"type":"Feature","geometry":{"type":"Polygon","coordinates":[[[-1.296111,60.491104],[-1.320278,60.356384],[-1.655,60.226105],[-1.126111,60.151665],[-1.041389,60.446938],[-1.296111,60.491104]]]},"properties":{"NAME":null,"SUBJECTO":null,"PARTOF":null}},
{"type":"Feature","geometry":{"type":"Polygon","coordinates":[[[-1.029444,60.495827],[-0.991111,60.719994],[-1.177222,60.63666500000011],[-1.029444,60.495827]]]},"properties":{"NAME":null,"SUBJECTO":null,"PARTOF":null}},
{"type":"Feature","geometry":{"type":"Polygon","coordinates":[[[-0.819722,60.68888900000013],[-0.767778,60.82888800000012],[-0.938889,60.79444100000012],[-0.965556,60.688049],[-0.819722,60.68888900000013]]]},"properties":{"NAME":null,"SUBJECTO":null,"PARTOF":null}},
{"type":"Feature","geometry":{"type":"Polygon","coordinates":[[[-6.706944,61.937492000000134],[-6.718889,62.02861],[-7.192223,62.3077770000001],[-7.232223,62.172493],[-6.706944,61.937492000000134]]]},"properties":{"NAME":null,"SUBJECTO":null,"PARTOF":null}},
{"type":"Feature","geometry":{"type":"Polygon","coordinates":[[[-4.777779,54.05555],[-4.394444,54.186386],[-4.5275,54.367218],[-4.777779,54.05555]]]},"properties":{"NAME":null,"SUBJECTO":null,"PARTOF":null}},
{"type":"Feature","geometry":{"type":"Polygon","coordinates":[[[18.206108,56.911942],[18.711941,57.241661],[18.809166,57.703606],[18.111385,57.51944],[18.206108,56.911942]]]},"properties":{"NAME":null,"SUBJECTO":null,"PARTOF":null}},
{"type":"Feature","geometry":{"type":"Polygon","coordinates":[[[129.715515,28.451107],[129.157745,28.234993],[129.368561,28.116108],[129.715515,28.451107]]]},"properties":{"NAME":null,"SUBJECTO":null,"PARTOF":null}},
{"type":"Feature","geometry":{"type":"Polygon","coordinates":[[[129.963013,29.957218000000125],[129.94165,30],[129.92358400000012,29.983883],[129.963013,29.957218000000125]]]},"properties":{"NAME":null,"SUBJECTO":null,"PARTOF":null}},
{"type":"Feature","geometry":{"type":"Polygon","coordinates":[[[129.89636200000018,29.87416500000012],[129.877167,29.83083],[129.923309,29.824997],[129.89636200000018,29.87416500000012]]]},"properties":{"NAME":null,"SUBJECTO":null,"PARTOF":null}},
{"type":"Feature","geometry":{"type":"Polygon","coordinates":[[[130.906097,30.354717000000107],[131.074402,30.689163],[130.945251,30.683331000000123],[130.906097,30.354717000000107]]]},"properties":{"NAME":null,"SUBJECTO":null,"PARTOF":null}},
{"type":"Feature","geometry":{"type":"Polygon","coordinates":[[[130.558594,30.236382000000106],[130.671906,30.373329000000126],[130.510803,30.458885000000123],[130.387207,30.397217],[130.558594,30.236382000000106]]]},"properties":{"NAME":null,"SUBJECTO":null,"PARTOF":null}},
{"type":"Feature","geometry":{"type":"Polygon","coordinates":[[[121.734711,25.138885],[121.00166300000012,25.001663],[120.11554,23.631386],[120.878593,22.341385000000116],[121.839706,24.476383000000112],[121.734711,25.138885]]]},"properties":{"NAME":null,"SUBJECTO":null,"PARTOF":null}},
{"type":"Feature","geometry":{"type":"Polygon","coordinates":[[[128.900818,32.643051],[128.649414,32.777771],[128.610229,32.61166400000013],[128.900818,32.643051]]]},"properties":{"NAME":null,"SUBJECTO":null,"PARTOF":null}},
{"type":"Feature","geometry":{"type":"Polygon","coordinates":[[[129.29007159125206,37.32877742956747],[126.46641048800086,36.56322612231096],[126.371368,34.789162],[127.554153,34.656097],[127.767403,34.96028100000012],[128.451904,34.845543],[128.73495500000013,35.092766],[129.136932,35.11221300000011],[129.43942300000015,35.475822],[129.29007159125206,37.32877742956747]]]},"properties":{"NAME":null,"SUBJECTO":null,"PARTOF":null}},
{"type":"Feature","geometry":{"type":"Polygon","coordinates":[[[123.870819,24.252499],[123.92192100000011,24.371109],[123.767212,24.41444],[123.678864,24.316109],[123.870819,24.252499]]]},"properties":{"NAME":null,"SUBJECTO":null,"PARTOF":null}},
{"type":"Feature","geometry":{"type":"Polygon","coordinates":[[[125.356369,24.776665],[125.261932,24.878883],[125.252213,24.737774],[125.356369,24.776665]]]},"properties":{"NAME":null,"SUBJECTO":null,"PARTOF":null}},
{"type":"Feature","geometry":{"type":"Polygon","coordinates":[[[124.26165800000012,24.457497],[124.077766,24.419994],[124.121918,24.344997],[124.22971300000017,24.338329],[124.26165800000012,24.457497]]]},"properties":{"NAME":null,"SUBJECTO":null,"PARTOF":null}},
{"type":"Feature","geometry":{"type":"Polygon","coordinates":[[[128.252777,26.63888500000013],[128.247192,26.839996],[127.958878,26.544441],[128.252777,26.63888500000013]]]},"properties":{"NAME":null,"SUBJECTO":null,"PARTOF":null}},
{"type":"Feature","geometry":{"type":"Polygon","coordinates":[[[126.76193200000012,26.38694],[126.701927,26.348606],[126.781097,26.29833200000013],[126.8099820000001,26.346943],[126.76193200000012,26.38694]]]},"properties":{"NAME":null,"SUBJECTO":null,"PARTOF":null}},
{"type":"Feature","geometry":{"type":"Polygon","coordinates":[[[128.95108,27.67582700000014],[129.029968,27.774441000000138],[128.89886500000011,27.89777400000014],[128.89721700000018,27.725826],[128.95108,27.67582700000014]]]},"properties":{"NAME":null,"SUBJECTO":null,"PARTOF":null}},
{"type":"Feature","geometry":{"type":"Polygon","coordinates":[[[128.609131,27.358887],[128.69635000000017,27.4486050000001],[128.52359000000013,27.413609],[128.609131,27.358887]]]},"properties":{"NAME":null,"SUBJECTO":null,"PARTOF":null}},
{"type":"Feature","geometry":{"type":"Polygon","coordinates":[[[129.992188,28.281666],[130.0324710000001,28.35305],[129.943024,28.32222],[129.992188,28.281666]]]},"properties":{"NAME":null,"SUBJECTO":null,"PARTOF":null}},
{"type":"Feature","geometry":{"type":"Polygon","coordinates":[[[129.33609000000013,28.075275],[129.3402400000001,28.110828],[129.223846,28.183605],[129.219116,28.097775],[129.33609000000013,28.075275]]]},"properties":{"NAME":null,"SUBJECTO":null,"PARTOF":null}},
{"type":"Feature","geometry":{"type":"Polygon","coordinates":[[[129.733032,29.609718],[129.75332600000013,29.64777400000014],[129.70968600000015,29.651661],[129.733032,29.609718]]]},"properties":{"NAME":null,"SUBJECTO":null,"PARTOF":null}},
{"type":"Feature","geometry":{"type":"Polygon","coordinates":[[[18.97383065981087,52.73651720819371],[19.40025287435172,54.28091894222511],[18.349998,54.833611],[15.085587000343935,54.004260266794844],[15.470547657955025,53.796035298635765],[17.563800220036708,52.59088304236021],[18.97383065981087,52.73651720819371]]]},"properties":{"NAME":"Pomeranian culture ","SUBJECTO":"Pomeranian culture ","PARTOF":"Baltic archeological cultures"}},
{"type":"Feature","geometry":{"type":"Polygon","coordinates":[[[21.163130710521042,54.899357283106404],[19.817505400323594,54.4619724075029],[19.913670163055254,54.394238522394225],[21.48165452666879,54.43566231453169],[21.163130710521042,54.899357283106404]]]},"properties":{"NAME":"Sambian-Nothangian culture","SUBJECTO":"Sambian-Nothangian culture","PARTOF":"Baltic archeological cultures"}},
{"type":"Feature","geometry":{"type":"Polygon","coordinates":[[[20.985529588134696,52.61572329987666],[18.97383065981087,52.73651720819371],[17.563800220036708,52.59088304236021],[15.470547657955025,53.796035298635765],[15.099014961352164,53.09157147740414],[16.44877831729847,51.27479516892307],[17.886569718197805,50.627822850395766],[18.414737987915924,49.55484370464976],[21.067906194254885,49.75798590702279],[22.434685374103847,50.53466230405623],[25.104869404345454,48.82614347004016],[25.721065719016593,49.61191586701183],[24.488673089674318,51.384801403199006],[23.314965823634015,51.20590721100519],[20.985529588134696,52.61572329987666]]]},"properties":{"NAME":"Bell-shaped burials culture","SUBJECTO":"Bell-shaped burials culture","PARTOF":"Baltic archeological cultures"}},
{"type":"Feature","geometry":{"type":"Polygon","coordinates":[[[21.48165452666879,54.43566231453169],[19.913670163055254,54.394238522394225],[19.817505400323594,54.4619724075029],[19.40025287435172,54.28091894222511],[18.97383065981087,52.73651720819371],[20.985529588134696,52.61572329987666],[21.862503081909193,53.069539100653806],[21.48165452666879,54.43566231453169]]]},"properties":{"NAME":"Western Masurian culture","SUBJECTO":"Western Masurian culture","PARTOF":"Baltic archeological cultures"}},
{"type":"Feature","geometry":{"type":"Polygon","coordinates":[[[24.488673089674318,51.384801403199006],[24.78209990618438,51.53106606872307],[25.05574229362601,51.9761341436252],[23.916490797479657,54.881204833264334],[21.979591270487724,54.99148323100261],[21.17252720186542,54.91899715141203],[21.163130710521042,54.899357283106404],[21.48165452666879,54.43566231453169],[21.862503081909193,53.069539100653806],[20.985529588134696,52.61572329987666],[23.314965823634015,51.20590721100519],[24.488673089674318,51.384801403199006]]]},"properties":{"NAME":"Eastern Masurian culture","SUBJECTO":"Eastern Masurian culture","PARTOF":"Baltic archeological cultures"}},
{"type":"Feature","geometry":{"type":"Polygon","coordinates":[[[21.863052,57.596657],[21.069996,56.845825],[21.17252720186542,54.91899715141203],[21.979591270487724,54.99148323100261],[22.816140235566905,56.143780961050076],[21.863052,57.596657]]]},"properties":{"NAME":"Curonians","SUBJECTO":"Curonians","PARTOF":"Baltic archeological cultures"}},
{"type":"Feature","geometry":{"type":"Polygon","coordinates":[[[29.699468343418623,55.657418463082564],[25.721065719016593,57.004449882959555],[24.309745156734483,57.100335371114525],[21.863052,57.596657],[22.816140235566905,56.143780961050076],[21.979591270487724,54.99148323100261],[23.916490797479657,54.881204833264334],[25.05574229362601,51.9761341436252],[27.775053434587036,52.313712174001026],[29.707330483904446,53.29722057045511],[28.978103382278313,54.618713409582675],[29.699468343418623,55.657418463082564]]]},"properties":{"NAME":"Brushed Pottery culture","SUBJECTO":"Brushed Pottery culture","PARTOF":"Baltic archeological cultures"}},
{"type":"Feature","geometry":{"type":"Polygon","coordinates":[[[29.707330483904446,53.29722057045511],[27.775053434587036,52.313712174001026],[25.05574229362601,51.9761341436252],[24.78209990618438,51.53106606872307],[26.219891307083707,50.943191415214166],[27.804396116238067,50.92469919035528],[30.591950873083714,50.16017551466333],[31.555996317925665,50.90291518585386],[31.795000820774952,52.875167628167254],[30.66530757721119,53.122397863784485],[29.707330483904446,53.29722057045511]]]},"properties":{"NAME":"Milograd culture","SUBJECTO":"Milograd culture","PARTOF":"Baltic archeological cultures"}},
{"type":"Feature","geometry":{"type":"Polygon","coordinates":[[[31.555996317925665,50.90291518585386],[34.9053250757817,51.476271742537214],[38.27973346564747,53.19716998531016],[38.30907614729848,53.6517686033654],[36.959312791352176,54.29034266662991],[38.455789555553515,55.93478950269306],[36.724571338144116,56.68348974373227],[33.73161780974143,56.73180931763887],[29.699468343418623,55.657418463082564],[28.978103382278313,54.618713409582675],[29.707330483904446,53.29722057045511],[30.66530757721119,53.122397863784485],[31.795000820774952,52.875167628167254],[31.555996317925665,50.90291518585386]]]},"properties":{"NAME":"Plain-Pottery culture","SUBJECTO":"Plain-Pottery culture","PARTOF":"Baltic archeological cultures"}},
{"type":"Feature","geometry":{"type":"Polygon","coordinates":[[[102.62427506336287,39.36901321922714],[96.96268837024198,38.96192549370269],[93.19550751677728,40.411347826913044],[81.42328623575808,43.02416336893556],[81.64309877088692,43.31231610596493],[75.02422921712706,42.463390664410625],[73.09006259504925,38.85010205124371],[72.78085989902615,35.06215920099381],[73.25284592004837,33.80381897627084],[75.20624582003786,31.36206910128397],[78.86872967974088,29.326403784348877],[76.60418434827025,31.041968429402388],[74.22724769332301,34.178867910941804],[74.75137453161247,36.5317752935736],[75.59966909604243,37.53716144400912],[80.53490417409674,36.167572953909854],[84.39731528858971,35.39440548108133],[83.24472307510071,27.388777567524222],[87.74840657932899,25.62279225906586],[88.71840665501371,25.87655876061381],[91.05256944613949,27.619766954551434],[91.68724370088978,25.987953419904784],[104.3248277870813,34.40797743208413],[102.62427506336287,39.36901321922714]]]},"properties":{"NAME":"Proto-Tibetan cultures","SUBJECTO":"Proto-Tibetan cultures","PARTOF":"Proto-Tibetan cultures"}},
{"type":"Feature","geometry":{"type":"Polygon","coordinates":[[[31.51280208474758,52.93692603948504],[30.66530757721119,53.122397863784485],[31.512802084747577,52.93692603948504],[31.51280208474758,52.93692603948504]]]},"properties":{"NAME":null,"SUBJECTO":null,"PARTOF":null}},
{"type":"Feature","geometry":{"type":"Polygon","coordinates":[[[84.39731528858971,35.39440548108133],[80.53490417409674,36.167572953909854],[75.59966909604243,37.53716144400912],[74.75137453161247,36.5317752935736],[74.22724769332301,34.178867910941804],[76.60418434827025,31.041968429402388],[78.86872967974088,29.326403784348877],[81.95674604083719,27.816706896701795],[83.24472307510071,27.38877756752422],[84.39731528858971,35.39440548108133]]]},"properties":{"NAME":"Zhangzhung Kingdom","SUBJECTO":"Zhangzhung Kingdom","PARTOF":"Zhangzhung Kingdom"}},
{"type":"Feature","geometry":{"type":"Polygon","coordinates":[[[90.954,22.207],[90.932,22.205],[90.915,22.132],[90.957,22.146],[90.954,22.207]]]},"properties":{"NAME":null,"SUBJECTO":null,"PARTOF":null}},
{"type":"Feature","geometry":{"type":"Polygon","coordinates":[[[91.60668553425731,22.461072127441323],[92.2833098269149,24.455405400645894],[91.68724370088978,25.987953419904784],[91.05256944613949,27.619766954551434],[88.71840665501371,25.87655876061381],[87.74840657932899,25.62279225906586],[87.02261829975242,25.432915209373224],[83.43314619533919,25.767815293080467],[82.69542685027369,26.371403848134065],[81.01832435652607,26.433518755309905],[80.21083056324018,24.880646075913955],[80.83197963499855,23.70046283957304],[82.19850759286699,22.52027960323212],[82.07427777851531,21.153751645363684],[82.93183681973315,20.36575189444596],[83.83189057299539,18.143707776953118],[85.11320784996296,19.442306123930834],[86.11916640709187,19.806542955595873],[87.64071944664265,21.563081346709154],[88.72346023033406,21.53995283718767],[91.60668553425731,22.461072127441323]]]},"properties":{"NAME":"Magadha","SUBJECTO":"Magadha","PARTOF":"Magadha"}},
{"type":"Feature","geometry":{"type":"Polygon","coordinates":[[[34.72611897050977,65.78029310527337],[25.195617809103457,65.26795101619156],[25.18612578819538,65.24265631313982],[21.200139078600653,62.43518408413591],[29.018890834539626,61.77074313018303],[32.51698734132826,60.9322458642223],[46.105746848468755,57.7086220534561],[53.97646398874319,57.7086220534561],[59.09429166962169,56.4318399506882],[62.80579411405116,56.95520024672745],[75.85638492783956,61.42677903286463],[98.45947004862771,69.79094730127832],[105.2788191170528,72.7515369283742],[113.62504867027546,75.27267035122576],[113.53300765465046,76.0936542379445],[108.24447158287312,76.64641913052263],[103.39330581138874,77.5577884542531],[99.46723464439656,75.96692236538591],[90,75.60154303188982],[86.95832351158406,74.78206213589372],[87.69079116295124,73.90001257534685],[80.46401503990437,73.31357916470232],[79.22255996177937,72.2712894308156],[73.21685317466999,71.45773657437029],[74.74171737144734,67.68622168179216],[72.83769515465046,67.64564856167497],[72.7139997811153,72.76958807583513],[69.34311202476765,72.83426245327654],[66.81797316978718,71.10538061733904],[66.58425429771687,68.88553961392107],[62.2812719673946,69.7051273214406],[57.02422622154499,68.44890936489763],[53.889117273791086,68.78699835415544],[48.08066085289265,67.56245764370622],[43.8221655220821,68.3273197042531],[44.383608850939524,66.61201819058122],[39.9513273567989,65.58116491909685],[37.410540613634836,63.749496065337084],[35.081763300402415,64.28833349819841],[34.725588831408274,65.61499365444841],[34.72611897050977,65.78029310527337]]]},"properties":{"NAME":"Finno-Ugric taiga hunter-gatherers","SUBJECTO":"Finno-Ugric taiga hunter-gatherers","PARTOF":"Finno-Ugric taiga hunter-gatherers"}},
{"type":"Feature","geometry":{"type":"Polygon","coordinates":[[[118.1177113698305,53.17294308272021],[126.43675510489047,53.49444349172248],[130.21822273966296,50.75467551985403],[134.8699457082304,52.00920268938546],[141.0472980268994,52.68965608140495],[140.10245803306842,53.80170401211443],[134.98522475670123,54.853934847075365],[137.2290907234981,55.98272284146013],[142.84585097740435,59.27252539272966],[148.41608718345904,59.09739264126482],[151.14020827720904,59.43957098599138],[153.92443374107623,58.922347627837084],[154.31565383384967,59.98334845181169],[157.0979872078731,61.63339956875505],[158.84125808189654,61.78396948452654],[160.6449842781856,60.71775396938982],[163.32929519127154,60.69494970913591],[158.3262586922481,58.026820741850756],[156.77685073326373,57.58045538540544],[155.6275739998653,56.26791723843279],[155.46520522545123,54.91977270718279],[156.6963758797481,50.957748018462084],[161.50274184654498,55.287372194487475],[162.51240066002154,57.033492647368334],[161.80436232994342,58.1017223226613],[163.3886823983028,59.81406363125505],[165.7799940438106,60.35411413784685],[170.3368025154903,60.27710302944841],[169.48091979943723,61.192640399715565],[172.4408476128738,63.07842210456581],[171.76813674618367,65.85917681241212],[168.13549806605704,67.45778023799447],[155.89216029229675,68.16901029658281],[130.86731605142418,69.90104204211539],[124.54383390453704,71.58610355723228],[124.22215560386921,73.69691046353044],[120.57851699302937,72.83511694546404],[118.46038344810749,73.51922949429216],[111.76165297935749,73.65779455776872],[105.2788191170528,72.7515369283742],[98.45947004862771,69.79094730127832],[75.85638492783956,61.42677903286463],[62.80579411405116,56.95520024672745],[59.09429166962169,56.4318399506882],[65.31164209247186,55.04663307077481],[78.36223290626025,56.41019430623805],[93.70004066679506,56.48455609390737],[99.48535412032993,55.65854236961009],[107.9615110406255,59.8183896994711],[114.0159088408366,59.54672904426065],[116.70675230759709,54.659373183217475],[118.1177113698305,53.17294308272021]]]},"properties":{"NAME":"Paleo-Siberian hunter-gatherers","SUBJECTO":"Paleo-Siberian hunter-gatherers","PARTOF":"Paleo-Siberian hunter-gatherers"}},
{"type":"Feature","geometry":{"type":"MultiPolygon","coordinates":[[[[-75.55168625404094,69.2223392355031],[-72.30491348792766,67.26360663052263],[-75.78904434730266,65.19718512173357],[-73.16355606605266,64.57397040005388],[-71.31892105628704,63.06125982876482],[-65.94033524085735,61.789996706206225],[-66.49595352699016,63.07743414517107],[-64.47394272376751,63.74430426235857],[-67.61417099525188,65.91180761929216],[-62.84475418616985,65.61426123257341],[-61.21058365394329,66.63500555630388],[-68.66534897376751,68.71612890835466],[-71.25251480628704,71.35079535122576],[-73.27524277259563,71.16077002163591],[-75.32202621986126,72.54841955776872],[-80.48866745521282,73.03700598354997],[-81.53178116370891,73.68835791226091],[-88.09924789954876,73.63606604214372],[-89.9971818595097,71.541286073882],[-87.94801041175579,70.3849140035695],[-82.26922318031048,69.86035498257341],[-78.71291824866985,70.01144751187029],[-75.55168625404094,69.2223392355031]]],[[[-81.83135696937298,64.4068103658742],[-85.55754562904094,65.863551698882],[-86.24284073402141,64.54231604214372],[-85.46279617835735,63.20551642056169],[-81.83135696937298,64.4068103658742]]],[[[-60.221656217027494,53.32492080384565],[-57.51535126258587,54.46576651211443],[-61.92769333411907,56.27295645352068],[-62.886959996716726,58.65644415493669],[-64.6706208853886,60.18091925259294],[-65.86144730140423,58.795341097075365],[-67.77240463783001,58.24854239102068],[-69.2142228751347,58.74767645474138],[-70.02829453040813,60.883170686919115],[-73.39458176185344,62.354999147612475],[-77.36155411292766,62.5174938070363],[-77.50717636634563,60.414630495268725],[-78.33678909827923,58.551471315581225],[-76.43862625648235,56.80968817349138],[-77.23383804847454,55.60653647061052],[-79.54511734534954,54.69186361904802],[-78.74176950876009,52.74413883037645],[-74.19720512004018,52.927225836668605],[-71.0333844968322,55.19604828321671],[-65.64317158321862,55.262874161982396],[-62.88947585561168,54.72511691082654],[-60.221656217027494,53.32492080384565]]],[[[-95.12389847327923,72.51922949429216],[-92.00058456947063,72.8411365377492],[-90.45173355628704,73.9039798605031],[-95.06853958656048,74.06405218716326],[-95.12389847327923,72.51922949429216]]],[[[-123.14841770273145,74.44057077628655],[-125.61702438880657,71.9903827535695],[-123.46767136146282,71.19864233608904],[-120.8434953360722,71.53027685757341],[-117.685761580263,73.21545873829851],[-123.14841770273145,74.44057077628655]]],[[[-116.93370657963686,72.90214900890444],[-117.56819626380657,69.99218329067888],[-113.15218063880657,68.59556921597185],[-110.44822403480266,68.65314062710466],[-106.85383316566204,69.45092352505388],[-104.18777176429485,68.89776190396013],[-101.05518051673626,70.03077276821794],[-104.62044428584238,71.09253252294585],[-110.34678520373127,71.19655506982303],[-116.93370657963686,72.90214900890444]]],[[[-43.71973041143305,60.00371991495786],[-42.78493210365032,60.52916296597185],[-42.27136322547649,62.19441946621599],[-39.69494684817376,65.18696970170159],[-42.793355971161034,65.40311483729091],[-43.84796284556369,64.20612586086018],[-44.25808774116473,61.869878095613615],[-43.71973041143305,60.00371991495786]]],[[[-50.53911897259659,67.48805571153352],[-53.10253998328899,65.87324865933122],[-51.365765538708914,63.726012788969896],[-49.85748383094524,62.966544710356615],[-48.915463414685476,61.42103537197771],[-46.15809589644378,60.937403792612976],[-49.06240794677684,64.7863184095137],[-49.472532842377866,67.03273287353856],[-50.53911897259659,67.48805571153352]]],[[[-160.9394989447178,63.98492305338062],[-150.1289000770314,63.324002732781025],[-144.68009789261768,63.19218524961806],[-139.52424206220468,62.41569007667785],[-132.43494029538678,62.496969371290604],[-124.93551363296793,64.83463268032534],[-118.19774749095093,62.712635573894396],[-111.28421353653351,58.55314202309659],[-102.14428729171048,57.21394132630312],[-93.82461083808953,56.86329884105465],[-92.40409578747519,56.97508393725052],[-93.07417770911907,58.55101355190935],[-94.68383499671673,58.87849386807146],[-94.75318619300579,59.94999273892107],[-93.42261978675579,61.858031831938646],[-87.43523117591594,64.568873964507],[-85.9871492057011,66.16278418179216],[-83.13871475745891,66.37349279995622],[-81.29496475745891,67.4987293111867],[-84.31351944495891,69.82621344204607],[-86.48843857337688,67.37778814907732],[-89.7355851798222,68.53431280728044],[-93.27116867591594,71.5585437643117],[-96.69965073158001,70.83835943813982],[-96.12698074866985,69.9408450948781],[-92.95613571693157,69.08434637661638],[-96.20792862464641,68.07355078335466],[-101.91296860267376,67.70532568569841],[-105.6359758048222,68.35485418911638],[-112.5025300650761,67.69295843716326],[-115.28510757972454,68.89208563442888],[-117.83234116126751,69.00779303188982],[-122.32606216956829,69.88448675747576],[-125.97399612952923,69.43039282437029],[-127.35170456458782,70.38026007290544],[-131.67297836829877,69.27615698452654],[-135.4391984610722,69.52628668423357],[-137.72852036048627,69.01584204312029],[-143.30757614661908,70.19675024624529],[-145.27254196693158,70.1163822042531],[-156.90474411536908,71.34585913296404],[-160.24033066322065,70.85846289272966],[-164.06718918372846,69.06467779751482],[-166.84352585365033,68.40520819302263],[-163.73874374915815,67.21832617397966],[-168.1797990470097,65.69388922329607],[-166.58603378822065,64.73040350552263],[-160.9394989447178,63.98492305338062]]],[[[-62.81141255638844,81.15595684596342],[-66.52167984534954,80.71127661343279],[-65.48489090491985,79.15823706265154],[-72.38322922279094,78.52572973843279],[-71.18388077308391,77.25953253384294],[-67.03665634681438,75.93623694058122],[-62.44868119723538,76.33836403843989],[-63.35819002201287,78.2356337190557],[-62.81141255638844,81.15595684596342]]],[[[-101.98523422767376,73.08414038296404],[-98.93899246741985,71.39222296353044],[-96.68853470374798,72.81653936978044],[-101.98523422767376,73.08414038296404]]],[[[-88.39015671302532,74.99047430630388],[-80.34932419349407,74.61590155239763],[-81.70312210609173,75.8749500143117],[-88.39015671302532,74.99047430630388]]],[[[-78.5658794653794,80.99165344853304],[-83.6183747916386,80.20665320034685],[-87.27270981361126,76.50420721646013],[-78.21225449134563,76.54684790249529],[-78.36676498939251,78.03287085171404],[-71.45447250892376,79.84579046841326],[-62.4271020560429,82.633571230132],[-70.58430191566204,83.17604406948747],[-76.02439977354966,82.53072468985056],[-78.5658794653794,80.99165344853304]]],[[[-56.12695583342671,53.46584387832734],[-57.56114288856243,54.13071020718279],[-60.1714630701033,53.29857710058178],[-58.78822689960135,52.57259027862411],[-56.12695583342671,53.46584387832734]]],[[[124.22215560386921,73.69691046353044],[124.54383390453704,71.58610355723228],[130.86731605142418,69.90104204211539],[155.89216029229675,68.16901029658281],[168.13549806605704,67.45778023799447],[171.76813674618367,65.85917681241212],[172.4408476128738,63.07842210456581],[169.48091979943723,61.192640399715565],[170.3368025154903,60.27710302944841],[173.48090651939654,61.601100527007006],[179.28769973228717,62.81507834072771],[178.14725783775592,64.15663488979997],[180,64.95347937222185],[180,65.05193670864763],[180,65.31103094692888],[180,65.38163336392107],[180,65.96313055630388],[180,66.96313055630388],[180,67.96313055630388],[180,68.91989477749529],[175.6109724373653,69.77942999478044],[170.45170119713092,70.0192142355031],[167.3200788826778,69.65857275601091],[161.96099379966998,69.52816351528826],[159.4438124031856,69.76456030483904],[158.40867141197467,70.81418951626482],[152.13401320884967,70.66443213101091],[146.9151258797481,72.20190008755388],[141.29397109459185,72.78707464810076],[137.62967971275592,71.07541998501482],[132.28361037681842,71.66087683315935],[130.77927688072467,70.67834051724138],[126.2164411873653,72.38231238003435],[127.71956160972859,73.4015384542531],[124.22215560386921,73.69691046353044]]],[[[-170.32910629798627,66.25848730679216],[-173.87494370033002,67.1593280660695],[-180,68.91692694302263],[-180,67.96313055630388],[-180,66.96313055630388],[-180,65.96313055630388],[-180,65.381618105132],[-180,65.31103094692888],[-180,65.2592273580617],[-178.11627670814252,65.4824939596242],[-173.0770158438847,64.3839832174367],[-172.56233688880658,65.51480444546404],[-170.32910629798627,66.25848730679216]]]]},"properties":{"NAME":"Arctic marine mammal hunters","SUBJECTO":"Arctic marine mammal hunters","PARTOF":"Arctic marine mammal hunters"}},
{"type":"Feature","geometry":{"type":"Polygon","coordinates":[[[126.622208,33.23999],[126.793053,33.550827],[126.31749,33.452774],[126.622208,33.23999]]]},"properties":{"NAME":null,"SUBJECTO":null,"PARTOF":null}},
{"type":"Feature","geometry":{"type":"Polygon","coordinates":[[[121.75361922691609,40.73695334072771],[122.02749160240437,39.25575979824724],[124.10407546470906,39.884784303862475],[125.29609206627156,39.36432608242693],[124.73619368980671,38.27978094692888],[126.62915,37.591377000000136],[126.46641048800086,36.56322612231096],[129.29007159125206,37.32877742956747],[127.2768888802364,39.22168692227068],[129.47782424400592,40.682025514799975],[129.64126113365435,41.655849062163256],[132.18178847740435,43.19463690396013],[134.13894179771685,42.99295385952654],[136.03397658775592,44.39840658779802],[138.6490916408793,47.10548033058428],[134.96294194547863,46.43373156936129],[128.437312911062,44.8689661942914],[126.98733714041319,44.19089842322381],[123.05485976588628,42.35191171593143],[121.75361922691609,40.73695334072771]]]},"properties":{"NAME":"Gojoseon","SUBJECTO":"Gojoseon","PARTOF":"Gojoseon"}},
{"type":"Feature","geometry":{"type":"Polygon","coordinates":[[[126.765549,34.280823],[126.73082,34.363884],[126.64582800000017,34.324997],[126.765549,34.280823]]]},"properties":{"NAME":null,"SUBJECTO":null,"PARTOF":null}},
{"type":"Feature","geometry":{"type":"Polygon","coordinates":[[[127.213608,34.418884],[127.199142,34.485268],[127.13165300000014,34.473602],[127.11580700000013,34.434433000000126],[127.213608,34.418884]]]},"properties":{"NAME":null,"SUBJECTO":null,"PARTOF":null}},
{"type":"Feature","geometry":{"type":"Polygon","coordinates":[[[127.790817,34.47637900000012],[127.776321,34.533669],[127.716087,34.517212],[127.790817,34.47637900000012]]]},"properties":{"NAME":null,"SUBJECTO":null,"PARTOF":null}},
{"type":"Feature","geometry":{"type":"Polygon","coordinates":[[[126.186653,34.351387],[126.382751,34.471931],[126.23887600000012,34.569992],[126.10192900000015,34.424995],[126.186653,34.351387]]]},"properties":{"NAME":null,"SUBJECTO":null,"PARTOF":null}},
{"type":"Feature","geometry":{"type":"Polygon","coordinates":[[[127.803864,34.575554],[127.81218700000011,34.64138800000012],[127.76805100000013,34.66415400000011],[127.74832200000014,34.596939000000134],[127.803864,34.575554]]]},"properties":{"NAME":null,"SUBJECTO":null,"PARTOF":null}},
{"type":"Feature","geometry":{"type":"Polygon","coordinates":[[[125.991364,34.668053],[125.981369,34.716934],[125.9180530000001,34.69748700000014],[125.92637600000012,34.668884],[125.991364,34.668053]]]},"properties":{"NAME":null,"SUBJECTO":null,"PARTOF":null}},
{"type":"Feature","geometry":{"type":"Polygon","coordinates":[[[125.993042,34.791939],[125.893883,34.763885],[125.932213,34.718323],[125.993042,34.791939]]]},"properties":{"NAME":null,"SUBJECTO":null,"PARTOF":null}},
{"type":"Feature","geometry":{"type":"Polygon","coordinates":[[[128.085785,34.830276],[128.03137200000015,34.911659],[127.989967,34.837212000000136],[128.085785,34.830276]]]},"properties":{"NAME":null,"SUBJECTO":null,"PARTOF":null}},
{"type":"Feature","geometry":{"type":"Polygon","coordinates":[[[126.063599,34.854439],[126.094437,34.909714],[126.06275900000014,34.928329],[126.002213,34.890274],[126.063599,34.854439]]]},"properties":{"NAME":null,"SUBJECTO":null,"PARTOF":null}},
{"type":"Feature","geometry":{"type":"Polygon","coordinates":[[[127.9561,34.800827],[127.85720800000013,34.723877],[128.044434,34.69499200000013],[128.075531,34.79999500000014],[127.9561,34.800827]]]},"properties":{"NAME":null,"SUBJECTO":null,"PARTOF":null}},
{"type":"Feature","geometry":{"type":"Polygon","coordinates":[[[128.754425,34.87693800000011],[128.71109000000013,34.976654],[128.501923,34.887497],[128.604126,34.80915800000014],[128.754425,34.87693800000011]]]},"properties":{"NAME":null,"SUBJECTO":null,"PARTOF":null}},
{"type":"Feature","geometry":{"type":"Polygon","coordinates":[[[126.10608700000012,35.046944],[126.14444000000015,35.08027600000014],[126.1372070000001,35.14222000000012],[126.0599820000001,35.090828],[126.10608700000012,35.046944]]]},"properties":{"NAME":null,"SUBJECTO":null,"PARTOF":null}},
{"type":"Feature","geometry":{"type":"Polygon","coordinates":[[[126.428307,36.399719],[126.378593,36.586105],[126.32527200000015,36.559715],[126.33582300000012,36.438599],[126.428307,36.399719]]]},"properties":{"NAME":null,"SUBJECTO":null,"PARTOF":null}},
{"type":"Feature","geometry":{"type":"Polygon","coordinates":[[[126.16943400000014,36.82582900000011],[126.172447,36.836838],[126.15804300000013,36.833054],[126.16943400000014,36.82582900000011]]]},"properties":{"NAME":null,"SUBJECTO":null,"PARTOF":null}},
{"type":"Feature","geometry":{"type":"Polygon","coordinates":[[[130.887482,37.453323],[130.919434,37.545273],[130.807465,37.518326000000116],[130.887482,37.453323]]]},"properties":{"NAME":null,"SUBJECTO":null,"PARTOF":null}},
{"type":"Feature","geometry":{"type":"Polygon","coordinates":[[[129.505,34.66],[129.335,34.634],[129.245,34.357],[129.371,34.301],[129.505,34.66]]]},"properties":{"NAME":null,"SUBJECTO":null,"PARTOF":null}},
{"type":"Feature","geometry":{"type":"Polygon","coordinates":[[[133.26,36.151],[133.385,36.254],[133.24,36.317],[133.26,36.151]]]},"properties":{"NAME":null,"SUBJECTO":null,"PARTOF":null}},
{"type":"Feature","geometry":{"type":"Polygon","coordinates":[[[129.224,34.322],[129.183,34.167],[129.295,34.126],[129.347,34.285],[129.224,34.322]]]},"properties":{"NAME":null,"SUBJECTO":null,"PARTOF":null}},
{"type":"Feature","geometry":{"type":"Polygon","coordinates":[[[21.067906194254885,49.75798590702279],[18.414737987915924,49.55484370464976],[17.886569718197805,50.627822850395766],[16.44877831729847,51.27479516892307],[15.099014961352164,53.09157147740414],[15.470547657955025,53.796035298635765],[15.085587000343935,54.004260266794844],[14.472936663134345,53.87677725430193],[12.652518305285223,54.32142599697771],[11.407822641833075,53.8592906820363],[9.421020540697821,54.97648199673357],[10.147146257860907,55.764892183501146],[8.1834297509029,56.43146475430193],[8.848478350146063,53.749679170805834],[4.64101270149494,52.75569876309099],[4.264411482317694,52.07089193936052],[1.588920149309882,50.821883760649584],[0.032870042426833,49.333705507475756],[-1.891543593899957,49.526351534087084],[-3.954837766186944,47.90433844204607],[-2.004645553128473,47.04250296230974],[-1.075199690358392,46.01461752529802],[-1.561407771603815,43.52442511196794],[-3.417000499264947,43.37565191860857],[-7.636274781720392,43.72141226406755],[-8.644062963025323,42.41974981899919],[-8.694069829480402,40.992171846587084],[-9.549007382886163,38.77451666470232],[-8.667059865491144,37.12144049282732],[-7.227823701398126,37.225856386382006],[-3.769230371248074,37.66256983874683],[-1.606545477948515,38.38346480318002],[-0.16062503744816,39.8860240804738],[0.879201921923407,41.02173575039568],[2.628259214861639,41.61954077358904],[2.478525987172875,43.141371568439055],[3.199420951606062,43.81420686857669],[7.979526552660712,43.96491583462419],[9.691935572130927,44.21960028286638],[11.051824529490725,45.0748290360622],[11.64355760415715,45.64766327471777],[12.483212503893622,45.46231421108904],[14.354488405688056,45.32289084072771],[15.412318262560614,43.93475683804216],[19.606965097887763,41.76153906460466],[21.080790257828895,41.3439425902303],[24.622955409809848,41.8648492302275],[27.501950296862372,42.51634558315935],[28.568384001887615,44.15905360692653],[26.243439058135916,46.64348576966057],[21.067906194254885,49.75798590702279]]]},"properties":{"NAME":"Celltic Hallsatt culture","SUBJECTO":"Celltic Hallsatt culture","PARTOF":"Celltic Hallsatt culture"}},
{"type":"Feature","geometry":{"type":"Polygon","coordinates":[[[104.3248277870813,34.40797743208413],[107.22827167079322,35.55680988609244],[107.28109516079225,36.63998890713565],[110.6032772284535,37.99138500245549],[111.39159161739009,38.89231573266871],[113.58761027228482,39.34278109777533],[114.31961649058306,40.01847914543524],[116.98260953079995,40.35059796904124],[119.38549331138874,39.8434329855031],[121.75361922691609,40.73695334072771],[123.05485976588628,42.35191171593143],[126.98733714041319,44.19089842322381],[120.37302653105826,44.190898423223814],[108.5333152773121,39.79389371141353],[102.62427506336287,39.36901321922714],[104.3248277870813,34.40797743208413]]]},"properties":{"NAME":"Proto-Thai cultures","SUBJECTO":"Proto-Thai cultures","PARTOF":"Proto-Thai cultures"}},
{"type":"Feature","geometry":{"type":"Polygon","coordinates":[[[91.68724370088978,25.987953419904784],[92.2833098269149,24.455405400645894],[91.60668553425731,22.461072127441323],[92.17629531334187,20.886634432036303],[94.05371383140827,19.061149202544115],[94.4648542733028,17.26426275845232],[94.14335921715046,16.215379320341967],[95.32981399009968,15.677930437285326],[96.4692488045528,16.512576662260912],[97.57322219322468,16.44506987209978],[97.82298568199421,14.616008363921068],[98.48591903160359,13.111775957304857],[98.73837569664265,11.43508108730974],[98.17717269371296,8.600222192961596],[100.13910964439656,6.177317224699877],[100.66430953453327,3.903745018202684],[101.33639815758015,2.780523143965624],[103.42773726890827,1.380763732153795],[103.34182265709187,4.805444799620531],[101.55989364097859,6.739531599242113],[100.61492446373249,6.978928648192309],[100.13154128502156,8.532050691801928],[99.07134536216999,9.898278795439623],[99.89526656578327,12.079245172697924],[100.87163070152546,12.678542696196459],[102.65849593590046,12.066133104521654],[103.03959182213093,10.897970758635424],[104.9785261483028,9.980911813933275],[104.74248031090046,8.493669115263842],[106.48202804039265,9.552120767790697],[109.07335189293171,11.635222040373705],[109.30712417076374,12.906332575041674],[108.78612044761921,15.090558611113451],[108.23614791343952,16.080380998808764],[106.43306258629109,17.550279222685717],[105.53258040855671,18.844211183745287],[106.8070402474239,20.905006014067553],[107.90002730797077,21.47900541897478],[110.07721999595906,20.867482744414232],[111.08559707115437,21.479402147490404],[112.7495222420528,21.756068788725756],[113.71678451011921,22.482215486723803],[116.34061721275593,22.91333159084978],[118.81294539879109,24.8494144308156],[119.42890456627156,26.590831361967943],[120.35180953453327,27.177013002592943],[121.36191085289265,29.4143501150197],[115.89624526845621,28.70053684713161],[112.06728966505,28.418995993939976],[110.98056278847326,29.237897564931444],[109.6731862703427,29.178471359561872],[108.06940954972882,27.067599898620138],[105.81048292132058,27.217406582366028],[104.80023743003787,28.04937345754002],[104.68138501929873,29.832159618627156],[105.1567946622553,31.02068372601858],[106.64244979649457,32.565765065627424],[104.5625326085596,33.87314158375799],[104.3248277870813,34.40797743208413],[91.68724370088978,25.987953419904784]]]},"properties":{"NAME":"Austro-Asiatic rice farmers","SUBJECTO":"Austro-Asiatic rice farmers","PARTOF":"Austro-Asiatic rice farmers"}},
{"type":"Feature","geometry":{"type":"Polygon","coordinates":[[[118.1177113698305,53.17294308272021],[116.70675230759709,54.659373183217475],[114.0159088408366,59.54672904426065],[107.9615110406255,59.8183896994711],[99.48535412032993,55.65854236961009],[99.92553559192953,52.46988247389242],[118.1177113698305,53.17294308272021]]]},"properties":{"NAME":"Proto-Altaic pastoralists","SUBJECTO":"Proto-Altaic pastoralists","PARTOF":"Prot-Altaic pastoralists"}},
{"type":"Feature","geometry":{"type":"Polygon","coordinates":[[[33.580309426818275,46.03618052623849],[33.39549544761921,44.600490175444506],[35.06732085655476,44.86172445889177],[34.01782714290603,46.1129442432109],[33.580309426818275,46.03618052623849]]]},"properties":{"NAME":"Greek colonies","SUBJECTO":"Greek city-states","PARTOF":"Greek city-states"}},
{"type":"Feature","geometry":{"type":"Polygon","coordinates":[[[61.85953368826927,45.046490233861455],[63.64862974510001,45.68700170120695],[66.41594627008514,45.03586840121044],[69.18326279507026,43.08246850122095],[70.64831272006238,43.896385126216586],[74.55511252004138,43.24525182622008],[75.02422921712706,42.463390664410625],[81.64309877088692,43.31231610596493],[83.20575114642895,45.3608005510125],[97.06359500024548,50.49359435569497],[100.02352281368204,51.76006630839234],[99.48535412032993,55.65854236961009],[93.70004066679506,56.48455609390737],[78.36223290626025,56.41019430623805],[65.31164209247186,55.04663307077481],[59.09429166962169,56.4318399506882],[53.97646398874319,57.7086220534561],[46.105746848468755,57.7086220534561],[32.51698734132826,60.9322458642223],[29.018890834539626,61.77074313018303],[21.200139078600653,62.43518408413591],[21.560151133044013,60.51248510952654],[23.664656671984442,59.83555182095232],[28.43523124168659,60.33733709927263],[27.702038797838934,59.297504030424975],[23.415757212145575,59.11896475430193],[24.309745156734483,57.100335371114525],[25.721065719016593,57.004449882959555],[29.699468343418623,55.657418463082564],[33.73161780974143,56.73180931763887],[36.724571338144116,56.68348974373227],[38.455789555553515,55.93478950269306],[36.959312791352176,54.29034266662991],[38.30907614729848,53.6517686033654],[38.30517824794403,53.5913794514492],[48.57080664765036,53.31776999111938],[63.67920580475539,52.18763808822956],[61.981632865754825,47.82766623271557],[54.003040052452164,48.843262426608845],[47.38250559034995,47.25469240990776],[44.15711700624887,48.39438383964099],[27.860416791843452,48.055103318445184],[27.29807135792906,50.930608337003605],[26.219891307083707,50.943191415214166],[24.78209990618438,51.53106606872307],[24.488673089674318,51.384801403199006],[25.721065719016593,49.61191586701183],[25.104869404345454,48.82614347004016],[22.434685374103847,50.53466230405623],[21.067906194254885,49.75798590702279],[26.243439058135916,46.64348576966057],[28.568384001887615,44.15905360692653],[30.832856211169013,46.576591097075365],[33.580309426818275,46.03618052623849],[34.01782714290603,46.1129442432109],[37.42214492271687,47.07688101406755],[37.970171961291086,46.441283785063646],[37.47389129112507,44.69235952969255],[41.40974334190632,42.78824194546404],[41.68046859215046,41.79333838101091],[44.48397232547802,41.4503909332189],[44.825570748635116,40.76719408690471],[49.66902068565632,40.24031027432146],[49.80730346153523,40.58070334072771],[47.56529525230671,43.007709108549975],[46.84594634483601,44.446410738188646],[47.55630401085163,45.45349844570818],[51.36885741661335,47.09002264614763],[53.185217890246165,46.865226350981615],[52.60973647545124,45.39955099697771],[50.874304804308665,44.626247011382006],[52.51981643150593,42.072555147368334],[53.98521712730671,42.10553701992693],[54.81849578331257,40.879569612700365],[52.84545043419148,40.18038138027849],[54.03310683677937,38.992721162993334],[56.81173009513678,39.17566870124195],[57.46286339513327,40.152368651236706],[57.951213370130645,43.08246850122095],[59.48816356204271,43.91005706609668],[58.19851459213994,44.519655010233876],[58.81544552581277,45.931203365557586],[60.938085937500006,46.48984375],[61.85953368826927,45.046490233861455]]]},"properties":{"NAME":null,"SUBJECTO":null,"PARTOF":null}},
{"type":"Feature","geometry":{"type":"Polygon","coordinates":[[[59.28530012489797,45.27515277351341],[59.04642446737987,44.95472904529073],[59.237919829191895,44.79664436075891],[59.461002054807985,45.05522905711862],[59.28530012489797,45.27515277351341]]]},"properties":{"NAME":null,"SUBJECTO":null,"PARTOF":null}}
]}