{"type":"FeatureCollection", "features": [
{"type":"Feature","geometry":{"type":"Polygon","coordinates":[[[98.24275382984838,8.901254605588187],[100.13910964439656,6.177317224699877],[100.66430953453327,3.903745018202684],[101.33639815758015,2.780523143965624],[103.42773726890827,1.380763732153795],[103.34182265709187,4.805444799620531],[101.55989364097859,6.739531599242113],[100.61492446373249,6.978928648192309],[99.89802077720906,9.067752443510912],[99.46765671316115,9.183826892328119],[98.24275382984838,8.901254605588187]]]},"properties":{"NAME":null,"SUBJECTO":null,"PARTOF":null}},
{"type":"Feature","geometry":{"type":"MultiPolygon","coordinates":[[[[175.30768874595904,-37.32097665194807],[174.21686843345904,-35.336765683930494],[173.16649917076373,-35.420879758637525],[174.7646589608028,-37.296543515961744],[174.65473464439654,-38.983257688325025],[176.0114393563106,-41.255344785492994],[178.40819838951373,-38.771152890961744],[175.30768874595904,-37.32097665194807]]],[[[172.06266311119342,-43.92314187411604],[174.23354628990435,-42.01123467807112],[173.26403335045123,-41.543674863617994],[171.45835402916217,-41.99285165194807],[171.0240583748653,-42.886883176606275],[168.4157362313106,-44.2209095132762],[166.52276137779498,-46.23272363070784],[169.3993025154903,-46.70957223300276],[170.61156753013873,-45.946060575287916],[172.06266311119342,-43.92314187411604]]]]},"properties":{"NAME":null,"SUBJECTO":null,"PARTOF":null}},
{"type":"Feature","geometry":{"type":"Polygon","coordinates":[[[-24.2188501029179,65.5337406026906],[-21.95479675819134,65.37804754849138],[-22.372910466687433,63.773185335356615],[-18.64186379005169,63.323817812163256],[-14.821200337903253,64.19502600308122],[-13.646900144116632,65.49534186001482],[-16.922141042248956,65.97755011196794],[-24.2188501029179,65.5337406026906]]]},"properties":{"NAME":null,"SUBJECTO":null,"PARTOF":null}},
{"type":"Feature","geometry":{"type":"MultiPolygon","coordinates":[[[[-39.69494684817376,65.18696970170159],[-34.433060613171804,66.38395269985857],[-32.9560212760136,67.64102514858904],[-26.963623967663995,68.50170477505388],[-22.732329335705987,69.7740741598195],[-27.606051412122003,71.06815680142107],[-25.291254964368097,71.5688968526906],[-24.07642075111126,73.75567206021013],[-20.329588857190362,73.41964300747576],[-19.19354721595501,75.44353827114763],[-21.18268295814251,76.69747503872576],[-18.25337502052044,77.30013617153826],[-20.87882896949505,78.8179202901906],[-14.201948133008234,81.2101322042531],[-22.05288025428509,81.53975256558122],[-22.432360616223566,82.74334295864763],[-32.513173070447195,83.57699926968279],[-49.64758774329876,82.47806128140154],[-61.1224145560429,81.79757269497576],[-62.81141255638844,81.15595684596342],[-63.35819002201287,78.2356337190557],[-62.44868119723538,76.33836403843989],[-58.635662999646414,75.7932620870656],[-54.73041245033001,73.03760107632341],[-55.62637039710735,71.73035009976091],[-51.72012421180462,71.58955725308122],[-50.572628942029226,69.86625250454607],[-50.53911897259658,67.48805571153352],[-49.472532842377866,67.03273287353856],[-49.06240794677684,64.7863184095137],[-46.15809589644378,60.937403792612976],[-43.578778234021414,59.935687624174975],[-44.25808774116473,61.869878095613615],[-43.84796284556369,64.20612586086018],[-42.793355971161034,65.40311483729091],[-39.69494684817376,65.18696970170159]]],[[[-50.53911897259658,67.48805571153352],[-50.93936249305462,67.52581366177263],[-50.53911897259659,67.48805571153352],[-50.53911897259658,67.48805571153352]]]]},"properties":{"NAME":null,"SUBJECTO":null,"PARTOF":null}},
{"type":"Feature","geometry":{"type":"MultiPolygon","coordinates":[[[[-73.11150833656048,-72.7494625223094],[-70.0207185416386,-72.6721920144969],[-68.39805313636516,-71.12679711703596],[-72.10699936439251,-71.04952660922346],[-75.27505966712688,-71.66768304232893],[-73.11150833656048,-72.7494625223094]]],[[[-102.55128189613079,-72.13130608920393],[-97.14239975501751,-72.6721920144969],[-97.21967026283001,-71.82222405795393],[-102.55128189613079,-72.13130608920393]]],[[[-55.18492981483196,-80.94006005648909],[-44.83078476478313,-80.32190362338362],[-44.2126245169804,-78.39015618686018],[-48.84880920936321,-78.08107415561018],[-55.18492981483196,-80.94006005648909]]],[[[169.76938918541217,-83.41788903598128],[162.0152235359981,-81.6598629129344],[159.3153944344356,-80.02740899447737],[163.64298537681842,-78.66061059359846],[162.34563735435748,-75.1068843973094],[164.6162214608028,-74.17193261508284],[168.97468093345904,-73.2389415872508],[170.72912124107623,-71.90427819613753],[167.63463881920123,-70.86511651400862],[160.59853652427935,-70.22093621615706],[157.30686477134967,-69.15642968539534],[151.09345534752154,-68.88582269076643],[146.8754530281856,-67.99737969760237],[145.5856581063106,-67.2234844339305],[141.15749648521685,-66.72243157748518],[134.20519545982623,-66.18008843783674],[130.2721052498653,-66.25291863803206],[129.00962356041217,-67.02982751254378],[122.45820907066609,-66.64516106967268],[118.28564742515827,-67.0701412332469],[113.01485732506062,-65.76308099154768],[109.40372756431843,-66.71026269320784],[102.63083938072468,-65.92616692904768],[99.65426162193562,-66.54946557406721],[90,-66.60652581576643],[81.81432631920124,-67.3019527566844],[78.2599211067989,-68.38373223666487],[76.86905959556843,-69.3109630716258],[72.54195693443562,-70.23820153598128],[70.30113509605671,-72.01540795687971],[67.36488631675984,-71.70632592562971],[68.95107558677937,-69.88906518344221],[69.37389663170124,-67.84283868197737],[56.62694838951374,-66.94232598666487],[55.14159301231648,-65.96285668734846],[52.45182326744343,-65.98836175326643],[47.30508330772663,-67.77486077670393],[44.79703811119343,-67.74518243197737],[39.64714339683796,-68.93355981234846],[38.332049402697336,-70.02947656039534],[33.54134276817585,-68.5421642435008],[32.74804213951374,-69.34959832553206],[23.707478556139716,-70.58591882113753],[17.6031713814571,-70.08366052035628],[8.48534110496784,-70.08366052035628],[0.681093785269507,-71.31997338656721],[-4.882327046887628,-71.28133813266096],[-7.200421777264825,-70.894993222993],[-11.141175237195245,-71.59042016391096],[-11.828483548657648,-72.32257501010237],[-16.39551827003216,-73.44488946322737],[-14.450941052930109,-74.0646480691844],[-18.4045304923222,-75.68571130160628],[-23.581604924695245,-75.91752282504378],[-33.1630525260136,-77.38564721469221],[-36.40837952186321,-79.16285363559065],[-29.567681279675714,-79.2243160379344],[-28.91321846534466,-80.47643700961409],[-38.031048741833914,-80.94006005648909],[-43.82627960731243,-81.79002801303206],[-60.20745941688274,-82.33091393832503],[-74.88871475745891,-80.70824853305159],[-76.58865067054485,-79.39465752963362],[-80.76121231605266,-78.23561517123518],[-74.50236984779094,-78.08107415561018],[-78.59766098548626,-76.61294976596174],[-70.56160446693157,-76.69022027377424],[-64.45729538490032,-75.68571130160628],[-61.366505589978445,-73.90851251010237],[-60.825619664685476,-72.7494625223094],[-61.675587621228445,-70.8177227151805],[-65.38453384925579,-67.34058038119612],[-61.134694066540945,-64.86795464877424],[-62.91190430213665,-64.71340600375471],[-66.85265823890423,-66.79969445590315],[-67.08446976234173,-68.65416375521956],[-68.78439804603313,-69.81321374301253],[-67.08446976234173,-71.82222405795393],[-67.6253556876347,-72.7494625223094],[-75.58414169837688,-73.75397149447737],[-81.76572128822063,-74.02441064242659],[-88.56545731116985,-73.25171319369612],[-99.7881974845097,-72.99776116732893],[-101.8801164298222,-74.09877435092268],[-100.04510208656048,-75.30987969760237],[-105.6420793204472,-75.0675548685008],[-110.55704971839641,-75.30289117221174],[-113.23789688636516,-74.32137719516096],[-128.97754379798627,-74.9130138528758],[-134.77277084876752,-74.64256707553206],[-140.56799789954877,-75.26072350863753],[-146.67230698158002,-76.1106914651805],[-146.1458635001347,-77.45652428988753],[-149.9949082999394,-77.73335687045393],[-154.1674699454472,-77.11520043734846],[-158.18549057533002,-77.81062737826643],[-154.5538224845097,-79.1242183816844],[-148.60405441810346,-79.66510430697737],[-145.66779038001752,-80.51507226352034],[-152.08118149329877,-82.60135308627424],[-153.30974289466596,-83.94192925814924],[-148.7585801749394,-85.07398644809065],[-156.56282517005658,-85.46033135775862],[-167.2260636954472,-84.76490441684065],[-180,-84.3223156106883],[-180,-85.3223156106883],[-180,-86.3223156106883],[-180,-87.3223156106883],[-180,-88.3223156106883],[-180,-89.3223156106883],[-180,-90],[-179.20366379310346,-90],[-178.20366379310346,-90],[-177.20366379310346,-90],[-176.20366379310346,-90],[-175.20366379310346,-90],[-174.20366379310346,-90],[-173.20366379310346,-90],[-172.20366379310346,-90],[-171.20366379310346,-90],[-170.20366379310346,-90],[-169.20366379310346,-90],[-168.20366379310346,-90],[-167.20366379310346,-90],[-166.20366379310346,-90],[-165.20366379310346,-90],[-164.20366379310346,-90],[-163.20366379310346,-90],[-162.20366379310346,-90],[-161.20366379310346,-90],[-160.20366379310346,-90],[-159.20366379310346,-90],[-158.20366379310346,-90],[-157.20366379310346,-90],[-156.20366379310346,-90],[-155.20366379310346,-90],[-154.20366379310346,-90],[-153.20366379310346,-90],[-152.20366379310346,-90],[-151.20366379310346,-90],[-150.20366379310346,-90],[-149.20366379310346,-90],[-148.20366379310346,-90],[-147.20366379310346,-90],[-146.20366379310346,-90],[-145.20366379310346,-90],[-144.20366379310346,-90],[-143.20366379310346,-90],[-142.20366379310346,-90],[-141.20366379310346,-90],[-140.20366379310346,-90],[-139.20366379310346,-90],[-138.20366379310346,-90],[-137.20366379310346,-90],[-136.20366379310346,-90],[-135.20366379310346,-90],[-134.20366379310346,-90],[-133.20366379310346,-90],[-132.20366379310346,-90],[-131.20366379310346,-90],[-130.20366379310346,-90],[-129.20366379310346,-90],[-128.20366379310346,-90],[-127.20366379310344,-90],[-126.20366379310344,-90],[-125.20366379310344,-90],[-124.20366379310344,-90],[-123.20366379310344,-90],[-122.20366379310344,-90],[-121.20366379310344,-90],[-120.20366379310344,-90],[-119.20366379310344,-90],[-118.20366379310344,-90],[-117.20366379310344,-90],[-116.20366379310344,-90],[-115.20366379310344,-90],[-114.20366379310344,-90],[-113.20366379310344,-90],[-112.20366379310344,-90],[-111.20366379310344,-90],[-110.20366379310344,-90],[-109.20366379310344,-90],[-108.20366379310344,-90],[-107.20366379310344,-90],[-106.20366379310344,-90],[-105.20366379310344,-90],[-104.20366379310344,-90],[-103.20366379310344,-90],[-102.20366379310344,-90],[-101.20366379310344,-90],[-100.20366379310344,-90],[-99.20366379310344,-90],[-98.20366379310344,-90],[-97.20366379310344,-90],[-96.20366379310344,-90],[-95.20366379310344,-90],[-94.20366379310344,-90],[-93.20366379310344,-90],[-92.20366379310344,-90],[-91.20366379310344,-90],[-90,-90],[-89.20366379310344,-90],[-88.20366379310344,-90],[-87.20366379310344,-90],[-86.20366379310344,-90],[-85.20366379310344,-90],[-84.20366379310344,-90],[-83.20366379310344,-90],[-82.20366379310344,-90],[-81.20366379310344,-90],[-80.20366379310344,-90],[-79.20366379310344,-90],[-78.20366379310344,-90],[-77.20366379310344,-90],[-76.20366379310344,-90],[-75.20366379310344,-90],[-74.20366379310344,-90],[-73.20366379310344,-90],[-72.20366379310344,-90],[-71.20366379310344,-90],[-70.20366379310344,-90],[-69.20366379310344,-90],[-68.20366379310344,-90],[-67.20366379310344,-90],[-66.20366379310344,-90],[-65.20366379310344,-90],[-64.20366379310344,-90],[-63.203663793103445,-90],[-62.203663793103445,-90],[-61.203663793103445,-90],[-60.203663793103445,-90],[-59.203663793103445,-90],[-58.203663793103445,-90],[-57.203663793103445,-90],[-56.203663793103445,-90],[-55.203663793103445,-90],[-54.203663793103445,-90],[-53.203663793103445,-90],[-52.203663793103445,-90],[-51.203663793103445,-90],[-50.203663793103445,-90],[-49.203663793103445,-90],[-48.203663793103445,-90],[-47.203663793103445,-90],[-46.203663793103445,-90],[-45.203663793103445,-90],[-44.203663793103445,-90],[-43.203663793103445,-90],[-42.203663793103445,-90],[-41.203663793103445,-90],[-40.203663793103445,-90],[-39.203663793103445,-90],[-38.203663793103445,-90],[-37.203663793103445,-90],[-36.203663793103445,-90],[-35.203663793103445,-90],[-34.203663793103445,-90],[-33.203663793103445,-90],[-32.203663793103445,-90],[-31.20366379310345,-90],[-30.20366379310345,-90],[-29.20366379310345,-90],[-28.20366379310345,-90],[-27.20366379310345,-90],[-26.20366379310345,-90],[-25.20366379310345,-90],[-24.20366379310345,-90],[-23.20366379310345,-90],[-22.20366379310345,-90],[-21.20366379310345,-90],[-20.20366379310345,-90],[-19.20366379310345,-90],[-18.20366379310345,-90],[-17.20366379310345,-90],[-16.20366379310345,-90],[-15.203663793103448,-90],[-14.203663793103448,-90],[-13.203663793103448,-90],[-12.203663793103448,-90],[-11.203663793103448,-90],[-10.203663793103448,-90],[-9.203663793103448,-90],[-8.203663793103448,-90],[-7.203663793103448,-90],[-6.203663793103448,-90],[-5.203663793103448,-90],[-4.203663793103448,-90],[-3.203663793103448,-90],[-2.203663793103448,-90],[-1.203663793103448,-90],[-0.203663793103448,-90],[0.778056177599677,-90],[1.778056177599677,-90],[2.778056177599677,-90],[3.778056177599677,-90],[4.778056177599677,-90],[5.778056177599677,-90],[6.778056177599677,-90],[7.778056177599677,-90],[8.778056177599677,-90],[9.778056177599677,-90],[10.778056177599677,-90],[11.778056177599677,-90],[12.778056177599677,-90],[13.778056177599677,-90],[14.778056177599677,-90],[15.778056177599677,-90],[16.778056177599677,-90],[17.778056177599677,-90],[18.778056177599677,-90],[19.778056177599677,-90],[20.778056177599677,-90],[21.778056177599677,-90],[22.778056177599677,-90],[23.778056177599677,-90],[24.778056177599677,-90],[25.778056177599677,-90],[26.778056177599677,-90],[27.778056177599677,-90],[28.778056177599677,-90],[29.778056177599677,-90],[30.778056177599677,-90],[31.778056177599677,-90],[32.77805617759968,-90],[33.77805617759968,-90],[34.77805617759968,-90],[35.77805617759968,-90],[36.77805617759968,-90],[37.77805617759968,-90],[38.77805617759968,-90],[39.77805617759968,-90],[40.77805617759968,-90],[41.77805617759968,-90],[42.77805617759968,-90],[43.77805617759968,-90],[44.77805617759968,-90],[45.77805617759968,-90],[46.77805617759968,-90],[47.77805617759968,-90],[48.77805617759968,-90],[49.77805617759968,-90],[50.77805617759968,-90],[51.77805617759968,-90],[52.77805617759968,-90],[53.77805617759968,-90],[54.77805617759968,-90],[55.77805617759968,-90],[56.77805617759968,-90],[57.77805617759968,-90],[58.77805617759968,-90],[59.77805617759968,-90],[60.77805617759968,-90],[61.77805617759968,-90],[62.77805617759968,-90],[63.77805617759968,-90],[64.77805617759968,-90],[65.77805617759968,-90],[66.77805617759968,-90],[67.77805617759968,-90],[68.77805617759968,-90],[69.77805617759968,-90],[70.77805617759968,-90],[71.77805617759968,-90],[72.77805617759968,-90],[73.77805617759968,-90],[74.77805617759968,-90],[75.77805617759968,-90],[76.77805617759968,-90],[77.77805617759968,-90],[78.77805617759968,-90],[79.77805617759968,-90],[80.77805617759968,-90],[81.77805617759968,-90],[82.77805617759968,-90],[83.77805617759968,-90],[84.77805617759968,-90],[85.77805617759968,-90],[86.77805617759968,-90],[87.77805617759968,-90],[88.77805617759968,-90],[89.77805617759968,-90],[89.79633620689656,-90],[90,-90],[91.77805617759968,-90],[92.77805617759968,-90],[93.77805617759968,-90],[94.77805617759968,-90],[95.77805617759968,-90],[96.77805617759968,-90],[97.77805617759968,-90],[98.77805617759968,-90],[99.77805617759968,-90],[100.77805617759968,-90],[101.77805617759968,-90],[102.77805617759968,-90],[103.77805617759968,-90],[104.77805617759968,-90],[105.77805617759968,-90],[106.77805617759968,-90],[107.77805617759968,-90],[108.77805617759968,-90],[109.77805617759968,-90],[110.77805617759968,-90],[111.77805617759968,-90],[112.77805617759968,-90],[113.77805617759968,-90],[114.77805617759968,-90],[115.77805617759968,-90],[116.77805617759968,-90],[117.77805617759968,-90],[118.77805617759968,-90],[119.77805617759968,-90],[120.77805617759968,-90],[121.77805617759968,-90],[122.77805617759968,-90],[123.77805617759968,-90],[124.77805617759968,-90],[125.77805617759968,-90],[126.77805617759968,-90],[127.77805617759968,-90],[128.77805617759967,-90],[129.77805617759967,-90],[130.77805617759967,-90],[131.77805617759967,-90],[132.77805617759967,-90],[133.77805617759967,-90],[134.77805617759967,-90],[135.77805617759967,-90],[136.77805617759967,-90],[137.77805617759967,-90],[138.77805617759967,-90],[139.77805617759967,-90],[140.77805617759967,-90],[141.77805617759967,-90],[142.77805617759967,-90],[143.77805617759967,-90],[144.77805617759967,-90],[145.77805617759967,-90],[146.77805617759967,-90],[147.77805617759967,-90],[148.77805617759967,-90],[149.77805617759967,-90],[150.77805617759967,-90],[151.77805617759967,-90],[152.77805617759967,-90],[153.77805617759967,-90],[154.77805617759967,-90],[155.77805617759967,-90],[156.77805617759967,-90],[157.77805617759967,-90],[158.77805617759967,-90],[159.77805617759967,-90],[160.77805617759967,-90],[161.77805617759967,-90],[162.77805617759967,-90],[163.77805617759967,-90],[164.77805617759967,-90],[165.77805617759967,-90],[166.77805617759967,-90],[167.77805617759967,-90],[168.77805617759967,-90],[169.77805617759967,-90],[170.77805617759967,-90],[171.77805617759967,-90],[172.77805617759967,-90],[173.77805617759967,-90],[174.77805617759967,-90],[175.77805617759967,-90],[176.77805617759967,-90],[177.77805617759967,-90],[178.77805617759967,-90],[180,-90],[180,-89.31921807650862],[180,-88.31921807650862],[180,-87.31921807650862],[180,-86.31921807650862],[180,-85.31921807650862],[180,-84.34037438754378],[169.76938918541217,-83.41788903598128]]]]},"properties":{"NAME":null,"SUBJECTO":null,"PARTOF":null}},
{"type":"Feature","geometry":{"type":"MultiPolygon","coordinates":[[[[140.86977675865435,-2.794752515595533],[137.85431960533404,-1.613961375992872],[136.2708845467403,-2.418122447770216],[135.24643996666217,-3.538871921341993],[134.28306106041217,-2.854586995881178],[133.9073133797481,-1.006078935902693],[132.25400832603717,-0.52669767264662],[131.21142104576373,-1.024637974541761],[132.7187147469356,-2.934237636368849],[132.71282485435748,-3.887547172349073],[134.04062941978717,-3.948230661194899],[137.82358840416217,-5.427235997956373],[139.1561384529903,-7.725116647523024],[140.94761184166217,-9.273864187043287],[142.60740188072467,-9.376576818268873],[144.37983230064654,-7.758321679871656],[145.81963637779498,-8.098442472260572],[146.64609816978717,-9.278875745576002],[147.8736219734981,-10.178817189972975],[149.78336623619342,-10.40988961581526],[149.82990554283404,-9.710580266755201],[148.5887098641231,-9.160280622284986],[146.9091444344356,-6.894825376313307],[147.37649062584185,-6.124768174927809],[143.44550612877154,-3.610096133988478],[140.86977675865435,-2.794752515595533]]],[[[149.5541639656856,-6.406063951294996],[152.0586805672481,-5.498135484498121],[151.58762649009967,-4.901724733155348],[149.5541639656856,-6.406063951294996]]],[[[120.43191054771687,0.636000238615892],[119.91373732994343,0.539560459811113],[118.6836042733028,-2.901070750992872],[119.46113112877156,-3.808197892945387],[119.4768400521114,-5.80376807574568],[120.24806502769734,-5.586007512848951],[120.14419082115437,-3.075864232819654],[121.87277511070515,-4.959664739411451],[122.64091018150593,-4.284319795411207],[122.25816634605671,-3.211096681397535],[120.50657180259968,-1.448180831711866],[119.87274459312702,-0.464555866759397],[120.43191054771687,0.636000238615892]]]]},"properties":{"NAME":null,"SUBJECTO":null,"PARTOF":null}},
{"type":"Feature","geometry":{"type":"Polygon","coordinates":[[[13.252219233019598,79.8007312643117],[11.760330233080634,78.88018377896013],[15.098876032336005,77.11526831265154],[19.115822824938544,78.45454748745622],[17.83405402611042,79.80945166226091],[13.252219233019598,79.8007312643117]]]},"properties":{"NAME":null,"SUBJECTO":null,"PARTOF":null}},
{"type":"Feature","geometry":{"type":"Polygon","coordinates":[[[80.5628996224239,5.931666456419848],[81.86616805504109,7.08456143017473],[80.66241744468952,9.299456201750658],[79.67463210533406,8.80493029232683],[79.85409072349812,7.061153494078539],[80.5628996224239,5.931666456419848]]]},"properties":{"NAME":"Simhala","SUBJECTO":"Simhala","PARTOF":"Simhala"}},
{"type":"Feature","geometry":{"type":"Polygon","coordinates":[[[-100.49357439234822,20.899943654742394],[-100.75496856910725,19.588321153783404],[-99.14153364950319,18.923884107507348],[-98.48284713375817,19.802132795167363],[-99.10686593814819,20.58628340914953],[-100.49357439234822,20.899943654742394]]]},"properties":{"NAME":"Teotihuacàn","SUBJECTO":"Teotihuacàn","PARTOF":"Teotihuacàn"}},
{"type":"Feature","geometry":{"type":"Polygon","coordinates":[[[-96.20592381197541,17.88608189238678],[-98.58685026782317,17.987855900922327],[-99.01583000809292,16.823658789314106],[-96.43745216381312,16.219802621817283],[-95.50142395722808,16.53181202401229],[-96.18788807099754,17.879781336252893],[-96.20592381197541,17.88608189238678]]]},"properties":{"NAME":"Monte Albàn","SUBJECTO":"Monte Albàn","PARTOF":"Monte Albàn"}},
{"type":"Feature","geometry":{"type":"Polygon","coordinates":[[[-87.57061478187298,15.908048235136889],[-88.66434189368938,15.725766740996264],[-87.87709518958782,18.380864702422045],[-87.20057388831829,21.528873048979662],[-90,21.160729967314623],[-90,19.38150557156267],[-92.93793796133433,18.586177051054726],[-93.14401958508803,16.9824922716273],[-93.58785745357416,15.741059799706633],[-91.2420320182011,13.951556764799975],[-90,13.752979928891033],[-88.24292813890945,14.835837236778428],[-87.57061478187298,15.908048235136889]]]},"properties":{"NAME":"Maya states","SUBJECTO":"Maya states","PARTOF":"Maya states"}},
{"type":"Feature","geometry":{"type":"Polygon","coordinates":[[[-155.77216049720502,20.212861620146654],[-156.0341691641972,19.10568770046892],[-154.94768234779096,19.48286589260759],[-155.77216049720502,20.212861620146654]]]},"properties":{"NAME":null,"SUBJECTO":null,"PARTOF":null}},
{"type":"Feature","geometry":{"type":"Polygon","coordinates":[[[-58.13945099403118,48.59906729336443],[-56.0789460807011,47.865218721587084],[-52.72859665443157,47.45452459927263],[-54.12957855750774,48.83571585293474],[-57.35559937049602,50.59522970791521],[-58.13945099403118,48.59906729336443]]]},"properties":{"NAME":"Dorset","SUBJECTO":"Dorset","PARTOF":"Dorset"}},
{"type":"Feature","geometry":{"type":"Polygon","coordinates":[[[-96.18788807099754,17.879781336252893],[-93.14401958508803,16.9824922716273],[-92.93793796133433,18.586177051054726],[-94.24197098304485,18.240150057036303],[-96.01226517249798,18.92925604458513],[-97.52655310700122,21.25448451827604],[-98.51751484511317,20.934611366097396],[-98.44817942240316,19.79057689138237],[-97.23480952497813,18.23052988040733],[-96.20592381197541,17.88608189238678],[-96.18788807099754,17.879781336252893]]]},"properties":{"NAME":"Veracruz civilization","SUBJECTO":"Veracruz civilization","PARTOF":"Veracruz civilization"}},
{"type":"Feature","geometry":{"type":"Polygon","coordinates":[[[-7.225492921368829,55.10419043179216],[-8.59008499671673,54.20284994717302],[-9.890640225903741,52.19443091030779],[-9.81910988380169,51.434554659087084],[-6.40597101737713,52.21443899746599],[-6.443396058575861,53.899379335600756],[-7.225492921368829,55.10419043179216]]]},"properties":{"NAME":null,"SUBJECTO":null,"PARTOF":null}},
{"type":"Feature","geometry":{"type":"Polygon","coordinates":[[[128.16448501060748,34.799464784819506],[128.0412893567349,36.560372320296324],[127.67028700255646,37.209626440108565],[126.3918562264278,37.61432226772966],[126.44296554039265,37.47432669277849],[126.78633407066609,37.0739017355031],[126.79962447593952,36.94661673184099],[126.68535140465046,36.8381725179738],[126.39093306968952,36.95851095791521],[126.25480178306843,36.90731009121599],[125.96027663658406,36.722125612456225],[126.36143783043171,36.62746389980974],[126.43670180748249,36.13125952358904],[126.62643722008015,35.92805441494646],[126.22541335533406,35.163993440825365],[126.4095793099239,34.26900442715349],[126.61678603599812,34.40909155483904],[126.82445815513874,34.428554140288256],[127.35909560631062,34.80417975063982],[128.16448501060748,34.799464784819506]]]},"properties":{"NAME":"Paekche","SUBJECTO":"Paekche","PARTOF":"Paekche"}},
{"type":"Feature","geometry":{"type":"Polygon","coordinates":[[[127.40455916832234,39.07533987637224],[125.29374221275593,38.68870123501482],[125.26937392662312,37.48468359585466],[126.3918562264278,37.61432226772966],[127.67028700255646,37.209626440108565],[128.0412893567349,36.560372320296324],[128.16448501060748,34.799464784819506],[129.0600233406856,35.169784151274584],[129.24999526451373,37.008876405913256],[128.4510603279903,38.255424104887865],[128.14414504478717,38.534633241850756],[127.95601943443562,38.69407232876482],[127.40455916832234,39.07533987637224]]]},"properties":{"NAME":"Silla","SUBJECTO":"Silla","PARTOF":"Silla"}},
{"type":"Feature","geometry":{"type":"Polygon","coordinates":[[[-80.88809677650188,-5.900269426148512],[-79.06024643470501,-8.215522207062818],[-76.64871457964954,-12.842323458174974],[-75.98943359071838,-12.194345028347232],[-76.35802501348394,-10.965706952462046],[-77.40236737798634,-9.675636972782605],[-78.56957355007727,-7.095497013423731],[-80.35109876011077,-5.313971803390217],[-80.88809677650188,-5.900269426148512]]]},"properties":{"NAME":"Moche","SUBJECTO":"Moche","PARTOF":"Moche"}},
{"type":"Feature","geometry":{"type":"MultiPolygon","coordinates":[[[[-90,13.752979928891033],[-87.94866653968548,13.171761118132494],[-86.01414200355266,11.367618166167162],[-85.77779099036907,10.138352953154467],[-83.61494156409954,9.151563249785326],[-82.95613571693157,8.256755434233568],[-81.6642732291386,8.16464766140642],[-80.81377121497844,7.270063482481859],[-79.71689316322063,8.883091531950853],[-79.06764694740032,9.034267984587572],[-77.40016647865032,6.67044600125017],[-77.50037857581829,5.51357754345598],[-77.10599991370891,3.792188965041063],[-77.80209824134563,2.576873623091601],[-78.46819778968548,2.467397295195482],[-78.98431107093548,1.296987973410509],[-80.0855607657597,0.817998133856676],[-80.33884903480266,-0.663181163113691],[-80.96610733558391,-1.033107079308607],[-80.1441545157597,-3.414210237305738],[-81.41761490394329,-4.675080694001295],[-80.88809677650188,-5.900269426148512],[-80.35109876011077,-5.313971803390217],[-78.56957355007727,-7.095497013423731],[-77.40236737798634,-9.675636972782605],[-76.35802501348394,-10.965706952462046],[-75.98943359071838,-12.194345028347232],[-76.64871457964954,-12.842323458174974],[-76.23820969154094,-13.908625997346022],[-75.56421451676609,-12.87323543403529],[-73.88967338250498,-14.854972812012551],[-74.6214265494511,-15.665019429963209],[-71.61186691810344,-17.22145501498518],[-70.58412643958782,-18.083280957978346],[-70.11244675208782,-20.693352140229322],[-68.13321559222494,-19.349095769782156],[-66.59524723372101,-19.145123826644383],[-65.90622541609757,-18.31105888474315],[-64.66180129731615,-16.804676207468987],[-64.1940629085568,-14.694582386569342],[-69.04501111905242,-8.235853806057],[-70.15820726425522,-5.735421450211085],[-66.40849393304576,3.041936481420927],[-62.65878060183632,4.152921580887431],[-58.55753164582598,3.977596077854006],[-55.8624251890192,1.695565793857857],[-55.80383591821904,0.875529465609527],[-57.97163893782451,-0.589157846288572],[-58.44035310422569,-2.287649024474563],[-56.33113935542037,-4.334740468715777],[-54.16333633581491,-4.626791146196514],[-49.06606977620206,-4.743578120004467],[-45.37494571579276,-3.165484550148441],[-44.549137999466566,-3.10260205994856],[-44.79592606116985,-1.736357845109083],[-47.237137761609304,-0.680439270775892],[-48.042530980603445,-0.815624035637953],[-49.221146550671804,-2.108145631592848],[-50.64313980628704,-1.882471717637159],[-51.529381719128835,-0.429196335118391],[-49.88430496741985,1.21387108441057],[-50.68808075477337,2.216172300536059],[-51.20926758338665,4.070678793150805],[-53.02668091346477,5.426703058440111],[-54.28620621253704,5.881543241698168],[-56.746396031872976,6.00331839199724],[-58.57506653358196,6.984399877745531],[-59.83440491248821,8.440183244902514],[-61.695771781275944,8.610088933385873],[-63.06524366801216,8.32539786170036],[-65.96541257261946,8.180441590467876],[-70.68184887203134,8.55721593295672],[-71.09831711341594,9.327861391264818],[-72.11403366615032,9.904005609709642],[-71.6879548697636,10.769269548613451],[-72.37965866615032,11.810100160796068],[-74.21892258216594,11.367601953703783],[-75.45044418861126,10.627693735319994],[-75.70266434241985,9.425959192473314],[-76.76352402259563,8.692807756621264],[-79.50042435218548,9.638376795012377],[-80.96249863197063,8.864939295012377],[-82.22958847572063,9.046509348112963],[-83.91412827064251,11.251382433134935],[-83.66236588050579,13.705296121794603],[-83.31351944495891,14.767507158476732],[-84.65045639564251,15.933375917632006],[-87.57061478187298,15.908048235136889],[-88.24292813890945,14.835837236778428],[-90,13.752979928891033]]],[[[-48.85215473085459,-28.563025096783424],[-48.72837921668743,-28.367052472870924],[-48.796904749948716,-28.475548314302703],[-48.85215473085459,-28.563025096783424]]],[[[-52.14021349238029,-31.740936200871825],[-52.14362427283977,-31.747351087372877],[-52.04218765784954,-31.556572355073072],[-52.14021349238029,-31.740936200871825]]],[[[-69.16695114661907,-51.14943734530745],[-69.11474151787864,-51.35236245613261],[-69.07692429115032,-51.49934808139143],[-69.16695114661907,-51.14943734530745]]]]},"properties":{"NAME":null,"SUBJECTO":null,"PARTOF":null}},
{"type":"Feature","geometry":{"type":"Polygon","coordinates":[[[30.808542433239328,23.862604902257928],[29.987884600646403,22.332229315714486],[29.48682156756216,20.277870880069095],[29.60734921129023,18.780633578627118],[30.346545040181983,16.932644006397737],[30.78958545358119,17.32159898487207],[33.745857348778216,17.371705288180493],[35.19227037842286,17.575261182242752],[34.4217777775482,20.50604967705261],[33.345321283718846,23.354044941061307],[33.657230668213316,24.017988632918694],[30.808542433239328,23.862604902257928]]]},"properties":{"NAME":"Makkura","SUBJECTO":"Makkura","PARTOF":"Makkura"}},
{"type":"Feature","geometry":{"type":"Polygon","coordinates":[[[32.042243036291794,8.803527422439965],[34.29702668517088,8.051932872813602],[36.150959907582575,8.001826569505177],[38.64460625909806,9.700482013276591],[38.64460625909806,9.700482013276593],[42.63643935631062,13.09338244076433],[42.40844253013874,13.175496660429857],[40.739138636095774,14.919243417937182],[39.517928156359446,15.46304854031267],[38.641741785509836,18.06071051235857],[35.19227037842286,17.575261182242752],[33.745857348778216,17.371705288180493],[30.78958545358119,17.32159898487207],[30.346545040181983,16.932644006397737],[30.73531475192677,11.19653372381481],[30.78958545358119,10.457035431617962],[32.042243036291794,8.803527422439965]]]},"properties":{"NAME":"Axum","SUBJECTO":"Axum","PARTOF":"Axum"}},
{"type":"Feature","geometry":{"type":"Polygon","coordinates":[[[35.07210448692585,29.21136053677263],[34.88559249351765,28.357480608183764],[37.21826842735554,25.166631303984545],[39.1021948189571,22.400445543486498],[39.526900324328196,20.692212663847826],[41.40634486398652,21.275229795191834],[42.33780954984543,20.716350983676485],[45.47866305436099,15.995599584616752],[46.67636443554862,15.795982687752147],[48.87215030105925,16.594450275210562],[50.76851082127298,16.794067172075167],[52.35659697960163,16.233945451933764],[54.08425811241413,17.01911886807146],[55.19483855675007,17.148564897734545],[55.561072382433665,17.937171541411303],[57.83862975548054,19.03480681057634],[57.80608275841023,20.171960436064623],[58.51204970787312,20.421229921538256],[59.837283167345774,22.279178224760912],[58.62849334190632,23.4582954275197],[57.146197351916086,23.9824710714406],[56.01545623253132,25.771625124174975],[54.34709838341023,24.154452882964037],[51.58590224693562,24.003221117216967],[50.77828124473835,24.47092970486345],[49.93686202476765,25.955783449370287],[50.12176421592976,26.737586580473803],[48.85502150963093,27.522691332060717],[48.1290617317989,29.268191896635912],[47.61403945396687,29.272241197783373],[39.4901561484229,33.36226961183725],[38.37574401120885,33.531644259724374],[36.46958202893428,29.565265499336135],[35.07210448692585,29.21136053677263]]]},"properties":{"NAME":null,"SUBJECTO":null,"PARTOF":null}},
{"type":"Feature","geometry":{"type":"Polygon","coordinates":[[[52.35659697960163,16.233945451933764],[50.76851082127298,16.794067172075167],[48.87215030105925,16.594450275210562],[46.67636443554862,15.795982687752147],[45.47866305436099,15.995599584616752],[42.33780954984543,20.716350983676485],[41.40634486398652,21.275229795191834],[39.526900324328196,20.692212663847826],[40.69382003258015,19.868707262236498],[41.628558191759836,18.047204576689623],[42.76366332481648,16.64545591946306],[42.79587844322468,15.47008093472185],[43.84059050987507,12.663913332182787],[46.601199182970774,13.40054567928972],[49.33384993980671,14.632695757109545],[51.312563929064524,15.246890627104662],[52.35659697960163,16.233945451933764]]]},"properties":{"NAME":"Himyarite Kingdom","SUBJECTO":"Himyarite Kingdom","PARTOF":"Himyarite Kingdom"}},
{"type":"Feature","geometry":{"type":"MultiPolygon","coordinates":[[[[41.68046859215046,41.79333838101091],[40.36101439903523,40.96344336147966],[36.38289550255085,41.23751791592302],[35.95779326866413,41.68564566250505],[33.55554107139851,41.982501589018725],[30.744805368883856,41.04032477017107],[26.127575907213934,39.878558717924975],[27.160407099230536,37.36008032437029],[30.472832712633856,36.18825491543474],[31.37069037864948,36.71234472866716],[33.171336206896555,35.97088202114763],[34.4851293892696,36.62678106899919],[35.70863250206257,36.21223410244646],[35.873065027697336,34.422286592680834],[34.50065902183796,31.621099077422045],[33.557601007921946,30.967715822417162],[30.995955500109442,31.468850694853685],[29.248847040636786,30.753661714751146],[23.153338465197333,32.138812624174975],[21.673419031603583,32.8155895101613],[20.365721735461005,32.29824026699724],[19.663914713366278,30.441501222807787],[18.608251734537422,30.374469834373926],[18.61181125652539,29.406573618946076],[22.30779040098416,29.960970490614894],[26.742965374334684,28.574978311442855],[28.406155989341126,27.743383003939627],[30.808542433239328,23.862604902257928],[33.657230668213316,24.017988632918694],[35.189864191515696,24.39991911526384],[33.928809198839915,26.56382330532732],[35.07210448692585,29.21136053677263],[36.46958202893428,29.565265499336135],[38.37574401120885,33.531644259724374],[39.96600403649444,35.77056297953434],[40.474880178127606,37.85530120348044],[38.425657869237995,39.47977561561838],[40.392911285772016,39.71823057519826],[41.58518608367142,40.55282293372784],[41.68046859215046,41.79333838101091]]],[[[29.61591628502155,45.4102054464406],[28.22135703211819,45.48408289734172],[28.03655807489525,44.37528915400409],[25.264573716551173,43.82089228233528],[23.13938570848738,43.91329176094675],[22.954586751264443,44.6524875898385],[19.065554967667936,45.53510719663292],[18.843149619610575,42.24141953939946],[19.606965097887763,41.76153906460466],[19.369067224962958,40.260280214507006],[21.22843078087116,37.904906831938646],[22.638745340807684,37.49228628750505],[23.555766138537177,38.351764284331225],[23.169491800768622,38.6670413839406],[22.602313074572333,38.8562389242238],[22.87106231163288,39.02434881802263],[22.72025779197956,39.2872691976613],[22.602265390856513,40.39723929043474],[23.885952982409247,40.732894502837084],[28.827807459337958,40.914699159819506],[27.501950296862372,42.51634558315935],[28.445693048937567,43.476363741118334],[29.61591628502155,45.4102054464406]]]]},"properties":{"NAME":"Eastern Roman Empire","SUBJECTO":"Eastern Roman Empire","PARTOF":"Eastern Roman Empire"}},
{"type":"Feature","geometry":{"type":"Polygon","coordinates":[[[107.32983674477201,15.299084550828535],[107.63615987692162,13.743727538323313],[107.51798240750855,11.759386564457207],[107.10048444361932,10.411494267643157],[108.69589522789265,11.145221315581225],[109.30712417076374,12.906332575041674],[108.78612044761921,15.090558611113451],[107.69201949547077,16.37142714138689],[107.32983674477201,15.299084550828535]]]},"properties":{"NAME":"Champa","SUBJECTO":"Champa","PARTOF":"Champa"}},
{"type":"Feature","geometry":{"type":"MultiPolygon","coordinates":[[[[136.7338514656856,34.87408789272966],[136.1872663826778,36.20200308438005],[135.15697768638873,35.646468721587084],[132.6628523201778,35.38062628384294],[130.89904311607623,33.90366705532732],[134.42731765220904,34.62817724819841],[135.75567153404498,33.34231527920427],[136.7338514656856,34.87408789272966]]],[[[130.74401381920123,30.88783415432634],[131.83098891685748,32.69308813687029],[130.42656997154498,33.67417105313005],[129.34337905357623,33.15138968105974],[130.74401381920123,30.88783415432634]]]]},"properties":{"NAME":"Yamato","SUBJECTO":"Yamato","PARTOF":"Yamato"}},
{"type":"Feature","geometry":{"type":"Polygon","coordinates":[[[136.7338514656856,34.87408789272966],[138.1490583748653,34.5278812276906],[140.3166151375606,35.03381689663591],[140.87221816490435,37.91744955654802],[141.99811843345904,39.671989046294115],[141.1525526375606,40.865417085844896],[139.91515639732623,40.57495459194841],[140.03008559654498,39.48317679043474],[139.19793227623248,37.92043264980974],[136.1872663826778,36.20200308438005],[136.7338514656856,34.87408789272966]]]},"properties":{"NAME":null,"SUBJECTO":null,"PARTOF":null}},
{"type":"Feature","geometry":{"type":"Polygon","coordinates":[[[129.64126113365435,41.655849062163256],[127.29928464837805,43.23841469550794],[124.70226816912908,42.31090881006189],[124.11079128218776,39.875402442639334],[125.29374221275593,38.68870123501482],[127.40455916832234,39.07533987637224],[127.67152694175984,39.86643561001482],[129.47782424400592,40.682025514799975],[129.64126113365435,41.655849062163256]]]},"properties":{"NAME":"Koguryo","SUBJECTO":"Koguryo","PARTOF":"Koguryo"}},
{"type":"Feature","geometry":{"type":"Polygon","coordinates":[[[103.3524723323475,33.175622621725296],[105.21540170406533,33.62272567093758],[107.59995129986414,33.771760020674996],[109.68643219618811,33.101105446856586],[111.77291309251207,33.84627719554371],[114.8281172621293,33.62272567093758],[115.57328901081642,34.21886306988728],[116.91459815845326,34.293380244755994],[117.28718403279682,35.038551993443114],[116.91459815845326,36.75244701542352],[118.87524703453327,37.949428163725756],[117.58946517418171,38.28448065396013],[117.75288680504109,39.20253714199724],[118.97764113853718,39.22413595791521],[121.01060775230671,40.85068091030779],[122.10791305015827,40.35372122402849],[122.02749160240437,39.25575979824724],[124.11079128218776,39.875402442639334],[124.70226816912908,42.31090881006189],[123.86751287222764,43.05291351841873],[119.04448226790814,42.31090881006189],[118.20972697100667,40.826899393348185],[116.16921402302536,40.64139821625898],[111.10303257540103,40.86818338041589],[107.30188260038929,41.447029032152436],[106.1841249773586,41.37251185728372],[104.54474713024692,40.40378858399045],[102.97988645800395,40.18023705938431],[97.01851246850691,40.85089163320273],[96.27334071981977,39.73313401017204],[96.9439952936382,38.3918248625352],[99.850165113518,37.34858441437322],[102.83085210826651,35.485655042655395],[103.3524723323475,33.175622621725296]]]},"properties":{"NAME":"Toba Wei","SUBJECTO":"Toba Wei","PARTOF":"Toba Wei"}},
{"type":"Feature","geometry":{"type":"Polygon","coordinates":[[[56.96043685386921,73.35708960171404],[60.88701919029499,75.24749334927263],[66.54819014976765,75.97989233608904],[65.9260588021114,76.50735815640154],[59.01763060997273,75.79893072720232],[54.01755050133015,73.73358496304216],[56.96043685386921,73.35708960171404]]]},"properties":{"NAME":null,"SUBJECTO":null,"PARTOF":null}},
{"type":"Feature","geometry":{"type":"Polygon","coordinates":[[[71.62773396876769,35.83897918797538],[70.2874787471872,31.287679719422965],[75.59152783047611,33.65291181367209],[76.00399337279748,34.68407566947553],[77.21561090336654,36.28237964597086],[75.6533976618243,37.356852383718035],[74.20151895285306,37.48884135726088],[71.62773396876769,35.83897918797538]]]},"properties":{"NAME":"Kushan Principalities","SUBJECTO":"Kushan Principalities","PARTOF":"Kushan Principalities"}},
{"type":"Feature","geometry":{"type":"Polygon","coordinates":[[[66.43233016441609,25.488610826689623],[67.38733040274003,28.226412022506516],[70.2874787471872,31.287679719422965],[71.62773396876769,35.83897918797538],[71.23176704813918,38.2147807117465],[69.6478993656251,37.09287443663236],[67.05777738865662,37.11687585156395],[66.77952562302279,38.04438173701],[65.01726444067529,38.50813467973303],[62.69849972706014,39.99214409644672],[54.06743911216999,36.94152411099138],[51.79552367637898,36.43234976406755],[48.837229761584055,37.51097448940935],[48.824954065783274,38.30957754727068],[49.80730346153523,40.58070334072771],[48.25410039415661,42.24844277673614],[42.658233401780876,41.685483991732276],[41.68046859215046,41.79333838101091],[41.58518608367142,40.55282293372784],[40.392911285772016,39.71823057519826],[38.425657869237995,39.47977561561838],[40.474880178127606,37.85530120348044],[39.96600403649444,35.77056297953434],[38.37574401120885,33.531644259724374],[39.4901561484229,33.36226961183725],[47.61403945396687,29.272241197783373],[47.911360773546946,29.890292726714037],[50.13237288902546,30.06642874355974],[51.350134882433665,28.03613432522478],[52.89083388756062,27.05232390042009],[54.64605620811726,26.39131888027849],[55.89973357628132,27.104804598051928],[56.79043105552937,26.97391279812517],[57.254771265490305,25.793286882597826],[59.03145888756062,25.307866655547045],[61.34399321983601,25.026860796172045],[64.42497542808796,25.173116289336107],[66.43233016441609,25.488610826689623]]]},"properties":{"NAME":"Sasanian Empire","SUBJECTO":"Sasanian Empire","PARTOF":"Sasanian Empire"}},
{"type":"Feature","geometry":{"type":"Polygon","coordinates":[[[72.93113234947468,20.95375784512224],[74.92127132420387,22.145123182905742],[76.77736626465006,21.835774026164714],[80.08923507917372,22.09128050733782],[79.87085783206037,19.670329928977498],[80.1802069888014,16.679954747147537],[79.5797056845394,15.472886468883512],[79.70783441948458,12.925590096126143],[79.92280868004109,12.10616263027849],[80.31345656822468,13.104481302458666],[80.08940413902546,15.175155245024584],[81.36909774254109,16.34686430569353],[84.2627287239864,18.45584066982927],[85.11320784996296,19.442306123930834],[86.11916640709187,19.806542955595873],[87.64071944664265,21.563081346709154],[90,21.93025358792009],[91.41017440269734,22.72083433743181],[92.17629531334187,20.886634432036303],[92.92148116539265,20.37367209072771],[91.87682740256571,23.637424238530038],[90,24.308078812348455],[94.18685982349582,25.723905134854],[94.46557630358761,26.450558168934293],[92.6283520937905,27.094972802798786],[88.00193430939264,25.872939484591427],[86.51159081201838,25.872939484591427],[83.60542099213858,26.91617993275341],[78.76180462567224,30.79107302592648],[76.00399337279748,34.68407566947553],[75.59152783047611,33.65291181367209],[70.2874787471872,31.287679719422965],[67.38733040274003,28.226412022506516],[66.43233016441609,25.488610826689623],[67.31589034508015,24.092885576445482],[68.79081252525593,23.028724275786303],[69.12606337974812,21.96850737209978],[71.0244474739864,20.657476030547045],[72.93113234947468,20.95375784512224]]]},"properties":{"NAME":"Gupta Empire","SUBJECTO":"Gupta Empire","PARTOF":"Gupta Empire"}},
{"type":"Feature","geometry":{"type":"Polygon","coordinates":[[[72.93113234947468,20.95375784512224],[72.75949386070515,20.057649217802904],[73.40928939293171,16.558538042265795],[74.15313195012304,14.849504684801884],[77.00162337980488,14.96789787987359],[79.5797056845394,15.472886468883512],[80.1802069888014,16.679954747147537],[79.87085783206037,19.670329928977498],[80.08923507917372,22.09128050733782],[76.77736626465006,21.835774026164714],[74.92127132420387,22.145123182905742],[72.93113234947468,20.95375784512224]]]},"properties":{"NAME":"Vakataka","SUBJECTO":"Vakataka","PARTOF":"Vakataka"}},
{"type":"Feature","geometry":{"type":"Polygon","coordinates":[[[76.65253589066808,8.902752173086295],[77.34137252281452,8.053283296782396],[78.24193559364353,8.895770479832706],[77.62653734462164,9.122004229603618],[76.65253589066808,8.902752173086295]]]},"properties":{"NAME":"Pandyas","SUBJECTO":"Pandyas","PARTOF":"Hindu kingdoms"}},
{"type":"Feature","geometry":{"type":"Polygon","coordinates":[[[8.576292070849188,3.066532455641649],[8.827178987963446,3.611938320357226],[8.478118929369696,3.557397686201952],[8.576292070849188,3.066532455641649]]]},"properties":{"NAME":null,"SUBJECTO":null,"PARTOF":null}},
{"type":"Feature","geometry":{"type":"Polygon","coordinates":[[[22.869903425427715,38.83716368115139],[23.120776847909273,38.86676557896794],[23.63772814271976,38.52262680680808],[23.78977264119343,38.71863293758614],[23.242412446688213,39.04411813294447],[22.869903425427715,38.83716368115139]]]},"properties":{"NAME":null,"SUBJECTO":null,"PARTOF":null}},
{"type":"Feature","geometry":{"type":"Polygon","coordinates":[[[24.65642628249336,37.901413077728705],[25.31781985085383,37.40184103098311],[25.27220650131173,37.56472113091166],[24.76285743142493,38.003319956303606],[24.65642628249336,37.901413077728705]]]},"properties":{"NAME":null,"SUBJECTO":null,"PARTOF":null}},
{"type":"Feature","geometry":{"type":"Polygon","coordinates":[[[-68.195282,12.221109],[-68.363892,12.305277],[-68.285278,12.102221],[-68.195282,12.221109]]]},"properties":{"NAME":null,"SUBJECTO":null,"PARTOF":null}},
{"type":"Feature","geometry":{"type":"Polygon","coordinates":[[[-61.668892,17.084999],[-61.794449,17.16333],[-61.887222,17.033054000000106],[-61.73806,16.989719],[-61.668892,17.084999]]]},"properties":{"NAME":null,"SUBJECTO":null,"PARTOF":null}},
{"type":"Feature","geometry":{"type":"Polygon","coordinates":[[[-68.965561,12.198889],[-69.077789,12.34861],[-69.15834,12.311388],[-69.0625,12.188332000000116],[-68.83223,12.049444000000108],[-68.824173,12.160276000000124],[-68.965561,12.198889]]]},"properties":{"NAME":null,"SUBJECTO":null,"PARTOF":null}},
{"type":"Feature","geometry":{"type":"Polygon","coordinates":[[[-61.599724,12.186666000000116],[-61.724724,12.172222],[-61.789726,12.009165],[-61.642502,12.034166],[-61.599724,12.186666000000116]]]},"properties":{"NAME":null,"SUBJECTO":null,"PARTOF":null}},
{"type":"Feature","geometry":{"type":"Polygon","coordinates":[[[-62.171394,16.671387],[-62.137505,16.692776],[-62.176392,16.808609],[-62.236671,16.711941],[-62.171394,16.671387]]]},"properties":{"NAME":null,"SUBJECTO":null,"PARTOF":null}},
{"type":"Feature","geometry":{"type":"Polygon","coordinates":[[[-62.541389,17.176941],[-62.610001,17.191109],[-62.610558,17.095276],[-62.538612,17.108608000000117],[-62.541389,17.176941]]]},"properties":{"NAME":null,"SUBJECTO":null,"PARTOF":null}},
{"type":"Feature","geometry":{"type":"Polygon","coordinates":[[[-62.692505,17.278332],[-62.730003,17.365276],[-62.812782,17.409443000000124],[-62.863892,17.370831000000123],[-62.778336,17.292221],[-62.692505,17.278332]]]},"properties":{"NAME":null,"SUBJECTO":null,"PARTOF":null}},
{"type":"Feature","geometry":{"type":"Polygon","coordinates":[[[-61.085838,16.304722],[-61.037224,16.311108],[-60.990837,16.340832],[-61.015282,16.350277],[-61.085838,16.304722]]]},"properties":{"NAME":null,"SUBJECTO":null,"PARTOF":null}},
{"type":"Feature","geometry":{"type":"Polygon","coordinates":[[[-62.971947,17.458054],[-62.942505,17.493610000000103],[-62.98583999999988,17.519722],[-62.997505,17.494164000000126],[-62.971947,17.458054]]]},"properties":{"NAME":null,"SUBJECTO":null,"PARTOF":null}},
{"type":"Feature","geometry":{"type":"Polygon","coordinates":[[[-1.575035054693892,54.97014768591194],[-2.74213143874859,55.95718725796404],[-2.150362935559503,57.571979128081225],[-5.76296564628338,57.619777284819506],[-5.633057561413995,55.93986090298357],[-3.152976117373741,54.83774165538268],[-2.063933241302025,54.92912393049246],[-1.575035054693892,54.97014768591194]]]},"properties":{"NAME":null,"SUBJECTO":null,"PARTOF":null}},
{"type":"Feature","geometry":{"type":"Polygon","coordinates":[[[-5.755679574506036,55.47726782437029],[-5.482397046582452,55.44269903774919],[-5.517836537854425,55.668021761137865],[-5.688657250897638,55.62812002773943],[-5.755679574506036,55.47726782437029]]]},"properties":{"NAME":null,"SUBJECTO":null,"PARTOF":null}},
{"type":"Feature","geometry":{"type":"Polygon","coordinates":[[[-71.10315962567967,47.12924610310567],[-66.37273880531048,50.31387671108904],[-61.64020630408977,50.27692373867693],[-60.13784500648235,50.411700807768725],[-58.52433868934368,51.37948568936052],[-56.96410461951946,51.4884410726613],[-55.6590242057011,52.18734701748552],[-56.12695583342671,53.46584387832734],[-58.78822689960135,52.57259027862411],[-60.1714630701033,53.29857710058178],[-60.221656217027494,53.32492080384565],[-62.88947585561168,54.72511691082654],[-65.64317158321862,55.262874161982396],[-71.0333844968322,55.19604828321671],[-74.19720512004018,52.927225836668605],[-78.74176950876009,52.74413883037645],[-79.5943498282597,51.265792452055834],[-81.74736496497844,52.170096956450365],[-82.34120651771282,52.98082312222185],[-82.20208450843548,54.968871675688646],[-84.46836563636516,55.16687735195818],[-87.46717545081829,55.91202887173357],[-90.44457718421673,57.144347749907396],[-92.40409578747519,56.97508393725052],[-93.82461083808953,56.86329884105465],[-102.14428729171048,57.21394132630312],[-111.28421353653351,58.55314202309659],[-118.19774749095093,62.712635573894396],[-124.93551363296793,64.83463268032534],[-132.43494029538678,62.496969371290604],[-139.52424206220468,62.41569007667785],[-144.68009789261768,63.19218524961806],[-150.1289000770314,63.324002732781025],[-160.9394989447178,63.98492305338062],[-161.13301559974408,63.56284292813005],[-165.43123337318158,62.42954214688005],[-165.89809128333783,61.27033575649919],[-164.02740952064252,59.798244081694506],[-162.37810226966596,60.16311606045427],[-162.00392624427533,58.82661017056169],[-158.2914170890019,58.730208955962084],[-156.68457504798627,57.40069922085466],[-154.64931198646283,58.07648047085466],[-154.28227707435346,59.24877508755388],[-151.7829942374394,59.99495657559099],[-149.32562729408002,60.02748068447771],[-148.49261948158002,61.06433828945818],[-144.40642258216596,60.09257086392107],[-139.57256027747846,59.89999731655779],[-137.57666489173627,58.6041637289113],[-134.12349411536908,58.239215456206225],[-130.66179631968183,54.95945627584521],[-130.47570035171248,54.96824644247599],[-129.85166667284474,54.99772241705144],[-128.5879066342332,55.05741560353968],[-125.6971741533699,55.193958165256824],[-115.03392686774305,52.03295961287972],[-114.46737387359948,51.99955012922175],[-105.19092937331824,51.45252059422696],[-98.92187739770243,50.2317206620755],[-97.20058974030268,50.110958484297555],[-97.15475511595031,50.412981473886106],[-98.7190510168781,52.2282580087958],[-101.20915469590598,53.27167171471017],[-101.04953266519907,54.624267891019755],[-97.09090630366754,55.06542644067235],[-95.2712151536087,53.85941949539503],[-96.19702293170879,52.38441654763727],[-95.2712151536087,51.11967292342198],[-93.99423890795336,50.63623512890684],[-90.70602507539087,50.27036072336172],[-91.07804464695577,49.94774019877888],[-87.78991594567441,49.93094833834401],[-85.03622021806746,49.0940751201903],[-81.93098886565963,48.90187753952613],[-76.05577121730131,47.307967189135894],[-74.19036752877825,47.96567636392756],[-71.10315962567967,47.12924610310567]]]},"properties":{"NAME":"Subarctic forest hunter-gatherers","SUBJECTO":"Subarctic forest hunter-gatherers","PARTOF":"Subarctic forest hunter-gatherers"}},
{"type":"Feature","geometry":{"type":"Polygon","coordinates":[[[142.33755019615435,-10.91538277987776],[141.67852309654498,-12.467817701142408],[141.4681501717403,-14.75677625064192],[141.71129897545123,-15.226692594330885],[140.80094436119342,-17.561829007905104],[139.24831679771685,-17.431642926972486],[135.38805678795123,-14.896969236176588],[135.8308973641231,-13.484774030488111],[136.66369155357623,-12.624820150178053],[135.4445448250606,-12.17612496737776],[133.55918410728717,-11.951347745698072],[130.46349624107623,-12.758938230317213],[129.1964216561153,-14.992895520966627],[127.96256545494343,-14.703128255646803],[126.8534269661739,-13.783772863190748],[124.42450240562702,-15.657898343842604],[124.27727034996296,-16.5227836740428],[122.73833754966999,-16.58328477267561],[122.19645217369343,-18.243687070649244],[120.87214950035359,-19.676941312592604],[117.59692672203327,-20.75833360080061],[116.41879561851765,-20.83712235812483],[113.62543014000202,-22.56592980746565],[113.43258956383015,-24.874161161225416],[114.18252089927937,-26.0170406473094],[113.43298629234577,-26.572010434907057],[114.63039687584187,-28.90295831088362],[115.0582609505489,-30.80351296786604],[115.74726394127156,-32.20761147860823],[115.04692367027546,-34.42245522860823],[116.56097701500202,-35.18929711703596],[118.20707992027546,-35.090340055268385],[119.77148726890827,-34.12017098788557],[123.62303451011921,-33.915073789399244],[124.24838546226765,-33.1441272867137],[126.05894759605671,-32.43436471347151],[129.1853895516231,-31.798204816620924],[131.2801618904903,-31.634849942963697],[133.83703139732623,-32.34197274569807],[135.15310195396685,-34.05044213656721],[135.52807143638873,-35.054886258881666],[137.45717910240435,-33.31413308505354],[139.36791518638873,-35.614273465912916],[140.01201919029498,-37.64163247470198],[140.6521864266231,-38.16391030673323],[143.36480239341998,-38.96973077182112],[144.96982863853717,-38.0657581460887],[145.93387893150592,-38.881470121186354],[148.0369978279903,-38.09787026767073],[149.50414565513873,-37.928848661225416],[150.22150710533404,-35.694107450287916],[151.36449721763873,-33.52090112094221],[152.97185805748248,-31.418175138276197],[153.4934950203731,-28.840868390839674],[152.94622329185748,-27.340992368500807],[153.06907180259967,-26.227749265473463],[150.7544050545528,-22.811520017426588],[149.55675795982623,-22.432550824921705],[149.10148147056842,-21.06012383822737],[148.1904402108028,-20.171909726899244],[146.32175734947467,-19.082291044037916],[145.86948684166217,-17.194960035126783],[145.32554152916217,-16.4904293191844],[145.1843366951778,-15.047596372407057],[143.7431745858028,-14.465823568146803],[143.17309096763873,-12.12133923892317],[142.33755019615435,-10.91538277987776]]]},"properties":{"NAME":"Australian aboriginal hunter-gatherers","SUBJECTO":"Australian aboriginal hunter-gatherers","PARTOF":"Australian aboriginal hunter-gatherers"}},
{"type":"Feature","geometry":{"type":"Polygon","coordinates":[[[146.7127333016231,-43.721809781830885],[147.8153181404903,-42.96535149936018],[148.26952651451373,-41.09258309726057],[146.3822126717403,-41.30834618930159],[144.7761335701778,-40.84276238803206],[145.72265151451373,-43.24016610507307],[146.7127333016231,-43.721809781830885]]]},"properties":{"NAME":"Tasmanian hunter-gatherers","SUBJECTO":"Tasmanian hunter-gatherers","PARTOF":"Tasmanian hunter-gatherers"}},
{"type":"Feature","geometry":{"type":"MultiPolygon","coordinates":[[[[143.05691054771685,53.06198462124529],[141.76703933189654,53.2722659933156],[142.48990920494342,47.901603304106615],[143.6331434578731,50.234977327544115],[142.94391921470904,51.61730536099138],[143.05691054771685,53.06198462124529]]],[[[140.01261428306842,41.38180883999529],[140.24552443931842,42.2284427511281],[141.92812636802935,42.50126227017107],[143.2137556404903,41.926539980132006],[145.05938247154498,43.785766206938646],[143.50817397545123,44.155761324126146],[141.8753309578731,45.435424410063646],[141.30364516685748,43.187030397612475],[139.71174148033404,42.47759588833513],[140.01261428306842,41.38180883999529]]]]},"properties":{"NAME":"Ainu","SUBJECTO":"Ainu","PARTOF":"Ainu"}},
{"type":"Feature","geometry":{"type":"Polygon","coordinates":[[[105.40307092131953,72.748726095192],[98.45947004862771,69.79094730127832],[75.85638492783956,61.42677903286463],[62.80579411405116,56.95520024672745],[59.09429166962169,56.4318399506882],[65.31164209247186,55.04663307077481],[78.36223290626025,56.41019430623805],[93.70004066679506,56.48455609390737],[99.48535412032993,55.65854236961009],[107.9615110406255,59.8183896994711],[114.0159088408366,59.54672904426065],[116.70675230759709,54.659373183217475],[119.93576446770969,51.257643821866914],[127.33558400130104,49.977254198409234],[134.8699457082304,52.00920268938546],[141.0472980268994,52.68965608140495],[140.10245803306842,53.80170401211443],[134.98522475670123,54.853934847075365],[137.2290907234981,55.98272284146013],[140.58739760826373,58.239310823637865],[142.84585097740435,59.27252539272966],[148.41608718345904,59.09739264126482],[151.14020827720904,59.43957098599138],[153.92443374107623,58.922347627837084],[154.31565383384967,59.98334845181169],[157.0979872078731,61.63339956875505],[158.84125808189654,61.78396948452654],[160.6449842781856,60.71775396938982],[164.13767531822467,62.532653413969896],[163.32929519127154,60.69494970913591],[158.3262586922481,58.026820741850756],[156.77685073326373,57.58045538540544],[155.6275739998653,56.26791723843279],[155.46520522545123,54.91977270718279],[156.6963758797481,50.957748018462084],[157.89777663658404,51.66602285977068],[158.46136001060748,52.82596167202654],[159.8968611092403,53.24057730313005],[159.93114760826373,54.086356722075365],[161.50274184654498,55.287372194487475],[162.51240066002154,57.033492647368334],[161.80436232994342,58.1017223226613],[163.3886823983028,59.81406363125505],[165.7799940438106,60.35411413784685],[170.3368025154903,60.27710302944841],[170.34409823134902,60.27960975244485],[169.48091979943723,61.192640399715565],[172.4408476128738,63.07842210456581],[171.76813674618367,65.85917681241212],[168.13549806605704,67.45778023799447],[155.89216029229675,68.16901029658281],[130.86731605142418,69.90104204211539],[124.54383390453704,71.58610355723228],[123.5007008987776,73.50494943844788],[123.40985396812702,73.48077734585466],[111.76165297935749,73.65779455776872],[105.60022262047077,72.74426611538591],[105.40307092131953,72.748726095192]]]},"properties":{"NAME":"Paleo-Siberian hunter-gatherers","SUBJECTO":"Paleo-Siberian hunter-gatherers","PARTOF":"Paleo-Siberian hunter-gatherers"}},
{"type":"Feature","geometry":{"type":"Polygon","coordinates":[[[25.195617809103457,65.26795101619156],[34.72611897050977,65.78029310527337],[34.726172480089915,65.79697760220232],[35.771746668322336,66.25886877651872],[39.19002822349812,66.03870733853044],[41.25529769371296,66.93697699185076],[40.826052698595774,67.66004522915544],[35.43655303428913,69.15035589810076],[29.728575739367255,69.69756659146013],[28.30841353843952,70.94864996548357],[24.570508036120184,70.7413822042531],[23.203606638415106,69.9427753316945],[20.157650980456122,69.747829042632],[13.168647798998602,66.45833929653826],[12.112141642077216,65.12991675015154],[10.155425240070853,64.09932165034176],[11.528408300596416,61.89775715387968],[15.43013132739913,61.86605293654498],[17.93625548790241,62.54800375576677],[20.70065978477741,63.81812628384294],[22.645554575426825,65.93478735562029],[25.25150779197956,65.41688879604997],[25.195617809103457,65.26795101619156]]]},"properties":{"NAME":"Saami","SUBJECTO":"Saami","PARTOF":"Saami"}},
{"type":"Feature","geometry":{"type":"MultiPolygon","coordinates":[[[[-80.89708218391326,32.03661395178849],[-77.29591843177532,34.66659506436052],[-75.72924515296673,35.882125459868334],[-75.66752335120891,37.8981090414113],[-74.15280624915813,39.76523550625505],[-73.74050613929485,40.97749289150896],[-70.3020906119511,41.75944098110857],[-70.86807724525188,42.871425234038256],[-70.21647354652141,43.799621187407396],[-67.16887375404094,44.71121557827654],[-65.71257492591594,43.55995138760271],[-61.032086339490164,45.3788333761281],[-64.53479477454876,46.271659456450365],[-65.21308609534954,48.121425234038256],[-64.95240494300579,49.20725592251482],[-68.34129044105266,48.54645880337419],[-70.36396900099408,46.87719857943508],[-70.55963710752852,45.30934303536085],[-73.08158159174988,44.75623330755017],[-75.59433951057669,43.680332380651976],[-75.85350431407916,42.95755418036384],[-78.29397288039411,41.01536509648475],[-79.97534833341042,37.57948619350637],[-82.14306367535126,36.95954975646753],[-85.56398944935162,37.55263867010867],[-88.5107274923025,36.06119592283488],[-90.27199620762941,35.786914290614625],[-90.00103178988678,37.28363171577283],[-90.81392504311461,38.00772883891169],[-93.42500141212292,38.34151072485017],[-93.19524094204723,36.411553592131455],[-94.11755719209039,36.32582132144275],[-94.11755719209039,35.87563266465669],[-92.27565699131097,33.889729805693065],[-92.21718092906744,33.31780678142777],[-90.65505719689362,33.44791858687658],[-90.34173529453497,30.925773467015734],[-89.79210200155227,30.68973632239321],[-87.97293392395298,30.580633091229682],[-88.16493858778806,30.998163451828738],[-89.19392789844542,30.958661261841772],[-89.67002743024211,31.784756743597836],[-88.53914790150893,32.822254055849356],[-88.37819389375134,33.19435830572942],[-89.6552686430883,33.39630727608393],[-90.62170358853251,34.17085518430479],[-89.79333077815174,35.277192949638795],[-88.4127094275172,35.47419410841722],[-88.05622367645947,35.167068232705944],[-86.30389863127989,34.929856207120274],[-85.84857007623326,34.430612556511434],[-85.76985854969445,34.15964368399752],[-84.95040479150703,34.38750509919219],[-82.39244167760887,34.14240281862365],[-82.12058086357139,33.0513719058266],[-80.89708218391326,32.03661395178849]]],[[[-76.20917755,43.564729725],[-75.59433951057669,43.680332380651976],[-76.18122681577438,43.61259738760005],[-76.20917755,43.564729725]]],[[[-78.82082162500004,43.307951275],[-79.266719125,43.668971825],[-80.29163770076619,44.52322332422944],[-80.50447733501159,44.58864515201824],[-80.02294005,42.806632425],[-79.19289561234693,42.846825343870066],[-78.820821625,43.30795127499997],[-78.82082162500004,43.307951275]]],[[[-83.49110928743823,47.457180821886546],[-83.08785307070116,46.18516762384465],[-80.5333059101073,45.65003514566665],[-80.29956063279727,45.94788202072047],[-76.06008499121823,47.30644622683664],[-76.05577121730131,47.307967189135894],[-81.93098886565963,48.90187753952613],[-85.03622021806746,49.0940751201903],[-87.78991594567441,49.93094833834401],[-91.07804464695577,49.94774019877888],[-91.44028641664269,49.63359911939802],[-89.93983932799766,49.03028306411901],[-88.16176621980678,48.987464988661294],[-86.46007905858689,48.94648637594909],[-84.38499265939697,48.33474153052584],[-83.49110928743823,47.457180821886546]]],[[[-82.76848823266988,42.266939539534235],[-81.85864319883927,42.26409348709729],[-82.16555501439318,43.08397202876816],[-82.46467445,43.195435275],[-82.76848823266988,42.266939539534235]]],[[[-79.563923125,42.38699635],[-81.945160475,41.50875625],[-81.9575588970601,41.15309220041832],[-82.27534759106281,40.91314375699184],[-80.29224122128937,41.34035285057309],[-79.563923125,42.38699635]]],[[[-87.3527604172662,41.16704376310566],[-89.18801746370268,39.41560850613387],[-86.54623546366858,39.408471716787226],[-85.97043607596554,40.059641447393545],[-83.6631439247281,40.60754939982846],[-84.04975658293338,40.73657539158869],[-84.7471558115578,41.6882097215079],[-84.73834009141564,41.72388710934679],[-87.3527604172662,41.16704376310566]]],[[[-86.453372075,44.1299426],[-84.77309296795586,43.382835851404835],[-83.744069025,43.62067997499999],[-83.744069025,43.620679975],[-83.43090175,45.27498137500001],[-84.17238032793374,45.588873097610495],[-86.10292376807149,44.76138937802109],[-86.453372075,44.1299426]]],[[[-94.5052648907058,47.38643102366744],[-94.23473573369067,46.72103383947717],[-94.12444283882017,40.142401507814775],[-92.57160538041332,40.86986654389979],[-94.11428282234988,42.026140597450976],[-91.94796981877937,43.68621104721849],[-93.49064726071597,45.18602831564759],[-92.21055321315156,45.76143645381198],[-89.32213587505754,44.487782649380215],[-87.7924107,42.841473774999976],[-87.19702427872033,45.567626164254214],[-87.67320649195945,46.454868829512804],[-89.29454786859215,46.887415574169644],[-91.20218652543733,47.33449519739887],[-93.64307044039813,47.1324026173954],[-94.5052648907058,47.38643102366744]]],[[[-87.477093875,41.6853882],[-87.3751254250001,41.63438340000005],[-87.375125425,41.6343834],[-87.477093875,41.6853882]]],[[[-87.224453225,41.634622675],[-87.375125425,41.6343834],[-87.37512542499998,41.6343834],[-87.224453225,41.634622675],[-87.025077275,41.686106025],[-87.224453225,41.634622675]]],[[[-87.51292622763496,32.810742905002726],[-87.50865498991702,32.822254055849356],[-88.53914790150893,32.822254055849356],[-87.51292622763496,32.810742905002726]]],[[[-83.69569781017358,29.873429869391458],[-82.6469621329472,28.906501375395678],[-82.4292878775761,27.826148592192553],[-80.59153010156074,28.49188131613878],[-81.37607316258789,30.002611410916185],[-82.76524493838717,30.4158185899654],[-83.69569781017358,29.873429869391458]]]]},"properties":{"NAME":"Eastern North Amercian hunter-gatherers","SUBJECTO":"Eastern North Amercian hunter-gatherers","PARTOF":"Eastern North Amercian hunter-gatherers"}},
{"type":"Feature","geometry":{"type":"Polygon","coordinates":[[[25.195617809103457,65.26795101619156],[25.18612578819538,65.24265631313982],[21.200139078600653,62.43518408413591],[29.018890834539626,61.77074313018303],[32.51698734132826,60.9322458642223],[46.105746848468755,57.7086220534561],[53.97646398874319,57.7086220534561],[59.09429166962169,56.4318399506882],[62.80579411405116,56.95520024672745],[75.85638492783956,61.42677903286463],[98.45947004862771,69.79094730127832],[105.40307092131953,72.748726095192],[105.2788191170528,72.7515369283742],[113.62504867027546,75.27267035122576],[113.53300765465046,76.0936542379445],[108.24447158287312,76.64641913052263],[103.39330581138874,77.5577884542531],[99.46723464439656,75.96692236538591],[94.69433883140827,76.18358191128435],[91.6346769661739,75.65272863979997],[89.79632857750202,75.52443274136247],[86.95832351158406,74.78206213589372],[87.69079116295124,73.90001257534685],[80.46401503990437,73.31357916470232],[79.22255996177937,72.2712894308156],[73.21685317466999,71.45773657437029],[74.74171737144734,67.68622168179216],[72.83769515465046,67.64564856167497],[72.7139997811153,72.76958807583513],[69.34311202476765,72.83426245327654],[66.81797316978718,71.10538061733904],[66.58425429771687,68.88553961392107],[62.2812719673946,69.7051273214406],[57.02422622154499,68.44890936489763],[53.889117273791086,68.78699835415544],[48.08066085289265,67.56245764370622],[45.8634367317989,68.3833499776906],[43.8221655220821,68.3273197042531],[44.383608850939524,66.61201819058122],[39.9513273567989,65.58116491909685],[39.19344237755085,64.5110355245656],[37.410540613634836,63.749496065337084],[35.081763300402415,64.28833349819841],[34.725588831408274,65.61499365444841],[34.72611897050977,65.78029310527337],[25.195617809103457,65.26795101619156]]]},"properties":{"NAME":"Finno-Ugric taiga hunter-gatherers","SUBJECTO":"Finno-Ugric taiga hunter-gatherers","PARTOF":"Finno-Ugric taiga hunter-gatherers"}},
{"type":"Feature","geometry":{"type":"MultiPolygon","coordinates":[[[[-75.62469955970501,69.10160406704607],[-73.18491837074016,68.2958026754445],[-72.30491348792766,67.26360663052263],[-75.78904434730266,65.19718512173357],[-73.16355606605266,64.57397040005388],[-71.31892105628704,63.06125982876482],[-65.94033524085735,61.789996706206225],[-66.49595352699016,63.07743414517107],[-64.47394272376751,63.74430426235857],[-67.61417099525188,65.91180761929216],[-62.84475418616985,65.61426123257341],[-61.21058365394329,66.63500555630388],[-68.66534897376751,68.71612890835466],[-71.25251480628704,71.35079535122576],[-73.27524277259563,71.16077002163591],[-75.32202621986126,72.54841955776872],[-80.48866745521282,73.03700598354997],[-81.53178116370891,73.68835791226091],[-88.09924789954876,73.63606604214372],[-89.9971818595097,71.541286073882],[-87.94801041175579,70.3849140035695],[-82.26922318031048,69.86035498257341],[-78.71291824866985,70.01144751187029],[-75.62469955970501,69.10160406704607]]],[[[-81.91070267249798,64.5216785299367],[-85.55754562904094,65.863551698882],[-86.24284073402141,64.54231604214372],[-85.46279617835735,63.20551642056169],[-81.91070267249798,64.5216785299367]]],[[[-60.221656217027494,53.32492080384565],[-57.51535126258587,54.46576651211443],[-59.69376083900188,55.15365942593279],[-61.92769333411907,56.27295645352068],[-62.886959996716726,58.65644415493669],[-64.6706208853886,60.18091925259294],[-65.86144730140423,58.795341097075365],[-67.77240463783001,58.24854239102068],[-69.2142228751347,58.74767645474138],[-70.02829453040813,60.883170686919115],[-73.39458176185344,62.354999147612475],[-77.36155411292766,62.5174938070363],[-77.50717636634563,60.414630495268725],[-78.33678909827923,58.551471315581225],[-76.43862625648235,56.80968817349138],[-77.23383804847454,55.60653647061052],[-79.54511734534954,54.69186361904802],[-78.74176950876009,52.74413883037645],[-74.19720512004018,52.927225836668605],[-71.0333844968322,55.19604828321671],[-65.64317158321862,55.262874161982396],[-62.88947585561168,54.72511691082654],[-60.221656217027494,53.32492080384565]]],[[[-95.05836960365032,72.28313788052263],[-92.00058456947063,72.8411365377492],[-90.45173355628704,73.9039798605031],[-95.06853958656048,74.06405218716326],[-95.05836960365032,72.28313788052263]]],[[[-123.49339005042766,74.44630011196794],[-125.61702438880657,71.9903827535695],[-123.46767136146282,71.19864233608904],[-120.8434953360722,71.53027685757341],[-117.685761580263,73.21545873829851],[-123.49339005042766,74.44630011196794]]],[[[-117.21970840980266,72.85729559536638],[-117.56819626380657,69.99218329067888],[-113.15218063880657,68.59556921597185],[-110.44822403480266,68.65314062710466],[-106.85383316566204,69.45092352505388],[-104.18777176429485,68.89776190396013],[-101.80838486243938,69.1356464254445],[-101.05518051673626,70.03077276821794],[-104.62044428584238,71.09253252294585],[-110.34678520373127,71.19655506982303],[-117.21970840980266,72.85729559536638]]],[[[-43.578778234021414,59.935687624174975],[-42.27136322547649,62.19441946621599],[-40.51624771644329,63.782069765288256],[-39.69494684817376,65.18696970170159],[-42.793355971161034,65.40311483729091],[-43.84796284556369,64.20612586086018],[-44.25808774116473,61.869878095613615],[-43.578778234021414,59.935687624174975]]],[[[-50.93936249305462,67.52581366177263],[-53.10253998328899,65.87324865933122],[-51.365765538708914,63.726012788969896],[-49.85748383094524,62.966544710356615],[-48.915463414685476,61.42103537197771],[-46.15809589644378,60.937403792612976],[-49.06240794677684,64.7863184095137],[-49.472532842377866,67.03273287353856],[-50.53911897259659,67.48805571153352],[-50.93936249305462,67.52581366177263]]],[[[-160.9394989447178,63.98492305338062],[-150.1289000770314,63.324002732781025],[-144.68009789261768,63.19218524961806],[-139.52424206220468,62.41569007667785],[-132.43494029538678,62.496969371290604],[-124.93551363296793,64.83463268032534],[-118.19774749095093,62.712635573894396],[-111.28421353653351,58.55314202309659],[-102.14428729171048,57.21394132630312],[-93.82461083808953,56.86329884105465],[-92.40409578747519,56.97508393725052],[-93.07417770911907,58.55101355190935],[-94.68383499671673,58.87849386807146],[-94.75318619300579,59.94999273892107],[-93.42261978675579,61.858031831938646],[-89.87039658118938,63.57521780605974],[-89.86152359534954,63.6466556417531],[-90.00580307533001,63.9038577901906],[-89.99451157142376,64.03280218716326],[-88.3770646720097,64.0573230611867],[-85.9871492057011,66.16278418179216],[-83.13871475745891,66.37349279995622],[-81.29496475745891,67.4987293111867],[-84.31351944495891,69.82621344204607],[-86.48843857337688,67.37778814907732],[-89.7355851798222,68.53431280728044],[-93.27116867591594,71.5585437643117],[-96.69965073158001,70.83835943813982],[-96.12698074866985,69.9408450948781],[-92.95613571693157,69.08434637661638],[-96.20792862464641,68.07355078335466],[-101.91296860267376,67.70532568569841],[-105.6359758048222,68.35485418911638],[-107.66202255775188,67.96261938687029],[-112.5025300650761,67.69295843716326],[-115.28510757972454,68.89208563442888],[-117.83234116126751,69.00779303188982],[-122.32606216956829,69.88448675747576],[-125.97399612952923,69.43039282437029],[-127.35170456458782,70.38026007290544],[-131.67297836829877,69.27615698452654],[-135.4391984610722,69.52628668423357],[-137.72852036048627,69.01584204312029],[-143.30757614661908,70.19675024624529],[-145.27254196693158,70.1163822042531],[-156.90474411536908,71.34585913296404],[-160.24033066322065,70.85846289272966],[-164.06718918372846,69.06467779751482],[-166.84352585365033,68.40520819302263],[-163.73874374915815,67.21832617397966],[-168.1797990470097,65.69388922329607],[-166.58603378822065,64.73040350552263],[-160.9394989447178,63.98492305338062]]],[[[-62.81141255638844,81.15595684596342],[-66.52167984534954,80.71127661343279],[-65.48489090491985,79.15823706265154],[-72.38322922279094,78.52572973843279],[-71.18388077308391,77.25953253384294],[-67.03665634681438,75.93623694058122],[-62.44868119723538,76.33836403843989],[-63.35819002201287,78.2356337190557],[-62.81141255638844,81.15595684596342]]],[[[-102.27919479896282,73.14715918179216],[-98.93899246741985,71.39222296353044],[-96.68853470374798,72.81653936978044],[-102.27919479896282,73.14715918179216]]],[[[-88.32573410560344,74.68200262661638],[-80.34932419349407,74.61590155239763],[-81.70312210609173,75.8749500143117],[-86.61799332191204,75.432155214507],[-92.22411819984173,75.94715460415544],[-91.86679550697063,74.78889807339372],[-88.32573410560344,74.68200262661638]]],[[[-75.92493912269329,82.51744421597185],[-78.32092758704876,80.965358339507],[-83.6183747916386,80.20665320034685],[-87.27270981361126,76.50420721646013],[-78.21225449134563,76.54684790249529],[-78.36676498939251,78.03287085171404],[-71.45447250892376,79.84579046841326],[-62.4271020560429,82.633571230132],[-70.58430191566204,83.17604406948747],[-75.92493912269329,82.51744421597185]]],[[[-60.1714630701033,53.29857710058178],[-58.78822689960135,52.57259027862411],[-56.12695583342671,53.46584387832734],[-57.56114288856243,54.13071020718279],[-60.1714630701033,53.29857710058178]]],[[[123.5007008987776,73.50494943844788],[124.54383390453704,71.58610355723228],[130.86731605142418,69.90104204211539],[155.89216029229675,68.16901029658281],[168.13549806605704,67.45778023799447],[171.76813674618367,65.85917681241212],[172.4408476128738,63.07842210456581],[169.48091979943723,61.192640399715565],[170.34409823134902,60.27960975244485],[170.51969436119342,60.33994253750505],[173.48090651939654,61.601100527007006],[179.28769973228717,62.81507834072771],[178.14725783775592,64.15663488979997],[180,64.95347937222185],[180,65.05193670864763],[180,65.31103094692888],[180,65.38163336392107],[180,65.96313055630388],[180,66.96313055630388],[180,67.96313055630388],[180,68.91989477749529],[175.6109724373653,69.77942999478044],[170.45170119713092,70.0192142355031],[167.3200788826778,69.65857275601091],[161.96099379966998,69.52816351528826],[159.4438124031856,69.76456030483904],[158.40867141197467,70.81418951626482],[152.13401320884967,70.66443213101091],[146.9151258797481,72.20190008755388],[141.29397109459185,72.78707464810076],[137.62967971275592,71.07541998501482],[132.28361037681842,71.66087683315935],[130.77927688072467,70.67834051724138],[126.2164411873653,72.38231238003435],[127.71956160972859,73.4015384542531],[124.22215560386921,73.69691046353044],[123.5007008987776,73.50494943844788]]],[[[-170.4731340079472,66.29494055386247],[-173.87494370033002,67.1593280660695],[-180,68.91692694302263],[-180,67.96313055630388],[-180,66.96313055630388],[-180,65.96313055630388],[-180,65.381618105132],[-180,65.31103094692888],[-180,65.2592273580617],[-178.11627670814252,65.4824939596242],[-173.0770158438847,64.3839832174367],[-172.56233688880658,65.51480444546404],[-170.4731340079472,66.29494055386247]]]]},"properties":{"NAME":"Arctic marine mammal hunters","SUBJECTO":"Arctic marine mammal hunters","PARTOF":"Arctic marine mammal hunters"}},
{"type":"Feature","geometry":{"type":"Polygon","coordinates":[[[-67.48158657100439,-31.655864143664434],[-69.31964832592786,-29.30477628067829],[-68.6165770763261,-26.666495445378],[-67.12255067092232,-25.032037581988202],[-66.09723843191973,-20.13835052013179],[-65.90622541609757,-18.31105888474315],[-66.59524723372101,-19.145123826644383],[-68.13321559222494,-19.349095769782156],[-70.11244675208782,-20.693352140229322],[-70.39814468909954,-25.24891320590315],[-71.43014999915813,-29.100479520600416],[-71.69539352943157,-30.85409013156233],[-71.61574265052532,-33.70565453891096],[-73.67253586341594,-37.500854886811354],[-73.19384476234173,-39.565369046967604],[-73.90523239661907,-40.83904305819807],[-72.72818067052704,-41.55336179549616],[-72.0684836753677,-40.547229038878235],[-69.43682686752817,-37.15902614350158],[-67.64985410812366,-33.57694564055348],[-67.48158657100439,-31.655864143664434]]]},"properties":{"NAME":"Andean hunter-gatherers","SUBJECTO":"Andean hunter-gatherers","PARTOF":"Andean hunter-gatherers"}},
{"type":"Feature","geometry":{"type":"Polygon","coordinates":[[[-69.11474151787864,-51.35236245613261],[-69.16695114661907,-51.14943734530745],[-67.57759567786907,-49.058533109467604],[-66.07773300697063,-48.142071164887525],[-65.77598282386516,-47.23012200717268],[-67.32806870033001,-46.531616605561354],[-66.69494339515423,-45.131103910248854],[-65.43618485023235,-44.88974038485823],[-65.30717178870891,-43.6014026773387],[-63.599965062634695,-42.70437280062971],[-64.9920320182011,-42.19338647250471],[-64.93894669105266,-40.8274768960887],[-62.96398254920696,-41.137459195893385],[-61.360714879529226,-39.03129998568831],[-57.80888458778118,-38.386490262787916],[-56.69811340858196,-36.944073118012525],[-57.419239964978445,-35.99675027255354],[-56.33826157142376,-34.99545327548323],[-54.074337926404226,-34.647842801850416],[-52.35066696693157,-32.67519036654768],[-52.14362427283977,-31.747351087372877],[-52.14021349238029,-31.740936200871825],[-53.544487162988226,-31.446480334683482],[-54.36473695419029,-30.592916632921295],[-57.352789764997816,-29.680878909474107],[-63.563252469813456,-30.036561103144948],[-67.48158657100439,-31.655864143664434],[-67.64985410812366,-33.57694564055348],[-69.43682686752817,-37.15902614350158],[-72.0684836753677,-40.547229038878235],[-70.57931764813105,-40.57909976037915],[-71.6339245225337,-43.19554606268768],[-72.1905225951351,-45.990119696472405],[-72.04404941813473,-48.76638855343405],[-71.16521035613252,-51.561440909776984],[-69.11474151787864,-51.35236245613261]]]},"properties":{"NAME":"Pampas cultures","SUBJECTO":"Pampas cultures","PARTOF":"Pampas cultures"}},
{"type":"Feature","geometry":{"type":"MultiPolygon","coordinates":[[[[-48.639821019665945,-1.058396257203199],[-48.40189072181438,-0.390650845807173],[-50.50141235877727,-0.261749692004301],[-50.4762849478886,-1.678760803979017],[-49.34711548377727,-1.644541300576307],[-48.639821019665945,-1.058396257203199]]],[[[-61.695771781275944,8.610088933385873],[-61.530865636365164,9.850575052458666],[-64.06826111366009,10.626809679228685],[-64.8836564688847,10.135678850371264],[-66.4781160025761,10.678809725005053],[-67.97961136390423,10.542116724211596],[-68.69460007240032,11.379503809172533],[-69.74783798743938,11.53345926876726],[-71.49555679847454,10.646208368498705],[-71.09831711341594,9.327861391264818],[-70.68184887203134,8.55721593295672],[-65.96541257261946,8.180441590467876],[-63.06524366801216,8.32539786170036],[-61.695771781275944,8.610088933385873]]],[[[-77.09872910072063,20.533275209624193],[-75.51905533363079,19.907353960234545],[-75.60392471839641,21.013194643217943],[-77.33981796790813,21.511664949614428],[-79.75995346595501,22.758782945830248],[-81.43114944984173,23.136655412871264],[-81.79230972816204,22.207803331572435],[-78.72787949134563,21.61678846951189],[-78.45036026527141,20.96900328274431],[-77.09872910072063,20.533275209624193]]],[[[-70.76542374183391,18.493663393217943],[-68.6568498282597,18.873176180083178],[-70.88160416175579,19.929931246001146],[-72.67646500159954,19.39217909451189],[-72.74589249183391,18.50850065823259],[-71.40075394202923,17.70413168545427],[-70.76542374183391,18.493663393217943]]]]},"properties":{"NAME":"Caribbean hunter-gatherers","SUBJECTO":"Caribbean hunter-gatherers","PARTOF":"Caribbean hunter-gatherers"}},
{"type":"Feature","geometry":{"type":"MultiPolygon","coordinates":[[[[-69.21397110511516,-54.93401757602034],[-66.98282333900188,-54.34066430453596],[-68.30537888099407,-52.94305077914534],[-70.33333298255657,-53.47274438266096],[-69.21397110511516,-54.93401757602034]]],[[[-69.11474151787864,-51.35236245613261],[-71.16521035613252,-51.561440909776984],[-72.04404941813473,-48.76638855343405],[-72.1905225951351,-45.990119696472405],[-71.6339245225337,-43.19554606268768],[-70.57931764813105,-40.57909976037915],[-72.0684836753677,-40.547229038878235],[-72.72818067052704,-41.55336179549616],[-73.57108780433391,-46.26491204623518],[-74.31235214759563,-48.745132840912916],[-73.4080705313847,-52.023838437836744],[-71.8722810416386,-53.69564858798323],[-69.4830217032597,-52.360935605805494],[-69.07692429115032,-51.49934808139143],[-69.11474151787864,-51.35236245613261]]]]},"properties":{"NAME":"Patagonian shellfish and marine mammal hunters","SUBJECTO":"Patagonian shellfish and marine mammal hunters","PARTOF":"Patagonian shellfish and marine mammal hunters"}},
{"type":"Feature","geometry":{"type":"Polygon","coordinates":[[[-48.796904749948716,-28.475548314302703],[-48.72837921668743,-28.367052472870924],[-48.72452255775188,-25.425621427338697],[-44.561295476453054,-22.989857114594557],[-43.236432647623026,-23.031526977456625],[-43.27671745526228,-21.589111335510133],[-45.94252927666899,-21.75245598059426],[-49.48718016007792,-24.553337158794967],[-49.83871578487881,-26.797313680361846],[-48.796904749948716,-28.475548314302703]]]},"properties":{"NAME":"Shellfish gatherers","SUBJECTO":"Shellfish gatherers","PARTOF":"Shellfish gatherers"}},
{"type":"Feature","geometry":{"type":"Polygon","coordinates":[[[-65.90622541609757,-18.31105888474315],[-66.09723843191973,-20.13835052013179],[-67.12255067092232,-25.032037581988202],[-68.6165770763261,-26.666495445378],[-69.31964832592786,-29.30477628067829],[-67.48158657100439,-31.655864143664434],[-63.563252469813456,-30.036561103144948],[-57.352789764997816,-29.680878909474107],[-54.36473695419029,-30.592916632921295],[-53.544487162988226,-31.446480334683482],[-52.14021349238029,-31.740936200871825],[-52.04218765784954,-31.556572355073072],[-50.58172699500774,-30.41646806124983],[-48.85215473085459,-28.563025096783424],[-48.796904749948716,-28.475548314302703],[-49.83871578487881,-26.797313680361846],[-49.48718016007792,-24.553337158794967],[-45.94252927666899,-21.75245598059426],[-43.27671745526228,-21.589111335510133],[-43.236432647623026,-23.031526977456625],[-41.95784470130657,-22.92082253817854],[-40.983502355115164,-22.08642999057112],[-40.932816472546804,-21.279411710541822],[-39.69133850623821,-19.40879670504866],[-39.142498937146414,-17.77471772555647],[-38.94815537025188,-16.001592077057936],[-39.126217809216726,-14.324533857148268],[-37.18652435828899,-10.844699300568678],[-35.5985994010136,-9.627626813691236],[-34.890675511853445,-7.611789144318678],[-35.464371648328054,-5.268277086060621],[-37.180600133435476,-4.954271711152174],[-37.88789123444673,-4.393015496284502],[-39.937129019653874,-8.292022806582523],[-48.31539474407497,-13.923762636310581],[-51.537804638083095,-14.378252212655624],[-60.26760598730509,-13.809999263181787],[-64.1940629085568,-14.694582386569342],[-64.66180129731615,-16.804676207468987],[-65.90622541609757,-18.31105888474315]]]},"properties":{"NAME":"Savanna hunter-gatherers","SUBJECTO":"Savanna hunter-gatherers","PARTOF":"Savanna hunter-gatherers"}},
{"type":"Feature","geometry":{"type":"Polygon","coordinates":[[[-64.1940629085568,-14.694582386569342],[-60.26760598730509,-13.809999263181787],[-51.537804638083095,-14.378252212655624],[-48.31539474407497,-13.923762636310581],[-39.937129019653874,-8.292022806582523],[-37.88789123444673,-4.393015496284502],[-40.23088928748821,-2.8512109888011],[-42.31647202064251,-2.817604697983839],[-43.33403870155071,-2.432190097611524],[-44.549137999466566,-3.10260205994856],[-45.37494571579276,-3.165484550148441],[-49.06606977620206,-4.743578120004467],[-54.16333633581491,-4.626791146196514],[-56.33113935542037,-4.334740468715777],[-58.44035310422569,-2.287649024474563],[-57.97163893782451,-0.589157846288572],[-55.80383591821904,0.875529465609527],[-55.8624251890192,1.695565793857857],[-58.55753164582598,3.977596077854006],[-62.65878060183632,4.152921580887431],[-66.40849393304576,3.041936481420927],[-70.15820726425522,-5.735421450211085],[-69.04501111905242,-8.235853806057],[-64.1940629085568,-14.694582386569342]]]},"properties":{"NAME":"Amazon hunter-gatherers","SUBJECTO":"Amazon hunter-gatherers","PARTOF":"Amazon hunter-gatherers"}},
{"type":"Feature","geometry":{"type":"Polygon","coordinates":[[[-120.13217009553428,34.518639095266465],[-119.78493210365032,34.45920523281755],[-117.49671646644329,33.325431429106615],[-115.60230728675579,29.685151659209154],[-114.06728836585735,28.42289312954607],[-114.47785660316204,27.243947588164232],[-112.41098496009563,26.19277151699724],[-112.16581436683391,25.010667406279467],[-110.79756638099407,24.8800483572072],[-112.86987015296673,28.334659181792162],[-114.68277451087688,30.14322432156267],[-114.83865067054485,31.815496050078295],[-113.05207535316204,31.13870009060564],[-111.69163223792766,28.49610289211931],[-110.60444351722454,27.856137834746264],[-109.93666030813027,28.204353485407555],[-107.5637948407243,27.76457612510461],[-104.22420640511586,25.115656057798073],[-100.35731453230613,23.969822801072763],[-97.82193741595154,24.14289165269257],[-97.25996109534954,25.811372362334154],[-97.44714829017376,27.985446535307787],[-97.20648541578431,28.073580382344584],[-98.18951151270068,29.180839383625194],[-104.51715275911663,33.873009655417874],[-111.54786525513434,41.64185091509596],[-111.66773503433551,41.93525523128791],[-119.01799728215308,43.11329780515409],[-120.47361831890835,43.5702362219749],[-121.36156811415898,39.68662126087367],[-120.13217009553428,34.518639095266465]]]},"properties":{"NAME":"Desert hunter-gatherers","SUBJECTO":"Desert hunter-gatherers","PARTOF":"Desert hunter-gatherers"}},
{"type":"Feature","geometry":{"type":"Polygon","coordinates":[[[-120.47361831890835,43.5702362219749],[-119.01799728215308,43.11329780515409],[-111.66773503433551,41.93525523128791],[-114.12579317034083,47.95182480671353],[-114.46737387359948,51.99955012922175],[-115.03392686774305,52.03295961287972],[-125.6971741533699,55.193958165256824],[-128.5879066342332,55.05741560353968],[-124.75974582056752,52.44778520770332],[-120.48272905215676,48.962018954129185],[-120.30696123975633,44.29914221354117],[-120.47361831890835,43.5702362219749]]]},"properties":{"NAME":"Plateau fichers and hunter gatherers","SUBJECTO":"Plateau fichers and hunter gatherers","PARTOF":"Plateau fichers and hunter gatherers"}},
{"type":"Feature","geometry":{"type":"Polygon","coordinates":[[[-120.20444199134563,34.53100927944841],[-120.13217009553428,34.518639095266465],[-121.36156811415898,39.68662126087367],[-120.47361831890835,43.5702362219749],[-120.30696123975633,44.29914221354117],[-120.48272905215676,48.962018954129185],[-124.75974582056752,52.44778520770332],[-128.5879066342332,55.05741560353968],[-129.85166667284474,54.99772241705144],[-130.00363632728315,53.93796118374529],[-127.55576798011516,52.16784247036638],[-127.24746414710735,50.96811636563005],[-124.93922134925579,50.595809541899584],[-124.79498764564251,50.03529318447771],[-122.60556503822063,48.83472784634294],[-122.8260392813847,48.023482881743334],[-124.6752824454472,48.38582571621599],[-123.99469467689251,45.76409491177263],[-124.1404924063847,44.7891116964406],[-124.15713846161013,44.726541207842374],[-124.23045217275275,44.45096392151133],[-124.62967392493938,43.013995729643725],[-124.15260788490032,41.58015020962419],[-124.36481186439251,40.33432348843279],[-123.79630753089641,39.03041037197771],[-121.93205734779094,37.00897558804216],[-121.92680069495891,36.33826788540544],[-120.20444199134563,34.53100927944841]]]},"properties":{"NAME":"North American Pacifi foraging, hunting and fishing peoples","SUBJECTO":"North American Pacifi foraging, hunting and fishing peoples","PARTOF":"North American Pacifi foraging, hunting and fishing peoples"}},
{"type":"Feature","geometry":{"type":"Polygon","coordinates":[[[30.73531475192677,11.19653372381481],[24.074465964367207,11.181973046384048],[23.19994183767005,11.775300538947805],[20.441827284240546,11.972795349850172],[17.750983817480044,12.82691062976631],[8.26576059714931,12.367349972804174],[2.345904970276228,13.285633546771772],[-6.264794123357345,13.351095379469161],[-6.264794123357347,13.35109537946916],[-8.909412972680991,12.636297987321042],[-10.17691939781287,14.210015429381807],[-13.395529310272655,14.916671886604806],[-16.87041946937298,14.363524996001146],[-16.77209946204876,12.597077928740404],[-14.591384854809991,10.46654852505388],[-13.680051770703546,9.91564520474138],[-12.263942685620538,7.35138853665056],[-9.93726345588421,5.863056265074633],[-9.247899022595636,5.17188414211931],[-7.528605428235284,4.336791597563646],[-4.999971356885187,5.238270841795824],[-3.941593614117853,5.265976034361742],[-2.031221595303766,4.698200784880541],[1.557863506777533,6.237427316862963],[3.949497255785712,6.579388700682543],[5.44819215248371,5.476928793150805],[5.359488992633966,5.368345627897537],[12.604745687300603,7.731968465838291],[22.224511080969368,6.196195772852339],[33.92968016137751,2.843586349070006],[36.01508384811689,1.297408540251279],[38.773198401546395,-2.267256227148658],[39.479544811571024,-2.468897035586251],[40.4549755682717,-1.3595608910117],[40.85860208828577,0.322086976400683],[42.540379255011075,1.263781398355505],[44.136579672502506,1.151131692540679],[44.300696405871165,1.290809475142382],[46.36050322960163,2.667831026274584],[48.4715795845821,5.201433740813158],[50.77938369224812,9.36842020626726],[51.18070510338093,11.777448259550951],[49.3035002083614,11.246025644499682],[47.39071181724812,11.159307085234545],[44.28083709190632,10.396465860564135],[43.36809447716023,11.455634676176928],[42.63643935631062,13.09338244076433],[38.64460625909806,9.700482013276593],[39.14318937822596,9.06293447268527],[38.605020684873864,6.597308569790442],[35.57782178476831,5.527006069275479],[33.02152049134584,6.864538013373648],[32.576729264700525,8.62536534630372],[32.042243036291794,8.803527422439965],[30.78958545358119,10.457035431617962],[30.73531475192677,11.19653372381481]]]},"properties":{"NAME":"West African cereal farmers","SUBJECTO":"West African cereal farmers","PARTOF":"West African cereal farmers"}},
{"type":"Feature","geometry":{"type":"Polygon","coordinates":[[[101.65799559397742,52.59584542287202],[81.78025758265233,51.113574067148214],[75.2987180680927,47.41330815648718],[74.11967334478086,46.2160567100311],[73.43506673124497,44.505920074089424],[76.35816623479818,43.6245658257292],[89.15696368627529,42.271443450013464],[107.35969783948717,44.03492168727715],[116.31885605552114,45.44893785285738],[113.33246998350982,53.46640418417956],[111.17831403827496,53.30577002894698],[112.36217498118494,52.139006294842254],[109.65347108270936,50.76373062381454],[105.59041523499594,50.34944769206923],[101.52735938728259,50.381444935003266],[101.65799559397742,52.59584542287202]]]},"properties":{"NAME":"Ruanruan","SUBJECTO":"Ruanruan","PARTOF":"Ruanruan"}},
{"type":"Feature","geometry":{"type":"Polygon","coordinates":[[[5.359488992633966,5.368345627897537],[5.44819215248371,5.476928793150805],[5.354585680468329,5.362343393523119],[5.359488992633966,5.368345627897537]]]},"properties":{"NAME":null,"SUBJECTO":null,"PARTOF":null}},
{"type":"Feature","geometry":{"type":"Polygon","coordinates":[[[43.724307093127024,0.800251446921251],[44.300696405871165,1.290809475142382],[44.136579672502506,1.151131692540679],[43.724307093127024,0.800251446921251]]]},"properties":{"NAME":null,"SUBJECTO":null,"PARTOF":null}},
{"type":"Feature","geometry":{"type":"Polygon","coordinates":[[[38.64460625909806,9.700482013276591],[36.150959907582575,8.001826569505177],[34.29702668517088,8.051932872813602],[32.042243036291794,8.803527422439965],[32.576729264700525,8.62536534630372],[33.02152049134584,6.864538013373648],[35.57782178476831,5.527006069275479],[38.605020684873864,6.597308569790442],[39.14318937822596,9.06293447268527],[38.64460625909806,9.700482013276591]]]},"properties":{"NAME":null,"SUBJECTO":null,"PARTOF":null}},
{"type":"Feature","geometry":{"type":"Polygon","coordinates":[[[34.4217777775482,20.50604967705261],[35.19227037842286,17.575261182242752],[38.641741785509836,18.06071051235857],[37.39818480919148,18.91500052090349],[37.12776854942585,21.227176271635912],[34.4217777775482,20.50604967705261]]]},"properties":{"NAME":null,"SUBJECTO":null,"PARTOF":null}},
{"type":"Feature","geometry":{"type":"Polygon","coordinates":[[[37.12776854942585,21.227176271635912],[35.74630263756062,22.914340578276537],[35.189864191515696,24.39991911526384],[33.657230668213316,24.017988632918694],[33.345321283718846,23.354044941061307],[34.4217777775482,20.50604967705261],[37.12776854942585,21.227176271635912]]]},"properties":{"NAME":"Blemmyes","SUBJECTO":"Blemmyes","PARTOF":"Blemmyes"}},
{"type":"Feature","geometry":{"type":"Polygon","coordinates":[[[-94.28169914074626,35.131473873694475],[-92.21718092906745,33.31780678142776],[-92.21718092906744,33.31780678142777],[-92.27565699131097,33.889729805693065],[-94.11755719209039,35.87563266465669],[-94.28169914074626,35.131473873694475]]]},"properties":{"NAME":"Poverty point culture","SUBJECTO":"Poverty point culture","PARTOF":"Poverty point culture"}},
{"type":"Feature","geometry":{"type":"Polygon","coordinates":[[[-94.11755719209039,29.69269900006508],[-90.77903458167766,29.10867270107927],[-89.79210200155227,30.68973632239321],[-90.34173529453497,30.925773467015734],[-90.65505719689362,33.44791858687658],[-92.21718092906744,33.31780678142777],[-92.21718092906745,33.31780678142776],[-93.81063971894163,31.93751942254124],[-94.11755719209039,31.64329290658055],[-94.11755719209039,29.69269900006508]]]},"properties":{"NAME":"Marksville Culture","SUBJECTO":"Marksville Culture","PARTOF":"Marksville Culture"}},
{"type":"Feature","geometry":{"type":"Polygon","coordinates":[[[-93.81063971894163,31.93751942254124],[-94.32545774733421,32.64423611849725],[-96.04269760186028,32.99355526945035],[-95.46949781042882,31.691977974824947],[-94.11755719209039,31.64329290658055],[-93.81063971894163,31.93751942254124]]]},"properties":{"NAME":"Mill Creek Culture","SUBJECTO":"Mill Creek Culture","PARTOF":"Mill Creek Culture"}},
{"type":"Feature","geometry":{"type":"Polygon","coordinates":[[[-80.89708218391326,32.03661395178849],[-82.12058086357139,33.0513719058266],[-82.39244167760887,34.14240281862365],[-84.95040479150703,34.38750509919219],[-85.76985854969445,34.15964368399752],[-85.76578306622477,34.145613602136706],[-86.99379038135059,32.822254055849356],[-87.30488782067145,31.300469306034106],[-85.3047761588261,29.66390761013689],[-83.69569781017358,29.873429869391458],[-82.76524493838717,30.4158185899654],[-81.37607316258789,30.002611410916185],[-80.89708218391326,32.03661395178849]]]},"properties":{"NAME":"Swift Creek Culture","SUBJECTO":"Swift Creek Culture","PARTOF":"Swift Creek Culture"}},
{"type":"Feature","geometry":{"type":"Polygon","coordinates":[[[-88.4127094275172,35.47419410841722],[-89.79333077815174,35.277192949638795],[-90.62170358853251,34.17085518430479],[-89.6552686430883,33.39630727608393],[-88.37819389375134,33.19435830572942],[-88.12521285146653,34.929856207120274],[-88.4127094275172,35.47419410841722]]]},"properties":{"NAME":"Miller","SUBJECTO":"Miller","PARTOF":"Miller"}},
{"type":"Feature","geometry":{"type":"MultiPolygon","coordinates":[[[[-90.70602507539087,50.27036072336172],[-93.99423890795336,50.63623512890684],[-95.2712151536087,51.11967292342198],[-96.19702293170879,52.38441654763727],[-95.2712151536087,53.85941949539503],[-97.09090630366754,55.06542644067235],[-101.04953266519907,54.624267891019755],[-101.20915469590598,53.27167171471017],[-98.7190510168781,52.2282580087958],[-97.15475511595031,50.412981473886106],[-97.28245274051582,49.571529866513146],[-96.93128427296064,48.54652624427342],[-95.6223836211639,47.715567786973736],[-93.64307044039813,47.1324026173954],[-91.20218652543733,47.33449519739887],[-88.16176621980678,48.987464988661294],[-89.93983932799766,49.03028306411901],[-91.44028641664269,49.63359911939802],[-90.70602507539087,50.27036072336172]]],[[[-83.49110928743823,47.457180821886546],[-84.38499265939697,48.33474153052584],[-86.46007905858689,48.94648637594909],[-85.026610175,47.939546825],[-84.442197375,46.817028875],[-87.27262622500001,46.51189025],[-89.29454786859215,46.887415574169644],[-87.67320649195945,46.454868829512804],[-87.19702427872033,45.567626164254214],[-86.10292376807149,44.76138937802109],[-84.17238032793374,45.588873097610495],[-83.08785307070116,46.18516762384464],[-83.49110928743823,47.457180821886546]]]]},"properties":{"NAME":"Laurel complex","SUBJECTO":"Laurel complex","PARTOF":"Laurel complex"}},
{"type":"Feature","geometry":{"type":"Polygon","coordinates":[[[-88.37819389375134,33.19435830572942],[-88.53914790150893,32.822254055849356],[-86.99379038135059,32.822254055849356],[-85.76578306622477,34.145613602136706],[-85.84857007623326,34.430612556511434],[-86.30389863127989,34.929856207120274],[-88.05622367645947,35.167068232705944],[-88.12521285146653,34.929856207120274],[-87.90444749144392,34.407848231015805],[-88.37819389375134,33.19435830572942]]]},"properties":{"NAME":"Copena","SUBJECTO":"Copena","PARTOF":"Copena"}},
{"type":"Feature","geometry":{"type":"Polygon","coordinates":[[[-88.53914790150893,32.822254055849356],[-89.67002743024211,31.784756743597836],[-89.19392789844542,30.958661261841772],[-88.16493858778806,30.998163451828738],[-87.30488782067145,31.300469306034106],[-86.99379038135059,32.822254055849356],[-87.47382636421221,32.810304320983896],[-88.53914790150893,32.822254055849356]]]},"properties":{"NAME":"Porter","SUBJECTO":"Porter","PARTOF":"Porter"}},
{"type":"Feature","geometry":{"type":"MultiPolygon","coordinates":[[[[-83.744069025,43.62067997499999],[-84.77309296795586,43.382835851404835],[-86.453372075,44.1299426],[-86.494069975,43.9990745],[-86.513782,43.68081785],[-86.37180935,42.248191925],[-87.025077275,41.686106025],[-87.224453225,41.634622675],[-87.37512542499998,41.6343834],[-87.3527604172662,41.16704376310566],[-84.73834009141564,41.72388710934679],[-84.44913696357776,42.89429769290714],[-83.744069025,43.62067997499999]]],[[[-88.16383248044652,41.937662932419904],[-87.3751254250001,41.63438340000005],[-87.477093875,41.6853882],[-88.16383248044652,41.937662932419904]]]]},"properties":{"NAME":"Goodall Focus","SUBJECTO":"Goodall Focus","PARTOF":"Goodall Focus"}},
{"type":"Feature","geometry":{"type":"Polygon","coordinates":[[[-83.6631439247281,40.60754939982846],[-85.97043607596554,40.059641447393545],[-86.54623546366858,39.408471716787226],[-89.18801746370268,39.41560850613387],[-87.3527604172662,41.16704376310566],[-87.37512542499998,41.6343834],[-87.375125425,41.6343834],[-87.3751254250001,41.63438340000005],[-88.16383248044652,41.937662932419904],[-87.79058200411431,42.82049502891816],[-87.7924107,42.841473774999976],[-89.32213587505754,44.487782649380215],[-92.21055321315156,45.76143645381198],[-93.49064726071597,45.18602831564759],[-91.94796981877937,43.68621104721849],[-94.11428282234988,42.026140597450976],[-92.57160538041332,40.86986654389979],[-94.12444283882017,40.142401507814775],[-95.36155394561776,39.945145424469054],[-95.78825196147253,37.17380255125711],[-94.11755719209039,36.32582132144275],[-93.19524094204723,36.411553592131455],[-93.42500141212292,38.34151072485017],[-90.81392504311461,38.00772883891169],[-90.00103178988678,37.28363171577283],[-90.27199620762941,35.786914290614625],[-88.5107274923025,36.06119592283488],[-85.56398944935162,37.55263867010867],[-82.14306367535126,36.95954975646753],[-79.97534833341042,37.57948619350637],[-78.29397288039411,41.01536509648475],[-75.85350431407916,42.95755418036384],[-75.59433951057669,43.680332380651976],[-76.20917755,43.564729725],[-78.820821625,43.30795127499997],[-79.19289561234693,42.846825343870066],[-79.563923125,42.38699635],[-80.29224122128937,41.34035285057309],[-82.27534759106281,40.91314375699184],[-82.44411649842596,40.78571368353483],[-83.64429191512848,40.60125783336357],[-83.6631439247281,40.60754939982846]]]},"properties":{"NAME":"Hopewell Culture","SUBJECTO":"Hopewell Culture","PARTOF":"Hopewell Culture"}},
{"type":"Feature","geometry":{"type":"Polygon","coordinates":[[[-80.02294005,42.806632425],[-80.50447733501159,44.58864515201824],[-81.7186113,44.1385907],[-82.16555501439318,43.08397202876816],[-81.85864319883927,42.26409348709729],[-80.02294005,42.806632425]]]},"properties":{"NAME":"Saugeen Complex","SUBJECTO":"Saugeen Complex","PARTOF":"Saugeen Complex"}},
{"type":"Feature","geometry":{"type":"Polygon","coordinates":[[[-81.9575588970601,41.15309220041832],[-81.945160475,41.50875625],[-82.76848823266988,42.266939539534235],[-82.46467445,43.195435275],[-83.744069025,43.620679975],[-83.744069025,43.62067997499999],[-84.44913696357776,42.89429769290714],[-84.7471558115578,41.6882097215079],[-84.04975658293338,40.73657539158869],[-83.64429191512848,40.60125783336357],[-82.44411649842596,40.78571368353483],[-81.9575588970601,41.15309220041832]]]},"properties":{"NAME":"Couture Complex","SUBJECTO":"Couture Complex","PARTOF":"Couture Complex"}},
{"type":"Feature","geometry":{"type":"MultiPolygon","coordinates":[[[[-76.06008499121823,47.30644622683664],[-80.29956063279727,45.94788202072047],[-80.5333059101073,45.65003514566665],[-79.946659175,44.767006075],[-80.29163770076619,44.52322332422944],[-79.266719125,43.668971825],[-77.2992054,43.9411115],[-77.2879604,43.944539675],[-77.129760075,44.017243475],[-77.119130625,44.050000575],[-77.08436087499999,44.132538925],[-76.950951625,44.24654665],[-76.18122681577438,43.61259738760005],[-75.59433951057669,43.680332380651976],[-73.08158159174988,44.75623330755017],[-70.55963710752852,45.30934303536085],[-70.36396900099408,46.87719857943508],[-71.10315962567967,47.12924610310567],[-74.19036752877825,47.96567636392756],[-76.06008499121823,47.30644622683664]]],[[[-78.820821625,43.30795127499997],[-78.29016170698367,43.36919684214964],[-78.82082162500004,43.307951275],[-78.820821625,43.30795127499997]]]]},"properties":{"NAME":"Point Peninsula","SUBJECTO":"Point Peninsula","PARTOF":"Point Peninsula"}},
{"type":"Feature","geometry":{"type":"Polygon","coordinates":[[[-94.28169914074626,35.131473873694475],[-94.11755719209039,35.87563266465669],[-94.11755719209039,36.32582132144275],[-95.78825196147253,37.17380255125711],[-95.36155394561776,39.945145424469054],[-94.12444283882017,40.142401507814775],[-94.23473573369067,46.72103383947717],[-94.5052648907058,47.38643102366744],[-95.6223836211639,47.715567786973736],[-96.93128427296064,48.54652624427342],[-97.28245274051582,49.571529866513146],[-97.20058974030268,50.110958484297555],[-98.92187739770243,50.2317206620755],[-105.19092937331824,51.45252059422696],[-114.46737387359948,51.99955012922175],[-114.12579317034083,47.95182480671353],[-111.66773503433551,41.93525523128791],[-111.54786525513434,41.64185091509596],[-104.51715275911663,33.873009655417874],[-98.18951151270068,29.180839383625194],[-97.20648541578431,28.073580382344584],[-97.11536881019329,28.10694845791521],[-97.05078656349806,28.118652504127894],[-96.83145615150188,28.15840109463396],[-94.11755719209039,29.69269900006508],[-94.11755719209039,31.64329290658055],[-95.46949781042882,31.691977974824947],[-96.04269760186028,32.99355526945035],[-96.03840472819097,33.00518699946115],[-95.46153665144882,33.03363979660468],[-96.25966202633586,34.61903980822385],[-94.28169914074626,35.131473873694475]]]},"properties":{"NAME":"Plain bison hunters","SUBJECTO":"Plain bison hunters","PARTOF":"Plain bison hunters"}},
{"type":"Feature","geometry":{"type":"Polygon","coordinates":[[[-74.6214265494511,-15.665019429963209],[-73.88967338250498,-14.854972812012551],[-75.56421451676609,-12.87323543403529],[-76.23820969154094,-13.908625997346022],[-74.6214265494511,-15.665019429963209]]]},"properties":{"NAME":"Nazca","SUBJECTO":"Nazca","PARTOF":"Nazca"}},
{"type":"Feature","geometry":{"type":"Polygon","coordinates":[[[-80.59153010156074,28.49188131613878],[-82.4292878775761,27.826148592192553],[-82.31009384681438,26.82493170376482],[-81.09792038490032,25.125047289091967],[-80.31409927894329,25.243880830962084],[-80.04998489906048,26.551089845854662],[-80.59153010156074,28.49188131613878]]]},"properties":{"NAME":"Caloosahatchee cultureure","SUBJECTO":"Caloosahatchee cultureure","PARTOF":"Caloosahatchee cultureure"}},
{"type":"Feature","geometry":{"type":"Polygon","coordinates":[[[-4.547716178042412,15.106206151848557],[-5.183796960593872,17.20081784693365],[-7.455514041134801,19.443455602687497],[-9.908968488119,17.89393581159949],[-11.181130053221922,15.456828694060974],[-8.909412972680991,12.636297987321042],[-6.264794123357347,13.35109537946916],[-4.547716178042412,15.106206151848557]]]},"properties":{"NAME":"Empire of Ghana","SUBJECTO":"Empire of Ghana","PARTOF":"Empire of Ghana"}},
{"type":"Feature","geometry":{"type":"Polygon","coordinates":[[[-4.153334,53.225555],[-4.276945,53.398331],[-4.5675,53.273331],[-4.351389,53.124443],[-4.153334,53.225555]]]},"properties":{"NAME":null,"SUBJECTO":null,"PARTOF":null}},
{"type":"Feature","geometry":{"type":"Polygon","coordinates":[[[-5.103612,55.438606],[-5.154723,55.673332],[-5.400278,55.600555],[-5.103612,55.438606]]]},"properties":{"NAME":null,"SUBJECTO":null,"PARTOF":null}},
{"type":"Feature","geometry":{"type":"Polygon","coordinates":[[[-6.121667,55.878883],[-6.3275,55.589439],[-6.024723,55.68083200000012],[-6.121667,55.878883]]]},"properties":{"NAME":null,"SUBJECTO":null,"PARTOF":null}},
{"type":"Feature","geometry":{"type":"Polygon","coordinates":[[[-5.946945,55.829994],[-5.746112,56.06360600000011],[-5.968056,56.023605],[-6.078889,55.905548],[-5.946945,55.829994]]]},"properties":{"NAME":null,"SUBJECTO":null,"PARTOF":null}},
{"type":"Feature","geometry":{"type":"Polygon","coordinates":[[[-7.466945,56.940826],[-7.376112,56.978607],[-7.445556,57.05555],[-7.553612,56.966385],[-7.466945,56.940826]]]},"properties":{"NAME":null,"SUBJECTO":null,"PARTOF":null}},
{"type":"Feature","geometry":{"type":"Polygon","coordinates":[[[-7.223056,57.337494],[-7.425,57.382217],[-7.38139,57.108604],[-7.230278,57.09471900000011],[-7.223056,57.337494]]]},"properties":{"NAME":null,"SUBJECTO":null,"PARTOF":null}},
{"type":"Feature","geometry":{"type":"Polygon","coordinates":[[[-7.268889,57.39888800000011],[-7.204722,57.460831],[-7.351111,57.489441],[-7.388056,57.423882],[-7.268889,57.39888800000011]]]},"properties":{"NAME":null,"SUBJECTO":null,"PARTOF":null}},
{"type":"Feature","geometry":{"type":"Polygon","coordinates":[[[-7.188612,57.68721800000014],[-7.476945,57.562492],[-7.15389,57.509438],[-7.188612,57.68721800000014]]]},"properties":{"NAME":null,"SUBJECTO":null,"PARTOF":null}},
{"type":"Feature","geometry":{"type":"Polygon","coordinates":[[[-7.00639,57.881386000000134],[-6.993611,57.91861],[-7.073611,57.896111],[-7.00639,57.881386000000134]]]},"properties":{"NAME":null,"SUBJECTO":null,"PARTOF":null}},
{"type":"Feature","geometry":{"type":"Polygon","coordinates":[[[-6.802222,58.203049],[-6.794445,58.218048],[-6.854167,58.25],[-6.873056,58.206383],[-6.802222,58.203049]]]},"properties":{"NAME":null,"SUBJECTO":null,"PARTOF":null}},
{"type":"Feature","geometry":{"type":"Polygon","coordinates":[[[-6.204167,58.35611],[-7.031945,58.238052],[-6.473889,57.940277],[-6.204167,58.35611]]]},"properties":{"NAME":null,"SUBJECTO":null,"PARTOF":null}},
{"type":"Feature","geometry":{"type":"Polygon","coordinates":[[[-2.918334,58.731941],[-2.876667,58.820274],[-3.036945,58.818054],[-2.918334,58.731941]]]},"properties":{"NAME":null,"SUBJECTO":null,"PARTOF":null}},
{"type":"Feature","geometry":{"type":"Polygon","coordinates":[[[-3.231389,58.775551],[-3.136389,58.804161],[-3.335556,58.927498],[-3.431111,58.871384],[-3.231389,58.775551]]]},"properties":{"NAME":null,"SUBJECTO":null,"PARTOF":null}},
{"type":"Feature","geometry":{"type":"Polygon","coordinates":[[[-2.793056,58.951385],[-3.076945,59.121666],[-3.195,58.91111000000012],[-2.793056,58.951385]]]},"properties":{"NAME":null,"SUBJECTO":null,"PARTOF":null}},
{"type":"Feature","geometry":{"type":"Polygon","coordinates":[[[-2.681389,59.195831],[-2.620556,59.236107],[-2.495556,59.244995],[-2.414444,59.313606],[-2.592778,59.29055],[-2.681389,59.195831]]]},"properties":{"NAME":null,"SUBJECTO":null,"PARTOF":null}},
{"type":"Feature","geometry":{"type":"Polygon","coordinates":[[[-2.89,59.29527300000012],[-3.048889,59.329163],[-3.003334,59.263611],[-2.971945,59.287216],[-2.89,59.29527300000012]]]},"properties":{"NAME":null,"SUBJECTO":null,"PARTOF":null}},
{"type":"Feature","geometry":{"type":"Polygon","coordinates":[[[-1.296111,60.491104],[-1.320278,60.356384],[-1.655,60.226105],[-1.126111,60.151665],[-1.041389,60.446938],[-1.296111,60.491104]]]},"properties":{"NAME":null,"SUBJECTO":null,"PARTOF":null}},
{"type":"Feature","geometry":{"type":"Polygon","coordinates":[[[-1.029444,60.495827],[-0.991111,60.719994],[-1.177222,60.63666500000011],[-1.029444,60.495827]]]},"properties":{"NAME":null,"SUBJECTO":null,"PARTOF":null}},
{"type":"Feature","geometry":{"type":"Polygon","coordinates":[[[-0.819722,60.68888900000013],[-0.767778,60.82888800000012],[-0.938889,60.79444100000012],[-0.965556,60.688049],[-0.819722,60.68888900000013]]]},"properties":{"NAME":null,"SUBJECTO":null,"PARTOF":null}},
{"type":"Feature","geometry":{"type":"Polygon","coordinates":[[[-6.706944,61.937492000000134],[-6.718889,62.02861],[-7.192223,62.3077770000001],[-7.232223,62.172493],[-6.706944,61.937492000000134]]]},"properties":{"NAME":null,"SUBJECTO":null,"PARTOF":null}},
{"type":"Feature","geometry":{"type":"Polygon","coordinates":[[[-4.777779,54.05555],[-4.394444,54.186386],[-4.5275,54.367218],[-4.777779,54.05555]]]},"properties":{"NAME":null,"SUBJECTO":null,"PARTOF":null}},
{"type":"Feature","geometry":{"type":"Polygon","coordinates":[[[18.206108,56.911942],[18.711941,57.241661],[18.809166,57.703606],[18.111385,57.51944],[18.206108,56.911942]]]},"properties":{"NAME":null,"SUBJECTO":null,"PARTOF":null}},
{"type":"Feature","geometry":{"type":"Polygon","coordinates":[[[129.715515,28.451107],[129.157745,28.234993],[129.368561,28.116108],[129.715515,28.451107]]]},"properties":{"NAME":null,"SUBJECTO":null,"PARTOF":null}},
{"type":"Feature","geometry":{"type":"Polygon","coordinates":[[[129.963013,29.957218000000125],[129.94165,30],[129.92358400000012,29.983883],[129.963013,29.957218000000125]]]},"properties":{"NAME":null,"SUBJECTO":null,"PARTOF":null}},
{"type":"Feature","geometry":{"type":"Polygon","coordinates":[[[129.89636200000018,29.87416500000012],[129.877167,29.83083],[129.923309,29.824997],[129.89636200000018,29.87416500000012]]]},"properties":{"NAME":null,"SUBJECTO":null,"PARTOF":null}},
{"type":"Feature","geometry":{"type":"Polygon","coordinates":[[[130.906097,30.354717000000107],[131.074402,30.689163],[130.945251,30.683331000000123],[130.906097,30.354717000000107]]]},"properties":{"NAME":null,"SUBJECTO":null,"PARTOF":null}},
{"type":"Feature","geometry":{"type":"Polygon","coordinates":[[[130.558594,30.236382000000106],[130.671906,30.373329000000126],[130.510803,30.458885000000123],[130.387207,30.397217],[130.558594,30.236382000000106]]]},"properties":{"NAME":null,"SUBJECTO":null,"PARTOF":null}},
{"type":"Feature","geometry":{"type":"Polygon","coordinates":[[[128.900818,32.643051],[128.649414,32.777771],[128.610229,32.61166400000013],[128.900818,32.643051]]]},"properties":{"NAME":null,"SUBJECTO":null,"PARTOF":null}},
{"type":"Feature","geometry":{"type":"Polygon","coordinates":[[[128.532471,38.330551],[128.279694,38.43027500000011],[128.260529,38.411659],[128.2435610000001,38.395271],[128.150818,38.335266000000104],[128.01052900000013,38.30555],[127.133881,38.29916400000013],[126.54749300000015,37.647217],[126.658867,37.554993],[126.66277300000013,37.54055],[126.67442300000016,37.488045],[126.65637200000015,37.411102],[126.766098,37.231934],[126.658867,37.248604000000114],[126.660812,37.161934],[126.661102,37.156097],[126.723038,37.131660000000124],[126.738586,37.14888],[126.75943,37.168884],[126.769989,37.174164],[126.869141,37.176384],[126.85942100000011,37.138885],[126.77304100000015,37.118599],[126.754173,37.054161000000136],[126.752777,37.04860700000012],[126.756104,37.044441],[126.865807,36.950546],[126.921654,36.916939],[126.99220300000013,36.91082],[126.846367,36.752495000000124],[126.823318,36.913879],[126.781097,36.963608],[126.76138300000014,36.969986],[126.499153,37.049721],[126.44914200000017,36.99137900000011],[126.33499100000017,36.9855500000001],[126.344994,36.95665700000012],[126.352768,36.948875],[126.38304100000016,36.929436],[126.32083100000011,36.8780440000001],[126.32166300000017,36.884438],[126.308868,36.942215],[126.304428,36.962212],[126.286102,36.959991],[126.184418,36.878326],[126.19166600000017,36.819885],[126.12359600000013,36.70916000000011],[126.49720800000011,36.72387700000013],[126.544418,36.136406],[126.75193800000011,35.778328],[126.479431,35.639992],[126.371368,34.789162],[126.620247,34.624161],[126.463318,34.484718],[126.478317,34.345268],[126.524986,34.316101],[126.556374,34.300545],[126.60027300000013,34.30027],[126.683868,34.434433000000126],[126.772491,34.582771],[126.800812,34.46305100000012],[126.81694,34.44249],[126.889427,34.412491],[126.896942,34.449158],[126.98552700000016,34.526382],[126.989433,34.537773],[127.00972000000013,34.602219],[127.21666000000016,34.707497],[127.27388,34.727486],[127.328598,34.74305],[127.352768,34.692764],[127.242203,34.569443],[127.315262,34.443604],[127.554153,34.656097],[128.451904,34.845543],[129.136932,35.11221300000011],[129.43942300000015,35.475822],[129.342468,37.257217],[128.532471,38.330551]]]},"properties":{"NAME":null,"SUBJECTO":null,"PARTOF":null}},
{"type":"Feature","geometry":{"type":"Polygon","coordinates":[[[123.870819,24.252499],[123.92192100000011,24.371109],[123.767212,24.41444],[123.678864,24.316109],[123.870819,24.252499]]]},"properties":{"NAME":null,"SUBJECTO":null,"PARTOF":null}},
{"type":"Feature","geometry":{"type":"Polygon","coordinates":[[[125.356369,24.776665],[125.261932,24.878883],[125.252213,24.737774],[125.356369,24.776665]]]},"properties":{"NAME":null,"SUBJECTO":null,"PARTOF":null}},
{"type":"Feature","geometry":{"type":"Polygon","coordinates":[[[124.26165800000012,24.457497],[124.077766,24.419994],[124.121918,24.344997],[124.22971300000017,24.338329],[124.26165800000012,24.457497]]]},"properties":{"NAME":null,"SUBJECTO":null,"PARTOF":null}},
{"type":"Feature","geometry":{"type":"Polygon","coordinates":[[[128.252777,26.63888500000013],[128.247192,26.839996],[127.958878,26.544441],[128.252777,26.63888500000013]]]},"properties":{"NAME":null,"SUBJECTO":null,"PARTOF":null}},
{"type":"Feature","geometry":{"type":"Polygon","coordinates":[[[126.76193200000012,26.38694],[126.701927,26.348606],[126.781097,26.29833200000013],[126.8099820000001,26.346943],[126.76193200000012,26.38694]]]},"properties":{"NAME":null,"SUBJECTO":null,"PARTOF":null}},
{"type":"Feature","geometry":{"type":"Polygon","coordinates":[[[128.95108,27.67582700000014],[129.029968,27.774441000000138],[128.89886500000011,27.89777400000014],[128.89721700000018,27.725826],[128.95108,27.67582700000014]]]},"properties":{"NAME":null,"SUBJECTO":null,"PARTOF":null}},
{"type":"Feature","geometry":{"type":"Polygon","coordinates":[[[128.609131,27.358887],[128.69635000000017,27.4486050000001],[128.52359000000013,27.413609],[128.609131,27.358887]]]},"properties":{"NAME":null,"SUBJECTO":null,"PARTOF":null}},
{"type":"Feature","geometry":{"type":"Polygon","coordinates":[[[129.992188,28.281666],[130.0324710000001,28.35305],[129.943024,28.32222],[129.992188,28.281666]]]},"properties":{"NAME":null,"SUBJECTO":null,"PARTOF":null}},
{"type":"Feature","geometry":{"type":"Polygon","coordinates":[[[129.33609000000013,28.075275],[129.3402400000001,28.110828],[129.223846,28.183605],[129.219116,28.097775],[129.33609000000013,28.075275]]]},"properties":{"NAME":null,"SUBJECTO":null,"PARTOF":null}},
{"type":"Feature","geometry":{"type":"Polygon","coordinates":[[[129.733032,29.609718],[129.75332600000013,29.64777400000014],[129.70968600000015,29.651661],[129.733032,29.609718]]]},"properties":{"NAME":null,"SUBJECTO":null,"PARTOF":null}},
{"type":"Feature","geometry":{"type":"Polygon","coordinates":[[[25.18612578819538,65.24265631313982],[25.195617809103457,65.26795101619156],[25.25150779197956,65.41688879604997],[25.18612578819538,65.24265631313982]]]},"properties":{"NAME":null,"SUBJECTO":null,"PARTOF":null}},
{"type":"Feature","geometry":{"type":"Polygon","coordinates":[[[34.72611897050977,65.78029310527337],[34.725588831408274,65.61499365444841],[34.726172480089915,65.79697760220232],[34.72611897050977,65.78029310527337]]]},"properties":{"NAME":null,"SUBJECTO":null,"PARTOF":null}},
{"type":"Feature","geometry":{"type":"Polygon","coordinates":[[[91.6346769661739,75.65272863979997],[90,75.60154303188982],[89.79632857750202,75.52443274136247],[91.6346769661739,75.65272863979997]]]},"properties":{"NAME":null,"SUBJECTO":null,"PARTOF":null}},
{"type":"Feature","geometry":{"type":"Polygon","coordinates":[[[105.2788191170528,72.7515369283742],[105.40307092131953,72.748726095192],[105.60022262047077,72.74426611538591],[105.2788191170528,72.7515369283742]]]},"properties":{"NAME":null,"SUBJECTO":null,"PARTOF":null}},
{"type":"Feature","geometry":{"type":"Polygon","coordinates":[[[170.3368025154903,60.27710302944841],[170.51969436119342,60.33994253750505],[170.34409823134902,60.27960975244485],[170.3368025154903,60.27710302944841]]]},"properties":{"NAME":null,"SUBJECTO":null,"PARTOF":null}},
{"type":"Feature","geometry":{"type":"Polygon","coordinates":[[[123.40985396812702,73.48077734585466],[123.5007008987776,73.50494943844788],[124.22215560386921,73.69691046353044],[123.40985396812702,73.48077734585466]]]},"properties":{"NAME":null,"SUBJECTO":null,"PARTOF":null}},
{"type":"Feature","geometry":{"type":"Polygon","coordinates":[[[18.893071207610316,59.92568930240039],[17.14620879600788,60.95282705898943],[17.93625548790241,62.54800375576677],[15.43013132739913,61.86605293654498],[11.528408300596416,61.89775715387968],[9.832105669482,63.683620058257006],[7.08818009804035,62.91019781704607],[5.148983511431464,61.7408824789113],[5.805763277514227,59.94925268765154],[5.61548427055622,58.45521505947771],[8.153747591479071,58.08954580898943],[10.54927161644245,59.37863119717302],[13.301851305468329,55.3006969320363],[15.770541223986395,56.03321035977068],[16.658679041369208,57.442950807768725],[16.684202571249493,58.64028888351093],[15.293919866282437,59.416016838506046],[15.866447282609235,60.31144642769223],[18.893071207610316,59.92568930240039]]]},"properties":{"NAME":null,"SUBJECTO":null,"PARTOF":null}},
{"type":"Feature","geometry":{"type":"Polygon","coordinates":[[[-2.063933241302025,54.92912393049246],[-3.152976117373741,54.83774165538268],[-2.914475408093683,53.267142854887865],[-4.317542043225519,53.09120901699724],[-4.604564633862726,50.778747163969896],[-2.34624470782936,50.62995352983248],[-2.063933241302025,51.69728902991095],[-2.063933241302025,54.92912393049246]]]},"properties":{"NAME":"Western Roman Empire","SUBJECTO":"Western Roman Empire","PARTOF":"Western Roman Empire"}},
{"type":"Feature","geometry":{"type":"Polygon","coordinates":[[[0.231065470037807,36.0558266426145],[-2.035251822964899,35.05456884976091],[-4.59297749091839,35.15118750210466],[-5.928758588330499,35.72785910244646],[-7.004007783429376,33.874984346587084],[-9.21868607093548,32.5803600179738],[-9.81326672126507,31.289060198027514],[-9.662592854993097,29.95481642361345],[-11.576458898083917,28.228616319853685],[-12.866208997266046,27.857324205595873],[-14.367254224316827,26.119227968413256],[-14.820046391980402,24.73287733669939],[-15.714025464551202,23.873057924467943],[-17.051907506482355,21.00409849758806],[-16.34728142310833,20.522616945464037],[-15.982691731946222,18.178399645048998],[-16.87041946937298,14.363524996001146],[-13.395529310272655,14.916671886604806],[-10.17691939781287,14.210015429381807],[-11.181130053221922,15.456828694060974],[-9.908968488119,17.89393581159949],[-7.455514041134801,19.443455602687497],[-5.183796960593872,17.20081784693365],[-4.547716178042412,15.106206151848557],[-6.264794123357345,13.351095379469161],[2.345904970276228,13.285633546771772],[8.26576059714931,12.367349972804174],[17.750983817480044,12.82691062976631],[20.441827284240546,11.972795349850172],[23.19994183767005,11.775300538947805],[24.074465964367207,11.181973046384048],[30.73531475192677,11.19653372381481],[30.346545040181983,16.932644006397737],[29.60734921129023,18.780633578627118],[29.48682156756216,20.277870880069095],[29.987884600646403,22.332229315714486],[30.808542433239328,23.862604902257928],[28.406155989341126,27.743383003939627],[26.742965374334684,28.574978311442855],[22.30779040098416,29.960970490614894],[18.61181125652539,29.406573618946076],[14.453834719009276,31.162163712563995],[9.833860788435814,32.917753806181906],[8.632667566486717,34.02654754951954],[7.985871216206434,35.504939207303046],[2.547261745546675,34.7253640750185],[0.231065470037807,36.0558266426145]]]},"properties":{"NAME":null,"SUBJECTO":null,"PARTOF":null}},
{"type":"Feature","geometry":{"type":"Polygon","coordinates":[[[-5.815170509808777,43.703295530099965],[-7.636274781720392,43.72141226406755],[-9.270803418652765,43.048690401274584],[-8.644062963025323,42.41974981899919],[-8.714765552963403,40.93193527215286],[-6.980806358755379,39.613924679927344],[-4.765978924719791,42.28425814846416],[-5.815170509808777,43.703295530099965]]]},"properties":{"NAME":"Sveves","SUBJECTO":"Sveves","PARTOF":"Sveves"}},
{"type":"Feature","geometry":{"type":"Polygon","coordinates":[[[-1.675892391809571,43.422586442359865],[-5.815170509808777,43.703295530099965],[-4.765978924719791,42.28425814846416],[0.270894775365792,41.80680338960899],[-1.675892391809571,43.422586442359865]]]},"properties":{"NAME":"Basks","SUBJECTO":"Basks","PARTOF":"Basks"}},
{"type":"Feature","geometry":{"type":"Polygon","coordinates":[[[-2.34624470782936,50.62995352983248],[0.191810223562964,50.73128470059099],[1.691691669924506,52.311420046049975],[-0.319215585188619,53.57891424771013],[-1.575035054693892,54.97014768591194],[-2.063933241302025,54.92912393049246],[-2.063933241302025,51.69728902991095],[-2.34624470782936,50.62995352983248]]]},"properties":{"NAME":"Anglo-Saxons","SUBJECTO":"Anglo-Saxons","PARTOF":"Anglo-Saxons"}},
{"type":"Feature","geometry":{"type":"Polygon","coordinates":[[[9.344982193553985,52.201914063772186],[7.207109274955071,50.71929214398837],[9.486264553196216,48.37105852235572],[11.17121299048993,48.7197618668514],[11.411686890191454,49.9787684137065],[9.344982193553985,52.201914063772186]]]},"properties":{"NAME":"Turingians","SUBJECTO":"Turingians","PARTOF":"Turingians"}},
{"type":"Feature","geometry":{"type":"Polygon","coordinates":[[[4.274453533496207,43.405387500745285],[6.523014101488837,43.15085180874529],[8.89658549736286,44.437186800200365],[9.909300837023505,44.11047705288591],[10.7427559227779,42.850509248930834],[12.641516718371161,41.53109701748552],[15.666200670702704,40.09186133022966],[17.084080728991278,40.525111757475756],[14.092769655688056,42.60952719326677],[12.345076593859442,44.30104025479021],[14.945532831652411,44.92658957119646],[15.412318262560614,43.93475683804216],[18.843149619610575,42.24141953939946],[19.065554967667936,45.53510719663292],[18.914391569484653,47.836337699702405],[15.757694461053932,48.53782594602034],[14.755568394885449,48.18708182286137],[12.200146926155815,49.139101585721434],[11.17121299048993,48.7197618668514],[9.486264553196216,48.37105852235572],[9.005117541787135,47.435841112014515],[10.754730379619252,46.85190424343195],[6.964068423146814,45.90441681289637],[6.956534791997347,44.542657876324476],[4.453562119507572,44.37892437476635],[4.274453533496207,43.405387500745285]]]},"properties":{"NAME":"Ostrogoths","SUBJECTO":"","PARTOF":""}},
{"type":"Feature","geometry":{"type":"Polygon","coordinates":[[[4.453562119507572,44.37892437476635],[6.956534791997347,44.542657876324476],[6.964068423146814,45.90441681289637],[10.754730379619252,46.85190424343195],[9.005117541787135,47.435841112014515],[6.689382774127078,47.14540233615409],[6.423809948806639,47.792397904020426],[3.770847753292309,47.7013829165482],[3.712123841453768,46.33151498170031],[3.631219549290377,44.444239557492985],[4.453562119507572,44.37892437476635]]]},"properties":{"NAME":"Burgunds","SUBJECTO":"Burgunds","PARTOF":"Burgunds"}},
{"type":"Feature","geometry":{"type":"Polygon","coordinates":[[[52.61114028404499,72.74000128384294],[51.482134851916086,71.8446765768117],[54.30786803673054,71.20566137905779],[55.51757720421101,72.47799261685076],[52.61114028404499,72.74000128384294]]]},"properties":{"NAME":null,"SUBJECTO":null,"PARTOF":null}},
{"type":"Feature","geometry":{"type":"Polygon","coordinates":[[[12.052621874315985,55.70307882900896],[11.101924929125556,55.63367041226091],[11.285398516161688,55.18856772061052],[12.429719004137763,55.24469336147966],[12.052621874315985,55.70307882900896]]]},"properties":{"NAME":null,"SUBJECTO":null,"PARTOF":null}},
{"type":"Feature","geometry":{"type":"Polygon","coordinates":[[[14.069946321947821,53.917769991118334],[13.77841094444538,54.04440649624529],[13.827770266039618,53.82971914883318],[14.069946321947821,53.917769991118334]]]},"properties":{"NAME":null,"SUBJECTO":null,"PARTOF":null}},
{"type":"Feature","geometry":{"type":"Polygon","coordinates":[[[14.472936663134345,53.87677725430193],[14.227241548998602,53.909511171538256],[14.247895273669013,53.815963350493334],[14.472936663134345,53.87677725430193]]]},"properties":{"NAME":null,"SUBJECTO":null,"PARTOF":null}},
{"type":"Feature","geometry":{"type":"Polygon","coordinates":[[[9.344982193553985,52.201914063772186],[10.352715810453333,54.35402276657039],[10.147146257860907,55.764892183501146],[8.1834297509029,56.43146475430193],[8.848478350146063,53.749679170805834],[4.64101270149494,52.75569876309099],[3.775046858294257,51.3877445089406],[5.135158159668009,52.126689920486214],[6.857562335895089,51.578652228050316],[7.207109274955071,50.71929214398837],[9.344982193553985,52.201914063772186]]]},"properties":{"NAME":"Saxons","SUBJECTO":"Saxons","PARTOF":"Saxons"}},
{"type":"Feature","geometry":null,"properties":{"NAME":"Western Roman Empire","SUBJECTO":"Western Roman Empire","PARTOF":"Western Roman Empire"}},
{"type":"Feature","geometry":{"type":"Polygon","coordinates":[[[-1.725107472763612,48.622865812537135],[-3.091225352780572,48.87155111904802],[-3.954837766186944,47.90433844204607],[-2.399563605079884,47.220703757170206],[-1.725107472763612,48.622865812537135]]]},"properties":{"NAME":"Armorica","SUBJECTO":"Armorica","PARTOF":"Armorica"}},
{"type":"Feature","geometry":{"type":"Polygon","coordinates":[[[9.344982193553985,52.201914063772186],[11.411686890191454,49.9787684137065],[11.17121299048993,48.7197618668514],[12.200146926155815,49.139101585721434],[14.755568394885449,48.18708182286137],[15.757694461053932,48.53782594602034],[18.914391569484653,47.836337699702405],[19.065554967667936,45.53510719663292],[22.954586751264443,44.6524875898385],[23.13938570848738,43.91329176094675],[25.264573716551173,43.82089228233528],[28.03655807489525,44.37528915400409],[28.22135703211819,45.48408289734172],[29.61591628502155,45.4102054464406],[30.832856211169013,46.576591097075365],[33.638838800890696,45.92677267666521],[33.39549544761921,44.600490175444506],[35.06732085655476,44.86172445889177],[34.906809839709055,46.27302130337419],[37.42214492271687,47.07688101406755],[37.970171961291086,46.441283785063646],[37.47389129112507,44.69235952969255],[41.40974334190632,42.78824194546404],[41.68046859215046,41.79333838101091],[42.658233401780876,41.685483991732276],[48.25410039415661,42.24844277673614],[46.84594634483601,44.446410738188646],[47.55630401085163,45.45349844570818],[49.53451446007038,46.54151877041521],[51.36885741661335,47.09002264614763],[53.185217890246165,46.865226350981615],[52.60973647545124,45.39955099697771],[50.874304804308665,44.626247011382006],[51.17103484581257,43.7180667745656],[52.51981643150593,42.072555147368334],[53.98521712730671,42.10553701992693],[54.81849578331257,40.879569612700365],[52.84545043419148,40.18038138027849],[54.07141784141804,38.89694555874529],[54.06743911216999,36.94152411099138],[62.69849972706014,39.99214409644672],[65.01726444067529,38.50813467973303],[66.77952562302279,38.04438173701],[67.05777738865662,37.11687585156395],[69.6478993656251,37.09287443663236],[71.23176704813918,38.2147807117465],[71.62773396876769,35.83897918797538],[74.20151895285306,37.48884135726088],[75.6533976618243,37.356852383718035],[77.21561090336654,36.28237964597086],[76.00399337279748,34.68407566947553],[78.76180462567224,30.79107302592648],[83.60542099213858,26.91617993275341],[86.51159081201838,25.872939484591427],[88.00193430939264,25.872939484591427],[92.6283520937905,27.094972802798786],[94.46557630358761,26.450558168934293],[94.18685982349582,25.723905134854],[90,24.308078812348455],[91.87682740256571,23.637424238530038],[92.92148116539265,20.37367209072771],[94.05371383140827,19.061149202544115],[94.4648542733028,17.26426275845232],[94.14335921715046,16.215379320341967],[95.32981399009968,15.677930437285326],[96.4692488045528,16.512576662260912],[97.6738685662529,15.693107710150713],[100.06626492063727,16.23041705657998],[101.88083480867559,16.234877863074082],[107.32983674477201,15.299084550828535],[107.69201949547077,16.37142714138689],[106.39383986900593,17.66453894253435],[104.3810912608956,18.327951477109472],[103.23424489264612,20.122862737146093],[102.38374905905424,24.0100101128736],[102.01116318471067,24.68066468669202],[100.4148339915257,25.085907735700978],[99.75235985063013,27.47081464292496],[101.0424399114174,29.59879822802707],[102.83085210826651,31.685279124351034],[103.3524723323475,33.175622621725296],[102.83085210826651,35.485655042655395],[99.850165113518,37.34858441437322],[96.9439952936382,38.3918248625352],[96.27334071981977,39.73313401017204],[97.01851246850691,40.85089163320273],[102.97988645800395,40.18023705938431],[104.54474713024692,40.40378858399045],[106.1841249773586,41.37251185728372],[107.30188260038929,41.447029032152436],[111.10303257540103,40.86818338041589],[116.16921402302536,40.64139821625898],[118.20972697100667,40.826899393348185],[119.04448226790814,42.31090881006189],[123.86751287222764,43.05291351841873],[124.70226816912908,42.31090881006189],[127.29928464837805,43.23841469550794],[129.64126113365435,41.655849062163256],[132.18178847740435,43.19463690396013],[134.13894179771685,42.99295385952654],[136.03397658775592,44.39840658779802],[137.72051528404498,45.99668081875505],[140.08100417564654,48.50260504360857],[140.3234968514278,50.51783712979021],[141.0472980268994,52.68965608140495],[134.8699457082304,52.00920268938546],[127.33558400130104,49.977254198409234],[119.93576446770969,51.257643821866914],[116.70675230759709,54.659373183217475],[114.0159088408366,59.54672904426065],[107.9615110406255,59.8183896994711],[99.48535412032993,55.65854236961009],[93.70004066679506,56.48455609390737],[78.36223290626025,56.41019430623805],[65.31164209247186,55.04663307077481],[59.09429166962169,56.4318399506882],[53.97646398874319,57.7086220534561],[46.105746848468755,57.7086220534561],[32.51698734132826,60.9322458642223],[29.018890834539626,61.77074313018303],[21.200139078600653,62.43518408413591],[21.560151133044013,60.51248510952654],[23.664656671984442,59.83555182095232],[28.43523124168659,60.33733709927263],[27.702038797838934,59.297504030424975],[23.415757212145575,59.11896475430193],[24.34649947593952,57.159720979887865],[21.67733100364948,57.46365698452654],[20.964827570421942,56.60902365322771],[21.137343439562567,54.845458589751146],[18.27944854210163,54.724120699126146],[14.472936663134345,53.87677725430193],[12.652518305285223,54.32142599697771],[10.352715810453333,54.35402276657039],[9.344982193553985,52.201914063772186]],[[111.17831403827496,53.30577002894698],[113.33246998350982,53.46640418417956],[116.31885605552114,45.44893785285738],[107.35969783948717,44.03492168727715],[89.15696368627529,42.271443450013464],[76.35816623479818,43.6245658257292],[73.43506673124497,44.505920074089424],[74.11967334478086,46.2160567100311],[75.2987180680927,47.41330815648718],[81.78025758265233,51.113574067148214],[101.65799559397742,52.59584542287202],[101.6778429371979,52.93227563331893],[107.71564735836472,53.66592205096456],[109.18526124307344,53.645427324725624],[110.85733948203185,53.62210910072536],[111.17831403827496,53.30577002894698]]]},"properties":{"NAME":null,"SUBJECTO":null,"PARTOF":null}},
{"type":"Feature","geometry":{"type":"MultiPolygon","coordinates":[[[[12.636879000170477,37.581500612456225],[15.027343782885321,36.745116792876146],[15.386741671068915,38.20554693813982],[12.636879000170477,37.581500612456225]]],[[[18.608251734537422,30.374469834373926],[15.84332564781452,31.28500326748552],[15.009786638720282,32.3634410726613],[12.564756426317938,32.73963888760271],[10.019480738146552,34.081473909575365],[11.125108751757391,35.24060782070818],[10.132734331591376,37.10474737759294],[5.144465002520331,36.66767843838396],[1.057602915270575,36.46185644741716],[0.231065470037807,36.0558266426145],[2.547261745546675,34.7253640750185],[7.985871216206434,35.504939207303046],[8.632667566486717,34.02654754951954],[9.833860788435814,32.917753806181906],[14.453834719009276,31.162163712563995],[18.61181125652539,29.406573618946076],[18.608251734537422,30.374469834373926]]]]},"properties":{"NAME":"Vandals","SUBJECTO":"Vandals","PARTOF":"Vandals"}},
{"type":"Feature","geometry":{"type":"Polygon","coordinates":[[[-156.12085434486127,20.712571703154467],[-156.39587875892377,20.9502445089406],[-156.8224992423222,20.93991049404802],[-156.5067033438847,20.598901354033373],[-156.12085434486127,20.712571703154467]]]},"properties":{"NAME":null,"SUBJECTO":null,"PARTOF":null}},
{"type":"Feature","geometry":{"type":"Polygon","coordinates":[[[-158.1790666251347,21.68914373989763],[-158.43440720130658,21.45204313870134],[-158.29761215736127,21.276496492583178],[-158.04683395911908,21.458880983549975],[-158.1790666251347,21.68914373989763]]]},"properties":{"NAME":null,"SUBJECTO":null,"PARTOF":null}},
{"type":"Feature","geometry":{"type":"Polygon","coordinates":[[[-167.86543747474408,53.3234134542531],[-168.22346970130658,53.58995398159685],[-168.37433334876752,53.2352786886281],[-167.86543747474408,53.3234134542531]]]},"properties":{"NAME":null,"SUBJECTO":null,"PARTOF":null}},
{"type":"Feature","geometry":{"type":"Polygon","coordinates":[[[-93.14401958508803,16.9824922716273],[-96.18788807099754,17.879781336252893],[-95.50142395722808,16.53181202401229],[-96.43745216381312,16.219802621817283],[-99.01583000809292,16.823658789314106],[-98.58685026782317,17.987855900922327],[-96.20592381197541,17.88608189238678],[-97.23480952497813,18.23052988040733],[-98.44817942240316,19.79057689138237],[-98.51751484511317,20.934611366097396],[-97.52655310700122,21.25448451827604],[-97.88202377845501,22.33262213345232],[-97.82193741595154,24.14289165269257],[-100.35731453230613,23.969822801072763],[-104.22420640511586,25.115656057798073],[-107.5637948407243,27.76457612510461],[-109.93666030813027,28.204353485407555],[-110.60444351722454,27.856137834746264],[-109.13188644935344,26.288686357695482],[-105.53994461585735,22.284598909575365],[-104.94791122962688,19.437839113432787],[-103.49393936683391,18.353892885405443],[-101.99260422279094,18.02653082485857],[-101.22077652503704,17.41792257900896],[-97.88092514564251,16.052028261382006],[-96.33293625404094,15.750238977629564],[-95.13016983558391,16.29946859951677],[-93.58785745357416,15.741059799706633],[-93.14401958508803,16.9824922716273]],[[-100.49357439234822,20.899943654742394],[-99.10686593814819,20.58628340914953],[-98.48284713375817,19.802132795167363],[-99.14153364950319,18.923884107507348],[-100.75496856910725,19.588321153783404],[-100.49357439234822,20.899943654742394]]]},"properties":{"NAME":null,"SUBJECTO":null,"PARTOF":null}},
{"type":"Feature","geometry":{"type":"Polygon","coordinates":[[[-119.78493210365032,34.45920523281755],[-120.13217009553428,34.518639095266465],[-120.20444199134563,34.53100927944841],[-119.78493210365032,34.45920523281755]]]},"properties":{"NAME":null,"SUBJECTO":null,"PARTOF":null}},
{"type":"Feature","geometry":{"type":"Polygon","coordinates":[[[-124.23045217275275,44.45096392151133],[-124.15713846161013,44.726541207842374],[-124.1404924063847,44.7891116964406],[-124.23045217275275,44.45096392151133]]]},"properties":{"NAME":null,"SUBJECTO":null,"PARTOF":null}},
{"type":"Feature","geometry":{"type":"Polygon","coordinates":[[[-97.20648541578431,28.073580382344584],[-97.44714829017376,27.985446535307787],[-97.11536881019329,28.10694845791521],[-97.20648541578431,28.073580382344584]]]},"properties":{"NAME":null,"SUBJECTO":null,"PARTOF":null}},
{"type":"Feature","geometry":{"type":"Polygon","coordinates":[[[-96.83145615150188,28.15840109463396],[-97.05078656349806,28.118652504127894],[-97.11536881019329,28.10694845791521],[-96.83145615150188,28.15840109463396]]]},"properties":{"NAME":null,"SUBJECTO":null,"PARTOF":null}},
{"type":"Feature","geometry":{"type":"Polygon","coordinates":[[[-130.66179631968183,54.95945627584521],[-130.54572006751752,54.90974386807146],[-130.47570035171248,54.96824644247599],[-130.66179631968183,54.95945627584521]]]},"properties":{"NAME":null,"SUBJECTO":null,"PARTOF":null}},
{"type":"Feature","geometry":{"type":"Polygon","coordinates":[[[-89.99451157142376,64.03280218716326],[-90.00580307533001,63.9038577901906],[-89.86152359534954,63.6466556417531],[-89.99451157142376,64.03280218716326]]]},"properties":{"NAME":null,"SUBJECTO":null,"PARTOF":null}},
{"type":"Feature","geometry":{"type":"Polygon","coordinates":[[[-89.87039658118938,63.57521780605974],[-90,63.569825328295714],[-90,63.56135138149919],[-89.87039658118938,63.57521780605974]]]},"properties":{"NAME":null,"SUBJECTO":null,"PARTOF":null}},
{"type":"Feature","geometry":{"type":"Polygon","coordinates":[[[-166.7418565421269,53.53258093472185],[-166.38348862220502,53.85458334561052],[-167.1484269766972,53.94021566982927],[-166.7418565421269,53.53258093472185]]]},"properties":{"NAME":null,"SUBJECTO":null,"PARTOF":null}},
{"type":"Feature","geometry":{"type":"Polygon","coordinates":[[[-164.78615280677533,54.68968542690935],[-163.20639511634565,54.73718603726091],[-163.7427873282597,55.061915956694506],[-164.78615280677533,54.68968542690935]]]},"properties":{"NAME":null,"SUBJECTO":null,"PARTOF":null}},
{"type":"Feature","geometry":{"type":"Polygon","coordinates":[[[-163.26241013099408,55.17098196621599],[-162.96799179603315,54.94873388882341],[-162.78760239173627,55.15161856289568],[-163.26241013099408,55.17098196621599]]]},"properties":{"NAME":null,"SUBJECTO":null,"PARTOF":null}},
{"type":"Feature","geometry":{"type":"Polygon","coordinates":[[[-160.67599960853315,55.764945589262865],[-161.8104600577519,55.78313788052263],[-162.58459946204877,55.38870581265154],[-162.21831223060346,55.13241537686052],[-160.67599960853315,55.764945589262865]]]},"properties":{"NAME":null,"SUBJECTO":null,"PARTOF":null}},
{"type":"Feature","geometry":{"type":"Polygon","coordinates":[[[-154.3420304923222,57.48731955166521],[-153.87775131751752,56.94134863491716],[-152.67949387122846,57.76453741665544],[-153.39587875892377,57.80431707974138],[-154.3420304923222,57.48731955166521]]]},"properties":{"NAME":null,"SUBJECTO":null,"PARTOF":null}},
{"type":"Feature","geometry":{"type":"Polygon","coordinates":[[[-136.41823288490033,58.111190401274584],[-136.59644028236127,57.90492209072771],[-135.11499496986127,57.67462881680193],[-135.32489487220502,58.09266623135271],[-136.41823288490033,58.111190401274584]]]},"properties":{"NAME":null,"SUBJECTO":null,"PARTOF":null}},
{"type":"Feature","geometry":{"type":"Polygon","coordinates":[[[-171.2286271720097,63.651183687407396],[-169.9031114249394,63.07521017666521],[-169.33293625404096,63.39732702847185],[-171.2286271720097,63.651183687407396]]]},"properties":{"NAME":null,"SUBJECTO":null,"PARTOF":null}},
{"type":"Feature","geometry":{"type":"Polygon","coordinates":[[[-135.25807663490033,57.414210878569506],[-135.4660539298222,57.22919806118669],[-134.9456681876347,56.45350226040544],[-134.7637834220097,56.79368170376482],[-135.00233933021283,57.325770937163256],[-135.25807663490033,57.414210878569506]]]},"properties":{"NAME":null,"SUBJECTO":null,"PARTOF":null}},
{"type":"Feature","geometry":{"type":"Polygon","coordinates":[[[-104.62044428584238,71.09253252294585],[-105.31259628822063,72.65014227505388],[-111.72553726722454,72.33058508511247],[-114.64695450355266,73.3548847066945],[-117.21970840980266,72.85729559536638],[-110.34678520373127,71.19655506982303],[-104.62044428584238,71.09253252294585]]]},"properties":{"NAME":null,"SUBJECTO":null,"PARTOF":null}},
{"type":"Feature","geometry":{"type":"Polygon","coordinates":[[[-123.49339005042766,74.44630011196794],[-117.685761580263,73.21545873829851],[-117.33621689368938,74.16727789517107],[-123.49339005042766,74.44630011196794]]]},"properties":{"NAME":null,"SUBJECTO":null,"PARTOF":null}},
{"type":"Feature","geometry":{"type":"Polygon","coordinates":[[[-114.1376847891972,76.38546331997576],[-115.18592545081829,75.1543460714406],[-112.20279404212688,74.49975927944841],[-105.77345749427532,75.23006781216326],[-105.9172029166386,76.02183874722185],[-111.38564011146282,75.65990790005388],[-114.1376847891972,76.38546331997576]]]},"properties":{"NAME":null,"SUBJECTO":null,"PARTOF":null}},
{"type":"Feature","geometry":{"type":"Polygon","coordinates":[[[-102.14959427406048,75.64403875942888],[-98.00159164954876,75.16206701870622],[-97.81654068519329,76.47571142788591],[-102.14959427406048,75.64403875942888]]]},"properties":{"NAME":null,"SUBJECTO":null,"PARTOF":null}},
{"type":"Feature","geometry":{"type":"Polygon","coordinates":[[[-122.15077683021282,76.58204229946794],[-120.09985825111126,75.97814520474138],[-118.73600479652141,76.93774756069841],[-122.15077683021282,76.58204229946794]]]},"properties":{"NAME":null,"SUBJECTO":null,"PARTOF":null}},
{"type":"Feature","geometry":{"type":"Polygon","coordinates":[[[-111.99119278480266,77.97737463589372],[-113.02425095130657,77.60209234829607],[-110.61967178870891,77.53749426479997],[-109.66120621253704,77.94987066860857],[-111.99119278480266,77.97737463589372]]]},"properties":{"NAME":null,"SUBJECTO":null,"PARTOF":null}},
{"type":"Feature","geometry":{"type":"Polygon","coordinates":[[[-104.96614548255657,78.53385504360857],[-101.16788193275188,78.2688709127492],[-99.89162155677532,78.65814550991716],[-102.56874558021282,79.01609381313982],[-104.96614548255657,78.53385504360857]]]},"properties":{"NAME":null,"SUBJECTO":null,"PARTOF":null}},
{"type":"Feature","geometry":{"type":"Polygon","coordinates":[[[-95.09702774574016,78.4384036886281],[-98.43719955970501,78.66092260952654],[-97.45977493812298,78.10106238003435],[-95.09702774574016,78.4384036886281]]]},"properties":{"NAME":null,"SUBJECTO":null,"PARTOF":null}},
{"type":"Feature","geometry":{"type":"Polygon","coordinates":[[[-75.92493912269329,82.51744421597185],[-78.69849106361126,83.00252112026872],[-90,82.01732977505388],[-82.7907380728886,80.69738348599138],[-78.32092758704876,80.965358339507],[-75.92493912269329,82.51744421597185]]]},"properties":{"NAME":null,"SUBJECTO":null,"PARTOF":null}},
{"type":"Feature","geometry":{"type":"Polygon","coordinates":[[[-87.82733627845501,80.37283667202654],[-96.43336960365032,79.9334216939992],[-92.70153519202923,78.43416937466326],[-87.78725906898235,78.72545202847185],[-87.82733627845501,80.37283667202654]]]},"properties":{"NAME":null,"SUBJECTO":null,"PARTOF":null}},
{"type":"Feature","geometry":{"type":"Polygon","coordinates":[[[-94.28169914074626,35.131473873694475],[-96.25966202633586,34.61903980822385],[-95.46153665144882,33.03363979660468],[-96.03840472819097,33.00518699946115],[-96.04269760186028,32.99355526945035],[-94.32545774733421,32.64423611849725],[-93.81063971894163,31.93751942254124],[-92.21718092906745,33.31780678142776],[-94.28169914074626,35.131473873694475]]]},"properties":{"NAME":"Fourche Maline Culture","SUBJECTO":"Fourche Maline Culture","PARTOF":"Fourche Maline Culture"}},
{"type":"Feature","geometry":{"type":"Polygon","coordinates":[[[-87.97293392395298,30.580633091229682],[-87.77458664466594,30.262803636748217],[-87.69217392493938,30.26297529812517],[-87.97293392395298,30.580633091229682]]]},"properties":{"NAME":"Swift Creek Culture","SUBJECTO":"Swift Creek Culture","PARTOF":"Swift Creek Culture"}},
{"type":"Feature","geometry":{"type":"Polygon","coordinates":[[[-87.50865498991702,32.822254055849356],[-87.51292622763496,32.810742905002726],[-87.47382636421221,32.810304320983896],[-86.99379038135059,32.822254055849356],[-87.50865498991702,32.822254055849356]]]},"properties":{"NAME":"Swift Creek Culture","SUBJECTO":"Swift Creek Culture","PARTOF":"Swift Creek Culture"}},
{"type":"Feature","geometry":{"type":"Polygon","coordinates":[[[107.71564735836472,53.66592205096456],[101.6778429371979,52.93227563331893],[101.52735938728259,50.381444935003266],[105.59041523499594,50.34944769206923],[109.65347108270936,50.76373062381454],[112.36217498118494,52.139006294842254],[110.85733948203185,53.62210910072536],[109.18526124307344,53.645427324725624],[109.02387315634635,53.64767798708675],[108.68619535886783,53.652387124696496],[107.71564735836472,53.66592205096456]]]},"properties":{"NAME":"Kurykans","SUBJECTO":"Kurykans","PARTOF":"Tiele"}},
{"type":"Feature","geometry":{"type":"Polygon","coordinates":[[[15.293919866282437,59.416016838506046],[17.739108118621058,59.110423646882815],[17.74520019015426,58.986129365876955],[18.2733717294609,59.286666475251955],[18.51546958407516,59.40079077334766],[16.407576593962855,59.44749792666797],[18.893071207610316,59.92568930240039],[15.866447282609235,60.31144642769223],[15.293919866282437,59.416016838506046]]]},"properties":{"NAME":"Swedes","SUBJECTO":"Swedes","PARTOF":"Swedes"}},
{"type":"Feature","geometry":{"type":"Polygon","coordinates":[[[77.65329791036045,10.322118140625303],[76.27317041815186,10.039084960000737],[76.65253589066808,8.902752173086295],[77.62653734462164,9.122004229603618],[77.65329791036045,10.322118140625303]]]},"properties":{"NAME":"Cheras","SUBJECTO":"Cheras","PARTOF":"Hindu kingdoms"}},
{"type":"Feature","geometry":{"type":"Polygon","coordinates":[[[77.47211639761723,12.448900102708235],[75.19519451573639,12.15131140217502],[76.27317041815186,10.039084960000737],[77.65329791036045,10.322118140625303],[77.86138175155395,10.36479146735929],[77.47211639761723,12.448900102708235]]]},"properties":{"NAME":"Western Gangas","SUBJECTO":"Western Gangas","PARTOF":"Hindu kingdoms"}},
{"type":"Feature","geometry":{"type":"Polygon","coordinates":[[[77.62653734462164,9.122004229603618],[78.24193559364353,8.895770479832706],[79.1570529860142,10.003870941261257],[77.86138175155395,10.36479146735929],[77.65329791036045,10.322118140625303],[77.62653734462164,9.122004229603618]]]},"properties":{"NAME":"Cholas","SUBJECTO":"Cholas","PARTOF":"Hindu kingdoms"}},
{"type":"Feature","geometry":{"type":"Polygon","coordinates":[[[77.00162337980488,14.96789787987359],[74.15313195012304,14.849504684801884],[75.19519451573639,12.15131140217502],[77.47211639761723,12.448900102708235],[77.00162337980488,14.96789787987359]]]},"properties":{"NAME":"Kadambas","SUBJECTO":"Kadambas","PARTOF":"Hindu kingdoms"}},
{"type":"Feature","geometry":{"type":"Polygon","coordinates":[[[77.86138175155395,10.36479146735929],[79.1570529860142,10.003870941261257],[79.82626632164265,10.358728014189623],[79.92280868004109,12.10616263027849],[79.70783441948458,12.925590096126143],[77.47211639761723,12.448900102708235],[77.86138175155395,10.36479146735929]]]},"properties":{"NAME":"Pallavas","SUBJECTO":"Pallavas","PARTOF":"Hindu kingdoms"}},
{"type":"Feature","geometry":{"type":"Polygon","coordinates":[[[77.47211639761723,12.448900102708235],[79.70783441948458,12.925590096126143],[79.5797056845394,15.472886468883512],[77.00162337980488,14.96789787987359],[77.47211639761723,12.448900102708235]]]},"properties":{"NAME":"Vishnu-Kundins","SUBJECTO":"Vishnu-Kundins","PARTOF":"Hindu kingdoms"}},
{"type":"Feature","geometry":{"type":"Polygon","coordinates":[[[44.136579672502506,1.151131692540679],[42.540379255011075,1.263781398355505],[40.85860208828577,0.322086976400683],[40.4549755682717,-1.3595608910117],[39.479544811571024,-2.468897035586251],[38.773198401546395,-2.267256227148658],[36.01508384811689,1.297408540251279],[33.92968016137751,2.843586349070006],[22.224511080969368,6.196195772852339],[12.604745687300603,7.731968465838291],[5.359488992633966,5.368345627897537],[5.354585680468329,5.362343393523119],[5.606589827044257,4.632113062102221],[6.844479593737372,4.291642271239184],[8.874658617480048,4.620119177061937],[9.923090013964423,2.824045501906298],[9.202508005602606,-0.634416438382246],[9.656445536120184,-2.419099487107374],[11.772603067858466,-4.536981023591139],[12.371690783007391,-6.257806695740797],[13.387093576891669,-8.15567819003401],[13.203851732714423,-9.636731542389967],[13.816288980944403,-10.976270116608717],[13.649036440356024,-12.196759618561842],[12.585389170153388,-13.463659681122877],[11.782002481920966,-15.867509282868483],[11.774609598620184,-17.59605256442366],[14.415466341479071,-22.267668165009596],[14.843331369860419,-25.62222329501448],[15.453804048998602,-27.61645928744612],[16.788300547106513,-29.138924039643385],[18.178561243517645,-31.805298246186354],[18.487156900866278,-34.39771691684065],[20.25607207725788,-34.62289086703596],[22.681775125963934,-34.10311547641096],[24.429938349230536,-34.33470193270979],[26.658656153185614,-33.84707299594221],[28.921853098376044,-32.29790917758284],[32.234744104845774,-28.74441758517561],[33.347266230089915,-25.303612149994947],[34.88371947716023,-24.72201577548323],[35.29743102501179,-23.825008786957838],[35.260760340197336,-22.274328626435377],[34.72620299766804,-19.860380567353346],[37.27531722496296,-17.713161863129713],[39.471255335314524,-16.717016614716627],[40.38579848716999,-15.73632661227522],[40.59920791099812,-14.401239789765455],[40.311343225939524,-11.344973005097486],[40.619517359240305,-10.76598969821272],[39.6576147408321,-9.795738614838697],[38.921526941759836,-6.340208925049879],[39.26727202842976,-4.776162542145826],[40.23441604088093,-3.191706575196363],[42.440066370470774,-0.511580146592237],[43.724307093127024,0.800251446921251],[44.136579672502506,1.151131692540679]]]},"properties":{"NAME":"Khoiasan","SUBJECTO":"Khoiasan","PARTOF":"Khoiasan"}},
{"type":"Feature","geometry":{"type":"MultiPolygon","coordinates":[[[[103.3524723323475,33.175622621725296],[102.83085210826651,31.685279124351034],[101.0424399114174,29.59879822802707],[99.75235985063013,27.47081464292496],[100.4148339915257,25.085907735700978],[102.01116318471067,24.68066468669202],[102.38374905905424,24.0100101128736],[103.23424489264612,20.122862737146093],[104.3810912608956,18.327951477109472],[106.39383986900593,17.66453894253435],[105.53258040855671,18.844211183745287],[106.8070402474239,20.905006014067553],[107.90002730797077,21.47900541897478],[110.07721999595906,20.867482744414232],[111.08559707115437,21.479402147490404],[112.7495222420528,21.756068788725756],[113.71678451011921,22.482215486723803],[116.34061721275593,22.91333159084978],[118.81294539879109,24.8494144308156],[119.42890456627156,26.590831361967943],[121.35852340172077,28.3856635915822],[121.77031997154499,29.834281526762865],[121.60595992515827,31.827626787382982],[120.66086104820515,32.543117128569506],[119.97359755943562,34.13522299404802],[119.02086165855671,34.6919322835988],[120.13933852623249,36.19480093594255],[121.84669784019734,36.86017569180193],[120.6581144661739,37.73646505947771],[119.59885695884968,37.11661871548357],[118.87524703453327,37.949428163725756],[116.91459815845326,36.75244701542352],[117.28718403279682,35.038551993443114],[116.91459815845326,34.293380244755994],[115.57328901081642,34.21886306988728],[114.8281172621293,33.62272567093758],[111.77291309251207,33.84627719554371],[109.68643219618811,33.101105446856586],[107.59995129986414,33.771760020674996],[105.21540170406533,33.62272567093758],[103.3524723323475,33.175622621725296]]],[[[108.93858626793171,18.33060225125017],[110.26251510093952,18.62562712307634],[110.61735061119343,20.017461382109545],[109.5503263802364,19.91355665798845],[108.57689956138874,19.187371813017748],[108.93858626793171,18.33060225125017]]]]},"properties":{"NAME":"Jin Empire","SUBJECTO":"Jin Empire","PARTOF":"Jin Empire"}},
{"type":"Feature","geometry":{"type":"MultiPolygon","coordinates":[[[[45.55457213829304,-16.055725492280104],[44.45442870567585,-16.242399610322096],[43.97164824913288,-17.552675641816236],[44.47033599327351,-20.17013780001936],[43.50102523277546,-21.49418679599104],[43.67141250084187,-24.226787961762525],[44.425330194933665,-25.31205026034651],[45.576182398302805,-25.62107697848616],[47.25847915123249,-24.765831388276197],[48.087378534777415,-22.04376069430647],[49.34185317466999,-18.227621473115065],[49.42470839927937,-17.197809613984205],[50.503340754015696,-15.314229406159498],[49.81718734215046,-12.83071366671858],[48.75133803795124,-13.417710698884108],[46.92456725548054,-15.360046781342604],[45.55457213829304,-16.055725492280104]]],[[[121.881653,25.114719],[121.00166300000012,25.001663],[120.11554,23.631386],[121.453049,23.327221],[121.881653,25.114719]]],[[[99.86316207359577,2.567644678313158],[98.14550307701374,4.069854341704271],[97.38407424400593,5.180140577513598],[96.18733504722859,5.145788274962328],[95.5609236092403,4.534462534148119],[96.72036269615437,3.704589210707567],[97.59714797447468,2.251384102064989],[98.60055068443562,1.707089506346605],[99.1133146614864,0.22124772544565],[99.69655135582234,-0.152409575622656],[100.81207564781452,-2.336048044007399],[102.46222976158406,-4.181821740906813],[104.56848433922077,-6.071165479462721],[105.72847274254109,-5.827141679566481],[105.94282058189656,-3.214655078690626],[103.23762038658406,-0.659467495720961],[103.72215560386921,0.0151834192461],[102.47178176353718,0.622509859759234],[101.05975631187702,2.080969177443407],[99.86316207359577,2.567644678313158]]],[[[110.89339736412312,1.511309229094408],[109.28236678550984,1.882722817618273],[108.81431106041218,0.807816826064013],[109.17891982506062,-0.869010366242506],[109.94090560386921,-1.642648614686109],[110.1023054451778,-3.078540958207228],[112.79538253258015,-2.971020854752638],[114.7124128670528,-4.206153310578443],[115.56814101646687,-3.803909934800245],[117.04563430259968,-0.934580959122755],[117.53428939293171,0.610662959772966],[118.51726058433796,1.165625892836474],[117.07397750328327,3.507199846465014],[119.04260543297077,5.169805132109545],[116.59562972496296,6.899092756468676],[114.87784865806843,4.855816923338793],[113.81483748863484,4.262612425047777],[112.75924972008015,3.008589826781176],[111.37182906578327,2.598927341658495],[110.89339736412312,1.511309229094408]]],[[[113.26259139488484,-7.908177770417311],[112.2747907967403,-7.026889718812086],[108.55577376793171,-6.920526422303297],[106.94509414146687,-6.0259837282115],[105.63347152183796,-6.755237497132399],[106.48369887779499,-7.503360189240553],[109.03720382164265,-7.720286763947584],[110.77773574302937,-8.320307172577955],[113.07378676841999,-8.347123540680983],[113.26259139488484,-7.908177770417311]]],[[[120.30511001060749,14.57529219265642],[121.00936416099812,13.655685030180834],[121.7287931771114,14.108259760100267],[121.24220565269734,15.30783327694597],[122.39557937095906,17.114329897124193],[122.02781203697468,18.00917204495134],[121.03637221763874,18.527911745268725],[120.3930769295528,18.04379232998552],[120.30344680259968,16.41746290798845],[119.77184585045124,15.469834886748217],[120.30511001060749,14.57529219265642]]],[[[125.95463088463093,6.652467809874437],[126.32172683189656,7.148838602263353],[125.93394759605671,9.174750887114428],[123.46498397300984,7.790728651244066],[124.22405532310749,6.089605890471361],[125.07284835289265,5.722916685301684],[125.95463088463093,6.652467809874437]]]]},"properties":{"NAME":null,"SUBJECTO":null,"PARTOF":null}},
{"type":"Feature","geometry":{"type":"Polygon","coordinates":[[[101.76927451999254,12.638671618158083],[102.65849593590046,12.066133104521654],[103.03959182213093,10.897970758635424],[104.9785261483028,9.980911813933275],[104.74248031090046,8.493669115263842],[106.48202804039265,9.552120767790697],[107.10048444361932,10.411494267643157],[107.51798240750855,11.759386564457207],[107.63615987692162,13.743727538323313],[107.32983674477201,15.299084550828535],[101.88083480867559,16.234877863074082],[101.76927451999254,12.638671618158083]]]},"properties":{"NAME":"Funan","SUBJECTO":"Funan","PARTOF":"Funan"}},
{"type":"Feature","geometry":{"type":"Polygon","coordinates":[[[101.76927451999254,12.638671618158083],[101.88083480867559,16.234877863074082],[100.06626492063727,16.23041705657998],[97.6738685662529,15.693107710150713],[98.48591903160359,13.111775957304857],[98.73837569664265,11.43508108730974],[98.24275382984838,8.901254605588187],[99.46765671316115,9.183826892328119],[99.18617537925984,10.489401422697924],[99.89526656578327,12.079245172697924],[101.76927451999254,12.638671618158083]]]},"properties":{"NAME":"Lavo","SUBJECTO":"Lavo","PARTOF":"Lavo"}},
{"type":"Feature","geometry":null,"properties":{"NAME":"Franks","SUBJECTO":"Franks","PARTOF":"Western Roman Empire"}},
{"type":"Feature","geometry":{"type":"Polygon","coordinates":[[[3.712123841453768,46.33151498170031],[3.770847753292309,47.7013829165482],[6.423809948806639,47.792397904020426],[6.689382774127078,47.14540233615409],[9.005117541787135,47.435841112014515],[9.486264553196216,48.37105852235572],[7.207109274955071,50.71929214398837],[6.857562335895089,51.578652228050316],[5.135158159668009,52.126689920486214],[3.775046858294257,51.3877445089406],[1.588920149309882,50.821883760649584],[1.274518880350836,50.00430258389177],[-1.023191001908533,49.39845999355974],[-1.725107472763612,48.622865812537135],[-2.399563605079884,47.220703757170206],[-1.219911801851219,46.25741409373609],[3.712123841453768,46.33151498170031]]]},"properties":{"NAME":"Franks","SUBJECTO":"Franks","PARTOF":"Western Roman Empire"}},
{"type":"Feature","geometry":null,"properties":{"NAME":"Franks","SUBJECTO":"Franks","PARTOF":"Western Roman Empire"}},
{"type":"Feature","geometry":{"type":"Polygon","coordinates":[[[4.274453533496207,43.405387500745285],[4.453562119507572,44.37892437476635],[3.631219549290377,44.444239557492985],[3.712123841453768,46.33151498170031],[-1.219911801851219,46.25741409373609],[-1.675892391809571,43.422586442359865],[0.270894775365792,41.80680338960899],[-4.765978924719791,42.28425814846416],[-6.980806358755379,39.613924679927344],[-8.714765552963403,40.93193527215286],[-9.549007382886163,38.77451666470232],[-8.853651967541925,38.49964102383318],[-8.667059865491144,37.12144049282732],[-6.6321539549992,37.02175100918474],[-5.660587277905694,36.00800665493669],[-4.446585622327081,36.72201880093279],[-2.238797393338434,36.72839697476091],[0.172570082648047,38.73834570522966],[-0.394848433034173,39.43445929165544],[0.879201921923407,41.02173575039568],[3.128878864748724,41.8572269308156],[3.001891169054755,42.77080877896013],[4.274453533496207,43.405387500745285]]]},"properties":{"NAME":"Visigoths","SUBJECTO":"Visigoths","PARTOF":"Visigoths"}},
{"type":"Feature","geometry":{"type":"Polygon","coordinates":[[[178.175537,-18.241665],[178.170532,-17.342499],[177.510254,-17.509445],[177.333313,-18.119446],[178.175537,-18.241665]]]},"properties":{"NAME":"Tuʻi Tonga Empire","SUBJECTO":"Tuʻi Tonga Empire","PARTOF":"Tuʻi Tonga Empire"}}
]}