{"type":"FeatureCollection", "features": [
{"type":"Feature","geometry":{"type":"Polygon","coordinates":[[[120.62239364097859,21.92519911404314],[120.7246427864864,21.988931261259935],[120.78197768638874,22.34474142666521],[121.1824064583614,23.037910066801928],[121.32531264732624,23.40023764248552],[121.59270766685749,24.645675264555834],[121.78051284263874,24.900125108916185],[121.4288664192989,25.134364687163256],[120.85697463463093,24.8092532980031],[120.26632216881062,23.975986086089037],[120.02075484703327,23.619784914214037],[120.1134367317989,22.641852937895678],[120.62239364097859,21.92519911404314]]]},"properties":{"NAME":null,"SUBJECTO":null,"PARTOF":null}},
{"type":"Feature","geometry":{"type":"MultiPolygon","coordinates":[[[[120.36362746666218,14.530945383269213],[121.24220565269734,15.30783327694597],[122.39557937095906,17.114329897124193],[122.02781203697468,18.00917204495134],[120.3930769295528,18.04379232998552],[120.30344680259968,16.41746290798845],[119.77184585045124,15.469834886748217],[120.36362746666218,14.530945383269213]]],[[[126.04523757408406,6.608192526060961],[126.27187636802937,8.425783716399096],[125.93394759605671,9.174750887114428],[123.46498397300984,7.790728651244066],[124.22405532310749,6.089605890471361],[126.04523757408406,6.608192526060961]]]]},"properties":{"NAME":null,"SUBJECTO":null,"PARTOF":null}},
{"type":"Feature","geometry":{"type":"MultiPolygon","coordinates":[[[[175.30768874595904,-37.32097665194807],[174.21686843345904,-35.336765683930494],[173.16649917076373,-35.420879758637525],[174.7646589608028,-37.296543515961744],[174.65473464439654,-38.983257688325025],[176.0114393563106,-41.255344785492994],[178.40819838951373,-38.771152890961744],[175.30768874595904,-37.32097665194807]]],[[[172.06266311119342,-43.92314187411604],[174.23354628990435,-42.01123467807112],[173.26403335045123,-41.543674863617994],[171.45835402916217,-41.99285165194807],[171.0240583748653,-42.886883176606275],[168.4157362313106,-44.2209095132762],[166.52276137779498,-46.23272363070784],[169.3993025154903,-46.70957223300276],[170.61156753013873,-45.946060575287916],[172.06266311119342,-43.92314187411604]]]]},"properties":{"NAME":null,"SUBJECTO":null,"PARTOF":null}},
{"type":"Feature","geometry":{"type":"Polygon","coordinates":[[[-24.2188501029179,65.5337406026906],[-21.95479675819134,65.37804754849138],[-22.372910466687433,63.773185335356615],[-18.64186379005169,63.323817812163256],[-14.821200337903253,64.19502600308122],[-13.646900144116632,65.49534186001482],[-16.922141042248956,65.97755011196794],[-24.2188501029179,65.5337406026906]]]},"properties":{"NAME":null,"SUBJECTO":null,"PARTOF":null}},
{"type":"Feature","geometry":{"type":"MultiPolygon","coordinates":[[[[-39.69494684817376,65.18696970170159],[-34.433060613171804,66.38395269985857],[-32.9560212760136,67.64102514858904],[-26.963623967663995,68.50170477505388],[-22.732329335705987,69.7740741598195],[-27.606051412122003,71.06815680142107],[-25.291254964368097,71.5688968526906],[-24.07642075111126,73.75567206021013],[-20.329588857190362,73.41964300747576],[-19.19354721595501,75.44353827114763],[-21.18268295814251,76.69747503872576],[-18.25337502052044,77.30013617153826],[-20.87882896949505,78.8179202901906],[-14.201948133008234,81.2101322042531],[-22.05288025428509,81.53975256558122],[-22.432360616223566,82.74334295864763],[-32.513173070447195,83.57699926968279],[-49.64758774329876,82.47806128140154],[-61.1224145560429,81.79757269497576],[-62.81141255638844,81.15595684596342],[-63.35819002201287,78.2356337190557],[-62.44868119723538,76.33836403843989],[-58.635662999646414,75.7932620870656],[-54.73041245033001,73.03760107632341],[-55.62637039710735,71.73035009976091],[-51.72012421180462,71.58955725308122],[-50.572628942029226,69.86625250454607],[-50.53911897259658,67.48805571153352],[-49.472532842377866,67.03273287353856],[-49.06240794677684,64.7863184095137],[-46.15809589644378,60.937403792612976],[-43.578778234021414,59.935687624174975],[-44.25808774116473,61.869878095613615],[-43.84796284556369,64.20612586086018],[-42.793355971161034,65.40311483729091],[-39.69494684817376,65.18696970170159]]],[[[-50.53911897259658,67.48805571153352],[-50.93936249305462,67.52581366177263],[-50.53911897259659,67.48805571153352],[-50.53911897259658,67.48805571153352]]]]},"properties":{"NAME":null,"SUBJECTO":null,"PARTOF":null}},
{"type":"Feature","geometry":{"type":"MultiPolygon","coordinates":[[[[-73.11150833656048,-72.7494625223094],[-70.0207185416386,-72.6721920144969],[-68.39805313636516,-71.12679711703596],[-72.10699936439251,-71.04952660922346],[-75.27505966712688,-71.66768304232893],[-73.11150833656048,-72.7494625223094]]],[[[-102.55128189613079,-72.13130608920393],[-97.14239975501751,-72.6721920144969],[-97.21967026283001,-71.82222405795393],[-102.55128189613079,-72.13130608920393]]],[[[-55.18492981483196,-80.94006005648909],[-44.83078476478313,-80.32190362338362],[-44.2126245169804,-78.39015618686018],[-48.84880920936321,-78.08107415561018],[-55.18492981483196,-80.94006005648909]]],[[[169.76938918541217,-83.41788903598128],[159.3153944344356,-80.02740899447737],[163.64298537681842,-78.66061059359846],[162.34563735435748,-75.1068843973094],[164.6162214608028,-74.17193261508284],[168.97468093345904,-73.2389415872508],[170.72912124107623,-71.90427819613753],[167.63463881920123,-70.86511651400862],[160.59853652427935,-70.22093621615706],[157.30686477134967,-69.15642968539534],[151.09345534752154,-68.88582269076643],[146.8754530281856,-67.99737969760237],[145.5856581063106,-67.2234844339305],[141.15749648521685,-66.72243157748518],[134.20519545982623,-66.18008843783674],[130.2721052498653,-66.25291863803206],[129.00962356041217,-67.02982751254378],[122.45820907066609,-66.64516106967268],[118.28564742515827,-67.0701412332469],[113.01485732506062,-65.76308099154768],[109.40372756431843,-66.71026269320784],[102.63083938072468,-65.92616692904768],[99.65426162193562,-66.54946557406721],[90,-66.60652581576643],[81.81432631920124,-67.3019527566844],[78.2599211067989,-68.38373223666487],[76.86905959556843,-69.3109630716258],[72.54195693443562,-70.23820153598128],[70.30113509605671,-72.01540795687971],[67.36488631675984,-71.70632592562971],[68.95107558677937,-69.88906518344221],[69.37389663170124,-67.84283868197737],[56.62694838951374,-66.94232598666487],[55.14159301231648,-65.96285668734846],[52.45182326744343,-65.98836175326643],[47.30508330772663,-67.77486077670393],[44.79703811119343,-67.74518243197737],[39.64714339683796,-68.93355981234846],[38.332049402697336,-70.02947656039534],[33.54134276817585,-68.5421642435008],[32.74804213951374,-69.34959832553206],[23.707478556139716,-70.58591882113753],[17.6031713814571,-70.08366052035628],[8.48534110496784,-70.08366052035628],[0.681093785269507,-71.31997338656721],[-7.200421777264825,-70.894993222993],[-11.141175237195245,-71.59042016391096],[-11.828483548657648,-72.32257501010237],[-16.39551827003216,-73.44488946322737],[-14.450941052930109,-74.0646480691844],[-18.4045304923222,-75.68571130160628],[-23.581604924695245,-75.91752282504378],[-33.1630525260136,-77.38564721469221],[-36.40837952186321,-79.16285363559065],[-29.567681279675714,-79.2243160379344],[-28.91321846534466,-80.47643700961409],[-38.031048741833914,-80.94006005648909],[-43.82627960731243,-81.79002801303206],[-60.20745941688274,-82.33091393832503],[-74.88871475745891,-80.70824853305159],[-76.58865067054485,-79.39465752963362],[-80.76121231605266,-78.23561517123518],[-74.50236984779094,-78.08107415561018],[-78.59766098548626,-76.61294976596174],[-70.56160446693157,-76.69022027377424],[-64.45729538490032,-75.68571130160628],[-60.825619664685476,-72.7494625223094],[-61.675587621228445,-70.8177227151805],[-65.38453384925579,-67.34058038119612],[-61.134694066540945,-64.86795464877424],[-62.91190430213665,-64.71340600375471],[-66.85265823890423,-66.79969445590315],[-67.08446976234173,-68.65416375521956],[-68.78439804603313,-69.81321374301253],[-67.08446976234173,-71.82222405795393],[-67.6253556876347,-72.7494625223094],[-75.58414169837688,-73.75397149447737],[-81.76572128822063,-74.02441064242659],[-88.56545731116985,-73.25171319369612],[-99.7881974845097,-72.99776116732893],[-101.8801164298222,-74.09877435092268],[-100.04510208656048,-75.30987969760237],[-105.6420793204472,-75.0675548685008],[-110.55704971839641,-75.30289117221174],[-113.23789688636516,-74.32137719516096],[-128.97754379798627,-74.9130138528758],[-134.77277084876752,-74.64256707553206],[-140.56799789954877,-75.26072350863753],[-146.67230698158002,-76.1106914651805],[-146.1458635001347,-77.45652428988753],[-149.9949082999394,-77.73335687045393],[-154.1674699454472,-77.11520043734846],[-158.18549057533002,-77.81062737826643],[-154.5538224845097,-79.1242183816844],[-148.60405441810346,-79.66510430697737],[-145.66779038001752,-80.51507226352034],[-152.08118149329877,-82.60135308627424],[-153.30974289466596,-83.94192925814924],[-148.7585801749394,-85.07398644809065],[-180,-84.3223156106883],[-180,-85.3223156106883],[-180,-86.3223156106883],[-180,-87.3223156106883],[-180,-88.3223156106883],[-180,-89.3223156106883],[-180,-90],[-179.20366379310346,-90],[-178.20366379310346,-90],[-177.20366379310346,-90],[-176.20366379310346,-90],[-175.20366379310346,-90],[-174.20366379310346,-90],[-173.20366379310346,-90],[-172.20366379310346,-90],[-171.20366379310346,-90],[-170.20366379310346,-90],[-169.20366379310346,-90],[-168.20366379310346,-90],[-167.20366379310346,-90],[-166.20366379310346,-90],[-165.20366379310346,-90],[-164.20366379310346,-90],[-163.20366379310346,-90],[-162.20366379310346,-90],[-161.20366379310346,-90],[-160.20366379310346,-90],[-159.20366379310346,-90],[-158.20366379310346,-90],[-157.20366379310346,-90],[-156.20366379310346,-90],[-155.20366379310346,-90],[-154.20366379310346,-90],[-153.20366379310346,-90],[-152.20366379310346,-90],[-151.20366379310346,-90],[-150.20366379310346,-90],[-149.20366379310346,-90],[-148.20366379310346,-90],[-147.20366379310346,-90],[-146.20366379310346,-90],[-145.20366379310346,-90],[-144.20366379310346,-90],[-143.20366379310346,-90],[-142.20366379310346,-90],[-141.20366379310346,-90],[-140.20366379310346,-90],[-139.20366379310346,-90],[-138.20366379310346,-90],[-137.20366379310346,-90],[-136.20366379310346,-90],[-135.20366379310346,-90],[-134.20366379310346,-90],[-133.20366379310346,-90],[-132.20366379310346,-90],[-131.20366379310346,-90],[-130.20366379310346,-90],[-129.20366379310346,-90],[-128.20366379310346,-90],[-127.20366379310344,-90],[-126.20366379310344,-90],[-125.20366379310344,-90],[-124.20366379310344,-90],[-123.20366379310344,-90],[-122.20366379310344,-90],[-121.20366379310344,-90],[-120.20366379310344,-90],[-119.20366379310344,-90],[-118.20366379310344,-90],[-117.20366379310344,-90],[-116.20366379310344,-90],[-115.20366379310344,-90],[-114.20366379310344,-90],[-113.20366379310344,-90],[-112.20366379310344,-90],[-111.20366379310344,-90],[-110.20366379310344,-90],[-109.20366379310344,-90],[-108.20366379310344,-90],[-107.20366379310344,-90],[-106.20366379310344,-90],[-105.20366379310344,-90],[-104.20366379310344,-90],[-103.20366379310344,-90],[-102.20366379310344,-90],[-101.20366379310344,-90],[-100.20366379310344,-90],[-99.20366379310344,-90],[-98.20366379310344,-90],[-97.20366379310344,-90],[-96.20366379310344,-90],[-95.20366379310344,-90],[-94.20366379310344,-90],[-93.20366379310344,-90],[-92.20366379310344,-90],[-91.20366379310344,-90],[-90,-90],[-89.20366379310344,-90],[-88.20366379310344,-90],[-87.20366379310344,-90],[-86.20366379310344,-90],[-85.20366379310344,-90],[-84.20366379310344,-90],[-83.20366379310344,-90],[-82.20366379310344,-90],[-81.20366379310344,-90],[-80.20366379310344,-90],[-79.20366379310344,-90],[-78.20366379310344,-90],[-77.20366379310344,-90],[-76.20366379310344,-90],[-75.20366379310344,-90],[-74.20366379310344,-90],[-73.20366379310344,-90],[-72.20366379310344,-90],[-71.20366379310344,-90],[-70.20366379310344,-90],[-69.20366379310344,-90],[-68.20366379310344,-90],[-67.20366379310344,-90],[-66.20366379310344,-90],[-65.20366379310344,-90],[-64.20366379310344,-90],[-63.203663793103445,-90],[-62.203663793103445,-90],[-61.203663793103445,-90],[-60.203663793103445,-90],[-59.203663793103445,-90],[-58.203663793103445,-90],[-57.203663793103445,-90],[-56.203663793103445,-90],[-55.203663793103445,-90],[-54.203663793103445,-90],[-53.203663793103445,-90],[-52.203663793103445,-90],[-51.203663793103445,-90],[-50.203663793103445,-90],[-49.203663793103445,-90],[-48.203663793103445,-90],[-47.203663793103445,-90],[-46.203663793103445,-90],[-45.203663793103445,-90],[-44.203663793103445,-90],[-43.203663793103445,-90],[-42.203663793103445,-90],[-41.203663793103445,-90],[-40.203663793103445,-90],[-39.203663793103445,-90],[-38.203663793103445,-90],[-37.203663793103445,-90],[-36.203663793103445,-90],[-35.203663793103445,-90],[-34.203663793103445,-90],[-33.203663793103445,-90],[-32.203663793103445,-90],[-31.20366379310345,-90],[-30.20366379310345,-90],[-29.20366379310345,-90],[-28.20366379310345,-90],[-27.20366379310345,-90],[-26.20366379310345,-90],[-25.20366379310345,-90],[-24.20366379310345,-90],[-23.20366379310345,-90],[-22.20366379310345,-90],[-21.20366379310345,-90],[-20.20366379310345,-90],[-19.20366379310345,-90],[-18.20366379310345,-90],[-17.20366379310345,-90],[-16.20366379310345,-90],[-15.203663793103448,-90],[-14.203663793103448,-90],[-13.203663793103448,-90],[-12.203663793103448,-90],[-11.203663793103448,-90],[-10.203663793103448,-90],[-9.203663793103448,-90],[-8.203663793103448,-90],[-7.203663793103448,-90],[-6.203663793103448,-90],[-5.203663793103448,-90],[-4.203663793103448,-90],[-3.203663793103448,-90],[-2.203663793103448,-90],[-1.203663793103448,-90],[-0.203663793103448,-90],[0.778056177599677,-90],[1.778056177599677,-90],[2.778056177599677,-90],[3.778056177599677,-90],[4.778056177599677,-90],[5.778056177599677,-90],[6.778056177599677,-90],[7.778056177599677,-90],[8.778056177599677,-90],[9.778056177599677,-90],[10.778056177599677,-90],[11.778056177599677,-90],[12.778056177599677,-90],[13.778056177599677,-90],[14.778056177599677,-90],[15.778056177599677,-90],[16.778056177599677,-90],[17.778056177599677,-90],[18.778056177599677,-90],[19.778056177599677,-90],[20.778056177599677,-90],[21.778056177599677,-90],[22.778056177599677,-90],[23.778056177599677,-90],[24.778056177599677,-90],[25.778056177599677,-90],[26.778056177599677,-90],[27.778056177599677,-90],[28.778056177599677,-90],[29.778056177599677,-90],[30.778056177599677,-90],[31.778056177599677,-90],[32.77805617759968,-90],[33.77805617759968,-90],[34.77805617759968,-90],[35.77805617759968,-90],[36.77805617759968,-90],[37.77805617759968,-90],[38.77805617759968,-90],[39.77805617759968,-90],[40.77805617759968,-90],[41.77805617759968,-90],[42.77805617759968,-90],[43.77805617759968,-90],[44.77805617759968,-90],[45.77805617759968,-90],[46.77805617759968,-90],[47.77805617759968,-90],[48.77805617759968,-90],[49.77805617759968,-90],[50.77805617759968,-90],[51.77805617759968,-90],[52.77805617759968,-90],[53.77805617759968,-90],[54.77805617759968,-90],[55.77805617759968,-90],[56.77805617759968,-90],[57.77805617759968,-90],[58.77805617759968,-90],[59.77805617759968,-90],[60.77805617759968,-90],[61.77805617759968,-90],[62.77805617759968,-90],[63.77805617759968,-90],[64.77805617759968,-90],[65.77805617759968,-90],[66.77805617759968,-90],[67.77805617759968,-90],[68.77805617759968,-90],[69.77805617759968,-90],[70.77805617759968,-90],[71.77805617759968,-90],[72.77805617759968,-90],[73.77805617759968,-90],[74.77805617759968,-90],[75.77805617759968,-90],[76.77805617759968,-90],[77.77805617759968,-90],[78.77805617759968,-90],[79.77805617759968,-90],[80.77805617759968,-90],[81.77805617759968,-90],[82.77805617759968,-90],[83.77805617759968,-90],[84.77805617759968,-90],[85.77805617759968,-90],[86.77805617759968,-90],[87.77805617759968,-90],[88.77805617759968,-90],[89.77805617759968,-90],[89.79633620689656,-90],[90,-90],[91.77805617759968,-90],[92.77805617759968,-90],[93.77805617759968,-90],[94.77805617759968,-90],[95.77805617759968,-90],[96.77805617759968,-90],[97.77805617759968,-90],[98.77805617759968,-90],[99.77805617759968,-90],[100.77805617759968,-90],[101.77805617759968,-90],[102.77805617759968,-90],[103.77805617759968,-90],[104.77805617759968,-90],[105.77805617759968,-90],[106.77805617759968,-90],[107.77805617759968,-90],[108.77805617759968,-90],[109.77805617759968,-90],[110.77805617759968,-90],[111.77805617759968,-90],[112.77805617759968,-90],[113.77805617759968,-90],[114.77805617759968,-90],[115.77805617759968,-90],[116.77805617759968,-90],[117.77805617759968,-90],[118.77805617759968,-90],[119.77805617759968,-90],[120.77805617759968,-90],[121.77805617759968,-90],[122.77805617759968,-90],[123.77805617759968,-90],[124.77805617759968,-90],[125.77805617759968,-90],[126.77805617759968,-90],[127.77805617759968,-90],[128.77805617759967,-90],[129.77805617759967,-90],[130.77805617759967,-90],[131.77805617759967,-90],[132.77805617759967,-90],[133.77805617759967,-90],[134.77805617759967,-90],[135.77805617759967,-90],[136.77805617759967,-90],[137.77805617759967,-90],[138.77805617759967,-90],[139.77805617759967,-90],[140.77805617759967,-90],[141.77805617759967,-90],[142.77805617759967,-90],[143.77805617759967,-90],[144.77805617759967,-90],[145.77805617759967,-90],[146.77805617759967,-90],[147.77805617759967,-90],[148.77805617759967,-90],[149.77805617759967,-90],[150.77805617759967,-90],[151.77805617759967,-90],[152.77805617759967,-90],[153.77805617759967,-90],[154.77805617759967,-90],[155.77805617759967,-90],[156.77805617759967,-90],[157.77805617759967,-90],[158.77805617759967,-90],[159.77805617759967,-90],[160.77805617759967,-90],[161.77805617759967,-90],[162.77805617759967,-90],[163.77805617759967,-90],[164.77805617759967,-90],[165.77805617759967,-90],[166.77805617759967,-90],[167.77805617759967,-90],[168.77805617759967,-90],[169.77805617759967,-90],[170.77805617759967,-90],[171.77805617759967,-90],[172.77805617759967,-90],[173.77805617759967,-90],[174.77805617759967,-90],[175.77805617759967,-90],[176.77805617759967,-90],[177.77805617759967,-90],[178.77805617759967,-90],[180,-90],[180,-89.31921807650862],[180,-88.31921807650862],[180,-87.31921807650862],[180,-86.31921807650862],[180,-85.31921807650862],[180,-84.34037438754378],[169.76938918541217,-83.41788903598128]]]]},"properties":{"NAME":null,"SUBJECTO":null,"PARTOF":null}},
{"type":"Feature","geometry":{"type":"Polygon","coordinates":[[[109.42965224693562,18.096622072417162],[110.26251510093952,18.62562712307634],[110.61735061119343,20.017461382109545],[108.57689956138874,19.187371813017748],[109.42965224693562,18.096622072417162]]]},"properties":{"NAME":"Hainan","SUBJECTO":"Hainan","PARTOF":"Hainan"}},
{"type":"Feature","geometry":{"type":"Polygon","coordinates":[[[106.45149726589356,16.187961290965557],[107.26888031012744,15.118606102001719],[107.63615987692162,13.743727538323313],[107.54340928837702,12.259718121609618],[106.92988223329209,11.842432690832473],[106.77315810631062,10.63917215939226],[107.41204360435749,10.3673587667531],[109.07335189293171,11.635222040373705],[109.30712417076374,12.906332575041674],[108.78612044761921,15.090558611113451],[107.37534490539612,16.691467982144694],[106.45149726589356,16.187961290965557]]]},"properties":{"NAME":"Champa","SUBJECTO":"Champa","PARTOF":"Champa"}},
{"type":"Feature","geometry":{"type":"MultiPolygon","coordinates":[[[[140.86977675865435,-2.794752515595533],[137.85431960533404,-1.613961375992872],[136.2708845467403,-2.418122447770216],[135.24643996666217,-3.538871921341993],[134.28306106041217,-2.854586995881178],[133.9073133797481,-1.006078935902693],[132.25400832603717,-0.52669767264662],[131.21142104576373,-1.024637974541761],[132.7187147469356,-2.934237636368849],[132.71282485435748,-3.887547172349073],[134.04062941978717,-3.948230661194899],[137.82358840416217,-5.427235997956373],[139.1561384529903,-7.725116647523024],[140.94761184166217,-9.273864187043287],[142.60740188072467,-9.376576818268873],[144.37983230064654,-7.758321679871656],[145.81963637779498,-8.098442472260572],[146.64609816978717,-9.278875745576002],[147.8736219734981,-10.178817189972975],[149.78336623619342,-10.40988961581526],[149.82990554283404,-9.710580266755201],[148.5887098641231,-9.160280622284986],[146.9091444344356,-6.894825376313307],[147.37649062584185,-6.124768174927809],[143.44550612877154,-3.610096133988478],[140.86977675865435,-2.794752515595533]]],[[[149.5541639656856,-6.406063951294996],[152.0586805672481,-5.498135484498121],[151.58762649009967,-4.901724733155348],[149.5541639656856,-6.406063951294996]]],[[[120.43191054771687,0.636000238615892],[119.91373732994343,0.539560459811113],[118.6836042733028,-2.901070750992872],[119.46113112877156,-3.808197892945387],[119.4768400521114,-5.80376807574568],[120.24806502769734,-5.586007512848951],[120.14419082115437,-3.075864232819654],[121.87277511070515,-4.959664739411451],[122.64091018150593,-4.284319795411207],[122.25816634605671,-3.211096681397535],[119.87274459312702,-0.464555866759397],[120.43191054771687,0.636000238615892]]]]},"properties":{"NAME":null,"SUBJECTO":null,"PARTOF":null}},
{"type":"Feature","geometry":{"type":"Polygon","coordinates":[[[13.252219233019598,79.8007312643117],[11.760330233080634,78.88018377896013],[15.098876032336005,77.11526831265154],[19.115822824938544,78.45454748745622],[17.83405402611042,79.80945166226091],[13.252219233019598,79.8007312643117]]]},"properties":{"NAME":null,"SUBJECTO":null,"PARTOF":null}},
{"type":"Feature","geometry":{"type":"Polygon","coordinates":[[[-71.61186691810344,-17.22145501498518],[-70.58412643958782,-18.083280957978346],[-70.20851608802532,-19.06719819430647],[-70.11063095618938,-21.74793664340315],[-70.57323929359173,-23.165594495576002],[-70.39814468909954,-25.24891320590315],[-68.19179403160726,-25.492041488175367],[-67.82483020416323,-22.474878509241908],[-67.35618174619,-19.194339303429263],[-67.23759007893341,-18.364197632633108],[-67.94227822920921,-15.427997006483967],[-69.0098021391983,-14.185672371570455],[-69.874468975216,-14.37714703700483],[-71.61186691810344,-17.22145501498518]]]},"properties":{"NAME":"Tiahuanaco Empire","SUBJECTO":"Tiahuanaco Empire","PARTOF":"Tiahuanaco Empire"}},
{"type":"Feature","geometry":{"type":"Polygon","coordinates":[[[80.5628996224239,5.931666456419848],[81.86616805504109,7.08456143017473],[80.66241744468952,9.299456201750658],[79.67463210533406,8.80493029232683],[79.85409072349812,7.061153494078539],[80.5628996224239,5.931666456419848]]]},"properties":{"NAME":"Simhala","SUBJECTO":"Simhala","PARTOF":"Simhala"}},
{"type":"Feature","geometry":{"type":"Polygon","coordinates":[[[-100.49357439234822,20.899943654742394],[-100.75496856910725,19.588321153783404],[-99.14153364950319,18.923884107507348],[-98.48284713375817,19.802132795167363],[-99.10686593814819,20.58628340914953],[-100.49357439234822,20.899943654742394]]]},"properties":{"NAME":"Teotihuacàn","SUBJECTO":"Teotihuacàn","PARTOF":"Teotihuacàn"}},
{"type":"Feature","geometry":{"type":"Polygon","coordinates":[[[-96.20592381197541,17.88608189238678],[-98.58685026782317,17.987855900922327],[-99.01583000809292,16.823658789314106],[-96.43745216381312,16.219802621817283],[-95.50142395722808,16.53181202401229],[-96.18788807099754,17.879781336252893],[-96.20592381197541,17.88608189238678]]]},"properties":{"NAME":"Monte Alb?n","SUBJECTO":"Monte Alb?n","PARTOF":"Monte Alb?n"}},
{"type":"Feature","geometry":{"type":"Polygon","coordinates":[[[-87.57061478187298,15.908048235136889],[-88.66434189368938,15.725766740996264],[-87.87709518958782,18.380864702422045],[-87.20057388831829,21.528873048979662],[-90,21.160729967314623],[-90,19.38150557156267],[-92.93793796133433,18.586177051054726],[-93.14401958508803,16.9824922716273],[-93.58785745357416,15.741059799706633],[-91.2420320182011,13.951556764799975],[-90,13.752979928891033],[-88.24292813890945,14.835837236778428],[-87.57061478187298,15.908048235136889]]]},"properties":{"NAME":"Maya states","SUBJECTO":"Maya states","PARTOF":"Maya states"}},
{"type":"Feature","geometry":{"type":"Polygon","coordinates":[[[-79.48595695042772,-7.617649058877557],[-79.0597204383314,-5.969149322708429],[-80.66836129157386,-6.347182308191553],[-79.48595695042772,-7.617649058877557]]]},"properties":{"NAME":"Moche","SUBJECTO":"Moche","PARTOF":"Moche"}},
{"type":"Feature","geometry":{"type":"Polygon","coordinates":[[[-58.13945099403118,48.59906729336443],[-56.0789460807011,47.865218721587084],[-52.72859665443157,47.45452459927263],[-54.12957855750774,48.83571585293474],[-57.35559937049602,50.59522970791521],[-58.13945099403118,48.59906729336443]]]},"properties":{"NAME":null,"SUBJECTO":null,"PARTOF":null}},
{"type":"Feature","geometry":{"type":"Polygon","coordinates":[[[-96.18788807099754,17.879781336252893],[-93.14401958508803,16.9824922716273],[-92.93793796133433,18.586177051054726],[-94.24197098304485,18.240150057036303],[-96.01226517249798,18.92925604458513],[-97.52655310700122,21.25448451827604],[-98.51751484511317,20.934611366097396],[-98.44817942240316,19.79057689138237],[-97.23480952497813,18.23052988040733],[-96.20592381197541,17.88608189238678],[-96.18788807099754,17.879781336252893]]]},"properties":{"NAME":"Veracruz civilization","SUBJECTO":"Veracruz civilization","PARTOF":"Veracruz civilization"}},
{"type":"Feature","geometry":{"type":"Polygon","coordinates":[[[-69.874468975216,-14.37714703700483],[-72.22601470838102,-12.242545079023351],[-75.57639985719698,-10.61262797959937],[-78.10510044802932,-7.022118836296467],[-78.42705791028882,-8.148969954204738],[-76.65629186786155,-11.127076480105156],[-76.72494444200693,-12.730947490342317],[-76.24178024818157,-14.105595983307936],[-74.04964157630657,-16.044990934174635],[-71.61186691810344,-17.22145501498518],[-69.874468975216,-14.37714703700483]]]},"properties":{"NAME":"Huari Empire","SUBJECTO":"Huari Empire","PARTOF":"Huari Empire"}},
{"type":"Feature","geometry":{"type":"Polygon","coordinates":[[[35.32068133018723,15.53405520319249],[35.15131792797838,13.05186590471603],[34.523328551220786,12.50237520005313],[34.874119492143976,11.694822391580514],[34.874119492143976,9.817884153314605],[36.99930750020776,9.35588676025726],[38.65055446137156,9.692875936004974],[38.65055446137156,9.692875936004976],[41.52688195216976,10.279881546371954],[43.10357192466999,11.53131254788103],[43.3304777474239,12.434074007231615],[42.40844253013874,13.175496660429857],[40.739138636095774,14.919243417937182],[39.517928156359446,15.46304854031267],[38.75622731981474,17.79625648407741],[35.32068133018723,15.53405520319249]]]},"properties":{"NAME":"Axum","SUBJECTO":"Axum","PARTOF":"Axum"}},
{"type":"Feature","geometry":{"type":"Polygon","coordinates":[[[34.523328551220786,12.50237520005313],[35.15131792797838,13.05186590471603],[35.32068133018723,15.53405520319249],[35.26711548130835,16.385531884130845],[30.53134399740492,15.823850263060105],[30.53134399740492,14.092987641453036],[30.72415706120852,13.739497024479773],[31.804860764891224,12.521881922872291],[32.879012053950184,12.47057777553059],[34.523328551220786,12.50237520005313]]]},"properties":{"NAME":"Alwa","SUBJECTO":"Alwa","PARTOF":"Alwa"}},
{"type":"Feature","geometry":{"type":"Polygon","coordinates":[[[29.661815263018052,18.64446844930756],[30.53134399740492,15.823850263060105],[35.26711548130835,16.385531884130845],[35.15131792797838,18.226236706958304],[34.52779006636866,20.17476127448868],[34.4217777775482,20.50604967705261],[29.845810508514884,20.116430413282192],[29.661815263018052,18.64446844930756]]]},"properties":{"NAME":"Makkura","SUBJECTO":"Makkura","PARTOF":"Makkura"}},
{"type":"Feature","geometry":{"type":"Polygon","coordinates":[[[33.657230668213316,24.017988632918694],[30.808542433239328,23.862604902257928],[30.49060251636263,22.94852764123742],[30.544863291240354,22.746489115932185],[29.84684159061306,20.124679070067614],[29.845810508514884,20.116430413282192],[34.4217777775482,20.50604967705261],[33.345321283718846,23.354044941061307],[33.657230668213316,24.017988632918694]]]},"properties":{"NAME":"Nobatia","SUBJECTO":"Nobatia","PARTOF":"Nobatia"}},
{"type":"Feature","geometry":{"type":"Polygon","coordinates":[[[-6.714235162215286,34.17643891388822],[-9.21868607093548,32.5803600179738],[-9.81326672126507,31.289060198027514],[-9.625043836133234,30.406100832182787],[-5.228351798089735,31.38574682579547],[-5.290745295277396,33.05987117081758],[-6.714235162215286,34.17643891388822]]]},"properties":{"NAME":"Barghawata","SUBJECTO":"Umayyad Caliphate","PARTOF":"Barghawata"}},
{"type":"Feature","geometry":{"type":"Polygon","coordinates":[[[-2.613652196423761,47.572249971587084],[-2.790535417096368,48.58958014126482],[-3.954837766186944,47.90433844204607],[-2.613652196423761,47.572249971587084]]]},"properties":{"NAME":"Broërec","SUBJECTO":"Broërec","PARTOF":"Broërec"}},
{"type":"Feature","geometry":{"type":"Polygon","coordinates":[[[-7.427515473859064,55.06380423184099],[-8.59008499671673,54.20284994717302],[-9.890640225903741,52.19443091030779],[-9.81910988380169,51.434554659087084],[-6.40597101737713,52.21443899746599],[-6.018187966840021,55.093001924712084],[-7.427515473859064,55.06380423184099]]]},"properties":{"NAME":null,"SUBJECTO":null,"PARTOF":null}},
{"type":"Feature","geometry":{"type":"Polygon","coordinates":[[[15.873253855211981,41.50214346523943],[14.429446711338755,42.326661124424014],[13.32910725781167,41.31109494888881],[14.992320093615302,40.372218691069506],[15.873253855211981,41.50214346523943]]]},"properties":{"NAME":"Lombard principalities","SUBJECTO":"Lombard principalities","PARTOF":"Lombard principalities"}},
{"type":"Feature","geometry":{"type":"Polygon","coordinates":[[[10.7427559227779,42.850509248930834],[11.589450882053729,43.91329176094675],[11.404651924830791,45.57648237595319],[12.448797568798627,47.10596180006795],[9.002265480932593,46.96247455512523],[7.616273301760558,45.02208550428438],[8.04806702830276,44.01842822925312],[9.909300837023505,44.11047705288591],[10.7427559227779,42.850509248930834]]]},"properties":{"NAME":"Lombard principalities","SUBJECTO":"Lombard principalities","PARTOF":"Lombard principalities"}},
{"type":"Feature","geometry":{"type":"Polygon","coordinates":[[[103.23424489264612,20.122862737146093],[103.83338574659278,20.1435181479011],[106.43040222584175,24.873798163675996],[103.6826637888953,26.05637059211011],[100.6798657360762,24.131793455319148],[100.13646949001239,23.676039501350324],[100.25974950424269,20.004985664791924],[100.69818881548598,19.47885849129998],[103.23424489264612,20.122862737146093]]]},"properties":{"NAME":"Thai Kingdoms","SUBJECTO":"Thai Kingdoms","PARTOF":"Thai Kingdoms"}},
{"type":"Feature","geometry":{"type":"Polygon","coordinates":[[[100.90870955894734,13.447337709624193],[102.16387515278988,13.92922871541252],[102.62762809551292,14.671233423769362],[101.60737162152225,15.320487543581606],[98.19403629243605,13.657839339222171],[98.65403555502839,12.24472412495161],[99.97711471031452,12.841794573027514],[100.90870955894734,13.447337709624193]]]},"properties":{"NAME":"Dvaravati","SUBJECTO":"Dvaravati","PARTOF":"Dvaravati"}},
{"type":"Feature","geometry":{"type":"Polygon","coordinates":[[[106.92988223329209,11.842432690832473],[107.54340928837702,12.259718121609618],[107.63615987692162,13.743727538323313],[107.26888031012744,15.118606102001719],[106.45149726589356,16.187961290965557],[104.11163751222661,15.505988720670814],[104.01888692368199,12.90897224142186],[104.38988927786042,11.981466355975801],[106.92988223329209,11.842432690832473]]]},"properties":{"NAME":"Chen-La","SUBJECTO":"Chen-La","PARTOF":"Chen-La"}},
{"type":"Feature","geometry":{"type":"Polygon","coordinates":[[[88.32746285555693,28.01314016826437],[85.65427039185006,28.583821705460224],[80.73848919898596,30.90258641907537],[78.34239662748489,32.59394588131141],[76.84296448011251,30.253332299263132],[76.92164753014544,29.387818748901008],[78.54104452261383,27.627746371315755],[80.46023743335213,25.70855346057745],[82.59350096987806,24.781047575131392],[83.98475979804715,24.781047575131392],[85.09776686058242,25.801304049122052],[85.93252215748387,25.24480051785442],[87.60203275128679,25.059299340765207],[88.34403745964363,26.45055816893429],[88.32746285555693,28.01314016826437]]]},"properties":{"NAME":"Kanauj","SUBJECTO":"Kanauj","PARTOF":"Kanauj"}},
{"type":"Feature","geometry":{"type":"Polygon","coordinates":[[[88.32746285555693,28.01314016826437],[88.34403745964363,26.45055816893429],[91.59030805870482,25.523052283488234],[91.57107070396687,22.543313585478685],[91.6517870269344,22.356924150680594],[94.55832689213223,25.70855346057745],[94.49146471297155,26.243450893862768],[93.90907277231997,26.821560523112716],[88.32746285555693,28.01314016826437]]]},"properties":{"NAME":"Hindu states","SUBJECTO":"Hindu states","PARTOF":"Hindu states"}},
{"type":"Feature","geometry":{"type":"Polygon","coordinates":[[[69.51023227899012,24.25133985785633],[67.68147257073656,23.820147016373703],[68.79081252525593,23.028724275786303],[69.12606337974812,21.96850737209978],[71.0244474739864,20.657476030547045],[72.68538098847628,21.68423586591879],[76.75346749056952,22.3093604247921],[77.46072022533004,23.615430205845612],[77.44800255600944,24.613683617800216],[76.1126472773485,26.32437038227348],[75.31143411015191,25.512246701612483],[71.67418068446584,25.10986080329285],[71.00014421047507,24.359059419349247],[69.51023227899012,24.25133985785633]]]},"properties":{"NAME":"Maitraka Kingdom","SUBJECTO":"Maitraka Kingdom","PARTOF":"Maitraka Kingdom"}},
{"type":"Feature","geometry":{"type":"Polygon","coordinates":[[[85.37910750816609,19.60537489529314],[86.11916640709187,19.806542955595873],[87.64071944664265,21.563081346709154],[90,21.93025358792009],[91.57107070396687,22.543313585478685],[91.59030805870482,25.523052283488234],[88.34403745964363,26.45055816893429],[87.60203275128679,25.059299340765207],[85.93252215748387,25.24480051785442],[85.09776686058242,25.801304049122052],[83.98475979804715,24.781047575131392],[84.81951509494861,23.85354168968533],[84.726764506404,20.88552285625795],[85.37910750816609,19.60537489529314]]]},"properties":{"NAME":"Palas","SUBJECTO":"Palas","PARTOF":"Palas"}},
{"type":"Feature","geometry":{"type":"Polygon","coordinates":[[[76.35056391121657,12.60935282166414],[76.4719621259341,13.743727538323306],[75.080703297765,14.392981658135547],[74.52085177973689,14.155057073232983],[75.36468899465764,11.865584790249315],[76.35056391121657,12.60935282166414]]]},"properties":{"NAME":"Western Gangas","SUBJECTO":"Western Gangas","PARTOF":"Hindu kingdoms"}},
{"type":"Feature","geometry":{"type":"Polygon","coordinates":[[[79.71220807803685,11.424527911645875],[80.31988051841999,13.33321341152849],[80.0870695442989,14.94643362637224],[79.06897860518305,15.227736955036999],[78.97622801663844,17.63925225719675],[78.04872213119239,17.453751080107537],[75.080703297765,14.392981658135547],[76.4719621259341,13.743727538323306],[76.35056391121657,12.60935282166414],[77.12121624574633,11.239461647618953],[78.26899008043047,11.104429431773758],[79.71220807803685,11.424527911645875]]]},"properties":{"NAME":"Pallavas","SUBJECTO":"Pallavas","PARTOF":"Pallavas"}},
{"type":"Feature","geometry":{"type":"Polygon","coordinates":[[[99.35231210297073,37.58789014265723],[101.78956935299207,37.669821826010704],[100.6798657360762,32.850348778512085],[99.75235985063013,27.47081464292496],[99.90849746972384,26.90871921418761],[100.6798657360762,24.131793455319148],[103.6826637888953,26.05637059211011],[106.43040222584175,24.873798163675996],[103.83338574659278,20.1435181479011],[103.23424489264612,20.122862737146093],[104.3810912608956,18.327951477109472],[106.45149726589356,16.187961290965557],[107.37534490539612,16.691467982144694],[105.53258040855671,18.844211183745287],[106.8070402474239,20.905006014067553],[107.90002730797077,21.47900541897478],[110.07721999595906,20.867482744414232],[111.08559707115437,21.479402147490404],[112.7495222420528,21.756068788725756],[113.71678451011921,22.482215486723803],[116.34061721275593,22.91333159084978],[118.81294539879109,24.8494144308156],[119.42890456627156,26.590831361967943],[121.35852340172077,28.3856635915822],[121.77031997154499,29.834281526762865],[121.60595992515827,31.827626787382982],[120.66086104820515,32.543117128569506],[119.97359755943562,34.13522299404802],[119.02086165855671,34.6919322835988],[120.13933852623249,36.19480093594255],[121.84669784019734,36.86017569180193],[120.6581144661739,37.73646505947771],[119.59885695884968,37.11661871548357],[117.58946517418171,38.28448065396013],[121.01060775230671,40.85068091030779],[122.08235457847859,40.48801382656755],[124.70226816912908,42.31090881006189],[123.86751287222764,43.05291351841873],[119.04448226790814,42.31090881006189],[118.20972697100667,40.826899393348185],[116.16921402302536,40.64139821625898],[110.7110798389434,40.88572895524346],[104.84145406657181,41.231001059500606],[103.55513398095896,40.73414880480358],[102.90587986114673,38.87913703391146],[101.05086809025461,40.08489468499134],[100.40161397044237,39.71389233081292],[96.59883984011354,39.71389233081292],[96.43020889949857,38.44916027620063],[99.35231210297073,37.58789014265723]]]},"properties":{"NAME":"Sui Empire","SUBJECTO":"Sui Empire","PARTOF":"Sui Empire"}},
{"type":"Feature","geometry":{"type":"Polygon","coordinates":[[[3.983864016404651,51.868138932772446],[2.522131952746161,51.09112127896013],[4.197492593136193,50.93565213541841],[5.121487379250887,50.93565213541841],[5.768283729531163,51.397649528475746],[3.983864016404651,51.868138932772446]]]},"properties":{"NAME":null,"SUBJECTO":null,"PARTOF":null}},
{"type":"Feature","geometry":{"type":"Polygon","coordinates":[[[127.40455916832234,39.07533987637224],[127.67152694175984,39.86643561001482],[129.47782424400592,40.682025514799975],[129.64126113365435,41.655849062163256],[131.06461623619342,42.74924048062029],[132.8273573250606,42.86189993496599],[132.12231525269752,44.62967352367703],[130.54555524743924,45.37167823203387],[129.24704700781476,45.18617705494466],[127.29928464837805,43.23841469550794],[124.70226816912908,42.31090881006189],[122.08235457847859,40.48801382656755],[122.02749160240437,39.25575979824724],[124.10407546470906,39.884784303862475],[125.29374221275593,38.68870123501482],[127.40455916832234,39.07533987637224]]]},"properties":{"NAME":"Koguryo","SUBJECTO":"Koguryo","PARTOF":"Koguryo"}},
{"type":"Feature","geometry":{"type":"MultiPolygon","coordinates":[[[[139.4781391949878,38.325539934052046],[138.31724074791217,37.20550879116716],[136.66849807213092,36.66749533291521],[135.15697768638873,35.646468721587084],[132.6628523201778,35.38062628384294],[130.89904311607623,33.90366705532732],[134.42731765220904,34.62817724819841],[135.75567153404498,33.34231527920427],[136.7338514656856,34.87408789272966],[138.1490583748653,34.5278812276906],[140.3166151375606,35.03381689663591],[140.87221816490435,37.91744955654802],[139.4781391949878,38.325539934052046]]],[[[130.74401381920123,30.88783415432634],[131.83098891685748,32.69308813687029],[130.42656997154498,33.67417105313005],[129.34337905357623,33.15138968105974],[130.74401381920123,30.88783415432634]]]]},"properties":{"NAME":"Yamato","SUBJECTO":"Yamato","PARTOF":"Yamato"}},
{"type":"Feature","geometry":{"type":"Polygon","coordinates":[[[140.87221816490435,37.91744955654802],[141.99811843345904,39.671989046294115],[141.1525526375606,40.865417085844896],[139.91515639732623,40.57495459194841],[139.4781391949878,38.325539934052046],[140.87221816490435,37.91744955654802]]]},"properties":{"NAME":null,"SUBJECTO":null,"PARTOF":null}},
{"type":"Feature","geometry":{"type":"Polygon","coordinates":[[[99.97711471031452,12.841794573027514],[98.65403555502839,12.24472412495161],[98.63262465904499,10.100653253752611],[98.17717269371296,8.600222192961596],[99.11860183189656,7.642843805510424],[100.30192092369343,7.886848531920336],[99.07134536216999,9.898278795439623],[99.97711471031452,12.841794573027514]]]},"properties":{"NAME":null,"SUBJECTO":null,"PARTOF":null}},
{"type":"Feature","geometry":{"type":"Polygon","coordinates":[[[112.67842391441609,-7.718775666993238],[107.54340928837702,-7.125154884212975],[105.79429924903748,-6.289274651952216],[106.48369887779499,-7.503360189240553],[109.03720382164265,-7.720286763947584],[110.77773574302937,-8.320307172577955],[112.41435531090046,-8.488374151032545],[112.67842391441609,-7.718775666993238]]]},"properties":{"NAME":"Mataram","SUBJECTO":"Mataram","PARTOF":"Mataram"}},
{"type":"Feature","geometry":{"type":"Polygon","coordinates":[[[102.70160964439656,0.565819166857622],[101.05975631187702,2.080969177443407],[98.14550307701374,4.069854341704271],[97.38407424400593,5.180140577513598],[96.18733504722859,5.145788274962328],[95.5609236092403,4.534462534148119],[96.72036269615437,3.704589210707567],[97.59714797447468,2.251384102064989],[98.60055068443562,1.707089506346605],[99.1133146614864,0.22124772544565],[99.69655135582234,-0.152409575622656],[100.81207564781452,-2.336048044007399],[102.46222976158406,-4.181821740906813],[104.56848433922077,-6.071165479462721],[105.18672469566609,-5.542331613343336],[102.72037868405752,-1.37461839444742],[102.70160964439656,0.565819166857622]]]},"properties":{"NAME":null,"SUBJECTO":null,"PARTOF":null}},
{"type":"Feature","geometry":{"type":"Polygon","coordinates":[[[100.30192092369343,7.886848531920336],[99.11860183189656,7.642843805510424],[100.13910964439656,6.177317224699877],[100.66430953453327,3.903745018202684],[101.33639815758015,2.780523143965624],[103.42773726890827,1.380763732153795],[103.34182265709187,4.805444799620531],[101.55989364097859,6.739531599242113],[100.61492446373249,6.978928648192309],[100.30192092369343,7.886848531920336]]]},"properties":{"NAME":"minor states under Indian influence","SUBJECTO":"minor states under Indian influence","PARTOF":"minor states under Indian influence"}},
{"type":"Feature","geometry":{"type":"Polygon","coordinates":[[[114.21847060631062,-3.431875861924269],[115.56814101646687,-3.803909934800245],[117.04563430259968,-0.934580959122755],[117.53428939293171,0.610662959772966],[118.51726058433796,1.165625892836474],[117.07397750328327,3.507199846465014],[119.04260543297077,5.169805132109545],[116.59562972496296,6.899092756468676],[114.87784865806843,4.855816923338793],[113.81483748863484,4.262612425047777],[112.75924972008015,3.008589826781176],[111.37182906578327,2.598927341658495],[110.81756118248249,1.24426122780504],[109.28236678550984,1.882722817618273],[108.81431106041218,0.807816826064013],[109.17891982506062,-0.869010366242506],[109.78280166099812,-1.306190170090773],[111.64298530204859,-2.190823573639946],[113.0527942479266,-2.265024044475632],[114.21847060631062,-3.431875861924269]]]},"properties":{"NAME":null,"SUBJECTO":null,"PARTOF":null}},
{"type":"Feature","geometry":{"type":"MultiPolygon","coordinates":[[[[102.70160964439656,0.565819166857622],[102.72037868405752,-1.37461839444742],[105.18672469566609,-5.542331613343336],[105.94282058189656,-3.214655078690626],[103.23762038658406,-0.659467495720961],[102.70160964439656,0.565819166857622]]],[[[112.67842391441609,-7.718775666993238],[112.2747907967403,-7.026889718812086],[108.55577376793171,-6.920526422303297],[106.94509414146687,-6.0259837282115],[105.79429924903748,-6.289274651952216],[107.54340928837702,-7.125154884212975],[112.67842391441609,-7.718775666993238]]],[[[114.21847060631062,-3.431875861924269],[113.0527942479266,-2.265024044475632],[111.64298530204859,-2.190823573639946],[109.78280166099812,-1.306190170090773],[110.1023054451778,-3.078540958207228],[111.43599227379109,-2.973974622529127],[112.57773116539265,-3.422717250626661],[114.21847060631062,-3.431875861924269]]]]},"properties":{"NAME":"minor states under Indian influence","SUBJECTO":"minor states under Indian influence","PARTOF":"minor states under Indian influence"}},
{"type":"Feature","geometry":{"type":"Polygon","coordinates":[[[57.359369486926965,23.85851371320451],[57.4556768662372,21.684681145257947],[57.93127349327351,20.400937639433764],[58.51204970787312,20.421229921538256],[59.837283167345774,22.279178224760912],[58.62849334190632,23.4582954275197],[57.359369486926965,23.85851371320451]]]},"properties":{"NAME":"Mazun","SUBJECTO":"Mazun","PARTOF":"Mazun"}},
{"type":"Feature","geometry":{"type":"Polygon","coordinates":[[[47.61403945396687,29.272241197783373],[39.4901561484229,33.36226961183725],[38.37574401120885,33.531644259724374],[36.16771219270454,30.422967883672243],[35.111590418322336,28.072061144072435],[36.31222442100788,26.42269667263689],[38.79149700939678,26.575295118440728],[43.466347014629946,19.17926376687781],[45.47866305436099,15.995599584616752],[46.67636443554862,15.795982687752147],[48.87215030105925,16.594450275210562],[50.76851082127298,16.794067172075167],[52.35659697960163,16.233945451933764],[55.19483855675007,17.148564897734545],[55.561072382433665,17.937171541411303],[57.83862975548054,19.03480681057634],[57.93127349327351,20.400937639433764],[57.4556768662372,21.684681145257947],[57.359369486926965,23.85851371320451],[56.01545623253132,25.771625124174975],[54.34709838341023,24.154452882964037],[51.58590224693562,24.003221117216967],[50.77828124473835,24.47092970486345],[49.93686202476765,25.955783449370287],[50.12176421592976,26.737586580473803],[48.85502150963093,27.522691332060717],[47.61403945396687,29.272241197783373]]]},"properties":{"NAME":null,"SUBJECTO":null,"PARTOF":null}},
{"type":"Feature","geometry":{"type":"Polygon","coordinates":[[[52.35659697960163,16.233945451933764],[50.76851082127298,16.794067172075167],[48.87215030105925,16.594450275210562],[46.67636443554862,15.795982687752147],[45.47866305436099,15.995599584616752],[43.466347014629946,19.17926376687781],[41.20152310600852,18.89638667414274],[42.76366332481648,16.64545591946306],[42.79587844322468,15.47008093472185],[43.84059050987507,12.663913332182787],[46.601199182970774,13.40054567928972],[49.33384993980671,14.632695757109545],[51.312563929064524,15.246890627104662],[52.35659697960163,16.233945451933764]]]},"properties":{"NAME":"Sasanian dependencies","SUBJECTO":"Sasanian dependencies","PARTOF":"Sasanian dependencies"}},
{"type":"Feature","geometry":{"type":"Polygon","coordinates":[[[41.20152310600852,18.89638667414274],[43.466347014629946,19.17926376687781],[38.79149700939678,26.575295118440728],[36.31222442100788,26.42269667263689],[37.201453241808665,24.65831335659685],[38.329417261584055,23.83471830959978],[39.1021948189571,22.400445543486498],[39.16673949669148,21.218801103789232],[40.69382003258015,19.868707262236498],[41.20152310600852,18.89638667414274]]]},"properties":{"NAME":"Hejaz","SUBJECTO":"Hejaz","PARTOF":"Hejaz"}},
{"type":"Feature","geometry":{"type":"MultiPolygon","coordinates":[[[[-90,13.752979928891033],[-87.94866653968548,13.171761118132494],[-86.01414200355266,11.367618166167162],[-85.77779099036907,10.138352953154467],[-83.61494156409954,9.151563249785326],[-82.95613571693157,8.256755434233568],[-81.6642732291386,8.16464766140642],[-80.81377121497844,7.270063482481859],[-79.71689316322063,8.883091531950853],[-79.06764694740032,9.034267984587572],[-77.40016647865032,6.67044600125017],[-77.50037857581829,5.51357754345598],[-77.10599991370891,3.792188965041063],[-78.98431107093548,1.296987973410509],[-80.0855607657597,0.817998133856676],[-80.33884903480266,-0.663181163113691],[-80.96610733558391,-1.033107079308607],[-80.1441545157597,-3.414210237305738],[-81.41761490394329,-4.675080694001295],[-80.66836129157386,-6.347182308191553],[-79.0597204383314,-5.969149322708429],[-79.48595695042772,-7.617649058877557],[-77.75874802161907,-10.658920682709791],[-76.72494444200693,-12.730947490342317],[-76.65629186786155,-11.127076480105156],[-78.42705791028882,-8.148969954204738],[-78.10510044802932,-7.022118836296467],[-75.57639985719698,-10.61262797959937],[-72.22601470838102,-12.242545079023351],[-69.874468975216,-14.37714703700483],[-69.0098021391983,-14.185672371570455],[-67.94227822920921,-15.427997006483967],[-67.23759007893341,-18.364197632633108],[-67.35618174619,-19.194339303429263],[-65.90622541609757,-18.31105888474315],[-64.66180129731615,-16.804676207468987],[-64.1940629085568,-14.694582386569342],[-69.04501111905242,-8.235853806057],[-70.15820726425522,-5.735421450211085],[-66.40849393304576,3.041936481420927],[-62.65878060183632,4.152921580887431],[-58.55753164582598,3.977596077854006],[-55.8624251890192,1.695565793857857],[-55.80383591821904,0.875529465609527],[-57.97163893782451,-0.589157846288572],[-58.44035310422569,-2.287649024474563],[-56.33113935542037,-4.334740468715777],[-54.16333633581491,-4.626791146196514],[-49.06606977620206,-4.743578120004467],[-45.37494571579276,-3.165484550148441],[-44.549137999466566,-3.10260205994856],[-44.79592606116985,-1.736357845109083],[-47.237137761609304,-0.680439270775892],[-48.042530980603445,-0.815624035637953],[-49.221146550671804,-2.108145631592848],[-50.64313980628704,-1.882471717637159],[-51.529381719128835,-0.429196335118391],[-49.88430496741985,1.21387108441057],[-50.68808075477337,2.216172300536059],[-51.20926758338665,4.070678793150805],[-53.02668091346477,5.426703058440111],[-54.28620621253704,5.881543241698168],[-56.746396031872976,6.00331839199724],[-58.57506653358196,6.984399877745531],[-59.83440491248821,8.440183244902514],[-61.695771781275944,8.610088933385873],[-63.06524366801216,8.32539786170036],[-65.96541257261946,8.180441590467876],[-70.68184887203134,8.55721593295672],[-71.09831711341594,9.327861391264818],[-72.11403366615032,9.904005609709642],[-71.6879548697636,10.769269548613451],[-72.37965866615032,11.810100160796068],[-74.21892258216594,11.367601953703783],[-75.45044418861126,10.627693735319994],[-75.70266434241985,9.425959192473314],[-76.76352402259563,8.692807756621264],[-79.50042435218548,9.638376795012377],[-80.96249863197063,8.864939295012377],[-82.22958847572063,9.046509348112963],[-83.91412827064251,11.251382433134935],[-83.31351944495891,14.767507158476732],[-84.65045639564251,15.933375917632006],[-87.57061478187298,15.908048235136889],[-88.24292813890945,14.835837236778428],[-90,13.752979928891033]]],[[[-48.85215473085459,-28.563025096783424],[-48.72837921668743,-28.367052472870924],[-48.796904749948716,-28.475548314302703],[-48.85215473085459,-28.563025096783424]]],[[[-52.14021349238029,-31.740936200871825],[-52.14362427283977,-31.747351087372877],[-52.04218765784954,-31.556572355073072],[-52.14021349238029,-31.740936200871825]]],[[[-69.16695114661907,-51.14943734530745],[-69.11474151787864,-51.35236245613261],[-69.07692429115032,-51.49934808139143],[-69.16695114661907,-51.14943734530745]]]]},"properties":{"NAME":null,"SUBJECTO":null,"PARTOF":null}},
{"type":"Feature","geometry":{"type":"Polygon","coordinates":[[[8.576292070849188,3.066532455641649],[8.827178987963446,3.611938320357226],[8.478118929369696,3.557397686201952],[8.576292070849188,3.066532455641649]]]},"properties":{"NAME":null,"SUBJECTO":null,"PARTOF":null}},
{"type":"Feature","geometry":{"type":"Polygon","coordinates":[[[-68.195282,12.221109],[-68.363892,12.305277],[-68.285278,12.102221],[-68.195282,12.221109]]]},"properties":{"NAME":null,"SUBJECTO":null,"PARTOF":null}},
{"type":"Feature","geometry":{"type":"Polygon","coordinates":[[[-61.668892,17.084999],[-61.794449,17.16333],[-61.887222,17.033054000000106],[-61.73806,16.989719],[-61.668892,17.084999]]]},"properties":{"NAME":null,"SUBJECTO":null,"PARTOF":null}},
{"type":"Feature","geometry":{"type":"Polygon","coordinates":[[[-68.965561,12.198889],[-69.077789,12.34861],[-69.15834,12.311388],[-69.0625,12.188332000000116],[-68.83223,12.049444000000108],[-68.824173,12.160276000000124],[-68.965561,12.198889]]]},"properties":{"NAME":null,"SUBJECTO":null,"PARTOF":null}},
{"type":"Feature","geometry":{"type":"Polygon","coordinates":[[[-61.599724,12.186666000000116],[-61.724724,12.172222],[-61.789726,12.009165],[-61.642502,12.034166],[-61.599724,12.186666000000116]]]},"properties":{"NAME":null,"SUBJECTO":null,"PARTOF":null}},
{"type":"Feature","geometry":{"type":"Polygon","coordinates":[[[-62.171394,16.671387],[-62.137505,16.692776],[-62.176392,16.808609],[-62.236671,16.711941],[-62.171394,16.671387]]]},"properties":{"NAME":null,"SUBJECTO":null,"PARTOF":null}},
{"type":"Feature","geometry":{"type":"Polygon","coordinates":[[[-62.541389,17.176941],[-62.610001,17.191109],[-62.610558,17.095276],[-62.538612,17.108608000000117],[-62.541389,17.176941]]]},"properties":{"NAME":null,"SUBJECTO":null,"PARTOF":null}},
{"type":"Feature","geometry":{"type":"Polygon","coordinates":[[[-62.692505,17.278332],[-62.730003,17.365276],[-62.812782,17.409443000000124],[-62.863892,17.370831000000123],[-62.778336,17.292221],[-62.692505,17.278332]]]},"properties":{"NAME":null,"SUBJECTO":null,"PARTOF":null}},
{"type":"Feature","geometry":{"type":"Polygon","coordinates":[[[-61.085838,16.304722],[-61.037224,16.311108],[-60.990837,16.340832],[-61.015282,16.350277],[-61.085838,16.304722]]]},"properties":{"NAME":null,"SUBJECTO":null,"PARTOF":null}},
{"type":"Feature","geometry":{"type":"Polygon","coordinates":[[[-62.971947,17.458054],[-62.942505,17.493610000000103],[-62.98583999999988,17.519722],[-62.997505,17.494164000000126],[-62.971947,17.458054]]]},"properties":{"NAME":null,"SUBJECTO":null,"PARTOF":null}},
{"type":"Feature","geometry":{"type":"Polygon","coordinates":[[[44.672198328478586,-16.23558083895979],[43.97164824913288,-17.552675641816236],[44.47033599327351,-20.17013780001936],[43.50102523277546,-21.49418679599104],[43.67141250084187,-24.226787961762525],[44.425330194933665,-25.31205026034651],[45.576182398302805,-25.62107697848616],[47.25847915123249,-24.765831388276197],[48.087378534777415,-22.04376069430647],[49.34185317466999,-18.227621473115065],[49.42470839927937,-17.197809613984205],[50.503340754015696,-15.314229406159498],[49.81718734215046,-12.83071366671858],[48.75133803795124,-13.417710698884108],[46.92456725548054,-15.360046781342604],[44.672198328478586,-16.23558083895979]]]},"properties":{"NAME":"Vazimba","SUBJECTO":"Vazimba","PARTOF":"Vazimba"}},
{"type":"Feature","geometry":{"type":"Polygon","coordinates":[[[18.206108,56.911942],[18.711941,57.241661],[18.809166,57.703606],[18.111385,57.51944],[18.206108,56.911942]]]},"properties":{"NAME":"Guta","SUBJECTO":"Guta","PARTOF":"Guta"}},
{"type":"Feature","geometry":{"type":"Polygon","coordinates":[[[-2.816205878439367,51.616343729619736],[-3.272395590076915,51.179406711534554],[-2.959238240662655,50.72129034116303],[0.191810223562964,50.73128470059099],[1.691691669924506,52.311420046049975],[-0.300924107205891,53.62673244379695],[-2.816205878439367,51.616343729619736]]]},"properties":{"NAME":"Cantia","SUBJECTO":"Cantia","PARTOF":"Cantia"}},
{"type":"Feature","geometry":{"type":"Polygon","coordinates":[[[-5.698169675366632,55.3307262289113],[-5.482397046582452,55.44269903774919],[-5.517836537854425,55.668021761137865],[-5.688657250897638,55.62812002773943],[-5.698169675366632,55.3307262289113]]]},"properties":{"NAME":null,"SUBJECTO":null,"PARTOF":null}},
{"type":"Feature","geometry":{"type":"Polygon","coordinates":[[[-3.272395590076915,51.179406711534554],[-4.280993905560724,51.18723639126482],[-4.540565457837335,50.35795172329607],[-2.959238240662655,50.72129034116303],[-3.272395590076915,51.179406711534554]]]},"properties":{"NAME":"Dumnonia","SUBJECTO":"Dumnonia","PARTOF":"Dumnonia"}},
{"type":"Feature","geometry":{"type":"Polygon","coordinates":[[[-0.86725989190335,43.29965029563334],[-1.401169071336419,44.195493461232815],[-1.914577808873407,43.30541571255388],[-3.810650919754917,43.43371224429101],[-3.854829886674893,42.95186772589263],[-0.86725989190335,43.29965029563334]]]},"properties":{"NAME":"Vasconia","SUBJECTO":"Frankish Kingdom","PARTOF":"Vasconia"}},
{"type":"Feature","geometry":{"type":"Polygon","coordinates":[[[4.887622443760531,50.93565213541841],[4.197492593136193,50.93565213541841],[2.522131952746161,51.09112127896013],[0.032870042426833,49.333705507475756],[-1.891543593899957,49.526351534087084],[-2.790535417096368,48.58958014126482],[-2.613652196423761,47.572249971587084],[-2.111427368757128,46.83671633780066],[-1.200452737116522,46.56274472133258],[4.887622443760531,50.93565213541841]]]},"properties":{"NAME":"Neustria","SUBJECTO":"Frankish Kingdom","PARTOF":"Neustria"}},
{"type":"Feature","geometry":{"type":"Polygon","coordinates":[[[24.84698547189608,47.435153078442916],[21.779571659523114,47.484209039188755],[18.376473472413508,48.417247741616094],[16.94946863202723,47.95169624092786],[15.712544343981309,49.013796314129536],[13.950494743863539,48.71969793484341],[12.715912199804757,49.47827908447512],[12.874096780143914,47.18460266955733],[13.938367980666602,47.62584593916281],[15.94143962593535,46.6815642568645],[15.413038491471186,46.14395062991583],[18.389418262934196,45.338113991603024],[18.633643185972446,44.863974430331794],[22.95458675126444,44.65248758983849],[24.84698547189608,47.435153078442916]]]},"properties":{"NAME":"Avars","SUBJECTO":"Avars","PARTOF":"Avars"}},
{"type":"Feature","geometry":{"type":"Polygon","coordinates":[[[7.616273301760558,51.305250049864284],[5.76828372953117,51.39764952847575],[5.768283729531163,51.397649528475746],[7.616273301760558,51.305250049864284]]]},"properties":{"NAME":"Frankish Kingdom","SUBJECTO":"Frankish Kingdom","PARTOF":"Frankish Kingdom"}},
{"type":"Feature","geometry":{"type":"Polygon","coordinates":[[[5.768283729531163,51.397649528475746],[5.76828372953117,51.39764952847575],[7.616273301760558,51.305250049864284],[7.508646956811404,53.61410299985114],[5.389523062212714,53.13857229824724],[3.983864016404651,51.868138932772446],[5.768283729531163,51.397649528475746]]]},"properties":{"NAME":"Frisians","SUBJECTO":"Frisians","PARTOF":"Frisians"}},
{"type":"Feature","geometry":{"type":"Polygon","coordinates":[[[-0.300924107205891,53.62673244379695],[-2.74213143874859,55.95718725796404],[-2.150362935559503,57.571979128081225],[-5.76296564628338,57.619777284819506],[-5.633057561413995,55.93986090298357],[-3.5766758589909,54.924483858305834],[-2.914475408093683,53.267142854887865],[-4.123608317868463,52.37326391812029],[-2.816205878439367,51.616343729619736],[-0.300924107205891,53.62673244379695]]]},"properties":{"NAME":null,"SUBJECTO":null,"PARTOF":null}},
{"type":"Feature","geometry":{"type":"Polygon","coordinates":[[[14.95868,55.02117525000011],[15.118748250000067,55.102707],[14.845067500000042,55.256319],[14.69638825000007,55.148675750000066],[14.95868,55.02117525000011]]]},"properties":{"NAME":null,"SUBJECTO":null,"PARTOF":null}},
{"type":"Feature","geometry":{"type":"Polygon","coordinates":[[[8.220014939034861,53.52916802918103],[8.189001116259345,53.53052099819841],[8.220716789303415,53.49000962758331],[8.220014939034861,53.52916802918103]]]},"properties":{"NAME":null,"SUBJECTO":null,"PARTOF":null}},
{"type":"Feature","geometry":{"type":"Polygon","coordinates":[[[8.885276500000089,56.862011250000066],[8.614791250000025,56.850969],[8.702498500000061,56.70304875000008],[8.885276500000089,56.862011250000066]]]},"properties":{"NAME":null,"SUBJECTO":null,"PARTOF":null}},
{"type":"Feature","geometry":{"type":"Polygon","coordinates":[[[11.550207,56.68006525000011],[11.586526750000075,56.68312100000013],[11.648193250000077,56.722494500000096],[11.5395125000001,56.71166025000005],[11.550207,56.68006525000011]]]},"properties":{"NAME":null,"SUBJECTO":null,"PARTOF":null}},
{"type":"Feature","geometry":{"type":"Polygon","coordinates":[[[10.55034675000006,55.95242674999996],[10.52652625,55.81971924999998],[10.61805450000007,55.78888550000009],[10.603818250000032,55.89451225],[10.55034675000006,55.95242674999996]]]},"properties":{"NAME":null,"SUBJECTO":null,"PARTOF":null}},
{"type":"Feature","geometry":{"type":"Polygon","coordinates":[[[8.47955575000006,56.744913750000066],[8.60707325000007,56.87848725000005],[9.004369749999967,57.0258982500001],[9.815971750000074,57.06637975000004],[10.388017249999947,57.05124775000009],[10.471894750000132,57.698103],[9.196804750000013,57.1437475000001],[8.528958,57.049442249999984],[8.47955575000006,56.744913750000066]]]},"properties":{"NAME":null,"SUBJECTO":null,"PARTOF":null}},
{"type":"Feature","geometry":{"type":"Polygon","coordinates":[[[10.897290500000082,57.277359],[10.961735,57.233259499999974],[11.146249499999968,57.28895375000009],[11.068333,57.31791275000006],[10.897290500000082,57.277359]]]},"properties":{"NAME":null,"SUBJECTO":null,"PARTOF":null}},
{"type":"Feature","geometry":{"type":"Polygon","coordinates":[[[9.649720750000085,54.84839600000012],[9.52624925,55.09027475000009],[10.262221250000124,56.18229150000006],[10.789096500000014,56.208816500000054],[10.950972,56.419651250000015],[10.428235250000014,56.56716025000013],[10.05867825000007,57.0491250000001],[9.276633000000103,56.98046125000005],[8.748957249999961,56.66617575000005],[8.179235,56.66735650000011],[8.678609250000022,55.06034650000002],[9.545277750000096,54.898399],[9.61861,54.87353475000012],[9.649720750000085,54.84839600000012]]]},"properties":{"NAME":null,"SUBJECTO":null,"PARTOF":null}},
{"type":"Feature","geometry":{"type":"Polygon","coordinates":[[[10.232291250000102,54.92152249999998],[10.294444,54.888535],[10.376665500000016,54.891315499999976],[10.248332500000046,54.94617849999996],[10.232291250000102,54.92152249999998]]]},"properties":{"NAME":null,"SUBJECTO":null,"PARTOF":null}},
{"type":"Feature","geometry":{"type":"Polygon","coordinates":[[[11.755971249999988,54.667354750000115],[11.790972,54.925619250000054],[11.000404250000102,54.821815749999956],[11.339139,54.662290500000026],[11.755971249999988,54.667354750000115]]]},"properties":{"NAME":null,"SUBJECTO":null,"PARTOF":null}},
{"type":"Feature","geometry":{"type":"Polygon","coordinates":[[[10.804998500000067,54.873194],[10.901109500000018,55.065138],[10.748749249999989,54.97173275000006],[10.68020775,54.869926],[10.804998500000067,54.873194]]]},"properties":{"NAME":null,"SUBJECTO":null,"PARTOF":null}},
{"type":"Feature","geometry":{"type":"Polygon","coordinates":[[[9.779512,54.92485625],[9.999790250000075,54.88255875000007],[9.92708225,55.02541525],[9.779512,54.92485625]]]},"properties":{"NAME":null,"SUBJECTO":null,"PARTOF":null}},
{"type":"Feature","geometry":{"type":"Polygon","coordinates":[[[10.598609750000037,55.034091750000044],[10.511249,54.99228875000007],[10.565624500000112,54.95006575000005],[10.665901500000032,55.00291250000009],[10.598609750000037,55.034091750000044]]]},"properties":{"NAME":null,"SUBJECTO":null,"PARTOF":null}},
{"type":"Feature","geometry":{"type":"Polygon","coordinates":[[[12.164860500000103,54.93693775000003],[12.464027,54.94319175000008],[12.373332,55.017494500000126],[12.164860500000103,54.93693775000003]]]},"properties":{"NAME":null,"SUBJECTO":null,"PARTOF":null}},
{"type":"Feature","geometry":{"type":"Polygon","coordinates":[[[10.821734750000047,55.25103750000004],[10.353471250000084,55.595830749999976],[9.83409574999996,55.528606500000095],[10.41152624999998,55.042774250000036],[10.821734750000047,55.25103750000004]]]},"properties":{"NAME":null,"SUBJECTO":null,"PARTOF":null}},
{"type":"Feature","geometry":{"type":"Polygon","coordinates":[[[8.418193750000043,55.36812],[8.45965149999995,55.403328],[8.433818249999945,55.43423074999997],[8.37097150000001,55.43818824999995],[8.418193750000043,55.36812]]]},"properties":{"NAME":null,"SUBJECTO":null,"PARTOF":null}},
{"type":"Feature","geometry":{"type":"Polygon","coordinates":[[[12.850363223854629,56.47646877957913],[13.301851305468329,55.3006969320363],[14.397108831137183,55.96974112856973],[12.850363223854629,56.47646877957913]]]},"properties":{"NAME":"Danes","SUBJECTO":"Danes","PARTOF":"Danes"}},
{"type":"Feature","geometry":{"type":"Polygon","coordinates":[[[8.220716789303415,53.49000962758331],[8.22333726732918,53.34380503736139],[8.239444818130494,52.445114858993286],[10.451425776095984,50.9834073182767],[12.270165674867608,51.628719612108924],[11.090442497286013,53.29075251605871],[8.855332572036113,53.87171329924848],[8.220014939034861,53.52916802918103],[8.220716789303415,53.49000962758331]]]},"properties":{"NAME":"Saxons","SUBJECTO":"Saxons","PARTOF":"Saxons"}},
{"type":"Feature","geometry":{"type":"Polygon","coordinates":[[[12.878527502376915,47.05540533729403],[12.874096780143914,47.18460266955733],[12.715912199804757,49.47827908447512],[12.661831603478896,49.51150855230703],[12.528078171784014,49.847903215874204],[9.094664959544062,49.82685839208077],[7.616273301760558,51.305250049864284],[5.768283729531163,51.397649528475746],[5.121487379250887,50.93565213541841],[4.887622443760531,50.93565213541841],[-1.200452737116522,46.56274472133258],[-2.111427368757128,46.83671633780066],[-1.075199690358392,46.01461752529802],[-1.401169071336419,44.195493461232815],[-0.86725989190335,43.29965029563334],[1.829569173085067,42.527299581774706],[3.80746892402912,43.46722754116716],[5.828570398791083,43.02081640835466],[8.04806702830276,44.01842822925312],[7.616273301760558,45.02208550428438],[9.002265480932593,46.96247455512523],[12.448797568798627,47.10596180006795],[12.878527502376915,47.05540533729403]]]},"properties":{"NAME":"Frankish Kingdom","SUBJECTO":"Frankish Kingdom","PARTOF":"Frankish Kingdom"}},
{"type":"Feature","geometry":{"type":"Polygon","coordinates":[[[12.878527502376915,47.05540533729403],[13.606473276675992,45.72189094063581],[13.789712379328742,45.55183330818457],[14.349621532971362,45.31194725711341],[14.540364200433025,45.25606156202871],[15.413038491471186,46.14395062991583],[15.94143962593535,46.6815642568645],[13.938367980666602,47.62584593916281],[12.874096780143914,47.18460266955733],[12.878527502376915,47.05540533729403]]]},"properties":{"NAME":"Slavs","SUBJECTO":"Eastern Roman Empire","PARTOF":"Slavs"}},
{"type":"Feature","geometry":{"type":"Polygon","coordinates":[[[-56.12695583342671,53.46584387832734],[-58.78822689960135,52.57259027862411],[-60.1714630701033,53.29857710058178],[-60.221656217027494,53.32492080384565],[-62.88947585561168,54.72511691082654],[-65.64317158321862,55.262874161982396],[-71.0333844968322,55.19604828321671],[-74.19720512004018,52.927225836668605],[-78.74176950876009,52.74413883037645],[-79.5943498282597,51.265792452055834],[-81.74736496497844,52.170096956450365],[-82.34120651771282,52.98082312222185],[-82.20208450843548,54.968871675688646],[-84.46836563636516,55.16687735195818],[-87.46717545081829,55.91202887173357],[-90.44457718421673,57.144347749907396],[-92.40409578747519,56.97508393725052],[-93.82461083808953,56.86329884105465],[-102.14428729171048,57.21394132630312],[-111.28421353653351,58.55314202309659],[-118.19774749095093,62.712635573894396],[-124.93551363296793,64.83463268032534],[-132.43494029538678,62.496969371290604],[-139.52424206220468,62.41569007667785],[-144.68009789261768,63.19218524961806],[-150.1289000770314,63.324002732781025],[-160.9394989447178,63.98492305338062],[-161.13301559974408,63.56284292813005],[-165.43123337318158,62.42954214688005],[-165.89809128333783,61.27033575649919],[-164.02740952064252,59.798244081694506],[-162.00392624427533,58.82661017056169],[-158.2914170890019,58.730208955962084],[-156.68457504798627,57.40069922085466],[-154.64931198646283,58.07648047085466],[-154.28227707435346,59.24877508755388],[-151.7829942374394,59.99495657559099],[-149.32562729408002,60.02748068447771],[-148.49261948158002,61.06433828945818],[-144.40642258216596,60.09257086392107],[-139.57256027747846,59.89999731655779],[-137.57666489173627,58.6041637289113],[-134.12349411536908,58.239215456206225],[-131.7670030265019,56.01000555630388],[-129.85166667284474,54.99772241705144],[-128.5879066342332,55.05741560353968],[-125.6971741533699,55.193958165256824],[-115.03392686774305,52.03295961287972],[-114.46737387359948,51.99955012922175],[-105.19092937331824,51.45252059422696],[-98.92187739770243,50.2317206620755],[-95.56635546846715,49.996303801904524],[-87.78991594567441,49.93094833834401],[-85.03622021806746,49.0940751201903],[-81.93098886565963,48.90187753952613],[-72.32234845443543,46.29511259543804],[-71.03368165476002,46.74621076936823],[-69.50712296058391,48.459212862212084],[-67.31770798255657,49.42533453579607],[-66.37273880531048,50.31387671108904],[-60.13784500648235,50.411700807768725],[-58.52433868934368,51.37948568936052],[-55.6590242057011,52.18734701748552],[-56.12695583342671,53.46584387832734]]]},"properties":{"NAME":"Subarctic forest hunter-gatherers","SUBJECTO":"Subarctic forest hunter-gatherers","PARTOF":"Subarctic forest hunter-gatherers"}},
{"type":"Feature","geometry":{"type":"Polygon","coordinates":[[[142.33755019615435,-10.91538277987776],[141.67852309654498,-12.467817701142408],[141.71129897545123,-15.226692594330885],[140.80094436119342,-17.561829007905104],[139.24831679771685,-17.431642926972486],[135.38805678795123,-14.896969236176588],[135.8308973641231,-13.484774030488111],[136.66369155357623,-12.624820150178053],[133.55918410728717,-11.951347745698072],[130.46349624107623,-12.758938230317213],[129.1964216561153,-14.992895520966627],[127.96256545494343,-14.703128255646803],[126.8534269661739,-13.783772863190748],[124.42450240562702,-15.657898343842604],[124.27727034996296,-16.5227836740428],[122.73833754966999,-16.58328477267561],[122.19645217369343,-18.243687070649244],[120.87214950035359,-19.676941312592604],[117.59692672203327,-20.75833360080061],[116.41879561851765,-20.83712235812483],[113.62543014000202,-22.56592980746565],[113.43258956383015,-24.874161161225416],[114.18252089927937,-26.0170406473094],[113.43298629234577,-26.572010434907057],[114.63039687584187,-28.90295831088362],[115.74726394127156,-32.20761147860823],[115.04692367027546,-34.42245522860823],[116.56097701500202,-35.18929711703596],[118.20707992027546,-35.090340055268385],[119.77148726890827,-34.12017098788557],[123.62303451011921,-33.915073789399244],[124.24838546226765,-33.1441272867137],[126.05894759605671,-32.43436471347151],[129.1853895516231,-31.798204816620924],[131.2801618904903,-31.634849942963697],[133.83703139732623,-32.34197274569807],[135.52807143638873,-35.054886258881666],[137.45717910240435,-33.31413308505354],[139.36791518638873,-35.614273465912916],[140.01201919029498,-37.64163247470198],[140.6521864266231,-38.16391030673323],[143.36480239341998,-38.96973077182112],[144.96982863853717,-38.0657581460887],[145.93387893150592,-38.881470121186354],[148.0369978279903,-38.09787026767073],[149.50414565513873,-37.928848661225416],[150.22150710533404,-35.694107450287916],[151.36449721763873,-33.52090112094221],[152.97185805748248,-31.418175138276197],[153.4934950203731,-28.840868390839674],[152.94622329185748,-27.340992368500807],[153.06907180259967,-26.227749265473463],[150.7544050545528,-22.811520017426588],[149.55675795982623,-22.432550824921705],[149.10148147056842,-21.06012383822737],[148.1904402108028,-20.171909726899244],[146.32175734947467,-19.082291044037916],[145.86948684166217,-17.194960035126783],[145.32554152916217,-16.4904293191844],[145.1843366951778,-15.047596372407057],[143.7431745858028,-14.465823568146803],[143.17309096763873,-12.12133923892317],[142.33755019615435,-10.91538277987776]]]},"properties":{"NAME":"Australian aboriginal hunter-gatherers","SUBJECTO":"Australian aboriginal hunter-gatherers","PARTOF":"Australian aboriginal hunter-gatherers"}},
{"type":"Feature","geometry":{"type":"Polygon","coordinates":[[[146.7127333016231,-43.721809781830885],[147.8153181404903,-42.96535149936018],[148.26952651451373,-41.09258309726057],[146.3822126717403,-41.30834618930159],[144.7761335701778,-40.84276238803206],[145.72265151451373,-43.24016610507307],[146.7127333016231,-43.721809781830885]]]},"properties":{"NAME":"Tasmanian hunter-gatherers","SUBJECTO":"Tasmanian hunter-gatherers","PARTOF":"Tasmanian hunter-gatherers"}},
{"type":"Feature","geometry":{"type":"MultiPolygon","coordinates":[[[[143.05691054771685,53.06198462124529],[141.76703933189654,53.2722659933156],[142.48990920494342,47.901603304106615],[143.6331434578731,50.234977327544115],[142.94391921470904,51.61730536099138],[143.05691054771685,53.06198462124529]]],[[[140.01261428306842,41.38180883999529],[140.24552443931842,42.2284427511281],[141.92812636802935,42.50126227017107],[143.2137556404903,41.926539980132006],[145.05938247154498,43.785766206938646],[143.50817397545123,44.155761324126146],[141.8753309578731,45.435424410063646],[141.30364516685748,43.187030397612475],[139.71174148033404,42.47759588833513],[140.01261428306842,41.38180883999529]]]]},"properties":{"NAME":"Ainu","SUBJECTO":"Ainu","PARTOF":"Ainu"}},
{"type":"Feature","geometry":{"type":"Polygon","coordinates":[[[105.40307092131953,72.748726095192],[98.45947004862771,69.79094730127832],[75.62969227628423,61.34910637680395],[62.80579411405116,56.95520024672745],[59.09429166962169,56.4318399506882],[65.31164209247186,55.04663307077481],[78.36223290626025,56.41019430623805],[93.70004066679506,56.48455609390737],[99.48535412032993,55.65854236961009],[107.9615110406255,59.8183896994711],[114.0159088408366,59.54672904426065],[115.20548227520561,57.386117039726635],[116.96157547350965,59.88266776324234],[127.80939535096982,61.80384030510338],[137.17796706332177,61.33433849362306],[142.35776809166217,59.140956484038256],[148.41608718345904,59.09739264126482],[151.14020827720904,59.43957098599138],[153.92443374107623,58.922347627837084],[154.31565383384967,59.98334845181169],[157.0979872078731,61.63339956875505],[158.84125808189654,61.78396948452654],[160.6449842781856,60.71775396938982],[163.32929519127154,60.69494970913591],[158.3262586922481,58.026820741850756],[156.77685073326373,57.58045538540544],[155.6275739998653,56.26791723843279],[155.46520522545123,54.91977270718279],[156.6963758797481,50.957748018462084],[161.50274184654498,55.287372194487475],[162.51240066002154,57.033492647368334],[161.80436232994342,58.1017223226613],[163.3886823983028,59.81406363125505],[165.7799940438106,60.35411413784685],[170.3368025154903,60.27710302944841],[170.34409823134902,60.27960975244485],[169.48091979943723,61.192640399715565],[172.4408476128738,63.07842210456581],[171.76813674618367,65.85917681241212],[168.13549806605704,67.45778023799447],[155.89216029229675,68.16901029658281],[130.86731605142418,69.90104204211539],[124.54383390453704,71.58610355723228],[123.5007008987776,73.50494943844788],[123.40985396812702,73.48077734585466],[111.76165297935749,73.65779455776872],[105.60022262047077,72.74426611538591],[105.40307092131953,72.748726095192]]]},"properties":{"NAME":"Paleo-Siberian hunter-gatherers","SUBJECTO":"Paleo-Siberian hunter-gatherers","PARTOF":"Paleo-Siberian hunter-gatherers"}},
{"type":"Feature","geometry":{"type":"Polygon","coordinates":[[[25.195617809103457,65.26795101619156],[34.72611897050977,65.78029310527337],[34.726172480089915,65.79697760220232],[39.19002822349812,66.03870733853044],[41.25529769371296,66.93697699185076],[40.826052698595774,67.66004522915544],[35.43655303428913,69.15035589810076],[29.728575739367255,69.69756659146013],[28.30841353843952,70.94864996548357],[24.570508036120184,70.7413822042531],[23.203606638415106,69.9427753316945],[20.157650980456122,69.747829042632],[13.168647798998602,66.45833929653826],[12.112141642077216,65.12991675015154],[10.155425240070853,64.09932165034176],[11.528408300596416,61.89775715387968],[15.43013132739913,61.86605293654498],[17.93625548790241,62.54800375576677],[20.70065978477741,63.81812628384294],[22.645554575426825,65.93478735562029],[25.25150779197956,65.41688879604997],[25.195617809103457,65.26795101619156]]]},"properties":{"NAME":"Saami","SUBJECTO":"Saami","PARTOF":"Saami"}},
{"type":"Feature","geometry":{"type":"Polygon","coordinates":[[[59.09429166962169,56.4318399506882],[62.80579411405116,56.95520024672745],[75.62969227628423,61.34910637680395],[73.6532226526617,62.91243121499827],[65.23105924230877,66.94515006675617],[66.07699945798986,69.00888911371645],[62.2812719673946,69.7051273214406],[57.02422622154499,68.44890936489763],[53.889117273791086,68.78699835415544],[48.08066085289265,67.56245764370622],[43.8221655220821,68.3273197042531],[44.383608850939524,66.61201819058122],[39.9513273567989,65.58116491909685],[37.410540613634836,63.749496065337084],[35.081763300402415,64.28833349819841],[34.725588831408274,65.61499365444841],[34.72611897050977,65.78029310527337],[25.195617809103457,65.26795101619156],[25.18612578819538,65.24265631313982],[21.225993499342607,62.4179537846397],[30.248828530040026,61.47592582226208],[32.776301469120234,60.870729491342274],[37.17416877565329,59.82743560138267],[46.105746848468755,57.7086220534561],[53.97646398874319,57.7086220534561],[59.09429166962169,56.4318399506882]],[[34.98408203125001,63.564111328124994],[34.55214843750002,63.458984375],[34.35810546875001,63.696679687499994],[34.85673828125002,63.720849609374994],[34.98408203125001,63.564111328124994]],[[33.35527343750002,63.423974609374994],[33.93281250000001,63.418115234374994],[34.066015625,63.228759765625],[33.49921875000001,63.216259765625],[33.35527343750002,63.423974609374994]]]},"properties":{"NAME":"Finno-Ugric taiga hunter-gatherers","SUBJECTO":"Finno-Ugric taiga hunter-gatherers","PARTOF":"Finno-Ugric taiga hunter-gatherers"}},
{"type":"Feature","geometry":{"type":"MultiPolygon","coordinates":[[[[-75.62469955970501,69.10160406704607],[-72.30491348792766,67.26360663052263],[-75.78904434730266,65.19718512173357],[-73.16355606605266,64.57397040005388],[-71.31892105628704,63.06125982876482],[-65.94033524085735,61.789996706206225],[-66.49595352699016,63.07743414517107],[-64.47394272376751,63.74430426235857],[-67.61417099525188,65.91180761929216],[-62.84475418616985,65.61426123257341],[-61.21058365394329,66.63500555630388],[-68.66534897376751,68.71612890835466],[-71.25251480628704,71.35079535122576],[-73.27524277259563,71.16077002163591],[-75.32202621986126,72.54841955776872],[-80.48866745521282,73.03700598354997],[-81.53178116370891,73.68835791226091],[-88.09924789954876,73.63606604214372],[-89.9971818595097,71.541286073882],[-87.94801041175579,70.3849140035695],[-82.26922318031048,69.86035498257341],[-78.71291824866985,70.01144751187029],[-75.62469955970501,69.10160406704607]]],[[[-81.91070267249798,64.5216785299367],[-85.55754562904094,65.863551698882],[-86.24284073402141,64.54231604214372],[-85.46279617835735,63.20551642056169],[-81.91070267249798,64.5216785299367]]],[[[-60.221656217027494,53.32492080384565],[-57.51535126258587,54.46576651211443],[-59.69376083900188,55.15365942593279],[-61.92769333411907,56.27295645352068],[-62.886959996716726,58.65644415493669],[-64.6706208853886,60.18091925259294],[-65.86144730140423,58.795341097075365],[-67.77240463783001,58.24854239102068],[-69.2142228751347,58.74767645474138],[-70.02829453040813,60.883170686919115],[-73.39458176185344,62.354999147612475],[-77.36155411292766,62.5174938070363],[-77.50717636634563,60.414630495268725],[-78.33678909827923,58.551471315581225],[-76.43862625648235,56.80968817349138],[-77.23383804847454,55.60653647061052],[-79.54511734534954,54.69186361904802],[-78.74176950876009,52.74413883037645],[-74.19720512004018,52.927225836668605],[-71.0333844968322,55.19604828321671],[-65.64317158321862,55.262874161982396],[-62.88947585561168,54.72511691082654],[-60.221656217027494,53.32492080384565]]],[[[-95.05836960365032,72.28313788052263],[-92.00058456947063,72.8411365377492],[-90.45173355628704,73.9039798605031],[-95.06853958656048,74.06405218716326],[-95.05836960365032,72.28313788052263]]],[[[-123.49339005042766,74.44630011196794],[-125.61702438880657,71.9903827535695],[-123.46767136146282,71.19864233608904],[-120.8434953360722,71.53027685757341],[-117.685761580263,73.21545873829851],[-123.49339005042766,74.44630011196794]]],[[[-117.21970840980266,72.85729559536638],[-117.56819626380657,69.99218329067888],[-113.15218063880657,68.59556921597185],[-110.44822403480266,68.65314062710466],[-106.85383316566204,69.45092352505388],[-104.18777176429485,68.89776190396013],[-101.05518051673626,70.03077276821794],[-104.62044428584238,71.09253252294585],[-110.34678520373127,71.19655506982303],[-117.21970840980266,72.85729559536638]]],[[[-43.578778234021414,59.935687624174975],[-39.69494684817376,65.18696970170159],[-42.793355971161034,65.40311483729091],[-43.84796284556369,64.20612586086018],[-44.25808774116473,61.869878095613615],[-43.578778234021414,59.935687624174975]]],[[[-50.93936249305462,67.52581366177263],[-53.10253998328899,65.87324865933122],[-51.365765538708914,63.726012788969896],[-49.85748383094524,62.966544710356615],[-48.915463414685476,61.42103537197771],[-46.15809589644378,60.937403792612976],[-49.06240794677684,64.7863184095137],[-49.472532842377866,67.03273287353856],[-50.53911897259659,67.48805571153352],[-50.93936249305462,67.52581366177263]]],[[[-160.9394989447178,63.98492305338062],[-150.1289000770314,63.324002732781025],[-144.68009789261768,63.19218524961806],[-139.52424206220468,62.41569007667785],[-132.43494029538678,62.496969371290604],[-124.93551363296793,64.83463268032534],[-118.19774749095093,62.712635573894396],[-111.28421353653351,58.55314202309659],[-102.14428729171048,57.21394132630312],[-93.82461083808953,56.86329884105465],[-92.40409578747519,56.97508393725052],[-93.07417770911907,58.55101355190935],[-94.68383499671673,58.87849386807146],[-94.75318619300579,59.94999273892107],[-93.42261978675579,61.858031831938646],[-87.43523117591594,64.568873964507],[-85.9871492057011,66.16278418179216],[-83.13871475745891,66.37349279995622],[-81.29496475745891,67.4987293111867],[-84.31351944495891,69.82621344204607],[-86.48843857337688,67.37778814907732],[-89.7355851798222,68.53431280728044],[-93.27116867591594,71.5585437643117],[-96.69965073158001,70.83835943813982],[-96.12698074866985,69.9408450948781],[-92.95613571693157,69.08434637661638],[-96.20792862464641,68.07355078335466],[-101.91296860267376,67.70532568569841],[-105.6359758048222,68.35485418911638],[-112.5025300650761,67.69295843716326],[-115.28510757972454,68.89208563442888],[-117.83234116126751,69.00779303188982],[-122.32606216956829,69.88448675747576],[-125.97399612952923,69.43039282437029],[-127.35170456458782,70.38026007290544],[-131.67297836829877,69.27615698452654],[-135.4391984610722,69.52628668423357],[-137.72852036048627,69.01584204312029],[-143.30757614661908,70.19675024624529],[-145.27254196693158,70.1163822042531],[-156.90474411536908,71.34585913296404],[-160.24033066322065,70.85846289272966],[-164.06718918372846,69.06467779751482],[-166.84352585365033,68.40520819302263],[-163.73874374915815,67.21832617397966],[-168.1797990470097,65.69388922329607],[-166.58603378822065,64.73040350552263],[-160.9394989447178,63.98492305338062]]],[[[-62.81141255638844,81.15595684596342],[-66.52167984534954,80.71127661343279],[-65.48489090491985,79.15823706265154],[-72.38322922279094,78.52572973843279],[-71.18388077308391,77.25953253384294],[-67.03665634681438,75.93623694058122],[-62.44868119723538,76.33836403843989],[-63.35819002201287,78.2356337190557],[-62.81141255638844,81.15595684596342]]],[[[-102.27919479896282,73.14715918179216],[-98.93899246741985,71.39222296353044],[-96.68853470374798,72.81653936978044],[-102.27919479896282,73.14715918179216]]],[[[-88.32573410560344,74.68200262661638],[-80.34932419349407,74.61590155239763],[-81.70312210609173,75.8749500143117],[-86.61799332191204,75.432155214507],[-92.22411819984173,75.94715460415544],[-91.86679550697063,74.78889807339372],[-88.32573410560344,74.68200262661638]]],[[[-75.92493912269329,82.51744421597185],[-78.32092758704876,80.965358339507],[-83.6183747916386,80.20665320034685],[-87.27270981361126,76.50420721646013],[-78.21225449134563,76.54684790249529],[-78.36676498939251,78.03287085171404],[-71.45447250892376,79.84579046841326],[-62.4271020560429,82.633571230132],[-70.58430191566204,83.17604406948747],[-75.92493912269329,82.51744421597185]]],[[[-60.1714630701033,53.29857710058178],[-58.78822689960135,52.57259027862411],[-56.12695583342671,53.46584387832734],[-57.56114288856243,54.13071020718279],[-60.1714630701033,53.29857710058178]]],[[[123.5007008987776,73.50494943844788],[124.54383390453704,71.58610355723228],[130.86731605142418,69.90104204211539],[155.89216029229675,68.16901029658281],[168.13549806605704,67.45778023799447],[171.76813674618367,65.85917681241212],[172.4408476128738,63.07842210456581],[169.48091979943723,61.192640399715565],[170.34409823134902,60.27960975244485],[170.51969436119342,60.33994253750505],[173.48090651939654,61.601100527007006],[179.28769973228717,62.81507834072771],[178.14725783775592,64.15663488979997],[180,64.95347937222185],[180,65.05193670864763],[180,65.31103094692888],[180,65.38163336392107],[180,65.96313055630388],[180,66.96313055630388],[180,67.96313055630388],[180,68.91989477749529],[175.6109724373653,69.77942999478044],[170.45170119713092,70.0192142355031],[167.3200788826778,69.65857275601091],[161.96099379966998,69.52816351528826],[159.4438124031856,69.76456030483904],[158.40867141197467,70.81418951626482],[152.13401320884967,70.66443213101091],[146.9151258797481,72.20190008755388],[141.29397109459185,72.78707464810076],[137.62967971275592,71.07541998501482],[132.28361037681842,71.66087683315935],[130.77927688072467,70.67834051724138],[126.2164411873653,72.38231238003435],[127.71956160972859,73.4015384542531],[124.22215560386921,73.69691046353044],[123.5007008987776,73.50494943844788]]],[[[-170.4731340079472,66.29494055386247],[-173.87494370033002,67.1593280660695],[-180,68.91692694302263],[-180,67.96313055630388],[-180,66.96313055630388],[-180,65.96313055630388],[-180,65.381618105132],[-180,65.31103094692888],[-180,65.2592273580617],[-178.11627670814252,65.4824939596242],[-173.0770158438847,64.3839832174367],[-172.56233688880658,65.51480444546404],[-170.4731340079472,66.29494055386247]]]]},"properties":{"NAME":"Arctic marine mammal hunters","SUBJECTO":"Arctic marine mammal hunters","PARTOF":"Arctic marine mammal hunters"}},
{"type":"Feature","geometry":{"type":"Polygon","coordinates":[[[-67.48158657100439,-31.655864143664434],[-69.31964832592786,-29.30477628067829],[-68.6165770763261,-26.666495445378],[-67.12255067092232,-25.032037581988202],[-66.09723843191973,-20.13835052013179],[-65.90622541609757,-18.31105888474315],[-67.35618174619,-19.194339303429263],[-67.82483020416323,-22.474878509241908],[-68.19179403160726,-25.492041488175367],[-70.39814468909954,-25.24891320590315],[-71.43014999915813,-29.100479520600416],[-71.69539352943157,-30.85409013156233],[-71.61574265052532,-33.70565453891096],[-73.67253586341594,-37.500854886811354],[-73.19384476234173,-39.565369046967604],[-73.90523239661907,-40.83904305819807],[-72.72818067052704,-41.55336179549616],[-72.0684836753677,-40.547229038878235],[-69.43682686752817,-37.15902614350158],[-67.64985410812366,-33.57694564055348],[-67.48158657100439,-31.655864143664434]]]},"properties":{"NAME":"Andean hunter-gatherers","SUBJECTO":"Andean hunter-gatherers","PARTOF":"Andean hunter-gatherers"}},
{"type":"Feature","geometry":{"type":"Polygon","coordinates":[[[-64.1940629085568,-14.694582386569342],[-60.26760598730509,-13.809999263181787],[-51.537804638083095,-14.378252212655624],[-48.31539474407497,-13.923762636310581],[-39.937129019653874,-8.292022806582523],[-38.53098652045033,-5.733599698188964],[-37.88789123444673,-4.393015496284502],[-40.23088928748821,-2.8512109888011],[-42.31647202064251,-2.817604697983839],[-43.33403870155071,-2.432190097611524],[-44.549137999466566,-3.10260205994856],[-45.37494571579276,-3.165484550148441],[-49.06606977620206,-4.743578120004467],[-54.16333633581491,-4.626791146196514],[-56.33113935542037,-4.334740468715777],[-58.44035310422569,-2.287649024474563],[-57.97163893782451,-0.589157846288572],[-55.80383591821904,0.875529465609527],[-55.8624251890192,1.695565793857857],[-58.55753164582598,3.977596077854006],[-62.65878060183632,4.152921580887431],[-66.40849393304576,3.041936481420927],[-70.15820726425522,-5.735421450211085],[-69.04501111905242,-8.235853806057],[-64.1940629085568,-14.694582386569342]]]},"properties":{"NAME":"Amazon hunter-gatherers","SUBJECTO":"Amazon hunter-gatherers","PARTOF":"Amazon hunter-gatherers"}},
{"type":"Feature","geometry":{"type":"MultiPolygon","coordinates":[[[[-69.21397110511516,-54.93401757602034],[-66.98282333900188,-54.34066430453596],[-68.30537888099407,-52.94305077914534],[-70.33333298255657,-53.47274438266096],[-69.21397110511516,-54.93401757602034]]],[[[-69.11474151787864,-51.35236245613261],[-71.16521035613252,-51.561440909776984],[-72.04404941813473,-48.76638855343405],[-72.1905225951351,-45.990119696472405],[-71.6339245225337,-43.19554606268768],[-70.57931764813105,-40.57909976037915],[-72.0684836753677,-40.547229038878235],[-72.72818067052704,-41.55336179549616],[-73.57108780433391,-46.26491204623518],[-74.31235214759563,-48.745132840912916],[-73.4080705313847,-52.023838437836744],[-71.8722810416386,-53.69564858798323],[-69.4830217032597,-52.360935605805494],[-69.07692429115032,-51.49934808139143],[-69.11474151787864,-51.35236245613261]]]]},"properties":{"NAME":"Patagonian shellfish and marine mammal hunters","SUBJECTO":"Patagonian shellfish and marine mammal hunters","PARTOF":"Patagonian shellfish and marine mammal hunters"}},
{"type":"Feature","geometry":{"type":"MultiPolygon","coordinates":[[[[-48.639821019665945,-1.058396257203199],[-48.40189072181438,-0.390650845807173],[-50.50141235877727,-0.261749692004301],[-50.4762849478886,-1.678760803979017],[-48.639821019665945,-1.058396257203199]]],[[[-61.695771781275944,8.610088933385873],[-61.530865636365164,9.850575052458666],[-64.06826111366009,10.626809679228685],[-64.8836564688847,10.135678850371264],[-66.4781160025761,10.678809725005053],[-67.97961136390423,10.542116724211596],[-68.69460007240032,11.379503809172533],[-69.74783798743938,11.53345926876726],[-71.49555679847454,10.646208368498705],[-71.09831711341594,9.327861391264818],[-70.68184887203134,8.55721593295672],[-65.96541257261946,8.180441590467876],[-63.06524366801216,8.32539786170036],[-61.695771781275944,8.610088933385873]]],[[[-77.09872910072063,20.533275209624193],[-75.51905533363079,19.907353960234545],[-75.60392471839641,21.013194643217943],[-77.33981796790813,21.511664949614428],[-79.75995346595501,22.758782945830248],[-81.43114944984173,23.136655412871264],[-81.79230972816204,22.207803331572435],[-78.72787949134563,21.61678846951189],[-77.09872910072063,20.533275209624193]]],[[[-70.76542374183391,18.493663393217943],[-68.6568498282597,18.873176180083178],[-70.88160416175579,19.929931246001146],[-72.67646500159954,19.39217909451189],[-72.74589249183391,18.50850065823259],[-71.40075394202923,17.70413168545427],[-70.76542374183391,18.493663393217943]]]]},"properties":{"NAME":"Caribbean hunter-gatherers","SUBJECTO":"Caribbean hunter-gatherers","PARTOF":"Caribbean hunter-gatherers"}},
{"type":"Feature","geometry":{"type":"Polygon","coordinates":[[[-65.90622541609757,-18.31105888474315],[-66.09723843191973,-20.13835052013179],[-67.12255067092232,-25.032037581988202],[-68.6165770763261,-26.666495445378],[-69.31964832592786,-29.30477628067829],[-67.48158657100439,-31.655864143664434],[-63.563252469813456,-30.036561103144948],[-57.352789764997816,-29.680878909474107],[-54.36473695419029,-30.592916632921295],[-53.544487162988226,-31.446480334683482],[-52.14021349238029,-31.740936200871825],[-52.04218765784954,-31.556572355073072],[-48.85215473085459,-28.563025096783424],[-48.796904749948716,-28.475548314302703],[-49.83871578487881,-26.797313680361846],[-49.48718016007792,-24.553337158794967],[-45.94252927666899,-21.75245598059426],[-43.27671745526228,-21.589111335510133],[-43.236432647623026,-23.031526977456625],[-41.95784470130657,-22.92082253817854],[-39.69133850623821,-19.40879670504866],[-39.142498937146414,-17.77471772555647],[-38.94815537025188,-16.001592077057936],[-39.126217809216726,-14.324533857148268],[-37.18652435828899,-10.844699300568678],[-35.5985994010136,-9.627626813691236],[-34.890675511853445,-7.611789144318678],[-35.464371648328054,-5.268277086060621],[-37.180600133435476,-4.954271711152174],[-37.88789123444673,-4.393015496284502],[-38.53098652045033,-5.733599698188964],[-39.937129019653874,-8.292022806582523],[-48.31539474407497,-13.923762636310581],[-51.537804638083095,-14.378252212655624],[-60.26760598730509,-13.809999263181787],[-64.1940629085568,-14.694582386569342],[-64.66180129731615,-16.804676207468987],[-65.90622541609757,-18.31105888474315]]]},"properties":{"NAME":"Savanna hunter-gatherers","SUBJECTO":"Savanna hunter-gatherers","PARTOF":"Savanna hunter-gatherers"}},
{"type":"Feature","geometry":{"type":"Polygon","coordinates":[[[-48.796904749948716,-28.475548314302703],[-48.72837921668743,-28.367052472870924],[-48.72452255775188,-25.425621427338697],[-44.561295476453054,-22.989857114594557],[-43.236432647623026,-23.031526977456625],[-43.27671745526228,-21.589111335510133],[-45.94252927666899,-21.75245598059426],[-49.48718016007792,-24.553337158794967],[-49.83871578487881,-26.797313680361846],[-48.796904749948716,-28.475548314302703]]]},"properties":{"NAME":"Shellfish gatherers","SUBJECTO":"Shellfish gatherers","PARTOF":"Shellfish gatherers"}},
{"type":"Feature","geometry":{"type":"Polygon","coordinates":[[[-69.11474151787864,-51.35236245613261],[-69.16695114661907,-51.14943734530745],[-67.57759567786907,-49.058533109467604],[-66.07773300697063,-48.142071164887525],[-65.77598282386516,-47.23012200717268],[-67.32806870033001,-46.531616605561354],[-66.69494339515423,-45.131103910248854],[-65.43618485023235,-44.88974038485823],[-65.30717178870891,-43.6014026773387],[-63.599965062634695,-42.70437280062971],[-64.9920320182011,-42.19338647250471],[-64.93894669105266,-40.8274768960887],[-62.96398254920696,-41.137459195893385],[-61.360714879529226,-39.03129998568831],[-57.80888458778118,-38.386490262787916],[-56.69811340858196,-36.944073118012525],[-57.419239964978445,-35.99675027255354],[-56.33826157142376,-34.99545327548323],[-54.074337926404226,-34.647842801850416],[-52.35066696693157,-32.67519036654768],[-52.14362427283977,-31.747351087372877],[-52.14021349238029,-31.740936200871825],[-53.544487162988226,-31.446480334683482],[-54.36473695419029,-30.592916632921295],[-57.352789764997816,-29.680878909474107],[-63.563252469813456,-30.036561103144948],[-67.48158657100439,-31.655864143664434],[-67.64985410812366,-33.57694564055348],[-69.43682686752817,-37.15902614350158],[-72.0684836753677,-40.547229038878235],[-70.57931764813105,-40.57909976037915],[-71.6339245225337,-43.19554606268768],[-72.1905225951351,-45.990119696472405],[-72.04404941813473,-48.76638855343405],[-71.16521035613252,-51.561440909776984],[-69.11474151787864,-51.35236245613261]]]},"properties":{"NAME":"Pampas cultures","SUBJECTO":"Pampas cultures","PARTOF":"Pampas cultures"}},
{"type":"Feature","geometry":{"type":"Polygon","coordinates":[[[-94.11755719209039,29.69269900006508],[-94.11755719209039,31.93047980661485],[-95.8203078747199,32.71453265402474],[-97.13856646772321,34.47135574600093],[-96.40620058272137,35.6463101014922],[-94.11755719209039,35.87563266465669],[-94.11755719209039,39.73169383481236],[-94.23473573369067,46.72103383947717],[-95.56635546846715,49.996303801904524],[-98.92187739770243,50.2317206620755],[-105.19092937331824,51.45252059422696],[-114.46737387359948,51.99955012922175],[-114.12579317034083,47.95182480671353],[-111.66773503433551,41.93525523128791],[-111.54786525513434,41.64185091509596],[-104.51715275911663,33.873009655417874],[-98.18951151270068,29.180839383625194],[-97.20648541578431,28.073580382344584],[-97.11536881019329,28.10694845791521],[-97.05078656349806,28.118652504127894],[-96.83145615150188,28.15840109463396],[-94.11755719209039,29.69269900006508]]]},"properties":{"NAME":"Plain bison hunters","SUBJECTO":"Plain bison hunters","PARTOF":"Plain bison hunters"}},
{"type":"Feature","geometry":{"type":"Polygon","coordinates":[[[-120.13217009553428,34.518639095266465],[-117.49671646644329,33.325431429106615],[-115.60230728675579,29.685151659209154],[-114.06728836585735,28.42289312954607],[-114.47785660316204,27.243947588164232],[-112.41098496009563,26.19277151699724],[-112.16581436683391,25.010667406279467],[-110.79756638099407,24.8800483572072],[-112.86987015296673,28.334659181792162],[-114.68277451087688,30.14322432156267],[-114.83865067054485,31.815496050078295],[-113.05207535316204,31.13870009060564],[-111.69163223792766,28.49610289211931],[-110.60444351722454,27.856137834746264],[-109.93666030813027,28.204353485407555],[-107.5637948407243,27.76457612510461],[-104.22420640511586,25.115656057798073],[-100.35731453230613,23.969822801072763],[-97.82193741595154,24.14289165269257],[-97.25996109534954,25.811372362334154],[-97.44714829017376,27.985446535307787],[-97.20648541578431,28.073580382344584],[-98.18951151270068,29.180839383625194],[-104.51715275911663,33.873009655417874],[-111.54786525513434,41.64185091509596],[-111.66773503433551,41.93525523128791],[-119.01799728215308,43.11329780515409],[-120.47361831890835,43.5702362219749],[-121.36156811415898,39.68662126087367],[-120.13217009553428,34.518639095266465]]]},"properties":{"NAME":"Desert hunter-gatherers","SUBJECTO":"Desert hunter-gatherers","PARTOF":"Desert hunter-gatherers"}},
{"type":"Feature","geometry":{"type":"Polygon","coordinates":[[[-120.47361831890835,43.5702362219749],[-119.01799728215308,43.11329780515409],[-111.66773503433551,41.93525523128791],[-114.12579317034083,47.95182480671353],[-114.46737387359948,51.99955012922175],[-115.03392686774305,52.03295961287972],[-125.6971741533699,55.193958165256824],[-128.5879066342332,55.05741560353968],[-124.75974582056752,52.44778520770332],[-120.48272905215676,48.962018954129185],[-120.30696123975633,44.29914221354117],[-120.47361831890835,43.5702362219749]]]},"properties":{"NAME":"Plateau fichers and hunter gatherers","SUBJECTO":"Plateau fichers and hunter gatherers","PARTOF":"Plateau fichers and hunter gatherers"}},
{"type":"Feature","geometry":{"type":"Polygon","coordinates":[[[-129.85166667284474,54.99772241705144],[-130.00363632728315,53.93796118374529],[-127.55576798011516,52.16784247036638],[-127.24746414710735,50.96811636563005],[-122.60556503822063,48.83472784634294],[-124.6752824454472,48.38582571621599],[-123.99469467689251,45.76409491177263],[-124.62967392493938,43.013995729643725],[-124.15260788490032,41.58015020962419],[-124.36481186439251,40.33432348843279],[-123.79630753089641,39.03041037197771],[-121.93205734779094,37.00897558804216],[-121.92680069495891,36.33826788540544],[-120.13217009553428,34.518639095266465],[-121.36156811415898,39.68662126087367],[-120.47361831890835,43.5702362219749],[-120.30696123975633,44.29914221354117],[-120.48272905215676,48.962018954129185],[-124.75974582056752,52.44778520770332],[-128.5879066342332,55.05741560353968],[-129.85166667284474,54.99772241705144]]]},"properties":{"NAME":"North American Pacifi foraging, hunting and fishing peoples","SUBJECTO":"North American Pacifi foraging, hunting and fishing peoples","PARTOF":"North American Pacifi foraging, hunting and fishing peoples"}},
{"type":"Feature","geometry":{"type":"Polygon","coordinates":[[[44.215360318470466,1.218180955067836],[41.80190111951471,6.167388045729855],[43.60598159520288,11.164975114426202],[43.10357192466999,11.53131254788103],[41.52688195216976,10.279881546371954],[38.65055446137156,9.692875936004976],[39.14318937822596,9.06293447268527],[38.605020684873864,6.597308569790442],[35.57782178476831,5.527006069275479],[33.02152049134584,6.864538013373648],[32.34880962465572,9.527647378549165],[34.23240005138806,11.70943726607304],[34.874119492143976,11.694822391580514],[34.523328551220786,12.50237520005313],[32.879012053950184,12.47057777553059],[30.599761371261398,11.115971520296771],[24.074465964367207,11.181973046384048],[23.19994183767005,11.775300538947805],[20.441827284240546,11.972795349850172],[17.750983817480044,12.82691062976631],[8.26576059714931,12.367349972804174],[2.345904970276228,13.285633546771772],[-6.264794123357345,13.351095379469161],[-6.264794123357347,13.35109537946916],[-8.909412972680991,12.636297987321042],[-10.17691939781287,14.210015429381807],[-13.395529310272655,14.916671886604806],[-16.87041946937298,14.363524996001146],[-16.77209946204876,12.597077928740404],[-14.591384854809991,10.46654852505388],[-13.680051770703546,9.91564520474138],[-12.263942685620538,7.35138853665056],[-9.247899022595636,5.17188414211931],[-7.528605428235284,4.336791597563646],[-4.999971356885187,5.238270841795824],[-3.941593614117853,5.265976034361742],[-2.031221595303766,4.698200784880541],[1.557863506777533,6.237427316862963],[3.949497255785712,6.579388700682543],[5.359488992633966,5.368345627897537],[12.604745687300603,7.731968465838291],[22.224511080969368,6.196195772852339],[33.92968016137751,2.843586349070006],[36.01508384811689,1.297408540251279],[38.773198401546395,-2.267256227148658],[39.479544811571024,-2.468897035586251],[40.4549755682717,-1.3595608910117],[40.85860208828577,0.322086976400683],[42.540379255011075,1.263781398355505],[44.136579672502506,1.151131692540679],[44.215360318470466,1.218180955067836]]]},"properties":{"NAME":"West African cereal farmers","SUBJECTO":"West African cereal farmers","PARTOF":"West African cereal farmers"}},
{"type":"Feature","geometry":{"type":"Polygon","coordinates":[[[44.136579672502506,1.151131692540679],[42.540379255011075,1.263781398355505],[40.85860208828577,0.322086976400683],[40.4549755682717,-1.3595608910117],[39.479544811571024,-2.468897035586251],[38.773198401546395,-2.267256227148658],[36.01508384811689,1.297408540251279],[33.92968016137751,2.843586349070006],[22.224511080969368,6.196195772852339],[12.604745687300603,7.731968465838291],[5.359488992633966,5.368345627897537],[5.606589827044257,4.632113062102221],[6.844479593737372,4.291642271239184],[8.874658617480048,4.620119177061937],[9.923090013964423,2.824045501906298],[9.202508005602606,-0.634416438382246],[9.656445536120184,-2.419099487107374],[11.772603067858466,-4.536981023591139],[12.371690783007391,-6.257806695740797],[13.387093576891669,-8.15567819003401],[13.203851732714423,-9.636731542389967],[13.816288980944403,-10.976270116608717],[13.649036440356024,-12.196759618561842],[12.585389170153388,-13.463659681122877],[11.782002481920966,-15.867509282868483],[11.774609598620184,-17.59605256442366],[14.415466341479071,-22.267668165009596],[14.843331369860419,-25.62222329501448],[15.453804048998602,-27.61645928744612],[16.788300547106513,-29.138924039643385],[18.178561243517645,-31.805298246186354],[18.487156900866278,-34.39771691684065],[20.25607207725788,-34.62289086703596],[22.681775125963934,-34.10311547641096],[24.429938349230536,-34.33470193270979],[26.658656153185614,-33.84707299594221],[28.921853098376044,-32.29790917758284],[32.234744104845774,-28.74441758517561],[33.347266230089915,-25.303612149994947],[34.88371947716023,-24.72201577548323],[35.260760340197336,-22.274328626435377],[34.72620299766804,-19.860380567353346],[37.27531722496296,-17.713161863129713],[39.471255335314524,-16.717016614716627],[40.38579848716999,-15.73632661227522],[40.59920791099812,-14.401239789765455],[40.311343225939524,-11.344973005097486],[39.6576147408321,-9.795738614838697],[38.921526941759836,-6.340208925049879],[39.26727202842976,-4.776162542145826],[40.23441604088093,-3.191706575196363],[42.440066370470774,-0.511580146592237],[43.724307093127024,0.800251446921251],[44.136579672502506,1.151131692540679]]]},"properties":{"NAME":"Khoiasan","SUBJECTO":"Khoiasan","PARTOF":"Khoiasan"}},
{"type":"Feature","geometry":{"type":"Polygon","coordinates":[[[37.135740918059156,21.128125569264505],[35.74630263756062,22.914340578276537],[35.189864191515696,24.39991911526384],[33.657230668213316,24.017988632918694],[33.345321283718846,23.354044941061307],[34.4217777775482,20.50604967705261],[34.52779006636866,20.17476127448868],[37.135740918059156,21.128125569264505]]]},"properties":{"NAME":"Blemmyes","SUBJECTO":"Blemmyes","PARTOF":"Blemmyes"}},
{"type":"Feature","geometry":{"type":"Polygon","coordinates":[[[37.135740918059156,21.128125569264505],[34.52779006636866,20.17476127448868],[35.15131792797838,18.226236706958304],[35.26711548130835,16.385531884130845],[35.32068133018723,15.53405520319249],[38.75622731981474,17.79625648407741],[37.39818480919148,18.91500052090349],[37.135740918059156,21.128125569264505]]]},"properties":{"NAME":"Bega","SUBJECTO":"Bega","PARTOF":"Bega"}},
{"type":"Feature","geometry":{"type":"Polygon","coordinates":[[[38.65055446137156,9.692875936004974],[36.99930750020776,9.35588676025726],[34.874119492143976,9.817884153314605],[34.874119492143976,11.694822391580514],[34.23240005138806,11.70943726607304],[32.34880962465572,9.527647378549165],[33.02152049134584,6.864538013373648],[35.57782178476831,5.527006069275479],[38.605020684873864,6.597308569790442],[39.14318937822596,9.06293447268527],[38.65055446137156,9.692875936004974]]]},"properties":{"NAME":"Ethiopian HIghland Peoples","SUBJECTO":"Ethiopian HIghland Peoples","PARTOF":"Ethiopian HIghland Peoples"}},
{"type":"Feature","geometry":{"type":"Polygon","coordinates":[[[43.724307093127024,0.800251446921251],[44.300696405871165,1.290809475142382],[44.215360318470466,1.218180955067836],[44.136579672502506,1.151131692540679],[43.724307093127024,0.800251446921251]]]},"properties":{"NAME":"           ","SUBJECTO":"Bega","PARTOF":"           "}},
{"type":"Feature","geometry":{"type":"Polygon","coordinates":[[[25.18612578819538,65.24265631313982],[25.195617809103457,65.26795101619156],[25.25150779197956,65.41688879604997],[25.18612578819538,65.24265631313982]]]},"properties":{"NAME":null,"SUBJECTO":null,"PARTOF":null}},
{"type":"Feature","geometry":{"type":"Polygon","coordinates":[[[34.72611897050977,65.78029310527337],[34.725588831408274,65.61499365444841],[34.726172480089915,65.79697760220232],[34.72611897050977,65.78029310527337]]]},"properties":{"NAME":null,"SUBJECTO":null,"PARTOF":null}},
{"type":"Feature","geometry":{"type":"Polygon","coordinates":[[[89.79632857750202,75.52443274136247],[91.6346769661739,75.65272863979997],[90,75.60154303188982],[89.79632857750202,75.52443274136247]]]},"properties":{"NAME":null,"SUBJECTO":null,"PARTOF":null}},
{"type":"Feature","geometry":{"type":"Polygon","coordinates":[[[105.2788191170528,72.7515369283742],[105.40307092131953,72.748726095192],[105.60022262047077,72.74426611538591],[105.2788191170528,72.7515369283742]]]},"properties":{"NAME":null,"SUBJECTO":null,"PARTOF":null}},
{"type":"Feature","geometry":{"type":"Polygon","coordinates":[[[170.51969436119342,60.33994253750505],[170.34409823134902,60.27960975244485],[170.3368025154903,60.27710302944841],[170.51969436119342,60.33994253750505]]]},"properties":{"NAME":null,"SUBJECTO":null,"PARTOF":null}},
{"type":"Feature","geometry":{"type":"Polygon","coordinates":[[[123.5007008987776,73.50494943844788],[124.22215560386921,73.69691046353044],[123.40985396812702,73.48077734585466],[123.5007008987776,73.50494943844788]]]},"properties":{"NAME":null,"SUBJECTO":null,"PARTOF":null}},
{"type":"Feature","geometry":{"type":"Polygon","coordinates":[[[9.564128017456436,58.94076451189008],[11.426997641343362,58.2233233043032],[12.865588979190717,58.74749934831772],[13.265092661727362,60.18823397823311],[10.508517252224514,60.81767374779163],[8.950452890331599,59.72823341584191],[9.564128017456436,58.94076451189008]]]},"properties":{"NAME":"West Getaes","SUBJECTO":"West Getaes","PARTOF":"West Getaes"}},
{"type":"Feature","geometry":{"type":"Polygon","coordinates":[[[100.13646949001239,23.676039501350324],[100.6798657360762,24.131793455319148],[99.90849746972384,26.90871921418761],[96.45368998559567,25.670711079117225],[94.49146471297155,26.243450893862768],[94.55832689213223,25.70855346057745],[91.6517870269344,22.356924150680594],[92.17629531334187,20.886634432036303],[94.05371383140827,19.061149202544115],[94.4648542733028,17.26426275845232],[94.14335921715046,16.215379320341967],[95.32981399009968,15.677930437285326],[96.4692488045528,16.512576662260912],[97.57322219322468,16.44506987209978],[98.19403629243605,13.657839339222171],[101.60737162152225,15.320487543581606],[102.62762809551292,14.671233423769362],[102.16387515278988,13.92922871541252],[100.90870955894734,13.447337709624193],[100.87163070152546,12.678542696196459],[102.65849593590046,12.066133104521654],[103.03959182213093,10.897970758635424],[104.9785261483028,9.980911813933275],[104.74248031090046,8.493669115263842],[106.48202804039265,9.552120767790697],[106.77315810631062,10.63917215939226],[106.92988223329209,11.842432690832473],[104.38988927786042,11.981466355975801],[104.01888692368199,12.90897224142186],[104.11163751222661,15.505988720670814],[106.45149726589356,16.187961290965557],[104.3810912608956,18.327951477109472],[103.23424489264612,20.122862737146093],[100.69818881548598,19.47885849129998],[100.25974950424269,20.004985664791924],[97.60542907337424,18.176788485132487],[96.33816202129346,19.5757106125332],[95.77493222036864,22.33673057650546],[97.64063093593204,24.083689439904255],[100.13646949001239,23.676039501350324]]]},"properties":{"NAME":null,"SUBJECTO":null,"PARTOF":null}},
{"type":"Feature","geometry":{"type":"Polygon","coordinates":[[[101.05086809025461,40.08489468499134],[102.90587986114673,38.87913703391146],[103.55513398095896,40.73414880480358],[104.84145406657181,41.231001059500606],[110.7110798389434,40.88572895524346],[116.16921402302536,40.64139821625898],[118.20972697100667,40.826899393348185],[119.04448226790814,42.31090881006189],[123.86751287222764,43.05291351841873],[124.70226816912908,42.31090881006189],[127.29928464837805,43.23841469550794],[129.24704700781476,45.18617705494466],[130.54555524743924,45.37167823203387],[132.12231525269752,44.62967352367703],[132.8273573250606,42.86189993496599],[134.13894179771685,42.99295385952654],[137.25694377302335,45.61244439836563],[130.25592915312674,50.1507960103906],[110.70143086835411,50.98293023313427],[105.30115815324875,51.21273678060715],[93.94115045927443,51.095929022398096],[82.20868349664521,51.32924897531792],[80.71884642202563,46.43604046828073],[85.45194782752716,46.206057904977826],[91.33393557869015,45.92025067110863],[90.9596929884755,43.54918991631177],[92.06638620905717,43.302633685043524],[94.59838164027629,41.11591035808156],[96.32474216156204,40.65554755240535],[98.97182829420022,41.00081965666251],[101.05086809025461,40.08489468499134]]]},"properties":{"NAME":"Göktürks","SUBJECTO":"Göktürks","PARTOF":"Göktürks"}},
{"type":"Feature","geometry":{"type":"Polygon","coordinates":[[[14.896641008830766,56.10333994701948],[16.658679041369208,57.442950807768725],[16.453362057352763,58.60363277776042],[14.252071180282238,58.060763567333886],[14.896641008830766,56.10333994701948]]]},"properties":{"NAME":"East Getaes","SUBJECTO":"East Getaes","PARTOF":"East Getaes"}},
{"type":"Feature","geometry":{"type":"Polygon","coordinates":[[[16.453362057352763,58.60363277776042],[19.037323984606513,59.86324270840349],[17.14620879600788,60.95282705898943],[17.93625548790241,62.54800375576677],[15.43013132739913,61.86605293654498],[11.528408300596416,61.89775715387968],[9.832105669482,63.683620058257006],[7.08818009804035,62.91019781704607],[5.148983511431464,61.7408824789113],[5.805763277514227,59.94925268765154],[5.61548427055622,58.45521505947771],[8.153747591479071,58.08954580898943],[9.564128017456436,58.94076451189008],[8.950452890331599,59.72823341584191],[10.508517252224514,60.81767374779163],[13.265092661727362,60.18823397823311],[12.865588979190717,58.74749934831772],[11.426997641343362,58.2233233043032],[12.850363223854629,56.47646877957913],[14.397108831137183,55.96974112856973],[14.896641008830766,56.10333994701948],[14.252071180282238,58.060763567333886],[16.453362057352763,58.60363277776042]]]},"properties":{"NAME":"Swedes","SUBJECTO":"Swedes","PARTOF":"Swedes"}},
{"type":"Feature","geometry":{"type":"Polygon","coordinates":[[[75.62969227628423,61.34910637680395],[98.45947004862771,69.79094730127832],[105.40307092131953,72.748726095192],[105.2788191170528,72.7515369283742],[113.62504867027546,75.27267035122576],[113.53300765465046,76.0936542379445],[108.24447158287312,76.64641913052263],[103.39330581138874,77.5577884542531],[99.46723464439656,75.96692236538591],[94.69433883140827,76.18358191128435],[91.6346769661739,75.65272863979997],[89.79632857750202,75.52443274136247],[86.95832351158406,74.78206213589372],[87.69079116295124,73.90001257534685],[80.46401503990437,73.31357916470232],[79.22255996177937,72.2712894308156],[73.21685317466999,71.45773657437029],[74.74171737144734,67.68622168179216],[72.83769515465046,67.64564856167497],[72.7139997811153,72.76958807583513],[69.34311202476765,72.83426245327654],[66.81797316978718,71.10538061733904],[68.10592940758015,69.42932470913591],[66.07699945798986,69.00888911371645],[65.23105924230877,66.94515006675617],[73.6532226526617,62.91243121499827],[75.62969227628423,61.34910637680395]]]},"properties":{"NAME":"Samoyèdes","SUBJECTO":"Samoyèdes","PARTOF":"Samoyèdes"}},
{"type":"Feature","geometry":{"type":"Polygon","coordinates":[[[61.107454833863436,41.272790315899755],[58.76051456748904,42.61669059388325],[56.579729364220796,41.085204042116786],[57.14050270220405,40.09157768235769],[58.718975801712496,39.98026444296599],[60.38052643277402,40.09157768235769],[61.107454833863436,41.272790315899755]]]},"properties":{"NAME":"Kwarezm","SUBJECTO":"Kwarezm","PARTOF":"Kwarezm"}},
{"type":"Feature","geometry":{"type":"Polygon","coordinates":[[[99.35231210297071,37.58789014265722],[99.35231210297073,37.58789014265723],[96.43020889949857,38.44916027620063],[96.41333866302432,38.32263350264383],[99.35231210297071,37.58789014265722]]]},"properties":{"NAME":"Tufan Empire","SUBJECTO":"Tufan Empire","PARTOF":"Tufan Empire"}},
{"type":"Feature","geometry":{"type":"Polygon","coordinates":[[[84.55953914941693,40.57543205922698],[76.09307777771365,40.628778118230464],[81.92343985988904,36.502599943497096],[91.48977627391785,37.78623870151423],[97.8963835086838,36.75510495921225],[99.35231210297073,37.58789014265722],[96.41333866302432,38.32263350264383],[96.59883984011354,39.71389233081292],[84.55953914941693,40.57543205922698]]]},"properties":{"NAME":"Uyghurs","SUBJECTO":"Uyghurs","PARTOF":"Uyghurs"}},
{"type":"Feature","geometry":{"type":"Polygon","coordinates":[[[84.55953914941693,40.57543205922698],[96.59883984011354,39.71389233081292],[100.40161397044237,39.71389233081292],[101.05086809025461,40.08489468499134],[98.97182829420022,41.00081965666251],[96.32474216156204,40.65554755240535],[94.59838164027629,41.11591035808156],[92.06638620905717,43.302633685043524],[90.9596929884755,43.54918991631177],[91.33393557869015,45.92025067110863],[85.45194782752716,46.206057904977826],[84.55953914941693,40.57543205922698]]]},"properties":{"NAME":"Karluks","SUBJECTO":"Karluks","PARTOF":"Karluks"}},
{"type":"Feature","geometry":{"type":"Polygon","coordinates":[[[142.35776809166217,59.140956484038256],[137.17796706332177,61.33433849362306],[127.80939535096982,61.80384030510338],[116.96157547350965,59.88266776324234],[110.70143086835411,50.98293023313427],[130.25592915312674,50.1507960103906],[137.25694377302335,45.61244439836563],[140.08100417564654,48.50260504360857],[141.12119582603717,53.05163153286638],[140.10245803306842,53.80170401211443],[134.98522475670123,54.853934847075365],[137.2290907234981,55.98272284146013],[142.35776809166217,59.140956484038256]]]},"properties":{"NAME":"Tungus","SUBJECTO":"Tungus","PARTOF":"Tungus"}},
{"type":"Feature","geometry":{"type":"Polygon","coordinates":[[[16.685616511210526,50.18978501205717],[15.002464654381606,50.9083392075322],[12.398839125849378,50.17294403782561],[12.661831603478896,49.51150855230703],[13.950494743863539,48.71969793484341],[15.712544343981309,49.013796314129536],[16.685616511210526,50.18978501205717]]]},"properties":{"NAME":"Czechs","SUBJECTO":"Slavic tribes","PARTOF":"Czechs"}},
{"type":"Feature","geometry":{"type":"Polygon","coordinates":[[[15.712544343981309,49.013796314129536],[16.94946863202723,47.95169624092786],[18.376473472413508,48.417247741616094],[19.41745087258732,49.443156945819666],[16.685616511210526,50.18978501205717],[15.712544343981309,49.013796314129536]]]},"properties":{"NAME":"Moravians","SUBJECTO":"Moravians","PARTOF":"Moravians"}},
{"type":"Feature","geometry":{"type":"Polygon","coordinates":[[[-0.867304302344237,35.687331020079014],[-2.035251822964899,35.05456884976091],[-4.59297749091839,35.15118750210466],[-6.327673976628373,34.81162115476519],[-6.714235162215286,34.17643891388822],[-5.290745295277396,33.05987117081758],[-5.228351798089735,31.38574682579547],[-0.400305018109299,32.32951698891048],[-0.867304302344237,35.687331020079014]]]},"properties":{"NAME":"Mauri","SUBJECTO":"Umayyad Caliphate","PARTOF":"Mauri"}},
{"type":"Feature","geometry":{"type":"Polygon","coordinates":[[[8.503522476706546,33.6414108095214],[7.985871216206434,35.504939207303046],[6.784677994257332,35.87453712174893],[6.047393831713446,36.84155615444841],[4.155343897301332,36.83146374218028],[3.418328319993276,33.04692617108508],[8.142171860764824,33.9343977954201],[8.503522476706546,33.6414108095214]]]},"properties":{"NAME":"Aures","SUBJECTO":"Umayyad Caliphate","PARTOF":"Aures"}},
{"type":"Feature","geometry":{"type":"Polygon","coordinates":[[[-0.400305018109299,32.32951698891048],[3.418328319993276,33.04692617108508],[4.155343897301332,36.83146374218028],[1.057602915270575,36.46185644741716],[-0.867304302344237,35.687331020079014],[-0.400305018109299,32.32951698891048]]]},"properties":{"NAME":"Warsenis","SUBJECTO":"Umayyad Caliphate","PARTOF":"Warsenis"}},
{"type":"Feature","geometry":{"type":"Polygon","coordinates":[[[-9.625043836133234,30.406100832182787],[-10.33931252052044,29.14631613369646],[-11.576458898083917,28.228616319853685],[-12.866208997266046,27.857324205595873],[-14.367254224316827,26.119227968413256],[-14.820046391980402,24.73287733669939],[-15.714025464551202,23.873057924467943],[-17.051907506482355,21.00409849758806],[-16.34728142310833,20.522616945464037],[-15.982691731946222,18.178399645048998],[-16.87041946937298,14.363524996001146],[-13.395529310272655,14.916671886604806],[-10.17691939781287,14.210015429381807],[-11.181130053221922,15.456828694060974],[-9.908968488119,17.89393581159949],[-7.455514041134801,19.443455602687497],[-5.183796960593872,17.20081784693365],[-4.547716178042412,15.106206151848557],[-6.264794123357345,13.351095379469161],[2.345904970276228,13.285633546771772],[8.26576059714931,12.367349972804174],[17.750983817480044,12.82691062976631],[20.441827284240546,11.972795349850172],[23.19994183767005,11.775300538947805],[24.074465964367207,11.181973046384048],[30.599761371261398,11.115971520296771],[32.879012053950184,12.47057777553059],[31.804860764891224,12.521881922872291],[30.72415706120852,13.739497024479773],[30.53134399740492,14.092987641453036],[30.53134399740492,15.823850263060105],[29.661815263018052,18.64446844930756],[29.84684159061306,20.124679070067614],[30.544863291240354,22.746489115932185],[30.04109042490447,24.62227373627086],[28.40615598944454,27.74338300369825],[26.742965374438096,28.574978311201477],[22.307790401087573,29.960970490373516],[18.6118112566288,29.406573618704698],[16.022141979167955,30.499989535854834],[13.438640102509929,31.145865005019342],[10.002563881973302,32.42597183227809],[8.503522476706546,33.6414108095214],[8.142171860764824,33.9343977954201],[3.418328319993276,33.04692617108508],[-0.400305018109299,32.32951698891048],[-5.228351798089735,31.38574682579547],[-9.625043836133234,30.406100832182787]]]},"properties":{"NAME":"Saharan Nomadic Tribes","SUBJECTO":"Saharan Nomadic Tribes","PARTOF":"Saharan Nomadic Tribes"}},
{"type":"Feature","geometry":{"type":"MultiPolygon","coordinates":[[[[1.829569173085067,42.527299581774706],[0.165983904108795,42.17436003351452],[-7.056669655706175,42.726782411690166],[-6.815825106324316,43.52414249797637],[-8.644062963025323,42.41974981899919],[-8.694069829480402,40.992171846587084],[-9.549007382886163,38.77451666470232],[-8.667059865491144,37.12144049282732],[-6.6321539549992,37.02175100918474],[-5.660587277905694,36.00800665493669],[-4.446585622327081,36.72201880093279],[-2.238797393338434,36.72839697476091],[0.172570082648047,38.73834570522966],[-0.394848433034173,39.43445929165544],[0.879201921923407,41.02173575039568],[3.128878864748724,41.8572269308156],[3.80746892402912,43.46722754116716],[1.829569173085067,42.527299581774706]]],[[[-4.59297749091839,35.15118750210466],[-5.928758588330499,35.72785910244646],[-6.327673976628373,34.81162115476519],[-4.59297749091839,35.15118750210466]]],[[[6.047393831713446,36.84155615444841],[6.784677994257332,35.87453712174893],[7.985871216206434,35.504939207303046],[8.503522476706546,33.6414108095214],[10.002563881973302,32.42597183227809],[13.438640102509929,31.145865005019342],[16.022141979167955,30.499989535854834],[18.6118112566288,29.406573618704698],[22.307790401087573,29.960970490373516],[26.742965374438096,28.574978311201477],[28.40615598944454,27.74338300369825],[30.04109042490447,24.62227373627086],[30.49060251636263,22.94852764123742],[30.808542433239328,23.862604902257928],[33.657230668213316,24.017988632918694],[35.189864191515696,24.39991911526384],[33.35421660850788,27.90954741116228],[35.111590418322336,28.072061144072435],[36.16771219270454,30.422967883672243],[38.37574401120885,33.531644259724374],[41.22397101939322,37.541648073878676],[35.95679381798055,36.747493349272624],[35.873065027697336,34.422286592680834],[34.50065902183796,31.621099077422045],[33.557601007921946,30.967715822417162],[30.995955500109442,31.468850694853685],[29.248847040636786,30.753661714751146],[23.153338465197333,32.138812624174975],[21.673419031603583,32.8155895101613],[20.365721735461005,32.29824026699724],[20.11676886996383,30.957103334382815],[18.915026697619208,30.204860292632006],[17.421629938586005,30.99598654385271],[15.84332564781452,31.28500326748552],[15.009786638720282,32.3634410726613],[12.564756426317938,32.73963888760271],[10.019480738146552,34.081473909575365],[11.125108751757391,35.24060782070818],[10.132734331591376,37.10474737759294],[7.913174662096747,36.77524908657732],[6.047393831713446,36.84155615444841]]]]},"properties":{"NAME":"Umayyad Caliphate","SUBJECTO":"Umayyad Caliphate","PARTOF":"Umayyad Caliphate"}},
{"type":"Feature","geometry":{"type":"Polygon","coordinates":[[[44.215360318470466,1.218180955067836],[44.300696405871165,1.290809475142382],[46.36050322960163,2.667831026274584],[48.4715795845821,5.201433740813158],[50.77938369224812,9.36842020626726],[51.18070510338093,11.777448259550951],[49.3035002083614,11.246025644499682],[47.39071181724812,11.159307085234545],[44.28083709190632,10.396465860564135],[43.60598159520288,11.164975114426202],[41.80190111951471,6.167388045729855],[44.215360318470466,1.218180955067836]]]},"properties":{"NAME":"Kushites","SUBJECTO":"Kushites","PARTOF":"Kushites"}},
{"type":"Feature","geometry":{"type":"Polygon","coordinates":[[[-155.77216049720502,20.212861620146654],[-156.0341691641972,19.10568770046892],[-154.94768234779096,19.48286589260759],[-155.77216049720502,20.212861620146654]]]},"properties":{"NAME":null,"SUBJECTO":null,"PARTOF":null}},
{"type":"Feature","geometry":{"type":"Polygon","coordinates":[[[-156.12085434486127,20.712571703154467],[-156.39587875892377,20.9502445089406],[-156.8224992423222,20.93991049404802],[-156.5067033438847,20.598901354033373],[-156.12085434486127,20.712571703154467]]]},"properties":{"NAME":null,"SUBJECTO":null,"PARTOF":null}},
{"type":"Feature","geometry":{"type":"Polygon","coordinates":[[[-158.1790666251347,21.68914373989763],[-158.43440720130658,21.45204313870134],[-158.29761215736127,21.276496492583178],[-158.04683395911908,21.458880983549975],[-158.1790666251347,21.68914373989763]]]},"properties":{"NAME":null,"SUBJECTO":null,"PARTOF":null}},
{"type":"Feature","geometry":{"type":"Polygon","coordinates":[[[-167.86543747474408,53.3234134542531],[-168.22346970130658,53.58995398159685],[-168.37433334876752,53.2352786886281],[-167.86543747474408,53.3234134542531]]]},"properties":{"NAME":null,"SUBJECTO":null,"PARTOF":null}},
{"type":"Feature","geometry":{"type":"Polygon","coordinates":[[[-93.14401958508803,16.9824922716273],[-96.18788807099754,17.879781336252893],[-95.50142395722808,16.53181202401229],[-96.43745216381312,16.219802621817283],[-99.01583000809292,16.823658789314106],[-98.58685026782317,17.987855900922327],[-96.20592381197541,17.88608189238678],[-97.23480952497813,18.23052988040733],[-98.44817942240316,19.79057689138237],[-98.51751484511317,20.934611366097396],[-97.52655310700122,21.25448451827604],[-97.88202377845501,22.33262213345232],[-97.82193741595154,24.14289165269257],[-100.35731453230613,23.969822801072763],[-104.22420640511586,25.115656057798073],[-107.5637948407243,27.76457612510461],[-109.93666030813027,28.204353485407555],[-110.60444351722454,27.856137834746264],[-109.13188644935344,26.288686357695482],[-105.53994461585735,22.284598909575365],[-104.94791122962688,19.437839113432787],[-103.49393936683391,18.353892885405443],[-97.88092514564251,16.052028261382006],[-96.33293625404094,15.750238977629564],[-95.13016983558391,16.29946859951677],[-93.58785745357416,15.741059799706633],[-93.14401958508803,16.9824922716273]],[[-100.49357439234822,20.899943654742394],[-99.10686593814819,20.58628340914953],[-98.48284713375817,19.802132795167363],[-99.14153364950319,18.923884107507348],[-100.75496856910725,19.588321153783404],[-100.49357439234822,20.899943654742394]]]},"properties":{"NAME":null,"SUBJECTO":null,"PARTOF":null}},
{"type":"Feature","geometry":{"type":"Polygon","coordinates":[[[-96.83145615150188,28.15840109463396],[-97.05078656349806,28.118652504127894],[-97.11536881019329,28.10694845791521],[-96.83145615150188,28.15840109463396]]]},"properties":{"NAME":null,"SUBJECTO":null,"PARTOF":null}},
{"type":"Feature","geometry":{"type":"Polygon","coordinates":[[[-97.11536881019329,28.10694845791521],[-97.20648541578431,28.073580382344584],[-97.44714829017376,27.985446535307787],[-97.11536881019329,28.10694845791521]]]},"properties":{"NAME":null,"SUBJECTO":null,"PARTOF":null}},
{"type":"Feature","geometry":{"type":"Polygon","coordinates":[[[-163.5674180655644,55.021754823882006],[-165.00973984290815,54.52799566860857],[-164.5644883780644,54.33413656826677],[-163.5674180655644,55.021754823882006]]]},"properties":{"NAME":null,"SUBJECTO":null,"PARTOF":null}},
{"type":"Feature","geometry":{"type":"Polygon","coordinates":[[[-163.26241013099408,55.17098196621599],[-162.96799179603315,54.94873388882341],[-162.78760239173627,55.15161856289568],[-163.26241013099408,55.17098196621599]]]},"properties":{"NAME":null,"SUBJECTO":null,"PARTOF":null}},
{"type":"Feature","geometry":{"type":"Polygon","coordinates":[[[-160.67599960853315,55.764945589262865],[-161.8104600577519,55.78313788052263],[-162.58459946204877,55.38870581265154],[-162.21831223060346,55.13241537686052],[-160.67599960853315,55.764945589262865]]]},"properties":{"NAME":null,"SUBJECTO":null,"PARTOF":null}},
{"type":"Feature","geometry":{"type":"Polygon","coordinates":[[[-154.3420304923222,57.48731955166521],[-153.87775131751752,56.94134863491716],[-152.67949387122846,57.76453741665544],[-153.39587875892377,57.80431707974138],[-154.3420304923222,57.48731955166521]]]},"properties":{"NAME":null,"SUBJECTO":null,"PARTOF":null}},
{"type":"Feature","geometry":{"type":"Polygon","coordinates":[[[-136.41823288490033,58.111190401274584],[-136.59644028236127,57.90492209072771],[-135.11499496986127,57.67462881680193],[-135.32489487220502,58.09266623135271],[-136.41823288490033,58.111190401274584]]]},"properties":{"NAME":null,"SUBJECTO":null,"PARTOF":null}},
{"type":"Feature","geometry":{"type":"Polygon","coordinates":[[[-171.2286271720097,63.651183687407396],[-169.9031114249394,63.07521017666521],[-169.33293625404096,63.39732702847185],[-171.2286271720097,63.651183687407396]]]},"properties":{"NAME":null,"SUBJECTO":null,"PARTOF":null}},
{"type":"Feature","geometry":{"type":"Polygon","coordinates":[[[-135.25807663490033,57.414210878569506],[-135.4660539298222,57.22919806118669],[-134.9456681876347,56.45350226040544],[-134.7637834220097,56.79368170376482],[-135.00233933021283,57.325770937163256],[-135.25807663490033,57.414210878569506]]]},"properties":{"NAME":null,"SUBJECTO":null,"PARTOF":null}},
{"type":"Feature","geometry":{"type":"Polygon","coordinates":[[[-104.62044428584238,71.09253252294585],[-105.31259628822063,72.65014227505388],[-111.72553726722454,72.33058508511247],[-114.64695450355266,73.3548847066945],[-117.21970840980266,72.85729559536638],[-110.34678520373127,71.19655506982303],[-104.62044428584238,71.09253252294585]]]},"properties":{"NAME":null,"SUBJECTO":null,"PARTOF":null}},
{"type":"Feature","geometry":{"type":"Polygon","coordinates":[[[-123.49339005042766,74.44630011196794],[-117.685761580263,73.21545873829851],[-117.33621689368938,74.16727789517107],[-123.49339005042766,74.44630011196794]]]},"properties":{"NAME":null,"SUBJECTO":null,"PARTOF":null}},
{"type":"Feature","geometry":{"type":"Polygon","coordinates":[[[-114.1376847891972,76.38546331997576],[-115.18592545081829,75.1543460714406],[-112.20279404212688,74.49975927944841],[-105.77345749427532,75.23006781216326],[-105.9172029166386,76.02183874722185],[-111.38564011146282,75.65990790005388],[-114.1376847891972,76.38546331997576]]]},"properties":{"NAME":null,"SUBJECTO":null,"PARTOF":null}},
{"type":"Feature","geometry":{"type":"Polygon","coordinates":[[[-102.14959427406048,75.64403875942888],[-98.00159164954876,75.16206701870622],[-97.81654068519329,76.47571142788591],[-102.14959427406048,75.64403875942888]]]},"properties":{"NAME":null,"SUBJECTO":null,"PARTOF":null}},
{"type":"Feature","geometry":{"type":"Polygon","coordinates":[[[-122.15077683021282,76.58204229946794],[-120.09985825111126,75.97814520474138],[-118.73600479652141,76.93774756069841],[-122.15077683021282,76.58204229946794]]]},"properties":{"NAME":null,"SUBJECTO":null,"PARTOF":null}},
{"type":"Feature","geometry":{"type":"Polygon","coordinates":[[[-111.99119278480266,77.97737463589372],[-113.02425095130657,77.60209234829607],[-110.61967178870891,77.53749426479997],[-109.66120621253704,77.94987066860857],[-111.99119278480266,77.97737463589372]]]},"properties":{"NAME":null,"SUBJECTO":null,"PARTOF":null}},
{"type":"Feature","geometry":{"type":"Polygon","coordinates":[[[-104.96614548255657,78.53385504360857],[-101.16788193275188,78.2688709127492],[-99.89162155677532,78.65814550991716],[-102.56874558021282,79.01609381313982],[-104.96614548255657,78.53385504360857]]]},"properties":{"NAME":null,"SUBJECTO":null,"PARTOF":null}},
{"type":"Feature","geometry":{"type":"Polygon","coordinates":[[[-95.09702774574016,78.4384036886281],[-98.43719955970501,78.66092260952654],[-97.45977493812298,78.10106238003435],[-95.09702774574016,78.4384036886281]]]},"properties":{"NAME":null,"SUBJECTO":null,"PARTOF":null}},
{"type":"Feature","geometry":{"type":"Polygon","coordinates":[[[-75.92493912269329,82.51744421597185],[-78.69849106361126,83.00252112026872],[-90,82.01732977505388],[-82.7907380728886,80.69738348599138],[-78.32092758704876,80.965358339507],[-75.92493912269329,82.51744421597185]]]},"properties":{"NAME":null,"SUBJECTO":null,"PARTOF":null}},
{"type":"Feature","geometry":{"type":"Polygon","coordinates":[[[-87.82733627845501,80.37283667202654],[-96.43336960365032,79.9334216939992],[-92.70153519202923,78.43416937466326],[-87.78725906898235,78.72545202847185],[-87.82733627845501,80.37283667202654]]]},"properties":{"NAME":null,"SUBJECTO":null,"PARTOF":null}},
{"type":"Feature","geometry":{"type":"Polygon","coordinates":[[[28.22135703211819,45.48408289734172],[29.61591628502155,45.41020544644061],[30.818262754207012,46.5614002158747],[29.105826323609936,47.27229720234498],[24.84698547189608,47.4351530784429],[22.95458675126444,44.65248758983849],[23.139385708487378,43.91329176094674],[25.264573716551173,43.820892282335265],[28.03655807489525,44.375289154004086],[27.94415859628378,44.92968602567291],[28.22135703211819,45.48408289734172]]]},"properties":{"NAME":"Danube Bulgars","SUBJECTO":"Danube Bulgars","PARTOF":"Danube Bulgars"}},
{"type":"Feature","geometry":{"type":"Polygon","coordinates":[[[-95.56635546846715,49.996303801904524],[-94.23473573369067,46.72103383947717],[-94.11755719209039,39.73169383481236],[-94.11755719209039,35.87563266465669],[-96.40620058272137,35.6463101014922],[-97.13856646772321,34.47135574600093],[-95.8203078747199,32.71453265402474],[-94.11755719209039,31.93047980661485],[-94.11755719209039,29.69269900006508],[-90.77903458167766,29.10867270107927],[-89.23280808021282,30.406005464751146],[-86.38868423988079,30.47271307583513],[-85.3047761588261,29.66390761013689],[-83.88618179847454,30.04834898586931],[-82.6469621329472,28.906501375395678],[-82.4292878775761,27.826148592192553],[-80.59153010156074,28.49188131613878],[-81.51154800941204,30.72724875088396],[-80.58063980628704,32.496783815581225],[-76.62176224281048,34.76295050259294],[-75.72924515296673,35.882125459868334],[-75.66752335120891,37.8981090414113],[-74.15280624915813,39.76523550625505],[-73.74050613929485,40.97749289150896],[-70.3020906119511,41.75944098110857],[-70.86807724525188,42.871425234038256],[-70.21647354652141,43.799621187407396],[-67.16887375404094,44.71121557827654],[-65.71257492591594,43.55995138760271],[-61.032086339490164,45.3788333761281],[-64.53479477454876,46.271659456450365],[-66.02990433265423,49.16588171597185],[-69.25392624427532,48.120055757719896],[-71.03368165476002,46.74621076936823],[-72.32234845443543,46.29511259543804],[-81.93098886565963,48.90187753952613],[-85.03622021806746,49.0940751201903],[-87.78991594567441,49.93094833834401],[-95.56635546846715,49.996303801904524]],[[-86.37180935,42.248191925],[-87.553758725,41.766200275],[-87.9083685,43.19183065],[-86.7200657,45.86716155],[-85.38184874999999,46.07483505],[-86.513782,43.68081785],[-86.37180935,42.248191925]],[[-84.746765825,45.854430475],[-83.793586075,46.2570047],[-80.8070809,45.954834575],[-81.807915275,43.3176176],[-83.3855778,44.3126677],[-83.43090175,45.27498137500001],[-84.746765825,45.854430475]],[[-92.26545825,46.6505315],[-89.5166857,48.003690725],[-88.09495135,49.0046085],[-85.026610175,47.939546825],[-84.442197375,46.817028875],[-87.27262622500001,46.51189025],[-87.76048219999998,46.8639025],[-90.831846925,46.94397755],[-92.26545825,46.6505315]]]},"properties":{"NAME":"Eastern North Amercian hunter-gatherers","SUBJECTO":"Eastern North Amercian hunter-gatherers","PARTOF":"Eastern North Amercian hunter-gatherers"}},
{"type":"Feature","geometry":{"type":"Polygon","coordinates":[[[-80.59153010156074,28.49188131613878],[-82.4292878775761,27.826148592192553],[-82.31009384681438,26.82493170376482],[-81.09792038490032,25.125047289091967],[-80.31409927894329,25.243880830962084],[-80.04998489906048,26.551089845854662],[-80.59153010156074,28.49188131613878]]]},"properties":{"NAME":"Caloosahatchee cultureure","SUBJECTO":"Caloosahatchee cultureure","PARTOF":"Caloosahatchee cultureure"}},
{"type":"Feature","geometry":{"type":"Polygon","coordinates":[[[-4.547716178042412,15.106206151848557],[-5.183796960593872,17.20081784693365],[-7.455514041134801,19.443455602687497],[-9.908968488119,17.89393581159949],[-11.181130053221922,15.456828694060974],[-8.909412972680991,12.636297987321042],[-6.264794123357347,13.35109537946916],[-4.547716178042412,15.106206151848557]]]},"properties":{"NAME":"Empire of Ghana","SUBJECTO":"Empire of Ghana","PARTOF":"Empire of Ghana"}},
{"type":"Feature","geometry":{"type":"Polygon","coordinates":[[[-4.153334,53.225555],[-4.276945,53.398331],[-4.5675,53.273331],[-4.351389,53.124443],[-4.153334,53.225555]]]},"properties":{"NAME":null,"SUBJECTO":null,"PARTOF":null}},
{"type":"Feature","geometry":{"type":"Polygon","coordinates":[[[-5.103612,55.438606],[-5.154723,55.673332],[-5.400278,55.600555],[-5.103612,55.438606]]]},"properties":{"NAME":null,"SUBJECTO":null,"PARTOF":null}},
{"type":"Feature","geometry":{"type":"Polygon","coordinates":[[[-6.121667,55.878883],[-6.3275,55.589439],[-6.024723,55.68083200000012],[-6.121667,55.878883]]]},"properties":{"NAME":null,"SUBJECTO":null,"PARTOF":null}},
{"type":"Feature","geometry":{"type":"Polygon","coordinates":[[[-5.946945,55.829994],[-5.746112,56.06360600000011],[-5.968056,56.023605],[-6.078889,55.905548],[-5.946945,55.829994]]]},"properties":{"NAME":null,"SUBJECTO":null,"PARTOF":null}},
{"type":"Feature","geometry":{"type":"Polygon","coordinates":[[[-7.466945,56.940826],[-7.376112,56.978607],[-7.445556,57.05555],[-7.553612,56.966385],[-7.466945,56.940826]]]},"properties":{"NAME":null,"SUBJECTO":null,"PARTOF":null}},
{"type":"Feature","geometry":{"type":"Polygon","coordinates":[[[-7.223056,57.337494],[-7.425,57.382217],[-7.38139,57.108604],[-7.230278,57.09471900000011],[-7.223056,57.337494]]]},"properties":{"NAME":null,"SUBJECTO":null,"PARTOF":null}},
{"type":"Feature","geometry":{"type":"Polygon","coordinates":[[[-7.268889,57.39888800000011],[-7.204722,57.460831],[-7.351111,57.489441],[-7.388056,57.423882],[-7.268889,57.39888800000011]]]},"properties":{"NAME":null,"SUBJECTO":null,"PARTOF":null}},
{"type":"Feature","geometry":{"type":"Polygon","coordinates":[[[-7.188612,57.68721800000014],[-7.476945,57.562492],[-7.15389,57.509438],[-7.188612,57.68721800000014]]]},"properties":{"NAME":null,"SUBJECTO":null,"PARTOF":null}},
{"type":"Feature","geometry":{"type":"Polygon","coordinates":[[[-7.00639,57.881386000000134],[-6.993611,57.91861],[-7.073611,57.896111],[-7.00639,57.881386000000134]]]},"properties":{"NAME":null,"SUBJECTO":null,"PARTOF":null}},
{"type":"Feature","geometry":{"type":"Polygon","coordinates":[[[-6.802222,58.203049],[-6.794445,58.218048],[-6.854167,58.25],[-6.873056,58.206383],[-6.802222,58.203049]]]},"properties":{"NAME":null,"SUBJECTO":null,"PARTOF":null}},
{"type":"Feature","geometry":{"type":"Polygon","coordinates":[[[-6.204167,58.35611],[-7.031945,58.238052],[-6.473889,57.940277],[-6.204167,58.35611]]]},"properties":{"NAME":null,"SUBJECTO":null,"PARTOF":null}},
{"type":"Feature","geometry":{"type":"Polygon","coordinates":[[[-2.918334,58.731941],[-2.876667,58.820274],[-3.036945,58.818054],[-2.918334,58.731941]]]},"properties":{"NAME":null,"SUBJECTO":null,"PARTOF":null}},
{"type":"Feature","geometry":{"type":"Polygon","coordinates":[[[-3.231389,58.775551],[-3.136389,58.804161],[-3.335556,58.927498],[-3.431111,58.871384],[-3.231389,58.775551]]]},"properties":{"NAME":null,"SUBJECTO":null,"PARTOF":null}},
{"type":"Feature","geometry":{"type":"Polygon","coordinates":[[[-2.793056,58.951385],[-3.076945,59.121666],[-3.195,58.91111000000012],[-2.793056,58.951385]]]},"properties":{"NAME":null,"SUBJECTO":null,"PARTOF":null}},
{"type":"Feature","geometry":{"type":"Polygon","coordinates":[[[-2.681389,59.195831],[-2.620556,59.236107],[-2.495556,59.244995],[-2.414444,59.313606],[-2.592778,59.29055],[-2.681389,59.195831]]]},"properties":{"NAME":null,"SUBJECTO":null,"PARTOF":null}},
{"type":"Feature","geometry":{"type":"Polygon","coordinates":[[[-2.89,59.29527300000012],[-3.048889,59.329163],[-3.003334,59.263611],[-2.971945,59.287216],[-2.89,59.29527300000012]]]},"properties":{"NAME":null,"SUBJECTO":null,"PARTOF":null}},
{"type":"Feature","geometry":{"type":"Polygon","coordinates":[[[-1.296111,60.491104],[-1.320278,60.356384],[-1.655,60.226105],[-1.126111,60.151665],[-1.041389,60.446938],[-1.296111,60.491104]]]},"properties":{"NAME":null,"SUBJECTO":null,"PARTOF":null}},
{"type":"Feature","geometry":{"type":"Polygon","coordinates":[[[-1.029444,60.495827],[-0.991111,60.719994],[-1.177222,60.63666500000011],[-1.029444,60.495827]]]},"properties":{"NAME":null,"SUBJECTO":null,"PARTOF":null}},
{"type":"Feature","geometry":{"type":"Polygon","coordinates":[[[-0.819722,60.68888900000013],[-0.767778,60.82888800000012],[-0.938889,60.79444100000012],[-0.965556,60.688049],[-0.819722,60.68888900000013]]]},"properties":{"NAME":null,"SUBJECTO":null,"PARTOF":null}},
{"type":"Feature","geometry":{"type":"Polygon","coordinates":[[[-6.706944,61.937492000000134],[-6.718889,62.02861],[-7.192223,62.3077770000001],[-7.232223,62.172493],[-6.706944,61.937492000000134]]]},"properties":{"NAME":null,"SUBJECTO":null,"PARTOF":null}},
{"type":"Feature","geometry":{"type":"Polygon","coordinates":[[[-4.777779,54.05555],[-4.394444,54.186386],[-4.5275,54.367218],[-4.777779,54.05555]]]},"properties":{"NAME":null,"SUBJECTO":null,"PARTOF":null}},
{"type":"Feature","geometry":{"type":"Polygon","coordinates":[[[129.715515,28.451107],[129.157745,28.234993],[129.368561,28.116108],[129.715515,28.451107]]]},"properties":{"NAME":null,"SUBJECTO":null,"PARTOF":null}},
{"type":"Feature","geometry":{"type":"Polygon","coordinates":[[[129.963013,29.957218000000125],[129.94165,30],[129.92358400000012,29.983883],[129.963013,29.957218000000125]]]},"properties":{"NAME":null,"SUBJECTO":null,"PARTOF":null}},
{"type":"Feature","geometry":{"type":"Polygon","coordinates":[[[129.89636200000018,29.87416500000012],[129.877167,29.83083],[129.923309,29.824997],[129.89636200000018,29.87416500000012]]]},"properties":{"NAME":null,"SUBJECTO":null,"PARTOF":null}},
{"type":"Feature","geometry":{"type":"Polygon","coordinates":[[[130.906097,30.354717000000107],[131.074402,30.689163],[130.945251,30.683331000000123],[130.906097,30.354717000000107]]]},"properties":{"NAME":null,"SUBJECTO":null,"PARTOF":null}},
{"type":"Feature","geometry":{"type":"Polygon","coordinates":[[[130.558594,30.236382000000106],[130.671906,30.373329000000126],[130.510803,30.458885000000123],[130.387207,30.397217],[130.558594,30.236382000000106]]]},"properties":{"NAME":null,"SUBJECTO":null,"PARTOF":null}},
{"type":"Feature","geometry":{"type":"Polygon","coordinates":[[[121.734711,25.138885],[121.384987,25.157497],[121.00166300000012,25.001663],[120.697746,24.60083],[120.694702,24.59638600000011],[120.665817,24.533054],[120.642761,24.47916],[120.558868,24.385273],[120.4272,24.149998],[120.11554,23.631386],[120.328598,22.519444],[120.573036,22.366108],[120.674988,22.181938],[120.69303900000011,22.104443],[120.68637100000012,22.053608],[120.698318,21.945827],[120.88247700000011,22.039440000000127],[120.878593,22.341385000000116],[121.839706,24.476383000000112],[121.81694000000016,24.847775],[121.999153,25.01083],[121.734711,25.138885]]]},"properties":{"NAME":null,"SUBJECTO":null,"PARTOF":null}},
{"type":"Feature","geometry":{"type":"Polygon","coordinates":[[[128.900818,32.643051],[128.649414,32.777771],[128.610229,32.61166400000013],[128.900818,32.643051]]]},"properties":{"NAME":null,"SUBJECTO":null,"PARTOF":null}},
{"type":"Feature","geometry":{"type":"Polygon","coordinates":[[[128.1573606657165,34.89371535617285],[128.0412893567349,36.56037232029632],[126.66989334083735,37.50845957118826],[126.371368,34.789162],[128.1573606657165,34.89371535617285]]]},"properties":{"NAME":"Paekche","SUBJECTO":"Paekche","PARTOF":"Paekche"}},
{"type":"Feature","geometry":{"type":"Polygon","coordinates":[[[123.870819,24.252499],[123.92192100000011,24.371109],[123.767212,24.41444],[123.678864,24.316109],[123.870819,24.252499]]]},"properties":{"NAME":null,"SUBJECTO":null,"PARTOF":null}},
{"type":"Feature","geometry":{"type":"Polygon","coordinates":[[[125.356369,24.776665],[125.261932,24.878883],[125.252213,24.737774],[125.356369,24.776665]]]},"properties":{"NAME":null,"SUBJECTO":null,"PARTOF":null}},
{"type":"Feature","geometry":{"type":"Polygon","coordinates":[[[124.26165800000012,24.457497],[124.077766,24.419994],[124.121918,24.344997],[124.22971300000017,24.338329],[124.26165800000012,24.457497]]]},"properties":{"NAME":null,"SUBJECTO":null,"PARTOF":null}},
{"type":"Feature","geometry":{"type":"Polygon","coordinates":[[[128.252777,26.63888500000013],[128.247192,26.839996],[127.958878,26.544441],[128.252777,26.63888500000013]]]},"properties":{"NAME":null,"SUBJECTO":null,"PARTOF":null}},
{"type":"Feature","geometry":{"type":"Polygon","coordinates":[[[126.76193200000012,26.38694],[126.701927,26.348606],[126.781097,26.29833200000013],[126.8099820000001,26.346943],[126.76193200000012,26.38694]]]},"properties":{"NAME":null,"SUBJECTO":null,"PARTOF":null}},
{"type":"Feature","geometry":{"type":"Polygon","coordinates":[[[128.95108,27.67582700000014],[129.029968,27.774441000000138],[128.89886500000011,27.89777400000014],[128.89721700000018,27.725826],[128.95108,27.67582700000014]]]},"properties":{"NAME":null,"SUBJECTO":null,"PARTOF":null}},
{"type":"Feature","geometry":{"type":"Polygon","coordinates":[[[128.609131,27.358887],[128.69635000000017,27.4486050000001],[128.52359000000013,27.413609],[128.609131,27.358887]]]},"properties":{"NAME":null,"SUBJECTO":null,"PARTOF":null}},
{"type":"Feature","geometry":{"type":"Polygon","coordinates":[[[129.992188,28.281666],[130.0324710000001,28.35305],[129.943024,28.32222],[129.992188,28.281666]]]},"properties":{"NAME":null,"SUBJECTO":null,"PARTOF":null}},
{"type":"Feature","geometry":{"type":"Polygon","coordinates":[[[129.33609000000013,28.075275],[129.3402400000001,28.110828],[129.223846,28.183605],[129.219116,28.097775],[129.33609000000013,28.075275]]]},"properties":{"NAME":null,"SUBJECTO":null,"PARTOF":null}},
{"type":"Feature","geometry":{"type":"Polygon","coordinates":[[[129.733032,29.609718],[129.75332600000013,29.64777400000014],[129.70968600000015,29.651661],[129.733032,29.609718]]]},"properties":{"NAME":null,"SUBJECTO":null,"PARTOF":null}},
{"type":"Feature","geometry":{"type":"Polygon","coordinates":[[[33.49332399956666,48.94456716597037],[34.460395526989544,47.62375040706952],[37.15801610348495,47.451941955117064],[39.550245671320496,48.6091511813344],[39.85563667998034,49.806178033336366],[35.783756564515585,49.970142679798066],[33.49332399956666,48.94456716597037]]]},"properties":{"NAME":"Magyars","SUBJECTO":"Magyars","PARTOF":"Magyars"}},
{"type":"Feature","geometry":{"type":"Polygon","coordinates":[[[32.71840429199529,49.5479905572042],[33.289729993793415,51.325524431047185],[30.999297428844496,51.452572879650454],[29.21784987832866,50.58813603620826],[30.083124402864925,49.17802572086032],[32.37231425992441,49.31563349718755],[32.51579155664969,49.41196092576658],[32.66276839146986,49.51063786547796],[32.71840429199529,49.5479905572042]]]},"properties":{"NAME":"Severians","SUBJECTO":"Severians","PARTOF":"Severians"}},
{"type":"Feature","geometry":{"type":"Polygon","coordinates":[[[34.98408203125001,63.564111328124994],[34.85673828125002,63.720849609374994],[34.35810546875001,63.696679687499994],[34.55214843750002,63.458984375],[34.98408203125001,63.564111328124994]]]},"properties":{"NAME":"Lake Vygozero","SUBJECTO":"Lake Vygozero","PARTOF":"Lake Vygozero"}},
{"type":"Feature","geometry":{"type":"Polygon","coordinates":[[[33.35527343750002,63.423974609374994],[33.49921875000001,63.216259765625],[34.066015625,63.228759765625],[33.93281250000001,63.418115234374994],[33.35527343750002,63.423974609374994]]]},"properties":{"NAME":"Lake Segozerskoye","SUBJECTO":"Lake Segozerskoye","PARTOF":"Lake Segozerskoye"}},
{"type":"Feature","geometry":{"type":"Polygon","coordinates":[[[27.756530735335797,58.86978914255386],[27.450675013183652,58.2569787163277],[29.03701281604351,56.16355569839183],[38.46129130836306,56.840301628254224],[38.449167345992926,58.11934935368935],[37.18620067998569,58.828731368599605],[37.17416877565329,59.82743560138267],[32.776301469120234,60.870729491342274],[31.114586129537827,59.927459147813735],[27.756530735335797,58.86978914255386]]]},"properties":{"NAME":"Kryvichs","SUBJECTO":"Kryvichs","PARTOF":"Kryvichs"}},
{"type":"Feature","geometry":{"type":"Polygon","coordinates":[[[32.51579155664969,49.41196092576658],[32.68242187500002,49.4009765625],[32.66276839146986,49.51063786547796],[32.51579155664969,49.41196092576658]]]},"properties":{"NAME":null,"SUBJECTO":null,"PARTOF":null}},
{"type":"Feature","geometry":{"type":"Polygon","coordinates":[[[31.114586129537827,59.927459147813735],[30.248828530040026,61.47592582226208],[21.225993499342607,62.4179537846397],[21.560151133044013,60.51248510952654],[23.664656671984442,59.83555182095232],[28.43523124168659,60.33733709927263],[27.268935706786543,59.337686202610215],[27.39096299884304,58.99986415704067],[27.756530735335797,58.86978914255386],[31.114586129537827,59.927459147813735]]]},"properties":{"NAME":null,"SUBJECTO":null,"PARTOF":null}},
{"type":"Feature","geometry":{"type":"Polygon","coordinates":[[[17.400581553353042,52.92826473646524],[15.93344747080271,51.99867788155791],[16.755042557030894,51.012471783634595],[19.865366812037603,50.71615472778859],[21.919354527608068,51.96253191462043],[19.571939995527536,53.17519170449995],[17.400581553353042,52.92826473646524]]]},"properties":{"NAME":"Polanes","SUBJECTO":"Polanes","PARTOF":"Polanes"}},
{"type":"Feature","geometry":{"type":"Polygon","coordinates":[[[29.03701281604351,56.16355569839183],[27.450675013183652,58.2569787163277],[27.39096299884304,58.99986415704067],[27.268935706786543,59.337686202610215],[23.415757212145575,59.11896475430193],[24.34649947593952,57.159720979887865],[21.67733100364948,57.46365698452654],[20.964827570421942,56.60902365322771],[21.137343439562567,54.845458589751146],[19.92414156796405,54.39910855181188],[22.385899364348756,53.79029461852448],[23.245523794807337,53.79029461852448],[28.162355972654026,55.38694382748493],[29.03701281604351,56.16355569839183]]]},"properties":{"NAME":"Balts","SUBJECTO":"Balts","PARTOF":"Balts"}},
{"type":"Feature","geometry":{"type":"Polygon","coordinates":[[[33.595436957615426,46.00790291965035],[33.53403516049456,45.04733220721292],[35.25099807649618,44.98837842952833],[34.066605713741,46.09108257405877],[33.595436957615426,46.00790291965035]]]},"properties":{"NAME":"Goths","SUBJECTO":"Bulgars","PARTOF":"Bulgars"}},
{"type":"Feature","geometry":{"type":"Polygon","coordinates":[[[34.066605713741,46.09108257405877],[37.42214492271687,47.07688101406755],[37.970171961291086,46.441283785063646],[37.47389129112507,44.69235952969255],[38.81399093552515,44.263565122179],[39.06385441552847,44.65911027365397],[40.29382432245261,46.85021702939083],[40.62427892861503,47.41243120119345],[39.550245671320496,48.6091511813344],[33.49332399956666,48.94456716597037],[31.1180931602828,48.156909623173526],[31.400187658313737,46.68127748786577],[33.595436957615426,46.00790291965035],[34.066605713741,46.09108257405877]]]},"properties":{"NAME":"Bulgars","SUBJECTO":"Bulgars","PARTOF":"Bulgars"}},
{"type":"Feature","geometry":{"type":"Polygon","coordinates":[[[43.98280147635804,41.24657353322344],[44.220818280070674,41.539608213385165],[44.3912657891253,41.88050323149442],[43.836868917456485,42.89689749622059],[41.12255385826374,43.019088350493334],[41.67510827337186,41.85461212355327],[43.98280147635804,41.24657353322344]]]},"properties":{"NAME":"Georgian Kingdom","SUBJECTO":"Georgian Kingdom","PARTOF":"Georgian Kingdom"}},
{"type":"Feature","geometry":{"type":"Polygon","coordinates":[[[46.247878002791424,42.057347731307274],[48.25410039415661,42.24844277673614],[47.31367184358752,44.1886179925885],[45.608160583923414,44.07889438424941],[45.03083732888797,44.04175244785842],[46.247878002791424,42.057347731307274]]]},"properties":{"NAME":"Huns","SUBJECTO":"Huns","PARTOF":"Huns"}},
{"type":"Feature","geometry":{"type":"Polygon","coordinates":[[[18.376473472413508,48.417247741616094],[21.779571659523114,47.484209039188755],[24.84698547189608,47.435153078442916],[29.105826323609914,47.27229720234499],[22.385899364348756,53.79029461852448],[19.92414156796405,54.39910855181188],[18.27944854210163,54.724120699126146],[13.78049949119831,53.77517660732927],[11.407822641833075,53.8592906820363],[9.649720750000085,54.84839600000012],[9.61861,54.87353475000012],[9.545277750000096,54.898399],[8.678609250000022,55.06034650000002],[8.855332572036113,53.87171329924848],[11.090442497286013,53.29075251605871],[12.270165674867608,51.628719612108924],[10.451425776095984,50.9834073182767],[8.239444818130494,52.445114858993286],[8.22333726732918,53.34380503736139],[7.508646956811404,53.61410299985114],[7.616273301760558,51.305250049864284],[9.094664959544062,49.82685839208077],[12.528078171784014,49.847903215874204],[12.398839125849378,50.17294403782561],[15.002464654381606,50.9083392075322],[16.685616511210526,50.18978501205717],[19.41745087258732,49.443156945819666],[18.376473472413508,48.417247741616094]],[[17.400581553353042,52.92826473646524],[19.571939995527536,53.17519170449995],[21.919354527608068,51.96253191462043],[19.865366812037603,50.71615472778859],[16.755042557030894,51.012471783634595],[15.93344747080271,51.99867788155791],[17.400581553353042,52.92826473646524]]]},"properties":{"NAME":"Proto-Slavs","SUBJECTO":"Proto-Slavs","PARTOF":"Proto-Slavs"}},
{"type":"Feature","geometry":{"type":"Polygon","coordinates":[[[45.608160583923414,44.07889438424941],[47.31367184358752,44.1886179925885],[47.685585763443804,45.74472620669904],[48.1859201364166,46.463958239818275],[46.75941437549585,47.695051199142036],[44.474807951226595,48.650935710724646],[40.62427892861503,47.41243120119345],[40.29382432245261,46.85021702939083],[41.93651967513931,45.10949587048978],[45.608160583923414,44.07889438424941]]]},"properties":{"NAME":"Khazars","SUBJECTO":"Khazars","PARTOF":"Khazars"}},
{"type":"Feature","geometry":{"type":"Polygon","coordinates":[[[46.247878002791424,42.057347731307274],[45.03083732888797,44.04175244785842],[41.87221227417456,43.83854315420553],[39.06385441552847,44.65911027365397],[38.81399093552515,44.263565122179],[41.12255385826374,43.019088350493334],[43.836868917456485,42.89689749622059],[44.3912657891253,41.88050323149442],[46.247878002791424,42.057347731307274]]]},"properties":{"NAME":"Alans","SUBJECTO":"Alans","PARTOF":"Alans"}},
{"type":"Feature","geometry":{"type":"Polygon","coordinates":[[[45.608160583923414,44.07889438424941],[41.93651967513931,45.10949587048978],[40.29382432245261,46.85021702939083],[39.06385441552847,44.65911027365397],[41.87221227417456,43.83854315420553],[45.03083732888797,44.04175244785842],[45.608160583923414,44.07889438424941]]]},"properties":{"NAME":"Sabirs","SUBJECTO":"Sabirs","PARTOF":"Sabirs"}},
{"type":"Feature","geometry":{"type":"Polygon","coordinates":[[[44.220818280070674,41.539608213385165],[43.98280147635804,41.24657353322344],[42.96683077133003,39.99541114568445],[47.88196474770097,40.02576604519439],[44.220818280070674,41.539608213385165]]]},"properties":{"NAME":"Armenia","SUBJECTO":"Armenia","PARTOF":"Armenia"}},
{"type":"Feature","geometry":{"type":"Polygon","coordinates":[[[47.88196474770097,40.02576604519439],[49.54924288368823,40.03606282662828],[49.80730346153523,40.58070334072771],[48.25410039415661,42.24844277673614],[46.247878002791424,42.057347731307274],[44.3912657891253,41.88050323149442],[44.220818280070674,41.539608213385165],[47.88196474770097,40.02576604519439]]]},"properties":{"NAME":"Cuacasian Albania","SUBJECTO":"Cuacasian Albania","PARTOF":"Cuacasian Albania"}},
{"type":"Feature","geometry":{"type":"Polygon","coordinates":[[[29.105826323609914,47.27229720234499],[31.400187658313737,46.68127748786577],[31.1180931602828,48.156909623173526],[33.49332399956666,48.94456716597037],[35.783756564515585,49.970142679798066],[39.85563667998034,49.806178033336366],[39.550245671320496,48.6091511813344],[40.62427892861503,47.41243120119345],[44.474807951226595,48.650935710724646],[46.75941437549585,47.695051199142036],[59.62130734023128,49.5544420724766],[67.01950748716298,47.468245825098144],[69.98049004600189,43.89355926599254],[76.09307777771363,40.62877811823045],[84.55953914941693,40.57543205922698],[85.45194782752716,46.206057904977826],[80.71884642202563,46.43604046828073],[82.20868349664521,51.32924897531792],[93.94115045927443,51.095929022398096],[105.30115815324875,51.21273678060715],[110.70143086835411,50.98293023313427],[115.20548227520561,57.386117039726635],[114.0159088408366,59.54672904426065],[107.9615110406255,59.8183896994711],[99.48535412032993,55.65854236961009],[93.70004066679506,56.48455609390737],[78.36223290626025,56.41019430623805],[65.31164209247186,55.04663307077481],[59.09429166962169,56.4318399506882],[53.97646398874319,57.7086220534561],[46.105746848468755,57.7086220534561],[37.17416877565329,59.82743560138267],[37.18620067998569,58.828731368599605],[38.449167345992926,58.11934935368935],[38.46129130836306,56.840301628254224],[29.03701281604351,56.16355569839183],[28.162355972654026,55.38694382748493],[23.245523794807337,53.79029461852448],[22.385899364348756,53.79029461852448],[29.105826323609914,47.27229720234499]],[[32.37231425992441,49.31563349718755],[30.083124402864925,49.17802572086032],[29.21784987832866,50.58813603620826],[30.999297428844496,51.452572879650454],[33.289729993793415,51.325524431047185],[32.71840429199529,49.5479905572042],[32.37231425992441,49.31563349718755]]]},"properties":{"NAME":null,"SUBJECTO":null,"PARTOF":null}},
{"type":"Feature","geometry":{"type":"Polygon","coordinates":[[[1.829569173085067,42.527299581774706],[-0.86725989190335,43.29965029563334],[-3.854829886674893,42.95186772589263],[-3.810650919754917,43.43371224429101],[-6.815825106324316,43.52414249797637],[-7.056669655706175,42.726782411690166],[0.165983904108795,42.17436003351452],[1.829569173085067,42.527299581774706]]]},"properties":{"NAME":"Visigothic Kingdom","SUBJECTO":"Visigothic Kingdom","PARTOF":"Visigothic Kingdom"}},
{"type":"Feature","geometry":{"type":"MultiPolygon","coordinates":[[[[41.67510827337186,41.85461212355327],[40.36101439903523,40.96344336147966],[36.38289550255085,41.23751791592302],[35.95779326866413,41.68564566250505],[33.55554107139851,41.982501589018725],[30.744805368883856,41.04032477017107],[26.127575907213934,39.878558717924975],[27.160407099230536,37.36008032437029],[30.472832712633856,36.18825491543474],[31.37069037864948,36.71234472866716],[33.171336206896555,35.97088202114763],[35.95679381798055,36.747493349272624],[41.22397101939322,37.541648073878676],[42.96683077133003,39.99541114568445],[43.98280147635804,41.24657353322344],[41.67510827337186,41.85461212355327]]],[[[13.065952333910712,38.0669322835988],[15.027343782885321,36.745116792876146],[15.386741671068915,38.20554693813982],[13.065952333910712,38.0669322835988]]],[[[8.201552423937567,40.66299780483904],[8.696099314196356,38.99581106777849],[9.478920015795477,39.144157015044115],[9.793739351732977,40.56368216152849],[8.201552423937567,40.66299780483904]]],[[[14.429446711338755,42.326661124424014],[12.345076593859442,44.30104025479021],[12.176189455492743,45.21429022427263],[13.606473276675992,45.72189094063581],[12.878527502376915,47.05540533729403],[12.448797568798627,47.10596180006795],[11.404651924830791,45.57648237595319],[11.589450882053729,43.91329176094675],[10.7427559227779,42.850509248930834],[13.32910725781167,41.31109494888881],[14.429446711338755,42.326661124424014]]],[[[14.540364200433025,45.25606156202871],[15.412318262560614,43.93475683804216],[19.606965097887763,41.76153906460466],[19.369067224962958,40.260280214507006],[21.22843078087116,37.904906831938646],[22.638745340807684,37.49228628750505],[23.555766138537177,38.351764284331225],[22.602265390856513,40.39723929043474],[23.885952982409247,40.732894502837084],[28.827807459337958,40.914699159819506],[27.501950296862372,42.51634558315935],[28.445693048937567,43.476363741118334],[28.22135703211819,45.48408289734172],[27.94415859628378,44.92968602567291],[28.03655807489525,44.37528915400409],[25.264573716551173,43.82089228233528],[23.13938570848738,43.91329176094675],[22.95458675126444,44.65248758983849],[18.633643185972446,44.863974430331794],[18.389418262934196,45.338113991603024],[15.413038491471186,46.14395062991583],[14.540364200433025,45.25606156202871]]]]},"properties":{"NAME":"Eastern Roman Empire","SUBJECTO":"Eastern Roman Empire","PARTOF":"Eastern Roman Empire"}},
{"type":"Feature","geometry":{"type":"Polygon","coordinates":[[[77.43447000561298,10.346475916501712],[76.53831784077838,9.11813563118229],[77.34137252281452,8.053283296782396],[78.67214107147316,9.124165852344124],[77.43447000561298,10.346475916501712]]]},"properties":{"NAME":"Pandyas","SUBJECTO":"Pandyas","PARTOF":"Hindu kingdoms"}},
{"type":"Feature","geometry":{"type":"Polygon","coordinates":[[[78.67214107147316,9.124165852344124],[79.71220807803685,11.424527911645875],[78.26899008043047,11.104429431773758],[77.43447000561298,10.346475916501712],[78.67214107147316,9.124165852344124]]]},"properties":{"NAME":"Cholas","SUBJECTO":"Cholas","PARTOF":"Hindu kingdoms"}},
{"type":"Feature","geometry":{"type":"Polygon","coordinates":[[[75.36468899465764,11.865584790249315],[76.53831784077838,9.11813563118229],[77.43447000561298,10.346475916501712],[78.26899008043047,11.104429431773758],[77.12121624574633,11.239461647618953],[76.35056391121657,12.60935282166414],[75.36468899465764,11.865584790249315]]]},"properties":{"NAME":"Cheras","SUBJECTO":"Cheras","PARTOF":"Hindu kingdoms"}},
{"type":"Feature","geometry":{"type":"Polygon","coordinates":[[[100.25974950424269,20.004985664791924],[100.13646949001239,23.676039501350324],[97.64063093593204,24.083689439904255],[95.77493222036864,22.33673057650546],[96.33816202129346,19.5757106125332],[97.60542907337424,18.176788485132487],[100.25974950424269,20.004985664791924]]]},"properties":{"NAME":"Nan-Zhao","SUBJECTO":"Nan-Zhao","PARTOF":"Nan-Zhao"}},
{"type":"Feature","geometry":{"type":"Polygon","coordinates":[[[72.5080342152244,28.983175799542934],[71.32808854018653,28.52700368934091],[70.4629519950182,27.37220204640179],[68.96338198339316,26.79021285649949],[70.40527622534033,25.547917552335225],[69.51023227899012,24.25133985785633],[71.00014421047507,24.359059419349247],[71.67418068446584,25.10986080329285],[72.05864828943977,25.877027700289904],[73.80814663633566,27.23553570540424],[75.0577883126899,27.150033895171607],[76.11517742345114,28.307190280665907],[74.85268517338432,28.895743596274965],[74.15420125440298,29.485371199877672],[72.5080342152244,28.983175799542934]]]},"properties":{"NAME":null,"SUBJECTO":null,"PARTOF":null}},
{"type":"Feature","geometry":{"type":"Polygon","coordinates":[[[72.6658148250412,36.4136576324222],[72.99390555911053,35.337819518192205],[75.03458343551527,35.323251023033706],[77.05106714328025,34.16729005180682],[77.33709185919311,33.3035727765762],[78.34239662748489,32.59394588131141],[80.73848919898596,30.90258641907537],[85.65427039185006,28.583821705460224],[88.32746285555693,28.01314016826437],[93.90907277231997,26.821560523112716],[94.49146471297155,26.243450893862768],[96.45368998559567,25.670711079117225],[99.90849746972384,26.90871921418761],[99.75235985063013,27.47081464292496],[100.6798657360762,32.850348778512085],[101.78956935299207,37.669821826010704],[99.35231210297073,37.58789014265723],[99.35231210297071,37.58789014265722],[99.35231210297073,37.58789014265722],[97.8963835086838,36.75510495921225],[91.48977627391785,37.78623870151423],[81.92343985988904,36.502599943497096],[76.09307777771365,40.62877811823046],[73.93433463603346,39.16591740513127],[73.81993726011267,36.74340689958548],[72.6658148250412,36.4136576324222]]]},"properties":{"NAME":"Tufan Empire","SUBJECTO":"Tufan Empire","PARTOF":"Tufan Empire"}},
{"type":"Feature","geometry":{"type":"Polygon","coordinates":[[[71.09556253093147,32.99413553583542],[73.33148638820924,33.135961983286656],[76.75606432948715,32.75277631946283],[77.33709185919311,33.3035727765762],[77.05106714328025,34.16729005180682],[75.03458343551527,35.323251023033706],[72.99390555911053,35.337819518192205],[71.09556253093147,32.99413553583542]]]},"properties":{"NAME":"Kingdom of Kashmir","SUBJECTO":"Kingdom of Kashmir","PARTOF":"Kingdom of Kashmir"}},
{"type":"Feature","geometry":{"type":"Polygon","coordinates":[[[67.1670704575425,34.111316457202435],[66.77952562302279,38.04438173701],[65.01726444067529,38.50813467973303],[62.69849972706014,39.99214409644672],[61.95649501870329,41.290652336071204],[60.93946890210272,40.99982381114396],[60.38052643277402,40.09157768235769],[58.718975801712496,39.98026444296599],[58.34596942248886,40.00656869129185],[56.85521264874998,39.435640565179085],[54.03310683677937,38.992721162993334],[53.79965499351765,36.67903860684099],[51.79552367637898,36.43234976406755],[48.837229761584055,37.51097448940935],[49.54924288368823,40.03606282662828],[47.88196474770097,40.02576604519439],[42.96683077133003,39.99541114568445],[41.22397101939322,37.541648073878676],[38.37574401120885,33.531644259724374],[39.4901561484229,33.36226961183725],[47.61403945396687,29.272241197783373],[47.911360773546946,29.890292726714037],[50.13237288902546,30.06642874355974],[51.350134882433665,28.03613432522478],[52.89083388756062,27.05232390042009],[54.64605620811726,26.39131888027849],[55.89973357628132,27.104804598051928],[56.79043105552937,26.97391279812517],[57.254771265490305,25.793286882597826],[59.03145888756062,25.307866655547045],[60.58962835581118,25.252285342966804],[60.67056348637409,26.637080221795742],[64.90432810658018,28.459692418540328],[67.02421073965739,30.25240867381532],[67.13953706823911,31.180621794495128],[65.50312218195332,30.55065451550481],[64.7918300430142,29.75144755386506],[62.88493330668948,29.86796713516136],[63.04607950975918,31.484826825442166],[64.42018371450048,31.747312783549557],[64.49639533738642,32.73598587067424],[66.3227189721763,34.058873604621205],[67.1670704575425,34.111316457202435]]]},"properties":{"NAME":"Sasanian Empire","SUBJECTO":"Sasanian Empire","PARTOF":"Sasanian Empire"}},
{"type":"Feature","geometry":{"type":"Polygon","coordinates":[[[72.5080342152244,28.983175799542934],[72.86299140706373,29.93441371245542],[71.70277706402648,30.934738484297277],[69.7080225795063,30.304147197553483],[67.02421073965739,30.25240867381532],[64.90432810658018,28.459692418540328],[60.67056348637409,26.637080221795742],[60.58962835581118,25.252285342966804],[61.34399321983601,25.026860796172045],[66.62050918052937,25.31748541470232],[67.68147257073656,23.820147016373703],[69.51023227899012,24.25133985785633],[70.40527622534033,25.547917552335225],[68.96338198339316,26.79021285649949],[70.4629519950182,27.37220204640179],[71.32808854018653,28.52700368934091],[72.5080342152244,28.983175799542934]]]},"properties":{"NAME":"Kingdom of Sind","SUBJECTO":"Kingdom of Sind","PARTOF":"Kingdom of Sind"}},
{"type":"Feature","geometry":{"type":"Polygon","coordinates":[[[59.44718280189373,45.18756344758731],[59.133288342841006,45.19451991285216],[59.04642446737987,44.95472904529073],[59.237919829191895,44.79664436075891],[59.44718280189373,45.18756344758731]]]},"properties":{"NAME":"Western Gokturk Khaganate","SUBJECTO":"Western Gokturk Khaganate","PARTOF":"Western Gokturk Khaganate"}},
{"type":"Feature","geometry":{"type":"Polygon","coordinates":[[[67.42374014796087,34.109578136022776],[67.60684398841728,35.080866035045794],[69.35166918887819,36.353387200857625],[70.04109776633763,35.66373847279261],[72.6658148250412,36.4136576324222],[73.81993726011267,36.74340689958548],[73.93433463603346,39.16591740513127],[76.09307777771363,40.62877811823045],[69.98049004600189,43.89355926599254],[67.01950748716298,47.468245825098144],[59.62130734023128,49.5544420724766],[46.75941437549585,47.695051199142036],[48.1859201364166,46.463958239818275],[47.685585763443804,45.74472620669904],[51.36885741661335,47.09002264614763],[53.185217890246165,46.865226350981615],[52.60973647545124,45.39955099697771],[50.874304804308665,44.626247011382006],[52.51981643150593,42.072555147368334],[53.98521712730671,42.10553701992693],[54.81849578331257,40.879569612700365],[52.84545043419148,40.18038138027849],[54.03310683677937,38.992721162993334],[56.85521264874998,39.435640565179085],[58.34596942248886,40.00656869129185],[57.14050270220405,40.09157768235769],[56.579729364220796,41.085204042116786],[58.76051456748904,42.61669059388325],[61.107454833863436,41.272790315899755],[60.93946890210272,40.99982381114396],[61.95649501870329,41.290652336071204],[62.69849972706014,39.99214409644672],[65.01726444067529,38.50813467973303],[66.77952562302279,38.04438173701],[67.1670704575425,34.111316457202435],[67.42374014796087,34.109578136022776]],[[61.123260762496,46.56533479526449],[60.94361047461047,44.44112794636124],[60.07694589898692,43.608606228433],[58.367306895592854,43.73711826857644],[58.81544552581277,45.931203365557586],[61.123260762496,46.56533479526449]]]},"properties":{"NAME":"Western Gokturk Khaganate","SUBJECTO":"Western Gokturk Khaganate","PARTOF":"Western Gokturk Khaganate"}},
{"type":"Feature","geometry":{"type":"Polygon","coordinates":[[[67.42374014796087,34.109578136022776],[67.20204810371217,33.14943118753633],[68.70290266337554,32.17642393528566],[71.09556253093147,32.99413553583542],[72.99390555911053,35.337819518192205],[72.6658148250412,36.4136576324222],[70.04109776633763,35.66373847279261],[69.35166918887819,36.353387200857625],[67.60684398841728,35.080866035045794],[67.42374014796087,34.109578136022776]]]},"properties":{"NAME":"Kingdom of Kapisa","SUBJECTO":"Kingdom of Kapisa","PARTOF":"Kingdom of Kapisa"}},
{"type":"Feature","geometry":{"type":"Polygon","coordinates":[[[64.42018371450048,31.747312783549557],[63.04607950975918,31.484826825442166],[62.88493330668948,29.86796713516136],[64.7918300430142,29.75144755386506],[65.50312218195332,30.55065451550481],[65.91110074473112,31.39962769946057],[64.42018371450048,31.747312783549557]]]},"properties":{"NAME":null,"SUBJECTO":null,"PARTOF":null}},
{"type":"Feature","geometry":{"type":"Polygon","coordinates":[[[65.50312218195332,30.55065451550481],[67.13953706823911,31.180621794495128],[68.70290266337554,32.17642393528566],[67.20204810371217,33.14943118753633],[67.42374014796087,34.109578136022776],[67.1670704575425,34.111316457202435],[66.3227189721763,34.058873604621205],[64.49639533738642,32.73598587067424],[64.42018371450048,31.747312783549557],[65.91110074473112,31.39962769946057],[65.50312218195332,30.55065451550481]]]},"properties":{"NAME":"Kingdom of Zunbil","SUBJECTO":"Kingdom of Zunbil","PARTOF":"Kingdom of Zunbil"}},
{"type":"Feature","geometry":{"type":"Polygon","coordinates":[[[126.622208,33.23999],[126.793053,33.550827],[126.31749,33.452774],[126.622208,33.23999]]]},"properties":{"NAME":null,"SUBJECTO":null,"PARTOF":null}},
{"type":"Feature","geometry":{"type":"Polygon","coordinates":[[[126.66989334083735,37.50845957118826],[128.0412893567349,36.56037232029632],[128.1573606657165,34.89371535617285],[129.43942300000015,35.475822],[129.342468,37.257217],[127.40455916832234,39.07533987637224],[125.29374221275593,38.68870123501482],[125.26937392662312,37.48468359585466],[126.66989334083735,37.50845957118826]]]},"properties":{"NAME":"Silla","SUBJECTO":"Silla","PARTOF":"Silla"}},
{"type":"Feature","geometry":{"type":"Polygon","coordinates":[[[71.67418068446584,25.10986080329285],[75.31143411015191,25.512246701612483],[76.1126472773485,26.32437038227348],[77.44800255600944,24.613683617800216],[77.46072022533004,23.615430205845612],[76.75346749056952,22.3093604247921],[77.44770248190667,21.807459590569678],[80.08923507917372,22.09128050733782],[80.27473625626293,19.865266382267286],[82.35399917076374,17.085914217192553],[83.38139632652546,17.710679613310717],[85.37910750816609,19.60537489529314],[84.726764506404,20.88552285625795],[84.81951509494861,23.85354168968533],[83.98475979804715,24.781047575131392],[82.59350096987806,24.781047575131392],[80.46023743335213,25.70855346057745],[78.54104452261383,27.627746371315755],[74.1173958209184,26.544342617090322],[73.80814663633566,27.23553570540424],[72.05864828943977,25.877027700289904],[71.67418068446584,25.10986080329285]]]},"properties":{"NAME":"Hindu kingdoms","SUBJECTO":"Hindu kingdoms","PARTOF":"Hindu kingdoms"}},
{"type":"Feature","geometry":{"type":"Polygon","coordinates":[[[74.52085177973689,14.155057073232983],[75.080703297765,14.392981658135547],[78.04872213119239,17.453751080107537],[78.97622801663844,17.63925225719675],[79.06897860518305,15.227736955036999],[80.0870695442989,14.94643362637224],[82.35399917076374,17.085914217192553],[80.27473625626293,19.865266382267286],[80.08923507917372,22.09128050733782],[77.44770248190667,21.807459590569678],[76.75346749056952,22.3093604247921],[72.68538098847628,21.68423586591879],[73.06422713707234,18.031716905791185],[73.84143355797077,15.390475832182787],[74.52085177973689,14.155057073232983]]]},"properties":{"NAME":"Chalukyas","SUBJECTO":"Chalukyas","PARTOF":"Chalukyas"}},
{"type":"Feature","geometry":{"type":"Polygon","coordinates":[[[73.80814663633566,27.23553570540424],[74.1173958209184,26.544342617090322],[78.54104452261383,27.627746371315755],[76.92164753014544,29.387818748901008],[74.85268517338432,28.895743596274965],[76.11517742345114,28.307190280665907],[75.0577883126899,27.150033895171607],[73.80814663633566,27.23553570540424]]]},"properties":{"NAME":"Chauhans","SUBJECTO":"Chauhans","PARTOF":"Chauhans"}},
{"type":"Feature","geometry":{"type":"Polygon","coordinates":[[[72.5080342152244,28.983175799542934],[74.15420125440298,29.485371199877672],[74.85268517338432,28.895743596274965],[76.92164753014544,29.387818748901008],[76.84296448011251,30.253332299263132],[78.34239662748489,32.59394588131141],[77.33709185919311,33.3035727765762],[76.75606432948715,32.75277631946283],[73.33148638820924,33.135961983286656],[71.09556253093147,32.99413553583542],[68.70290266337554,32.17642393528566],[67.13953706823911,31.180621794495128],[67.02421073965739,30.25240867381532],[69.7080225795063,30.304147197553483],[71.70277706402648,30.934738484297277],[72.86299140706373,29.93441371245542],[72.5080342152244,28.983175799542934]]]},"properties":{"NAME":"Hindu kingdoms","SUBJECTO":"Hindu kingdoms","PARTOF":"Hindu kingdoms"}}
]}