{"type":"FeatureCollection", "features": [
{"type":"Feature","geometry":{"type":"Polygon","coordinates":[[[5.823500189391357,49.50710638614063],[6.433043036071044,49.445331178621096],[6.108513388243896,50.11745413394336],[5.823500189391357,49.50710638614063]]]},"properties":{"NAME":"Luxembourg","SUBJECTO":"Luxembourg","PARTOF":"Luxembourg"}},
{"type":"Feature","geometry":{"type":"MultiPolygon","coordinates":[[[[137.3096418710625,37.43265112491016],[135.97788527926562,35.97254904361133],[135.15697768649218,35.646468721345705],[132.66285232028125,35.380626283601565],[130.89904311617968,33.90366705508594],[134.4273176523125,34.628177247957034],[135.06292251071093,33.69002493472461],[135.75567153414843,33.34231527896289],[136.73385146578906,34.874087892488284],[138.14905837496875,34.52788122744922],[139.42260268649218,35.165511690095705],[140.31661513766406,35.033816896394534],[140.8722181650078,37.91744955630664],[141.49639419039843,38.42189749331836],[141.9981184335625,39.67198904605274],[141.15255263766406,40.86541708560352],[139.91515639742968,40.574954591707034],[140.03008559664843,39.48317679019336],[139.19793227633593,37.92043264956836],[138.31724074801562,37.205508790925784],[137.3096418710625,37.43265112491016]]],[[[132.46705153903125,32.75788076968555],[134.54041579684375,34.012698732332034],[132.78431228121875,33.90752371402149],[132.1211195321953,33.34754904361133],[132.46705153903125,32.75788076968555]]],[[[130.55413344821093,30.9699779376543],[131.31928542575,31.51120527835254],[131.83098891696093,32.69308813662891],[131.6698255868828,33.30853231997852],[130.42656997164843,33.674171052888674],[129.34337905367968,33.15138968081836],[130.55413344821093,30.9699779376543]]],[[[139.97774795016406,41.50346716494922],[141.15503982028125,41.74934347720508],[141.9281263681328,42.50126226992969],[143.21375564059375,41.92653997989063],[143.8479261728203,42.77464636416797],[145.44813064059375,43.169559083894534],[145.05938247164843,43.78576620669727],[143.50817397555468,44.15576132388477],[141.87533095797656,45.43542440982227],[141.7094221445,43.9141918048418],[141.30364516696093,43.187030397371096],[139.7117414804375,42.47759588809375],[139.97774795016406,41.50346716494922]]]]},"properties":{"NAME":"Imperial Japan","SUBJECTO":"Imperial Japan","PARTOF":"Imperial Japan"}},
{"type":"Feature","geometry":{"type":"Polygon","coordinates":[[[91.60775283297656,27.641450487092776],[91.15224746188281,28.032367311433596],[89.36553481539843,27.876128755525393],[88.80257705172656,27.18099173159961],[90,26.778745256379885],[91.90890029391406,26.805301271394534],[91.60775283297656,27.641450487092776]]]},"properties":{"NAME":"Bhutan","SUBJECTO":"Bhutan","PARTOF":"Bhutan"}},
{"type":"Feature","geometry":{"type":"Polygon","coordinates":[[[-82.17722794094922,22.365911088899416],[-79.7345475820625,21.671853624299807],[-78.72787949124219,21.61678846927051],[-78.45036026516797,20.969003282502932],[-77.29118057766797,20.70449598880176],[-77.46084305325391,19.87143477054004],[-75.51905533352735,19.907353959993166],[-74.34484573880079,20.32301291079883],[-75.60392471829297,21.013194642976565],[-77.33981796780469,21.51166494937305],[-78.17056747952344,22.120128236726565],[-79.75995346585157,22.75878294558887],[-81.43114944973829,23.136655412629885],[-82.17722794094922,22.365911088899416]]]},"properties":{"NAME":"Spain","SUBJECTO":"Spain","PARTOF":"Spain"}},
{"type":"Feature","geometry":{"type":"Polygon","coordinates":[[[-71.77705856839063,19.771005235627932],[-72.6764650014961,19.39217909427051],[-72.74589249173047,18.508500657991213],[-71.67702957669141,18.002502046541018],[-71.77705856839063,19.771005235627932]]]},"properties":{"NAME":"Haiti","SUBJECTO":"Haiti","PARTOF":"Haiti"}},
{"type":"Feature","geometry":{"type":"Polygon","coordinates":[[[-71.67702957669141,18.002502046541018],[-70.62097641507032,18.506677232698244],[-68.65684982815625,18.8731761798418],[-70.88160416165235,19.929931245759768],[-71.77705856839063,19.771005235627932],[-71.67702957669141,18.002502046541018]]]},"properties":{"NAME":"Dominican Republic","SUBJECTO":"Dominican Republic","PARTOF":"Dominican Republic"}},
{"type":"Feature","geometry":{"type":"MultiPolygon","coordinates":[[[[120.36362746676562,14.530945383027834],[121.00936416110156,13.655685029939455],[121.72879317721484,14.108259759858889],[121.24220565280078,15.307833276704592],[122.3955793710625,17.114329896882815],[122.02781203707812,18.009172044709963],[121.03637221774218,18.527911745027346],[120.39307692965625,18.043792329744143],[120.30344680270312,16.417462907747073],[119.77184585055468,15.469834886506838],[120.36362746676562,14.530945383027834]]],[[[121.87300399264453,10.468407236055178],[122.89682296237109,11.150391183809084],[121.99363997897265,11.758330903962893],[121.87300399264453,10.468407236055178]]],[[[122.94163039645312,9.047589860872073],[123.31205275973437,10.738339982942385],[122.92015365084765,10.851844392732424],[122.39562514742968,9.478434167817873],[122.94163039645312,9.047589860872073]]],[[[126.0452375741875,6.608192525819582],[126.321726832,7.148838602021975],[126.27187636813281,8.425783716157717],[125.93394759616015,9.17475088687305],[123.46498397311328,7.790728651002688],[124.22405532321093,6.089605890229983],[125.07284835299609,5.722916685060305],[125.28043654879687,6.593827806428713],[126.0452375741875,6.608192525819582]]]]},"properties":{"NAME":"Philippines","SUBJECTO":"Philippines","PARTOF":"Philippines"}},
{"type":"Feature","geometry":{"type":"MultiPolygon","coordinates":[[[[-6.334980454834717,53.78598364444141],[-5.661512818726319,54.32224615664844],[-6.018187966736573,55.093001924470705],[-8.345380750092286,55.09528311343555],[-8.590084996613282,54.20284994693164],[-9.890640225800293,52.19443091006641],[-9.819109883698243,51.434554658845705],[-6.405971017273682,52.21443899722461],[-6.334980454834717,53.78598364444141]]],[[[0.267848494855148,53.12666281314258],[-0.295500930937546,54.03316839785938],[-2.742131438645142,55.95718725772266],[-2.150362935456055,57.571979127839846],[-5.762965646179932,57.61977728457813],[-5.633057561310547,55.93986090274219],[-3.576675858887452,54.924483858064455],[-2.914475407990235,53.26714285464649],[-4.317542043122071,53.09120901675586],[-4.159330811890381,51.67681463809375],[-4.604564633759278,50.77874716372852],[-3.521466937454957,50.61743124575977],[0.191810223666412,50.73128470034961],[1.691691670027954,52.311420045808596],[0.267848494855148,53.12666281314258]]]]},"properties":{"NAME":"United Kingdom of Great Britain and Ireland","SUBJECTO":"United Kingdom of Great Britain and Ireland","PARTOF":"United Kingdom of Great Britain and Ireland"}},
{"type":"Feature","geometry":{"type":"Polygon","coordinates":[[[-87.40427109280469,13.029873453096194],[-87.26144882717969,12.623397432283205],[-85.83965775051954,11.07758291812305],[-83.74664017239454,10.87845953555469],[-83.91412827053907,11.251382432893557],[-83.41719528714063,15.00085886569385],[-84.83382126370313,14.771436296418948],[-85.73531052151563,13.856570802644534],[-86.68932816067579,13.768247209504885],[-87.40427109280469,13.029873453096194]]]},"properties":{"NAME":"Nicaragua","SUBJECTO":"Nicaragua","PARTOF":"Nicaragua"}},
{"type":"Feature","geometry":{"type":"Polygon","coordinates":[[[-82.55992600003125,9.583112321809573],[-83.74664017239454,10.87845953555469],[-85.83965775051954,11.07758291812305],[-85.77779099026563,10.138352952913088],[-85.0887956289375,9.583112321809573],[-83.6149415639961,9.151563249543948],[-82.95746323147657,8.047210298494143],[-82.90659042874219,9.518636308625979],[-82.55992600003125,9.583112321809573]]]},"properties":{"NAME":"Costa Rica","SUBJECTO":"Costa Rica","PARTOF":"Costa Rica"}},
{"type":"Feature","geometry":{"type":"Polygon","coordinates":[[[80.56289962252734,5.931666456178469],[81.2026853891289,6.079191289857668],[81.86616805514453,7.084561429933352],[80.66241744479296,9.29945620150928],[79.6746321054375,8.804930292085452],[79.85409072360156,7.061153493837161],[80.56289962252734,5.931666456178469]]]},"properties":{"NAME":"Ceylon","SUBJECTO":"Ceylon","PARTOF":"Ceylon"}},
{"type":"Feature","geometry":{"type":"MultiPolygon","coordinates":[[[[175.3076887460625,-37.32097665218945],[174.2168684335625,-35.33676568417187],[173.16649917086718,-35.420879758878904],[174.76465896090625,-37.29654351620312],[174.6547346445,-38.983257688566404],[173.80480483492968,-39.41970483212109],[175.3535871835625,-40.29998055843945],[174.89535048922656,-41.29614297299023],[176.01143935641406,-41.25534478573437],[177.1565656991875,-39.85422173885937],[177.02379897555468,-39.44519845394726],[178.40819838961718,-38.77115289120312],[177.5283918710625,-38.2042163982832],[175.3076887460625,-37.32097665218945]]],[[[172.06266311129687,-43.92314187435742],[174.2335462900078,-42.0112346783125],[173.26403335055468,-41.54367486385937],[171.45835402926562,-41.99285165218945],[171.02405837496875,-42.886883176847654],[168.41573623141406,-44.220909513517576],[167.13749221285937,-45.19984856991406],[166.52276137789843,-46.232723630949216],[169.39930251559375,-46.70957223324414],[170.61156753024218,-45.946060575529295],[171.37786391696093,-44.337749876066404],[172.06266311129687,-43.92314187435742]]]]},"properties":{"NAME":"M?ori","SUBJECTO":"M?ori","PARTOF":"M?ori"}},
{"type":"Feature","geometry":{"type":"MultiPolygon","coordinates":[[[[-68.45589920559766,-52.420181669279295],[-69.07692429104688,-51.49934808163281],[-69.04092117825391,-50.562401212736326],[-67.83347031155469,-49.96821252255078],[-67.57759567776563,-49.05853310970898],[-66.07773300686719,-48.142071165128904],[-65.77598282376172,-47.23012200741406],[-67.32806870022657,-46.53161660580273],[-67.47247787991407,-45.92232171444531],[-66.69494339505079,-45.13110391049023],[-65.43618485012891,-44.88974038509961],[-65.30717178860547,-43.601402677580076],[-63.599965062531254,-42.70437280087109],[-63.72898193875196,-42.10101357845898],[-64.99203201809766,-42.19338647274609],[-64.93894669094922,-40.827476896330076],[-62.96398254910352,-41.13745919613476],[-62.06776520291211,-39.555775083585935],[-61.360714879425785,-39.031299985929685],[-59.515431371125004,-38.87451974300976],[-57.80888458767774,-38.386490263029295],[-56.69811340847852,-36.944073118253904],[-57.419239964875004,-35.99675027279492],[-57.22550674954297,-35.43626443295117],[-58.52278229275586,-34.58706323055859],[-58.33968063870313,-34.21614495663281],[-58.11836716214063,-32.13938943295117],[-57.57566925564649,-30.40291825680371],[-54.754723515900395,-27.69419900326367],[-53.73108002224805,-27.218325056120115],[-53.61647507229688,-26.27130738644238],[-54.580407109650395,-25.74334565548535],[-54.81656357327344,-26.557695783659177],[-55.73177811184766,-27.45212785153027],[-58.07206055203321,-27.192505277677732],[-58.27678772488477,-26.380760587736326],[-57.70992752591016,-25.33588258175488],[-59.811093297394535,-24.21741334347363],[-61.24046036282422,-23.615909971281248],[-62.61002060452344,-22.156546033903318],[-64.75560471096875,-22.162689603849607],[-66.14585587063672,-21.923063673063474],[-67.1888932851875,-22.983517087980466],[-67.25753494778516,-24.082739271208006],[-68.39349838772657,-24.60378686337109],[-68.48017808669798,-25.93931331073885],[-68.25426956692579,-26.97806779293652],[-68.82346054592969,-27.2670826092207],[-69.95096298733594,-29.35612527279492],[-69.85181900540235,-30.358631528898435],[-70.5048112539375,-31.68907205013867],[-69.84002396145704,-33.760845579191404],[-70.48040482083204,-35.35797921566601],[-70.39072128811719,-36.16510049252148],[-71.09505173245313,-36.805218137785154],[-70.84412857571485,-38.726524747892576],[-71.36279770413282,-39.028805173917966],[-71.86021133938672,-40.74824944882031],[-71.69569870510938,-42.15631143002148],[-71.78705307522657,-44.10882607845898],[-71.32415482083204,-44.814110197111326],[-71.69322678128125,-46.69147912411328],[-72.38230606594922,-47.57801095394726],[-72.45835587063672,-48.854298032804685],[-73.51265427151563,-49.76077691464062],[-73.15795609036329,-50.85504571346875],[-72.2487077383125,-50.80414239315625],[-71.79449936428907,-52.08840600399609],[-69.58654495755079,-52.14288369564648],[-68.45589920559766,-52.420181669279295]]],[[[-68.74939438382032,-54.88858453182812],[-66.62184616604688,-55.07004205135937],[-66.98282333889844,-54.34066430477734],[-68.70525833645704,-53.23463097958203],[-68.74939438382032,-54.88858453182812]]]]},"properties":{"NAME":"Argentina","SUBJECTO":"Argentina","PARTOF":"Argentina"}},
{"type":"Feature","geometry":{"type":"Polygon","coordinates":[[[-24.218850102814454,65.53374060244923],[-21.95479675808789,65.37804754825001],[-22.372910466583985,63.77318533511524],[-18.641863789948243,63.32381781192188],[-14.821200337799805,64.19502600283985],[-13.646900144013184,65.49534185977345],[-16.38522240200879,66.45441778750782],[-16.92214104214551,65.97755011172657],[-21.24248978176953,65.88181646914845],[-23.608294454010743,65.9796329364336],[-24.218850102814454,65.53374060244923]]]},"properties":{"NAME":"Iceland","SUBJECTO":"Denmark","PARTOF":"Denmark"}},
{"type":"Feature","geometry":{"type":"Polygon","coordinates":[[[2.522131952849609,51.09112127871875],[2.875059876052124,50.68182333560352],[5.823500189391357,49.50710638614063],[6.108513388243896,50.11745413394336],[5.999575647917968,50.74159964175586],[5.112526926604492,51.40545233340625],[3.775046858397705,51.38774450869922],[2.522131952849609,51.09112127871875]]]},"properties":{"NAME":"Belgium","SUBJECTO":"Belgium","PARTOF":"Belgium"}},
{"type":"Feature","geometry":{"type":"Polygon","coordinates":[[[-8.806055035980958,41.889178834871096],[-6.708704438599366,41.96004446597461],[-6.933383431824463,38.961349092439455],[-7.491503682526368,37.20815619082813],[-6.632153954895752,37.02175100894336],[-5.660587277802247,36.008006654695315],[-4.446585622223633,36.72201880069141],[-2.238797393234986,36.728396974519534],[-0.918272283467072,37.57034262271289],[0.172570082751495,38.738345704988284],[-0.394848432930726,39.434459291414065],[0.879201922026855,41.0217357501543],[3.128878864852172,41.85722693057422],[3.087081465331298,42.36864431949024],[0.744199428168518,42.77189215274219],[-0.611982133778351,42.73087652774219],[-1.914577808769959,43.3054157123125],[-7.636274781616944,43.721412263826174],[-9.270803418549317,43.048690401033205],[-8.806055035980958,41.889178834871096]]]},"properties":{"NAME":"Spain","SUBJECTO":"Spain","PARTOF":"Spain"}},
{"type":"Feature","geometry":{"type":"Polygon","coordinates":[[[-7.491503682526368,37.20815619082813],[-6.933383431824463,38.961349092439455],[-6.708704438599366,41.96004446597461],[-8.806055035980958,41.889178834871096],[-8.694069829376954,40.992171846345705],[-9.549007382782715,38.77451666446094],[-8.853651967438477,38.4996410235918],[-8.667059865387696,37.12144049258594],[-7.491503682526368,37.20815619082813]]]},"properties":{"NAME":"Portugal","SUBJECTO":"Portugal","PARTOF":"Portugal"}},
{"type":"Feature","geometry":{"type":"Polygon","coordinates":[[[61.221343073455074,35.581615053132815],[60.54009536227343,32.993175111726565],[60.79381469210742,31.578881822541994],[61.77916625460742,30.9051528796709],[60.82045653781054,29.833345018342776],[62.36863997897265,29.384700380281252],[64.08925918063281,29.3945327624834],[66.09057143649218,29.736140809968752],[66.46658614596484,30.842952333406252],[67.5698957773125,31.18569143863086],[68.24271682223437,31.76717909427051],[69.20640853366015,31.798038087800784],[69.50792220553515,32.94862326236133],[70.28924087008593,33.28308065982227],[71.65887740573046,35.12511023135547],[71.32484725436328,36.05156668277149],[72.37272170504687,36.717723451570315],[74.52053359469531,37.004581056550784],[74.73327163180468,37.20940359683399],[72.71422103366015,37.18614538760547],[71.84756759127734,36.7160716876543],[71.44410994967578,37.83401449771289],[70.71880629977343,38.364886842683596],[70.02215102633593,37.45688208194141],[67.8555403085625,36.85289343448047],[67.51531508883593,37.213782869294924],[65.72472670992968,37.490279756501955],[64.82598403414843,37.14788397403125],[64.540720972625,36.338092409089846],[63.11659530123828,35.78940924258594],[62.67759231051562,35.265460573152346],[61.221343073455074,35.581615053132815]]]},"properties":{"NAME":"Afghanistan","SUBJECTO":"Afghanistan","PARTOF":"Afghanistan"}},
{"type":"Feature","geometry":{"type":"Polygon","coordinates":[[[-88.94077774563672,15.904618822053713],[-88.44453903714063,16.44117697329883],[-88.11193558255079,18.19392927737598],[-88.32046219387891,18.49439962954883],[-89.15433975735547,17.831187807039065],[-88.94077774563672,15.904618822053713]]]},"properties":{"NAME":"Belize","SUBJECTO":"Belize","PARTOF":"Belize"}},
{"type":"Feature","geometry":{"type":"Polygon","coordinates":[[[-92.15540024319532,14.542796693757815],[-91.24203201809766,13.951556764558596],[-90,13.872862420991702],[-89.3803224233711,14.466648660615725],[-89.1764421133125,15.096210084871096],[-88.27393051663282,15.747230134919924],[-88.94077774563672,15.904618822053713],[-89.15433975735547,17.831187807039065],[-91.00987717190625,17.836225114778323],[-91.0760011343086,16.92049940677051],[-90,16.816388688997073],[-90,16.097781740144534],[-91.75949570217969,16.097781740144534],[-92.24351212063672,15.282212816194338],[-92.15540024319532,14.542796693757815]]]},"properties":{"NAME":"Guatemala","SUBJECTO":"Guatemala","PARTOF":"Guatemala"}},
{"type":"Feature","geometry":{"type":"Polygon","coordinates":[[[-83.41719528714063,15.00085886569385],[-84.65045639553907,15.933375917390627],[-88.27393051663282,15.747230134919924],[-89.1764421133125,15.096210084871096],[-89.3803224233711,14.466648660615725],[-87.7705812124336,13.500850282625002],[-87.40427109280469,13.029873453096194],[-86.68932816067579,13.768247209504885],[-85.73531052151563,13.856570802644534],[-84.83382126370313,14.771436296418948],[-83.41719528714063,15.00085886569385]]]},"properties":{"NAME":"Honduras","SUBJECTO":"Honduras","PARTOF":"Honduras"}},
{"type":"Feature","geometry":{"type":"Polygon","coordinates":[[[-90,13.872862420991702],[-88.63806625882032,13.25522955508594],[-87.7705812124336,13.500850282625002],[-89.3803224233711,14.466648660615725],[-90,13.872862420991702]]]},"properties":{"NAME":"El Salvador","SUBJECTO":"El Salvador","PARTOF":"El Salvador"}},
{"type":"Feature","geometry":{"type":"MultiPolygon","coordinates":[[[[100.1587400766289,6.340098463014407],[100.66430953463671,3.903745017961306],[101.33639815768359,2.780523143724245],[103.42773726901171,1.380763731912417],[104.17563918551562,1.388738475755495],[103.30775741061328,3.026256643251223],[103.34182265719531,4.805444799379153],[102.0738020273125,6.154240690187258],[101.76259902438281,5.586182676271243],[100.61741164645312,6.422341428712649],[100.1587400766289,6.340098463014407]]],[[[114.07372573336718,4.455024801210207],[112.75924972018359,3.008589826539797],[111.37182906588671,2.598927341417117],[110.81756118258593,1.244261227563662],[109.5175047250664,1.820520602182192],[110.54860213717578,0.726002536729617],[111.56202224215625,0.763813756421847],[112.39998153170703,1.429807148889346],[113.67678359469531,1.145051680520815],[114.65887740573046,1.595793567613406],[115.53003982028125,3.170721374467654],[115.70677474459765,4.156728349641604],[117.55868819674609,3.980721078828616],[118.39120772799609,4.374171338990969],[119.04260543307421,5.169805131868166],[118.3770246835625,5.638547502473635],[117.37006667575,5.788860403016848],[117.50709060153125,6.39277084918384],[116.5956297250664,6.899092756227297],[114.96151259860156,4.876515947297854],[115.16134170016406,4.309385381654543],[114.43372634371875,3.998343549684328],[114.07372573336718,4.455024801210207]]]]},"properties":{"NAME":"Malaya","SUBJECTO":"Malaya","PARTOF":"Malaya"}},
{"type":"Feature","geometry":{"type":"Polygon","coordinates":[[[-56.709626164826176,1.891480408624453],[-54.86057755032422,2.480966173127932],[-54.388329472931645,2.261286817506594],[-53.97731110134961,3.357142053560061],[-54.36608978787305,4.689873300508303],[-53.83686157742383,5.689471326783938],[-54.56969543972852,5.963541589692873],[-56.746396031769535,6.003318391755862],[-57.06514069119336,5.837398611024661],[-57.7639894155586,4.91125401111011],[-57.9950570730293,3.96261366458301],[-57.24637695828321,3.255050979570193],[-56.709626164826176,1.891480408624453]]]},"properties":{"NAME":"Dutch Guiana","SUBJECTO":"Dutch Guiana","PARTOF":"Dutch Guiana"}},
{"type":"Feature","geometry":{"type":"Polygon","coordinates":[[[-51.62341782132032,4.215936265901369],[-53.02668091336133,5.426703058198733],[-53.83686157742383,5.689471326783938],[-54.36608978787305,4.689873300508303],[-53.97731110134961,3.357142053560061],[-54.388329472931645,2.261286817506594],[-52.8463868764961,2.092475019410891],[-51.62341782132032,4.215936265901369]]]},"properties":{"NAME":"French Guiana","SUBJECTO":"French Guiana","PARTOF":"French Guiana"}},
{"type":"Feature","geometry":{"type":"MultiPolygon","coordinates":[[[[149.55416396578906,-6.406063951536375],[151.05570510348437,-6.015118516966062],[152.05868056735156,-5.4981354847395],[151.58762649020312,-4.901724733396726],[149.55416396578906,-6.406063951536375]]],[[[140.94761184176562,-9.273864187284666],[142.60740188082812,-9.376576818510252],[143.3311262460625,-9.000007070585447],[143.43680861910937,-8.357819952055173],[144.37983230075,-7.758321680113035],[145.81963637789843,-8.09844247250195],[146.64609816989062,-9.27887574581738],[147.87362197360156,-10.178817190214353],[149.78336623629687,-10.409889616056638],[149.8299055429375,-9.71058026699658],[148.58870986422656,-9.160280622526365],[148.03466323336718,-8.246194280668455],[147.37603286227343,-7.796340860410886],[146.90914443453906,-6.894825376554685],[147.3764906259453,-6.124768175169187],[145.59342483004687,-5.423136152311521],[145.728220972625,-4.997029222532468],[143.445506128875,-3.610096134229856],[140.8697767587578,-2.794752515836912],[140.94549087008593,-6.379222787901121],[140.94761184176562,-9.273864187284666]]]]},"properties":{"NAME":"Papua New Guinea","SUBJECTO":"Papua New Guinea","PARTOF":"Papua New Guinea"}},
{"type":"Feature","geometry":{"type":"Polygon","coordinates":[[[128.82401937340154,-24.935139835293395],[128.72193977189934,-31.917223131394017],[131.28016189059375,-31.634849943205076],[131.99254897555468,-32.065906919523435],[133.83703139742968,-32.34197274593945],[135.1531019540703,-34.05044213680859],[135.52807143649218,-35.054886259123045],[137.4571791025078,-33.31413308529492],[138.10149672946093,-34.35610619930859],[139.36791518649218,-35.614273466154295],[140.01201919039843,-37.64163247494336],[141.05592845941905,-38.3768833035884],[141.01931922937803,-33.99788030581032],[140.9763609895841,-28.859442249998217],[140.95136060983816,-25.869028692263196],[137.87756337599302,-25.919304960615893],[137.89853442638662,-24.935139835293395],[128.82401937340154,-24.935139835293395]]]},"properties":{"NAME":"South Australia (UK)","SUBJECTO":"South Australia (UK)","PARTOF":"South Australia (UK)"}},
{"type":"Feature","geometry":{"type":"Polygon","coordinates":[[[-58.33968063870313,-34.21614495663281],[-56.33826157132032,-34.99545327572461],[-54.62150665799024,-34.922081388517576],[-53.40556427517774,-33.87947503475781],[-53.23585220852735,-32.93714562801953],[-53.893944707306645,-32.04559747128125],[-55.87414642849805,-31.174250043913084],[-56.74638077298047,-30.24580041317578],[-57.57566925564649,-30.40291825680371],[-58.11836716214063,-32.13938943295117],[-58.33968063870313,-34.21614495663281]]]},"properties":{"NAME":"Uruguay","SUBJECTO":"Uruguay","PARTOF":"Uruguay"}},
{"type":"Feature","geometry":{"type":"Polygon","coordinates":[[[7.159938845244628,53.16400106997852],[4.641012701598388,52.75569876284961],[3.775046858397705,51.38774450869922],[5.112526926604492,51.40545233340625],[5.999575647917968,50.74159964175586],[6.82461646517871,51.95638617129688],[7.159938845244628,53.16400106997852]]]},"properties":{"NAME":"Netherlands","SUBJECTO":"Netherlands","PARTOF":"Netherlands"}},
{"type":"Feature","geometry":{"type":"Polygon","coordinates":[[[88.19726088961718,27.87575491519336],[87.21436599215625,27.843293748811526],[85.14416793307421,28.341794572786135],[83.40201095065234,29.539681993440432],[81.65574935397265,30.454833589509768],[81.02130416354296,30.246511064485354],[80.09826949557421,28.951900087312502],[82.81183150729296,27.53824385257129],[84.13611129244921,27.53824385257129],[84.66636184176562,27.069509111360354],[86.7765379281914,26.46684416385059],[88.09216597994921,26.444518648103518],[88.19726088961718,27.87575491519336]]]},"properties":{"NAME":"Nepal","SUBJECTO":"Nepal","PARTOF":"Nepal"}},
{"type":"Feature","geometry":{"type":"Polygon","coordinates":[[[114.07372573336718,4.455024801210207],[114.43372634371875,3.998343549684328],[115.16134170016406,4.309385381654543],[114.96151259860156,4.876515947297854],[114.07372573336718,4.455024801210207]]]},"properties":{"NAME":"Brunei","SUBJECTO":"Brunei","PARTOF":"Brunei"}},
{"type":"Feature","geometry":{"type":"MultiPolygon","coordinates":[[[[140.8697767587578,-2.794752515836912],[137.8543196054375,-1.613961376234251],[136.27088454684375,-2.418122448011594],[135.24643996676562,-3.538871921583372],[134.28306106051562,-2.854586996122556],[133.90731337985156,-1.006078936144071],[132.25400832614062,-0.526697672887998],[131.21142104586718,-1.02463797478314],[132.71871474703906,-2.934237636610227],[132.71282485446093,-3.887547172590452],[134.04062941989062,-3.948230661436277],[134.776804957,-4.30889979748364],[137.38517287692187,-5.123125947996336],[137.82358840426562,-5.427235998197752],[139.15613845309375,-7.725116647764402],[139.97686294039843,-8.238173879667478],[140.94761184176562,-9.273864187284666],[140.94549087008593,-6.379222787901121],[140.8697767587578,-2.794752515836912]]],[[[103.71359542330859,-0.016971983],[102.47178176364062,0.622509859517855],[101.05975631198046,2.080969177202029],[100.73194411715625,1.870563827470583],[99.85836318453906,2.904411159471316],[98.14550307711718,4.069854341462893],[97.38407424410937,5.180140577272219],[96.18733504733203,5.14578827472095],[95.56092360934375,4.534462533906741],[96.72036269625781,3.704589210466189],[97.59714797457812,2.251384101823611],[98.60055068453906,1.707089506105227],[99.11331466158984,0.221247725204272],[99.69655135592578,-0.152409575864034],[100.65030196627734,-1.630999959989744],[100.81207564791796,-2.336048044248777],[102.4622297616875,-4.181821741148191],[104.56848433932421,-6.071165479704099],[105.18672469576953,-5.542331613584714],[105.72847274264453,-5.827141679807859],[105.71109298190234,-4.104884065672117],[105.942820582,-3.214655078932005],[104.35242751559375,-1.889892257734495],[104.29766372164843,-1.362546600385862],[103.2376203866875,-0.659467495962339],[103.71359542330859,-0.016971983]]],[[[105.18477920016406,-6.865668691679197],[106.3655271860039,-7.039659418150144],[106.48369887789843,-7.503360189481931],[108.1602278085625,-7.855642713590818],[109.03720382174609,-7.720286764188963],[110.77773574313281,-8.320307172819334],[113.07378676852343,-8.347123540922361],[112.27479079684375,-7.026889719053464],[111.04471877535937,-6.851591505094724],[110.02727797946093,-7.044451154752927],[108.55577376803515,-6.920526422544675],[106.94509414157031,-6.025983728452879],[106.02416518649218,-6.080723680540281],[105.18477920016406,-6.865668691679197]]],[[[123.49192336520312,-10.352161802335935],[124.15423873385546,-10.204543508573728],[125.21153548678515,-9.395053304716306],[125.07982161959765,-8.77246705441113],[123.66542342623828,-9.747970022245603],[123.49192336520312,-10.352161802335935]]],[[[117.55868819674609,3.980721078828616],[115.70677474459765,4.156728349641604],[115.53003982028125,3.170721374467654],[114.65887740573046,1.595793567613406],[113.67678359469531,1.145051680520815],[112.39998153170703,1.429807148889346],[111.56202224215625,0.763813756421847],[110.54860213717578,0.726002536729617],[109.5175047250664,1.820520602182192],[108.81431106051562,0.807816825822634],[109.17891982516406,-0.869010366483884],[109.94090560397265,-1.642648614927488],[110.10230544528125,-3.078540958448606],[111.43599227389453,-2.973974622770506],[112.57773116549609,-3.42271725086804],[112.79538253268359,-2.971020854994016],[114.71241286715625,-4.206153310819822],[115.56814101657031,-3.803909935041624],[116.34913161715625,-2.416793264433103],[116.04627517184375,-1.934458293005186],[117.04563430270312,-0.934580959364133],[117.53428939303515,0.610662959531588],[118.5172605844414,1.165625892595095],[117.07397750338671,3.507199846223635],[117.55868819674609,3.980721078828616]]],[[[119.69212630709765,-0.016971983],[119.17457107028125,-2.175528682752805],[118.68360427340625,-2.901070751234251],[118.79143813571093,-3.663470186277586],[119.461131128875,-3.808197893186765],[119.47684005221484,-5.803768075987058],[120.24806502780078,-5.58600751309033],[120.14419082125781,-3.075864233061033],[121.87277511080859,-4.95966473965283],[122.64091018160937,-4.284319795652586],[122.25816634616015,-3.211096681638914],[121.26491073092578,-2.101103462263303],[122.22288802584765,-1.654172100111204],[121.461131128875,-0.988569356485563],[120.50657180270312,-1.448180831953245],[119.87274459323046,-0.464555867000776],[120.33727553805468,0.356190972045702],[122.73288253268359,0.672761403039736],[120.76742843112109,1.138722024873537],[119.69212630709765,-0.016971983]]]]},"properties":{"NAME":"Netherlands Indies","SUBJECTO":"Netherlands","PARTOF":"Netherlands"}},
{"type":"Feature","geometry":{"type":"Polygon","coordinates":[[[-26.78747841397168,71.55832251162892],[-25.29125496426465,71.56889685244923],[-23.753737416657227,70.58956488223438],[-21.47082039395215,70.53233679385548],[-21.72596260586621,71.40459021182423],[-25.072955098541993,72.63444861026173],[-24.076420751007813,73.75567205996876],[-20.329588857086915,73.41964300723438],[-19.193547215851563,75.44353827090626],[-21.182682958039063,76.69747503848438],[-18.253375020416993,77.30013617129688],[-20.77668282070996,77.96861609073048],[-20.878828969391602,78.81792028994923],[-14.201948132904786,81.21013220401173],[-22.05288025418164,81.53975256533985],[-25.4572038320625,82.22100409121876],[-22.432360616120118,82.74334295840626],[-32.513173070343754,83.57699926944142],[-49.64758774319532,82.47806128116017],[-61.12241455593946,81.79757269473438],[-61.111805882843754,81.18244513125782],[-67.14280411282422,80.56214483828907],[-64.62318131008985,79.94921454043751],[-65.48489090481641,79.15823706241017],[-72.3832292226875,78.52572973819142],[-71.18388077298047,77.25953253360157],[-67.03665634671094,75.93623694033985],[-63.65076920071485,76.37993963809376],[-58.63566299954297,75.79326208682423],[-54.73041245022657,73.03760107608204],[-55.62637039700391,71.73035009951954],[-51.720124211701176,71.58955725283985],[-50.572628941925785,69.8662525043047],[-50.95377441922071,68.53928717227345],[-50.47708984890821,67.48220404239063],[-52.30317017117383,66.9094653949297],[-53.10253998318555,65.87324865908985],[-52.07773300686719,65.37242468448048],[-51.36576553860547,63.72601278872852],[-49.8574838308418,62.96654471011524],[-48.915463414582035,61.42103537173633],[-43.14357086697461,59.81878241153125],[-42.27136322537305,62.19441946597461],[-40.51624771633985,63.78206976504688],[-39.9920167593086,65.53330572696095],[-35.97189804592969,65.84693487735157],[-34.43306061306836,66.3839526996172],[-32.95602127591016,67.64102514834767],[-26.963623967560547,68.50170477481251],[-22.73232933560254,69.77407415957813],[-24.58473297634961,70.30402716250782],[-28.38448235073926,70.45799597354298],[-26.78747841397168,71.55832251162892]]]},"properties":{"NAME":"Greenland","SUBJECTO":"Denmark","PARTOF":"Denmark"}},
{"type":"Feature","geometry":{"type":"MultiPolygon","coordinates":[[[[-76.13288973210058,44.32666667189694],[-74.78240677395704,45.012225709871096],[-71.53464981594922,44.95860632510547],[-70.5894288686836,45.294620119050784],[-69.04906937161329,47.46438177676563],[-67.698536839875,47.0410114154375],[-67.18675705471875,45.25231894107227],[-64.90547653714063,45.463199220613284],[-66.18949600735547,44.141307435945315],[-65.7125749258125,43.55995138736133],[-61.03208633938672,45.37883337588672],[-64.53479477444532,46.27165945620899],[-65.2130860952461,48.12142523379688],[-64.95240494290235,49.20725592227344],[-66.02990433255079,49.16588171573047],[-68.34129044094922,48.546458803132815],[-66.37273880520704,50.31387671084766],[-61.64020630398633,50.27692373843555],[-60.13784500637891,50.411700807527346],[-58.52433868924024,51.37948568911914],[-56.96410461941602,51.488441072419924],[-55.65902420559766,52.18734701724414],[-55.88126083889844,53.351932130769534],[-57.515351262482426,54.46576651187305],[-59.69376083889844,55.15365942569141],[-61.92769333401563,56.2729564532793],[-62.886959996613285,58.656444154695315],[-64.67062088528516,60.180919252351565],[-65.86144730130079,58.79534109683399],[-67.77240463772657,58.2485423907793],[-69.21422287503125,58.7476764545],[-70.02829453030469,60.88317068667774],[-73.39458176175,62.354999147371096],[-75.69460007229688,62.21628912539844],[-77.36155411282422,62.517493806794924],[-77.50717636624219,60.414630495027346],[-78.33678909817579,58.551471315339846],[-76.77238174954297,57.66250189395313],[-76.43862625637891,56.80968817325],[-77.2338380483711,55.60653647036914],[-79.5451173452461,54.69186361880664],[-78.49098679104688,52.25613745303516],[-79.59434982815625,51.265792451814455],[-80.36129471341016,51.304034791902346],[-81.747364964875,52.17009695620899],[-82.34120651760938,52.98082312198047],[-82.20208450833204,54.96887167544727],[-84.46836563626172,55.1668773517168],[-87.46717545071485,55.91202887149219],[-90,57.17785605044727],[-92.48305222073438,56.97671469302539],[-93.07417770901563,58.55101355166797],[-94.68383499661329,58.87849386783008],[-94.75318619290235,59.94999273867969],[-93.42261978665235,61.85803183169727],[-87.4352311758125,64.56887396426563],[-88.17144485989454,65.13038214297657],[-85.98714920559766,66.16278418155079],[-83.13871475735547,66.37349279971485],[-81.29496475735547,67.49872931094532],[-82.68726822415235,68.69747503848438],[-81.47992416897657,69.18864782901173],[-84.31351944485547,69.8262134418047],[-86.48843857327344,67.37778814883595],[-88.32388016262891,67.81254919619923],[-87.79025742092969,68.47801550479298],[-88.90501877346875,69.22760351748829],[-92.6712159780586,69.74241217227345],[-91.65772720852735,70.28584631533985],[-93.2711686758125,71.55854376407032],[-95.41064926663282,71.85898932071095],[-96.69965073147657,70.83835943789845],[-96.12698074856641,69.94084509463673],[-92.95613571682813,69.08434637637501],[-96.20792862454297,68.07355078311329],[-101.91296860257032,67.70532568545704],[-105.63597580471875,68.35485418887501],[-107.66202255764844,67.96261938662892],[-112.50253006497266,67.69295843692188],[-115.2851075796211,68.89208563418751],[-117.83234116116407,69.00779303164845],[-122.32606216946485,69.88448675723438],[-125.97399612942579,69.43039282412892],[-127.35170456448438,70.38026007266407],[-129.01314255276563,69.72018011660938],[-131.67297836819532,69.27615698428517],[-135.43919846096875,69.5262866839922],[-136.20306870022657,68.87561377139454],[-141.0592546133125,69.59546240420704],[-140.97377487698438,66.0257984027422],[-140.92728134671094,63.785506807283205],[-140.89491745510938,60.38881643863086],[-139.00514694729688,60.258380495027346],[-137.22333237210157,58.88222845645313],[-135.85481735745313,59.646319948152346],[-133.50284287014844,58.42426260562305],[-131.72487350979688,56.60519369693164],[-130.28743454495313,56.107493959382815],[-130.00269028225782,55.28853949160938],[-130.0036363271797,53.93796118350391],[-128.8887681631172,53.418319307283205],[-127.55576798001172,52.167842470125],[-127.24746414700391,50.968116365388674],[-124.93922134915235,50.595809541658205],[-124.79498764553907,50.03529318423633],[-122.90025040188672,49.06718023867969],[-121.05180069485547,49.05083426089649],[-115.164601293,49.056190095857424],[-110.67026230374219,49.05406530948047],[-104.26153275051954,49.05566366763477],[-100.45978256741407,49.043250642732424],[-94.81984421292188,49.05071219058399],[-91.68210312405469,48.03871878238086],[-89.62202966765464,47.96837637116081],[-88.09495135,49.0046085],[-86.38397137499999,48.7253306],[-85.026610175,47.939546825],[-84.7436376579549,46.4684444370234],[-83.82065216736616,46.15038273949706],[-80.8070809,45.954834575],[-79.91808425,44.9668327],[-81.094857375,44.79918825],[-82.29783905825836,43.02869867471761],[-83.05604489302539,42.02697781506355],[-81.439461875,42.5870946],[-79.05015837548426,42.852258967447526],[-79.14004738860244,43.22208175207458],[-79.152904575,43.772410875],[-76.13288973210058,44.32666667189694]]],[[[-98.60599228421094,68.86307104678517],[-95.51456924954297,68.80868872256642],[-97.74158188382032,69.8315616473711],[-98.60599228421094,68.86307104678517]]],[[[-100.75919815579297,72.2410083636797],[-98.93899246731641,71.39222296328907],[-96.84962173977735,71.87977179141407],[-96.68853470364454,72.81653936953907],[-98.39371201077344,73.13058050723438],[-100.75919815579297,72.2410083636797]]],[[[-95.61453720608594,73.31877478213673],[-95.05836960354688,72.28313788028126],[-92.00058456936719,72.84113653750782],[-90,73.99981268496876],[-95.06853958645704,74.06405218692188],[-95.61453720608594,73.31877478213673]]],[[[-125.45960709133985,49.16794928164844],[-124.71793076077344,49.49057348819141],[-125.71859451809766,50.409427247957034],[-126.96117111721875,50.05743368716602],[-125.45960709133985,49.16794928164844]]],[[[-111.64081284085157,72.7252612933672],[-114.64695450344922,73.35488470645313],[-118.98560806790235,72.03416784854298],[-117.31387802639844,71.47455175967579],[-117.56819626370313,69.99218329043751],[-115.90655228176954,69.35089453311329],[-113.92464920559766,69.24885138125782],[-113.15218063870313,68.59556921573048],[-110.44822403469922,68.65314062686329],[-106.8538331655586,69.45092352481251],[-104.18777176419141,68.89776190371876],[-101.80838486233594,69.13564642520313],[-101.05518051663282,70.03077276797657],[-103.86364456692579,70.70147284121876],[-105.31259628811719,72.65014227481251],[-111.64081284085157,72.7252612933672]]],[[[-124.57726761380079,71.89828070254688],[-123.46767136135938,71.19864233584767],[-120.84349533596875,71.53027685733204],[-120.45359512844922,72.29851111026173],[-115.65367600003125,73.63253363223438],[-121.23873611966016,74.58000525088673],[-124.06482407132032,73.86521490664845],[-125.34129044094922,72.96895941348438],[-124.57726761380079,71.89828070254688]]],[[[-114.94804092923047,76.44312628360157],[-115.18592545071485,75.15434607119923],[-112.20279404202344,74.49975927920704],[-109.07034012356641,75.13287695498829],[-105.77345749417188,75.23006781192188],[-105.91720291653516,76.02183874698048],[-111.38564011135938,75.65990789981251],[-114.94804092923047,76.44312628360157]]],[[[-57.97400375882032,49.08337362857227],[-59.1565560964668,47.6700511798418],[-56.80369278469922,47.615977846101565],[-56.07894608059766,47.865218721345705],[-52.72859665432813,47.45452459903125],[-54.1295785574043,48.83571585269336],[-56.66153427639844,50.05606039615039],[-57.97400375882032,49.08337362857227]]],[[[-87.10120102444532,63.5446849689043],[-84.65469070950391,63.31390341372852],[-82.10960861721875,64.6435733661211],[-85.5575456289375,65.86355169864063],[-87.10120102444532,63.5446849689043]]],[[[-71.53545853176954,63.359908662751955],[-69.15526291409375,62.419620119050784],[-65.94033524075391,61.789996705964846],[-66.49595352688672,63.07743414492969],[-64.73497482815625,63.06652411075],[-64.47394272366407,63.74430426211719],[-67.61417099514844,65.91180761905079],[-65.03384872952344,65.95320471377735],[-62.84475418606641,65.61426123233204],[-61.21058365383985,66.63500555606251],[-68.66534897366407,68.71612890811329],[-66.6681413320625,69.18608435244923],[-69.46268173733594,69.96011694522267],[-71.2525148061836,71.35079535098438],[-73.27524277249219,71.16077002139454],[-75.32202621975782,72.54841955752735],[-77.11871048489454,72.71080359073048],[-81.02679916897657,72.05034216494923],[-80.48866745510938,73.0370059833086],[-81.53178116360547,73.68835791201954],[-88.09924789944532,73.63606604190235],[-89.63864609280469,72.78225287051563],[-89.99718185940625,71.54128607364063],[-87.94921585598829,71.35059698672657],[-87.94801041165235,70.38491400332813],[-82.26922318020704,69.86035498233204],[-78.71291824856641,70.01144751162892],[-73.18491837063672,68.29580267520313],[-72.30491348782422,67.26360663028126],[-75.78904434719922,65.1971851214922],[-77.35837265530469,65.37593420596485],[-78.12671371975782,64.65100439639454],[-76.52609726467969,64.23010595889454],[-74.55905624905469,64.78008612246876],[-73.16355606594922,64.57397039981251],[-71.53545853176954,63.359908662751955]]],[[[-90,75.96777685733204],[-92.36552139798047,75.4212833270586],[-89.69807907620313,74.61462744326954],[-80.34932419339063,74.61590155215626],[-79.49518295803907,75.27981146426563],[-81.70312210598829,75.87495001407032],[-86.6179933218086,75.43215521426563],[-90,75.96777685733204]]],[[[-90,82.01732977481251],[-89.19254776516797,81.09640844912892],[-84.79298111477735,80.78239782901173],[-86.32239243069532,80.11429174991017],[-85.8068132070625,78.90618475528126],[-87.27270981350782,76.50420721621876],[-78.21225449124219,76.54684790225392],[-78.36676498928907,78.03287085147267],[-71.45447250882032,79.84579046817188],[-66.48169418850782,81.30288275332813],[-62.42710205593946,82.63357122989063],[-76.38208481350782,83.15191229434376],[-90,82.01732977481251]]],[[[-88.33642288723829,80.11980780215626],[-92.02487656155469,81.25921972842579],[-96.43336960354688,79.93342169375782],[-92.70153519192579,78.43416937442188],[-90,78.26269873233204],[-86.99668594876172,79.44534643741017],[-88.33642288723829,80.11980780215626]]]]},"properties":{"NAME":"Canada","SUBJECTO":"Canada","PARTOF":"Canada"}},
{"type":"Feature","geometry":{"type":"MultiPolygon","coordinates":[[[[-73.11150833645704,-72.74946252255077],[-70.02071854153516,-72.67219201473827],[-68.39805313626172,-71.12679711727733],[-70.32980057278516,-68.96324578671093],[-71.7979249624336,-69.7359432354414],[-72.10699936428907,-71.04952660946483],[-75.27505966702344,-71.6676830425703],[-73.11150833645704,-72.74946252255077]]],[[[-102.55128189602735,-72.1313060894453],[-97.14239975491407,-72.67219201473827],[-97.21967026272657,-71.8222240581953],[-101.16042801419141,-71.8222240581953],[-102.55128189602735,-72.1313060894453]]],[[[-55.18492981472852,-80.94006005673046],[-44.83078476467969,-80.32190362362499],[-44.21262451687696,-78.39015618710155],[-48.84880920925977,-78.08107415585155],[-50.85782333889844,-78.69923821835155],[-51.70779129544141,-79.78101006893749],[-55.18492981472852,-80.94006005673046]]],[[[169.76938918551562,-83.41788903622265],[162.01522353610156,-81.65986291317577],[159.31539443453906,-80.02740899471874],[160.6856184335625,-79.11381951717968],[163.64298537692187,-78.66061059383983],[162.34563735446093,-75.10688439755077],[164.61622146090625,-74.17193261532421],[168.9746809335625,-73.23894158749218],[170.72912124117968,-71.9042781963789],[167.63463881930468,-70.86511651424999],[160.5985365243828,-70.22093621639843],[157.30686477145312,-69.15642968563671],[151.093455347625,-68.8858226910078],[150.89347365817187,-68.53827325253124],[146.87545302828906,-67.99737969784374],[145.58565810641406,-67.22348443417187],[141.1574964853203,-66.72243157772655],[134.20519545992968,-66.18008843807812],[130.27210524996875,-66.25291863827343],[129.00962356051562,-67.02982751278515],[122.45820907076953,-66.64516106991405],[118.28564742526171,-67.07014123348827],[113.01485732516406,-65.76308099178905],[110.60744002780078,-66.05907861141796],[109.40372756442187,-66.71026269344921],[102.63083938082812,-65.92616692928905],[99.65426162203906,-66.54946557430858],[95.72288039645312,-66.5292553081953],[90,-66.6065258160078],[85.52327254733203,-66.91560021786327],[81.81432631930468,-67.30195275692577],[78.25992110690234,-68.38373223690624],[76.86905959567187,-69.31096307186718],[72.54195693453906,-70.23820153622265],[70.30113509616015,-72.01540795712108],[67.36488631686328,-71.70632592587108],[67.51269057711718,-70.46442071346874],[68.95107558688281,-69.88906518368358],[69.77301314791796,-68.63561669735546],[69.37389663180468,-67.84283868221874],[62.805972132292965,-67.61102715878124],[56.62694838961718,-66.94232598690624],[55.14159301241992,-65.96285668758983],[52.45182326754687,-65.9883617535078],[48.96721557101367,-66.97347680477733],[47.305083307830074,-67.7748607769453],[44.79703811129687,-67.74518243221874],[42.56129363497851,-68.11327783016796],[39.6471433969414,-68.93355981258983],[38.33204940280078,-70.02947656063671],[36.07759765109179,-69.59111443905468],[33.54134276827929,-68.54216424374218],[32.74804213961718,-69.34959832577343],[23.707478556243164,-70.5859188213789],[17.603171381560546,-70.08366052059765],[12.657907518950683,-70.31547204403515],[10.339816126433593,-70.70181695370312],[8.485341105071289,-70.08366052059765],[0.681093785372955,-71.31997338680858],[-4.88232704678418,-71.28133813290233],[-7.200421777161377,-70.89499322323437],[-11.141175237091797,-71.59042016415233],[-11.8284835485542,-72.32257501034374],[-16.39551826992871,-73.44488946346874],[-14.45094105282666,-74.06464806942577],[-17.168211903961915,-74.75847283749218],[-18.40453049221875,-75.68571130184765],[-23.581604924591797,-75.91752282528515],[-30.22680183926465,-76.84476128964062],[-33.16305252591016,-77.38564721493358],[-36.40837952175977,-78.62196771053905],[-36.40837952175977,-79.16285363583202],[-29.567681279572266,-79.22431603817577],[-28.91321846524121,-80.47643700985546],[-38.03104874173047,-80.94006005673046],[-43.82627960720899,-81.79002801327343],[-60.2074594167793,-82.3309139385664],[-74.88871475735547,-80.70824853329296],[-76.58865067044141,-79.39465752987499],[-80.76121231594922,-78.23561517147655],[-80.68677231350782,-77.56649438290233],[-74.5023698476875,-78.08107415585155],[-78.59766098538282,-76.61294976620312],[-70.56160446682813,-76.69022027401562],[-64.45729538479688,-75.68571130184765],[-61.366505589875004,-73.90851251034374],[-60.825619664582035,-72.74946252255077],[-61.675587621125004,-70.81772271542187],[-63.83913895169141,-68.65416375546093],[-65.15272995510938,-68.49962273983593],[-65.38453384915235,-67.34058038143749],[-61.134694066437504,-64.86795464901562],[-57.271210637482426,-63.708904661222654],[-58.121178594025395,-63.399822629972654],[-62.91190430203321,-64.71340600399608],[-66.85265823880079,-66.79969445614452],[-67.70262619534375,-66.87696496395702],[-67.08446976223829,-68.65416375546093],[-68.78439804592969,-69.8132137432539],[-67.08446976223829,-71.8222240581953],[-67.62535568753125,-72.74946252255077],[-75.58414169827344,-73.75397149471874],[-81.76572128811719,-74.02441064266796],[-88.56545731106641,-73.25171319393749],[-93.97433945217969,-73.17445031551952],[-96.5242433218086,-73.32898370174999],[-99.78819748440625,-72.9977611675703],[-101.88011642971875,-74.09877435116405],[-100.04510208645704,-75.30987969784374],[-105.64207932034375,-75.06755486874218],[-110.55704971829297,-75.30289117245312],[-113.23789688626172,-74.32137719540233],[-128.97754379788282,-74.91301385311718],[-134.77277084866407,-74.64256707577343],[-140.56799789944532,-75.2607235088789],[-146.67230698147657,-76.11069146542187],[-146.14586350003125,-77.4565242901289],[-149.99490829983594,-77.7333568706953],[-154.16746994534375,-77.11520043758983],[-158.18549057522657,-77.8106273785078],[-154.55382248440625,-79.12421838192577],[-148.604054418,-79.66510430721874],[-145.66779037991407,-80.51507226376171],[-148.8358659414375,-81.36504022030468],[-154.47655197659375,-81.05595818905468],[-152.08118149319532,-82.60135308651562],[-153.3097428945625,-83.94192925839062],[-148.75858017483594,-85.07398644833202],[-156.56282516995313,-85.460331358],[-167.22606369534375,-84.76490441708202],[-180,-84.305344],[-180,-90],[180,-90],[180,-84.302246],[172.58033278903125,-83.84421197323437],[169.76938918551562,-83.41788903622265]]]]},"properties":{"NAME":null,"SUBJECTO":null,"PARTOF":null}},
{"type":"Feature","geometry":{"type":"Polygon","coordinates":[[[2.522131952849609,51.09112127871875],[1.58892014941333,50.821883760408205],[1.274518880454284,50.00430258365039],[0.032870042530281,49.33370550723438],[-1.891543593796509,49.526351533845705],[-1.591356840523499,48.63750036807422],[-3.091225352677125,48.87155111880664],[-3.954837766083497,47.90433844180469],[-2.004645553025025,47.04250296206836],[-1.075199690254944,46.01461752505664],[-1.561407771500367,43.524425111726565],[-1.914577808769959,43.3054157123125],[-0.611982133778351,42.73087652774219],[0.744199428168518,42.77189215274219],[3.087081465331298,42.36864431949024],[3.067900213805419,42.944564424470705],[4.078196081725341,43.48708685489063],[5.828570398894531,43.020816408113284],[7.397118601409179,43.76409491153125],[6.942603621093017,44.86865194888477],[5.934538658337518,45.32212284024432],[5.941489252654296,46.175540529207034],[7.506581816283447,47.60370596499805],[7.729077848998291,48.615619264558596],[6.433043036071044,49.445331178621096],[5.823500189391357,49.50710638614063],[2.875059876052124,50.68182333560352],[2.522131952849609,51.09112127871875]]]},"properties":{"NAME":"France","SUBJECTO":"France","PARTOF":"France"}},
{"type":"Feature","geometry":{"type":"Polygon","coordinates":[[[10.395699534026367,46.88741263003711],[9.53932315928003,47.4872009429331],[8.983487283772465,47.679618759299416],[7.506581816283447,47.60370596499805],[5.941489252654296,46.175540529207034],[6.383716630705969,46.341576204815574],[6.746094491147845,46.48710250305781],[6.776516670160192,46.47343742783546],[6.807361283529001,46.3939942785789],[7.789928946105224,45.92696722598438],[9.884957346526367,46.402530275300784],[10.395699534026367,46.88741263003711]]]},"properties":{"NAME":"Switzerland","SUBJECTO":"Switzerland","PARTOF":"Switzerland"}},
{"type":"Feature","geometry":{"type":"Polygon","coordinates":[[[-59.404269397903875,8.159742308740132],[-60.10378823781484,6.557209588594862],[-58.70292971859624,2.766651242473934],[-57.878895295526476,2.849054684780903],[-57.90046629031785,1.593919481271077],[-56.709626164826176,1.891480408624453],[-57.24637695828321,3.255050979570193],[-57.9950570730293,3.96261366458301],[-57.7639894155586,4.91125401111011],[-57.06514069119336,5.837398611024661],[-57.413666692169926,6.351412378267092],[-58.57506653347852,6.984399877504153],[-59.404269397903875,8.159742308740132]]]},"properties":{"NAME":"British Guiana","SUBJECTO":"British Guiana","PARTOF":"British Guiana"}},
{"type":"Feature","geometry":{"type":"MultiPolygon","coordinates":[[[[-50.22498795071485,-1.735415376707273],[-48.8856935171211,-1.421139515920835],[-48.40189072171094,-0.390650846048551],[-50.50141235867383,-0.261749692245679],[-50.61147781887891,-1.437585391088682],[-50.22498795071485,-1.735415376707273]]],[[[-66.84982773342969,1.011088095620913],[-65.35591599026563,0.56229742617969],[-63.87599274197461,1.880598865464968],[-63.32650467434766,2.061866365388674],[-60.51580544934973,2.189827146325094],[-58.85273834744336,1.154052458719057],[-57.90046629031785,1.593919481271077],[-57.878895295526476,2.849054684780903],[-58.70292971859624,2.766651242473934],[-60.10378823781484,6.557209588594862],[-59.404269397903875,8.159742308740132],[-61.28992935696485,8.770693384126467],[-60.792721715363285,9.388232789949221],[-61.53086563626172,9.850575052217287],[-64.06826111355664,10.626809678987307],[-64.88365646878125,10.135678850129885],[-66.47811600247266,10.678809724763674],[-67.97961136380079,10.542116723970217],[-68.69460007229688,11.379503808931155],[-69.74783798733594,11.533459268525881],[-71.09841629544141,11.120093904451174],[-71.4955567983711,10.646208368257327],[-71.04417130032422,9.391532503083987],[-71.60471817532422,9.091612420991702],[-72.11403366604688,9.904005609468264],[-71.68795486966016,10.769269548372073],[-71.9878663686836,11.607564531282229],[-71.18874832669141,11.911603532747073],[-72.05103012600782,11.721805177644534],[-73.01743790188672,9.735362611726565],[-72.35314652005079,8.315022073701662],[-72.3639650014961,7.469311319307131],[-71.81207748928907,6.970307432130618],[-70.54106613675,7.054156385377688],[-69.3031739858711,6.006098829225344],[-67.76554581204297,6.24412115664844],[-67.81290909329297,4.304731450990481],[-67.22301956692579,3.335538230851931],[-67.7677507070625,2.823716722444338],[-67.0513429311836,1.798135720208926],[-66.84982773342969,1.011088095620913]]]]},"properties":{"NAME":"Venezuela","SUBJECTO":"Venezuela","PARTOF":"Venezuela"}},
{"type":"Feature","geometry":{"type":"Polygon","coordinates":[[[-72.91613480130079,-9.041099943205076],[-66.47409504252889,-9.914960596585976],[-65.30872818508985,-9.81572762875195],[-65.27307602444532,-11.365933813139158],[-64.26138016262891,-12.471878446623045],[-62.0785531667793,-13.10071698574658],[-61.62732788601758,-13.625401891752439],[-60.362946477326176,-13.903864301725584],[-60.03219315091016,-16.328901685758787],[-58.333485570343754,-16.36973039059277],[-58.401696172150395,-17.132511533781248],[-57.59640976467969,-18.04261437801953],[-58.13773056546094,-19.811836637541013],[-57.75164124050977,-20.686239637418943],[-57.80576416531446,-22.153994001432615],[-56.37931534329297,-22.13934174923535],[-55.62278458157422,-22.44621316341992],[-55.349171605500004,-23.778633512541013],[-54.21879288235547,-24.121467985197263],[-54.580407109650395,-25.74334565548535],[-53.61647507229688,-26.27130738644238],[-53.73108002224805,-27.218325056120115],[-54.754723515900395,-27.69419900326367],[-57.57566925564649,-30.40291825680371],[-56.74638077298047,-30.24580041317578],[-55.87414642849805,-31.174250043913084],[-53.893944707306645,-32.04559747128125],[-53.23585220852735,-32.93714562801953],[-53.40556427517774,-33.87947503475781],[-52.35066696682813,-32.67519036678906],[-52.0421876577461,-31.55657235531445],[-50.5817269949043,-30.41646806149121],[-48.93729492703321,-28.69782678036328],[-48.56390854397657,-27.680593885465818],[-48.5161866811836,-25.876251615568357],[-48.72452255764844,-25.425621427580076],[-46.20621201077344,-23.882822431608396],[-45.45921036282422,-23.855831541105466],[-44.56129547634961,-22.989857114835935],[-41.95784470120313,-22.92082253841992],[-40.98350235501172,-22.086429990812498],[-40.93281647244336,-21.2794117107832],[-39.69133850613477,-19.408796705290037],[-39.666134801300785,-18.226957716032224],[-39.14249893704297,-17.77471772579785],[-38.94815537014844,-16.001592077299314],[-39.126217809113285,-14.324533857389646],[-38.79886719265821,-12.627316869779783],[-38.266137090119145,-12.886686719938474],[-37.18652435818555,-10.844699300810056],[-35.59859940091016,-9.627626813932615],[-34.890675511750004,-7.611789144560056],[-35.46437164822461,-5.268277086302],[-37.180600133332035,-4.954271711393552],[-38.78636261502149,-3.604257978483396],[-40.23088928738477,-2.851210989042478],[-42.31647202053907,-2.817604698225217],[-43.33403870144727,-2.432190097852903],[-44.22212311306836,-2.77724377064343],[-44.79592606106641,-1.736357845350462],[-47.23713776150586,-0.680439271017271],[-48.042530980500004,-0.815624035879331],[-49.22114655056836,-2.108145631834226],[-50.6431398061836,-1.882471717878538],[-51.529381719025395,-0.429196335359769],[-49.88430496731641,1.213871084169192],[-50.688080754669926,2.21617230029468],[-51.20926758328321,4.070678792909426],[-51.62341782132032,4.215936265901369],[-52.8463868764961,2.092475019410891],[-54.388329472931645,2.261286817506594],[-54.86057755032422,2.480966173127932],[-56.709626164826176,1.891480408624453],[-57.90046629031785,1.593919481271077],[-58.85273834744336,1.154052458719057],[-60.51580544934973,2.189827146325094],[-63.32650467434766,2.061866365388674],[-63.87599274197461,1.880598865464968],[-65.35591599026563,0.56229742617969],[-66.84982773342969,1.011088095620913],[-67.0553426308314,0.940590960951329],[-66.65980610775793,-2.817006008246812],[-67.25311089236816,-2.553314992864486],[-67.97826118466955,-3.410310792857045],[-69.2307935077356,-3.476233546702625],[-69.90117528681355,-4.378682370319165],[-70.54911514798047,-4.267278112455564],[-72.76932236233594,-5.144761480375486],[-73.06186386624219,-6.519180692716795],[-73.84206100979688,-7.578698553129392],[-72.91613480130079,-9.041099943205076]]]},"properties":{"NAME":"Kingdom of Brazil","SUBJECTO":"Kingdom of Brazil","PARTOF":"Kingdom of Brazil"}},
{"type":"Feature","geometry":{"type":"Polygon","coordinates":[[[-80.22890945950391,-3.471247114225584],[-80.25851913967969,-4.413981832548338],[-79.28623673001172,-5.011907972379881],[-77.40521498458769,-4.333229346695186],[-77.3392922307421,-4.794688623614254],[-75.69122338460258,-5.058379638996579],[-74.6048164012274,-4.359598448233418],[-73.59224290215926,-4.443979573155763],[-72.87500334031934,-3.389215511626462],[-71.06080915448894,-3.937692823621699],[-70.58789536038282,-3.790871776624876],[-70.0522966055,-2.821661867185789],[-70.92306992092969,-2.318394340559202],[-72.95909592190625,-2.451265253111082],[-74.4741716055,-0.572576738878446],[-76.14793106594922,0.345496140435976],[-76.85013290921094,0.137908183053774],[-78.94347855130079,1.380803190187258],[-80.08556076565625,0.817998133615298],[-80.33884903469922,-0.66318116335507],[-80.96610733548047,-1.033107079549985],[-80.22890945950391,-3.471247114225584]]]},"properties":{"NAME":"Ecuador","SUBJECTO":"Ecuador","PARTOF":"Ecuador"}},
{"type":"Feature","geometry":{"type":"MultiPolygon","coordinates":[[[[-68.45589920559766,-52.420181669279295],[-69.58654495755079,-52.14288369564648],[-71.79449936428907,-52.08840600399609],[-72.2487077383125,-50.80414239315625],[-73.15795609036329,-50.85504571346875],[-73.51265427151563,-49.76077691464062],[-72.45835587063672,-48.854298032804685],[-72.38230606594922,-47.57801095394726],[-71.69322678128125,-46.69147912411328],[-71.32415482083204,-44.814110197111326],[-71.78705307522657,-44.10882607845898],[-71.69569870510938,-42.15631143002148],[-71.86021133938672,-40.74824944882031],[-71.36279770413282,-39.028805173917966],[-70.84412857571485,-38.726524747892576],[-71.09505173245313,-36.805218137785154],[-70.39072128811719,-36.16510049252148],[-70.48040482083204,-35.35797921566601],[-69.84002396145704,-33.760845579191404],[-70.5048112539375,-31.68907205013867],[-69.85181900540235,-30.358631528898435],[-69.95096298733594,-29.35612527279492],[-68.82346054592969,-27.2670826092207],[-68.25426956692579,-26.97806779293652],[-68.48017808669798,-25.93931331073885],[-69.21992655378138,-26.060441975472855],[-69.4671368807023,-26.884476398542624],[-70.29117130377207,-26.802072956235648],[-70.84899998023421,-27.280671044895715],[-71.43014999905469,-29.100479520841795],[-71.23363968411329,-29.519295133634763],[-71.69539352932813,-30.85409013180371],[-71.41605087796094,-32.752567686125],[-71.61574265042188,-33.70565453915234],[-72.62884995022657,-35.645878233],[-73.14423080960157,-37.15579644589062],[-73.6725358633125,-37.50085488705273],[-73.19384476223829,-39.56536904720898],[-73.90523239651563,-40.83904305843945],[-72.89088913479688,-41.52911416439648],[-72.43805405178907,-42.30451623348828],[-72.99853226223829,-43.333660520597654],[-73.57108780423047,-46.26491204647656],[-74.56387039700391,-45.87150613216992],[-75.01119705716016,-46.77391091732617],[-73.97875687161329,-47.031700529142576],[-74.31235214749219,-48.745132841154295],[-74.07494827786329,-50.47341576962109],[-73.40807053128125,-52.02383843807812],[-71.87228104153516,-53.69564858822461],[-70.73358627835157,-52.8015064373457],[-68.45589920559766,-52.420181669279295]]],[[[-68.74939438382032,-54.88858453182812],[-68.70525833645704,-53.23463097958203],[-68.70133682766797,-52.72009316830273],[-70.33333298245313,-53.47274438290234],[-68.74939438382032,-54.88858453182812]]]]},"properties":{"NAME":"Chile","SUBJECTO":"Chile","PARTOF":"Chile"}},
{"type":"Feature","geometry":{"type":"Polygon","coordinates":[[[-70.20114278946988,-22.217460822211553],[-69.05511966916742,-22.352287071658903],[-67.93939077430912,-22.05867420459093],[-68.6399659780586,-20.444900907560545],[-68.43294235745313,-19.45914689449902],[-69.51957413235547,-17.191440977140623],[-69.01231857815625,-16.61673776058789],[-69.290821996125,-15.856057561918455],[-68.96826645413282,-13.528956808134275],[-69.62633003080909,-13.430569377385421],[-70.21963481541931,-12.178037054319372],[-73.12070938626172,-9.404513753935056],[-72.91613480130079,-9.041099943205076],[-73.84206100979688,-7.578698553129392],[-73.06186386624219,-6.519180692716795],[-72.76932236233594,-5.144761480375486],[-70.54911514798047,-4.267278112455564],[-69.90117528681355,-4.378682370319165],[-70.58789536038282,-3.790871776624876],[-71.06080915448894,-3.937692823621699],[-72.87500334031934,-3.389215511626462],[-73.59224290215926,-4.443979573155763],[-74.6048164012274,-4.359598448233418],[-75.69122338460258,-5.058379638996579],[-77.3392922307421,-4.794688623614254],[-77.40521498458769,-4.333229346695186],[-79.28623673001172,-5.011907972379881],[-80.25851913967969,-4.413981832548338],[-80.22890945950391,-3.471247114225584],[-81.41761490383985,-4.675080694242673],[-80.61159225979688,-6.369872011228757],[-80.06590744534375,-6.756278909727293],[-79.06024643460157,-8.215522207304197],[-77.75874802151563,-10.65892068295117],[-76.23803421536329,-13.502021230741697],[-76.24178024807813,-14.105595983549314],[-75.2309083608711,-15.221601881071287],[-74.04964157620313,-16.044990934416013],[-71.611866918,-17.22145501522656],[-70.58412643948438,-18.083280958219724],[-70.20851608792188,-19.06719819454785],[-70.20114278946988,-22.217460822211553]]]},"properties":{"NAME":"Peru","SUBJECTO":"Peru","PARTOF":"Peru"}},
{"type":"Feature","geometry":{"type":"Polygon","coordinates":[[[-2.192973938378113,35.05424841494922],[-4.592977490814942,35.151187501863284],[-5.928758588227051,35.72785910220508],[-7.004007783325928,33.874984346345705],[-8.314414945038575,33.33848150821094],[-9.218686070832032,32.580360017732424],[-9.813266721161622,31.289060197786135],[-9.662592854889649,29.954816423372073],[-10.339312520416993,29.14631613345508],[-11.57645889798047,28.228616319612307],[-13.123640027436036,27.546344362214846],[-8.641209569367188,27.566762529329104],[-8.593210187348145,28.641410432771487],[-7.170479741486329,29.476010881379885],[-5.602978196533936,29.872754655793948],[-3.729404654892701,30.89420088382129],[-3.780335154923218,31.555024705842776],[-2.817108598145264,31.992766939119143],[-1.234288897904175,31.989039979890627],[-1.68113121071698,33.257815919832034],[-1.738150325211304,34.60509451480274],[-2.192973938378113,35.05424841494922]]]},"properties":{"NAME":"Morocco","SUBJECTO":"Morocco","PARTOF":"Morocco"}},
{"type":"Feature","geometry":{"type":"Polygon","coordinates":[[[-88.32046219387891,18.49439962954883],[-87.87709518948438,18.380864702180666],[-87.65071579495313,20.189910493806643],[-86.93589493313672,20.97639998050098],[-87.20057388821485,21.528873048738284],[-88.33372208157422,21.59004171939258],[-90.3043533523551,21.052090551567137],[-90.79754166415462,19.24863406257262],[-91.70248123684766,18.823484025911135],[-94.24197098294141,18.240150056794924],[-96.01226517239454,18.929256044343752],[-97.50419327298047,21.189153276399416],[-97.88202377835157,22.33262213321094],[-97.82254501858594,24.20810469241504],[-97.2599610952461,25.811372362092776],[-99.09998795071485,26.40879400821094],[-99.60426804104688,27.46897467227344],[-101.03329178372266,29.32622679324512],[-102.44769760647657,29.687442384675784],[-103.5860108999336,29.05687864871387],[-104.57434555569532,29.579730592683596],[-105.12630936184766,30.614627443269534],[-106.54451462307813,31.702058397249026],[-108.2321061758125,31.724301897004885],[-108.37103745022657,31.277612291291994],[-111.08886429348829,31.306699357942385],[-114.62180801907422,32.42695578189258],[-114.88409134426954,32.635718904451174],[-117.17368027249219,32.520553194001955],[-115.60230728665235,29.685151658967776],[-114.06728836575391,28.42289312930469],[-114.4778566030586,27.243947587922854],[-112.41098495999219,26.19277151675586],[-112.16581436673047,25.01066740603809],[-110.22465988675,23.39993818850879],[-110.20493790188672,24.31546553225879],[-110.79756638089063,24.880048356965823],[-112.86987015286329,28.334659181550784],[-114.68277451077344,30.14322432132129],[-114.83865067044141,31.815496049836916],[-113.0520753530586,31.13870009036426],[-112.65433212796094,29.91851194949512],[-111.69163223782422,28.496102891877932],[-110.6044435171211,27.856137834504885],[-110.38207718411329,27.214393220857424],[-109.13188644925,26.288686357454104],[-108.01261612454297,24.981280885652346],[-105.53994461575391,22.284598909333987],[-105.29104324856641,20.67039068789844],[-105.67043015042188,20.351729951814455],[-104.94791122952344,19.43783911319141],[-103.49393936673047,18.353892885164065],[-101.9926042226875,18.02653082461719],[-101.2207765249336,17.41792257876758],[-98.85616013089063,16.596610628083987],[-97.88092514553907,16.052028261140627],[-96.3329362539375,15.750238977388186],[-95.13016983548047,16.299468599275393],[-94.0753907827461,16.11115988345508],[-92.15540024319532,14.542796693757815],[-92.24351212063672,15.282212816194338],[-91.75949570217969,16.097781740144534],[-90,16.097781740144534],[-90,16.816388688997073],[-91.0760011343086,16.92049940677051],[-91.00987717190625,17.836225114778323],[-89.15433975735547,17.831187807039065],[-88.32046219387891,18.49439962954883]]]},"properties":{"NAME":"Mexico","SUBJECTO":"Mexico","PARTOF":"Mexico"}},
{"type":"Feature","geometry":{"type":"Polygon","coordinates":[[[107.87561324557421,21.462068162874026],[107.09811690768359,21.649287782625002],[105.94114211520312,22.9314037189043],[105.31343368014453,23.296004854158205],[104.47811416110156,22.78323134036426],[101.96785262545703,22.533715806916994],[102.99293807467578,20.939632020906252],[104.12909224948046,20.939910493806643],[104.71581557711718,20.200439058259768],[103.89931014498828,19.313087068513674],[104.81215957125781,18.721570573762698],[106.63819411715625,16.484338365510744],[107.10751632174609,16.169568620637698],[107.38697365112833,14.55689789165046],[107.38450149020312,12.354075990632815],[105.84254744967578,11.5827070102251],[106.7043943735039,10.448421083406252],[107.41204360446093,10.367358766511721],[109.07335189303515,11.635222040132327],[109.30712417086718,12.906332574800295],[108.78612044772265,15.090558610872073],[108.23614791354296,16.080380998567385],[106.43306258639453,17.55027922244434],[105.53258040866015,18.84421118350391],[105.84338668307421,19.702409349397463],[106.80704024752734,20.905006013826174],[107.87561324557421,21.462068162874026]]]},"properties":{"NAME":"Annam","SUBJECTO":"Annam","PARTOF":"Annam"}},
{"type":"Feature","geometry":{"type":"Polygon","coordinates":[[[31.72662626931118,-26.153532531132512],[31.66327011020555,-27.040518758611316],[32.82535608528819,-27.134544365719094],[32.49971297701953,-26.06808701901074],[33.347266230193355,-25.303612150236326],[34.88371947726367,-24.722015775724607],[35.29743102511523,-23.825008787199216],[35.26076034030078,-22.274328626676756],[34.69901565035937,-20.572248853727537],[34.72620299777148,-19.860380567594724],[35.91478255709765,-19.031639493986326],[37.2753172250664,-17.71316186337109],[39.471255335417965,-16.717016614958006],[40.38579848727343,-15.7363266125166],[40.59920791110156,-14.401239790006834],[40.311343226042965,-11.344973005338865],[40.52401259860156,-10.550122655912595],[39.0648189184586,-11.208778331062327],[39.53340495386284,-12.243925381783296],[39.743260293247644,-13.712912757477],[39.63833262355524,-15.286827802863112],[39.21862194478561,-15.706538481632741],[37.64470689939951,-16.021321490709962],[36.38557486309061,-16.96567051794163],[35.546153505551345,-16.96567051794163],[33.812282772804735,-15.728311939458957],[33.08642184352078,-16.401455412580233],[34.269778117747975,-17.61698980826562],[33.66827626985358,-20.323748123790445],[33.96902719380077,-23.23100705528008],[33.467775653888765,-24.53426105905129],[31.763520418187955,-25.637014446857705],[31.72662626931118,-26.153532531132512]]]},"properties":{"NAME":"Mozambique","SUBJECTO":"Portugal","PARTOF":"Mozambique"}},
{"type":"Feature","geometry":{"type":"Polygon","coordinates":[[[16.334208521453125,-28.560795225187498],[16.78830054720996,-29.138924039884763],[18.178561243621093,-31.805298246427732],[18.487156900969726,-34.39771691708203],[20.256072077361328,-34.62289086727734],[21.66930106600879,-34.5056079998457],[22.681775126067382,-34.10311547665234],[24.429938349333984,-34.33470193295117],[26.658656153289062,-33.84707299618359],[28.92185309847949,-32.297909177824216],[29.974251594760446,-31.27432746987055],[29.157012410645528,-30.850030461942556],[28.69175794932138,-29.96970122945301],[26.892398053446286,-30.574141614374994],[26.384705816824514,-30.422038762479225],[25.74850193924389,-30.549279537995353],[24.173943843495977,-29.54728802251941],[23.54299516363107,-29.14577522624174],[22.60264727475615,-29.663066815430934],[21.99199618275404,-28.58681800505014],[20.735986540123843,-28.744773994312133],[19.84039023837207,-28.444218076749998],[19.128987345305664,-28.947578825041013],[17.706597361174804,-28.87307206539746],[17.008498224822265,-28.071873106046873],[16.334208521453125,-28.560795225187498]]]},"properties":{"NAME":"Cape Colony","SUBJECTO":"Cape Colony","PARTOF":"Cape Colony"}},
{"type":"Feature","geometry":{"type":"Polygon","coordinates":[[[28.69175794932138,-29.96970122945301],[29.157012410645528,-30.850030461942556],[29.974251594760446,-31.27432746987055],[31.32680506827905,-29.509405299743122],[30.391695203756782,-28.495351228051927],[29.085958200357457,-28.498020292251653],[28.69175794932138,-29.96970122945301]]]},"properties":{"NAME":"Natal","SUBJECTO":"Natal","PARTOF":"Natal"}},
{"type":"Feature","geometry":{"type":"Polygon","coordinates":[[[28.69175794932138,-29.96970122945301],[29.085958200357457,-28.498020292251653],[28.89726952636735,-28.50727297679057],[27.22089826264302,-29.17801572528888],[26.384705816824514,-30.422038762479225],[26.892398053446286,-30.574141614374994],[28.69175794932138,-29.96970122945301]]]},"properties":{"NAME":"Basutoland","SUBJECTO":"Basutoland","PARTOF":"Basutoland"}},
{"type":"Feature","geometry":{"type":"Polygon","coordinates":[[[32.303435358611324,-28.134109891935545],[31.257676459253442,-27.63728760307916],[30.69336168803883,-27.57615704133216],[30.391695203756782,-28.495351228051927],[31.32680506827905,-29.509405299743122],[32.234744104949215,-28.74441758541699],[32.303435358611324,-28.134109891935545]]]},"properties":{"NAME":"Zululand","SUBJECTO":"Zululand","PARTOF":"Zululand"}},
{"type":"Feature","geometry":{"type":"Polygon","coordinates":[[[32.303435358611324,-28.134109891935545],[32.82535608528819,-27.134544365719094],[31.66327011020555,-27.040518758611316],[31.257676459253442,-27.63728760307916],[32.303435358611324,-28.134109891935545]]]},"properties":{"NAME":null,"SUBJECTO":null,"PARTOF":null}},
{"type":"Feature","geometry":{"type":"Polygon","coordinates":[[[31.257676459253442,-27.63728760307916],[31.66327011020555,-27.040518758611316],[31.72662626931118,-26.153532531132512],[31.2642738844356,-25.68513459468926],[30.558511716239497,-26.84001814264652],[30.69336168803883,-27.57615704133216],[31.257676459253442,-27.63728760307916]]]},"properties":{"NAME":"Swaziland","SUBJECTO":"Swaziland","PARTOF":"Swaziland"}},
{"type":"Feature","geometry":{"type":"Polygon","coordinates":[[[28.89726952636735,-28.50727297679057],[29.298238628511424,-26.98281307733173],[28.416035918266292,-26.501611599016204],[27.21303222247748,-26.98281307733173],[25.609027294759066,-27.223413816489487],[25.12782581644354,-27.544214802033174],[24.646624338128017,-28.98781923697975],[24.173943843495977,-29.54728802251941],[25.74850193924389,-30.549279537995353],[26.384705816824514,-30.422038762479225],[27.22089826264302,-29.17801572528888],[28.89726952636735,-28.50727297679057]]]},"properties":{"NAME":"Orange Free State","SUBJECTO":"Orange Free State","PARTOF":"Orange Free State"}},
{"type":"Feature","geometry":{"type":"Polygon","coordinates":[[[30.69336168803883,-27.57615704133216],[30.558511716239497,-26.84001814264652],[29.298238628511424,-26.98281307733173],[28.89726952636735,-28.50727297679057],[29.085958200357457,-28.498020292251653],[30.391695203756782,-28.495351228051927],[30.69336168803883,-27.57615704133216]]]},"properties":{"NAME":null,"SUBJECTO":null,"PARTOF":null}},
{"type":"Feature","geometry":{"type":"Polygon","coordinates":[[[25.12782581644354,-27.544214802033174],[25.609027294759066,-27.223413816489487],[27.21303222247748,-26.98281307733173],[28.416035918266292,-26.501611599016204],[29.298238628511424,-26.98281307733173],[30.558511716239497,-26.84001814264652],[31.2642738844356,-25.68513459468926],[31.86464651286089,-24.817406424911866],[31.86464651286089,-22.41139903333424],[31.543845527317206,-21.84999730863279],[29.458639121283266,-21.529196323089106],[26.526518113414,-23.319265822422864],[26.42386179804002,-24.191844503101684],[25.368426555601303,-24.73720617852594],[25.04762557005762,-26.100610367086595],[25.12782581644354,-27.544214802033174]]]},"properties":{"NAME":"Transvaal","SUBJECTO":"Transvaal","PARTOF":"Transvaal"}},
{"type":"Feature","geometry":{"type":"Polygon","coordinates":[[[24.173943843495977,-29.54728802251941],[24.646624338128017,-28.98781923697975],[25.12782581644354,-27.544214802033174],[23.27520012492877,-27.303614062875408],[21.99199618275404,-28.58681800505014],[22.60264727475615,-29.663066815430934],[23.54299516363107,-29.14577522624174],[24.173943843495977,-29.54728802251941]]]},"properties":{"NAME":"Griqualand West","SUBJECTO":"Griqualand West","PARTOF":"Griqualand West"}},
{"type":"Feature","geometry":{"type":"Polygon","coordinates":[[[27.963706528649702,-18.391762684471885],[26.42386179804002,-18.597075315219843],[25.602611275048194,-19.67496662664662],[25.75659574810916,-20.290904518890493],[26.783158901848946,-20.598873465012428],[27.963706528649702,-19.828951099707588],[28.990269682389492,-19.46965399589866],[29.195582313137447,-18.85371610365479],[27.963706528649702,-18.391762684471885]]]},"properties":{"NAME":"Ndebele","SUBJECTO":"Ndebele","PARTOF":"Ndebele"}},
{"type":"Feature","geometry":{"type":"Polygon","coordinates":[[[27.501753109466797,-22.24137451099609],[27.039799690283893,-21.47145214569125],[25.397298644300232,-22.087390037935123],[25.089329698178293,-22.549343457118027],[25.859252063483137,-23.267937664735875],[27.501753109466797,-22.24137451099609]]]},"properties":{"NAME":"Ngwato","SUBJECTO":"Ngwato","PARTOF":"Ngwato"}},
{"type":"Feature","geometry":{"type":"Polygon","coordinates":[[[27.47647856618519,-16.87898488339611],[28.034766329021384,-14.962756288793486],[27.632002136720775,-14.40508279176187],[25.370326287648115,-13.862900225203354],[23.91417882317668,-14.296646278450165],[23.093159508102364,-15.458466063932697],[23.217086951887165,-16.80617701509243],[24.111826113361655,-17.645341706529752],[24.90251762876696,-17.814251686225028],[26.41649644723481,-17.615372028778292],[27.47647856618519,-16.87898488339611]]]},"properties":{"NAME":"Lozi","SUBJECTO":"Lozi","PARTOF":"Lozi"}},
{"type":"Feature","geometry":{"type":"Polygon","coordinates":[[[39.0648189184586,-11.208778331062327],[40.52401259860156,-10.550122655912595],[39.65761474093554,-9.795738615080076],[39.27012542208789,-7.801093496366697],[39.56642821749804,-7.044216074033933],[38.92152694186328,-6.340208925291257],[39.2672720285332,-4.776162542387205],[40.23441604098437,-3.191706575437742],[42.440066370574215,-0.511580146833616],[43.33258570400096,0.405233867901636],[41.65014686110898,1.20079579365952],[40.91148173463745,0.018931591305055],[39.87735055757729,0.018931591305055],[39.951217070224445,-1.015199585755095],[37.73522169080984,-2.344796813403864],[37.66135517816268,-3.378927990464021],[38.25228727933991,-3.895993578994098],[37.956821228751295,-4.856258243407098],[37.956821228751295,-6.776787572233097],[36.1840249252196,-7.441586186057481],[36.03629189992529,-8.549583875764789],[38.32615379198707,-9.066649464294866],[39.0648189184586,-11.208778331062327]]]},"properties":{"NAME":"Sultinate of Zanzibar","SUBJECTO":"Sultinate of Zanzibar","PARTOF":"Sultinate of Zanzibar"}},
{"type":"Feature","geometry":{"type":"Polygon","coordinates":[[[33.812282772804735,-15.728311939458957],[34.14408638591502,-14.781239050271013],[33.67410238089653,-13.46528383621924],[32.499142368350306,-12.525315826182263],[31.74716796032072,-12.760307828691506],[30.666204748778192,-13.606279037724788],[29.961228741250455,-14.875235851274711],[30.196220743759703,-16.097194264322784],[30.94819515178929,-16.708173470846823],[32.35814716684476,-16.80217027185052],[33.08642184352078,-16.401455412580233],[33.812282772804735,-15.728311939458957]]]},"properties":{"NAME":"Shona","SUBJECTO":"Shona","PARTOF":"Shona"}},
{"type":"Feature","geometry":{"type":"Polygon","coordinates":[[[24.36841908153043,-13.653277438226638],[25.496380693574803,-13.0422982317026],[26.06036149959699,-11.867338219156375],[25.026396688556314,-10.833373408115698],[24.227423880024883,-10.880371808617548],[22.911468665973107,-11.491351015141582],[22.441484660954618,-12.102330221665621],[22.629478262962014,-13.559280637222939],[23.663443074002693,-13.841271040234034],[24.36841908153043,-13.653277438226638]]]},"properties":{"NAME":"Barotse","SUBJECTO":"Barotse","PARTOF":"Barotse"}},
{"type":"Feature","geometry":{"type":"Polygon","coordinates":[[[32.8751295723651,1.527205923870589],[33.345113577383586,1.90319312788538],[32.6871359703577,2.655167535914966],[31.37118075630593,2.32617873240202],[30.243219144261552,0.869228316844703],[30.00822714175231,-0.164736494195976],[30.90119675128744,-0.446726897207069],[31.653171159317022,0.728233115339158],[32.8751295723651,1.527205923870589]]]},"properties":{"NAME":"Bunyoro","SUBJECTO":"Bunyoro","PARTOF":"Bunyoro"}},
{"type":"Feature","geometry":{"type":"Polygon","coordinates":[[[31.136188753796684,-1.480691708247745],[32.10108406774572,-1.465241311088907],[33.32373201857578,-0.112970614977093],[32.8751295723651,1.527205923870589],[31.653171159317022,0.728233115339158],[30.90119675128744,-0.446726897207069],[30.816971894942544,-1.108427149817259],[31.136188753796684,-1.480691708247745]]]},"properties":{"NAME":"Buganda","SUBJECTO":"Buganda","PARTOF":"Buganda"}},
{"type":"Feature","geometry":{"type":"Polygon","coordinates":[[[26.779829445560726,-11.817907284253542],[27.191065449951903,-12.346639289899343],[28.718513466262,-12.640379293035897],[29.18849747128049,-11.935403285508162],[30.657197486963266,-11.524167281116984],[31.30342549386369,-10.936687274843873],[31.127181491981755,-9.232995256651845],[29.012253469398548,-8.175531245360242],[27.426057452461148,-8.293027246614866],[26.721081444933414,-10.819191273589249],[26.779829445560726,-11.817907284253542]]]},"properties":{"NAME":"Yeke","SUBJECTO":"Yeke","PARTOF":"Yeke"}},
{"type":"Feature","geometry":{"type":"Polygon","coordinates":[[[29.423489473789733,-4.474407205839633],[29.540985475044355,-6.413091226540905],[30.3047094831994,-7.11806723406864],[31.068433491354444,-8.58676724975142],[32.30214150452798,-8.293027246614866],[33.183361513937655,-7.411807237205196],[34.18207752460194,-5.414375215876614],[31.068433491354444,-4.239415203330385],[30.657197486963266,-3.710683197684585],[30.24596148257209,-4.298163203957699],[29.423489473789733,-4.474407205839633]]]},"properties":{"NAME":"Mirambo Unyanyembe Ukimbu","SUBJECTO":"Mirambo Unyanyembe Ukimbu","PARTOF":"Mirambo Unyanyembe Ukimbu"}},
{"type":"Feature","geometry":{"type":"Polygon","coordinates":[[[30.657197486963266,-3.710683197684585],[30.187213481944777,-3.005707190156848],[29.30599347253511,-3.886927199566518],[29.423489473789733,-4.474407205839633],[30.24596148257209,-4.298163203957699],[30.657197486963266,-3.710683197684585]]]},"properties":{"NAME":"Burundi","SUBJECTO":"Burundi","PARTOF":"Burundi"}},
{"type":"Feature","geometry":{"type":"Polygon","coordinates":[[[32.83087351017379,-3.005707190156848],[31.185929492609073,-3.123203191411474],[31.30342549386369,-4.063171201448451],[32.65462950829185,-4.415659205212318],[33.770841520210766,-3.769431198311896],[32.83087351017379,-3.005707190156848]]]},"properties":{"NAME":"Nguni","SUBJECTO":"Nguni","PARTOF":"Nguni"}},
{"type":"Feature","geometry":{"type":"Polygon","coordinates":[[[30.816971894942544,-1.108427149817259],[29.482237474417044,-1.889495178237937],[29.658481476298977,-2.535723185138359],[30.42220548445402,-2.711967187020292],[31.068433491354444,-2.359479183256425],[31.136188753796684,-1.480691708247745],[30.816971894942544,-1.108427149817259]]]},"properties":{"NAME":"Rwanda","SUBJECTO":"Rwanda","PARTOF":"Rwanda"}},
{"type":"Feature","geometry":{"type":"Polygon","coordinates":[[[27.661049454970392,-6.354343225913595],[28.83600946751662,-6.354343225913595],[28.718513466261992,-5.296879214621992],[28.13103345998888,-4.474407205839633],[29.012253469398555,-3.651935197057277],[28.777261466889303,-3.005707190156853],[27.308561451206526,-2.653219186392985],[27.249813450579214,-1.067023169455581],[26.368593441169548,0.284180844972578],[25.89860943615105,0.342928845599889],[23.254949407922048,-0.714535165691714],[22.784965402903556,-1.360763172592135],[23.666185412313226,-2.183235181374496],[24.72364942360483,-3.82817919893921],[24.57888357678681,-5.245706171095623],[25.25238142925063,-6.17809922403166],[26.251097439914926,-6.530587227795529],[27.661049454970392,-6.354343225913595]]]},"properties":{"NAME":"Sultanate of Utetera","SUBJECTO":"Sultanate of Utetera","PARTOF":"Sultanate of Utetera"}},
{"type":"Feature","geometry":{"type":"Polygon","coordinates":[[[25.25238142925063,-6.17809922403166],[24.488657421095585,-6.824327230932086],[24.31241341921365,-7.470555237832508],[24.66490142297752,-8.469271248496801],[25.487373431759874,-8.645515250378734],[27.132317449324592,-8.293027246614868],[27.661049454970392,-6.354343225913595],[26.251097439914926,-6.530587227795529],[25.25238142925063,-6.17809922403166]]]},"properties":{"NAME":"Lunda","SUBJECTO":"Lunda","PARTOF":"Lunda"}},
{"type":"Feature","geometry":{"type":"Polygon","coordinates":[[[24.57888357678681,-5.245706171095623],[23.84242941419516,-5.531871217131236],[23.607437411685915,-6.413091226540905],[24.488657421095585,-6.824327230932086],[25.25238142925063,-6.17809922403166],[24.57888357678681,-5.245706171095623]]]},"properties":{"NAME":"Luba","SUBJECTO":"Luba","PARTOF":"Luba"}},
{"type":"Feature","geometry":{"type":"Polygon","coordinates":[[[22.726217402276244,-4.76814720897619],[22.314981397885067,-3.82817919893921],[21.375013387848085,-3.651935197057277],[20.9050293828296,-4.121919202075766],[20.728785380947663,-5.531871217131236],[21.198769385966152,-6.706831229677462],[22.256233397257756,-6.58933522842284],[22.784965402903556,-5.355627215249303],[22.726217402276244,-4.76814720897619]]]},"properties":{"NAME":"Kuba","SUBJECTO":"Kuba","PARTOF":"Kuba"}},
{"type":"Feature","geometry":{"type":"Polygon","coordinates":[[[12.300918963197555,-14.560185316619062],[14.420304022635968,-12.660497882360142],[14.677741316334602,-11.759159283626232],[14.368396765645107,-9.637939507469682],[14.090261310061491,-7.705547240341755],[13.023100692056023,-7.605400402203144],[13.476829561797363,-8.416032232328611],[13.20385173281787,-9.636731542631345],[13.816288981047851,-10.976270116850095],[13.649036440459472,-12.19675961880322],[12.585389170256835,-13.463659681364256],[12.300918963197555,-14.560185316619062]]]},"properties":{"NAME":"Angola (Portugal)","SUBJECTO":"Portugal","PARTOF":"Portugal"}},
{"type":"Feature","geometry":{"type":"Polygon","coordinates":[[[14.420304022635968,-12.660497882360142],[16.146441332017385,-13.05161529742708],[16.087693331390074,-9.820475262924962],[14.368396765645107,-9.637939507469682],[14.677741316334602,-11.759159283626232],[14.420304022635968,-12.660497882360142]]]},"properties":{"NAME":"Ovimbundu","SUBJECTO":"Ovimbundu","PARTOF":"Ovimbundu"}},
{"type":"Feature","geometry":{"type":"Polygon","coordinates":[[[16.087693331390074,-9.820475262924962],[16.91016534017243,-9.93797126417958],[17.615141347700167,-9.291743257279158],[16.91016534017243,-8.058035244105623],[15.556873833336196,-7.734772134054833],[14.971481319471161,-7.705547240341755],[14.090261310061491,-7.705547240341755],[14.368396765645107,-9.637939507469682],[16.087693331390074,-9.820475262924962]]]},"properties":{"NAME":"Mbailundu","SUBJECTO":"Mbailundu","PARTOF":"Mbailundu"}},
{"type":"Feature","geometry":{"type":"Polygon","coordinates":[[[14.971481319471161,-7.705547240341755],[14.567982856626017,-6.282985898322372],[14.03151330943418,-5.120635212740059],[13.419070095226779,-4.55530301501015],[12.562813293751397,-4.298163203957699],[11.851424796393308,-4.710019702428172],[13.023100692056023,-7.605400402203144],[14.090261310061491,-7.705547240341755],[14.971481319471161,-7.705547240341755]]]},"properties":{"NAME":"Congo","SUBJECTO":"France","PARTOF":"Congo"}},
{"type":"Feature","geometry":{"type":"Polygon","coordinates":[[[14.567982856626017,-6.282985898322372],[15.382717323862337,-5.766863219640483],[16.028945330762763,-4.76814720897619],[16.352059334212974,-4.445033205525977],[16.675173337663185,-4.121919202075766],[15.969932699501992,-3.08509638019376],[15.088977320725782,-2.888211188902229],[14.384001313198047,-3.181951192038786],[13.419070095226779,-4.55530301501015],[14.03151330943418,-5.120635212740059],[14.567982856626017,-6.282985898322372]]]},"properties":{"NAME":"Teke","SUBJECTO":"Teke","PARTOF":"Teke"}},
{"type":"Feature","geometry":{"type":"Polygon","coordinates":[[[15.556873833336196,-7.734772134054833],[16.028945330762763,-4.76814720897619],[15.382717323862337,-5.766863219640483],[14.567982856626017,-6.282985898322372],[14.971481319471161,-7.705547240341755],[15.556873833336196,-7.734772134054833]]]},"properties":{"NAME":null,"SUBJECTO":null,"PARTOF":null}},
{"type":"Feature","geometry":{"type":"Polygon","coordinates":[[[16.91016534017243,-8.058035244105623],[18.08512535271866,-5.825611220267794],[17.73263734895479,-5.120635212740059],[16.352059334212974,-4.445033205525977],[16.028945330762763,-4.76814720897619],[15.556873833336196,-7.734772134054833],[16.91016534017243,-8.058035244105623]]]},"properties":{"NAME":"Yaka","SUBJECTO":"Yaka","PARTOF":"Yaka"}},
{"type":"Feature","geometry":{"type":"Polygon","coordinates":[[[54.98280119760018,17.01539696668171],[55.561072382537105,17.937171541169924],[56.25759032687304,17.97677382083301],[56.73888686617968,18.689376436189455],[57.83862975558398,19.034806810334963],[57.80608275851367,20.171960435823244],[58.51204970797656,20.421229921296877],[59.837283167449215,22.279178224519534],[58.62849334200976,23.458295427278323],[57.14619735201953,23.98247107119922],[56.28163579119848,25.46239995669844],[56.12564659675327,24.096015726262426],[58.38445899814272,21.976231318069924],[56.42553926211767,19.62696005151481],[56.131799258981104,18.892610043673418],[54.88340424565074,18.15826003583203],[54.98280119760018,17.01539696668171]]]},"properties":{"NAME":"Oman","SUBJECTO":"Oman","PARTOF":"Oman"}},
{"type":"Feature","geometry":{"type":"Polygon","coordinates":[[[56.12564659675327,24.096015726262426],[54.95683924643488,23.445580092290044],[51.505394209580345,23.372145091505903],[50.774767380820705,24.154366214762454],[49.70419928565464,24.410299554867095],[49.39540370586717,26.077795685719416],[48.46901696650477,26.69538684529435],[47.43863967379687,28.829289995149416],[46.90507516233225,29.437615717313662],[44.08318025148226,30.33699169320539],[40.02912202509114,34.39104991959652],[38.03644933754296,34.59718847348081],[37.211895122005785,33.56649570405934],[36.52476660905813,31.161545908742568],[36.593479460352896,29.78728888284727],[37.643553425992124,27.355852165760666],[39.755794084118094,25.428325113461796],[40.85731909588017,24.987715108756962],[41.07042045024812,22.262737159805738],[41.8124565280542,21.71258711067685],[41.922550675010456,20.766511713374978],[45.557159146065075,17.20360502563822],[45.70402914763336,16.17551501466027],[45.26341914292853,13.825594989567826],[45.41116039908778,13.090445668780808],[46.601199183074215,13.400545679048342],[49.33384993991015,14.632695756868166],[51.312563929167965,15.246890626863284],[52.135169062224605,15.687059961274905],[52.894324335662105,16.60995253177051],[54.084258112517574,17.01911886783008],[54.98280119760018,17.01539696668171],[54.88340424565074,18.15826003583203],[56.131799258981104,18.892610043673418],[56.42553926211767,19.62696005151481],[58.38445899814272,21.976231318069924],[56.12564659675327,24.096015726262426]]]},"properties":{"NAME":"Arabia","SUBJECTO":"Arabia","PARTOF":"Arabia"}},
{"type":"Feature","geometry":{"type":"Polygon","coordinates":[[[56.28163579119848,25.46239995669844],[55.45719817599414,25.420184694246096],[54.34709838351367,24.15445288272266],[53.68676284274218,23.98748167605762],[51.29141524752734,24.281367860750002],[50.968333277312496,24.436244569734377],[50.774767380820705,24.154366214762454],[51.505394209580345,23.372145091505903],[54.95683924643488,23.445580092290044],[56.12564659675327,24.096015726262426],[56.28163579119848,25.46239995669844]]]},"properties":{"NAME":"Trucial Oman","SUBJECTO":"Trucial Oman","PARTOF":"Trucial Oman"}},
{"type":"Feature","geometry":{"type":"Polygon","coordinates":[[[50.968333277312496,24.436244569734377],[51.29141524752734,24.281367860750002],[51.586672815886715,25.60911902041797],[50.84732345065234,25.265224061921877],[50.968333277312496,24.436244569734377]]]},"properties":{"NAME":"Qatar","SUBJECTO":"Qatar","PARTOF":"Qatar"}},
{"type":"Feature","geometry":{"type":"Polygon","coordinates":[[[8.329779915931208,32.64876101457662],[7.581201586333496,34.04101523013477],[8.217679056731445,34.58479269595508],[8.272001299468261,36.322791658357424],[8.636709246245605,36.885257326082034],[5.144465002623779,36.66767843814258],[1.057602915374023,36.461856447175784],[-2.192973938378113,35.05424841494922],[-1.738150325211304,34.60509451480274],[-1.68113121071698,33.257815919832034],[-1.234288897904175,31.989039979890627],[1.365999816030218,30.94916671122062],[4.810099482391564,33.26317117455715],[8.329779915931208,32.64876101457662]]]},"properties":{"NAME":"Algeria (FR)","SUBJECTO":"France","PARTOF":"Algeria"}},
{"type":"Feature","geometry":{"type":"Polygon","coordinates":[[[12.497137689041853,12.218671680249173],[16.487749913648006,12.006618546233215],[17.725473231246614,14.589693296004226],[17.725473231246614,15.98885878546352],[17.294960772951445,16.68844153019317],[17.187332658377652,18.249049191513155],[15.572910939770773,18.571933535234532],[15.1962125387625,17.280396160349028],[13.904675163876997,15.935044728176624],[13.402925297195976,15.80960726150637],[12.182625330696323,15.504532269881457],[11.597707137291309,14.064871233842391],[12.497137689041853,12.218671680249173]]]},"properties":{"NAME":"Kanem-Bornu","SUBJECTO":"Kanem-Bornu","PARTOF":"Kanem-Bornu"}},
{"type":"Feature","geometry":{"type":"Polygon","coordinates":[[[6.0265307529232,8.193238234199871],[3.46325065078149,8.339711382893682],[3.243540927740771,7.314399342036999],[5.513874732494859,6.874979895955564],[6.173003901617015,7.387635916383905],[6.0265307529232,8.193238234199871]]]},"properties":{"NAME":"Ibadan","SUBJECTO":"Ibadan","PARTOF":"Ibadan"}},
{"type":"Feature","geometry":{"type":"Polygon","coordinates":[[[5.419493708220703,4.955793939546389],[6.099767327270108,5.849667855098877],[4.634121450988037,6.212299905732912],[5.448192152587158,5.476928792909426],[5.419493708220703,4.955793939546389]]]},"properties":{"NAME":"Benin","SUBJECTO":"Benin","PARTOF":"Benin"}},
{"type":"Feature","geometry":{"type":"Polygon","coordinates":[[[2.832288877196385,6.351051533510095],[4.072063479033691,6.439846120790286],[3.316777502087678,7.094689618996281],[2.832288877196385,6.351051533510095]]]},"properties":{"NAME":"Lagos","SUBJECTO":"Lagos","PARTOF":"Lagos"}},
{"type":"Feature","geometry":{"type":"Polygon","coordinates":[[[2.712774649924253,6.345689945246258],[2.192522849288322,6.765710927029975],[2.173683044679561,6.289665275583854],[2.712774649924253,6.345689945246258]]]},"properties":{"NAME":"Cotonou","SUBJECTO":"Cotonou","PARTOF":"Cotonou"}},
{"type":"Feature","geometry":{"type":"Polygon","coordinates":[[[-0.11885101029517,5.572919450715823],[-0.769750109895336,6.240751162111353],[-1.857166765798195,5.90327702752081],[-2.716545787247437,5.039863668397707],[-2.031221595200318,4.698200784639162],[-0.11885101029517,5.572919450715823]]]},"properties":{"NAME":"Gold Coast (GB)","SUBJECTO":"Great Britain","PARTOF":"Gold Coast (GB)"}},
{"type":"Feature","geometry":{"type":"Polygon","coordinates":[[[-5.239403180630699,5.192804800899247],[-3.091446128281373,5.159785829500002],[-3.319554682357215,5.828282775389578],[-4.294479960063229,6.203254036045736],[-5.239403180630699,5.192804800899247]]]},"properties":{"NAME":"Ivory Coast","SUBJECTO":"Ivory Coast","PARTOF":"Ivory Coast"}},
{"type":"Feature","geometry":{"type":"Polygon","coordinates":[[[0.802637848464233,5.714715085939211],[0.242672293876295,6.878202305226822],[-0.994732866289031,7.478156322276678],[-1.817709605192711,7.290670691948598],[-2.501114955741762,6.468163910419633],[-2.803544488343018,5.185831151918215],[-2.716545787247437,5.039863668397707],[-1.857166765798195,5.90327702752081],[-0.769750109895336,6.240751162111353],[-0.11885101029517,5.572919450715823],[0.802637848464233,5.714715085939211]]]},"properties":{"NAME":"Asante","SUBJECTO":"Asante","PARTOF":"Asante"}},
{"type":"Feature","geometry":{"type":"Polygon","coordinates":[[[-12.310271883091456,7.64533093656629],[-11.568922416792713,8.528075852113922],[-11.381436786464633,9.540498255885552],[-12.2438706859738,9.840475264410479],[-13.178287828528982,9.092234617798498],[-13.212491002472657,8.347035966829104],[-12.310271883091456,7.64533093656629]]]},"properties":{"NAME":"Sierra Leone","SUBJECTO":"Sierra Leone","PARTOF":"Sierra Leone"}},
{"type":"Feature","geometry":{"type":"Polygon","coordinates":[[[-12.310271883091456,7.64533093656629],[-12.26394268551709,7.351388536409182],[-9.778889024476829,5.70687989261459],[-9.544077609249454,6.390739666373816],[-10.069037374168078,7.590647700473525],[-10.893974147611626,7.62814482653914],[-11.568922416792713,8.528075852113922],[-12.310271883091456,7.64533093656629]]]},"properties":{"NAME":"Liberia","SUBJECTO":"Liberia","PARTOF":"Liberia"}},
{"type":"Feature","geometry":{"type":"Polygon","coordinates":[[[-16.767117467316407,13.359675966218752],[-15.452958122999117,13.32653852562091],[-15.918589040404157,13.777673501300146],[-16.470890965851563,13.722545228914065],[-16.767117467316407,13.359675966218752]]]},"properties":{"NAME":"Gambia","SUBJECTO":"Gambia","PARTOF":"Gambia"}},
{"type":"Feature","geometry":{"type":"Polygon","coordinates":[[[-16.767117467316407,13.359675966218752],[-16.42452904263379,12.248307786897463],[-15.99378192214023,12.274936693957635],[-15.452958122999117,13.32653852562091],[-16.767117467316407,13.359675966218752]]]},"properties":{"NAME":"Portuguese Guinea","SUBJECTO":"Portuguese Guinea","PARTOF":"Portuguese Guinea"}},
{"type":"Feature","geometry":{"type":"Polygon","coordinates":[[[-16.125475850495118,17.30111464114551],[-17.05006500759961,14.58556231112842],[-16.470890965851563,13.722545228914065],[-15.918589040404157,13.777673501300146],[-16.02382768875918,14.16781999095153],[-15.903644622283377,15.39969642232851],[-15.332775056523314,15.549925255423263],[-12.778884893912503,13.837316558143073],[-12.087832261676635,14.107728457713629],[-12.087832261676635,14.826509879369365],[-12.323321091461764,15.611903205590018],[-12.718793360674601,16.000611754707524],[-16.125475850495118,17.30111464114551]]]},"properties":{"NAME":"Senegal (FR)","SUBJECTO":"France","PARTOF":"Senegal (FR)"}},
{"type":"Feature","geometry":{"type":"Polygon","coordinates":[[[-16.02382768875918,14.16781999095153],[-15.092408923571709,14.197865757570481],[-13.620166359243122,12.965989326193501],[-12.778884893912503,13.837316558143073],[-15.332775056523314,15.549925255423263],[-15.903644622283377,15.39969642232851],[-16.02382768875918,14.16781999095153]]]},"properties":{"NAME":"Futa Toro","SUBJECTO":"Futa Toro","PARTOF":"Futa Toro"}},
{"type":"Feature","geometry":{"type":"Polygon","coordinates":[[[-1.191005258030619,8.77110474535461],[-0.09487672968109,8.376498475148779],[1.219625559898006,8.658177537201443],[0.984073479155864,10.616387930948838],[-0.011526772258339,11.280121431891642],[1.360465090924336,13.024202999017719],[0.139855822029464,13.963133205859927],[-1.033806936523298,14.526491329965253],[-2.911667350207718,13.869240185175707],[-2.442202246786612,13.16504253004405],[-3.085113781136684,12.446494344593969],[-1.691058081312844,10.723823992254303],[-1.878844122681286,8.799017068227773],[-1.191005258030619,8.77110474535461]]]},"properties":{"NAME":"Mossi States","SUBJECTO":"Mossi States","PARTOF":"Mossi States"}},
{"type":"Feature","geometry":{"type":"Polygon","coordinates":[[[-14.413562384024786,12.695577426622942],[-14.507455404709006,11.6158076887544],[-13.146006604787802,10.67687748191219],[-12.254022908287702,10.62993097157008],[-12.300969418629814,11.568861178412288],[-13.146006604787802,12.366951854228168],[-14.413562384024786,12.695577426622942]]]},"properties":{"NAME":"Futa Jalon","SUBJECTO":"Futa Jalon","PARTOF":"Futa Jalon"}},
{"type":"Feature","geometry":{"type":"Polygon","coordinates":[[[7.087939352661817,6.73337061317491],[6.477634718214379,6.498638061464357],[6.477634718214379,5.465814833937927],[7.698243987109255,5.7944404063327],[7.087939352661817,6.73337061317491]]]},"properties":{"NAME":"Ato trading confederacy","SUBJECTO":"Ato trading confederacy","PARTOF":"Ato trading confederacy"}},
{"type":"Feature","geometry":{"type":"Polygon","coordinates":[[[9.370391878691894,1.17065342517261],[10.468088097293771,1.099789372121654],[10.984499711056985,1.991773068621756],[9.894341501799804,2.137687526658816],[9.370391878691894,1.17065342517261]]]},"properties":{"NAME":"Spanish Guinea","SUBJECTO":"Spanish Guinea","PARTOF":"Spanish Guinea"}},
{"type":"Feature","geometry":{"type":"Polygon","coordinates":[[[9.228990332022416,-1.38808568673508],[10.702820649004321,-0.590285000194323],[10.186409035241107,0.771163799726882],[9.628979715911132,0.889529608205599],[9.202508005706054,-0.634416438623624],[9.228990332022416,-1.38808568673508]]]},"properties":{"NAME":"Gabon","SUBJECTO":"Gabon","PARTOF":"Gabon"}},
{"type":"Feature","geometry":{"type":"Polygon","coordinates":[[[39.48103148871806,14.620384350649474],[37.65011758537574,14.479544819623143],[36.89897341990198,13.446721592096711],[35.11500602690178,12.789470447307165],[34.69248743382278,11.944433261149177],[35.11500602690178,11.474968157728071],[35.39668508895444,10.066572847464757],[35.72531066134921,9.925733316438425],[35.96004321305976,7.484514778648681],[36.57034784750721,7.296728737280237],[37.79095711640208,8.51733800617511],[38.495154771533734,10.160465868148977],[38.729887323244284,11.944433261149177],[41.171105861034036,12.507791385254503],[41.218052371376146,13.071149509359829],[40.23217565419182,13.493668102438823],[39.7964468332207,15.088771425203127],[39.48103148871806,14.620384350649474]]]},"properties":{"NAME":"Ethiopia","SUBJECTO":"Ethiopia","PARTOF":"Ethiopia"}},
{"type":"Feature","geometry":{"type":"Polygon","coordinates":[[[49.64723494967578,11.329372011140627],[47.39071181735156,11.159307084993166],[46.677344355193355,10.700275979951662],[45.909365686980465,10.832064233735842],[44.28083709200976,10.396465860322756],[43.36809447726367,11.45563467593555],[41.951591595471626,8.892910088911993],[43.0078880781691,8.834226950984354],[44.122867698794224,9.538424606116012],[45.355213595274634,9.773157157826565],[46.528876353827386,9.479741468188374],[48.87620187093292,9.597107744043651],[49.63908266399221,9.890523433681839],[49.64723494967578,11.329372011140627]]]},"properties":{"NAME":"Harer (Egypt)","SUBJECTO":"Harer (Egypt)","PARTOF":"Harer (Egypt)"}},
{"type":"Feature","geometry":{"type":"Polygon","coordinates":[[[-54.580407109650395,-25.74334565548535],[-54.21879288235547,-24.121467985197263],[-55.349171605500004,-23.778633512541013],[-55.62278458157422,-22.44621316341992],[-56.37931534329297,-22.13934174923535],[-57.80576416531446,-22.153994001432615],[-62.61002060452344,-22.156546033903318],[-61.24046036282422,-23.615909971281248],[-59.811093297394535,-24.21741334347363],[-57.70992752591016,-25.33588258175488],[-58.27678772488477,-26.380760587736326],[-58.07206055203321,-27.192505277677732],[-55.73177811184766,-27.45212785153027],[-54.81656357327344,-26.557695783659177],[-54.580407109650395,-25.74334565548535]]]},"properties":{"NAME":"Paraguay","SUBJECTO":"Paraguay","PARTOF":"Paraguay"}},
{"type":"Feature","geometry":{"type":"Polygon","coordinates":[[[-57.80576416531446,-22.153994001432615],[-57.75164124050977,-20.686239637418943],[-58.13773056546094,-19.811836637541013],[-57.59640976467969,-18.04261437801953],[-58.401696172150395,-17.132511533781248],[-58.333485570343754,-16.36973039059277],[-60.03219315091016,-16.328901685758787],[-60.362946477326176,-13.903864301725584],[-61.62732788601758,-13.625401891752439],[-62.0785531667793,-13.10071698574658],[-64.26138016262891,-12.471878446623045],[-65.27307602444532,-11.365933813139158],[-65.30872818508985,-9.81572762875195],[-66.47409504252889,-9.914960596585976],[-72.91613480130079,-9.041099943205076],[-73.12070938626172,-9.404513753935056],[-70.21963481541931,-12.178037054319372],[-69.62633003080909,-13.430569377385421],[-68.96826645413282,-13.528956808134275],[-69.290821996125,-15.856057561918455],[-69.01231857815625,-16.61673776058789],[-69.51957413235547,-17.191440977140623],[-68.43294235745313,-19.45914689449902],[-68.6399659780586,-20.444900907560545],[-67.93939077430912,-22.05867420459093],[-69.05511966916742,-22.352287071658903],[-70.20114278946988,-22.217460822211553],[-70.57323929348829,-23.16559449581738],[-70.3981446889961,-25.24891320614453],[-70.84899998023421,-27.280671044895715],[-70.29117130377207,-26.802072956235648],[-69.4671368807023,-26.884476398542624],[-69.21992655378138,-26.060441975472855],[-68.48017808669798,-25.93931331073885],[-68.39349838772657,-24.60378686337109],[-67.25753494778516,-24.082739271208006],[-67.1888932851875,-22.983517087980466],[-66.14585587063672,-21.923063673063474],[-64.75560471096875,-22.162689603849607],[-62.61002060452344,-22.156546033903318],[-57.80576416531446,-22.153994001432615]]]},"properties":{"NAME":"Bolivia","SUBJECTO":"Bolivia","PARTOF":"Bolivia"}},
{"type":"Feature","geometry":{"type":"Polygon","coordinates":[[[62.486819300261715,28.305913530305666],[61.97238448580859,28.480758272126955],[61.65926650485156,28.656762681916994],[61.50095656832812,28.86539801211719],[60.82045653781054,29.833345018342776],[61.77916625460742,30.9051528796709],[60.79381469210742,31.578881822541994],[60.54009536227343,32.993175111726565],[61.221343073455074,35.581615053132815],[61.01400283297656,36.63655813784961],[60.34631255587695,36.60736807437305],[59.240481409636715,37.44784124942188],[57.225466761199215,38.18818625064258],[55.35565856417773,38.03765066714649],[54.015112909880855,37.34832724185352],[53.79965499362109,36.67903860659961],[51.79552367648242,36.432349763826174],[50.56095412692187,36.68642767520313],[50.03871444186328,37.22470434756641],[48.837229761687496,37.51097448916797],[48.824954065886715,38.3095775470293],[49.80730346163867,40.58070334048633],[47.56529525241015,43.007709108308596],[47.49336150607226,43.58319052310352],[47.24856164173707,42.78491050892555],[48.22371258025433,41.4711466998491],[47.35008529147265,41.442325197175784],[44.9779653879082,42.771991334871096],[43.95678618868945,42.59115561099414],[42.87842467745898,41.54550512881641],[43.84727004489062,40.74996527285938],[44.20520690402148,37.8674274310625],[45.38811400851367,35.925574861482424],[46.18439391574023,35.05844458194141],[45.50621322116015,33.797252260164065],[47.793040308562496,31.797170244172854],[47.68874648532031,30.882104478791994],[48.5536489816582,29.99462278933887],[50.1323728891289,30.06642874331836],[51.350134882537105,28.0361343249834],[52.89083388766406,27.052323900178713],[54.6460562082207,26.39131888003711],[55.89973357638476,27.10480459781055],[56.79043105563281,26.97391279788379],[57.254771265593746,25.793286882356448],[59.03145888766406,25.307866655305666],[61.56996444186328,25.03957136721973],[61.67348006686328,25.627675615266604],[61.81273940524218,25.9841323718584],[63.240542444792965,26.665551744416994],[62.486819300261715,28.305913530305666]]]},"properties":{"NAME":"Persia","SUBJECTO":"Persia","PARTOF":"Persia"}},
{"type":"Feature","geometry":{"type":"Polygon","coordinates":[[[73.88494399508593,39.87966116519336],[72.84869403583166,40.60615751272561],[72.06743318118846,39.130442565066254],[72.71422103366015,37.18614538760547],[74.73327163180468,37.20940359683399],[74.57975295504687,38.59007986636524],[73.85831740817187,38.541507326082034],[73.88494399508593,39.87966116519336]]]},"properties":{"NAME":"central Asian khanates","SUBJECTO":"central Asian khanates","PARTOF":"central Asian khanates"}},
{"type":"Feature","geometry":{"type":"Polygon","coordinates":[[[10.141728434172851,54.33675345034961],[10.835,55.294],[9.311874422637207,56.481124483064455],[8.183429751006347,56.43146475406055],[8.884012255278808,54.229449830964846],[10.141728434172851,54.33675345034961]]]},"properties":{"NAME":"Denmark","SUBJECTO":"Denmark","PARTOF":"Denmark"}},
{"type":"Feature","geometry":{"type":"MultiPolygon","coordinates":[[[[19.561673197356445,79.76781805606251],[23.820517572966796,79.14745672793751],[27.19679549655078,79.9443546161211],[20.524457010833007,80.32244452090626],[19.561673197356445,79.76781805606251]]],[[[14.158891710845214,79.36382635684376],[11.760330233184082,78.88018377871876],[15.098876032439453,77.11526831241017],[17.26699927767871,76.81286200137501],[19.11582282504199,78.45454748721485],[20.908095392791015,78.80939062686329],[17.834054026213867,79.80945166201954],[14.158891710845214,79.36382635684376]]],[[[31.0537824960625,69.63959082217579],[30.798840555754882,70.30796393008595],[28.30841353854297,70.9486499652422],[24.570508036223632,70.74138220401173],[23.203606638518554,69.94277533145313],[20.15765098055957,69.74782904239063],[17.406914743987304,68.77154120059376],[13.16864779910205,66.45833929629688],[12.112141642180664,65.12991674991017],[9.832105669585449,63.68362005801563],[7.088180098143798,62.91019781680469],[5.148983511534912,61.740882478669924],[5.096230539885742,60.26413305850391],[5.805763277617675,59.94925268741016],[5.615484270659667,58.45521505923633],[6.958641085234863,57.97173651309375],[8.153747591582519,58.08954580874805],[10.549271616545898,59.37863119693164],[13.301851305571777,55.300696931794924],[14.652893099395019,56.120616517976565],[15.770541224089843,56.0332103595293],[16.658679041472656,57.442950807527346],[16.744044336882812,58.31195028872852],[19.03732398470996,59.86324270816211],[17.146208796111328,60.95282705874805],[17.06517699679492,61.53837927432422],[18.48662475070117,62.98124273867969],[20.70065978488086,63.818126283601565],[20.92119315585254,64.71382483096485],[22.645554575530273,65.93478735537892],[23.94773200472949,65.79668005557423],[23.487652811614257,67.83432348819142],[22.45976165255664,68.69354590030079],[25.62536910494922,68.80706366153126],[26.507250818816406,69.81245001407032],[29.923598322478515,69.35460241885548],[31.0537824960625,69.63959082217579]]]]},"properties":{"NAME":"Sweden–Norway","SUBJECTO":"Sweden–Norway","PARTOF":"Sweden–Norway"}},
{"type":"Feature","geometry":{"type":"Polygon","coordinates":[[[26.16266290937989,48.9405896176508],[26.190974024093013,46.80861621817781],[24.942133375242317,45.96480496895437],[24.06456967604994,46.09981476883012],[22.47820452750987,45.728537819171805],[22.409525904265625,44.75029715152149],[22.69400123080371,44.26309164615039],[23.06405738314746,43.906024537996096],[25.378106150237304,43.780623994783205],[26.5728607660635,44.213209927211935],[28.03463843783496,43.39190252871875],[28.510106119719726,43.74307592959766],[28.686247858611328,44.48805197329883],[30.43284740345622,46.17574956961106],[29.426659831176035,46.81607540680601],[28.90822219965315,47.818388161083575],[26.16266290937989,48.9405896176508]]]},"properties":{"NAME":"Romania","SUBJECTO":"Romania","PARTOF":"Romania"}},
{"type":"Feature","geometry":{"type":"Polygon","coordinates":[[[22.338395151702148,42.66535147281055],[21.99541983759482,41.97956230928522],[20.572821650115234,41.301143251375],[21.39168272069338,40.319285237806255],[22.492066416350585,40.49829062075977],[22.701254877654296,40.57744940371875],[23.632977518645507,40.71316870303516],[25.018929514495117,41.01714666934375],[28.104397806731445,41.59297140689258],[27.50195029696582,42.51634558291797],[28.03463843783496,43.39190252871875],[28.510106119719726,43.74307592959766],[26.5728607660635,44.213209927211935],[25.378106150237304,43.780623994783205],[23.06405738314746,43.906024537996096],[22.69400123080371,44.26309164615039],[22.338395151702148,42.66535147281055]]]},"properties":{"NAME":"Bulgaria","SUBJECTO":"Bulgaria","PARTOF":"Bulgaria"}},
{"type":"Feature","geometry":{"type":"Polygon","coordinates":[[[20.362727198210937,42.85726889224414],[21.08981416224266,42.470098716767644],[22.338395151702148,42.66535147281055],[22.69400123080371,44.26309164615039],[22.409525904265625,44.75029715152149],[19.655938509601736,44.69637933534171],[19.35324767550586,44.89129599185352],[19.508938822356445,43.575458131746096],[20.362727198210937,42.85726889224414]]]},"properties":{"NAME":"Serbia","SUBJECTO":"Serbia","PARTOF":"Serbia"}},
{"type":"Feature","geometry":{"type":"Polygon","coordinates":[[[19.508938822356445,43.575458131746096],[18.561664985217874,43.63983938076419],[18.51358893832324,42.362140260652346],[19.60696509799121,41.761539064363284],[20.362727198210937,42.85726889224414],[19.508938822356445,43.575458131746096]]]},"properties":{"NAME":"Montenegro","SUBJECTO":"Montenegro","PARTOF":"Montenegro"}},
{"type":"Feature","geometry":{"type":"Polygon","coordinates":[[[17.53367848243632,42.92927231430323],[18.51358893832324,42.362140260652346],[18.561664985217874,43.63983938076419],[19.508938822356445,43.575458131746096],[19.35324767550586,44.89129599185352],[15.827597651091796,45.20267828555469],[15.757285151091796,44.785831056550784],[17.53367848243632,42.92927231430323]]]},"properties":{"NAME":"Bosnia-Herzegovina","SUBJECTO":"Bosnia-Herzegovina","PARTOF":"Bosnia-Herzegovina"}},
{"type":"Feature","geometry":{"type":"Polygon","coordinates":[[[22.492066416350585,40.49829062075977],[21.39168272069338,40.319285237806255],[20.572821650115234,41.301143251375],[21.99541983759482,41.97956230928522],[22.338395151702148,42.66535147281055],[21.08981416224266,42.470098716767644],[20.362727198210937,42.85726889224414],[19.60696509799121,41.761539064363284],[19.369067225066406,40.26028021426563],[20.028559717742187,39.81378134341602],[21.22843078097461,37.90490683169727],[22.39029601534961,36.524371705964846],[22.638745340911132,37.492286287263674],[23.555766138640625,38.351764284089846],[23.16949180087207,38.66704138369922],[22.60231307467578,38.856238923982424],[22.871062311736328,39.02434881778125],[22.720257792083007,39.287269197419924],[22.492066416350585,40.49829062075977]]]},"properties":{"NAME":"Greece","SUBJECTO":"Greece","PARTOF":"Greece"}},
{"type":"Feature","geometry":{"type":"Polygon","coordinates":[[[-155.946583714875,19.989215455964846],[-156.03416916409375,19.10568770022754],[-154.9476823476875,19.482865892366213],[-155.946583714875,19.989215455964846]]]},"properties":{"NAME":"Kingdom of Hawaii","SUBJECTO":"Kingdom of Hawaii","PARTOF":"Kingdom of Hawaii"}},
{"type":"Feature","geometry":{"type":"MultiPolygon","coordinates":[[[[108.5604734750664,19.06029661746387],[109.42965224703906,18.096622072175784],[110.26251510104296,18.625627122834963],[110.61735061129687,20.017461381868166],[109.55032638033984,19.913556657747073],[108.5604734750664,19.06029661746387]]],[[[124.13388350924609,39.843143068269534],[125.87949660739062,40.945026002839846],[126.47417739352343,41.651507936433596],[128.09849074801562,41.44936331363086],[128.75553420504687,42.060645662263674],[130.22588637789843,42.65130194278125],[131.13964370211718,43.22656210513477],[130.99053481539843,44.817428194001955],[131.73954299410937,45.25929983706836],[132.7776136728203,44.98773916812305],[133.3848371835625,45.64880331607227],[134.16527846774218,47.3346019610918],[134.11167434176562,48.24926718325977],[132.268748316375,47.77841147036914],[130.92454055270312,47.73228796573047],[130.47582534274218,48.89962347598438],[127.71199325045703,49.69929464908008],[126.18638900241015,52.518146120027346],[125.50918105563281,53.15678747744922],[123.3526106210625,53.510299287751955],[121.18775466403125,53.31972845645313],[119.18234542330859,50.70172079654102],[119.29120162448046,50.124984346345705],[117.4905271860039,49.58627661319141],[114.098338160125,50.27434881778125],[112.52449325045703,49.462020479158205],[109.42404464205859,49.2955394610918],[106.322947535125,50.416690431550784],[103.68075850924609,50.16643484683399],[102.63903335055468,50.4561839923418],[102.11743453463671,51.36111029239063],[97.61011347639456,52.14809611108723],[97.31938973459386,52.826451508622185],[95.18741562805542,53.79553064795783],[93.56736071988496,52.34885104654265],[94.21035254892331,51.320064120081305],[93.32342923910977,50.62061414906446],[92.15972426852343,50.755286775544924],[90,50.30670126529102],[89.796336207,49.816444002107424],[86.78273299655078,48.99230536075],[85.60924819430468,48.1003375873125],[85.47764876803515,47.092662416414065],[83.25171187838671,47.29487570376758],[82.4398908945,45.735477052644534],[80.23662856539843,45.12263449283008],[80.77205947360156,43.382457338289065],[80.10927871188281,41.99955328555469],[78.40125564059375,41.22801550479297],[77.12774184664843,41.12502249331836],[76.481638941375,40.43697317691211],[75.42999556979296,40.6102367267168],[73.88494399508593,39.87966116519336],[73.85831740817187,38.541507326082034],[74.57975295504687,38.59007986636524],[74.73327163180468,37.20940359683399],[74.52053359469531,37.004581056550784],[75.62776473483203,36.76897390933399],[75.88974288424609,36.023238740876955],[77.84622481783984,35.24300345034961],[78.5086164804375,34.497813783601565],[78.62453750094531,33.50422628970508],[79.56532576998828,32.70180853457813],[78.78180221041796,32.002418123201174],[79.10879043063281,31.45927771182422],[81.02130416354296,30.246511064485354],[81.65574935397265,30.454833589509768],[83.40201095065234,29.539681993440432],[85.14416793307421,28.341794572786135],[87.21436599215625,27.843293748811526],[88.19726088961718,27.87575491519336],[88.80257705172656,27.18099173159961],[89.36553481539843,27.876128755525393],[91.15224746188281,28.032367311433596],[91.60775283297656,27.641450487092776],[94.57171157321093,29.200709901765627],[96.2545652719414,28.385312639192385],[98.00866225680468,28.090755067781252],[98.63722518405078,27.478742204622073],[98.73374465426562,26.34318121524219],[97.52405074557421,24.799996934846682],[97.69524711923407,23.879622433915735],[98.76916030367968,24.08975752444629],[99.15594008883593,22.307843767122073],[100.32079604586718,21.463782869294924],[101.75289443453906,21.47212751956348],[101.96785262545703,22.533715806916994],[104.47811416110156,22.78323134036426],[105.31343368014453,23.296004854158205],[105.94114211520312,22.9314037189043],[107.09811690768359,21.649287782625002],[107.87561324557421,21.462068162874026],[109.11740401705859,21.39900930972461],[110.0772199960625,20.867482744172854],[111.08559707125781,21.479402147249026],[112.74952224215625,21.756068788484377],[113.71678451022265,22.482215486482424],[116.34061721285937,22.9133315906084],[118.81294539889453,24.84941443057422],[119.47034743746875,25.77168234439258],[119.428904566375,26.590831361726565],[120.35180953463671,27.177013002351565],[121.35852340182421,28.385663591340823],[121.77031997164843,29.834281526521487],[121.60595992526171,31.827626787141604],[120.66086104830859,32.54311712832813],[119.97359755953906,34.13522299380664],[119.02086165866015,34.691932283357424],[120.13933852633593,36.194800935701174],[121.84669784030078,36.86017569156055],[120.65811446627734,37.73646505923633],[119.59885695895312,37.11661871524219],[118.87524703463671,37.94942816348438],[117.58946517428515,38.28448065371875],[117.75288680514453,39.20253714175586],[118.97764113864062,39.22413595767383],[121.01060775241015,40.85068091006641],[122.10791305026171,40.35372122378711],[121.23940566500781,39.55383261294727],[122.02749160250781,39.25575979800586],[124.13388350924609,39.843143068269534]]]]},"properties":{"NAME":"Manchu Empire","SUBJECTO":"Manchu Empire","PARTOF":"Manchu Empire"}},
{"type":"Feature","geometry":{"type":"Polygon","coordinates":[[[50.10845092257617,-14.120246328397947],[49.386562479784416,-14.421299058366067],[47.20177303918102,-16.93795524944087],[47.47832866457385,-17.878244375776504],[46.31679503792395,-18.210111126247906],[46.48272841315965,-19.26102250274068],[45.87430603729541,-20.31193387923345],[46.143781838678194,-21.12788359639247],[45.66235380599434,-22.147378253840614],[45.91722747035638,-22.911999246926726],[47.641976576129224,-23.550955282245557],[48.65165618380664,-20.33920518307324],[49.34185317477343,-18.227621473356443],[49.42470839938281,-17.197809614225584],[50.50334075411914,-15.314229406400877],[50.10845092257617,-14.120246328397947]]]},"properties":{"NAME":"Imerina","SUBJECTO":"Imerina","PARTOF":"Imerina"}},
{"type":"Feature","geometry":{"type":"Polygon","coordinates":[[[50.10845092257617,-14.120246328397947],[49.8171873422539,-12.830713666959959],[49.176333460417965,-12.266468442960935],[48.75133803805468,-13.417710699125486],[46.92456725558398,-15.360046781583982],[45.43354705294726,-16.094116605802732],[44.45442870577929,-16.242399610563474],[43.971648249236324,-17.552675642057615],[44.47033599337695,-20.17013780026074],[43.5010252328789,-21.49418679623242],[43.37636474093554,-22.63212624935742],[43.8270750375664,-23.412924207731443],[43.67141250094531,-24.226787962003904],[44.425330195037105,-25.31205026058789],[45.576182398406246,-25.621076978727537],[46.85505965670703,-25.217951215788084],[47.641976576129224,-23.550955282245557],[45.91722747035638,-22.911999246926726],[45.66235380599434,-22.147378253840614],[46.143781838678194,-21.12788359639247],[45.87430603729541,-20.31193387923345],[46.48272841315965,-19.26102250274068],[46.31679503792395,-18.210111126247906],[47.47832866457385,-17.878244375776504],[47.20177303918102,-16.93795524944087],[49.386562479784416,-14.421299058366067],[50.10845092257617,-14.120246328397947]]]},"properties":{"NAME":"Madagascar","SUBJECTO":"Madagascar","PARTOF":"Madagascar"}},
{"type":"Feature","geometry":{"type":"Polygon","coordinates":[[[2.192522849288322,6.765710927029975],[2.422162731198608,7.850831677020489],[2.256229355962905,8.791120803356126],[1.426562479784401,8.680498553198994],[1.341844234076721,6.179760538057131],[2.173683044679561,6.289665275583854],[2.192522849288322,6.765710927029975]]]},"properties":{"NAME":"Dahomey","SUBJECTO":"Dahomey","PARTOF":"Dahomey"}},
{"type":"Feature","geometry":{"type":"Polygon","coordinates":[[[11.597707137291309,14.064871233842391],[11.1063441849584,16.15030095732421],[10.197579032585324,16.61934103596838],[9.438108409064624,17.011325873914547],[9.49192246635152,17.979978905078678],[7.823686690457743,18.73337570709522],[6.370707143711551,18.625747592521428],[5.264722890436342,17.273989060740618],[4.917727596965356,16.84988370205386],[3.572376164792956,16.68844153019317],[2.426365413273889,15.32183448499393],[1.464116757041189,13.672265360023582],[2.366851606120036,13.381944184877185],[2.532784981355739,12.607588433777249],[4.800541109576987,10.94825468142024],[4.523985484184148,10.450454555713137],[4.689918859419851,9.288920929063229],[4.358052108948449,8.901743053513261],[6.0265307529232,8.193238234199871],[6.978606219432979,7.24116276769009],[8.516574280718007,7.534109065077718],[9.248940024187068,7.24116276769009],[9.615122895921598,7.827055362465341],[11.006617808512814,8.046765085506058],[11.812220126328778,8.998840552015837],[12.471349295450931,8.852367403322026],[13.057241890226184,10.24386231591324],[13.203715038919995,11.195937782423018],[12.497137689041853,12.218671680249173],[11.597707137291309,14.064871233842391]]]},"properties":{"NAME":"Sokoto Caliphate","SUBJECTO":"Sokoto Caliphate","PARTOF":"Sokoto Caliphate"}},
{"type":"Feature","geometry":{"type":"Polygon","coordinates":[[[1.464116757041189,13.672265360023582],[1.727834358064026,12.669399040181101],[0.762828978841597,11.501365932205905],[1.758429230255803,10.56107680587027],[1.537184729941533,8.957054178591827],[2.432040895602303,8.973135750469677],[4.689918859419851,9.288920929063229],[4.523985484184148,10.450454555713137],[4.800541109576987,10.94825468142024],[2.532784981355739,12.607588433777249],[2.366851606120036,13.381944184877185],[1.464116757041189,13.672265360023582]]]},"properties":{"NAME":"Borgu States","SUBJECTO":"Borgu States","PARTOF":"Borgu States"}},
{"type":"Feature","geometry":{"type":"Polygon","coordinates":[[[2.432040895602303,8.973135750469677],[3.46325065078149,8.339711382893682],[6.0265307529232,8.193238234199871],[4.358052108948449,8.901743053513261],[4.689918859419851,9.288920929063229],[2.432040895602303,8.973135750469677]]]},"properties":{"NAME":"Oyo","SUBJECTO":"Oyo","PARTOF":"Oyo"}},
{"type":"Feature","geometry":{"type":"Polygon","coordinates":[[[9.283893618193847,4.017317853883547],[9.336053366019478,5.251208798327841],[8.672319865076673,5.417142173563542],[8.262993845549804,4.745887361482424],[9.283893618193847,4.017317853883547]]]},"properties":{"NAME":"Calabar","SUBJECTO":"Calabar","PARTOF":"Calabar"}},
{"type":"Feature","geometry":{"type":"Polygon","coordinates":[[[13.402925297195976,15.80960726150637],[11.798637252868497,17.136459588305357],[10.197579032585324,16.61934103596838],[11.1063441849584,16.15030095732421],[11.597707137291309,14.064871233842391],[12.182625330696323,15.504532269881457],[13.402925297195976,15.80960726150637]]]},"properties":{"NAME":"Sultanate of Damagaram","SUBJECTO":"Sultanate of Damagaram","PARTOF":"Sultanate of Damagaram"}},
{"type":"Feature","geometry":{"type":"Polygon","coordinates":[[[7.888258967009765,4.452766023591799],[7.787341863819602,4.864030922777873],[7.06829723779823,5.306519923406407],[7.046161207762939,4.508142076448244],[7.888258967009765,4.452766023591799]]]},"properties":{"NAME":"Opobo","SUBJECTO":"Opobo","PARTOF":"Opobo"}},
{"type":"Feature","geometry":{"type":"Polygon","coordinates":[[[22.869903425427715,38.83716368115139],[23.120776847909273,38.86676557896794],[23.63772814271976,38.52262680680808],[23.78977264119343,38.71863293758614],[23.242412446688213,39.04411813294447],[22.869903425427715,38.83716368115139]]]},"properties":{"NAME":null,"SUBJECTO":null,"PARTOF":null}},
{"type":"Feature","geometry":{"type":"Polygon","coordinates":[[[24.65642628249336,37.901413077728705],[25.31781985085383,37.40184103098311],[25.27220650131173,37.56472113091166],[24.76285743142493,38.003319956303606],[24.65642628249336,37.901413077728705]]]},"properties":{"NAME":null,"SUBJECTO":null,"PARTOF":null}},
{"type":"Feature","geometry":{"type":"Polygon","coordinates":[[[-61.686668,17.024441000000138],[-61.794449,17.16333],[-61.887222,17.033054000000106],[-61.686668,17.024441000000138]]]},"properties":{"NAME":"Antigua and Barbuda","SUBJECTO":"Antigua and Barbuda","PARTOF":"Antigua and Barbuda"}},
{"type":"Feature","geometry":{"type":"Polygon","coordinates":[[[128.97040353570767,-14.922694651234641],[127.96256545504687,-14.703128255888181],[126.85342696627734,-13.783772863432127],[125.86320022067187,-14.694914259000974],[125.15565780123828,-14.804505743070798],[124.42450240573046,-15.657898344083982],[124.2772703500664,-16.522783674284177],[122.73833754977343,-16.58328477291699],[122.08547500094531,-17.398397840543943],[122.19645217379687,-18.243687070890623],[120.87214950045703,-19.676941312833982],[117.59692672213671,-20.75833360104199],[116.41879561862109,-20.83712235836621],[113.62543014010546,-22.56592980770703],[113.76201919039843,-23.481134809538084],[113.43258956393359,-24.874161161466795],[114.18252089938281,-26.01704064755078],[113.43298629244921,-26.572010435148435],[113.96464065035937,-28.033178724333006],[114.63039687594531,-28.902958311124998],[115.05826095065234,-30.80351296810742],[115.747263941375,-32.20761147884961],[115.64668563326953,-33.36537591366406],[115.0469236703789,-34.42245522884961],[116.56097701510546,-35.18929711727734],[118.2070799203789,-35.09034005550976],[119.77148726901171,-34.12017098812695],[123.62303451022265,-33.91507378964062],[124.24838546237109,-33.144127286955076],[126.05894759616015,-32.43436471371289],[127.26507857760546,-32.380985654875],[128.72193977189934,-31.917223131394017],[128.82401937340154,-24.935139835293395],[128.97040353570767,-14.922694651234641]]]},"properties":{"NAME":"Western Australia (UK)","SUBJECTO":"Western Australia (UK)","PARTOF":"Western Australia (UK)"}},
{"type":"Feature","geometry":{"type":"Polygon","coordinates":[[[141.01931922937803,-33.99788030581032],[141.05592845941905,-38.3768833035884],[143.36480239352343,-38.9697307720625],[144.96982863864062,-38.065758146330076],[145.93387893160937,-38.88147012142773],[146.82104018649218,-38.84133569149609],[148.75336890558077,-38.00531019901008],[148.39773267139208,-36.88791299544279],[147.71371452429753,-35.91194049435714],[144.72890806424854,-35.96228805954159],[143.1432296323475,-34.642881695783615],[142.08611067774683,-34.10397613226862],[141.01931922937803,-33.99788030581032]]]},"properties":{"NAME":"Victoria (UK)","SUBJECTO":"Victoria (UK)","PARTOF":"United Kingdom of Great Britain and Ireland"}},
{"type":"Feature","geometry":{"type":"Polygon","coordinates":[[[153.39718768782976,-28.132320909590486],[152.94622329196093,-27.340992368742185],[153.06907180270312,-26.22774926571484],[151.73014358004687,-24.157488264127927],[150.80247024020312,-23.599888242765623],[150.75440505465625,-22.811520017667966],[149.55675795992968,-22.432550825163084],[149.10148147067187,-21.060123838468748],[148.19044021090625,-20.171909727140623],[146.32175734957812,-19.082291044279295],[145.92455581149218,-18.25660363583203],[145.86948684176562,-17.19496003536816],[145.32554152926562,-16.49042931942578],[145.18433669528125,-15.047596372648435],[143.74317458590625,-14.465823568388181],[143.17309096774218,-12.121339239164548],[142.64426711520312,-11.092706121488767],[142.12565139254687,-11.15739194302197],[141.67852309664843,-12.467817701383787],[141.46815017184375,-14.756776250883298],[141.71129897555468,-15.226692594572263],[140.80094436129687,-17.561829008146482],[140.24972060641406,-17.79824296383496],[138.0741034985955,-16.69573576586177],[137.89853442638662,-24.935139835293395],[137.87756337599302,-25.919304960615893],[140.95136060983816,-25.869028692263196],[140.9763609895841,-28.859442249998217],[149.01956735056896,-28.884331039611556],[149.57921856182813,-28.420498496719773],[151.00943832393494,-28.557132662001454],[153.39718768782976,-28.132320909590486]]]},"properties":{"NAME":"Queensland (UK)","SUBJECTO":"Queensland (UK)","PARTOF":"Queensland (UK)"}},
{"type":"Feature","geometry":{"type":"Polygon","coordinates":[[[148.75336890558077,-38.00531019901008],[149.98484328707812,-37.34688226132031],[150.2215071054375,-35.694107450529295],[150.76197341403125,-35.253128446623045],[151.36449721774218,-33.52090112118359],[152.17618850192187,-32.87666741757031],[152.97185805758593,-31.418175138517576],[152.93955520114062,-30.69940034298535],[153.49349502047656,-28.840868391081052],[153.39718768782976,-28.132320909590486],[151.00943832393494,-28.557132662001454],[149.57921856182813,-28.420498496719773],[149.01956735056896,-28.884331039611556],[140.9763609895841,-28.859442249998217],[141.01931922937803,-33.99788030581032],[142.08611067774683,-34.10397613226862],[143.1432296323475,-34.642881695783615],[144.72890806424854,-35.96228805954159],[147.71371452429753,-35.91194049435714],[148.39773267139208,-36.88791299544279],[148.75336890558077,-38.00531019901008]]]},"properties":{"NAME":"New South Wales (UK)","SUBJECTO":"New South Wales (UK)","PARTOF":"New South Wales (UK)"}},
{"type":"Feature","geometry":{"type":"Polygon","coordinates":[[[137.89853442638662,-24.935139835293395],[138.0741034985955,-16.69573576586177],[136.68714431246875,-16.025764860197263],[135.38805678805468,-14.896969236417966],[135.8806410165703,-14.202999509855466],[135.83089736422656,-13.48477403072949],[136.66369155367968,-12.624820150419431],[135.44454482516406,-12.176124967619138],[134.93998244723437,-12.336121954008298],[133.55918410739062,-11.95134774593945],[130.46349624117968,-12.758938230558591],[130.27386001071093,-13.363228239103513],[128.97040353570767,-14.922694651234641],[128.82401937340154,-24.935139835293395],[137.89853442638662,-24.935139835293395]]]},"properties":{"NAME":"Northern Territory (UK)","SUBJECTO":"Northern Territory (UK)","PARTOF":"Northern Territory (UK)"}},
{"type":"Feature","geometry":{"type":"Polygon","coordinates":[[[-61.363617,15.198055],[-61.25528,15.285],[-61.304169,15.57361],[-61.474724,15.486387],[-61.363617,15.198055]]]},"properties":{"NAME":"Dominica","SUBJECTO":"Dominica","PARTOF":"Dominica"}},
{"type":"Feature","geometry":{"type":"Polygon","coordinates":[[[-60.86084,14.402777],[-60.829727,14.57],[-61.034447,14.829166],[-61.231674,14.809444],[-61.03389,14.465832],[-60.86084,14.402777]]]},"properties":{"NAME":"France","SUBJECTO":"France","PARTOF":"France"}},
{"type":"Feature","geometry":{"type":"Polygon","coordinates":[[[-62.171394,16.671387],[-62.137505,16.692776],[-62.176392,16.808609],[-62.236671,16.711941],[-62.171394,16.671387]]]},"properties":{"NAME":"Montserrat","SUBJECTO":"Montserrat","PARTOF":"Montserrat"}},
{"type":"Feature","geometry":{"type":"Polygon","coordinates":[[[-63.167778,18.164444],[-62.993057,18.227219],[-63.057503,18.256386],[-63.167778,18.164444]]]},"properties":{"NAME":"Anguilla","SUBJECTO":"Anguilla","PARTOF":"Anguilla"}},
{"type":"Feature","geometry":{"type":"Polygon","coordinates":[[[-62.701668,17.336941],[-62.812782,17.409443000000124],[-62.863892,17.370831000000123],[-62.778336,17.292221],[-62.701668,17.336941]]]},"properties":{"NAME":"Saint Kitts and Nevis","SUBJECTO":"Saint Kitts and Nevis","PARTOF":"Saint Kitts and Nevis"}},
{"type":"Feature","geometry":{"type":"Polygon","coordinates":[[[-64.761948,17.774166],[-64.870834,17.774719],[-64.888901,17.686943],[-64.738892,17.708054],[-64.761948,17.774166]]]},"properties":{"NAME":"United States Virgin Islands","SUBJECTO":"United States Virgin Islands","PARTOF":"United States Virgin Islands"}},
{"type":"Feature","geometry":{"type":"Polygon","coordinates":[[[-61.346115,16.334164],[-61.49889399999989,16.34861000000012],[-61.793892,16.241943000000106],[-61.695007,15.949165],[-61.55277999999987,16.054443000000106],[-61.581116,16.204720000000123],[-61.346115,16.334164]]]},"properties":{"NAME":"Guadeloupe","SUBJECTO":"Guadeloupe","PARTOF":"Guadeloupe"}},
{"type":"Feature","geometry":{"type":"Polygon","coordinates":[[[-68.965561,12.198889],[-69.077789,12.34861],[-69.15834,12.311388],[-69.0625,12.188332000000116],[-68.83223,12.049444000000108],[-68.824173,12.160276000000124],[-68.965561,12.198889]]]},"properties":{"NAME":"Netherlands Antilles","SUBJECTO":"Netherlands Antilles","PARTOF":"Netherlands Antilles"}},
{"type":"Feature","geometry":{"type":"Polygon","coordinates":[[[-63.011459,18.067276],[-63.045006,18.121387],[-63.139839,18.058601],[-63.011459,18.067276]]]},"properties":{"NAME":"Saint Martin","SUBJECTO":"Saint Martin","PARTOF":"Saint Martin"}},
{"type":"Feature","geometry":{"type":"Polygon","coordinates":[[[-63.139839,18.058601],[-63.03334,18.015553],[-63.011459,18.067276],[-63.139839,18.058601]]]},"properties":{"NAME":"Saint Barthelemy","SUBJECTO":"Saint Barthelemy","PARTOF":"Saint Barthelemy"}},
{"type":"Feature","geometry":{"type":"Polygon","coordinates":[[[19.334442,57.955826],[19.104721,57.975273],[19.1416660000001,57.907776],[19.334442,57.955826]]]},"properties":{"NAME":null,"SUBJECTO":null,"PARTOF":null}},
{"type":"Feature","geometry":{"type":"Polygon","coordinates":[[[146.71273330172656,-43.72180978207226],[147.81531814059375,-42.96535149960156],[148.26952651461718,-41.09258309750195],[146.38221267184375,-41.308346189542966],[144.77613357028125,-40.842762388273435],[145.72265151461718,-43.24016610531445],[146.71273330172656,-43.72180978207226]]]},"properties":{"NAME":null,"SUBJECTO":null,"PARTOF":null}},
{"type":"Feature","geometry":{"type":"MultiPolygon","coordinates":[[[[-97.2599610952461,25.811372362092776],[-97.63229843655469,27.228431306794924],[-96.83145615139844,28.15840109439258],[-94.1415300039375,29.690021120027346],[-93.44552322903516,29.76776846499805],[-90,29.108672700837893],[-89.23280808010938,30.406005464509768],[-87.7745866445625,30.26280363650684],[-86.38868423977735,30.472713075593752],[-85.30477615872266,29.66390760989551],[-83.8861817983711,30.048348985627932],[-82.64696213284375,28.9065013751543],[-82.84134384671094,27.838002763704104],[-81.09792038479688,25.12504728885059],[-80.31409927883985,25.243880830720705],[-80.04998489895704,26.551089845613284],[-80.60545822659375,28.560990892366213],[-81.5115480093086,30.72724875064258],[-80.5806398061836,32.496783815339846],[-76.62176224270704,34.762950502351565],[-75.72924515286329,35.882125459626955],[-76.21517654934766,37.942611299470705],[-75.66752335110547,37.898109041169924],[-74.15280624905469,39.765235506013674],[-73.74050613919141,40.97749289126758],[-70.30209061184766,41.75944098086719],[-70.86807724514844,42.87142523379688],[-70.21647354641797,43.79962118716602],[-66.93893906155469,44.87928732486133],[-67.18675705471875,45.25231894107227],[-67.698536839875,47.0410114154375],[-69.04906937161329,47.46438177676563],[-70.5894288686836,45.294620119050784],[-71.53464981594922,44.95860632510547],[-74.78240677395704,45.012225709871096],[-76.13288973210058,44.32666667189694],[-76.937494,43.2370318],[-79.14004738860244,43.22208175207458],[-79.05015837548426,42.852258967447526],[-80.073365375,42.15337705],[-82.56755615,41.404496975],[-83.05604489302539,42.02697781506355],[-82.29783905825836,43.02869867471761],[-83.3855778,44.3126677],[-83.82065216736616,46.15038273949706],[-84.7436376579549,46.4684444370234],[-86.522136625,46.47541015],[-87.76048219999998,46.8639025],[-90.27661125,46.624989925],[-91.15034487499999,47.3676057],[-89.62202966765464,47.96837637116081],[-91.68210312405469,48.03871878238086],[-94.81984421292188,49.05071219058399],[-100.45978256741407,49.043250642732424],[-104.26153275051954,49.05566366763477],[-110.67026230374219,49.05406530948047],[-115.164601293,49.056190095857424],[-121.05180069485547,49.05083426089649],[-122.90025040188672,49.06718023867969],[-122.82603928128125,48.023482881501955],[-124.67528244534375,48.38582571597461],[-123.99469467678907,45.76409491153125],[-124.62967392483594,43.013995729402346],[-124.15260788479688,41.580150209382815],[-124.36481186428907,40.33432348819141],[-123.79630753079297,39.03041037173633],[-121.9320573476875,37.008975587800784],[-121.92680069485547,36.338267885164065],[-120.67728897610547,35.189334474519534],[-120.52868362942579,34.50833090396289],[-118.60435196438672,34.096419893220705],[-117.49671646633985,33.32543142886524],[-117.17368027249219,32.520553194001955],[-114.88409134426954,32.635718904451174],[-114.62180801907422,32.42695578189258],[-111.08886429348829,31.306699357942385],[-108.37103745022657,31.277612291291994],[-108.2321061758125,31.724301897004885],[-106.54451462307813,31.702058397249026],[-105.12630936184766,30.614627443269534],[-104.57434555569532,29.579730592683596],[-103.5860108999336,29.05687864871387],[-102.44769760647657,29.687442384675784],[-101.03329178372266,29.32622679324512],[-99.60426804104688,27.46897467227344],[-99.09998795071485,26.40879400821094],[-97.2599610952461,25.811372362092776]],[[-87.605119975,41.876819625],[-87.9083685,43.19183065],[-86.7200657,45.86716155],[-85.38184874999999,46.07483505],[-84.95189925,45.408151925],[-86.0017717,44.917198575],[-86.513782,43.68081785],[-86.51782685,42.035098975],[-87.605119975,41.876819625]]],[[[-141.0592546133125,69.59546240420704],[-143.30757614651563,70.19675024600392],[-145.27254196682813,70.11638220401173],[-149.28632065335157,70.53923376651173],[-156.90474411526563,71.34585913272267],[-160.2403306631172,70.85846289248829],[-162.8791246084297,69.9990650043047],[-164.067189183625,69.06467779727345],[-166.84352585354688,68.40520819278126],[-163.7387437490547,67.21832617373829],[-161.93573471585157,67.08837469668751],[-162.2750749258125,66.07097967715626],[-164.46313950100782,66.59615667910938],[-168.17979904690625,65.6938892230547],[-166.13866135159375,65.35480078311329],[-166.5860337881172,64.73040350528126],[-163.02521225491407,64.44165381045704],[-161.2906236318672,64.96410711856251],[-161.13301559964063,63.562842927888674],[-165.43123337307813,62.429542146638674],[-165.89809128323438,61.270335756257815],[-164.02740952053907,59.79824408145313],[-162.3781022695625,60.16311606021289],[-162.00392624417188,58.826610170320315],[-160.43053146878125,59.00216635318164],[-158.29141708889844,58.730208955720705],[-157.665333714875,57.6042438373125],[-160.45729538479688,56.19991263003711],[-159.07692429104688,55.991962037996096],[-156.68457504788282,57.400699220613284],[-154.64931198635938,58.076480470613284],[-153.45496079007032,58.877338014558596],[-154.28227707425,59.2487750873125],[-151.78299423733594,59.99495657534961],[-151.38795944729688,59.21278341861133],[-149.32562729397657,60.02748068423633],[-148.49261948147657,61.0643382892168],[-144.4064225820625,60.09257086367969],[-139.572560277375,59.89999731631641],[-139.20009323635938,59.2773395404375],[-137.57666489163282,58.604163728669924],[-134.12349411526563,58.239215455964846],[-131.76700302639844,56.0100055560625],[-130.00269028225782,55.28853949160938],[-130.28743454495313,56.107493959382815],[-131.72487350979688,56.60519369693164],[-133.50284287014844,58.42426260562305],[-135.85481735745313,59.646319948152346],[-137.22333237210157,58.88222845645313],[-139.00514694729688,60.258380495027346],[-140.89491745510938,60.38881643863086],[-140.92728134671094,63.785506807283205],[-140.97377487698438,66.0257984027422],[-141.0592546133125,69.59546240420704]]]]},"properties":{"NAME":"United States of America","SUBJECTO":"United States of America","PARTOF":"United States of America"}},
{"type":"Feature","geometry":{"type":"MultiPolygon","coordinates":[[[[13.01156714877246,37.52489431949024],[15.027343782988769,36.74511679263477],[15.386741671172363,38.20554693789844],[13.80953029116748,37.966415010408205],[13.01156714877246,37.52489431949024]]],[[[8.374221834746582,39.307845674470705],[9.478920015898925,39.14415701480274],[9.793739351836425,40.56368216128711],[9.306203875151855,41.18444784732227],[8.240707430449707,40.85533865542774],[8.374221834746582,39.307845674470705]]],[[[13.564330544859134,45.72632693375078],[13.568899187651855,46.51042517276172],[11.908413866924741,46.414134459165844],[10.524563418198298,45.73908545978709],[10.395699534026367,46.88741263003711],[9.884957346526367,46.402530275300784],[7.789928946105224,45.92696722598438],[6.807361283529001,46.3939942785789],[6.383716630705969,46.341576204815574],[5.941489252654296,46.175540529207034],[5.934538658337518,45.32212284024432],[6.942603621093017,44.86865194888477],[7.397118601409179,43.76409491153125],[8.896585497466308,44.43718679995899],[9.909300837126953,44.110477052644534],[10.742755922881347,42.850509248689455],[12.641516718474609,41.53109701724414],[13.797006640044433,41.19344671817188],[15.666200670806152,40.091861329988284],[16.082562479583007,39.01247366519336],[17.084080729094726,40.52511175723438],[14.092769655791503,42.60952719302539],[13.600871119109375,43.53480490298633],[12.34507659396289,44.30104025454883],[12.176189455596191,45.21429022403125],[13.564330544859134,45.72632693375078]]]]},"properties":{"NAME":"Italy","SUBJECTO":"Italy","PARTOF":"Italy"}},
{"type":"Feature","geometry":{"type":"Polygon","coordinates":[[[14.465694,44.809216000000106],[14.400276,44.915276],[14.316195,44.886822],[14.38944400000014,44.695],[14.465694,44.809216000000106]]]},"properties":{"NAME":null,"SUBJECTO":null,"PARTOF":null}},
{"type":"Feature","geometry":{"type":"Polygon","coordinates":[[[-71.18874832669141,11.911603532747073],[-71.69791122952344,12.428066812471194],[-73.36232468167188,11.324960313752932],[-74.2189225820625,11.367601953462405],[-75.45044418850782,10.627693735078616],[-75.70266434231641,9.425959192231936],[-76.76352402249219,8.692807756379885],[-78.26649185696485,9.385549150422854],[-79.50042435208204,9.638376794770998],[-80.96249863186719,8.864939294770998],[-82.22958847561719,9.046509347871584],[-82.55992600003125,9.583112321809573],[-82.90659042874219,9.518636308625979],[-82.95746323147657,8.047210298494143],[-82.38439652005079,8.32122953982715],[-80.813771214875,7.270063482240481],[-79.71689316311719,8.883091531709475],[-79.06764694729688,9.034267984346194],[-78.18370529690625,8.413340173677248],[-78.2654542593086,7.885670267061037],[-77.40016647854688,6.670446001008791],[-77.50037857571485,5.513577543214602],[-77.10599991360547,3.792188964799685],[-77.80209824124219,2.576873622850222],[-78.46819778958204,2.467397294954104],[-78.94347855130079,1.380803190187258],[-76.85013290921094,0.137908183053774],[-76.14793106594922,0.345496140435976],[-74.4741716055,-0.572576738878446],[-72.95909592190625,-2.451265253111082],[-70.92306992092969,-2.318394340559202],[-70.0522966055,-2.821661867185789],[-70.58789536038282,-3.790871776624876],[-69.90117528681355,-4.378682370319165],[-69.2307935077356,-3.476233546702625],[-67.97826118466955,-3.410310792857045],[-67.25311089236816,-2.553314992864486],[-66.65980610775793,-2.817006008246812],[-67.0553426308314,0.940590960951329],[-66.84982773342969,1.011088095620913],[-67.0513429311836,1.798135720208926],[-67.7677507070625,2.823716722444338],[-67.22301956692579,3.335538230851931],[-67.81290909329297,4.304731450990481],[-67.76554581204297,6.24412115664844],[-69.3031739858711,6.006098829225344],[-70.54106613675,7.054156385377688],[-71.81207748928907,6.970307432130618],[-72.3639650014961,7.469311319307131],[-72.35314652005079,8.315022073701662],[-73.01743790188672,9.735362611726565],[-72.05103012600782,11.721805177644534],[-71.18874832669141,11.911603532747073]]]},"properties":{"NAME":"Colombia","SUBJECTO":"Colombia","PARTOF":"Colombia"}},
{"type":"Feature","geometry":{"type":"Polygon","coordinates":[[[27.781387,35.890274],[28.063606,36.111931],[27.719719,36.1661],[27.781387,35.890274]]]},"properties":{"NAME":null,"SUBJECTO":null,"PARTOF":null}},
{"type":"Feature","geometry":{"type":"Polygon","coordinates":[[[14.562222,35.820274],[14.510277,35.925278],[14.374998,35.990829],[14.333055000000115,35.894997],[14.423887,35.818604],[14.562222,35.820274]]]},"properties":{"NAME":"Malta","SUBJECTO":"Malta","PARTOF":"Malta"}},
{"type":"Feature","geometry":{"type":"Polygon","coordinates":[[[61.56996444186328,25.03957136721973],[66.62050918063281,25.31748541446094],[66.70171645602343,24.75227888675098],[68.79081252535937,23.028724275544924],[69.66488936862109,22.789163194612307],[69.12606337985156,21.9685073718584],[70.20994857272265,20.94797857852344],[71.02444747408984,20.657476030305666],[72.12086013278125,21.155339799836916],[73.10968306979296,20.687320314363284],[72.75949386080859,20.057649217561526],[73.06422713717578,18.031716905549807],[73.84143355807421,15.390475831941409],[74.73362258395312,13.683358751252932],[75.21094039401171,12.102367959932131],[76.07506087741015,10.553955636934084],[76.70353225192187,8.706356607393069],[77.34137252291796,8.053283296541018],[77.89976027926562,8.257814966157717],[79.82626632174609,10.358728013948244],[79.71073440035937,11.444942079500002],[80.22375777682421,12.831091485933108],[80.0894041391289,15.175155244783205],[81.36909774264453,16.34686430545215],[84.26272872408984,18.455840669587893],[85.1132078500664,19.442306123689455],[86.11916640719531,19.806542955354494],[87.64071944674609,21.563081346467776],[88.7234602304375,21.53995283694629],[90,21.930253587678713],[90,22.560958467439455],[91.41017440280078,22.720834337190432],[92.17629531344531,20.886634431794924],[93.33432296237109,20.025172792390627],[94.05371383151171,19.061149202302737],[94.46485427340625,17.26426275821094],[94.1433592172539,16.21537932010059],[95.32981399020312,15.677930437043948],[96.46924880465625,16.512576662019534],[96.88161757907031,17.345660768464846],[97.57322219332812,16.4450698718584],[97.82298568209765,14.61600836367969],[98.48591903170703,13.111775957063479],[98.73837569674609,11.435081087068362],[98.59324172457812,10.120483003572268],[99.58108809908984,11.888709627107424],[99.00300887545703,13.886227212861819],[98.1370344491875,15.189550958589358],[98.82361129244921,16.317746721223635],[97.27488230039214,18.503621734320777],[97.37243095460272,20.779832287303815],[98.19617514571422,21.60848326484582],[97.69524711923407,23.879622433915735],[97.52405074557421,24.799996934846682],[98.73374465426562,26.34318121524219],[98.63722518405078,27.478742204622073],[98.00866225680468,28.090755067781252],[96.2545652719414,28.385312639192385],[94.57171157321093,29.200709901765627],[91.60775283297656,27.641450487092776],[91.90890029391406,26.805301271394534],[90,26.778745256379885],[88.80257705172656,27.18099173159961],[88.19726088961718,27.87575491519336],[88.09216597994921,26.444518648103518],[86.7765379281914,26.46684416385059],[84.66636184176562,27.069509111360354],[84.13611129244921,27.53824385257129],[82.81183150729296,27.53824385257129],[80.09826949557421,28.951900087312502],[81.02130416354296,30.246511064485354],[79.10879043063281,31.45927771182422],[78.78180221041796,32.002418123201174],[79.56532576998828,32.70180853457813],[78.62453750094531,33.50422628970508],[78.5086164804375,34.497813783601565],[77.84622481783984,35.24300345034961],[75.88974288424609,36.023238740876955],[75.62776473483203,36.76897390933399],[74.52053359469531,37.004581056550784],[72.37272170504687,36.717723451570315],[71.32484725436328,36.05156668277149],[71.65887740573046,35.12511023135547],[70.28924087008593,33.28308065982227],[69.50792220553515,32.94862326236133],[69.20640853366015,31.798038087800784],[68.24271682223437,31.76717909427051],[67.5698957773125,31.18569143863086],[66.46658614596484,30.842952333406252],[66.09057143649218,29.736140809968752],[64.08925918063281,29.3945327624834],[62.36863997897265,29.384700380281252],[60.82045653781054,29.833345018342776],[61.50095656832812,28.86539801211719],[61.65926650485156,28.656762681916994],[61.97238448580859,28.480758272126955],[62.486819300261715,28.305913530305666],[63.240542444792965,26.665551744416994],[61.81273940524218,25.9841323718584],[61.67348006686328,25.627675615266604],[61.56996444186328,25.03957136721973]]]},"properties":{"NAME":"British Raj","SUBJECTO":"United Kingdom","PARTOF":"British Raj"}},
{"type":"Feature","geometry":{"type":"Polygon","coordinates":[[[20.97506315830498,18.322794683092678],[20.03200510381111,14.754890595582966],[23.10935243952795,12.148399799198723],[25.541449527433194,15.282219803746488],[24.449487569598183,17.75646080190226],[20.97506315830498,18.322794683092678]]]},"properties":{"NAME":"Wadai Empire","SUBJECTO":"Wadai Empire","PARTOF":"Wadai Empire"}},
{"type":"Feature","geometry":{"type":"Polygon","coordinates":[[[5.264722890436342,17.273989060740618],[4.018480420869411,18.569275361495063],[0.988084465692323,18.983374821754374],[0.706913706964551,16.244246808637893],[2.426365413273889,15.32183448499393],[3.572376164792956,16.68844153019317],[4.917727596965356,16.84988370205386],[5.264722890436342,17.273989060740618]]]},"properties":{"NAME":"Dendi Kingdom","SUBJECTO":"Dendi Kingdom","PARTOF":"Dendi Kingdom"}},
{"type":"Feature","geometry":{"type":"Polygon","coordinates":[[[-3.55440617297736,13.681587115757003],[-4.529764943470257,13.212873039936806],[-5.564009481210462,12.28223804780171],[-5.414421188781035,10.382243944332767],[-5.220476865373589,7.918862185701681],[-2.501114955741762,6.468163910419633],[-1.817709605192711,7.290670691948598],[-1.191005258030619,8.77110474535461],[-1.878844122681286,8.799017068227773],[-1.691058081312844,10.723823992254303],[-3.085113781136684,12.446494344593969],[-3.55440617297736,13.681587115757003]]]},"properties":{"NAME":"Kong Empire","SUBJECTO":"Kong Empire","PARTOF":"Kong Empire"}},
{"type":"Feature","geometry":{"type":"Polygon","coordinates":[[[-5.414421188781035,10.382243944332767],[-5.564009481210462,12.28223804780171],[-6.382946607406766,11.748141552998684],[-7.768454635592331,11.853489911051955],[-6.911696432402867,9.802723301356982],[-5.414421188781035,10.382243944332767]]]},"properties":{"NAME":"Wassoulou Empire","SUBJECTO":"Wassoulou Empire","PARTOF":"Wassoulou Empire"}},
{"type":"Feature","geometry":{"type":"Polygon","coordinates":[[[-12.323321091461764,15.611903205590018],[-10.985701072598316,15.437708029812608],[-9.383713265971071,16.060703287945422],[-7.065697746751797,15.907978975902948],[-5.114980205766001,16.611050089633245],[-3.603174111502008,16.493871570678195],[-2.969190910681622,15.0877293432176],[-3.55440617297736,13.681587115757003],[-3.085113781136684,12.446494344593969],[-2.442202246786612,13.16504253004405],[-2.911667350207718,13.869240185175707],[-1.033806936523298,14.526491329965253],[0.139855822029464,13.963133205859927],[1.360465090924336,13.024202999017719],[-0.011526772258339,11.280121431891642],[0.984073479155864,10.616387930948838],[1.219625559898006,8.658177537201443],[-0.09487672968109,8.376498475148779],[-1.191005258030619,8.77110474535461],[-1.817709605192711,7.290670691948598],[-0.994732866289031,7.478156322276678],[0.242672293876295,6.878202305226822],[0.802637848464233,5.714715085939211],[1.341844234076721,6.179760538057131],[1.426562479784401,8.680498553198994],[2.256229355962905,8.791120803356126],[2.422162731198608,7.850831677020489],[2.192522849288322,6.765710927029975],[2.712774649924253,6.345689945246258],[2.832288877196385,6.351051533510095],[3.316777502087678,7.094689618996281],[4.072063479033691,6.439846120790286],[4.634121450988037,6.212299905732912],[6.099767327270108,5.849667855098877],[5.419493708220703,4.955793939546389],[6.088779959288818,4.328133188203616],[7.046161207762939,4.508142076448244],[7.06829723779823,5.306519923406407],[7.787341863819602,4.864030922777873],[7.888258967009765,4.452766023591799],[8.262993845549804,4.745887361482424],[8.672319865076673,5.417142173563542],[9.336053366019478,5.251208798327841],[9.283893618193847,4.017317853883547],[9.92309001406787,2.824045501664919],[9.894341501799804,2.137687526658816],[10.984499711056985,1.991773068621756],[10.468088097293771,1.099789372121654],[9.370391878691894,1.17065342517261],[9.628979715911132,0.889529608205599],[10.186409035241107,0.771163799726882],[10.702820649004321,-0.590285000194323],[9.228990332022416,-1.38808568673508],[9.656445536223632,-2.419099487348753],[11.851424796393308,-4.710019702428172],[12.562813293751397,-4.298163203957699],[13.419070095226779,-4.55530301501015],[14.384001313198047,-3.181951192038786],[15.088977320725782,-2.888211188902229],[15.969932699501992,-3.08509638019376],[16.675173337663185,-4.121919202075766],[16.352059334212974,-4.445033205525977],[17.73263734895479,-5.120635212740059],[18.08512535271866,-5.825611220267794],[16.91016534017243,-8.058035244105623],[17.615141347700167,-9.291743257279158],[16.91016534017243,-9.93797126417958],[16.087693331390074,-9.820475262924962],[16.146441332017385,-13.05161529742708],[14.420304022635968,-12.660497882360142],[12.300918963197555,-14.560185316619062],[11.782002482024414,-15.867509283109861],[11.774609598723632,-17.596052564665037],[12.07951262911914,-18.49144021420117],[12.929404291716796,-19.74155656246777],[14.415466341582519,-22.267668165250974],[14.396092447844726,-23.074791349455076],[14.909036669341308,-25.01834908871289],[14.843331369963867,-25.622223295255857],[15.45380404910205,-27.616459287687498],[16.334208521453125,-28.560795225187498],[17.008498224822265,-28.071873106046873],[17.706597361174804,-28.87307206539746],[19.128987345305664,-28.947578825041013],[19.84039023837207,-28.444218076749998],[20.735986540123843,-28.744773994312133],[21.99199618275404,-28.58681800505014],[23.27520012492877,-27.303614062875408],[25.12782581644354,-27.544214802033174],[25.04762557005762,-26.100610367086595],[25.368426555601303,-24.73720617852594],[26.42386179804002,-24.191844503101684],[26.526518113414,-23.319265822422864],[29.458639121283266,-21.529196323089106],[31.543845527317206,-21.84999730863279],[31.86464651286089,-22.41139903333424],[31.86464651286089,-24.817406424911866],[31.2642738844356,-25.68513459468926],[31.72662626931118,-26.153532531132512],[31.763520418187955,-25.637014446857705],[33.467775653888765,-24.53426105905129],[33.96902719380077,-23.23100705528008],[33.66827626985358,-20.323748123790445],[34.269778117747975,-17.61698980826562],[33.08642184352078,-16.401455412580233],[32.35814716684476,-16.80217027185052],[30.94819515178929,-16.708173470846823],[30.196220743759703,-16.097194264322784],[29.961228741250455,-14.875235851274711],[30.666204748778192,-13.606279037724788],[31.74716796032072,-12.760307828691506],[32.499142368350306,-12.525315826182263],[33.67410238089653,-13.46528383621924],[34.14408638591502,-14.781239050271013],[33.812282772804735,-15.728311939458957],[35.546153505551345,-16.96567051794163],[36.38557486309061,-16.96567051794163],[37.64470689939951,-16.021321490709962],[39.21862194478561,-15.706538481632741],[39.63833262355524,-15.286827802863112],[39.743260293247644,-13.712912757477],[39.53340495386284,-12.243925381783296],[39.0648189184586,-11.208778331062327],[38.32615379198707,-9.066649464294866],[36.03629189992529,-8.549583875764789],[36.1840249252196,-7.441586186057481],[37.956821228751295,-6.776787572233097],[37.956821228751295,-4.856258243407098],[38.25228727933991,-3.895993578994098],[37.66135517816268,-3.378927990464021],[37.73522169080984,-2.344796813403864],[39.951217070224445,-1.015199585755095],[39.87735055757729,0.018931591305055],[40.91148173463745,0.018931591305055],[41.65014686110898,1.20079579365952],[43.33258570400096,0.405233867901636],[44.56746962985156,1.462954007104678],[46.360503229705074,2.667831026033205],[48.47157958468554,5.20143374057178],[49.04607299288867,6.416338048890871],[50.77938369235156,9.368420206025881],[51.18070510348437,11.777448259309573],[50.69729140719531,11.947959505037112],[49.64723494967578,11.329372011140627],[49.63908266399221,9.890523433681839],[48.87620187093292,9.597107744043651],[46.528876353827386,9.479741468188374],[45.355213595274634,9.773157157826565],[44.122867698794224,9.538424606116012],[43.0078880781691,8.834226950984354],[41.951591595471626,8.892910088911993],[43.36809447726367,11.45563467593555],[43.474822077361324,12.097622476533694],[42.07897857150195,13.86101397128467],[40.739138636199215,14.919243417695803],[39.7964468332207,15.088771425203127],[40.23217565419182,13.493668102438823],[41.218052371376146,13.071149509359829],[41.171105861034036,12.507791385254503],[38.729887323244284,11.944433261149177],[38.495154771533734,10.160465868148977],[37.79095711640208,8.51733800617511],[36.57034784750721,7.296728737280237],[35.96004321305976,7.484514778648681],[35.72531066134921,9.925733316438425],[35.39668508895444,10.066572847464757],[35.11500602690178,11.474968157728071],[34.69248743382278,11.944433261149177],[35.11500602690178,12.789470447307165],[36.89897341990198,13.446721592096711],[37.65011758537574,14.479544819623143],[39.48103148871806,14.620384350649474],[39.50339109904405,15.503541242398503],[38.958838673211076,17.203118461877267],[37.71158274558003,16.885418321243982],[36.82433940723831,17.107229155829412],[35.78922217917297,16.663607486658552],[34.97591578569306,15.776364148316834],[34.236546337074955,14.075814416495204],[33.829893140335,11.857706070640903],[32.72083896740786,9.417786890201173],[32.351154243098804,7.051804654623254],[32.42509118796062,5.647002702248862],[32.20328035337518,4.759759363907142],[30.946352290724416,5.203381033078001],[30.428793676691747,6.386372150866963],[29.615487283211838,7.347552434070494],[29.319739503764595,9.269913000477555],[29.615487283211838,11.783769125779093],[29.467613393488218,12.966760243568052],[27.767063661666587,14.297625251080637],[27.693126716804773,15.18486858942235],[28.210685330837446,16.146048872625883],[29.02399172431735,16.367859707211313],[28.654307000008306,18.216283328756564],[29.3197395037646,21.543445847538017],[28.506433110284686,22.061004461570686],[25.622892260674092,22.80037391018879],[24.809585867194183,24.722734476595853],[25.918640040121335,25.68391475979938],[25.62289226067409,26.571158098141105],[24.809585867194183,27.014779767311964],[23.256910025096172,27.60627532620644],[22.14785585216902,28.493518664548162],[21.038801679241868,28.493518664548162],[20.15155834090015,27.60627532620644],[18.598882498802137,23.613680303668698],[14.606287476264395,22.50462613074155],[13.792981082784483,22.8743108550506],[14.088728862231724,24.574860586872227],[13.127548579028192,25.01848225604309],[11.796683571515612,24.131238917701367],[10.2440077294176,24.72273447659585],[10.02219689483217,25.53604087007576],[11.426998847206562,27.680212271068253],[11.35306190234475,28.64139255427178],[9.327074982208888,30.14724166462398],[8.927356956266049,32.10949379197974],[8.329779915931208,32.64876101457662],[4.810099482391564,33.26317117455715],[1.365999816030218,30.94916671122062],[-1.234288897904175,31.989039979890627],[-2.817108598145264,31.992766939119143],[-3.780335154923218,31.555024705842776],[-3.729404654892701,30.89420088382129],[-5.602978196533936,29.872754655793948],[-7.170479741486329,29.476010881379885],[-8.593210187348145,28.641410432771487],[-8.641209569367188,27.566762529329104],[-13.123640027436036,27.546344362214846],[-13.628725018891114,26.591056428865237],[-14.36725422421338,26.119227968171877],[-14.820046391876954,24.73287733645801],[-15.714025464447754,23.873057924226565],[-16.806021657379883,21.989650331453127],[-17.051907506378907,21.004098497346682],[-16.347281423004883,20.52261694522266],[-15.982691731842774,18.17839964480762],[-16.125475850495118,17.30111464114551],[-12.718793360674601,16.000611754707524],[-12.323321091461764,15.611903205590018]],[[2.426365413273889,15.32183448499393],[0.706913706964551,16.244246808637893],[0.988084465692323,18.983374821754374],[4.018480420869411,18.569275361495063],[5.264722890436342,17.273989060740618],[6.370707143711551,18.625747592521428],[7.823686690457743,18.73337570709522],[9.49192246635152,17.979978905078678],[9.438108409064624,17.011325873914547],[10.197579032585324,16.61934103596838],[11.798637252868497,17.136459588305357],[13.402925297195976,15.80960726150637],[13.904675163876997,15.935044728176624],[15.1962125387625,17.280396160349028],[15.572910939770773,18.571933535234532],[17.187332658377652,18.249049191513155],[17.294960772951445,16.68844153019317],[17.725473231246614,15.98885878546352],[17.725473231246614,14.589693296004226],[16.487749913648006,12.006618546233215],[12.497137689041853,12.218671680249173],[13.203715038919995,11.195937782423018],[13.057241890226184,10.24386231591324],[12.471349295450931,8.852367403322026],[11.812220126328778,8.998840552015837],[11.006617808512814,8.046765085506058],[9.615122895921598,7.827055362465341],[9.248940024187068,7.24116276769009],[8.516574280718007,7.534109065077718],[6.978606219432979,7.24116276769009],[6.0265307529232,8.193238234199871],[6.173003901617015,7.387635916383905],[5.513874732494859,6.874979895955564],[3.243540927740771,7.314399342036999],[3.46325065078149,8.339711382893682],[2.432040895602303,8.973135750469677],[1.537184729941533,8.957054178591827],[1.758429230255803,10.56107680587027],[0.762828978841597,11.501365932205905],[1.727834358064026,12.669399040181101],[1.464116757041189,13.672265360023582],[2.426365413273889,15.32183448499393]],[[7.087939352661817,6.73337061317491],[7.698243987109255,5.7944404063327],[6.477634718214379,5.465814833937927],[6.477634718214379,6.498638061464357],[7.087939352661817,6.73337061317491]],[[22.726217402276244,-4.76814720897619],[22.784965402903556,-5.355627215249303],[22.256233397257756,-6.58933522842284],[21.198769385966152,-6.706831229677462],[20.728785380947663,-5.531871217131236],[20.9050293828296,-4.121919202075766],[21.375013387848085,-3.651935197057277],[22.314981397885067,-3.82817919893921],[22.726217402276244,-4.76814720897619]],[[32.83087351017379,-3.005707190156848],[33.770841520210766,-3.769431198311896],[32.65462950829185,-4.415659205212318],[31.30342549386369,-4.063171201448451],[31.185929492609073,-3.123203191411474],[32.83087351017379,-3.005707190156848]],[[26.779829445560726,-11.817907284253542],[26.721081444933414,-10.819191273589249],[27.426057452461148,-8.293027246614866],[29.012253469398548,-8.175531245360242],[31.127181491981755,-9.232995256651845],[31.30342549386369,-10.936687274843873],[30.657197486963266,-11.524167281116984],[29.18849747128049,-11.935403285508162],[28.718513466262,-12.640379293035897],[27.191065449951903,-12.346639289899343],[26.779829445560726,-11.817907284253542]],[[24.36841908153043,-13.653277438226638],[23.663443074002693,-13.841271040234034],[22.629478262962014,-13.559280637222939],[22.441484660954618,-12.102330221665621],[22.911468665973107,-11.491351015141582],[24.227423880024883,-10.880371808617548],[25.026396688556314,-10.833373408115698],[26.06036149959699,-11.867338219156375],[25.496380693574803,-13.0422982317026],[24.36841908153043,-13.653277438226638]],[[27.47647856618519,-16.87898488339611],[26.41649644723481,-17.615372028778292],[24.90251762876696,-17.814251686225028],[24.111826113361655,-17.645341706529752],[23.217086951887165,-16.80617701509243],[23.093159508102364,-15.458466063932697],[23.91417882317668,-14.296646278450165],[25.370326287648115,-13.862900225203354],[27.632002136720775,-14.40508279176187],[28.034766329021384,-14.962756288793486],[27.47647856618519,-16.87898488339611]],[[27.963706528649702,-18.391762684471885],[29.195582313137447,-18.85371610365479],[28.990269682389492,-19.46965399589866],[27.963706528649702,-19.828951099707588],[26.783158901848946,-20.598873465012428],[25.75659574810916,-20.290904518890493],[25.602611275048194,-19.67496662664662],[26.42386179804002,-18.597075315219843],[27.963706528649702,-18.391762684471885]],[[27.501753109466797,-22.24137451099609],[25.859252063483137,-23.267937664735875],[25.089329698178293,-22.549343457118027],[25.397298644300232,-22.087390037935123],[27.039799690283893,-21.47145214569125],[27.501753109466797,-22.24137451099609]],[[30.657197486963266,-3.710683197684585],[31.068433491354444,-4.239415203330385],[34.18207752460194,-5.414375215876614],[33.183361513937655,-7.411807237205196],[32.30214150452798,-8.293027246614866],[31.068433491354444,-8.58676724975142],[30.3047094831994,-7.11806723406864],[29.540985475044355,-6.413091226540905],[29.423489473789733,-4.474407205839633],[29.30599347253511,-3.886927199566518],[30.187213481944777,-3.005707190156848],[30.657197486963266,-3.710683197684585]],[[32.8751295723651,1.527205923870589],[33.32373201857578,-0.112970614977093],[32.10108406774572,-1.465241311088907],[31.136188753796684,-1.480691708247745],[31.068433491354444,-2.359479183256425],[30.42220548445402,-2.711967187020292],[29.658481476298977,-2.535723185138359],[29.482237474417044,-1.889495178237937],[30.816971894942544,-1.108427149817259],[30.90119675128744,-0.446726897207069],[30.00822714175231,-0.164736494195976],[30.243219144261552,0.869228316844703],[31.37118075630593,2.32617873240202],[32.6871359703577,2.655167535914966],[33.345113577383586,1.90319312788538],[32.8751295723651,1.527205923870589]],[[27.661049454970392,-6.354343225913595],[27.132317449324592,-8.293027246614868],[25.487373431759874,-8.645515250378734],[24.66490142297752,-8.469271248496801],[24.31241341921365,-7.470555237832508],[24.488657421095585,-6.824327230932086],[23.607437411685915,-6.413091226540905],[23.84242941419516,-5.531871217131236],[24.57888357678681,-5.245706171095623],[24.72364942360483,-3.82817919893921],[23.666185412313226,-2.183235181374496],[22.784965402903556,-1.360763172592135],[23.254949407922048,-0.714535165691714],[25.89860943615105,0.342928845599889],[26.368593441169548,0.284180844972578],[27.249813450579214,-1.067023169455581],[27.308561451206526,-2.653219186392985],[28.777261466889303,-3.005707190156853],[29.012253469398555,-3.651935197057277],[28.13103345998888,-4.474407205839633],[28.718513466261992,-5.296879214621992],[28.83600946751662,-6.354343225913595],[27.661049454970392,-6.354343225913595]],[[20.97506315830498,18.322794683092678],[24.449487569598183,17.75646080190226],[25.541449527433194,15.282219803746488],[23.10935243952795,12.148399799198723],[20.03200510381111,14.754890595582966],[20.97506315830498,18.322794683092678]],[[22.807337640329912,7.992677359860895],[22.138774131856987,9.754102957547724],[23.921610154451443,11.06918304995073],[25.959137037416525,9.377379378416567],[25.00404631102665,7.551063614560128],[22.807337640329912,7.992677359860895]]]},"properties":{"NAME":null,"SUBJECTO":null,"PARTOF":null}},
{"type":"Feature","geometry":{"type":"Polygon","coordinates":[[[-12.087832261676635,14.826509879369365],[-12.087832261676635,14.107728457713629],[-12.778884893912503,13.837316558143073],[-13.620166359243122,12.965989326193501],[-15.092408923571709,14.197865757570481],[-16.02382768875918,14.16781999095153],[-15.918589040404157,13.777673501300146],[-15.452958122999117,13.32653852562091],[-15.99378192214023,12.274936693957635],[-16.42452904263379,12.248307786897463],[-14.591384854706543,10.466548524812502],[-13.680051770600098,9.915645204500002],[-13.178287828528982,9.092234617798498],[-12.2438706859738,9.840475264410479],[-11.381436786464633,9.540498255885552],[-11.568922416792713,8.528075852113922],[-10.893974147611626,7.62814482653914],[-10.069037374168078,7.590647700473525],[-9.544077609249454,6.390739666373816],[-9.778889024476829,5.70687989261459],[-9.247899022492188,5.171884141877932],[-7.528605428131836,4.336791597322268],[-5.239403180630699,5.192804800899247],[-4.294479960063229,6.203254036045736],[-3.319554682357215,5.828282775389578],[-3.091446128281373,5.159785829500002],[-2.803544488343018,5.185831151918215],[-2.501114955741762,6.468163910419633],[-5.220476865373589,7.918862185701681],[-5.414421188781035,10.382243944332767],[-6.911696432402867,9.802723301356982],[-7.768454635592331,11.853489911051955],[-8.236128271343276,11.748141552998684],[-9.894238181181205,12.275444888296407],[-10.918364890198749,11.923909331431258],[-11.406044275445197,13.15428378045928],[-11.05983193478998,14.593159060377639],[-12.087832261676635,14.826509879369365]],[[-14.413562384024786,12.695577426622942],[-13.146006604787802,12.366951854228168],[-12.300969418629814,11.568861178412288],[-12.254022908287702,10.62993097157008],[-13.146006604787802,10.67687748191219],[-14.507455404709006,11.6158076887544],[-14.413562384024786,12.695577426622942]]]},"properties":{"NAME":null,"SUBJECTO":null,"PARTOF":null}},
{"type":"Feature","geometry":{"type":"Polygon","coordinates":[[[-12.087832261676635,14.826509879369365],[-11.05983193478998,14.593159060377639],[-11.406044275445197,13.15428378045928],[-10.918364890198749,11.923909331431258],[-9.894238181181205,12.275444888296407],[-8.236128271343276,11.748141552998684],[-7.768454635592331,11.853489911051955],[-6.382946607406766,11.748141552998684],[-5.564009481210462,12.28223804780171],[-4.529764943470257,13.212873039936806],[-3.55440617297736,13.681587115757003],[-2.969190910681622,15.0877293432176],[-3.603174111502008,16.493871570678195],[-5.114980205766001,16.611050089633245],[-7.065697746751797,15.907978975902948],[-9.383713265971071,16.060703287945422],[-10.985701072598316,15.437708029812608],[-12.323321091461764,15.611903205590018],[-12.087832261676635,14.826509879369365]]]},"properties":{"NAME":"Tukular Caliphate","SUBJECTO":"Tukular Caliphate","PARTOF":"Tukular Caliphate"}},
{"type":"Feature","geometry":{"type":"Polygon","coordinates":[[[22.807337640329912,7.992677359860895],[25.00404631102665,7.551063614560128],[25.959137037416525,9.377379378416567],[23.921610154451443,11.06918304995073],[22.138774131856987,9.754102957547724],[22.807337640329912,7.992677359860895]]]},"properties":{"NAME":"Rabih az-Zubayr","SUBJECTO":"Rabih az-Zubayr","PARTOF":"Rabih az-Zubayr"}},
{"type":"Feature","geometry":{"type":"MultiPolygon","coordinates":[[[[32.647959742156246,29.85220106692676],[32.59724334200976,30.96390112491016],[30.99595550021289,31.468850694612307],[29.248847040740234,30.753661714509768],[26.14333442172168,31.490577302888674],[25.25822928866504,31.437919221833987],[24.292912431577484,31.923295395714312],[24.29202725316151,30.489816175817033],[25.253207536365043,29.898320616922554],[25.327144481226856,28.789266443995402],[24.73564892233237,28.345644774824542],[24.809585867194183,27.014779767311964],[25.62289226067409,26.571158098141105],[25.918640040121335,25.68391475979938],[24.809585867194183,24.722734476595853],[25.622892260674092,22.80037391018879],[28.506433110284686,22.061004461570686],[29.3197395037646,21.543445847538017],[28.654307000008306,18.216283328756564],[29.02399172431735,16.367859707211313],[28.210685330837446,16.146048872625883],[27.693126716804773,15.18486858942235],[27.767063661666587,14.297625251080637],[29.467613393488218,12.966760243568052],[29.615487283211838,11.783769125779093],[29.319739503764595,9.269913000477555],[29.615487283211838,7.347552434070494],[30.428793676691747,6.386372150866963],[30.946352290724416,5.203381033078001],[32.20328035337518,4.759759363907142],[32.42509118796062,5.647002702248862],[32.351154243098804,7.051804654623254],[32.72083896740786,9.417786890201173],[33.829893140335,11.857706070640903],[34.236546337074955,14.075814416495204],[34.97591578569306,15.776364148316834],[35.78922217917297,16.663607486658552],[36.82433940723831,17.107229155829412],[37.71158274558003,16.885418321243982],[38.958838673211076,17.203118461877267],[38.685671839324215,18.002805314973635],[37.39818480929492,18.91500052066211],[37.12776854952929,21.227176271394534],[36.660429987517574,22.16653784366016],[35.74630263766406,22.91434057803516],[35.18986419161914,24.399919115022463],[33.928809198943355,26.56382330508594],[33.354216608611324,27.9095474109209],[32.318491968718746,29.54019697757129],[32.647959742156246,29.85220106692676]]],[[[39.50339109904405,15.503541242398503],[39.48103148871806,14.620384350649474],[39.7964468332207,15.088771425203127],[39.50339109904405,15.503541242398503]]]]},"properties":{"NAME":"Egypt","SUBJECTO":"Ottoman Empire","PARTOF":"Egypt"}},
{"type":"Feature","geometry":{"type":"MultiPolygon","coordinates":[[[[8.636709246245605,36.885257326082034],[8.272001299468261,36.322791658357424],[8.217679056731445,34.58479269595508],[7.581201586333496,34.04101523013477],[8.329779915931208,32.64876101457662],[8.927356956266049,32.10949379197974],[9.327074982208888,30.14724166462398],[11.35306190234475,28.64139255427178],[11.426998847206562,27.680212271068253],[10.02219689483217,25.53604087007576],[10.2440077294176,24.72273447659585],[11.796683571515612,24.131238917701367],[13.127548579028192,25.01848225604309],[14.088728862231724,24.574860586872227],[13.792981082784483,22.8743108550506],[14.606287476264395,22.50462613074155],[18.598882498802137,23.613680303668698],[20.15155834090015,27.60627532620644],[21.038801679241868,28.493518664548162],[22.14785585216902,28.493518664548162],[23.256910025096172,27.60627532620644],[24.809585867194183,27.014779767311964],[24.73564892233237,28.345644774824542],[25.327144481226856,28.789266443995402],[25.253207536365043,29.898320616922554],[24.29202725316151,30.489816175817033],[24.292912431577484,31.923295395714312],[23.15333846530078,32.138812623933596],[22.543126139250976,32.72207220645313],[21.67341903170703,32.815589509919924],[20.365721735564453,32.29824026675586],[20.116768869963867,30.957103334382815],[18.915026697722656,30.204860292390627],[17.421629938689453,30.99598654361133],[15.843325647917968,31.285003267244143],[15.00978663882373,32.363441072419924],[14.157023462859375,32.67937811465625],[12.564756426421386,32.73963888736133],[10.412600550261718,33.63112600894336],[10.01948073825,34.08147390933399],[11.12510875186084,35.2406078204668],[10.132734331694824,37.104747377351565],[8.636709246245605,36.885257326082034]]],[[[32.647959742156246,29.85220106692676],[33.33074096163867,28.551192842439455],[34.05800536593554,27.790313325837893],[34.88559249362109,28.357480607942385],[37.21826842745898,25.166631303743166],[37.201453241912105,24.65831335635547],[38.329417261687496,23.8347183093584],[39.10219481906054,22.40044554324512],[39.16673949679492,21.218801103547854],[39.76407912692187,20.406795106843752],[40.69382003268359,19.86870726199512],[41.62855819186328,18.047204576448244],[42.76366332491992,16.645455919221682],[42.79587844332812,15.470080934480471],[43.38397887667773,13.565180383638186],[43.84059050997851,12.663913331941409],[45.41116039908778,13.090445668780808],[45.26341914292853,13.825594989567826],[45.70402914763336,16.17551501466027],[45.557159146065075,17.20360502563822],[41.922550675010456,20.766511713374978],[41.8124565280542,21.71258711067685],[41.07042045024812,22.262737159805738],[40.85731909588017,24.987715108756962],[39.755794084118094,25.428325113461796],[37.643553425992124,27.355852165760666],[36.593479460352896,29.78728888284727],[36.52476660905813,31.161545908742568],[37.211895122005785,33.56649570405934],[38.03644933754296,34.59718847348081],[40.02912202509114,34.39104991959652],[44.08318025148226,30.33699169320539],[46.90507516233225,29.437615717313662],[47.43863967379687,28.829289995149416],[48.46901696650477,26.69538684529435],[49.39540370586717,26.077795685719416],[49.70419928565464,24.410299554867095],[50.774767380820705,24.154366214762454],[50.968333277312496,24.436244569734377],[49.93686202487109,25.95578344912891],[50.1217642160332,26.737586580232424],[48.85502150973437,27.52269133181934],[47.91136077365039,29.89029272647266],[48.5536489816582,29.99462278933887],[47.68874648532031,30.882104478791994],[47.793040308562496,31.797170244172854],[45.50621322116015,33.797252260164065],[46.18439391574023,35.05844458194141],[45.38811400851367,35.925574861482424],[44.20520690402148,37.8674274310625],[43.84727004489062,40.74996527285938],[42.87842467745898,41.54550512881641],[41.48396209200976,41.436542116121096],[40.36101439913867,40.963443361238284],[38.6511831613457,40.92156942935352],[36.38289550265429,41.23751791568164],[35.957793268767574,41.685645662263674],[33.55554107150195,41.982501588777346],[30.744805368987304,41.04032476992969],[27.76389411410449,40.28725393863086],[26.76528266390918,40.37694128604297],[26.127575907317382,39.878558717683596],[26.70794394930957,39.18212851138477],[27.160407099333984,37.36008032412891],[29.002251658049804,36.69479712100391],[29.29818824252246,36.17311819644336],[30.472832712737304,36.18825491519336],[31.37069037875293,36.712344728425784],[33.171336207,35.97088202090625],[34.48512938937304,36.626781068757815],[35.70863250216601,36.21223410220508],[35.87306502780078,34.422286592439455],[34.84289077242968,32.670699678376955],[34.5006590219414,31.621099077180666],[33.55760100802539,30.967715822175784],[32.59724334200976,30.96390112491016],[32.647959742156246,29.85220106692676]]],[[[25.018929514495117,41.01714666934375],[26.613572153655273,40.39804037661914],[28.104397806731445,41.59297140689258],[25.018929514495117,41.01714666934375]]]]},"properties":{"NAME":"Ottoman Empire","SUBJECTO":"Ottoman Empire","PARTOF":"Ottoman Empire"}},
{"type":"Feature","geometry":{"type":"Polygon","coordinates":[[[-4.153334,53.225555],[-4.276945,53.398331],[-4.5675,53.273331],[-4.351389,53.124443],[-4.153334,53.225555]]]},"properties":{"NAME":null,"SUBJECTO":null,"PARTOF":null}},
{"type":"Feature","geometry":{"type":"Polygon","coordinates":[[[-5.103612,55.438606],[-5.154723,55.673332],[-5.400278,55.600555],[-5.103612,55.438606]]]},"properties":{"NAME":null,"SUBJECTO":null,"PARTOF":null}},
{"type":"Feature","geometry":{"type":"Polygon","coordinates":[[[-6.121667,55.878883],[-6.3275,55.589439],[-6.024723,55.68083200000012],[-6.121667,55.878883]]]},"properties":{"NAME":null,"SUBJECTO":null,"PARTOF":null}},
{"type":"Feature","geometry":{"type":"Polygon","coordinates":[[[-5.946945,55.829994],[-5.746112,56.06360600000011],[-5.968056,56.023605],[-6.078889,55.905548],[-5.946945,55.829994]]]},"properties":{"NAME":null,"SUBJECTO":null,"PARTOF":null}},
{"type":"Feature","geometry":{"type":"Polygon","coordinates":[[[-7.466945,56.940826],[-7.376112,56.978607],[-7.445556,57.05555],[-7.553612,56.966385],[-7.466945,56.940826]]]},"properties":{"NAME":null,"SUBJECTO":null,"PARTOF":null}},
{"type":"Feature","geometry":{"type":"Polygon","coordinates":[[[-7.223056,57.337494],[-7.425,57.382217],[-7.38139,57.108604],[-7.230278,57.09471900000011],[-7.223056,57.337494]]]},"properties":{"NAME":null,"SUBJECTO":null,"PARTOF":null}},
{"type":"Feature","geometry":{"type":"Polygon","coordinates":[[[-7.268889,57.39888800000011],[-7.204722,57.460831],[-7.351111,57.489441],[-7.388056,57.423882],[-7.268889,57.39888800000011]]]},"properties":{"NAME":null,"SUBJECTO":null,"PARTOF":null}},
{"type":"Feature","geometry":{"type":"Polygon","coordinates":[[[-7.188612,57.68721800000014],[-7.476945,57.562492],[-7.15389,57.509438],[-7.188612,57.68721800000014]]]},"properties":{"NAME":null,"SUBJECTO":null,"PARTOF":null}},
{"type":"Feature","geometry":{"type":"Polygon","coordinates":[[[-7.00639,57.881386000000134],[-6.993611,57.91861],[-7.073611,57.896111],[-7.00639,57.881386000000134]]]},"properties":{"NAME":null,"SUBJECTO":null,"PARTOF":null}},
{"type":"Feature","geometry":{"type":"Polygon","coordinates":[[[-6.802222,58.203049],[-6.794445,58.218048],[-6.854167,58.25],[-6.873056,58.206383],[-6.802222,58.203049]]]},"properties":{"NAME":null,"SUBJECTO":null,"PARTOF":null}},
{"type":"Feature","geometry":{"type":"Polygon","coordinates":[[[-6.204167,58.35611],[-7.031945,58.238052],[-6.473889,57.940277],[-6.204167,58.35611]]]},"properties":{"NAME":null,"SUBJECTO":null,"PARTOF":null}},
{"type":"Feature","geometry":{"type":"Polygon","coordinates":[[[-2.918334,58.731941],[-2.876667,58.820274],[-3.036945,58.818054],[-2.918334,58.731941]]]},"properties":{"NAME":null,"SUBJECTO":null,"PARTOF":null}},
{"type":"Feature","geometry":{"type":"Polygon","coordinates":[[[-3.231389,58.775551],[-3.136389,58.804161],[-3.335556,58.927498],[-3.431111,58.871384],[-3.231389,58.775551]]]},"properties":{"NAME":null,"SUBJECTO":null,"PARTOF":null}},
{"type":"Feature","geometry":{"type":"Polygon","coordinates":[[[-2.793056,58.951385],[-3.076945,59.121666],[-3.195,58.91111000000012],[-2.793056,58.951385]]]},"properties":{"NAME":null,"SUBJECTO":null,"PARTOF":null}},
{"type":"Feature","geometry":{"type":"Polygon","coordinates":[[[-2.681389,59.195831],[-2.620556,59.236107],[-2.495556,59.244995],[-2.414444,59.313606],[-2.592778,59.29055],[-2.681389,59.195831]]]},"properties":{"NAME":null,"SUBJECTO":null,"PARTOF":null}},
{"type":"Feature","geometry":{"type":"Polygon","coordinates":[[[-2.89,59.29527300000012],[-3.048889,59.329163],[-3.003334,59.263611],[-2.971945,59.287216],[-2.89,59.29527300000012]]]},"properties":{"NAME":null,"SUBJECTO":null,"PARTOF":null}},
{"type":"Feature","geometry":{"type":"Polygon","coordinates":[[[-1.296111,60.491104],[-1.320278,60.356384],[-1.655,60.226105],[-1.126111,60.151665],[-1.041389,60.446938],[-1.296111,60.491104]]]},"properties":{"NAME":null,"SUBJECTO":null,"PARTOF":null}},
{"type":"Feature","geometry":{"type":"Polygon","coordinates":[[[-1.029444,60.495827],[-0.991111,60.719994],[-1.177222,60.63666500000011],[-1.029444,60.495827]]]},"properties":{"NAME":null,"SUBJECTO":null,"PARTOF":null}},
{"type":"Feature","geometry":{"type":"Polygon","coordinates":[[[-0.819722,60.68888900000013],[-0.767778,60.82888800000012],[-0.938889,60.79444100000012],[-0.965556,60.688049],[-0.819722,60.68888900000013]]]},"properties":{"NAME":null,"SUBJECTO":null,"PARTOF":null}},
{"type":"Feature","geometry":{"type":"Polygon","coordinates":[[[-6.706944,61.937492000000134],[-6.718889,62.02861],[-7.192223,62.3077770000001],[-7.232223,62.172493],[-6.706944,61.937492000000134]]]},"properties":{"NAME":null,"SUBJECTO":null,"PARTOF":null}},
{"type":"Feature","geometry":{"type":"Polygon","coordinates":[[[-4.777779,54.05555],[-4.394444,54.186386],[-4.5275,54.367218],[-4.777779,54.05555]]]},"properties":{"NAME":null,"SUBJECTO":null,"PARTOF":null}},
{"type":"Feature","geometry":{"type":"Polygon","coordinates":[[[129.715515,28.451107],[129.157745,28.234993],[129.368561,28.116108],[129.715515,28.451107]]]},"properties":{"NAME":null,"SUBJECTO":null,"PARTOF":null}},
{"type":"Feature","geometry":{"type":"Polygon","coordinates":[[[129.963013,29.957218000000125],[129.94165,30],[129.92358400000012,29.983883],[129.963013,29.957218000000125]]]},"properties":{"NAME":null,"SUBJECTO":null,"PARTOF":null}},
{"type":"Feature","geometry":{"type":"Polygon","coordinates":[[[129.89636200000018,29.87416500000012],[129.877167,29.83083],[129.923309,29.824997],[129.89636200000018,29.87416500000012]]]},"properties":{"NAME":null,"SUBJECTO":null,"PARTOF":null}},
{"type":"Feature","geometry":{"type":"Polygon","coordinates":[[[130.906097,30.354717000000107],[131.074402,30.689163],[130.945251,30.683331000000123],[130.906097,30.354717000000107]]]},"properties":{"NAME":null,"SUBJECTO":null,"PARTOF":null}},
{"type":"Feature","geometry":{"type":"Polygon","coordinates":[[[130.558594,30.236382000000106],[130.671906,30.373329000000126],[130.510803,30.458885000000123],[130.387207,30.397217],[130.558594,30.236382000000106]]]},"properties":{"NAME":null,"SUBJECTO":null,"PARTOF":null}},
{"type":"Feature","geometry":{"type":"Polygon","coordinates":[[[121.734711,25.138885],[121.00166300000012,25.001663],[120.11554,23.631386],[120.328598,22.519444],[120.878593,22.341385000000116],[121.839706,24.476383000000112],[121.734711,25.138885]]]},"properties":{"NAME":"Taiwan","SUBJECTO":"Taiwan","PARTOF":"Taiwan"}},
{"type":"Feature","geometry":{"type":"Polygon","coordinates":[[[128.900818,32.643051],[128.649414,32.777771],[128.610229,32.61166400000013],[128.900818,32.643051]]]},"properties":{"NAME":null,"SUBJECTO":null,"PARTOF":null}},
{"type":"Feature","geometry":{"type":"Polygon","coordinates":[[[123.870819,24.252499],[123.92192100000011,24.371109],[123.767212,24.41444],[123.678864,24.316109],[123.870819,24.252499]]]},"properties":{"NAME":null,"SUBJECTO":null,"PARTOF":null}},
{"type":"Feature","geometry":{"type":"Polygon","coordinates":[[[125.356369,24.776665],[125.261932,24.878883],[125.252213,24.737774],[125.356369,24.776665]]]},"properties":{"NAME":null,"SUBJECTO":null,"PARTOF":null}},
{"type":"Feature","geometry":{"type":"Polygon","coordinates":[[[124.26165800000012,24.457497],[124.077766,24.419994],[124.121918,24.344997],[124.22971300000017,24.338329],[124.26165800000012,24.457497]]]},"properties":{"NAME":null,"SUBJECTO":null,"PARTOF":null}},
{"type":"Feature","geometry":{"type":"Polygon","coordinates":[[[128.252777,26.63888500000013],[128.247192,26.839996],[127.958878,26.544441],[128.252777,26.63888500000013]]]},"properties":{"NAME":null,"SUBJECTO":null,"PARTOF":null}},
{"type":"Feature","geometry":{"type":"Polygon","coordinates":[[[126.76193200000012,26.38694],[126.701927,26.348606],[126.781097,26.29833200000013],[126.8099820000001,26.346943],[126.76193200000012,26.38694]]]},"properties":{"NAME":null,"SUBJECTO":null,"PARTOF":null}},
{"type":"Feature","geometry":{"type":"Polygon","coordinates":[[[128.95108,27.67582700000014],[129.029968,27.774441000000138],[128.89886500000011,27.89777400000014],[128.89721700000018,27.725826],[128.95108,27.67582700000014]]]},"properties":{"NAME":null,"SUBJECTO":null,"PARTOF":null}},
{"type":"Feature","geometry":{"type":"Polygon","coordinates":[[[128.609131,27.358887],[128.69635000000017,27.4486050000001],[128.52359000000013,27.413609],[128.609131,27.358887]]]},"properties":{"NAME":null,"SUBJECTO":null,"PARTOF":null}},
{"type":"Feature","geometry":{"type":"Polygon","coordinates":[[[129.992188,28.281666],[130.0324710000001,28.35305],[129.943024,28.32222],[129.992188,28.281666]]]},"properties":{"NAME":null,"SUBJECTO":null,"PARTOF":null}},
{"type":"Feature","geometry":{"type":"Polygon","coordinates":[[[129.33609000000013,28.075275],[129.3402400000001,28.110828],[129.223846,28.183605],[129.219116,28.097775],[129.33609000000013,28.075275]]]},"properties":{"NAME":null,"SUBJECTO":null,"PARTOF":null}},
{"type":"Feature","geometry":{"type":"Polygon","coordinates":[[[129.733032,29.609718],[129.75332600000013,29.64777400000014],[129.70968600000015,29.651661],[129.733032,29.609718]]]},"properties":{"NAME":null,"SUBJECTO":null,"PARTOF":null}},
{"type":"Feature","geometry":{"type":"Polygon","coordinates":[[[65.72472670992968,37.490279756501955],[64.81395666723188,38.24364410494344],[61.58965260663153,39.34911978286356],[59.839316116591334,39.16487383654354],[57.225466761199215,38.18818625064258],[59.240481409636715,37.44784124942188],[60.34631255587695,36.60736807437305],[61.01400283297656,36.63655813784961],[61.221343073455074,35.581615053132815],[62.67759231051562,35.265460573152346],[63.11659530123828,35.78940924258594],[64.540720972625,36.338092409089846],[64.82598403414843,37.14788397403125],[65.72472670992968,37.490279756501955]]]},"properties":{"NAME":"Bokhara Khanate","SUBJECTO":"Bokhara Khanate","PARTOF":"Bokhara Khanate"}},
{"type":"Feature","geometry":{"type":"Polygon","coordinates":[[[13.672,54.569],[13.225,54.634],[13.118,54.334],[13.508,54.343],[13.672,54.569]]]},"properties":{"NAME":null,"SUBJECTO":null,"PARTOF":null}},
{"type":"Feature","geometry":{"type":"Polygon","coordinates":[[[23.206,58.445],[22.112,58.492],[22.201,58.145],[23.206,58.445]]]},"properties":{"NAME":null,"SUBJECTO":null,"PARTOF":null}},
{"type":"Feature","geometry":{"type":"Polygon","coordinates":[[[22.948,58.844],[22.576,59.069],[22.229,58.878],[22.48,58.7],[22.948,58.844]]]},"properties":{"NAME":null,"SUBJECTO":null,"PARTOF":null}},
{"type":"Feature","geometry":{"type":"Polygon","coordinates":[[[20.123,60.081],[20.004,60.051],[20.137,59.992],[20.212,60.06],[20.123,60.081]]]},"properties":{"NAME":null,"SUBJECTO":null,"PARTOF":null}},
{"type":"Feature","geometry":{"type":"Polygon","coordinates":[[[20.295,60.121],[20.216,60.139],[20.205,60.081],[20.271,60.057],[20.295,60.121]]]},"properties":{"NAME":null,"SUBJECTO":null,"PARTOF":null}},
{"type":"Feature","geometry":{"type":"Polygon","coordinates":[[[22.601,60],[22.848,60.119],[22.835,60.194],[22.824,60.227],[22.588,60.202],[22.415,60.152],[22.424,60.108],[22.471,60.072],[22.469,60],[22.601,60]]]},"properties":{"NAME":null,"SUBJECTO":null,"PARTOF":null}},
{"type":"Feature","geometry":{"type":"Polygon","coordinates":[[[19.565,60.249],[19.512,60.181],[19.543,60.128],[19.673,60.15],[19.565,60.249]]]},"properties":{"NAME":null,"SUBJECTO":null,"PARTOF":null}},
{"type":"Feature","geometry":{"type":"Polygon","coordinates":[[[20.067,60.296],[19.931,60.277],[19.772,60.081],[20.044,60.086],[19.914,60.217],[20.067,60.296]]]},"properties":{"NAME":null,"SUBJECTO":null,"PARTOF":null}},
{"type":"Feature","geometry":{"type":"Polygon","coordinates":[[[20.442,60.248],[20.341,60.241],[20.387,60.193],[20.442,60.248]]]},"properties":{"NAME":null,"SUBJECTO":null,"PARTOF":null}},
{"type":"Feature","geometry":{"type":"Polygon","coordinates":[[[15.767,68.621],[15.458,68.657],[15,68.303],[15.697,68.341],[15.767,68.621]]]},"properties":{"NAME":null,"SUBJECTO":null,"PARTOF":null}},
{"type":"Feature","geometry":{"type":"Polygon","coordinates":[[[17.964,69.523],[16.939,69.397],[17.004,69.13],[17.862,69.163],[17.964,69.523]]]},"properties":{"NAME":null,"SUBJECTO":null,"PARTOF":null}},
{"type":"Feature","geometry":{"type":"Polygon","coordinates":[[[50.119,69.041],[49.244,69.506],[48.289,69.254],[48.795,68.723],[50.119,69.041]]]},"properties":{"NAME":null,"SUBJECTO":null,"PARTOF":null}},
{"type":"Feature","geometry":{"type":"Polygon","coordinates":[[[23.083,70.289],[23.644,70.438],[23.179,70.545],[23.083,70.289]]]},"properties":{"NAME":null,"SUBJECTO":null,"PARTOF":null}},
{"type":"Feature","geometry":{"type":"Polygon","coordinates":[[[-8.955,70.822],[-8.632,70.956],[-7.982,71.048],[-8.326,71.141],[-8.955,70.822]]]},"properties":{"NAME":null,"SUBJECTO":null,"PARTOF":null}},
{"type":"Feature","geometry":{"type":"Polygon","coordinates":[[[9.665470719275044,47.55624011404333],[11.17034629305957,47.42449911685352],[12.700078997222167,47.69024618716602],[13.946682962981445,48.655101381257815],[12.536298784819824,49.56257589908008],[12.2353592248833,50.24080618472461],[14.596383127776367,51.02297552676563],[15.81834319552539,50.79730948062305],[16.728022608367187,50.148624025300784],[18.769068769057146,50.17698804082737],[18.140061199789763,50.98765893485682],[17.89704356001341,52.175745173763424],[19.284944302736125,53.16509698725292],[20.010756986868163,53.04412820656425],[22.8066465600312,53.807603214866845],[22.79350760897754,54.90241201968555],[20.945448908416015,56.069957338289065],[21.137343439666015,54.84545858950977],[18.279448542205078,54.72412069888477],[14.472936663237792,53.87677725406055],[12.652518305388671,54.32142599673633],[11.407822641936523,53.859290681794924],[10.141728434172851,54.33675345034961],[8.884012255278808,54.229449830964846],[7.159938845244628,53.16400106997852],[6.82461646517871,51.95638617129688],[5.999575647917968,50.74159964175586],[6.108513388243896,50.11745413394336],[6.433043036071044,49.445331178621096],[7.729077848998291,48.615619264558596],[7.506581816283447,47.60370596499805],[8.983487283772465,47.679618759299416],[9.118142444734893,47.67853423872031],[9.216057312656227,47.67100283816657],[9.665470719275044,47.55624011404333]]]},"properties":{"NAME":"Germany","SUBJECTO":"Germany","PARTOF":"Germany"}},
{"type":"Feature","geometry":{"type":"Polygon","coordinates":[[[14.17416766604541,53.90676077456836],[13.778410944548828,54.04440649600391],[13.827770266143066,53.8297191485918],[14.17416766604541,53.90676077456836]]]},"properties":{"NAME":"Germany","SUBJECTO":"Germany","PARTOF":"Germany"}},
{"type":"Feature","geometry":{"type":"Polygon","coordinates":[[[18.769068769057146,50.17698804082737],[20.270606723981228,50.104214658488026],[21.907832550136984,50.8121912775979],[22.482849242903928,50.37174635388799],[24.404363347305527,50.63428250465612],[25.671139312429542,49.75960717611734],[26.16266290937989,48.9405896176508],[28.90822219965315,47.818388161083575],[29.426659831176035,46.81607540680601],[30.43284740345622,46.17574956961106],[31.781046900359375,46.701861940339846],[32.20216659030078,46.170360170320315],[33.63883880099414,45.92677267642383],[33.39549544772265,44.60049017520313],[35.0673208566582,44.86172445865039],[34.906809839812496,46.273021303132815],[37.42214492282031,47.076881013826174],[37.97017196139453,46.44128378482227],[37.47389129122851,44.692359529451174],[38.92371276339648,44.21186026187305],[40.251616510955074,43.268184267],[41.40974334200976,42.78824194522266],[41.48396209200976,41.436542116121096],[42.87842467745898,41.54550512881641],[43.95678618868945,42.59115561099414],[44.9779653879082,42.771991334871096],[47.35008529147265,41.442325197175784],[48.22371258025433,41.4711466998491],[47.24856164173707,42.78491050892555],[47.49336150607226,43.58319052310352],[46.84594634493945,44.44641073794727],[47.556304010955074,45.4534984454668],[49.534514460173824,46.54151877017383],[51.36885741671679,47.09002264590625],[53.185217890349605,46.86522635074024],[52.60973647555468,45.39955099673633],[51.51272872408984,45.37257345767383],[50.874304804412105,44.62624701114063],[51.17103484591601,43.71806677432422],[52.51981643160937,42.072555147126955],[53.98521712741015,42.10553701968555],[54.81849578341601,40.87956961245899],[53.257300409880855,40.764632783845705],[52.84545043429492,40.18038138003711],[54.07141784152148,38.89694555850391],[54.015112909880855,37.34832724185352],[55.35565856417773,38.03765066714649],[57.225466761199215,38.18818625064258],[59.839316116591334,39.16487383654354],[61.58965260663153,39.34911978286356],[64.81395666723188,38.24364410494344],[65.72472670992968,37.490279756501955],[67.51531508883593,37.213782869294924],[67.8555403085625,36.85289343448047],[70.02215102633593,37.45688208194141],[70.71880629977343,38.364886842683596],[71.44410994967578,37.83401449771289],[71.84756759127734,36.7160716876543],[72.71422103366015,37.18614538760547],[72.06743318118846,39.130442565066254],[72.84869403583166,40.60615751272561],[73.88494399508593,39.87966116519336],[75.42999556979296,40.6102367267168],[76.481638941375,40.43697317691211],[77.12774184664843,41.12502249331836],[78.40125564059375,41.22801550479297],[80.10927871188281,41.99955328555469],[80.77205947360156,43.382457338289065],[80.23662856539843,45.12263449283008],[82.4398908945,45.735477052644534],[83.25171187838671,47.29487570376758],[85.47764876803515,47.092662416414065],[85.60924819430468,48.1003375873125],[86.78273299655078,48.99230536075],[89.796336207,49.816444002107424],[90,50.30670126529102],[92.15972426852343,50.755286775544924],[93.32342923910977,50.62061414906446],[94.21035254892331,51.320064120081305],[93.56736071988496,52.34885104654265],[95.18741562805542,53.79553064795783],[97.31938973459386,52.826451508622185],[97.61011347639456,52.14809611108723],[102.11743453463671,51.36111029239063],[102.63903335055468,50.4561839923418],[103.68075850924609,50.16643484683399],[106.322947535125,50.416690431550784],[109.42404464205859,49.2955394610918],[112.52449325045703,49.462020479158205],[114.098338160125,50.27434881778125],[117.4905271860039,49.58627661319141],[119.29120162448046,50.124984346345705],[119.18234542330859,50.70172079654102],[121.18775466403125,53.31972845645313],[123.3526106210625,53.510299287751955],[125.50918105563281,53.15678747744922],[126.18638900241015,52.518146120027346],[127.71199325045703,49.69929464908008],[130.47582534274218,48.89962347598438],[130.92454055270312,47.73228796573047],[132.268748316375,47.77841147036914],[134.11167434176562,48.24926718325977],[134.16527846774218,47.3346019610918],[133.3848371835625,45.64880331607227],[132.7776136728203,44.98773916812305],[131.73954299410937,45.25929983706836],[130.99053481539843,44.817428194001955],[131.13964370211718,43.22656210513477],[130.22588637789843,42.65130194278125],[130.43509963473437,42.27675970645313],[132.1817884775078,43.19463690371875],[132.95279983004687,42.669540010408205],[134.1389417978203,42.99295385928516],[136.03397658785937,44.39840658755664],[137.72051528414843,45.996680818513674],[140.08100417575,48.50260504336719],[141.12119582614062,53.051631532625],[140.10245803317187,53.80170401187305],[138.41680434664843,54.09191092105274],[137.9793958993828,53.464583955720705],[136.3506574960625,53.70121344180469],[136.4916029306328,54.45549353213672],[134.98522475680468,54.85393484683399],[137.22909072360156,55.98272284121875],[140.58739760836718,58.23931082339649],[142.8458509775078,59.272525392488284],[148.4160871835625,59.09739264102344],[149.04528335055468,59.5871539935625],[151.1402082773125,59.43957098575],[152.50420669039843,58.76871832461719],[153.92443374117968,58.922347627595705],[154.31565383395312,59.983348451570315],[155.73389724215625,60.55536612124805],[157.09798720797656,61.633399568513674],[158.841258082,61.78396948428516],[160.64498427828906,60.71775396914844],[164.13767531832812,62.53265341372852],[163.329295191375,60.694949708894534],[159.649119410125,58.953746400789065],[158.32625869235156,58.02682074160938],[156.77685073336718,57.580455385164065],[155.62757399996875,56.26791723819141],[155.46520522555468,54.91977270694141],[156.69637587985156,50.957748018220705],[157.8977766366875,51.6660228595293],[158.46136001071093,52.82596167178516],[159.89686110934375,53.240577302888674],[159.93114760836718,54.08635672183399],[162.0082044931328,54.738223634675784],[161.50274184664843,55.287372194246096],[162.512400660125,57.033492647126955],[161.80436233004687,58.101722322419924],[162.90740493258593,58.891280733064455],[163.38868239840625,59.814063631013674],[164.58460524996875,59.66465338321094],[165.77999404391406,60.35411413760547],[170.33680251559375,60.277103029207034],[173.4809065195,61.60110052676563],[179.28769973239062,62.81507834048633],[178.14725783785937,64.1566348895586],[180,64.95347937198048],[180,65.06890900000013],[180,68.980103],[175.61097243746875,69.77942999453907],[170.45170119723437,70.01921423526173],[170.83280471285937,68.92194708438282],[169.38860610446093,68.71748694033985],[167.32007888278125,69.65857275576954],[161.96099379977343,69.52816351504688],[159.44381240328906,69.76456030459767],[158.40867141207812,70.81418951602345],[156.04317763766406,70.98655279727345],[152.13401320895312,70.66443213076954],[150.69370559176562,71.34668310733204],[146.91512587985156,72.20190008731251],[141.2939710946953,72.78707464785938],[137.62967971285937,71.07541998477345],[132.28361037692187,71.66087683291798],[130.77927688082812,70.678340517],[126.21644118746875,72.38231237979298],[128.5249281259453,72.95234259219532],[125.71732619723437,73.39780005069142],[120.57851699313281,72.83511694522267],[118.46038344821093,73.51922949405079],[108.33986190280078,73.69124182315235],[113.6250486703789,75.27267035098438],[113.5330076547539,76.09365423770313],[108.24447158297656,76.64641913028126],[103.39330581149218,77.55778845401173],[99.4672346445,75.96692236514454],[90,75.60154303164845],[86.9583235116875,74.78206213565235],[87.69079116305468,73.90001257510548],[80.46401504000781,73.31357916446095],[79.22255996188281,72.27128943057423],[76.33285811862109,71.7197452411211],[73.21685317477343,71.45773657412892],[74.24957564791796,70.57294806094532],[73.91452315768359,69.15427740664845],[74.74171737155078,67.68622168155079],[72.2088117929375,66.17345770450001],[70.83993056735156,66.55140265078907],[72.8376951547539,67.6456485614336],[73.39364913424609,68.38238867373829],[72.52553084811328,69.06907995791798],[72.67970565280078,70.82351263614063],[71.797556910125,71.4318042621172],[72.71399978121875,72.76958807559376],[69.34311202487109,72.83426245303517],[68.31624892672656,71.63485296817188],[66.81797316989062,71.10538061709767],[67.42175582369921,70.2234302386797],[66.58425429782031,68.8855396136797],[62.28127196749804,69.70512732119923],[60.36923507174609,69.4676929339922],[57.02422622164843,68.44890936465626],[53.88911727389453,68.78699835391407],[48.08066085299609,67.56245764346485],[45.86343673190234,68.38334997744923],[43.82216552218554,68.32731970401173],[44.383608851042965,66.61201819033985],[42.21078780612109,66.41000708194142],[39.95132735690234,65.58116491885548],[39.19344237765429,64.51103552432423],[36.88390639742968,65.06769903750782],[37.41054061373828,63.749496065095705],[35.081763300505855,64.28833349795704],[34.29341414889453,65.39624365420704],[35.77174666842578,66.25886877627735],[39.19002822360156,66.03870733828907],[41.2552976938164,66.93697699160938],[40.826052698699215,67.66004522891407],[37.24586394747851,68.7934985980547],[31.0537824960625,69.63959082217579],[29.923598322478515,69.35460241885548],[26.507250818816406,69.81245001407032],[25.62536910494922,68.80706366153126],[22.45976165255664,68.69354590030079],[23.487652811614257,67.83432348819142],[23.94773200472949,65.79668005557423],[25.251507792083007,65.4168887958086],[24.470093760100585,64.63552435489063],[21.03372863253711,62.477298341707034],[21.56015113314746,60.51248510928516],[22.220654520598632,60.25876959414844],[22.421467814055664,60.29318579287891],[22.39206603488086,60.121200166658205],[22.624615702239257,60.20110281558399],[23.005200419036132,60.208758912996096],[22.882000956145507,60.05556448550586],[23.201441797820312,59.818458162263674],[23.66465667208789,59.83555182071094],[25.58054450472949,60.2623363360918],[28.43523124179004,60.33733709903125],[27.702038797942382,59.297504030183596],[25.72112182101367,59.459842287019534],[23.415757212249023,59.11896475406055],[24.34649947604297,57.15972097964649],[23.215449366179687,56.98066671939258],[21.67733100375293,57.46365698428516],[20.945448908416015,56.069957338289065],[22.79350760897754,54.90241201968555],[22.8066465600312,53.807603214866845],[20.010756986868163,53.04412820656425],[19.284944302736125,53.16509698725292],[17.89704356001341,52.175745173763424],[18.140061199789763,50.98765893485682],[18.769068769057146,50.17698804082737]],[[60.52311035021909,46.72728984709923],[61.174589416177575,45.18756344758733],[60.07694589898692,43.608606228433],[58.367306895592854,43.73711826857644],[58.19851459213994,44.519655010233876],[58.81544552581277,45.931203365557586],[60.52311035021909,46.72728984709923]],[[30.435839843750017,60.902685546875],[30.851953125000023,61.775048828124994],[32.52685546875,61.117529296875],[32.36152343750001,60.148095703124994],[31.108984375,60.146435546875],[30.435839843750017,60.902685546875]]]},"properties":{"NAME":"Russian Empire","SUBJECTO":"Russian Empire","PARTOF":"Russian Empire"}},
{"type":"Feature","geometry":{"type":"MultiPolygon","coordinates":[[[[142.61463454684375,47.459598146394534],[142.85399917086718,49.127696596101565],[143.63314345797656,50.23497732730274],[142.9439192148125,51.61730536075],[143.14329055270312,52.5112377032793],[141.767039332,53.27226599307422],[141.6432142587578,51.813087068513674],[142.15287307223437,50.89004477115039],[141.73958877047656,48.807288728669924],[142.61463454684375,47.459598146394534]]],[[[55.72066405734179,71.64242132754688],[55.51757720431445,72.47799261660938],[53.50230315646289,73.13657721133595],[51.48213485201953,71.84467657657032],[54.30786803683398,71.20566137881642],[55.72066405734179,71.64242132754688]]],[[[56.26875594576953,74.61199530215626],[54.01755050143359,73.73358496280079],[56.96043685397265,73.35708960147267],[60.88701919039843,75.24749334903126],[66.54819014987109,75.97989233584767],[65.92605880221484,76.50735815616017],[59.01763061007617,75.79893072696095],[56.26875594576953,74.61199530215626]]],[[[-174.37830063382032,66.69997747989063],[-175.51398178616407,67.66881140323048],[-180,68.980103],[-180,65.25922735782032],[-179.37857529202344,65.9959903583086],[-178.11627670803907,65.48249395938282],[-173.07701584378125,64.38398321719532],[-172.56233688870313,65.51480444522267],[-170.61266037503125,66.0377612933672],[-171.95799728909375,66.95566900821095],[-174.37830063382032,66.69997747989063]]]]},"properties":{"NAME":"Russian Empire","SUBJECTO":"Russian Empire","PARTOF":"Russian Empire"}},
{"type":"Feature","geometry":{"type":"Polygon","coordinates":[[[13.564330544859134,45.72632693375078],[14.624427699660593,45.27459544733715],[15.412318262664062,43.934756837800784],[17.53367848243632,42.92927231430323],[15.757285151091796,44.785831056550784],[15.827597651091796,45.20267828555469],[19.35324767550586,44.89129599185352],[19.655938509601736,44.69637933534171],[22.409525904265625,44.75029715152149],[22.47820452750987,45.728537819171805],[24.06456967604994,46.09981476883012],[24.942133375242317,45.96480496895437],[26.190974024093013,46.80861621817781],[26.16266290937989,48.9405896176508],[25.671139312429542,49.75960717611734],[24.404363347305527,50.63428250465612],[22.482849242903928,50.37174635388799],[21.907832550136984,50.8121912775979],[20.270606723981228,50.104214658488026],[18.769068769057146,50.17698804082737],[16.728022608367187,50.148624025300784],[15.81834319552539,50.79730948062305],[14.596383127776367,51.02297552676563],[12.2353592248833,50.24080618472461],[12.536298784819824,49.56257589908008],[13.946682962981445,48.655101381257815],[12.700078997222167,47.69024618716602],[11.17034629305957,47.42449911685352],[9.665470719275044,47.55624011404333],[9.53932315928003,47.4872009429331],[10.395699534026367,46.88741263003711],[10.524563418198298,45.73908545978709],[11.908413866924741,46.414134459165844],[13.568899187651855,46.51042517276172],[13.564330544859134,45.72632693375078]]]},"properties":{"NAME":"Austria Hungary","SUBJECTO":"Austria Hungary","PARTOF":"Austria Hungary"}},
{"type":"Feature","geometry":{"type":"Polygon","coordinates":[[[107.38697365112833,14.55689789165046],[107.10751632174609,16.169568620637698],[106.63819411715625,16.484338365510744],[104.81215957125781,18.721570573762698],[103.89931014498828,19.313087068513674],[104.71581557711718,20.200439058259768],[104.12909224948046,20.939910493806643],[102.99293807467578,20.939632020906252],[101.96785262545703,22.533715806916994],[101.75289443453906,21.47212751956348],[100.32079604586718,21.463782869294924],[99.15594008883593,22.307843767122073],[98.76916030367968,24.08975752444629],[97.69524711923407,23.879622433915735],[98.19617514571422,21.60848326484582],[97.37243095460272,20.779832287303815],[97.27488230039214,18.503621734320777],[98.82361129244921,16.317746721223635],[98.1370344491875,15.189550958589358],[99.00300887545703,13.886227212861819],[99.58108809908984,11.888709627107424],[98.59324172457812,10.120483003572268],[98.1771726938164,8.600222192720217],[99.02450850924609,7.871374689058108],[100.1587400766289,6.340098463014407],[100.61741164645312,6.422341428712649],[101.76259902438281,5.586182676271243],[102.0738020273125,6.154240690187258],[101.55989364108203,6.739531599000735],[100.61492446383593,6.97892864795093],[100.131541285125,8.53205069156055],[99.07134536227343,9.898278795198244],[99.89526656588671,12.079245172456545],[100.23968032321093,13.490372262910647],[100.8716307016289,12.67854269595508],[101.91858199557421,12.585492692903323],[102.52975753268359,12.148449502900881],[102.61214060120699,12.095773088301522],[102.75206225406839,12.39814782165346],[102.36026649911287,13.50781119865859],[102.93571651420376,14.149798677668697],[103.62135908537591,14.410834935182185],[104.35597612591754,14.32781081227482],[105.12732401848619,14.221020366583568],[105.86194105902777,13.97164700228271],[106.13130064055972,13.959765301976683],[106.14354425790205,14.090430210821426],[106.0455953191632,14.387116903354189],[106.51085277817286,14.541238916856427],[106.84143044641657,14.315947710171523],[107.38697365112833,14.55689789165046]]]},"properties":{"NAME":"Rattanakosin Kingdom","SUBJECTO":"Rattanakosin Kingdom","PARTOF":"Rattanakosin Kingdom"}},
{"type":"Feature","geometry":{"type":"Polygon","coordinates":[[[106.84143044641657,14.315947710171523],[106.51085277817286,14.541238916856427],[106.0455953191632,14.387116903354189],[106.14354425790205,14.090430210821426],[106.13130064055972,13.959765301976683],[105.86194105902777,13.97164700228271],[105.12732401848619,14.221020366583568],[104.35597612591754,14.32781081227482],[103.62135908537591,14.410834935182185],[102.93571651420376,14.149798677668697],[102.36026649911287,13.50781119865859],[102.75206225406839,12.39814782165346],[102.61214060120699,12.095773088301522],[102.52975753268359,12.148449502900881],[103.03959182223437,10.897970758394045],[104.97852614840625,9.980911813691897],[104.7424803110039,8.493669115022463],[106.48202804049609,9.552120767549319],[106.7043943735039,10.448421083406252],[105.84254744967578,11.5827070102251],[107.38450149020312,12.354075990632815],[107.38697365112833,14.55689789165046],[106.84143044641657,14.315947710171523]]]},"properties":{"NAME":"French Indochina","SUBJECTO":"France","PARTOF":"French Indochina"}},
{"type":"Feature","geometry":{"type":"Polygon","coordinates":[[[-170.74942,-14.373888],[-170.637268,-14.289446],[-170.681671,-14.258059],[-170.795013,-14.298058],[-170.74942,-14.373888]]]},"properties":{"NAME":"American Samoa","SUBJECTO":"American Samoa","PARTOF":"American Samoa"}},
{"type":"Feature","geometry":{"type":"Polygon","coordinates":[[[178.693298,-18.025002],[178.170532,-17.342499],[177.510254,-17.509445],[177.86413600000014,-18.263889],[178.693298,-18.025002]]]},"properties":{"NAME":"Fiji","SUBJECTO":"Fiji","PARTOF":"Fiji"}},
{"type":"Feature","geometry":{"type":"Polygon","coordinates":[[[-169.89389,-19.145557],[-169.781708,-19.062778],[-169.884766,-18.963333],[-169.953064,-19.070278],[-169.89389,-19.145557]]]},"properties":{"NAME":"Niue","SUBJECTO":"Niue","PARTOF":"Niue"}},
{"type":"Feature","geometry":{"type":"Polygon","coordinates":[[[-175.123322,-21.134998],[-175.186401,-21.252785],[-175.118042,-21.260284],[-175.051697,-21.161671],[-175.123322,-21.134998]]]},"properties":{"NAME":"Tonga","SUBJECTO":"Tonga","PARTOF":"Tonga"}},
{"type":"Feature","geometry":{"type":"Polygon","coordinates":[[[-178.042511,-14.319447],[-178.129974,-14.246944],[-178.134216,-14.31778],[-178.042511,-14.319447]]]},"properties":{"NAME":"Wallis and Futuna Islands","SUBJECTO":"Wallis and Futuna Islands","PARTOF":"Wallis and Futuna Islands"}},
{"type":"Feature","geometry":{"type":"Polygon","coordinates":[[[-172.285858,-13.486387],[-172.779724,-13.539722],[-172.532501,-13.800835],[-172.210541,-13.805281],[-172.285858,-13.486387]]]},"properties":{"NAME":"Samoa","SUBJECTO":"Samoa","PARTOF":"Samoa"}},
{"type":"Feature","geometry":{"type":"Polygon","coordinates":[[[-109.241386,-27.133057],[-109.365837,-27.063335],[-109.42778,-27.201946],[-109.241386,-27.133057]]]},"properties":{"NAME":"Polynesians","SUBJECTO":"Polynesians","PARTOF":"Polynesians"}},
{"type":"Feature","geometry":{"type":"Polygon","coordinates":[[[114.02923402719802,22.508457822712955],[114.32911931029123,22.272308319943782],[114.30903130089744,22.553519333285553],[114.02923402719802,22.508457822712955]]]},"properties":{"NAME":"Hong Kong","SUBJECTO":"United Kingdom","PARTOF":null}},
{"type":"Feature","geometry":{"type":"Polygon","coordinates":[[[124.13388350924609,39.843143068269534],[125.39759881555155,39.37634162815059],[124.73619368991015,38.2797809466875],[125.33733478737015,37.68153678582816],[126.62915,37.591377000000136],[126.371368,34.789162],[128.451904,34.845543],[129.43942300000015,35.475822],[129.342468,37.257217],[127.44079879244921,39.62365683169727],[129.7595665696344,40.885779823913026],[129.82471755465625,41.861365877107424],[130.43509963473437,42.27675970645313],[130.22588637789843,42.65130194278125],[128.75553420504687,42.060645662263674],[128.09849074801562,41.44936331363086],[126.47417739352343,41.651507936433596],[125.87949660739062,40.945026002839846],[124.13388350924609,39.843143068269534]]]},"properties":{"NAME":"Korea","SUBJECTO":"Korea","PARTOF":"Korea"}}
]}