{"type":"FeatureCollection", "features": [
{"type":"Feature","geometry":{"type":"Polygon","coordinates":[[[126.66047194918745,-3.875229515119749],[127.11218551119917,-3.721727050825315],[126.72658828219527,-3.233194030805784],[126.15001204928511,-3.628476537748533],[126.66047194918745,-3.875229515119749]]]},"properties":{"NAME":null,"SUBJECTO":null,"PARTOF":null}},
{"type":"Feature","geometry":{"type":"Polygon","coordinates":[[[-73.08035751868938,-53.03203622226057],[-72.84486099769329,-52.64614907626448],[-72.96489426185344,-52.79915276889143],[-73.08035751868938,-53.03203622226057]]]},"properties":{"NAME":null,"SUBJECTO":null,"PARTOF":null}},
{"type":"Feature","geometry":{"type":"Polygon","coordinates":[[[-5.69816967526322,55.330726228669924],[-5.48239704647904,55.442699037507815],[-5.517836537751013,55.66802176089649],[-5.688657250794225,55.62812002749805],[-5.69816967526322,55.330726228669924]]]},"properties":{"NAME":null,"SUBJECTO":null,"PARTOF":null}},
{"type":"Feature","geometry":{"type":"Polygon","coordinates":[[[14.069946322051234,53.917769990876955],[13.778410944548792,54.04440649600391],[13.82777026614303,53.8297191485918],[14.069946322051234,53.917769990876955]]]},"properties":{"NAME":null,"SUBJECTO":null,"PARTOF":null}},
{"type":"Feature","geometry":{"type":"Polygon","coordinates":[[[-134.76378342190628,56.79368170352344],[-135.0023393301094,57.32577093692188],[-135.46605392971878,57.229198060945315],[-134.76378342190628,56.79368170352344]]]},"properties":{"NAME":null,"SUBJECTO":null,"PARTOF":null}},
{"type":"Feature","geometry":{"type":"Polygon","coordinates":[[[-167.0026292471016,53.726173006013674],[-166.6428422597969,53.572921358064455],[-166.3834886221016,53.85458334536914],[-166.7705735830391,54.001239381746096],[-167.0026292471016,53.726173006013674]]]},"properties":{"NAME":null,"SUBJECTO":null,"PARTOF":null}},
{"type":"Feature","geometry":{"type":"Polygon","coordinates":[[[-156.5763597158516,20.635068498567385],[-156.11853500882034,20.79007490725879],[-156.71565720120316,21.069081865266604],[-156.5763597158516,20.635068498567385]]]},"properties":{"NAME":null,"SUBJECTO":null,"PARTOF":null}},
{"type":"Feature","geometry":{"type":"Polygon","coordinates":[[[-157.89636704007034,21.25141867251758],[-158.17906662503128,21.689143739656252],[-158.29761215725784,21.2764964923418],[-157.89636704007034,21.25141867251758]]]},"properties":{"NAME":null,"SUBJECTO":null,"PARTOF":null}},
{"type":"Feature","geometry":{"type":"Polygon","coordinates":[[[-168.0407151846016,53.30942877383594],[-168.22346970120316,53.58995398135547],[-168.55403610745316,53.37528570742969],[-168.0407151846016,53.30942877383594]]]},"properties":{"NAME":null,"SUBJECTO":null,"PARTOF":null}},
{"type":"Feature","geometry":{"type":"Polygon","coordinates":[[[-163.19971176663284,55.0427203998125],[-162.96799179592972,54.948733888582034],[-162.78760239163284,55.1516185626543],[-163.0908860830391,55.27271994204883],[-163.19971176663284,55.0427203998125]]]},"properties":{"NAME":null,"SUBJECTO":null,"PARTOF":null}},
{"type":"Feature","geometry":{"type":"Polygon","coordinates":[[[8.5762920709526,3.066532455400271],[8.827178988066859,3.611938320115847],[8.478118929473109,3.557397685960574],[8.5762920709526,3.066532455400271]]]},"properties":{"NAME":null,"SUBJECTO":null,"PARTOF":null}},
{"type":"Feature","geometry":{"type":"Polygon","coordinates":[[[33.3453212837093,23.354044941055896],[32.60525827172126,22.815817295973687],[31.057853792109913,22.68126038470313],[29.846841590674938,20.124679070562628],[29.510449312498555,17.433540845151573],[29.846841590674938,15.347908720458005],[31.057853792109913,13.127719684493883],[31.79791680409795,12.522213583776395],[32.879012053950184,12.47057777553059],[35.38399995306791,12.804345445509801],[35.71782847259508,13.221631094918767],[35.969181053485094,15.482465631728555],[35.22911804149705,18.509996135315994],[34.551252367032575,20.183338169145948],[34.41212209908663,20.536223672245036],[33.3453212837093,23.354044941055896]]]},"properties":{"NAME":"Meroe","SUBJECTO":"Meroe","PARTOF":"Meroe"}},
{"type":"Feature","geometry":{"type":"Polygon","coordinates":[[[115.07236007174605,-8.781361974760252],[115.08439925631636,-8.2347339764082],[114.51071456393355,-8.45207253841992],[115.07236007174605,-8.781361974760252]]]},"properties":{"NAME":null,"SUBJECTO":null,"PARTOF":null}},
{"type":"Feature","geometry":{"type":"Polygon","coordinates":[[[79.63710286456018,21.35227581139939],[79.63710286456018,22.486600282766148],[78.67728985032677,23.533669025566233],[79.46259140742684,23.969947668399605],[79.46259140742684,24.842504954066342],[77.54296537896,25.54055078259973],[76.05961799332655,26.587619525399816],[75.44882789335983,28.33273409673329],[75.36157216479317,29.6415700252334],[76.04634723722334,33.50955812943602],[74.75078206482645,33.655333539300386],[74.13999196485973,32.6082647965003],[70.28747874729059,31.287679719181586],[67.38733040284343,28.226412022265137],[66.43233016451948,25.488610826448244],[67.31589034518355,24.092885576204104],[68.79081252535933,23.028724275544924],[69.12606337985152,21.9685073718584],[71.0244474740898,20.657476030305666],[72.1208601327812,21.155339799836916],[72.75949386080855,20.057649217561526],[73.03224302031273,18.215689800322718],[79.63710286456018,21.35227581139939]]]},"properties":{"NAME":"Saka Kingdom","SUBJECTO":"Saka Kingdom","PARTOF":"Saka Kingdom"}},
{"type":"Feature","geometry":{"type":"Polygon","coordinates":[[[73.03224302031273,18.215689800322718],[73.84143355807417,15.390475831941409],[74.77759773639649,13.527907138893337],[77.63022110752668,12.975725868998712],[80.31988051852339,13.333213411287112],[80.08940413912886,15.175155244783205],[81.36909774264448,16.34686430545215],[83.38139632662886,17.71067961306934],[84.75349051589534,19.02801643635877],[80.68417160736027,19.345394054365894],[80.61705181615513,21.01667685537372],[79.63710286456018,21.35227581139939],[73.03224302031273,18.215689800322718]]]},"properties":{"NAME":"Satavahanihara","SUBJECTO":"Satavahanihara","PARTOF":"Satavahanihara"}},
{"type":"Feature","geometry":{"type":"Polygon","coordinates":[[[49.712863001433554,14.773288331941409],[52.13516906222457,15.687059961274905],[52.89432433566207,16.60995253177051],[54.75607970675582,16.95067175479297],[53.19861710885804,17.77479094016577],[51.453502537524564,17.949302397299117],[48.997288495506076,17.606574856552353],[49.712863001433554,14.773288331941409]]]},"properties":{"NAME":"Hadramaut","SUBJECTO":"Hadramaut","PARTOF":"Hadramaut"}},
{"type":"Feature","geometry":{"type":"Polygon","coordinates":[[[48.997288495506076,17.606574856552353],[47.70150620915759,17.425768025899075],[45.43285726642407,17.77479094016577],[43.794690438927255,18.65979506567296],[40.98281510952372,22.39934455419948],[39.055602106658164,22.571889482454104],[39.16673949679488,21.218801103547854],[40.693820032683554,19.86870726199512],[41.62855819186324,18.047204576448244],[42.76366332491988,16.645455919221682],[42.795878443328085,15.470080934480471],[43.840590509978476,12.663913331941409],[44.96357253512496,12.825172029451174],[48.960387262908164,14.218897424653811],[49.712863001433554,14.773288331941409],[48.997288495506076,17.606574856552353]]]},"properties":{"NAME":"Himyarite Kingdom","SUBJECTO":"Himyarite Kingdom","PARTOF":"Himyarite Kingdom"}},
{"type":"Feature","geometry":{"type":"Polygon","coordinates":[[[-68.195282,12.221109],[-68.363892,12.305277],[-68.285278,12.102221],[-68.195282,12.221109]]]},"properties":{"NAME":null,"SUBJECTO":null,"PARTOF":null}},
{"type":"Feature","geometry":{"type":"Polygon","coordinates":[[[-61.668892,17.084999],[-61.794449,17.16333],[-61.887222,17.033054000000106],[-61.73806,16.989719],[-61.668892,17.084999]]]},"properties":{"NAME":null,"SUBJECTO":null,"PARTOF":null}},
{"type":"Feature","geometry":{"type":"Polygon","coordinates":[[[-68.965561,12.198889],[-69.077789,12.34861],[-69.15834,12.311388],[-69.0625,12.188332000000116],[-68.83223,12.049444000000108],[-68.824173,12.160276000000124],[-68.965561,12.198889]]]},"properties":{"NAME":null,"SUBJECTO":null,"PARTOF":null}},
{"type":"Feature","geometry":{"type":"Polygon","coordinates":[[[-61.599724,12.186666000000116],[-61.724724,12.172222],[-61.789726,12.009165],[-61.642502,12.034166],[-61.599724,12.186666000000116]]]},"properties":{"NAME":null,"SUBJECTO":null,"PARTOF":null}},
{"type":"Feature","geometry":{"type":"Polygon","coordinates":[[[-62.171394,16.671387],[-62.137505,16.692776],[-62.176392,16.808609],[-62.236671,16.711941],[-62.171394,16.671387]]]},"properties":{"NAME":null,"SUBJECTO":null,"PARTOF":null}},
{"type":"Feature","geometry":{"type":"Polygon","coordinates":[[[-62.541389,17.176941],[-62.610001,17.191109],[-62.610558,17.095276],[-62.538612,17.108608000000117],[-62.541389,17.176941]]]},"properties":{"NAME":null,"SUBJECTO":null,"PARTOF":null}},
{"type":"Feature","geometry":{"type":"Polygon","coordinates":[[[-62.692505,17.278332],[-62.730003,17.365276],[-62.812782,17.409443000000124],[-62.863892,17.370831000000123],[-62.778336,17.292221],[-62.692505,17.278332]]]},"properties":{"NAME":null,"SUBJECTO":null,"PARTOF":null}},
{"type":"Feature","geometry":{"type":"Polygon","coordinates":[[[-61.085838,16.304722],[-61.037224,16.311108],[-60.990837,16.340832],[-61.015282,16.350277],[-61.085838,16.304722]]]},"properties":{"NAME":null,"SUBJECTO":null,"PARTOF":null}},
{"type":"Feature","geometry":{"type":"Polygon","coordinates":[[[-61.522507,16.393055000000118],[-61.54187,16.290249],[-61.49889399999989,16.34861000000012],[-61.522507,16.393055000000118]]]},"properties":{"NAME":null,"SUBJECTO":null,"PARTOF":null}},
{"type":"Feature","geometry":{"type":"Polygon","coordinates":[[[-62.971947,17.458054],[-62.942505,17.493610000000103],[-62.98584,17.519722],[-62.997505,17.494164000000126],[-62.971947,17.458054]]]},"properties":{"NAME":null,"SUBJECTO":null,"PARTOF":null}},
{"type":"Feature","geometry":{"type":"Polygon","coordinates":[[[146.146088,43.543884000000105],[146.08081100000012,43.51805100000013],[146.07608,43.513329],[146.08081100000015,43.51805100000013],[146.146088,43.543884000000105]]]},"properties":{"NAME":null,"SUBJECTO":null,"PARTOF":null}},
{"type":"Feature","geometry":{"type":"Polygon","coordinates":[[[146.84274300000016,43.874992],[146.84274300000013,43.874992],[146.784698,43.861938],[146.84274300000016,43.874992]]]},"properties":{"NAME":null,"SUBJECTO":null,"PARTOF":null}},
{"type":"Feature","geometry":{"type":"Polygon","coordinates":[[[150.352448,46.21332600000011],[150.34274300000013,46.2116620000001],[150.072754,46.082497],[150.34274300000016,46.2116620000001],[150.352448,46.21332600000011]]]},"properties":{"NAME":null,"SUBJECTO":null,"PARTOF":null}},
{"type":"Feature","geometry":{"type":"Polygon","coordinates":[[[150.832184,46.470543000000134],[150.82220500000014,46.467766],[150.798523,46.449982],[150.82220500000017,46.467766],[150.832184,46.470543000000134]]]},"properties":{"NAME":null,"SUBJECTO":null,"PARTOF":null}},
{"type":"Feature","geometry":{"type":"Polygon","coordinates":[[[150.753326,46.729713],[150.743561,46.729431],[150.739685,46.728561],[150.7435610000001,46.729431],[150.753326,46.729713]]]},"properties":{"NAME":null,"SUBJECTO":null,"PARTOF":null}},
{"type":"Feature","geometry":{"type":"Polygon","coordinates":[[[152.39444,47.323608],[152.402466,47.316383],[152.422516,47.30336],[152.39444,47.323608]]]},"properties":{"NAME":null,"SUBJECTO":null,"PARTOF":null}},
{"type":"Feature","geometry":{"type":"Polygon","coordinates":[[[152.990784,47.699997],[152.9966130000001,47.692764],[153.006104,47.691658],[152.99661300000014,47.692764],[152.990784,47.699997]]]},"properties":{"NAME":null,"SUBJECTO":null,"PARTOF":null}},
{"type":"Feature","geometry":{"type":"Polygon","coordinates":[[[153.139984,48.094437],[153.14636200000015,48.088326],[153.205811,48.053322],[153.139984,48.094437]]]},"properties":{"NAME":null,"SUBJECTO":null,"PARTOF":null}},
{"type":"Feature","geometry":{"type":"Polygon","coordinates":[[[154.112183,48.8949970000001],[153.98800700000012,48.779991],[153.976624,48.761665],[153.98800700000015,48.779991],[154.112183,48.8949970000001]]]},"properties":{"NAME":null,"SUBJECTO":null,"PARTOF":null}},
{"type":"Feature","geometry":{"type":"Polygon","coordinates":[[[153.904144,48.943321],[153.92114300000011,48.926460000000134],[153.930817,48.923882],[153.92114300000014,48.926460000000134],[153.904144,48.943321]]]},"properties":{"NAME":null,"SUBJECTO":null,"PARTOF":null}},
{"type":"Feature","geometry":{"type":"Polygon","coordinates":[[[154.446075,49.16777000000013],[154.44220000000016,49.161659],[154.440247,49.155266],[154.471344,49.098328],[154.4402470000001,49.155266],[154.446075,49.16777000000013]]]},"properties":{"NAME":null,"SUBJECTO":null,"PARTOF":null}},
{"type":"Feature","geometry":{"type":"Polygon","coordinates":[[[154.751099,49.571663],[154.638306,49.42305],[154.70303300000012,49.48082],[154.751099,49.571663]]]},"properties":{"NAME":null,"SUBJECTO":null,"PARTOF":null}},
{"type":"Feature","geometry":{"type":"Polygon","coordinates":[[[154.367188,49.819160000000124],[154.365234,49.812767],[154.35495,49.766663],[154.367188,49.819160000000124]]]},"properties":{"NAME":null,"SUBJECTO":null,"PARTOF":null}},
{"type":"Feature","geometry":{"type":"Polygon","coordinates":[[[152.020462,46.98872],[151.859955,46.860825],[151.8688350000001,46.866386],[152.020462,46.98872]]]},"properties":{"NAME":null,"SUBJECTO":null,"PARTOF":null}},
{"type":"Feature","geometry":{"type":"Polygon","coordinates":[[[156.022217,50.767494],[156.00997900000013,50.76249700000011],[155.97912600000015,50.746941],[155.896942,50.698601],[155.97912600000018,50.746941],[156.00997900000016,50.76249700000011],[156.022217,50.767494]]]},"properties":{"NAME":null,"SUBJECTO":null,"PARTOF":null}},
{"type":"Feature","geometry":{"type":"Polygon","coordinates":[[[156.341064,50.851105],[156.19220000000016,50.771378],[156.185791,50.765549],[156.341064,50.851105]]]},"properties":{"NAME":null,"SUBJECTO":null,"PARTOF":null}},
{"type":"Feature","geometry":{"type":"Polygon","coordinates":[[[155.480804,50.828049],[155.498291,50.817497],[155.546936,50.80555],[155.480804,50.828049]]]},"properties":{"NAME":null,"SUBJECTO":null,"PARTOF":null}},
{"type":"Feature","geometry":{"type":"Polygon","coordinates":[[[35.468489679796946,23.720668398100756],[35.61630156944538,23.835347734648607],[35.48792937706257,23.790595613676928],[35.468489679796946,23.720668398100756]]]},"properties":{"NAME":null,"SUBJECTO":null,"PARTOF":null}},
{"type":"Feature","geometry":{"type":"Polygon","coordinates":[[[128.4177850266968,35.041121421496065],[128.33654587103726,34.96361656597394],[128.43801406344528,35.060420595125],[128.4177850266968,35.041121421496065]]]},"properties":{"NAME":"Paekche","SUBJECTO":"Paekche","PARTOF":"Paekche"}},
{"type":"Feature","geometry":{"type":"Polygon","coordinates":[[[106.39383986910933,17.66453894229297],[105.53258040866011,18.84421118350391],[106.8070402475273,20.905006013826174],[107.90002730807417,21.4790054187334],[109.11740401705855,21.39900930972461],[110.07721999606245,20.867482744172854],[111.08559707125777,21.479402147249026],[112.7495222421562,21.756068788484377],[113.71678451022261,22.482215486482424],[116.34061721285933,22.9133315906084],[118.81294539889448,24.84941443057422],[119.4703474374687,25.77168234439258],[119.42890456637495,26.590831361726565],[121.35852340182417,28.385663591340823],[121.77031997164839,29.834281526521487],[121.60595992526167,31.827626787141604],[120.66086104830855,32.54311712832813],[119.97359755953902,34.13522299380664],[119.02086165866011,34.691932283357424],[120.13933852633589,36.194800935701174],[121.84669784030073,36.86017569156055],[120.6581144662773,37.73646505923633],[119.59885695895308,37.11661871524219],[118.87524703463667,37.94942816348438],[117.58946517428511,38.28448065371875],[117.75288680514448,39.20253714175586],[118.97764113864058,39.22413595767383],[121.01060775241011,40.85068091006641],[122.10791305026167,40.35372122378711],[122.02749160250777,39.25575979800586],[124.10407546481245,39.884784303621096],[125.29609206637495,39.36432608218555],[124.73619368991011,38.2797809466875],[126.20971969088667,37.75405081363086],[125.65358373442439,42.65357755341016],[123.26496714789705,41.85737202456772],[122.30515413366365,42.72992931023445],[120.4727838337635,41.68286056743437],[118.546171576248,41.42502313557423],[113.31781409129626,41.59560483886769],[106.94814590592908,42.380906395967756],[106.35784350871387,42.04359074041621],[105.63930997742897,39.588723081834196],[103.80693967752882,39.50146735326752],[103.37066103469546,40.28676891036759],[101.36377927766195,40.63579182463428],[100.84024490626192,40.37402463893426],[100.57847772056189,39.588723081834196],[98.48434023496172,39.85049026753422],[98.292021315825,41.49677439920713],[96.39020274936155,40.897559010334305],[95.08136682086145,40.81030328176763],[94.73234390659475,40.02500172466757],[98.83336314922842,38.36714288190077],[100.84024490626192,37.14556268196733],[100.2294548062952,35.5749595677672],[102.93438239186209,35.22593665350051],[103.5451724918288,34.78965801066714],[103.89419540609549,31.648451782266886],[102.67261520616206,31.73570751083356],[99.75235985073353,27.47081464268358],[100.4148339916291,25.0859077354596],[102.01116318481407,24.68066468645064],[102.38374905915764,24.010010112632223],[103.23424489274952,20.122862736904715],[104.381091260999,18.327951476868094],[106.39383986910933,17.66453894229297]]]},"properties":{"NAME":"Han","SUBJECTO":"Han","PARTOF":"Han"}},
{"type":"Feature","geometry":{"type":"Polygon","coordinates":[[[80.61705181615513,21.01667685537372],[80.94593879306028,21.701298725666085],[82.2547747215604,21.963065911366108],[83.04007627866046,22.74836746846617],[83.82537783576052,25.889573696866428],[85.48323667852732,25.802317968299754],[86.09402677849404,24.92976068263301],[86.81869796237105,21.186534486726565],[87.64071944674605,21.563081346467776],[90.15706923922652,21.733573518708987],[91.57107070407027,22.543313585237307],[93.42350797809463,25.017016411199688],[93.77253089236133,26.50036379683314],[93.07448506382794,26.849386711099836],[89.75876737829434,25.976829425433095],[87.92639707839419,26.064085153999773],[86.18128250706071,26.41310806826647],[82.86556482152712,27.89645545389992],[79.11356849316014,31.037661682300175],[77.19792914174486,33.28401813126077],[76.04634723722334,33.50955812943602],[75.36157216479317,29.6415700252334],[75.44882789335983,28.33273409673329],[76.05961799332655,26.587619525399816],[77.54296537896,25.54055078259973],[79.46259140742684,24.842504954066342],[79.46259140742684,23.969947668399605],[78.67728985032677,23.533669025566233],[79.63710286456018,22.486600282766148],[79.63710286456018,21.35227581139939],[80.61705181615513,21.01667685537372]]]},"properties":{"NAME":"Magadha","SUBJECTO":"Magadha","PARTOF":"Magadha"}},
{"type":"Feature","geometry":{"type":"Polygon","coordinates":[[[120.26632216891402,23.97598608584766],[120.02075484713667,23.61978491397266],[119.96409133395308,23.086133562043948],[120.1134367319023,22.6418529376543],[120.52810195407027,22.096486650422854],[120.57657912692183,21.950509630159182],[120.62239364108198,21.92519911380176],[120.7246427865898,21.988931261018557],[120.78197768649214,22.34474142642383],[121.1824064584648,23.03791006656055],[121.32531264742964,23.400237642244143],[121.59270766696089,24.645675264314455],[121.78051284274214,24.900125108674807],[121.4288664194023,25.134364686921877],[120.85697463473433,24.80925329776172],[120.26632216891402,23.97598608584766]]]},"properties":{"NAME":null,"SUBJECTO":null,"PARTOF":null}},
{"type":"Feature","geometry":{"type":"Polygon","coordinates":[[[120.2931242319023,16.233226381257815],[119.77184585055464,15.469834886506838],[121.00936416110152,13.655685029939455],[121.7287931772148,14.108259759858889],[121.24220565280073,15.307833276704592],[122.39557937106245,17.114329896882815],[122.02781203707808,18.009172044709963],[121.03637221774214,18.527911745027346],[120.3930769296562,18.043792329744143],[120.2931242319023,16.233226381257815]]]},"properties":{"NAME":null,"SUBJECTO":null,"PARTOF":null}},
{"type":"Feature","geometry":{"type":"Polygon","coordinates":[[[121.3044767709648,13.129049859956545],[120.54695418795698,13.152829729036135],[120.73374465426558,12.549723230317873],[121.27363875826948,12.525474153474612],[121.3044767709648,13.129049859956545]]]},"properties":{"NAME":null,"SUBJECTO":null,"PARTOF":null}},
{"type":"Feature","geometry":{"type":"Polygon","coordinates":[[[125.11906722506636,12.476568780854983],[124.2640486093437,12.417557321504397],[125.44868758639448,11.206709466890139],[125.11906722506636,12.476568780854983]]]},"properties":{"NAME":null,"SUBJECTO":null,"PARTOF":null}},
{"type":"Feature","geometry":{"type":"Polygon","coordinates":[[[122.78874495944136,11.029453836396975],[121.99363997897261,11.758330903962893],[121.87300399264448,10.468407236055178],[122.78874495944136,11.029453836396975]]]},"properties":{"NAME":null,"SUBJECTO":null,"PARTOF":null}},
{"type":"Feature","geometry":{"type":"Polygon","coordinates":[[[119.21700576266402,10.291149698213381],[119.56431106051558,10.50155695529346],[119.34453872164839,11.002969346956057],[119.10811904391402,10.627629838899416],[119.21700576266402,10.291149698213381]]]},"properties":{"NAME":null,"SUBJECTO":null,"PARTOF":null}},
{"type":"Feature","geometry":{"type":"Polygon","coordinates":[[[123.31205275973433,10.738339982942385],[122.92015365084761,10.851844392732424],[122.70073989352339,10.031832300142092],[122.96222213229292,9.594010911897463],[123.31205275973433,10.738339982942385]]]},"properties":{"NAME":null,"SUBJECTO":null,"PARTOF":null}},
{"type":"Feature","geometry":{"type":"Polygon","coordinates":[[[118.38454726657027,9.349073015168948],[118.08850387057417,9.43102415652637],[117.53589156588667,9.048627458528323],[117.85714248141402,8.833304964021487],[117.96718886813277,9.113093934968752],[118.38454726657027,9.349073015168948]]]},"properties":{"NAME":null,"SUBJECTO":null,"PARTOF":null}},
{"type":"Feature","geometry":{"type":"Polygon","coordinates":[[[125.28927138766402,5.488303266481203],[125.28043654879683,6.593827806428713],[126.32172683199995,7.148838602021975],[125.93394759616011,9.17475088687305],[123.46498397311323,7.790728651002688],[124.22405532321089,6.089605890229983],[125.28927138766402,5.488303266481203]]]},"properties":{"NAME":null,"SUBJECTO":null,"PARTOF":null}},
{"type":"Feature","geometry":{"type":"Polygon","coordinates":[[[176.3455152841484,-37.87444344906445],[175.83767226657028,-37.026234067960935],[174.85726455172653,-36.69382134823437],[174.21686843356247,-35.33676568417187],[173.16649917086716,-35.420879758878904],[174.76465896090622,-37.29654351620312],[174.65473464449997,-38.983257688566404],[173.80480483492966,-39.41970483212109],[175.35358718356247,-40.29998055843945],[176.01143935641403,-41.25534478573437],[178.40819838961716,-38.77115289120312],[176.3455152841484,-37.87444344906445]]]},"properties":{"NAME":null,"SUBJECTO":null,"PARTOF":null}},
{"type":"Feature","geometry":{"type":"Polygon","coordinates":[[[170.82223037203903,-44.96576348690625],[173.84130385836716,-42.488338865324216],[173.26403335055466,-41.54367486385937],[171.4583540292656,-41.99285165218945],[171.02405837496872,-42.886883176847654],[168.41573623141403,-44.220909513517576],[167.13749221285934,-45.19984856991406],[166.5227613778984,-46.232723630949216],[169.39930251559372,-46.70957223324414],[170.61156753024216,-45.946060575529295],[170.82223037203903,-44.96576348690625]]]},"properties":{"NAME":null,"SUBJECTO":null,"PARTOF":null}},
{"type":"Feature","geometry":{"type":"Polygon","coordinates":[[[-22.560055699738317,66.11318548770313],[-21.954796758087927,65.37804754825001],[-22.37291046658402,63.77318533511524],[-18.641863789948278,63.32381781192188],[-14.82120033779984,64.19502600283985],[-13.64690014401322,65.49534185977345],[-16.922141042145544,65.97755011172657],[-22.560055699738317,66.11318548770313]]]},"properties":{"NAME":null,"SUBJECTO":null,"PARTOF":null}},
{"type":"Feature","geometry":{"type":"Polygon","coordinates":[[[-42.793355971161034,65.40311483729091],[-35.97189804592973,65.84693487735157],[-34.4330606130684,66.3839526996172],[-32.956021275910196,67.64102514834767],[-26.963623967560583,68.50170477481251],[-22.732329335602575,69.77407415957813],[-27.60605141201859,71.0681568011797],[-25.291254964264684,71.56889685244923],[-24.07642075100785,73.75567205996876],[-20.32958885708695,73.41964300723438],[-19.1935472158516,75.44353827090626],[-21.1826829580391,76.69747503848438],[-18.253375020417028,77.30013617129688],[-20.878828969391638,78.81792028994923],[-14.201948132904821,81.21013220401173],[-22.052880254181677,81.53975256533985],[-22.432360616120153,82.74334295840626],[-32.51317307034379,83.57699926944142],[-49.64758774319535,82.47806128116017],[-61.12241455593949,81.79757269473438],[-62.81141255643579,81.15595684571053],[-63.35819002201287,78.2356337190557],[-62.44868119723538,76.33836403843989],[-63.65076920081829,76.37993963833513],[-66.54037949134563,75.97068365688982],[-67.61905380775188,76.0189700948781],[-66.54037949124223,75.97068365664845],[-63.65076920071488,76.37993963809376],[-61.50749680081254,76.25751074405079],[-58.63566299954301,75.79326208682423],[-54.7304124502266,73.03760107608204],[-55.626370397003946,71.73035009951954],[-51.72012421170121,71.58955725283985],[-50.57262894192582,69.8662525043047],[-50.95377441922074,68.53928717227345],[-49.472532842377866,67.03273287353856],[-49.06240794677684,64.7863184095137],[-47.65626544757329,62.79478134157128],[-46.13294440676946,61.75918500066533],[-47.630475011365164,60.59680517788591],[-45.621705022248086,60.60060080142383],[-44.682217564972696,60.288447938875],[-44.75314423123246,60.03066214175586],[-44.46744247952348,59.76092108340625],[-44.052266087921915,60.164222322419924],[-43.57877823391801,59.935687623933596],[-43.01451202918743,59.83288153286638],[-43.71973041143305,60.00371991495786],[-43.84796284556369,61.05825940923091],[-44.25808774116473,61.869878095613615],[-43.84796284556369,64.20612586086018],[-42.793355971161034,65.40311483729091]]]},"properties":{"NAME":null,"SUBJECTO":null,"PARTOF":null}},
{"type":"Feature","geometry":{"type":"Polygon","coordinates":[[[-22.72944351712113,72.61519201846485],[-23.585411992462927,72.44038733096485],[-22.1456956533516,72.02732428164845],[-21.88207146206742,72.36496313662892],[-22.72944351712113,72.61519201846485]]]},"properties":{"NAME":null,"SUBJECTO":null,"PARTOF":null}},
{"type":"Feature","geometry":{"type":"Polygon","coordinates":[[[-54.57440277625774,69.60885199185076],[-53.551499333771524,69.27841528506642],[-51.87741180946087,69.53068121548357],[-54.57440277625774,69.60885199185076]]]},"properties":{"NAME":null,"SUBJECTO":null,"PARTOF":null}},
{"type":"Feature","geometry":{"type":"Polygon","coordinates":[[[-72.02973648587114,-71.8222240581953],[-70.0207185415352,-72.67219201473827],[-68.39805313626177,-71.12679711727733],[-70.3298005727852,-68.96324578671093],[-71.79792496243364,-69.7359432354414],[-72.02973648587114,-71.8222240581953]]]},"properties":{"NAME":null,"SUBJECTO":null,"PARTOF":null}},
{"type":"Feature","geometry":{"type":"Polygon","coordinates":[[[-99.69230362454302,-71.8222240581953],[-101.16042801419145,-72.3631176128828],[-97.14239975491411,-72.67219201473827],[-97.21967026272661,-71.8222240581953],[-99.69230362454302,-71.8222240581953]]]},"properties":{"NAME":null,"SUBJECTO":null,"PARTOF":null}},
{"type":"Feature","geometry":{"type":"Polygon","coordinates":[[[-150.3246049551094,-77.0983471050703],[-149.42915817776566,-77.0983471050703],[-149.78734299221878,-76.88941613583202],[-150.41414352932816,-76.82971612362499],[-150.95140549221878,-76.94910851864452],[-150.3246049551094,-77.0983471050703]]]},"properties":{"NAME":null,"SUBJECTO":null,"PARTOF":null}},
{"type":"Feature","geometry":{"type":"Polygon","coordinates":[[[-53.87134262600785,-79.93555108456249],[-55.184929814728555,-80.94006005673046],[-44.83078476467973,-80.32190362362499],[-44.21262451687699,-78.39015618710155],[-48.848809209259805,-78.08107415585155],[-53.87134262600785,-79.93555108456249]]]},"properties":{"NAME":null,"SUBJECTO":null,"PARTOF":null}},
{"type":"Feature","geometry":{"type":"Polygon","coordinates":[[[-162.58987900296097,-78.81513635067577],[-164.0580033926094,-79.35602227596874],[-160.42632004300003,-79.97418633846874],[-158.8036546377266,-79.66510430721874],[-162.58987900296097,-78.81513635067577]]]},"properties":{"NAME":null,"SUBJECTO":null,"PARTOF":null}},
{"type":"Feature","geometry":{"type":"Polygon","coordinates":[[[172.58033278903122,-83.84421197323437],[162.01522353610153,-81.65986291317577],[159.31539443453903,-80.02740899471874],[163.64298537692184,-78.66061059383983],[162.3456373544609,-75.10688439755077],[164.61622146090622,-74.17193261532421],[168.97468093356247,-73.23894158749218],[170.72912124117966,-71.9042781963789],[167.63463881930466,-70.86511651424999],[160.59853652438278,-70.22093621639843],[157.3068647714531,-69.15642968563671],[151.09345534762497,-68.8858226910078],[146.87545302828903,-67.99737969784374],[145.58565810641403,-67.22348443417187],[141.15749648532028,-66.72243157772655],[134.20519545992966,-66.18008843807812],[130.27210524996872,-66.25291863827343],[129.0096235605156,-67.02982751278515],[122.45820907076948,-66.64516106991405],[118.28564742526167,-67.07014123348827],[113.01485732516402,-65.76308099178905],[109.40372756442183,-66.71026269344921],[102.63083938082808,-65.92616692928905],[99.65426162203902,-66.54946557430858],[90.85488418063277,-66.6065258160078],[85.52327254733198,-66.91560021786327],[81.81432631930464,-67.30195275692577],[78.2599211069023,-68.38373223690624],[76.86905959567183,-69.31096307186718],[72.54195693453902,-70.23820153622265],[70.30113509616011,-72.01540795712108],[67.36488631686323,-71.70632592587108],[67.51269057711714,-70.46442071346874],[68.95107558688277,-69.88906518368358],[69.37389663180464,-67.84283868221874],[62.80597213229293,-67.61102715878124],[56.62694838961715,-66.94232598690624],[55.14159301241988,-65.96285668758983],[52.451823267546835,-65.9883617535078],[48.96721557101363,-66.97347680477733],[47.30508330783004,-67.7748607769453],[44.797038111296835,-67.74518243221874],[39.64714339694137,-68.93355981258983],[38.33204940280074,-70.02947656063671],[33.54134276827926,-68.54216424374218],[32.74804213961715,-69.34959832577343],[23.707478556243128,-70.5859188213789],[17.60317138156051,-70.08366052059765],[12.657907518950648,-70.31547204403515],[10.339816126433558,-70.70181695370312],[8.485341105071253,-70.08366052059765],[0.681093785372919,-71.31997338680858],[-4.882327046784216,-71.28133813290233],[-7.200421777161413,-70.89499322323437],[-11.141175237091833,-71.59042016415233],[-11.828483548554235,-72.32257501034374],[-16.395518269928747,-73.44488946346874],[-14.450941052826696,-74.06464806942577],[-18.404530492218786,-75.68571130184765],[-23.581604924591833,-75.91752282528515],[-33.163052525910196,-77.38564721493358],[-36.408379521759805,-79.16285363583202],[-29.5676812795723,-79.22431603817577],[-28.913218465241247,-80.47643700985546],[-38.03104874173051,-80.94006005673046],[-43.826279607209024,-81.79002801327343],[-60.207459416779336,-82.3309139385664],[-74.88871475735552,-80.70824853329296],[-76.58865067044145,-79.39465752987499],[-80.76121231594927,-78.23561517147655],[-74.50236984768755,-78.08107415585155],[-78.59766098538286,-76.61294976620312],[-70.56160446682817,-76.69022027401562],[-64.45729538479692,-75.68571130184765],[-61.36650558987504,-73.90851251034374],[-60.82561966458207,-72.74946252255077],[-61.67558762112504,-70.81772271542187],[-65.38453384915239,-67.34058038143749],[-61.13469406643754,-64.86795464901562],[-62.91190430203324,-64.71340600399608],[-66.85265823880083,-66.79969445614452],[-67.08446976223833,-68.65416375546093],[-68.78439804592973,-69.8132137432539],[-67.08446976223833,-71.8222240581953],[-67.6253556875313,-72.74946252255077],[-75.58414169827348,-73.75397149471874],[-81.76572128811723,-74.02441064266796],[-88.56545731106645,-73.25171319393749],[-99.7881974844063,-72.9977611675703],[-101.8801164297188,-74.09877435116405],[-100.04510208645708,-75.30987969784374],[-105.6420793203438,-75.06755486874218],[-110.55704971829302,-75.30289117245312],[-113.23789688626177,-74.32137719540233],[-128.97754379788284,-74.91301385311718],[-134.7727708486641,-74.64256707577343],[-140.56799789944534,-75.2607235088789],[-146.6723069814766,-76.11069146542187],[-146.14586350003128,-77.4565242901289],[-149.99490829983597,-77.7333568706953],[-154.16746994534378,-77.11520043758983],[-158.1854905752266,-77.8106273785078],[-154.55382248440628,-79.12421838192577],[-148.60405441800003,-79.66510430721874],[-145.6677903799141,-80.51507226376171],[-152.08118149319534,-82.60135308651562],[-153.30974289456253,-83.94192925839062],[-148.75858017483597,-85.07398644833202],[-156.56282516995316,-85.460331358],[-167.22606369534378,-84.76490441708202],[-180,-84.32231561092968],[-180,-90],[-179.20366379300003,-90],[-178.20366379300003,-90],[-177.20366379300003,-90],[-176.20366379300003,-90],[-175.20366379300003,-90],[-174.20366379300003,-90],[-173.20366379300003,-90],[-172.20366379300003,-90],[-171.20366379300003,-90],[-170.20366379300003,-90],[-169.20366379300003,-90],[-168.20366379300003,-90],[-167.20366379300003,-90],[-166.20366379300003,-90],[-165.20366379300003,-90],[-164.20366379300003,-90],[-163.20366379300003,-90],[-162.20366379300003,-90],[-161.20366379300003,-90],[-160.20366379300003,-90],[-159.20366379300003,-90],[-158.20366379300003,-90],[-157.20366379300003,-90],[-156.20366379300003,-90],[-155.20366379300003,-90],[-154.20366379300003,-90],[-153.20366379300003,-90],[-152.20366379300003,-90],[-151.20366379300003,-90],[-150.20366379300003,-90],[-149.20366379300003,-90],[-148.20366379300003,-90],[-147.20366379300003,-90],[-146.20366379300003,-90],[-145.20366379300003,-90],[-144.20366379300003,-90],[-143.20366379300003,-90],[-142.20366379300003,-90],[-141.20366379300003,-90],[-140.20366379300003,-90],[-139.20366379300003,-90],[-138.20366379300003,-90],[-137.20366379300003,-90],[-136.20366379300003,-90],[-135.20366379300003,-90],[-134.20366379300003,-90],[-133.20366379300003,-90],[-132.20366379300003,-90],[-131.20366379300003,-90],[-130.20366379300003,-90],[-129.20366379300003,-90],[-128.20366379300003,-90],[-127.20366379300005,-90],[-126.20366379300005,-90],[-125.20366379300005,-90],[-124.20366379300005,-90],[-123.20366379300005,-90],[-122.20366379300005,-90],[-121.20366379300005,-90],[-120.20366379300005,-90],[-119.20366379300005,-90],[-118.20366379300005,-90],[-117.20366379300005,-90],[-116.20366379300005,-90],[-115.20366379300005,-90],[-114.20366379300005,-90],[-113.20366379300005,-90],[-112.20366379300005,-90],[-111.20366379300005,-90],[-110.20366379300005,-90],[-109.20366379300005,-90],[-108.20366379300005,-90],[-107.20366379300005,-90],[-106.20366379300005,-90],[-105.20366379300005,-90],[-104.20366379300005,-90],[-103.20366379300005,-90],[-102.20366379300005,-90],[-101.20366379300005,-90],[-100.20366379300005,-90],[-99.20366379300005,-90],[-98.20366379300005,-90],[-97.20366379300005,-90],[-96.20366379300005,-90],[-95.20366379300005,-90],[-94.20366379300005,-90],[-93.20366379300005,-90],[-92.20366379300005,-90],[-91.20366379300005,-90],[-90.20366379300005,-90],[-89.20366379300005,-90],[-88.20366379300005,-90],[-87.20366379300005,-90],[-86.20366379300005,-90],[-85.20366379300005,-90],[-84.20366379300005,-90],[-83.20366379300005,-90],[-82.20366379300005,-90],[-81.20366379300005,-90],[-80.20366379300005,-90],[-79.20366379300005,-90],[-78.20366379300005,-90],[-77.20366379300005,-90],[-76.20366379300005,-90],[-75.20366379300005,-90],[-74.20366379300005,-90],[-73.20366379300005,-90],[-72.20366379300005,-90],[-71.20366379300005,-90],[-70.20366379300005,-90],[-69.20366379300005,-90],[-68.20366379300005,-90],[-67.20366379300005,-90],[-66.20366379300005,-90],[-65.20366379300005,-90],[-64.20366379300005,-90],[-63.20366379300003,-90],[-62.20366379300003,-90],[-61.20366379300003,-90],[-60.20366379300003,-90],[-59.20366379300003,-90],[-58.20366379300003,-90],[-57.20366379300003,-90],[-56.20366379300003,-90],[-55.20366379300003,-90],[-54.20366379300003,-90],[-53.20366379300003,-90],[-52.20366379300003,-90],[-51.20366379300003,-90],[-50.20366379300003,-90],[-49.20366379300003,-90],[-48.20366379300003,-90],[-47.20366379300003,-90],[-46.20366379300003,-90],[-45.20366379300003,-90],[-44.20366379300003,-90],[-43.20366379300003,-90],[-42.20366379300003,-90],[-41.20366379300003,-90],[-40.20366379300003,-90],[-39.20366379300003,-90],[-38.20366379300003,-90],[-37.20366379300003,-90],[-36.20366379300003,-90],[-35.20366379300003,-90],[-34.20366379300003,-90],[-33.20366379300003,-90],[-32.20366379300003,-90],[-31.203663793000036,-90],[-30.203663793000036,-90],[-29.203663793000036,-90],[-28.203663793000036,-90],[-27.203663793000036,-90],[-26.203663793000036,-90],[-25.203663793000036,-90],[-24.203663793000036,-90],[-23.203663793000036,-90],[-22.203663793000036,-90],[-21.203663793000036,-90],[-20.203663793000036,-90],[-19.203663793000036,-90],[-18.203663793000036,-90],[-17.203663793000036,-90],[-16.203663793000036,-90],[-15.203663793000036,-90],[-14.203663793000036,-90],[-13.203663793000036,-90],[-12.203663793000036,-90],[-11.203663793000036,-90],[-10.203663793000036,-90],[-9.203663793000036,-90],[-8.203663793000036,-90],[-7.203663793000036,-90],[-6.203663793000036,-90],[-5.203663793000036,-90],[-4.203663793000036,-90],[-3.203663793000036,-90],[-2.203663793000036,-90],[-1.203663793000036,-90],[-0.203663793000036,-90],[0.778056177703089,-90],[1.778056177703089,-90],[2.778056177703089,-90],[3.778056177703089,-90],[4.77805617770309,-90],[5.77805617770309,-90],[6.77805617770309,-90],[7.77805617770309,-90],[8.778056177703089,-90],[9.778056177703089,-90],[10.778056177703089,-90],[11.778056177703089,-90],[12.778056177703089,-90],[13.778056177703089,-90],[14.778056177703089,-90],[15.778056177703089,-90],[16.77805617770309,-90],[17.77805617770309,-90],[18.77805617770309,-90],[19.77805617770309,-90],[20.77805617770309,-90],[21.77805617770309,-90],[22.77805617770309,-90],[23.77805617770309,-90],[24.77805617770309,-90],[25.77805617770309,-90],[26.77805617770309,-90],[27.77805617770309,-90],[28.77805617770309,-90],[29.77805617770309,-90],[30.77805617770309,-90],[31.77805617770309,-90],[32.778056177703085,-90],[33.778056177703085,-90],[34.778056177703085,-90],[35.778056177703085,-90],[36.778056177703085,-90],[37.778056177703085,-90],[38.778056177703085,-90],[39.778056177703085,-90],[40.778056177703085,-90],[41.778056177703085,-90],[42.778056177703085,-90],[43.778056177703085,-90],[44.778056177703085,-90],[45.778056177703085,-90],[46.778056177703085,-90],[47.778056177703085,-90],[48.778056177703085,-90],[49.778056177703085,-90],[50.778056177703085,-90],[51.778056177703085,-90],[52.778056177703085,-90],[53.778056177703085,-90],[54.778056177703085,-90],[55.778056177703085,-90],[56.778056177703085,-90],[57.778056177703085,-90],[58.778056177703085,-90],[59.778056177703085,-90],[60.778056177703085,-90],[61.778056177703085,-90],[62.778056177703085,-90],[63.778056177703085,-90],[64.77805617770308,-90],[65.77805617770308,-90],[66.77805617770308,-90],[67.77805617770308,-90],[68.77805617770308,-90],[69.77805617770308,-90],[70.77805617770308,-90],[71.77805617770308,-90],[72.77805617770308,-90],[73.77805617770308,-90],[74.77805617770308,-90],[75.77805617770308,-90],[76.77805617770308,-90],[77.77805617770308,-90],[78.77805617770308,-90],[79.77805617770308,-90],[80.77805617770308,-90],[81.77805617770308,-90],[82.77805617770308,-90],[83.77805617770308,-90],[84.77805617770308,-90],[85.77805617770308,-90],[86.77805617770308,-90],[87.77805617770308,-90],[88.77805617770308,-90],[89.77805617770308,-90],[89.79633620699995,-90],[90.77805617770308,-90],[91.77805617770308,-90],[92.77805617770308,-90],[93.77805617770308,-90],[94.77805617770308,-90],[95.77805617770308,-90],[96.77805617770308,-90],[97.77805617770308,-90],[98.77805617770308,-90],[99.77805617770308,-90],[100.77805617770308,-90],[101.77805617770308,-90],[102.77805617770308,-90],[103.77805617770308,-90],[104.77805617770308,-90],[105.77805617770308,-90],[106.77805617770308,-90],[107.77805617770308,-90],[108.77805617770308,-90],[109.77805617770308,-90],[110.77805617770308,-90],[111.77805617770308,-90],[112.77805617770308,-90],[113.77805617770308,-90],[114.77805617770308,-90],[115.77805617770308,-90],[116.77805617770308,-90],[117.77805617770308,-90],[118.77805617770308,-90],[119.77805617770308,-90],[120.77805617770308,-90],[121.77805617770308,-90],[122.77805617770308,-90],[123.77805617770308,-90],[124.77805617770308,-90],[125.77805617770308,-90],[126.77805617770308,-90],[127.77805617770308,-90],[128.7780561777031,-90],[129.7780561777031,-90],[130.7780561777031,-90],[131.7780561777031,-90],[132.7780561777031,-90],[133.7780561777031,-90],[134.7780561777031,-90],[135.7780561777031,-90],[136.7780561777031,-90],[137.7780561777031,-90],[138.7780561777031,-90],[139.7780561777031,-90],[140.7780561777031,-90],[141.7780561777031,-90],[142.7780561777031,-90],[143.7780561777031,-90],[144.7780561777031,-90],[145.7780561777031,-90],[146.7780561777031,-90],[147.7780561777031,-90],[148.7780561777031,-90],[149.7780561777031,-90],[150.7780561777031,-90],[151.7780561777031,-90],[152.7780561777031,-90],[153.7780561777031,-90],[154.7780561777031,-90],[155.7780561777031,-90],[156.7780561777031,-90],[157.7780561777031,-90],[158.7780561777031,-90],[159.7780561777031,-90],[160.7780561777031,-90],[161.7780561777031,-90],[162.7780561777031,-90],[163.7780561777031,-90],[164.7780561777031,-90],[165.7780561777031,-90],[166.7780561777031,-90],[167.7780561777031,-90],[168.7780561777031,-90],[169.7780561777031,-90],[170.7780561777031,-90],[171.7780561777031,-90],[172.7780561777031,-90],[173.7780561777031,-90],[174.7780561777031,-90],[175.7780561777031,-90],[176.7780561777031,-90],[177.7780561777031,-90],[178.7780561777031,-90],[179.7780561777031,-90],[179.79633620699997,-90],[172.58033278903122,-83.84421197323437]]]},"properties":{"NAME":null,"SUBJECTO":null,"PARTOF":null}},
{"type":"Feature","geometry":{"type":"Polygon","coordinates":[[[109.5503263803398,19.913556657747073],[108.57689956149214,19.18737181277637],[109.42965224703902,18.096622072175784],[110.26251510104292,18.625627122834963],[110.61735061129683,20.017461381868166],[109.5503263803398,19.913556657747073]]]},"properties":{"NAME":"Hainan","SUBJECTO":"Hainan","PARTOF":"Hainan"}},
{"type":"Feature","geometry":{"type":"Polygon","coordinates":[[[143.44550612887497,-3.610096134229856],[139.59199050387497,-2.37915674595471],[137.85431960543747,-1.613961376234251],[136.27088454684372,-2.418122448011594],[135.2464399667656,-3.538871921583372],[134.2830610605156,-2.854586996122556],[133.90731337985153,-1.006078936144071],[132.2540083261406,-0.526697672887998],[131.21142104586716,-1.02463797478314],[132.71871474703903,-2.934237636610227],[132.7128248544609,-3.887547172590452],[134.0406294198906,-3.948230661436277],[137.38517287692184,-5.123125947996336],[137.8235884042656,-5.427235998197752],[139.15613845309372,-7.725116647764402],[140.9476118417656,-9.273864187284666],[142.6074018808281,-9.376576818510252],[144.37983230074997,-7.758321680113035],[145.8196363778984,-8.09844247250195],[146.6460981698906,-9.27887574581738],[147.87362197360153,-10.178817190214353],[149.78336623629684,-10.409889616056638],[149.82990554293747,-9.71058026699658],[148.58870986422653,-9.160280622526365],[146.90914443453903,-6.894825376554685],[147.37649062594528,-6.124768175169187],[145.59342483004684,-5.423136152311521],[145.72822097262497,-4.997029222532468],[143.44550612887497,-3.610096134229856]]]},"properties":{"NAME":null,"SUBJECTO":null,"PARTOF":null}},
{"type":"Feature","geometry":{"type":"Polygon","coordinates":[[[149.41283706149216,-5.739016927763181],[149.55416396578903,-6.406063951536375],[152.05868056735153,-5.4981354847395],[151.5876264902031,-4.901724733396726],[150.88651565035934,-5.51973906902905],[149.41283706149216,-5.739016927763181]]]},"properties":{"NAME":null,"SUBJECTO":null,"PARTOF":null}},
{"type":"Feature","geometry":{"type":"Polygon","coordinates":[[[125.28976729830855,-8.702098287626463],[123.66542342623823,-9.747970022245603],[124.15423873385542,-10.204543508573728],[125.21153548678511,-9.395053304716306],[125.28976729830855,-8.702098287626463]]]},"properties":{"NAME":null,"SUBJECTO":null,"PARTOF":null}},
{"type":"Feature","geometry":{"type":"Polygon","coordinates":[[[127.85166457614059,1.268447004274172],[127.42350295504683,0.981572769597811],[127.63631728610152,-0.307938195749479],[128.18961623629684,0.627388440088076],[127.85166457614059,1.268447004274172]]]},"properties":{"NAME":null,"SUBJECTO":null,"PARTOF":null}},
{"type":"Feature","geometry":{"type":"Polygon","coordinates":[[[120.54856399020308,-8.934785284086423],[120.56500533541792,-8.388149656339841],[119.85252669772261,-8.574008382841306],[119.93528274020308,-8.936113752409177],[120.54856399020308,-8.934785284086423]]]},"properties":{"NAME":null,"SUBJECTO":null,"PARTOF":null}},
{"type":"Feature","geometry":{"type":"Polygon","coordinates":[[[128.52260879000778,-3.464457429929929],[128.91456130465622,-3.253879703565794],[129.48665908297653,-3.595832265897947],[129.74282363375778,-2.978808797880369],[129.1678266855156,-3.138942398115354],[128.15272048434372,-2.96954695133801],[128.52260879000778,-3.464457429929929]]]},"properties":{"NAME":null,"SUBJECTO":null,"PARTOF":null}},
{"type":"Feature","geometry":{"type":"Polygon","coordinates":[[[138.58381179293747,-8.228471197172361],[138.19266799410934,-7.676353849455076],[137.67589858492966,-8.45924798397656],[138.29720595797653,-8.540528692289548],[138.58381179293747,-8.228471197172361]]]},"properties":{"NAME":null,"SUBJECTO":null,"PARTOF":null}},
{"type":"Feature","geometry":{"type":"Polygon","coordinates":[[[119.94579604586714,-9.590743459745603],[119.40983108004683,-9.871551908537107],[120.1823835702812,-10.34658757595654],[120.4624357553398,-9.926486410185056],[119.94579604586714,-9.590743459745603]]]},"properties":{"NAME":null,"SUBJECTO":null,"PARTOF":null}},
{"type":"Feature","geometry":{"type":"Polygon","coordinates":[[[122.73288253268355,0.672761403039736],[120.76742843112105,1.138722024873537],[119.91373733004683,0.539560459569735],[118.6836042734062,-2.901070751234251],[119.46113112887495,-3.808197893186765],[119.4768400522148,-5.803768075987058],[120.24806502780073,-5.58600751309033],[120.14419082125777,-3.075864233061033],[121.87277511080855,-4.95966473965283],[122.64091018160933,-4.284319795652586],[122.25816634616011,-3.211096681638914],[120.50657180270308,-1.448180831953245],[119.87274459323042,-0.464555867000776],[120.33727553805464,0.356190972045702],[122.73288253268355,0.672761403039736]]]},"properties":{"NAME":null,"SUBJECTO":null,"PARTOF":null}},
{"type":"Feature","geometry":{"type":"Polygon","coordinates":[[[15.237189325896448,79.58918341250782],[11.760330233184046,78.88018377871876],[15.098876032439417,77.11526831241017],[19.115822825041956,78.45454748721485],[15.237189325896448,79.58918341250782]]]},"properties":{"NAME":null,"SUBJECTO":null,"PARTOF":null}},
{"type":"Feature","geometry":{"type":"Polygon","coordinates":[[[19.218064341155237,79.74022253604298],[23.82051757296676,79.14745672793751],[27.196795496550745,79.9443546161211],[20.524457010832972,80.32244452090626],[19.218064341155237,79.74022253604298]]]},"properties":{"NAME":null,"SUBJECTO":null,"PARTOF":null}},
{"type":"Feature","geometry":{"type":"Polygon","coordinates":[[[79.72417739352339,8.416576944307131],[80.22215560397261,6.058007322267336],[81.20268538912886,6.079191289857668],[81.86616805514448,7.084561429933352],[80.66241744479292,9.29945620150928],[79.72417739352339,8.416576944307131]]]},"properties":{"NAME":"Simhala","SUBJECTO":"Simhala","PARTOF":"Simhala"}},
{"type":"Feature","geometry":{"type":"Polygon","coordinates":[[[-92.93793796123093,18.586177050813347],[-93.58785745347076,15.741059799465255],[-91.5157136587227,14.058868013337893],[-90.10501819355306,13.752979928649655],[-88.24292813880605,14.83583723653705],[-87.57061478176958,15.90804823489551],[-88.66434189358598,15.725766740754885],[-88.30037399807817,17.635434709504885],[-87.87709518948442,18.380864702180666],[-87.20057388821489,21.528873048738284],[-88.33372208157427,21.59004171939258],[-90.27753159085161,21.141408525422854],[-90.93481155911333,19.38150557132129],[-92.93793796123093,18.586177050813347]]]},"properties":{"NAME":"Maya chiefdoms and states","SUBJECTO":"Maya chiefdoms and states","PARTOF":"Maya chiefdoms and states"}},
{"type":"Feature","geometry":{"type":"Polygon","coordinates":[[[-57.86013886013871,49.98790320010547],[-58.651795354279336,48.375892244294924],[-58.09052368679887,47.763438783601565],[-56.078946080597696,47.865218721345705],[-52.728596654328165,47.45452459903125],[-54.129578557404336,48.83571585269336],[-56.66153427639848,50.05606039615039],[-57.86013886013871,49.98790320010547]]]},"properties":{"NAME":"Paleo-Inuit","SUBJECTO":"Paleo-Inuit","PARTOF":"Paleo-Inuit"}},
{"type":"Feature","geometry":{"type":"Polygon","coordinates":[[[-60.428460088166055,46.74282034488086],[-61.380574193390665,46.33138998599414],[-61.02502914944535,45.669959627107424],[-59.80716034451371,46.081195436433596],[-60.428460088166055,46.74282034488086]]]},"properties":{"NAME":null,"SUBJECTO":null,"PARTOF":null}},
{"type":"Feature","geometry":{"type":"Polygon","coordinates":[[[-70.49821945716594,-54.92306558017073],[-65.26215836097454,-54.81925240878401],[-69.6717195182011,-54.77409402255354],[-70.49821945716594,-54.92306558017073]]]},"properties":{"NAME":null,"SUBJECTO":null,"PARTOF":null}},
{"type":"Feature","geometry":{"type":"Polygon","coordinates":[[[-74.23627182533001,-43.36826363925276],[-73.77129074612505,-43.508831419035154],[-73.69581314613079,-43.38647881869612],[-74.23627182533001,-43.36826363925276]]]},"properties":{"NAME":null,"SUBJECTO":null,"PARTOF":null}},
{"type":"Feature","geometry":{"type":"Polygon","coordinates":[[[-6.071708169373326,53.973590455964846],[-6.018187966736609,55.093001924470705],[-8.345380750092321,55.09528311343555],[-9.890640225800329,52.19443091006641],[-9.819109883698278,51.434554658845705],[-6.405971017273718,52.21443899722461],[-6.071708169373326,53.973590455964846]]]},"properties":{"NAME":null,"SUBJECTO":null,"PARTOF":null}},
{"type":"Feature","geometry":{"type":"Polygon","coordinates":[[[-3.188912504599814,51.17873152457686],[-4.280993905457311,51.18723639102344],[-4.540565457733923,50.35795172305469],[-3.131739111068131,50.655335218208585],[-3.188912504599814,51.17873152457686]]]},"properties":{"NAME":"Dumonii","SUBJECTO":"Dumonii","PARTOF":"Dumonii"}},
{"type":"Feature","geometry":{"type":"MultiPolygon","coordinates":[[[[-84.35245987464641,21.808261476714037],[-82.85274216214067,22.637816987947268],[-81.6625871329472,22.506841264922045],[-82.85274216224407,22.637816988188646],[-84.35245987464641,21.808261476714037]]],[[[-81.79230972816204,22.207803331572435],[-80.77649399319536,22.101897798494143],[-78.51363083411907,21.30576666470232],[-80.77649399329876,22.10189779873552],[-81.79230972816204,22.207803331572435]]]]},"properties":{"NAME":null,"SUBJECTO":null,"PARTOF":null}},
{"type":"Feature","geometry":{"type":"Polygon","coordinates":[[[-74.36476608802532,18.377919756132982],[-71.97817703762895,18.262244783357424],[-71.40075394192583,17.704131685212893],[-70.62097641507036,18.506677232698244],[-68.4588288932011,18.4985786306447],[-70.62097641517376,18.506677232939623],[-71.40075394202923,17.70413168545427],[-71.97817703773235,18.262244783598803],[-74.36476608802532,18.377919756132982]]]},"properties":{"NAME":null,"SUBJECTO":null,"PARTOF":null}},
{"type":"Feature","geometry":{"type":"Polygon","coordinates":[[[-66.90559860755657,17.936208330351732],[-65.96735092678911,18.02719458194141],[-65.80848404456829,18.173726640898607],[-66.90559860755657,17.936208330351732]]]},"properties":{"NAME":null,"SUBJECTO":null,"PARTOF":null}},
{"type":"Feature","geometry":{"type":"Polygon","coordinates":[[[-78.26112839271282,18.255195223051928],[-77.29082962551958,17.805966936067385],[-76.31858536292766,17.903388582426928],[-77.29082962562298,17.805966936308764],[-78.26112839271282,18.255195223051928]]]},"properties":{"NAME":null,"SUBJECTO":null,"PARTOF":null}},
{"type":"Feature","geometry":{"type":"Polygon","coordinates":[[[-76.64871457954614,-12.842323458416352],[-75.98943359061498,-12.19434502858861],[-76.35802501338054,-10.965706952703425],[-77.40236737788294,-9.675636973023984],[-78.56957354997387,-7.09549701366511],[-80.35109876000737,-5.313971803631595],[-80.88809677639848,-5.90026942638989],[-79.06024643460161,-8.215522207304197],[-76.64871457954614,-12.842323458416352]]]},"properties":{"NAME":"Moche","SUBJECTO":"Moche","PARTOF":"Moche"}},
{"type":"Feature","geometry":{"type":"MultiPolygon","coordinates":[[[[-90.10501819355306,13.752979928649655],[-87.94866653958208,13.171761117891116],[-86.01414200344927,11.367618165925784],[-85.77779099026567,10.138352952913088],[-85.08879562893755,9.583112321809573],[-83.61494156399614,9.151563249543948],[-82.95613571682817,8.25675543399219],[-81.6642732290352,8.164647661165041],[-80.81377121487505,7.270063482240481],[-79.71689316311723,8.883091531709475],[-79.06764694729692,9.034267984346194],[-77.40016647854692,6.670446001008791],[-77.50037857571489,5.513577543214602],[-77.10599991360552,3.792188964799685],[-77.80209824124223,2.576873622850222],[-78.46819778958208,2.467397294954104],[-78.98431107083208,1.296987973169131],[-80.0855607656563,0.817998133615298],[-80.33884903469927,-0.66318116335507],[-80.96610733548052,-1.033107079549985],[-80.1441545156563,-3.414210237547117],[-81.41761490383989,-4.675080694242673],[-80.88809677639848,-5.90026942638989],[-80.35109876000737,-5.313971803631595],[-78.56957354997387,-7.09549701366511],[-77.40236737788294,-9.675636973023984],[-76.35802501338054,-10.965706952703425],[-75.98943359061498,-12.19434502858861],[-76.64871457954614,-12.842323458416352],[-75.56421451676609,-12.87323543403529],[-73.88967338250498,-14.854972812012551],[-74.21812603675001,-15.383442908695875],[-74.38338520728776,-15.823206390262088],[-76.05259415199016,-14.41014710788069],[-75.23090836087114,-15.221601881071287],[-74.6214265493477,-15.665019430204588],[-74.04964157620317,-16.044990934416013],[-71.61186691800005,-17.22145501522656],[-70.58412643948442,-18.083280958219724],[-70.14768773659875,-20.26821976964514],[-69.07064392502731,-20.066136698812567],[-68.13321559222494,-19.349095769782156],[-66.59524723372101,-19.145123826644383],[-65.90622541609757,-18.31105888474315],[-64.66180129731615,-16.804676207468987],[-64.1940629085568,-14.694582386569342],[-69.04501111905242,-8.235853806057],[-70.15820726425522,-5.735421450211085],[-66.40849393304576,3.041936481420927],[-62.65878060183632,4.152921580887431],[-58.55753164582598,3.977596077854006],[-55.8624251890192,1.695565793857857],[-55.80383591821904,0.875529465609527],[-57.97163893782451,-0.589157846288572],[-58.44035310422569,-2.287649024474563],[-56.33113935542037,-4.334740468715777],[-54.16333633581491,-4.626791146196514],[-49.06606977620206,-4.743578120004467],[-45.37494571579276,-3.165484550148441],[-44.58399055999075,-3.326346507598112],[-44.795926061066446,-1.736357845350462],[-47.2371377615059,-0.680439271017271],[-48.04253098050004,-0.815624035879331],[-49.2211465505684,-2.108145631834226],[-50.64313980618363,-1.882471717878538],[-51.52938171902543,-0.429196335359769],[-49.884304967316446,1.213871084169192],[-50.68808075466996,2.21617230029468],[-51.20926758328324,4.070678792909426],[-53.02668091336137,5.426703058198733],[-54.28620621243363,5.881543241456789],[-56.74639603176957,6.003318391755862],[-58.575066533478555,6.984399877504153],[-58.61663528958207,7.499081216768069],[-61.12109467078899,9.165086351591967],[-61.28992935706829,8.770693384367846],[-63.06524366801216,8.32539786170036],[-65.96541257261946,8.180441590467876],[-70.68184887203134,8.55721593295672],[-72.11403366604692,9.904005609468264],[-71.6879548696602,10.769269548372073],[-72.37965866604692,11.81010016055469],[-74.21892258206255,11.367601953462405],[-75.45044418850786,10.627693735078616],[-75.70266434231645,9.425959192231936],[-76.76352402249223,8.692807756379885],[-79.50042435208208,9.638376794770998],[-80.96249863186723,8.864939294770998],[-82.22958847561723,9.046509347871584],[-83.91412827053911,11.251382432893557],[-83.66236588040239,13.705296121553225],[-83.31351944485552,14.767507158235354],[-84.65045639553911,15.933375917390627],[-87.57061478176958,15.90804823489551],[-88.24292813880605,14.83583723653705],[-90.10501819355306,13.752979928649655]]],[[[-73.46355148841594,-41.78677026156721],[-72.58717819740032,-41.61827508334456],[-72.72818067052704,-41.55336179549616],[-73.46355148841594,-41.78677026156721]]],[[[-65.78120132972454,-47.71157876376448],[-67.57759567786907,-49.058533109467604],[-67.83347031165813,-49.9682125223094],[-69.04092117835735,-50.56240121249495],[-69.11474151787864,-51.35236245613261],[-69.07692429115032,-51.49934808139143],[-69.04092117825395,-50.562401212736326],[-67.83347031155473,-49.96821252255078],[-67.57759567776567,-49.05853310970898],[-65.78120132972454,-47.71157876376448]]],[[[-71.44228836585735,-53.88161126498518],[-70.73358627835161,-52.8015064373457],[-69.4830217031563,-52.36093560604687],[-68.4558992057011,-52.420181669037916],[-69.4830217032597,-52.360935605805494],[-70.73358627845501,-52.80150643710432],[-71.44228836585735,-53.88161126498518]]],[[[-50.60855194617962,-30.302172101777174],[-51.23235413123821,-30.265360273163893],[-51.445416417615164,-31.015394605439283],[-52.04218765784954,-31.556572355073072],[-52.14021349238029,-31.740936200871825],[-52.35066696693157,-32.67519036654768],[-54.074337926404226,-34.647842801850416],[-56.33826157142376,-34.99545327548323],[-57.34773727943157,-34.508438504975416],[-58.522782292859304,-34.58706323031721],[-57.347737279328165,-34.508438505216795],[-56.33826157132035,-34.99545327572461],[-54.07433792630082,-34.647842802091795],[-52.350666966828165,-32.67519036678906],[-52.04218765774613,-31.55657235531445],[-51.44541641751176,-31.01539460568066],[-51.232354131134805,-30.26536027340527],[-50.60855194617962,-30.302172101777174]]],[[[-62.35104462196087,-39.33307305697737],[-57.808884587677774,-38.386490263029295],[-56.69811340858196,-36.944073118012525],[-57.80888458778118,-38.386490262787916],[-62.35104462196087,-39.33307305697737]]],[[[-67.46862503577923,-46.26589242343245],[-66.69494339505083,-45.13110391049023],[-65.65723129798626,-44.94175759677229],[-66.69494339515423,-45.131103910248854],[-67.46862503577923,-46.26589242343245]]],[[[-38.38593002845501,-12.982259191315748],[-37.186524358185586,-10.844699300810056],[-35.598599400910196,-9.627626813932615],[-35.11418625393754,-8.660737432523923],[-34.918415990265665,-7.167046941801267],[-35.305680242078054,-5.750867761414625],[-34.91841599036907,-7.167046941559889],[-35.114186254040945,-8.660737432282545],[-35.5985994010136,-9.627626813691236],[-37.18652435828899,-10.844699300568678],[-38.38593002845501,-12.982259191315748]]],[[[-39.16210266639446,-17.736639417451002],[-38.94815537014848,-16.001592077299314],[-39.12621780911332,-14.324533857389646],[-38.508831944958914,-12.798260129731275],[-39.126217809216726,-14.324533857148268],[-38.94815537025188,-16.001592077057936],[-39.16210266639446,-17.736639417451002]]],[[[-48.721756902234304,-25.533623136323072],[-46.20621201077348,-23.882822431608396],[-45.45921036282426,-23.855831541105466],[-44.56129547634965,-22.989857114835935],[-43.815239873322305,-22.95650712399121],[-43.60584732571488,-23.006899274870115],[-43.26187225857621,-23.03158036617871],[-42.96740433255082,-23.030962385221677],[-41.957844701203165,-22.92082253841992],[-40.98350235501176,-22.086429990812498],[-40.9328164724434,-21.2794117107832],[-39.691338506134805,-19.408796705290037],[-39.48419663001751,-17.99783364657698],[-39.69133850623821,-19.40879670504866],[-40.932816472546804,-21.279411710541822],[-40.983502355115164,-22.08642999057112],[-41.95784470130657,-22.92082253817854],[-43.236432647623026,-23.031526977456625],[-43.81523987342571,-22.95650712374983],[-44.561295476453054,-22.989857114594557],[-45.459210362927664,-23.855831540864088],[-46.20621201087688,-23.882822431367018],[-48.721756902234304,-25.533623136323072]]],[[[-51.11682220985149,-31.472069181244947],[-49.93631836453324,-29.627403654142576],[-48.93729492703324,-28.69782678036328],[-48.728379216584024,-28.367052473112302],[-48.5639085439766,-27.680593885465818],[-48.586300817029226,-27.210539258759596],[-48.796904749948716,-28.475548314302703],[-49.93631836463665,-29.627403653901197],[-51.11682220985149,-31.472069181244947]]]]},"properties":{"NAME":null,"SUBJECTO":null,"PARTOF":null}},
{"type":"Feature","geometry":{"type":"Polygon","coordinates":[[[-50.4762849478886,-1.678760803979017],[-48.88569351712113,-1.421139515920835],[-48.55282684852337,-0.632448054593183],[-48.88569351722454,-1.421139515679457],[-50.4762849478886,-1.678760803979017]]]},"properties":{"NAME":null,"SUBJECTO":null,"PARTOF":null}},
{"type":"Feature","geometry":{"type":"Polygon","coordinates":[[[-61.735398259552774,10.73363646121387],[-61.536038365753946,10.035876832917971],[-61.206658330353555,10.118220888093752],[-61.23699661770707,10.629623018220705],[-61.735398259552774,10.73363646121387]]]},"properties":{"NAME":null,"SUBJECTO":null,"PARTOF":null}},
{"type":"Feature","geometry":{"type":"Polygon","coordinates":[[[54.478705439177695,73.51936682315235],[56.96043685397262,73.35708960147267],[60.8870191903984,75.24749334903126],[66.54819014987105,75.97989233584767],[65.9260588022148,76.50735815616017],[56.99497893771285,75.27312811465626],[54.478705439177695,73.51936682315235]]]},"properties":{"NAME":null,"SUBJECTO":null,"PARTOF":null}},
{"type":"Feature","geometry":{"type":"Polygon","coordinates":[[[55.18068984469527,73.2664981708086],[51.48213485201949,71.84467657657032],[55.72066405734176,71.64242132754688],[55.18068984469527,73.2664981708086]]]},"properties":{"NAME":null,"SUBJECTO":null,"PARTOF":null}},
{"type":"Feature","geometry":{"type":"Polygon","coordinates":[[[10.55805591067428,57.74505194278125],[9.849259409514612,57.58178671450977],[9.078547510710901,57.036761842683596],[10.25655272921676,57.00591238589649],[10.55805591067428,57.74505194278125]]]},"properties":{"NAME":null,"SUBJECTO":null,"PARTOF":null}},
{"type":"Feature","geometry":{"type":"Polygon","coordinates":[[[11.584776911345667,55.162181459382815],[12.429719004241175,55.244693361238284],[12.444047960845179,55.96765097232227],[11.101924929228968,55.633670412019534],[11.584776911345667,55.162181459382815]]]},"properties":{"NAME":null,"SUBJECTO":null,"PARTOF":null}},
{"type":"Feature","geometry":{"type":"MultiPolygon","coordinates":[[[[-75.98151871253704,68.80757483120622],[-73.18491837063677,68.29580267520313],[-72.35401627113079,67.53031500454607],[-73.18491837074016,68.2958026754445],[-75.98151871253704,68.80757483120622]]],[[[-71.62173935462688,63.210143648344896],[-69.1552629140938,62.419620119050784],[-66.76501938392376,61.943568788725756],[-71.62173935462688,63.210143648344896]]]]},"properties":{"NAME":null,"SUBJECTO":null,"PARTOF":null}},
{"type":"Feature","geometry":{"type":"Polygon","coordinates":[[[-75.98783970886988,82.34208530365676],[-78.69849106350786,83.00252112002735],[-90.5033845571602,82.00650366397267],[-89.19254776516802,81.09640844912892],[-77.52088638831829,80.74994238491716],[-75.98783970886988,82.34208530365676]]]},"properties":{"NAME":null,"SUBJECTO":null,"PARTOF":null}},
{"type":"Feature","geometry":{"type":"MultiPolygon","coordinates":[[[[-105.60105426891934,71.04489158788512],[-105.31259628811723,72.65014227481251],[-111.72553726712114,72.3305850848711],[-114.64695450344927,73.35488470645313],[-116.93370657905956,72.9021490087374],[-114.03790926414058,72.0642120257238],[-110.34678520373127,71.19655506982303],[-105.60105426891934,71.04489158788512]]],[[[-113.15218063880657,68.59556921597185],[-110.44822403469927,68.65314062686329],[-106.85383316555864,69.45092352481251],[-104.18777176419145,68.89776190371876],[-101.80838486243938,69.1356464254445],[-104.18777176429485,68.89776190396013],[-106.85383316566204,69.45092352505388],[-110.44822403480266,68.65314062710466],[-113.15218063880657,68.59556921597185]]],[[[-117.76066299964641,70.721705995757],[-113.76405045071489,70.73691900821095],[-111.54370590736126,70.32538183804216],[-113.76405045081829,70.73691900845232],[-117.76066299964641,70.721705995757]]]]},"properties":{"NAME":null,"SUBJECTO":null,"PARTOF":null}},
{"type":"Feature","geometry":{"type":"Polygon","coordinates":[[[-174.19333359290815,66.28795965786638],[-175.4751840182272,67.66881140323048],[-178.89124008704877,68.64245184536638],[-175.51398178626752,67.66881140347185],[-174.19333359290815,66.28795965786638]]]},"properties":{"NAME":null,"SUBJECTO":null,"PARTOF":null}},
{"type":"Feature","geometry":{"type":"Polygon","coordinates":[[[-87.50410172024614,80.22775610537892],[-92.02487656155473,81.25921972842579],[-96.43336960354692,79.93342169375782],[-92.70153519192583,78.43416937442188],[-87.16541763821489,79.12562140078907],[-87.50410172024614,80.22775610537892]]]},"properties":{"NAME":null,"SUBJECTO":null,"PARTOF":null}},
{"type":"Feature","geometry":{"type":"Polygon","coordinates":[[[-125.82783218909954,72.07625158901872],[-123.46767136135942,71.19864233584767],[-120.8434953359688,71.53027685733204],[-120.45359512844927,72.29851111026173],[-115.6536760000313,73.63253363223438],[-117.33621689358598,74.1672778949297],[-121.65451446815976,73.99457995121038],[-117.685761580263,73.21545873829851],[-120.45359512855266,72.2985111105031],[-120.8434953360722,71.53027685757341],[-123.46767136146282,71.19864233608904],[-125.82783218909954,72.07625158901872]]]},"properties":{"NAME":null,"SUBJECTO":null,"PARTOF":null}},
{"type":"Feature","geometry":{"type":"Polygon","coordinates":[[[-88.1436433463261,74.56897314663591],[-81.4682511954472,74.5814472066945],[-82.93595596839641,74.68396338101091],[-88.1436433463261,74.56897314663591]]]},"properties":{"NAME":null,"SUBJECTO":null,"PARTOF":null}},
{"type":"Feature","geometry":{"type":"Polygon","coordinates":[[[-113.84507462063677,76.21712835879688],[-115.18592545071489,75.15434607119923],[-112.20279404202348,74.49975927920704],[-105.77345749417192,75.23006781192188],[-105.9172029165352,76.02183874698048],[-111.38564011135942,75.65990789981251],[-113.84507462063677,76.21712835879688]]]},"properties":{"NAME":null,"SUBJECTO":null,"PARTOF":null}},
{"type":"Feature","geometry":{"type":"Polygon","coordinates":[[[-85.15679642249798,63.1847301351613],[-83.51739212551958,64.05209692569142],[-80.36790176917766,63.678756319243334],[-83.51739212562298,64.05209692593279],[-85.15679642249798,63.1847301351613]]]},"properties":{"NAME":null,"SUBJECTO":null,"PARTOF":null}},
{"type":"Feature","geometry":{"type":"Polygon","coordinates":[[[-101.65373703529094,72.373073183257],[-98.37187668372844,71.36996801968279],[-100.31894394447063,72.13972815151872],[-101.65373703529094,72.373073183257]]]},"properties":{"NAME":null,"SUBJECTO":null,"PARTOF":null}},
{"type":"Feature","geometry":{"type":"Polygon","coordinates":[[[-128.34309860755658,50.66847189541521],[-127.38545700589067,50.05001028628711],[-126.52219864417766,49.82167013760271],[-128.34309860755658,50.66847189541521]]]},"properties":{"NAME":null,"SUBJECTO":null,"PARTOF":null}},
{"type":"Feature","geometry":{"type":"Polygon","coordinates":[[[-122.15077683010942,76.58204229922657],[-120.09985825100786,75.97814520450001],[-118.73600479641802,76.93774756045704],[-122.15077683010942,76.58204229922657]]]},"properties":{"NAME":null,"SUBJECTO":null,"PARTOF":null}},
{"type":"Feature","geometry":{"type":"Polygon","coordinates":[[[-102.56360336819536,78.31003149600392],[-99.89162155667192,78.65814550967579],[-102.56874558010942,79.01609381289845],[-104.96614548245317,78.5338550433672],[-102.56360336819536,78.31003149600392]]]},"properties":{"NAME":null,"SUBJECTO":null,"PARTOF":null}},
{"type":"Feature","geometry":{"type":"Polygon","coordinates":[[[-94.26578232337688,72.85271795864763],[-92.00058456936723,72.84113653750782],[-90.45479294349407,73.86387976284685],[-92.00058456947063,72.8411365377492],[-94.26578232337688,72.85271795864763]]]},"properties":{"NAME":null,"SUBJECTO":null,"PARTOF":null}},
{"type":"Feature","geometry":{"type":"Polygon","coordinates":[[[-101.57794662991411,75.68686255069142],[-98.00159164944536,75.16206701846485],[-97.81654068508989,76.47571142764454],[-101.88489243069536,76.33266790957813],[-101.57794662991411,75.68686255069142]]]},"properties":{"NAME":null,"SUBJECTO":null,"PARTOF":null}},
{"type":"Feature","geometry":{"type":"Polygon","coordinates":[[[-98.8778962760136,68.88511999722185],[-96.79360672512895,68.52864416690235],[-95.64428421546673,68.75587805386247],[-98.8778962760136,68.88511999722185]]]},"properties":{"NAME":null,"SUBJECTO":null,"PARTOF":null}},
{"type":"Feature","geometry":{"type":"Polygon","coordinates":[[[-97.30984207669145,78.8221851214922],[-97.45977493801958,78.10106237979298],[-95.09702774563677,78.43840368838673],[-97.30984207669145,78.8221851214922]]]},"properties":{"NAME":null,"SUBJECTO":null,"PARTOF":null}},
{"type":"Feature","geometry":{"type":"Polygon","coordinates":[[[-77.06481644202923,67.32873114224138],[-75.77039810696489,67.30152472110157],[-75.12882706214641,67.9042240011281],[-77.06481644202923,67.32873114224138]]]},"properties":{"NAME":null,"SUBJECTO":null,"PARTOF":null}},
{"type":"Feature","geometry":{"type":"Polygon","coordinates":[[[-153.7312669424141,57.42687185855274],[-154.18864914456253,57.63143118472461],[-154.59257980862503,57.14483603091602],[-153.8777513174141,56.941348634675784],[-152.67949387112503,57.764537416414065],[-153.39587875882034,57.8043170795],[-153.7312669424141,57.42687185855274]]]},"properties":{"NAME":null,"SUBJECTO":null,"PARTOF":null}},
{"type":"Feature","geometry":{"type":"Polygon","coordinates":[[[-170.72348495999222,63.68790014834766],[-169.90311142483597,63.07521017642383],[-169.33293625393753,63.39732702823047],[-170.72348495999222,63.68790014834766]]]},"properties":{"NAME":null,"SUBJECTO":null,"PARTOF":null}},
{"type":"Feature","geometry":{"type":"Polygon","coordinates":[[[-96.27653976966594,76.73324164028826],[-95.87341782132036,76.51327856631642],[-93.87482163001751,76.62733801479997],[-96.27653976966594,76.73324164028826]]]},"properties":{"NAME":null,"SUBJECTO":null,"PARTOF":null}},
{"type":"Feature","geometry":{"type":"Polygon","coordinates":[[[-133.01601120521283,55.371032320219896],[-133.0160112051094,55.37103231997852],[-132.17378708401566,54.846309267],[-132.17378708411908,54.84630926724138],[-133.01601120521283,55.371032320219896]]]},"properties":{"NAME":null,"SUBJECTO":null,"PARTOF":null}},
{"type":"Feature","geometry":{"type":"Polygon","coordinates":[[[-113.16021439114458,77.79247625918751],[-110.61967178860552,77.5374942645586],[-110.71011826077348,78.02342566104298],[-113.16021439114458,77.79247625918751]]]},"properties":{"NAME":null,"SUBJECTO":null,"PARTOF":null}},
{"type":"Feature","geometry":{"type":"Polygon","coordinates":[[[-160.52776047268753,55.541610322908205],[-161.31807419339066,55.87905081363086],[-162.58459946194534,55.38870581241016],[-160.52776047268753,55.541610322908205]]]},"properties":{"NAME":null,"SUBJECTO":null,"PARTOF":null}},
{"type":"Feature","geometry":{"type":"Polygon","coordinates":[[[-154.94768234768753,19.482865892366213],[-155.93127914944534,20.283723436311526],[-156.03416916409378,19.10568770022754],[-154.94768234768753,19.482865892366213]]]},"properties":{"NAME":null,"SUBJECTO":null,"PARTOF":null}},
{"type":"Feature","geometry":{"type":"Polygon","coordinates":[[[-164.1312455801094,54.906138978914065],[-165.00973984280472,54.52799566836719],[-164.56448837796097,54.33413656802539],[-164.1312455801094,54.906138978914065]]]},"properties":{"NAME":null,"SUBJECTO":null,"PARTOF":null}},
{"type":"Feature","geometry":{"type":"Polygon","coordinates":[[[-136.02452560940628,58.21496542544727],[-136.59644028225784,57.90492209048633],[-135.11499496975784,57.67462881656055],[-135.3248948721016,58.09266623111133],[-136.02452560940628,58.21496542544727]]]},"properties":{"NAME":null,"SUBJECTO":null,"PARTOF":null}},
{"type":"Feature","geometry":{"type":"Polygon","coordinates":[[[-132.99696823646283,53.65111120815935],[-132.56876083889847,53.27950247378711],[-131.99947067786908,53.793544374663256],[-132.99696823646283,53.65111120815935]]]},"properties":{"NAME":null,"SUBJECTO":null,"PARTOF":null}},
{"type":"Feature","geometry":{"type":"Polygon","coordinates":[[[42.078978571501914,13.86101397128467],[40.73913863619918,14.919243417695803],[39.51792815646285,15.463048540071291],[38.30499949893068,15.057687952318227],[37.804256719639916,14.22311665350029],[38.30499949893068,13.221631094918767],[40.474884875857306,13.054716835155183],[42.35496428927535,13.270696245149416],[42.078978571501914,13.86101397128467]]]},"properties":{"NAME":"Axum","SUBJECTO":"Axum","PARTOF":"Axum"}},
{"type":"Feature","geometry":{"type":"Polygon","coordinates":[[[44.036761316759836,-24.988716520112135],[45.57618239840621,-25.621076978727537],[47.2584791513359,-24.765831388517576],[48.08737853488082,-22.04376069454785],[49.898238214953196,-16.4595455301219],[48.087378534777415,-22.04376069430647],[47.25847915123249,-24.765831388276197],[45.576182398302805,-25.62107697848616],[44.036761316759836,-24.988716520112135]]]},"properties":{"NAME":null,"SUBJECTO":null,"PARTOF":null}},
{"type":"Feature","geometry":{"type":"Polygon","coordinates":[[[130.1349439950859,32.02300222964649],[131.31928542574997,31.51120527835254],[131.66982558688278,33.30853231997852],[130.4265699716484,33.674171052888674],[129.34337905367966,33.15138968081836],[130.1349439950859,32.02300222964649]]]},"properties":{"NAME":null,"SUBJECTO":null,"PARTOF":null}},
{"type":"Feature","geometry":{"type":"Polygon","coordinates":[[[133.6030073495781,34.03615912051563],[132.12111953219528,33.34754904361133],[132.96967605074997,32.765262208894534],[133.9985914560234,33.14826925845508],[133.6030073495781,34.03615912051563]]]},"properties":{"NAME":null,"SUBJECTO":null,"PARTOF":null}},
{"type":"Feature","geometry":{"type":"Polygon","coordinates":[[[142.6146345467403,47.45959814663591],[142.85399917086716,49.127696596101565],[143.97294143150592,49.05807837124529],[142.85399917076373,49.12769659634294],[142.6146345467403,47.45959814663591]]]},"properties":{"NAME":null,"SUBJECTO":null,"PARTOF":null}},
{"type":"Feature","geometry":{"type":"Polygon","coordinates":[[[140.24552443931842,42.2284427511281],[141.92812636813278,42.50126226992969],[143.21375564059372,41.92653997989063],[143.84792617282028,42.77464636416797],[145.19591811607623,43.047015749174975],[143.84792617271685,42.77464636440935],[143.2137556404903,41.926539980132006],[141.92812636802935,42.50126227017107],[140.24552443931842,42.2284427511281]]]},"properties":{"NAME":null,"SUBJECTO":null,"PARTOF":null}},
{"type":"Feature","geometry":{"type":"Polygon","coordinates":[[[135.44600966891403,33.506724916414065],[136.73385146578903,34.874087892488284],[138.14905837496872,34.52788122744922],[139.42260268649216,35.165511690095705],[140.31661513766403,35.033816896394534],[140.87221816500778,37.91744955630664],[141.99811843356247,39.67198904605274],[141.15255263766403,40.86541708560352],[139.91515639742966,40.574954591707034],[140.0300855966484,39.48317679019336],[139.1979322763359,37.92043264956836],[138.3172407480156,37.205508790925784],[136.66849807223434,36.66749533267383],[135.15697768649216,35.646468721345705],[132.66285232028122,35.380626283601565],[130.89904311617966,33.90366705508594],[134.42731765231247,34.628177247957034],[135.44600966891403,33.506724916414065]]]},"properties":{"NAME":null,"SUBJECTO":null,"PARTOF":null}},
{"type":"Feature","geometry":{"type":"Polygon","coordinates":[[[66.43233016451948,25.488610826448244],[67.38733040284343,28.226412022265137],[70.28747874729059,31.287679719181586],[74.13999196485973,32.6082647965003],[74.75078206482645,33.655333539300386],[73.09292322205964,34.615146553533805],[70.56250709362611,34.87691373923382],[62.79674725119215,34.615146553533805],[59.56828529422523,27.285665353933204],[59.30209258517379,25.34019621463184],[61.343993219939414,25.026860795930666],[64.42497542819136,25.17311628909473],[66.43233016451948,25.488610826448244]]]},"properties":{"NAME":"Suren Kingdom","SUBJECTO":"Suren Kingdom","PARTOF":"Suren Kingdom"}},
{"type":"Feature","geometry":{"type":"Polygon","coordinates":[[[101.47430709323042,1.548094235376162],[98.14550307711714,4.069854341462893],[97.38407424410933,5.180140577272219],[96.18733504733198,5.14578827472095],[95.5609236093437,4.534462533906741],[96.72036269625777,3.704589210466189],[97.59714797457808,2.251384101823611],[98.60055068453902,1.707089506105227],[99.1133146615898,0.221247725204272],[99.69655135592573,-0.152409575864034],[100.81207564791792,-2.336048044248777],[102.46222976168745,-4.181821741148191],[104.56848433932417,-6.071165479704099],[105.72847274264448,-5.827141679807859],[105.94282058199995,-3.214655078932005],[104.3524275155937,-1.889892257734495],[103.23762038668745,-0.659467495962339],[103.72215560397261,0.015183419004721],[102.47178176364058,0.622509859517855],[101.47430709323042,1.548094235376162]]]},"properties":{"NAME":null,"SUBJECTO":null,"PARTOF":null}},
{"type":"Feature","geometry":{"type":"Polygon","coordinates":[[[112.30133346041792,2.874169908479494],[111.37182906588667,2.598927341417117],[110.81756118258589,1.244261227563662],[109.28236678561323,1.882722817376894],[108.81431106051558,0.807816825822634],[109.17891982516402,-0.869010366483884],[109.94090560397261,-1.642648614927488],[110.1023054452812,-3.078540958448606],[112.79538253268355,-2.971020854994016],[114.7124128671562,-4.206153310819822],[115.56814101657027,-3.803909935041624],[116.3491316171562,-2.416793264433103],[116.0462751718437,-1.934458293005186],[117.04563430270308,-0.934580959364133],[117.53428939303511,0.610662959531588],[118.51726058444136,1.165625892595095],[117.07397750338667,3.507199846223635],[118.39120772799605,4.374171338990969],[119.04260543307417,5.169805131868166],[116.59562972506636,6.899092756227297],[114.87784865817183,4.855816923097414],[113.81483748873823,4.262612424806399],[112.30133346041792,2.874169908479494]]]},"properties":{"NAME":null,"SUBJECTO":null,"PARTOF":null}},
{"type":"Feature","geometry":{"type":"Polygon","coordinates":[[[114.10475448092573,-8.6881088390791],[113.94835952242964,-7.824078477903562],[112.67842391451948,-7.718775667234617],[112.2747907968437,-7.026889719053464],[111.04471877535933,-6.851591505094724],[108.55577376803511,-6.920526422544675],[106.94509414157027,-6.025983728452879],[106.02416518649214,-6.080723680540281],[105.63347152194136,-6.755237497373777],[106.48369887789839,-7.503360189481931],[108.16022780856245,-7.855642713590818],[109.03720382174605,-7.720286764188963],[110.77773574313277,-8.320307172819334],[113.07378676852339,-8.347123540922361],[114.10475448092573,-8.6881088390791]]]},"properties":{"NAME":null,"SUBJECTO":null,"PARTOF":null}},
{"type":"Feature","geometry":{"type":"Polygon","coordinates":[[[118.82820418795698,-8.786445058866697],[117.94793990573042,-8.161929525419431],[116.97642043551558,-9.177661336942869],[118.82820418795698,-8.786445058866697]]]},"properties":{"NAME":null,"SUBJECTO":null,"PARTOF":null}},
{"type":"Feature","geometry":{"type":"Polygon","coordinates":[[[105.72237685641402,-1.747112430616575],[105.99474624117964,-2.890428461118894],[106.47066024264448,-2.921170391126829],[105.72237685641402,-1.747112430616575]]]},"properties":{"NAME":null,"SUBJECTO":null,"PARTOF":null}},
{"type":"Feature","geometry":{"type":"MultiPolygon","coordinates":[[[[49.669020685759726,40.24031027408008],[49.80730346163863,40.58070334048633],[47.56529525241012,43.007709108308596],[46.845946344939414,44.44641073794727],[47.55630401095504,45.4534984454668],[49.53451446017379,46.54151877017383],[51.36885741671676,47.09002264590625],[53.18521789034957,46.86522635074024],[52.60973647555465,45.39955099673633],[50.87430480441207,44.62624701114063],[51.171034845915976,43.71806677432422],[52.519816431609335,42.072555147126955],[53.98521712741012,42.10553701968555],[54.818495783415976,40.87956961245899],[53.25730040988082,40.764632783845705],[54.071417841521445,38.89694555850391],[54.0674391122734,36.94152411075],[57.30169303902503,38.08466052320486],[60.964376951292,37.32007413910069],[62.79674725119215,34.615146553533805],[70.56250709362611,34.87691373923382],[73.09292322205964,34.615146553533805],[74.75078206482645,33.655333539300386],[76.04634723722334,33.50955812943602],[77.19792914174486,33.28401813126077],[79.11356849316014,31.037661682300175],[82.86556482152712,27.89645545389992],[86.18128250706071,26.41310806826647],[87.92639707839419,26.064085153999773],[89.75876737829434,25.976829425433095],[93.07448506382794,26.849386711099836],[93.77253089236133,26.50036379683314],[93.42350797809463,25.017016411199688],[91.57107070407027,22.543313585237307],[92.17629531344527,20.886634431794924],[94.05371383151167,19.061149202302737],[94.4648542734062,17.26426275821094],[94.14335921725386,16.21537932010059],[95.32981399020308,15.677930437043948],[96.4692488046562,16.512576662019534],[97.57322219332808,16.4450698718584],[97.82298568209761,14.61600836367969],[98.48591903170698,13.111775957063479],[98.73837569674605,11.435081087068362],[98.17717269381636,8.600222192720217],[99.02450850924605,7.871374689058108],[100.13910964449995,6.177317224458498],[100.66430953463667,3.903745017961306],[101.33639815768355,2.780523143724245],[103.42773726901167,1.380763731912417],[104.17563918551558,1.388738475755495],[103.30775741061323,3.026256643251223],[103.34182265719527,4.805444799379153],[101.55989364108198,6.739531599000735],[100.61492446383589,6.97892864795093],[100.13154128512495,8.53205069156055],[99.07134536227339,9.898278795198244],[99.89526656588667,12.079245172456545],[100.87163070162886,12.67854269595508],[102.65849593600386,12.066133104280276],[103.03959182223433,10.897970758394045],[104.9785261484062,9.980911813691897],[104.74248031100386,8.493669115022463],[106.48202804049605,9.552120767549319],[109.07335189303511,11.635222040132327],[109.30712417086714,12.906332574800295],[108.78612044772261,15.090558610872073],[106.39383986910933,17.66453894229297],[104.381091260999,18.327951476868094],[103.23424489274952,20.122862736904715],[102.38374905915764,24.010010112632223],[102.01116318481407,24.68066468645064],[100.4148339916291,25.0859077354596],[99.75235985073353,27.47081464268358],[102.67261520616206,31.73570751083356],[103.89419540609549,31.648451782266886],[103.5451724918288,34.78965801066714],[102.93438239186209,35.22593665350051],[100.2294548062952,35.5749595677672],[100.84024490626192,37.14556268196733],[98.83336314922842,38.36714288190077],[94.73234390659475,40.02500172466757],[95.08136682086145,40.81030328176763],[96.39020274936155,40.897559010334305],[98.292021315825,41.49677439920713],[98.7059504231329,42.823599936779374],[104.04245455391884,42.634682886847976],[106.35784350871387,42.04359074041621],[106.94814590592908,42.380906395967756],[113.31781409129626,41.59560483886769],[118.546171576248,41.42502313557423],[120.4727838337635,41.68286056743437],[122.30515413366365,42.72992931023445],[123.26496714789705,41.85737202456772],[125.65358373442439,42.65357755341016],[126.66794056199733,42.99169649593447],[129.64126113375778,41.65584906192188],[132.18178847750778,43.19463690371875],[132.95279983004684,42.669540010408205],[134.13894179782028,42.99295385928516],[136.03397658785934,44.39840658755664],[137.7205152841484,45.996680818513674],[140.08100417574997,48.50260504336719],[140.32349685153122,50.51783712954883],[141.2570600839531,52.10346182437305],[141.0472980268994,52.68965608140495],[134.8699457082304,52.00920268938546],[127.33558400130104,49.977254198409234],[119.93576446770969,51.257643821866914],[116.70675230759709,54.659373183217475],[114.0159088408366,59.54672904426065],[107.9615110406255,59.8183896994711],[99.48535412032993,55.65854236961009],[93.70004066679506,56.48455609390737],[78.36223290626025,56.41019430623805],[65.31164209247186,55.04663307077481],[59.09429166962169,56.4318399506882],[53.97646398874319,57.7086220534561],[46.105746848468755,57.7086220534561],[32.51698734132826,60.9322458642223],[29.018890834539626,61.77074313018303],[21.200139078600653,62.43518408413591],[21.560151133147425,60.51248510928516],[23.664656672087855,59.83555182071094],[28.435231241790003,60.33733709903125],[27.702038797942347,59.297504030183596],[25.721121821013636,59.459842287019534],[23.415757212248987,59.11896475406055],[24.346499476042933,57.15972097964649],[21.677331003752894,57.46365698428516],[20.964827570525355,56.60902365298633],[21.13734343966598,54.84545858950977],[18.279448542205042,54.72412069888477],[14.472936663237757,53.87677725406055],[12.652518305388636,54.32142599673633],[11.407822641936487,53.859290681794924],[9.421020540801234,54.97648199649219],[10.14714625796432,55.76489218325977],[8.183429751006312,56.43146475406055],[8.848478350249476,53.749679170564455],[7.165639433470911,53.591670595125],[4.641012701598353,52.75569876284961],[3.775046858397669,51.38774450869922],[5.135158159771422,52.126689920244836],[6.857562335998502,51.57865222780894],[6.857562335998502,50.952323436453646],[8.542386784744263,49.389633102022174],[8.592493088052686,48.13697551931157],[12.200146926259228,49.139101585480056],[14.755568394988861,48.187081822619994],[16.078781624466824,48.42668038924876],[16.476001690776908,49.58385625928141],[17.85234539795543,50.436743589494085],[18.98291344313779,49.869834353378906],[19.425309634730894,47.60099324948818],[18.905605154940865,47.44094904033701],[18.86428526627964,45.581554050581936],[21.734298206156726,44.84516472831467],[22.86616890267723,47.26849501763038],[25.127304993041957,47.70033314695177],[27.339285951007444,46.90031916628867],[27.093510289011277,46.054085290193676],[25.56970118463505,45.64321634463933],[25.709180953652826,43.9255057496229],[28.036558074998663,44.375289153762715],[28.2213570322216,45.48408289710034],[29.615916285124964,45.41020544619922],[30.832856211272425,46.57659109683399],[31.78104690035934,46.701861940339846],[32.503241571990195,45.44510229678516],[34.78335749368626,45.2407449084288],[35.04198961095895,45.372185919156465],[34.90680983981246,46.273021303132815],[37.42214492282027,47.076881013826174],[37.97017196139449,46.44128378482227],[37.473891291228476,44.692359529451174],[38.923712763396445,44.21186026187305],[41.409743342009726,42.78824194522266],[41.68046859225387,41.793338380769534],[41.96331871664975,41.81310359426277],[44.789116926312964,41.75014420646609],[47.01094444720541,41.39306478346552],[49.669020685759726,40.24031027408008]],[[73.92950484102087,45.36745068653795],[73.43506673124497,44.505920074089424],[71.41928059138927,44.61431829612317],[71.49534799289326,46.687721348214765],[73.66326893575693,47.772402203209076],[75.2987180680927,47.41330815648718],[74.11967334478086,46.2160567100311],[73.92950484102087,45.36745068653795]]],[[[74.31795791099812,69.16254004116716],[77.40597823580855,68.93561895938282],[78.00718215416218,68.25683935757341],[77.40597823570515,68.9356189596242],[74.31795791099812,69.16254004116716]]],[[[21.27734664390827,65.21227606411638],[22.645554575530237,65.93478735537892],[25.25150779197956,65.41688879604997],[22.645554575426825,65.93478735562029],[21.27734664390827,65.21227606411638]]],[[[11.528408300596416,61.89775715387968],[9.832105669585413,63.68362005801563],[7.088180098143763,62.91019781680469],[5.148983511534876,61.740882478669924],[5.805763277617641,59.94925268741016],[5.615484270659631,58.45521505923633],[8.153747591582484,58.08954580874805],[10.549271616545862,59.37863119693164],[13.301851305571741,55.300696931794924],[15.770541224089808,56.0332103595293],[16.744044336882776,58.31195028872852],[19.037323984709925,59.86324270816211],[17.146208796111292,60.95282705874805],[18.486624750701136,62.98124273867969],[20.700659784880823,63.818126283601565],[21.048895868761786,64.2191654073781],[20.70065978477741,63.81812628384294],[15.43013132739913,61.86605293654498],[11.528408300596416,61.89775715387968]],[[13.488256476328631,57.83423113766184],[14.9636155876323,57.82250627753851],[14.545230168008871,57.25521323213008],[13.488256476328631,57.83423113766184]]],[[[32.21943572471882,66.99374731655779],[35.77174666842574,66.25886877627735],[39.19002822360152,66.03870733828907],[41.25529769371296,66.93697699185076],[39.19002822349812,66.03870733853044],[35.771746668322336,66.25886877651872],[32.21943572471882,66.99374731655779]]],[[[166.02721694420123,59.70872076626482],[167.1039839120781,60.27102621646289],[169.15412429293747,60.434642396882815],[169.8774977060234,59.87456091494922],[170.2730512948906,60.013431154207034],[170.33680251559372,60.277103029207034],[170.51969436129684,60.339942537263674],[171.07238295992966,60.4521442279375],[172.00008681735153,60.85757406802539],[172.49244216403122,61.263324342683596],[177.19034865806842,62.67001303311052],[172.4924421639278,61.263324342924975],[172.0000868172481,60.85757406826677],[170.34409823134902,60.27960975244485],[170.3368025154903,60.27710302944841],[170.26842788170123,60.14513739224138],[170.27305129478717,60.01343115444841],[169.87749770591998,59.8745609151906],[169.15412429283404,60.43464239712419],[167.10398391197467,60.27102621670427],[166.02721694420123,59.70872076626482]]],[[[156.6963758797481,50.957748018462084],[157.89777663668747,51.6660228595293],[158.4613600107109,52.82596167178516],[159.9220838875606,53.300468050200365],[158.46136001060748,52.82596167202654],[157.89777663658404,51.66602285977068],[156.6963758797481,50.957748018462084]]],[[[156.38117507408404,61.20508154507341],[157.09798720797653,61.633399568513674],[160.1182508797481,61.75127752896013],[157.0979872078731,61.63339956875505],[156.38117507408404,61.20508154507341]]],[[[145.65258315513873,58.97540625210466],[149.04528335055466,59.5871539935625],[151.8572645516231,59.055812441069506],[149.04528335045123,59.58715399380388],[145.65258315513873,58.97540625210466]]],[[[134.90200332115435,54.55941732998552],[137.22909072360153,55.98272284121875],[140.58739760836716,58.23931082339649],[142.84585097750778,59.272525392488284],[145.49566176841998,59.20875128384294],[142.84585097740435,59.27252539272966],[140.58739760826373,58.239310823637865],[137.2290907234981,55.98272284146013],[134.90200332115435,54.55941732998552]]]]},"properties":{"NAME":null,"SUBJECTO":null,"PARTOF":null}},
{"type":"Feature","geometry":{"type":"Polygon","coordinates":[[[86.81869796237105,21.186534486726565],[86.09402677849404,24.92976068263301],[85.48323667852732,25.802317968299754],[83.82537783576052,25.889573696866428],[83.04007627866046,22.74836746846617],[82.2547747215604,21.963065911366108],[80.94593879306028,21.701298725666085],[80.61705181615513,21.01667685537372],[80.68417160736027,19.345394054365894],[84.75349051589534,19.02801643635877],[86.11916640719527,19.806542955354494],[86.81869796237105,21.186534486726565]]]},"properties":{"NAME":"Kalinga","SUBJECTO":"Kalinga","PARTOF":"Kalinga"}},
{"type":"Feature","geometry":{"type":"Polygon","coordinates":[[[80.31988051852339,13.333213411287112],[77.63022110752668,12.975725868998712],[74.77759773639649,13.527907138893337],[75.21094039401167,12.102367959932131],[76.07506087741011,10.553955636934084],[76.70353225192183,8.706356607393069],[77.89976027926558,8.257814966157717],[79.82626632174605,10.358728013948244],[79.71073440035933,11.444942079500002],[80.31988051852339,13.333213411287112]]]},"properties":{"NAME":"Chola","SUBJECTO":"Chola","PARTOF":"Chola"}},
{"type":"Feature","geometry":{"type":"Polygon","coordinates":[[[48.273871491123685,28.886929970554853],[44.47284555203297,29.340034319527597],[42.86033948553248,30.987583351727405],[39.342144431349574,31.987611883620747],[37.34095616565875,31.512019848443217],[36.4695820290377,29.565265499094757],[35.07210448702926,29.211360536531252],[34.885592493621054,28.357480607942385],[37.218268427458945,25.166631303743166],[37.20145324191207,24.65831335635547],[38.49012282809371,23.612683855012698],[39.055602106658164,22.571889482454104],[40.98281510952372,22.39934455419948],[43.794690438927255,18.65979506567296],[45.43285726642407,17.77479094016577],[47.70150620915759,17.425768025899075],[48.997288495506076,17.606574856552353],[51.453502537524564,17.949302397299117],[53.19861710885804,17.77479094016577],[54.75607970675582,16.95067175479297],[55.56107238253707,17.937171541169924],[57.838629755583945,19.034806810334963],[57.80608275851363,20.171960435823244],[58.51204970797652,20.421229921296877],[59.83728316744918,22.279178224519534],[58.628493342009726,23.458295427278323],[57.14619735201949,23.98247107119922],[56.015456232634726,25.771625123933596],[54.34709838351363,24.15445288272266],[51.58590224703902,24.00322111697559],[50.77828124484176,24.470929704622073],[49.936862024871054,25.95578344912891],[50.121764216033164,26.737586580232424],[48.855021509734335,27.52269133181934],[48.273871491123685,28.886929970554853]]]},"properties":{"NAME":null,"SUBJECTO":null,"PARTOF":null}},
{"type":"Feature","geometry":{"type":"Polygon","coordinates":[[[145.877747,44.237213],[145.7899780000001,44.148331],[145.763885,44.11693600000012],[145.78997800000013,44.148331],[145.877747,44.237213]]]},"properties":{"NAME":null,"SUBJECTO":null,"PARTOF":null}},
{"type":"Feature","geometry":{"type":"Polygon","coordinates":[[[148.558868,45.45916],[148.46051,45.39222],[148.397217,45.335266000000104],[148.558868,45.45916]]]},"properties":{"NAME":null,"SUBJECTO":null,"PARTOF":null}},
{"type":"Feature","geometry":{"type":"Polygon","coordinates":[[[14.472936663237757,53.87677725406055],[14.227241549102015,53.90951117129688],[14.247895273772425,53.815963350251955],[14.472936663237757,53.87677725406055]]]},"properties":{"NAME":null,"SUBJECTO":null,"PARTOF":null}},
{"type":"Feature","geometry":{"type":"Polygon","coordinates":[[[-13.518161140877599,29.42848330171172],[-14.147020770578672,28.391039461179965],[-13.880964773397448,28.19936673357924],[-13.784217138058823,28.87929453021188],[-13.421413505538974,29.090868332331816],[-13.518161140877599,29.42848330171172]]]},"properties":{"NAME":"Guanches","SUBJECTO":"Guanches","PARTOF":"Guanches"}},
{"type":"Feature","geometry":{"type":"Polygon","coordinates":[[[19.425309634730894,47.60099324948818],[18.98291344313779,49.869834353378906],[17.85234539795543,50.436743589494085],[16.476001690776908,49.58385625928141],[15.886140101986106,47.86547983497711],[17.803190265556196,47.10145779870038],[19.425309634730894,47.60099324948818]]]},"properties":{"NAME":"Boihaenum","SUBJECTO":"Boihaenum","PARTOF":"Boihaenum"}},
{"type":"Feature","geometry":{"type":"Polygon","coordinates":[[[-1.551472592885132,54.91561515050604],[-2.742131438645178,55.95718725772266],[-2.150362935456091,57.571979127839846],[-5.762965646179968,57.61977728457813],[-5.633057561310583,55.93986090274219],[-3.175133027434837,54.82219511277101],[-1.551472592885132,54.91561515050604]]]},"properties":{"NAME":null,"SUBJECTO":null,"PARTOF":null}},
{"type":"Feature","geometry":{"type":"Polygon","coordinates":[[[45.42814213874931,38.04348198685338],[43.091885724812094,35.388057050617775],[43.64602721414321,32.47543763968794],[48.085022700126686,29.965384543235604],[50.13237288912887,30.06642874331836],[51.35013488253707,28.0361343249834],[52.89083388766402,27.052323900178713],[54.646056208220664,26.39131888003711],[55.899733576384726,27.10480459781055],[56.79043105563277,26.97391279788379],[57.25477126559371,25.793286882356448],[59.30209258517379,25.34019621463184],[59.56828529422523,27.285665353933204],[62.79674725119215,34.615146553533805],[60.964376951292,37.32007413910069],[57.30169303902503,38.08466052320486],[54.0674391122734,36.94152411075],[51.79552367648238,36.432349763826174],[50.560954126921835,36.68642767520313],[48.83722976168746,37.51097448916797],[48.98453787051251,38.86726895819019],[45.42814213874931,38.04348198685338]]]},"properties":{"NAME":"Parthian Empire","SUBJECTO":"Parthian Empire","PARTOF":"Parthian Empire"}},
{"type":"Feature","geometry":{"type":"MultiPolygon","coordinates":[[[[8.696099314299769,38.99581106753711],[9.47892001589889,39.14415701480274],[9.79373935183639,40.56368216128711],[8.240707430449671,40.85533865542774],[8.696099314299769,38.99581106753711]]],[[[3.775046858397669,51.38774450869922],[1.588920149413294,50.821883760408205],[1.274518880454248,50.00430258365039],[0.032870042530245,49.33370550723438],[-1.891543593796545,49.526351533845705],[-3.954837766083533,47.90433844180469],[-2.004645553025061,47.04250296206836],[-1.07519969025498,46.01461752505664],[-1.561407771500403,43.524425111726565],[-3.417000499161536,43.37565191836719],[-7.636274781616979,43.721412263826174],[-9.270803418549352,43.048690401033205],[-8.644062962921911,42.419749818757815],[-8.69406982937699,40.992171846345705],[-9.54900738278275,38.77451666446094],[-8.853651967438513,38.4996410235918],[-8.667059865387731,37.12144049258594],[-6.632153954895788,37.02175100894336],[-5.660587277802282,36.008006654695315],[-4.446585622223669,36.72201880069141],[-2.238797393235022,36.728396974519534],[-0.918272283467108,37.57034262271289],[0.172570082751459,38.738345704988284],[-0.394848432930762,39.434459291414065],[0.879201922026819,41.0217357501543],[3.128878864852136,41.85722693057422],[3.001891169158167,42.77080877871875],[4.078196081725307,43.48708685489063],[6.523014101592249,43.15085180850391],[8.896585497466273,44.43718679995899],[9.909300837126917,44.110477052644534],[10.742755922881312,42.850509248689455],[12.641516718474573,41.53109701724414],[15.666200670806116,40.091861329988284],[17.08408072909469,40.52511175723438],[14.092769655791468,42.60952719302539],[13.600871119109339,43.53480490298633],[12.345076593962855,44.30104025454883],[12.176189455596155,45.21429022403125],[13.156165155974573,45.72652395816211],[13.89510253390426,44.75918158145313],[14.945532831755823,44.92658957095508],[15.412318262664026,43.934756837800784],[16.99226287325973,43.32271536441211],[19.606965097991175,41.761539064363284],[19.36906722506637,40.26028021426563],[20.02855971774215,39.81378134341602],[21.228430780974573,37.90490683169727],[22.638745340911097,37.492286287263674],[23.55576613864059,38.351764284089846],[22.720257792082972,39.287269197419924],[22.602265390959925,40.39723929019336],[23.88595298251266,40.732894502595705],[28.82780745944137,40.91469915957813],[27.501950296965784,42.51634558291797],[28.44569304904098,43.476363740876955],[28.686247858611292,44.48805197329883],[29.615916285124964,45.41020544619922],[28.2213570322216,45.48408289710034],[28.036558074998663,44.375289153762715],[25.709180953652826,43.9255057496229],[25.56970118463505,45.64321634463933],[27.093510289011277,46.054085290193676],[27.339285951007444,46.90031916628867],[25.127304993041957,47.70033314695177],[22.86616890267723,47.26849501763038],[21.734298206156726,44.84516472831467],[18.86428526627964,45.581554050581936],[18.905605154940865,47.44094904033701],[17.803190265556196,47.10145779870038],[15.886140101986106,47.86547983497711],[16.078781624466824,48.42668038924876],[14.755568394988861,48.187081822619994],[12.200146926259228,49.139101585480056],[8.592493088052686,48.13697551931157],[8.542386784744263,49.389633102022174],[6.857562335998502,50.952323436453646],[6.857562335998502,51.57865222780894],[5.135158159771422,52.126689920244836],[3.775046858397669,51.38774450869922]]],[[[15.1121807428276,37.45903357119922],[15.472892794219202,38.110057435945315],[12.454147371855921,37.766009889558596],[15.027343782988734,36.74511679263477],[15.1121807428276,37.45903357119922]]],[[[-3.131739111068131,50.655335218208585],[0.191810223666376,50.73128470034961],[1.691691670027918,52.311420045808596],[-0.319215585085207,53.57891424746875],[-1.551472592885132,54.91561515050604],[-3.175133027434837,54.82219511277101],[-2.914475407990271,53.26714285464649],[-4.317542043122106,53.09120901675586],[-5.06146427670365,52.00643499942188],[-3.188912504599814,51.17873152457686],[-3.131739111068131,50.655335218208585]]],[[[48.273871491123685,28.886929970554853],[48.085022700126686,29.965384543235604],[43.64602721414321,32.47543763968794],[43.091885724812094,35.388057050617775],[45.42814213874931,38.04348198685338],[41.67774342306841,38.50896132440348],[41.96331871664975,41.81310359426277],[41.68046859225387,41.793338380769534],[40.36101439913863,40.963443361238284],[38.651183161345664,40.92156942935352],[36.38289550265426,41.23751791568164],[35.95779326876754,41.685645662263674],[33.555541071501914,41.982501588777346],[30.74480536898727,41.04032476992969],[26.127575907317347,39.878558717683596],[26.707943949309534,39.18212851138477],[27.16040709933395,37.36008032412891],[30.47283271273727,36.18825491519336],[31.370690378752894,36.712344728425784],[33.17133620699997,35.97088202090625],[34.48512938937301,36.626781068757815],[35.708632502165976,36.21223410220508],[35.87306502780074,34.422286592439455],[34.50065902194137,31.621099077180666],[33.55760100802535,30.967715822175784],[32.076510462371054,31.013650499299807],[30.995955500212855,31.468850694612307],[29.2488470407402,30.753661714509768],[23.153338465300745,32.138812623933596],[21.673419031706995,32.815589509919924],[20.365721735564417,32.29824026675586],[20.116768869963657,30.957103334605364],[19.66391471346969,30.44150122256641],[19.12453940829391,30.198943696931643],[17.421629938689417,30.99598654361133],[15.843325647917933,31.285003267244143],[15.009786638823694,32.363441072419924],[12.56475642642135,32.73963888736133],[10.412600550261683,33.63112600894336],[10.019480738249964,34.08147390933399],[11.125108751860804,35.2406078204668],[10.132734331694788,37.104747377351565],[5.144465002623743,36.66767843814258],[1.057602915373987,36.461856447175784],[-2.035251822861487,35.054568849519534],[-4.592977490814977,35.151187501863284],[-5.928758588227087,35.72785910220508],[-7.004007783325964,33.874984346345705],[-8.640263524445349,33.12173422427539],[7.985871216309846,35.50493920706167],[8.63266756659013,34.02654754927816],[9.833860788539226,32.91775380594053],[14.453834719112688,31.162163712322617],[18.6118112566288,29.406573618704698],[22.307790401087573,29.960970490373516],[26.742965374438096,28.574978311201477],[28.40615598944454,27.74338300369825],[31.057853792109913,22.68126038470313],[32.60525827172126,22.815817295973687],[33.3453212837093,23.354044941055896],[33.345321283718846,23.354044941061307],[33.657230668213316,24.017988632918694],[35.1898641916191,24.399919115022463],[35.189864191483686,24.399919115245694],[33.92880919894332,26.56382330508594],[35.07210448702926,29.211360536531252],[36.4695820290377,29.565265499094757],[37.34095616565875,31.512019848443217],[39.342144431349574,31.987611883620747],[42.86033948553248,30.987583351727405],[44.47284555203297,29.340034319527597],[48.273871491123685,28.886929970554853]]]]},"properties":{"NAME":"Roman Empire","SUBJECTO":"Roman Empire","PARTOF":"Roman Empire"}},
{"type":"Feature","geometry":{"type":"Polygon","coordinates":[[[41.96331871664975,41.81310359426277],[41.67774342306841,38.50896132440348],[45.42814213874931,38.04348198685338],[48.98453787051251,38.86726895819019],[49.669020685759726,40.24031027408008],[47.01094444720541,41.39306478346552],[44.789116926312964,41.75014420646609],[41.96331871664975,41.81310359426277]]]},"properties":{"NAME":"Armenia","SUBJECTO":"Armenia","PARTOF":"Armenia"}},
{"type":"Feature","geometry":{"type":"Polygon","coordinates":[[[34.78335749368626,45.2407449084288],[33.53285909695944,45.052492179619755],[34.01372436007613,44.49212225528125],[35.067320856658164,44.86172445865039],[35.04198961095895,45.372185919156465],[34.78335749368626,45.2407449084288]]]},"properties":{"NAME":"Bosporian Kingdom","SUBJECTO":"Roman Empire","PARTOF":"Bosporian Kingdom"}},
{"type":"Feature","geometry":{"type":"Polygon","coordinates":[[[-70.8710485562432,47.05010140305908],[-69.50712296058391,48.459212862212084],[-67.31770798255657,49.42533453579607],[-66.37273880531048,50.31387671108904],[-61.64020630408977,50.27692373867693],[-60.13784500648235,50.411700807768725],[-58.52433868934368,51.37948568936052],[-56.96410461951946,51.4884410726613],[-55.6590242057011,52.18734701748552],[-56.12695583342671,53.46584387832734],[-58.78822689960135,52.57259027862411],[-60.1714630701033,53.29857710058178],[-60.221656217027494,53.32492080384565],[-62.88947585561168,54.72511691082654],[-65.64317158321862,55.262874161982396],[-71.0333844968322,55.19604828321671],[-74.19720512004018,52.927225836668605],[-78.74176950876009,52.74413883037645],[-79.5943498282597,51.265792452055834],[-81.74736496497844,52.170096956450365],[-82.34120651771282,52.98082312222185],[-82.20208450843548,54.968871675688646],[-84.46836563636516,55.16687735195818],[-87.46717545081829,55.91202887173357],[-90.44457718421673,57.144347749907396],[-92.40409578747519,56.97508393725052],[-93.82461083808953,56.86329884105465],[-102.14428729171048,57.21394132630312],[-111.28421353653351,58.55314202309659],[-114.56521270134176,60.59956315497872],[-118.19774749095093,62.712635573894396],[-124.93551363296793,64.83463268032534],[-132.43494029538678,62.496969371290604],[-139.52424206220468,62.41569007667785],[-144.68009789261768,63.19218524961806],[-150.1289000770314,63.324002732781025],[-160.9394989447178,63.98492305338062],[-161.13301559974408,63.56284292813005],[-165.43123337318158,62.42954214688005],[-165.89809128333783,61.27033575649919],[-164.02740952064252,59.798244081694506],[-162.37810226966596,60.16311606045427],[-162.00392624427533,58.82661017056169],[-158.2914170890019,58.730208955962084],[-157.66533371497846,57.60424383755388],[-160.45729538490033,56.19991263027849],[-159.07692429115033,55.991962038237475],[-156.68457504798627,57.40069922085466],[-154.64931198646283,58.07648047085466],[-154.28227707435346,59.24877508755388],[-151.7829942374394,59.99495657559099],[-149.32562729408002,60.02748068447771],[-148.49261948158002,61.06433828945818],[-144.40642258216596,60.09257086392107],[-139.57256027747846,59.89999731655779],[-137.57666489173627,58.6041637289113],[-134.12349411536908,58.239215456206225],[-131.7670030265019,56.01000555630388],[-129.85166667284474,54.99772241705144],[-128.5879066342332,55.05741560353968],[-125.6971741533699,55.193958165256824],[-115.03392686774305,52.03295961287972],[-114.46737387359948,51.99955012922175],[-105.19092937331824,51.45252059422696],[-98.92187739770243,50.2317206620755],[-97.20058974030268,50.110958484297555],[-97.15475511595031,50.412981473886106],[-98.7190510168781,52.2282580087958],[-101.20915469590598,53.27167171471017],[-101.04953266519907,54.624267891019755],[-97.09090630366754,55.06542644067235],[-95.2712151536087,53.85941949539503],[-96.19702293170879,52.38441654763727],[-95.2712151536087,51.11967292342198],[-93.99423890795336,50.63623512890684],[-91.15296676137024,50.63623512890684],[-90.70602507539087,50.27036072336172],[-91.07804464695577,49.94774019877888],[-87.78991594567441,49.93094833834401],[-85.03622021806746,49.0940751201903],[-81.93098886565963,48.90187753952613],[-76.05577121730131,47.307967189135894],[-74.19036752877825,47.96567636392756],[-70.8710485562432,47.05010140305908]]]},"properties":{"NAME":"Subarctic forest hunter-gatherers","SUBJECTO":"Subarctic forest hunter-gatherers","PARTOF":"Subarctic forest hunter-gatherers"}},
{"type":"Feature","geometry":{"type":"Polygon","coordinates":[[[98.292021315825,41.49677439920713],[98.48434023496172,39.85049026753422],[100.57847772056189,39.588723081834196],[100.84024490626192,40.37402463893426],[101.36377927766195,40.63579182463428],[103.37066103469546,40.28676891036759],[103.80693967752882,39.50146735326752],[105.63930997742897,39.588723081834196],[106.35784350871387,42.04359074041621],[104.04245455391884,42.634682886847976],[98.7059504231329,42.823599936779374],[98.292021315825,41.49677439920713]]]},"properties":{"NAME":"Southern Xiongnu","SUBJECTO":"S. Xiongnu","PARTOF":"Southern Xiongnu"}},
{"type":"Feature","geometry":{"type":"Polygon","coordinates":[[[73.92950484102087,45.36745068653795],[74.11967334478086,46.2160567100311],[75.2987180680927,47.41330815648718],[73.66326893575693,47.772402203209076],[71.49534799289326,46.687721348214765],[71.41928059138927,44.61431829612317],[73.43506673124497,44.505920074089424],[73.92950484102087,45.36745068653795]]]},"properties":{"NAME":"Yueban","SUBJECTO":"Yueban","PARTOF":"Yueban"}},
{"type":"Feature","geometry":{"type":"Polygon","coordinates":[[[142.33755019615435,-10.91538277987776],[141.67852309654498,-12.467817701142408],[141.4681501717403,-14.75677625064192],[141.71129897545123,-15.226692594330885],[140.80094436119342,-17.561829007905104],[139.24831679771685,-17.431642926972486],[135.38805678795123,-14.896969236176588],[135.8308973641231,-13.484774030488111],[136.66369155357623,-12.624820150178053],[135.4445448250606,-12.17612496737776],[133.55918410728717,-11.951347745698072],[130.46349624107623,-12.758938230317213],[129.1964216561153,-14.992895520966627],[127.96256545494343,-14.703128255646803],[126.8534269661739,-13.783772863190748],[124.42450240562702,-15.657898343842604],[124.27727034996296,-16.5227836740428],[122.73833754966999,-16.58328477267561],[122.08547500084187,-17.398397840302565],[122.19645217369343,-18.243687070649244],[120.87214950035359,-19.676941312592604],[117.59692672203327,-20.75833360080061],[116.41879561851765,-20.83712235812483],[113.62543014000202,-22.56592980746565],[113.43258956383015,-24.874161161225416],[114.18252089927937,-26.0170406473094],[113.43298629234577,-26.572010434907057],[114.63039687584187,-28.90295831088362],[115.0582609505489,-30.80351296786604],[115.74726394127156,-32.20761147860823],[115.04692367027546,-34.42245522860823],[116.56097701500202,-35.18929711703596],[118.20707992027546,-35.090340055268385],[119.77148726890827,-34.12017098788557],[123.62303451011921,-33.915073789399244],[124.24838546226765,-33.1441272867137],[126.05894759605671,-32.43436471347151],[127.26507857750202,-32.38098565463362],[129.1853895516231,-31.798204816620924],[131.2801618904903,-31.634849942963697],[133.83703139732623,-32.34197274569807],[135.15310195396685,-34.05044213656721],[135.52807143638873,-35.054886258881666],[137.45717910240435,-33.31413308505354],[139.36791518638873,-35.614273465912916],[140.01201919029498,-37.64163247470198],[140.6521864266231,-38.16391030673323],[143.36480239341998,-38.96973077182112],[144.96982863853717,-38.0657581460887],[145.93387893150592,-38.881470121186354],[148.0369978279903,-38.09787026767073],[149.50414565513873,-37.928848661225416],[149.98484328697467,-37.34688226107893],[150.22150710533404,-35.694107450287916],[150.7619734139278,-35.253128446381666],[151.36449721763873,-33.52090112094221],[152.17618850181842,-32.87666741732893],[152.97185805748248,-31.418175138276197],[153.4934950203731,-28.840868390839674],[152.94622329185748,-27.340992368500807],[153.06907180259967,-26.227749265473463],[151.73014357994342,-24.15748826388655],[150.80247024009967,-23.599888242524244],[150.7544050545528,-22.811520017426588],[149.55675795982623,-22.432550824921705],[149.10148147056842,-21.06012383822737],[148.1904402108028,-20.171909726899244],[146.32175734947467,-19.082291044037916],[145.86948684166217,-17.194960035126783],[145.32554152916217,-16.4904293191844],[145.1843366951778,-15.047596372407057],[143.7431745858028,-14.465823568146803],[143.17309096763873,-12.12133923892317],[142.33755019615435,-10.91538277987776]]]},"properties":{"NAME":"Australian aboriginal hunter-gatherers","SUBJECTO":"Australian aboriginal hunter-gatherers","PARTOF":"Australian aboriginal hunter-gatherers"}},
{"type":"Feature","geometry":{"type":"Polygon","coordinates":[[[146.7127333016231,-43.721809781830885],[147.8153181404903,-42.96535149936018],[148.26952651451373,-41.09258309726057],[146.3822126717403,-41.30834618930159],[144.7761335701778,-40.84276238803206],[145.72265151451373,-43.24016610507307],[146.7127333016231,-43.721809781830885]]]},"properties":{"NAME":"Tasmanian hunter-gatherers","SUBJECTO":"Tasmanian hunter-gatherers","PARTOF":"Tasmanian hunter-gatherers"}},
{"type":"Feature","geometry":{"type":"MultiPolygon","coordinates":[[[[146.07608,43.513329],[146.15219100000013,43.54583000000014],[146.146088,43.543884000000105],[146.08081100000015,43.51805100000013],[146.07608,43.513329]]],[[[146.6633,43.703606],[146.84274300000016,43.874992],[146.784698,43.861938],[146.646942,43.707214],[146.6633,43.703606]]],[[[146.359955,44.42083],[146.100525,44.48860200000013],[146.078033,44.463608000000136],[145.973846,44.287773],[145.95163,44.274994],[145.939423,44.270546],[145.921082,44.264442000000145],[145.892487,44.25],[145.877747,44.237213],[145.78997800000013,44.148331],[145.763885,44.11693600000012],[145.75943,44.111382000000106],[145.754425,44.078606],[145.755829,44.068604],[145.74939,44.056099],[145.661377,43.992218],[145.55246,43.92610200000013],[145.543304,43.65082600000011],[145.6574710000001,43.89971900000012],[145.672485,43.89888],[146.488861,44.425552],[146.359955,44.42083]]],[[[147.753326,44.938881],[148.6196900000001,45.320274],[148.656097,45.317215],[148.682739,45.31221000000011],[148.558868,45.45916],[148.397217,45.335266000000104],[147.904144,45.404160000000104],[147.868286,45.37471],[147.857727,45.343048],[147.892487,45.236656],[147.887482,45.217766],[147.858978,45.210602],[147.763885,45.189713],[147.745514,45.178329],[147.691345,45.12416100000013],[147.656372,45.075272],[147.608002,45.059433],[147.598572,45.05749500000013],[147.504974,45.043884],[147.491913,44.99305],[147.47995,44.974709],[147.310516,44.876099000000124],[147.14444,44.728325],[147.159424,44.71832300000011],[147.160248,44.686104000000114],[147.144135,44.661377],[147.106354,44.625267],[146.940796,44.554436],[146.838013,44.464714],[146.832184,44.435265],[147.735779,44.944153],[147.753326,44.938881]]],[[[149.450806,45.595543],[149.69247400000017,45.638603],[150.198853,45.932495],[150.352448,46.21332600000011],[150.34274300000016,46.2116620000001],[150.072754,46.082497],[150.037476,46.064995],[149.958588,46.024162],[149.856903,45.92305],[149.667755,45.85083],[149.473541,45.603317],[149.450806,45.595543]]],[[[150.867188,46.43526500000013],[150.832184,46.470543000000134],[150.82220500000017,46.467766],[150.798523,46.449982],[150.802765,46.443047],[150.867188,46.43526500000013]]],[[[150.739685,46.728561],[150.753326,46.729713],[150.7435610000001,46.729431],[150.739685,46.728561]]],[[[152.422516,47.30336],[152.42691,47.379715],[152.408875,47.369987],[152.391357,47.350273],[152.38858,47.330826],[152.39444,47.323608],[152.422516,47.30336]]],[[[153.006104,47.691658],[152.990784,47.699997],[152.99661300000014,47.692764],[153.006104,47.691658]]],[[[153.224396,48.04999500000014],[153.139984,48.094437],[153.205811,48.053322],[153.224396,48.04999500000014]]],[[[154.161377,48.912491],[154.119965,48.900543],[154.112183,48.8949970000001],[153.98800700000015,48.779991],[153.976624,48.761665],[153.974976,48.73555],[154.009155,48.721931],[154.161377,48.912491]]],[[[153.930817,48.923882],[153.918854,48.979713],[153.901917,48.96998600000012],[153.900269,48.950272],[153.904144,48.943321],[153.92114300000014,48.926460000000134],[153.930817,48.923882]]],[[[154.471344,49.098328],[154.446075,49.16777000000013],[154.4402470000001,49.155266],[154.471344,49.098328]]],[[[154.749115,49.591934],[154.751099,49.571663],[154.70303300000012,49.48082],[154.638306,49.42305],[154.593903,49.291031],[154.707184,49.262215],[154.81442300000015,49.636383],[154.749115,49.591934]]],[[[154.41442900000015,49.732491],[154.367188,49.819160000000124],[154.35495,49.766663],[154.367462,49.746384],[154.404419,49.73360400000013],[154.41442900000015,49.732491]]],[[[151.781647,46.77137800000014],[152.01303100000018,46.888885],[152.051117,47.02055],[152.020462,46.98872],[151.8688350000001,46.866386],[151.859955,46.860825],[151.849396,46.856659],[151.829956,46.854996],[151.714691,46.853325],[151.712189,46.801102],[151.763306,46.774712000000136],[151.781647,46.77137800000014]]],[[[155.357452,50.053047],[155.70190400000013,50.183601],[155.741913,50.179161],[156.022217,50.767494],[156.00997900000016,50.76249700000011],[155.97912600000018,50.746941],[155.896942,50.698601],[155.888885,50.693047],[155.860779,50.63694],[155.749115,50.446381],[155.638031,50.3780440000001],[155.318573,50.059715],[155.357452,50.053047]]],[[[156.168854,50.741379],[156.163605,50.708603],[156.189148,50.674438],[156.285522,50.64666],[156.341064,50.851105],[156.185791,50.765549],[156.168854,50.741379]]],[[[155.474396,50.920547],[155.447693,50.880013],[155.449402,50.872215],[155.480804,50.828049],[155.546936,50.80555],[155.588013,50.802773000000116],[155.56970200000012,50.934158],[155.505554,50.931107],[155.474396,50.920547]]],[[[143.13886550377154,52.856246553618334],[141.84099868248248,52.960021578032396],[142.01658156822467,51.4305911886281],[142.1123915047481,51.21959265347185],[141.8891706795528,48.453971468169115],[141.97751906822467,48.284747682768725],[141.9093885750606,47.07343252773943],[141.89834121177935,45.91478308315935],[143.30341628502154,46.01119955654802],[142.6146345467403,47.45959814663591],[142.85399917076373,49.12769659634294],[143.97294143150592,49.05807837124529],[143.0741834969356,51.2676273214406],[143.13886550377154,52.856246553618334]]],[[[140.0996961922481,41.9459720480031],[140.11245253990435,41.27311285610857],[140.97927382896685,41.65285452480974],[140.24552443931842,42.2284427511281],[141.92812636802935,42.50126227017107],[143.2137556404903,41.926539980132006],[143.84792617271685,42.77464636440935],[145.19591811607623,43.047015749174975],[145.05938247154498,43.785766206938646],[145.3485975594356,44.197990022856615],[144.61382583091998,43.84276159878435],[141.74572280357623,44.628566347319506],[141.30364516685748,43.187030397612475],[140.51682570884967,43.05700262661638],[139.85248855064654,42.03524740811052],[140.0996961922481,41.9459720480031]]]]},"properties":{"NAME":"Ainu","SUBJECTO":"Ainu","PARTOF":"Ainu"}},
{"type":"Feature","geometry":{"type":"Polygon","coordinates":[[[125.65358373442439,42.65357755341016],[126.20971969088667,37.75405081363086],[126.3918562265312,37.614322267488284],[126.44296554049605,37.47432669253711],[126.78633407076948,37.07390173526172],[127.6830913699133,37.616170190240766],[128.53968799129595,38.13415351400176],[128.45106032809372,38.25542410464649],[128.1441450448906,38.53463324160938],[127.95601943453903,38.69407232852344],[127.2768888803398,39.2216869220293],[127.67152694186323,39.86643560977344],[129.47782424410934,40.682025514558596],[129.64126113375778,41.65584906192188],[126.66794056199733,42.99169649593447],[125.65358373442439,42.65357755341016]]]},"properties":{"NAME":"Koguryo","SUBJECTO":"Koguryo","PARTOF":"Koguryo"}},
{"type":"Feature","geometry":{"type":"Polygon","coordinates":[[[128.14288939363678,35.248266272541656],[127.80634116931759,34.932187814557956],[128.4177850266968,35.041121421496065],[128.14288939363678,35.248266272541656]]]},"properties":{"NAME":"Gaya","SUBJECTO":"Gaya","PARTOF":"Gaya"}},
{"type":"Feature","geometry":{"type":"Polygon","coordinates":[[[128.4177850266968,35.041121421496065],[128.43801406344528,35.060420595125],[129.06002334078903,35.169784151033205],[129.24999526461716,37.00887640567188],[128.53968799129595,38.13415351400176],[127.6830913699133,37.616170190240766],[128.14288939363678,35.248266272541656],[128.4177850266968,35.041121421496065]]]},"properties":{"NAME":"Silla","SUBJECTO":"Silla","PARTOF":"Silla"}},
{"type":"Feature","geometry":{"type":"Polygon","coordinates":[[[128.14288939363678,35.248266272541656],[127.6830913699133,37.616170190240766],[126.78633407076948,37.07390173526172],[126.79962447604292,36.94661673159961],[126.68535140475386,36.838172517732424],[126.39093306979292,36.95851095767383],[126.25480178317183,36.90731009097461],[125.96027663668745,36.722125612214846],[126.36143783053511,36.62746389956836],[126.43670180758589,36.13125952334766],[126.62643722018355,35.92805441470508],[126.22541335543745,35.16399344058399],[126.4095793100273,34.26900442691211],[126.61678603610152,34.40909155459766],[126.82445815524214,34.42855414004688],[127.35909560641402,34.80417975039844],[127.80634116931759,34.932187814557956],[128.14288939363678,35.248266272541656]]]},"properties":{"NAME":"Paekche","SUBJECTO":"Paekche","PARTOF":"Paekche"}},
{"type":"Feature","geometry":{"type":"Polygon","coordinates":[[[105.40307092131953,72.748726095192],[98.45947004862771,69.79094730127832],[75.85638492783956,61.42677903286463],[62.80579411405116,56.95520024672745],[59.09429166962169,56.4318399506882],[65.31164209247186,55.04663307077481],[78.36223290626025,56.41019430623805],[93.70004066679506,56.48455609390737],[99.48535412032993,55.65854236961009],[107.9615110406255,59.8183896994711],[114.0159088408366,59.54672904426065],[116.70675230759709,54.659373183217475],[119.93576446770969,51.257643821866914],[127.33558400130104,49.977254198409234],[134.8699457082304,52.00920268938546],[141.0472980268994,52.68965608140495],[140.82819655845904,52.825248323637865],[141.08967116783404,52.98512228604021],[140.10245803306842,53.80170401211443],[138.41680434654498,54.091910921294115],[137.07131484459185,53.48947104092302],[137.32575515220904,53.74305685635271],[136.35065749595904,53.70121344204607],[136.34353164146685,53.88782843228044],[134.90200332115435,54.55941732998552],[137.2290907234981,55.98272284146013],[140.58739760826373,58.239310823637865],[142.84585097740435,59.27252539272966],[145.49566176841998,59.20875128384294],[145.65258315513873,58.97540625210466],[149.04528335045123,59.58715399380388],[151.8572645516231,59.055812441069506],[151.13540175865435,58.73182638760271],[154.38708022545123,59.03995092983904],[153.9444685311153,59.39667852993669],[155.85076430748248,60.88296850796404],[156.38117507408404,61.20508154507341],[157.0979872078731,61.63339956875505],[160.1182508797481,61.75127752896013],[159.8155165047481,60.98108252163591],[160.23559096763873,60.94700964565935],[160.11884597252154,60.563624941069506],[162.74877456138873,61.60898550625505],[162.71056655357623,61.76318701382341],[165.28571608970904,62.2881351339406],[163.83137038658404,61.23308905239763],[163.32929519127154,60.69494970913591],[156.8394880623653,57.50565680142107],[155.6275739998653,56.26791723843279],[155.63018325279498,54.465350710112475],[156.17524245689654,52.60925634976091],[156.33323195884967,52.27155645962419],[156.6963758797481,50.957748018462084],[157.89777663658404,51.66602285977068],[158.46136001060748,52.82596167202654],[159.9220838875606,53.300468050200365],[159.68349746177935,53.579433046538256],[161.8758650154903,54.56412848110857],[161.50274184654498,55.287372194487475],[162.72187331627154,56.34234961147966],[162.77128127525592,55.91659506436052],[163.17226699302935,56.383815370757006],[162.51240066002154,57.033492647368334],[162.93203261802935,57.37424048062029],[161.7999372811153,57.86273535366716],[162.61590102623248,58.732963167387865],[162.75344375084185,58.96646460171404],[162.8352156014278,59.055907808501146],[163.04290297935748,59.462001405913256],[163.76682570884967,59.88375815029802],[164.11052993248248,60.07820852871599],[166.20342544029498,60.35263785000505],[166.02721694420123,59.70872076626482],[167.10398391197467,60.27102621670427],[169.15412429283404,60.43464239712419],[169.87749770591998,59.8745609151906],[170.27305129478717,60.01343115444841],[170.26842788170123,60.14513739224138],[170.3368025154903,60.27710302944841],[170.34409823134902,60.27960975244485],[169.48091979943723,61.192640399715565],[172.4408476128738,63.07842210456581],[171.76813674618367,65.85917681241212],[168.13549806605704,67.45778023799447],[155.89216029229675,68.16901029658281],[130.86731605142418,69.90104204211539],[124.54383390453704,71.58610355723228],[123.5007008987776,73.50494943844788],[123.51475051353718,73.17200811978044],[118.33846572349812,73.18611487026872],[113.31173995445515,73.38266333218279],[110.17844680259968,73.79822119351091],[110.40001967857624,73.74287756558122],[105.40307092131953,72.748726095192]]]},"properties":{"NAME":"Paleo-Siberian hunter-gatherers","SUBJECTO":"Paleo-Siberian hunter-gatherers","PARTOF":"Paleo-Siberian hunter-gatherers"}},
{"type":"Feature","geometry":{"type":"Polygon","coordinates":[[[25.195617809103457,65.26795101619156],[34.72611897050977,65.78029310527337],[32.21943572471882,66.99374731655779],[35.771746668322336,66.25886877651872],[39.19002822349812,66.03870733853044],[41.25529769371296,66.93697699185076],[40.9508276314571,67.33465918179216],[37.24586394737507,68.79349859829607],[33.31560042808796,69.07128485317888],[32.07601073692585,69.8153568136281],[28.730080637438544,70.13592871304216],[30.798840555651434,70.30796393032732],[27.875399622423895,70.42505987759294],[28.136439356310614,70.83272894497576],[26.617423090441473,70.39204748745622],[26.619105371935614,70.79908331509294],[25.074080500109442,70.14438208218279],[25.230692896349677,70.55818518276872],[20.733939203722723,69.77918585415544],[20.196503672106513,69.31769140835466],[20.278164896471747,69.58179052944841],[17.12642005394245,68.41608008022966],[16.648547205431708,68.04574926968279],[15.761817965014227,67.67628821011247],[14.616473230822333,67.2452655660695],[14.777660402758368,67.21653326626482],[13.991646799547919,66.68745764370622],[13.255395922167548,66.39254339810076],[13.58100989769245,66.18811377163591],[12.496170076830634,65.3844714986867],[11.507721933825263,64.51671942349138],[10.155425240070853,64.09932165034176],[11.528408300596416,61.89775715387968],[15.43013132739913,61.86605293654498],[20.70065978477741,63.81812628384294],[21.048895868761786,64.2191654073781],[20.92119315574909,64.71382483120622],[21.329442057116278,64.89435156460466],[21.27734664390827,65.21227606411638],[22.645554575426825,65.93478735562029],[25.25150779197956,65.41688879604997],[25.195617809103457,65.26795101619156]]]},"properties":{"NAME":"Sámi","SUBJECTO":"Sámi","PARTOF":"Sámi"}},
{"type":"Feature","geometry":{"type":"Polygon","coordinates":[[[25.195617809103457,65.26795101619156],[25.293414148791083,65.00389441128435],[25.35190490196491,64.93909796353044],[21.200139078600653,62.43518408413591],[29.018890834539626,61.77074313018303],[32.51698734132826,60.9322458642223],[46.105746848468755,57.7086220534561],[53.97646398874319,57.7086220534561],[59.09429166962169,56.4318399506882],[62.80579411405116,56.95520024672745],[75.85638492783956,61.42677903286463],[98.45947004862771,69.79094730127832],[105.40307092131953,72.748726095192],[105.2788191170528,72.7515369283742],[112.57712844322468,74.88621100063982],[113.11340621422077,75.49444922085466],[109.6564054817989,76.69128759976091],[106.40403274009968,76.4322772848195],[107.07137587974812,76.77097662563982],[104.4851408333614,76.99502905483904],[105.46972945640827,77.32931860562029],[101.38946059654499,76.62499579067888],[99.8334074349239,76.2100330221242],[95.9818220467403,75.90201147671404],[89.28468612144734,75.46612127896013],[86.97762587974812,74.29900702114763],[87.69079116295124,73.90001257534685],[86.12352279136921,73.4511218893117],[86.32635024498249,73.63435705776872],[80.83822921226765,73.55255468960466],[80.8288679451778,73.01351507778826],[80.98231795738484,72.44697912808122],[83.56109145591999,71.62442358608904],[83.50470260093952,70.81292303677263],[83.6571150154903,70.598170839507],[83.03633407066609,70.24492987271013],[82.04561141441609,70.41893347378435],[82.88012221763874,71.49126776333513],[79.22255996177937,72.2712894308156],[76.60715011070515,71.518336855132],[78.60852340172077,70.8499256002492],[75.28428939293171,71.44608648892107],[75.66617873619343,72.41353949185076],[73.2706632942989,71.372584902007],[74.24957564781452,70.5729480611867],[73.90792373131062,69.27452429409685],[74.31795791099812,69.16254004116716],[77.40597823570515,68.9356189596242],[78.00718215416218,68.25683935757341],[77.68886092613484,67.75840338345232],[78.53574660728718,67.61183508511247],[76.95493606041218,67.65331610317888],[77.10788253258015,68.11375006313982],[74.66936019371296,68.10174902554216],[72.20881179283406,66.17345770474138],[69.08476546715046,66.68753393765154],[71.34951308677937,66.66239508267107],[71.39950087974812,66.94906958218279],[73.39364913414265,68.38238867397966],[72.52553084800984,69.06907995815935],[72.7742033333614,70.45523413296404],[71.79755691002156,71.43180426235857],[72.84480575035359,72.49460943813982],[69.34311202476765,72.83426245327654],[66.7748136849239,70.73557623501482],[67.39824202965046,70.59850653286638],[66.88444045494343,69.62308081265154],[68.10592940758015,69.42932470913591],[68.25765517662312,68.94111975308122],[69.10895064781452,68.83031042690935],[66.58425429771687,68.88553961392107],[62.2812719673946,69.7051273214406],[60.98595717857624,69.00259741421404],[59.06195739219929,68.4974857198781],[53.316844019396555,68.13638647671404],[53.808394464953196,68.60726507778826],[48.08066085289265,67.56245764370622],[44.87120727012898,67.31241949673357],[46.16411498497273,67.67742498989763],[44.16874984215046,68.09702643032732],[43.83810714195515,67.16285284634294],[44.36195281456257,66.90596350308122],[39.9513273567989,65.58116491909685],[39.979388269884836,65.15314062710466],[40.46206191490437,64.75027807827654],[36.996741327746165,64.40655859585466],[38.05385878990437,64.12927588101091],[34.814768824084055,64.45981939907732],[34.425662073595774,65.10652502651872],[34.293414148791086,65.39624365444841],[34.72611897050977,65.78029310527337],[25.195617809103457,65.26795101619156]]]},"properties":{"NAME":"Finno-Ugric taiga hunter-gatherers","SUBJECTO":"Finno-Ugric taiga hunter-gatherers","PARTOF":"Finno-Ugric taiga hunter-gatherers"}},
{"type":"Feature","geometry":{"type":"MultiPolygon","coordinates":[[[[-75.55168625404094,69.2223392355031],[-75.98151871253704,68.80757483120622],[-73.18491837074016,68.2958026754445],[-72.35401627113079,67.53031500454607],[-74.27988907386516,66.06022223110857],[-73.41992661048626,65.5288806783742],[-75.33303543616985,65.08917578335466],[-77.73748489906048,64.39293249722185],[-73.16355606605266,64.57397040005388],[-72.72998520423626,64.01499518032732],[-71.25812241126751,63.567279421049975],[-71.62173935462688,63.210143648344896],[-66.76501938392376,61.943568788725756],[-66.33225723792766,62.31878241177263],[-68.83601090003704,63.650382600981615],[-65.02100845863079,62.554889284331225],[-65.13249680091594,62.89520987148943],[-64.73933121253704,62.93145331021013],[-65.2627839713261,63.76427038784685],[-64.3648576407597,63.43754156704607],[-65.42321487952923,64.26522406216326],[-65.32707687904094,64.35872229214372],[-66.59772965003704,64.7661624776906],[-68.37565323402141,66.28372534390154],[-67.30549332191204,65.93429907437029],[-67.7598771720097,66.37292059536638],[-65.03384872962688,65.95320471401872],[-64.84370895911907,65.37758215542497],[-64.28371140052532,65.37862738247576],[-64.18360992957805,65.18993719692888],[-62.068253484265554,65.9368167745656],[-62.65512177039837,66.3384509908742],[-61.33414169837688,66.53183325405779],[-63.16489121009563,66.92600592251482],[-64.61375137855266,67.11526831265154],[-64.24091049720501,67.36752661343279],[-66.90283676673626,68.0984607564992],[-68.77549454261516,68.8435550558156],[-68.07704636146282,68.89747198696794],[-68.53315445472454,69.25049170132341],[-66.83469864417766,69.17071112271013],[-68.20718094398235,69.59102972622576],[-67.50281998206829,69.79684027310076],[-69.69810196449016,70.07418402310076],[-68.54205795814251,70.49039801235857],[-70.65164658118938,70.76364477749529],[-71.88152023841594,70.93118628140154],[-71.27546402503704,71.31968268032732],[-75.20393845130657,71.56898077603044],[-74.31251999427532,71.9532733785695],[-75.32202621986126,72.54841955776872],[-79.05625626136516,71.96002539272966],[-79.12810226966594,72.17155035610857],[-81.02679916908001,72.0503421651906],[-80.46250626136516,72.97363623257341],[-84.3076066641972,73.1966815816945],[-83.88481613685344,73.0703616964406],[-85.14729019691204,72.48272284146013],[-84.28931900550579,72.256129823882],[-85.20471664954876,71.76867254849138],[-84.53479477454876,71.5359378683156],[-85.89104172279094,71.12166937466326],[-85.28621384193157,71.41001471157732],[-86.44830795814251,72.13428076382341],[-86.41395279456829,72.31502112026872],[-86.85536667396282,72.858668886382],[-85.66801926185344,73.60064276333513],[-89.1001863150761,73.19565161343279],[-89.33408829261516,72.16812475796404],[-89.4350480704472,71.44115027065935],[-87.16879746009563,71.01859625454607],[-89.01850601722454,70.67528113003435],[-86.37334915687298,70.46471747036638],[-85.98391434241985,70.112575136382],[-81.59563919593548,69.96033819790544],[-81.13795181800579,70.01452215786638],[-78.71291824866985,70.01144751187029],[-80.66049667884563,70.75260504360857],[-77.69864365150188,70.13574560757341],[-77.36704727699016,69.80879553433122],[-75.55168625404094,69.2223392355031]]],[[[-96.14881607581829,69.16884192104997],[-98.8778962760136,68.88511999722185],[-95.64428421546673,68.75587805386247],[-96.14881607581829,69.16884192104997]]],[[[-81.87212845374798,63.99071844692888],[-82.1096086173222,64.64357336636247],[-85.19839951087688,65.37575110073747],[-86.06107803870891,64.14051397915544],[-86.03205582191204,63.67527350063982],[-85.43207260658001,63.597831331450365],[-85.15679642249798,63.1847301351613],[-83.51739212562298,64.05209692593279],[-80.36790176917766,63.678756319243334],[-81.87212845374798,63.99071844692888]]],[[[-60.221656217027494,53.32492080384565],[-57.51535126258587,54.46576651211443],[-59.69376083900188,55.15365942593279],[-61.92769333411907,56.27295645352068],[-62.886959996716726,58.65644415493669],[-64.6706208853886,60.18091925259294],[-65.86144730140423,58.795341097075365],[-67.77240463783001,58.24854239102068],[-69.2142228751347,58.74767645474138],[-70.02829453040813,60.883170686919115],[-73.39458176185344,62.354999147612475],[-77.36155411292766,62.5174938070363],[-77.50717636634563,60.414630495268725],[-78.33678909827923,58.551471315581225],[-76.77238174964641,57.662501894194506],[-76.43862625648235,56.80968817349138],[-77.23383804847454,55.60653647061052],[-79.54511734534954,54.69186361904802],[-78.74176950876009,52.74413883037645],[-74.19720512004018,52.927225836668605],[-71.0333844968322,55.19604828321671],[-65.64317158321862,55.262874161982396],[-62.88947585561168,54.72511691082654],[-60.221656217027494,53.32492080384565]]],[[[-95.12389847327923,72.51922949429216],[-94.54240128089641,72.18979223843279],[-93.72375961829876,72.38791235562029],[-94.26578232337688,72.85271795864763],[-92.00058456947063,72.8411365377492],[-90.45479294349407,73.86387976284685],[-94.98547073890423,73.93563421841326],[-94.7580461173222,73.74365576382341],[-95.12389847327923,72.51922949429216]]],[[[-125.82783218909954,72.07625158901872],[-123.46767136146282,71.19864233608904],[-120.8434953360722,71.53027685757341],[-120.45359512855266,72.2985111105031],[-117.685761580263,73.21545873829851],[-121.65451446815976,73.99457995121038],[-124.74035355140423,74.24206884976091],[-124.06482407142376,73.86521490688982],[-125.14468857337688,72.60512121792497],[-125.82783218909954,72.07625158901872]]],[[[-100.96714493324016,69.62841375942888],[-101.05518051673626,70.03077276821794],[-105.60105426891934,71.04489158788512],[-110.34678520373127,71.19655506982303],[-114.03790926414058,72.0642120257238],[-116.93370657963686,72.90214900890444],[-118.64906784583782,71.79981573696794],[-115.51704117347454,71.42342718716326],[-117.76066299964641,70.721705995757],[-113.76405045081829,70.73691900845232],[-111.54370590736126,70.32538183804216],[-116.99491592933391,69.74258764858904],[-113.53912827064251,69.113795839507],[-113.15218063880657,68.59556921597185],[-110.44822403480266,68.65314062710466],[-106.85383316566204,69.45092352505388],[-104.18777176429485,68.89776190396013],[-101.80838486243938,69.1356464254445],[-103.2675447135136,69.329127870757],[-100.96714493324016,69.62841375942888]]],[[[-41.06033417274212,65.03749426479997],[-39.726918187634695,64.99653967495622],[-42.793355971161034,65.40311483729091],[-43.84796284556369,64.20612586086018],[-44.25808774116473,61.869878095613615],[-43.84796284556369,61.05825940923091],[-43.71973041143305,60.00371991495786],[-43.01451202918743,59.83288153286638],[-43.497086492078054,60.478969179350756],[-42.78493210365032,60.52916296597185],[-42.82441422034954,60.80161245938005],[-43.03725906898235,61.29165991421404],[-42.306195226208914,61.728881441313646],[-43.225968328015554,62.68092306729021],[-41.834408727185476,62.69062002773943],[-41.90392395545696,63.05252417202654],[-41.22700974036907,63.25296362515154],[-41.37823959876751,63.523437105376146],[-40.765702214734304,63.57452734585466],[-41.484120336072195,64.27418860073747],[-40.35533234168743,64.4269519674367],[-41.06033417274212,65.03749426479997]]],[[[-47.630475011365164,60.59680517788591],[-46.13294440676946,61.75918500066533],[-47.65626544757329,62.79478134157128],[-49.06240794677684,64.7863184095137],[-49.472532842377866,67.03273287353856],[-53.39495941688274,67.36226233120622],[-52.97809692908977,67.31033667202654],[-53.397416081921804,66.99593695278826],[-52.30317017127727,66.90946539517107],[-52.86044403602337,66.3531986105031],[-52.61050125648235,66.26797827358904],[-52.83536240150188,65.65488775845232],[-52.07773300697063,65.37242468472185],[-51.991654363171804,65.00974615688982],[-51.80484863807415,64.23334082241716],[-50.019913640515554,64.6100574361867],[-51.10051819373821,63.46953924771013],[-50.616742101208914,63.434806429106615],[-50.465817418591726,63.05066641445818],[-49.85748383094524,62.966544710356615],[-50.09668442298626,62.356410585600756],[-49.116444554822195,62.10383185024919],[-48.915463414685476,61.42103537197771],[-47.86935516883587,60.939025484282396],[-47.630475011365164,60.59680517788591]]],[[[-160.9394989447178,63.98492305338062],[-150.1289000770314,63.324002732781025],[-144.68009789261768,63.19218524961806],[-139.52424206220468,62.41569007667785],[-132.43494029538678,62.496969371290604],[-124.93551363296793,64.83463268032534],[-118.19774749095093,62.712635573894396],[-114.56521270134176,60.59956315497872],[-111.28421353653351,58.55314202309659],[-102.14428729171048,57.21394132630312],[-93.82461083808953,56.86329884105465],[-92.40409578747519,56.97508393725052],[-93.07417770911907,58.55101355190935],[-94.68383499671673,58.87849386807146],[-94.75318619300579,59.94999273892107],[-93.42261978675579,61.858031831938646],[-87.43523117591594,64.568873964507],[-85.9871492057011,66.16278418179216],[-83.13871475745891,66.37349279995622],[-81.29496475745891,67.4987293111867],[-84.31351944495891,69.82621344204607],[-86.48843857337688,67.37778814907732],[-89.7355851798222,68.53431280728044],[-93.27116867591594,71.5585437643117],[-96.69965073158001,70.83835943813982],[-96.12698074866985,69.9408450948781],[-92.95613571693157,69.08434637661638],[-96.20792862464641,68.07355078335466],[-101.91296860267376,67.70532568569841],[-105.6359758048222,68.35485418911638],[-107.66202255775188,67.96261938687029],[-112.5025300650761,67.69295843716326],[-115.28510757972454,68.89208563442888],[-117.83234116126751,69.00779303188982],[-122.32606216956829,69.88448675747576],[-125.97399612952923,69.43039282437029],[-127.35170456458782,70.38026007290544],[-131.67297836829877,69.27615698452654],[-135.4391984610722,69.52628668423357],[-137.72852036048627,69.01584204312029],[-143.30757614661908,70.19675024624529],[-145.27254196693158,70.1163822042531],[-156.90474411536908,71.34585913296404],[-160.24033066322065,70.85846289272966],[-164.06718918372846,69.06467779751482],[-166.84352585365033,68.40520819302263],[-163.73874374915815,67.21832617397966],[-168.1797990470097,65.69388922329607],[-166.58603378822065,64.73040350552263],[-160.9394989447178,63.98492305338062]]],[[[-67.61905380775188,76.0189700948781],[-66.54037949134563,75.97068365688982],[-63.65076920081829,76.37993963833513],[-62.44868119723538,76.33836403843989],[-63.35819002201287,78.2356337190557],[-62.81141255638844,81.15595684596342],[-66.85121628333782,80.03850897427263],[-64.62318131019329,79.94921454067888],[-65.48489090491985,79.15823706265154],[-72.38322922279094,78.52572973843279],[-71.88843246986126,77.94943579312029],[-66.1534089713261,77.5531726705617],[-71.05698868324016,77.02849920864763],[-68.18594070960735,76.70160254116716],[-67.61905380775188,76.0189700948781]]],[[[-99.9550447135136,73.26287420864763],[-101.65373703529094,72.373073183257],[-100.31894394447063,72.13972815151872],[-98.37187668372844,71.36996801968279],[-98.47840591956829,71.79854162808122],[-96.35086533118938,72.50115545864763],[-98.39371201087688,73.13058050747576],[-97.08239456702923,73.66727026577654],[-100.91383072425579,73.70812567349138],[-99.9550447135136,73.26287420864763]]],[[[-88.39015671302532,74.99047430630388],[-88.1436433463261,74.56897314663591],[-82.93595596839641,74.68396338101091],[-81.4682511954472,74.5814472066945],[-80.56049057533001,74.91556128140154],[-79.6751374869511,75.21329077358904],[-81.70312210609173,75.8749500143117],[-86.61799332191204,75.432155214507],[-91.15639969398235,75.97433813687029],[-90.0871247916386,76.2875476705617],[-92.78617569495891,76.2402835714406],[-92.09277817298626,75.80506476040544],[-92.16646286536907,75.09879644985857],[-88.39015671302532,74.99047430630388]]],[[[-75.80209824134563,82.6801257955617],[-75.98783970886988,82.34208530365676],[-77.52088638831829,80.74994238491716],[-81.35573288490032,79.90811499233904],[-80.73164841224407,79.6585193502492],[-85.69302078773235,79.71915777798357],[-81.59718033363079,78.75461920376482],[-86.63319107581829,78.29664190884294],[-84.84344193031048,78.15964087124529],[-84.4070939688847,77.63070257778826],[-83.04858109046673,77.63122137661638],[-87.58183762122844,77.46057470913591],[-87.09915634681438,77.28074225063982],[-88.58884140540813,76.46783026333513],[-84.66750809241985,76.46683081265154],[-84.79639908363079,76.8657718526906],[-83.08795639564251,76.47829016323747],[-82.57236191322063,76.69974859829607],[-77.8040666251347,76.72584112759294],[-82.10242935706829,77.31605108853044],[-78.21856400062298,77.57334478970232],[-78.36676498939251,78.03287085171404],[-76.2906388907597,78.01065405483904],[-76.61846634437298,78.29825171108904],[-74.90886398841594,78.82077368374529],[-77.2991609244511,79.28556402798357],[-73.67390152503704,79.5177493917531],[-74.54227158118938,79.894069277007],[-70.4205217032597,80.05044897671404],[-70.51105972816204,80.54539068813982],[-65.29983231116985,81.45840796108904],[-67.85378738929485,81.75201758022966],[-61.989376988904226,82.31192358608904],[-70.91941544105266,82.9315906393117],[-73.22588058997844,82.86053045864763],[-76.2339982657597,82.90875586147966],[-75.80209824134563,82.6801257955617]]],[[[-60.1714630701033,53.29857710058178],[-58.78822689960135,52.57259027862411],[-56.12695583342671,53.46584387832734],[-57.56114288856243,54.13071020718279],[-60.1714630701033,53.29857710058178]]],[[[123.5007008987776,73.50494943844788],[124.54383390453704,71.58610355723228],[130.86731605142418,69.90104204211539],[155.89216029229675,68.16901029658281],[168.13549806605704,67.45778023799447],[171.76813674618367,65.85917681241212],[172.4408476128738,63.07842210456581],[169.48091979943723,61.192640399715565],[170.34409823134902,60.27960975244485],[172.0000868172481,60.85757406826677],[172.4924421639278,61.263324342924975],[177.19034865806842,62.67001303311052],[177.29084304283404,62.48678549404802],[179.2317762703731,62.63853796597185],[178.93163588951373,62.765067659575365],[178.07767775963092,63.42905005093279],[178.40261367271685,63.66409262295427],[178.17650893638873,64.0053211080617],[177.81341079185748,64.0474353658742],[177.08158400963092,64.30297430630388],[175.89977553795123,64.54742773647966],[175.9650526375606,64.90365942593279],[177.1346540779903,64.9274402486867],[177.25146010826373,64.8561054098195],[177.37353042076373,64.76135595913591],[177.8441267342403,64.58320959683122],[179.30910781334185,64.78647192593279],[180,64.95347937222185],[180,65.05193670864763],[180,65.31103094692888],[180,65.38163336392107],[180,65.96313055630388],[180,66.96313055630388],[180,67.96313055630388],[180,68.91989477749529],[175.6109724373653,69.77942999478044],[170.43130019615435,69.55891760464372],[170.9048719734981,69.03432043667497],[167.3200788826778,69.65857275601091],[160.6740370125606,69.27026709194841],[159.4438124031856,69.76456030483904],[159.57267287681842,69.99896582241716],[158.40867141197467,70.81418951626482],[152.13401320884967,70.66443213101091],[148.71085647056842,71.62939795132341],[144.80126479576373,71.5911136495656],[145.6781874031856,71.92672308560076],[144.82036879966998,72.14334448452654],[141.29397109459185,72.78707464810076],[139.04995253990435,72.16382177944841],[139.84789565513873,72.23560675259294],[138.17544082115435,71.3620105611867],[134.24135878990435,71.26194342251482],[130.77927688072467,70.67834051724138],[126.11130050133015,72.28037603970232],[128.52492812584185,72.9523425924367],[123.5007008987776,73.50494943844788]]],[[[-169.8324327140019,66.0245624410695],[-171.9579972891972,66.95566900845232],[-172.82922836829877,66.96141394253435],[-173.43222519447065,67.03428228970232],[-174.19333359290815,66.28795965786638],[-175.51398178626752,67.66881140347185],[-178.89124008704877,68.64245184536638],[-180,68.91692694302263],[-180,67.96313055630388],[-180,66.96313055630388],[-180,65.96313055630388],[-180,65.381618105132],[-180,65.31103094692888],[-180,65.2592273580617],[-178.9750871329472,66.05139502163591],[-177.51186081458783,65.52012213345232],[-176.7827500968144,65.63828619595232],[-175.18715378333783,64.84854467983904],[-173.54488083411908,64.4190936910695],[-173.02515121986127,64.50645788784685],[-173.04314133216596,65.80616339321794],[-171.73003098060346,65.61127050991716],[-171.40962692786908,65.70685156460466],[-171.6685685782597,65.88923987026872],[-170.6126603751347,66.03776129360857],[-170.44873520423627,66.05273779507341],[-169.8324327140019,66.0245624410695]]]]},"properties":{"NAME":"Arctic marine mammal hunters","SUBJECTO":"Arctic marine mammal hunters","PARTOF":"Arctic marine mammal hunters"}},
{"type":"Feature","geometry":{"type":"Polygon","coordinates":[[[-67.48158657100439,-31.655864143664434],[-69.31964832592786,-29.30477628067829],[-68.6165770763261,-26.666495445378],[-67.12255067092232,-25.032037581988202],[-66.09723843191973,-20.13835052013179],[-65.90622541609757,-18.31105888474315],[-66.59524723372101,-19.145123826644383],[-68.13321559222494,-19.349095769782156],[-69.07064392502731,-20.066136698812567],[-70.14768773668087,-20.268219769660544],[-70.11063095618938,-21.74793664340315],[-70.4152497916386,-23.52737466220198],[-70.39814468909954,-25.24891320590315],[-71.23363968421673,-29.519295133393385],[-71.69539352943157,-30.85409013156233],[-71.41605087806438,-32.75256768588362],[-72.62884995033001,-35.64587823275862],[-73.43500992347454,-37.90178338412581],[-73.19384476234173,-39.565369046967604],[-73.75937363197063,-40.243389524262525],[-73.66562363197063,-41.47935906771956],[-73.46355148841594,-41.78677026156721],[-72.72818067052704,-41.55336179549616],[-72.0684836753677,-40.547229038878235],[-69.43682686752817,-37.15902614350158],[-67.64985410812366,-33.57694564055348],[-67.48158657100439,-31.655864143664434]]]},"properties":{"NAME":"Andean hunter-gatherers","SUBJECTO":"Andean hunter-gatherers","PARTOF":"Andean hunter-gatherers"}},
{"type":"Feature","geometry":{"type":"Polygon","coordinates":[[[-69.11474151787864,-51.35236245613261],[-69.04092117835735,-50.56240121249495],[-67.83347031165813,-49.9682125223094],[-67.57759567786907,-49.058533109467604],[-65.78120132972454,-47.71157876376448],[-67.46862503577923,-46.26589242343245],[-66.69494339515423,-45.131103910248854],[-65.65723129798626,-44.94175759677229],[-65.62660690833782,-44.72252313021956],[-64.69799515296673,-43.20144311312971],[-65.08506485511516,-42.78441659335432],[-64.16540237952923,-42.6476673257762],[-64.00108429481243,-42.852947629731275],[-63.62366196204876,-42.56950417880354],[-64.11973663856243,-42.38424722079573],[-64.9920320182011,-42.19338647250471],[-64.92474838783001,-41.73123971347151],[-65.13462540199016,-41.24435464267073],[-62.25975128699993,-40.80290643100081],[-62.4657983451054,-40.36791268710432],[-62.10818192054485,-39.689834989350416],[-62.35104462196087,-39.33307305697737],[-57.80888458778118,-38.386490262787916],[-56.69811340858196,-36.944073118012525],[-57.371693578259695,-36.14943734530745],[-57.236832585828054,-35.58266106967268],[-58.522782292859304,-34.58706323031721],[-57.34773727943157,-34.508438504975416],[-56.33826157142376,-34.99545327548323],[-54.074337926404226,-34.647842801850416],[-52.35066696693157,-32.67519036654768],[-52.14021349238029,-31.740936200871825],[-53.544487162988226,-31.446480334683482],[-54.36473695419029,-30.592916632921295],[-57.352789764997816,-29.680878909474107],[-63.563252469813456,-30.036561103144948],[-67.48158657100439,-31.655864143664434],[-67.64985410812366,-33.57694564055348],[-69.43682686752817,-37.15902614350158],[-72.0684836753677,-40.547229038878235],[-70.57931764813105,-40.57909976037915],[-71.6339245225337,-43.19554606268768],[-72.1905225951351,-45.990119696472405],[-72.04404941813473,-48.76638855343405],[-71.16521035613252,-51.561440909776984],[-69.11474151787864,-51.35236245613261]]]},"properties":{"NAME":"Pampas cultures","SUBJECTO":"Pampas cultures","PARTOF":"Pampas cultures"}},
{"type":"Feature","geometry":{"type":"MultiPolygon","coordinates":[[[[-50.4762849478886,-1.678760803979017],[-48.88569351722454,-1.421139515679457],[-48.55282684852337,-0.632448054593183],[-49.14270493079876,-0.195259444158651],[-50.50141235877727,-0.261749692004301],[-50.4762849478886,-1.678760803979017]]],[[[-70.68184887203134,8.55721593295672],[-65.96541257261946,8.180441590467876],[-63.06524366801216,8.32539786170036],[-61.28992935706829,8.770693384367846],[-61.12109467078899,9.165086351591967],[-62.296898808972585,9.721817575652025],[-62.92532440711712,10.368699632841967],[-62.20323273231243,10.618119798857592],[-64.06826111366009,10.626809679228685],[-64.8836564688847,10.135678850371264],[-66.4781160025761,10.678809725005053],[-68.30246445228313,10.725720964629076],[-68.69460007240032,11.379503809172533],[-69.7429093985722,11.656647287566088],[-69.77518936683391,11.78598555203142],[-69.78696152259563,11.872883402068041],[-69.8699845938847,12.012325845915697],[-70.19743057777141,11.751242243010424],[-69.86523911048626,11.757694803435228],[-69.79154678870891,11.69302614803972],[-71.45634933997844,10.884672723967455],[-71.49555679847454,10.646208368498705],[-71.38124558021282,10.407673441130541],[-71.08939072181438,9.918922983366869],[-70.68184887203134,8.55721593295672]]],[[[-61.759727,16.351109000000122],[-61.695007,15.949165],[-61.55277999999987,16.054443000000106],[-61.581116,16.204720000000123],[-61.225838,16.253052],[-61.522507,16.393055000000118],[-61.49889399999989,16.34861000000012],[-61.54187,16.290249],[-61.7425,16.361111],[-61.759727,16.351109000000122]]],[[[-78.26112839271282,18.255195223051928],[-77.29082962562298,17.805966936308764],[-76.31858536292766,17.903388582426928],[-77.1558503775761,18.397386156279467],[-78.26112839271282,18.255195223051928]]],[[[-66.90559860755657,17.936208330351732],[-65.80848404456829,18.173726640898607],[-67.16167923499798,18.32974203701677],[-66.90559860755657,17.936208330351732]]],[[[-77.09872910072063,20.533275209624193],[-77.46084305335735,19.87143477078142],[-74.27815720130657,20.1515384542531],[-75.75852676917766,20.752248369414232],[-78.17056747962688,22.120128236967943],[-81.43114944984173,23.136655412871264],[-82.95926376868938,23.025355898100756],[-84.43468948890423,22.322982393462084],[-84.35245987464641,21.808261476714037],[-82.85274216224407,22.637816988188646],[-81.6625871329472,22.506841264922045],[-81.79230972816204,22.207803331572435],[-80.77649399329876,22.10189779873552],[-78.51363083411907,21.30576666470232],[-78.15738388587688,20.8170657980031],[-77.09872910072063,20.533275209624193]]],[[[-74.36476608802532,18.377919756132982],[-71.97817703773235,18.262244783598803],[-71.40075394202923,17.70413168545427],[-70.62097641517376,18.506677232939623],[-68.4588288932011,18.4985786306447],[-68.6568498282597,18.873176180083178],[-70.88160416175579,19.929931246001146],[-73.35536667396282,19.657699190337084],[-72.67646500159954,19.39217909451189],[-72.69836136390423,18.9408393728322],[-72.29777237464641,18.66201552029314],[-74.36476608802532,18.377919756132982]]]]},"properties":{"NAME":"Caribbean hunter-gatherers","SUBJECTO":"Caribbean hunter-gatherers","PARTOF":"Caribbean hunter-gatherers"}},
{"type":"Feature","geometry":{"type":"MultiPolygon","coordinates":[[[[-70.49821945716594,-54.92306558017073],[-69.6717195182011,-54.77409402255354],[-65.26215836097454,-54.81925240878401],[-66.98282333900188,-54.34066430453596],[-68.70525833656048,-53.23463097934065],[-68.30537888099407,-52.94305077914534],[-69.40672012855266,-52.56648675326643],[-70.33333298255657,-53.47274438266096],[-69.4406633048222,-53.411072171967604],[-70.04246231605266,-53.98573724154768],[-69.05546280433391,-54.60197869662581],[-70.49821945716594,-54.92306558017073]]],[[[-74.23627182533001,-43.36826363925276],[-73.69581314613079,-43.38647881869612],[-73.83051773597454,-42.56413308505354],[-73.45523544837688,-42.26160851840315],[-74.16859909583782,-42.34649316195784],[-74.23627182533001,-43.36826363925276]]],[[[-73.24332901527141,-52.57389108065901],[-73.08035751868938,-53.03203622226057],[-72.96489426185344,-52.79915276889143],[-72.84486099769329,-52.64614907626448],[-73.24332901527141,-52.57389108065901]]],[[[-69.11474151787864,-51.35236245613261],[-71.16521035613252,-51.561440909776984],[-72.04404941813473,-48.76638855343405],[-72.1905225951351,-45.990119696472405],[-71.6339245225337,-43.19554606268768],[-70.57931764813105,-40.57909976037915],[-72.0684836753677,-40.547229038878235],[-72.72818067052704,-41.55336179549616],[-72.58717819740032,-41.61827508334456],[-72.60860153724407,-41.99678460482893],[-72.46592423011516,-42.03499261264143],[-72.52966019202923,-43.0627063882762],[-72.76007553626751,-44.369339383881666],[-72.58269974281048,-44.43984643344221],[-73.13770004798626,-45.344314969819166],[-73.04726120521282,-45.37648812655745],[-73.96972366859173,-46.71342507724104],[-73.99523636390423,-46.48629800204573],[-74.42934891273235,-46.53258553866682],[-74.04179855872844,-46.09079781894026],[-75.44431015540813,-46.62543145541487],[-75.02187058021282,-46.553223050873854],[-74.86196610023235,-46.819073118012525],[-73.97875687171673,-47.0317005289012],[-74.38108536292766,-47.42256585482893],[-74.29662796546673,-47.76078835849104],[-73.36047073890423,-47.97384683017073],[-73.96308609534954,-49.24083367709456],[-73.93245407630657,-49.99314156894026],[-73.93423172523235,-50.5060543191844],[-73.53017136146282,-50.432861722748854],[-74.20847794105266,-51.02063409213362],[-73.67884537269329,-51.2307857644969],[-73.77848526527141,-51.614231504242994],[-73.25848862220501,-51.705818570893385],[-73.1069230704472,-52.10275308017073],[-72.44915482093548,-52.16112939242659],[-72.21230789710735,-52.57189217929182],[-71.67799850990032,-52.64390984896956],[-72.75086685706829,-53.137833036225416],[-71.15202042152141,-52.96183053378401],[-71.44228836585735,-53.88161126498518],[-70.73358627845501,-52.80150643710432],[-69.4830217032597,-52.360935605805494],[-68.4558992057011,-52.420181669037916],[-69.07692429115032,-51.49934808139143],[-69.11474151787864,-51.35236245613261]]]]},"properties":{"NAME":"Patagonian shellfish and marine mammal hunters","SUBJECTO":"Patagonian shellfish and marine mammal hunters","PARTOF":"Patagonian shellfish and marine mammal hunters"}},
{"type":"Feature","geometry":{"type":"Polygon","coordinates":[[[-48.796904749948716,-28.475548314302703],[-48.586300817029226,-27.210539258759596],[-48.77539536048626,-26.385036863129713],[-48.51618668128704,-25.87625161532698],[-48.721756902234304,-25.533623136323072],[-46.20621201087688,-23.882822431367018],[-45.459210362927664,-23.855831540864088],[-44.561295476453054,-22.989857114594557],[-43.81523987342571,-22.95650712374983],[-43.236432647623026,-23.031526977456625],[-42.98377110126153,-22.56637311422683],[-43.27671745526228,-21.589111335510133],[-45.94252927666899,-21.75245598059426],[-49.48718016007792,-24.553337158794967],[-49.83871578487881,-26.797313680361846],[-48.796904749948716,-28.475548314302703]]]},"properties":{"NAME":"Shellfish gatherers","SUBJECTO":"Shellfish gatherers","PARTOF":"Shellfish gatherers"}},
{"type":"Feature","geometry":{"type":"Polygon","coordinates":[[[-65.90622541609757,-18.31105888474315],[-66.09723843191973,-20.13835052013179],[-67.12255067092232,-25.032037581988202],[-68.6165770763261,-26.666495445378],[-69.31964832592786,-29.30477628067829],[-67.48158657100439,-31.655864143664434],[-63.563252469813456,-30.036561103144948],[-57.352789764997816,-29.680878909474107],[-54.36473695419029,-30.592916632921295],[-53.544487162988226,-31.446480334683482],[-52.14021349238029,-31.740936200871825],[-52.04218765784954,-31.556572355073072],[-51.445416417615164,-31.015394605439283],[-51.23235413123821,-30.265360273163893],[-50.60855194617962,-30.302172101777174],[-51.11682220985149,-31.472069181244947],[-49.93631836463665,-29.627403653901197],[-48.796904749948716,-28.475548314302703],[-49.83871578487881,-26.797313680361846],[-49.48718016007792,-24.553337158794967],[-45.94252927666899,-21.75245598059426],[-43.27671745526228,-21.589111335510133],[-42.98377110126153,-22.56637311422683],[-43.236432647623026,-23.031526977456625],[-41.95784470130657,-22.92082253817854],[-40.983502355115164,-22.08642999057112],[-40.932816472546804,-21.279411710541822],[-39.69133850623821,-19.40879670504866],[-39.48419663001751,-17.99783364657698],[-39.16210266639446,-17.736639417451002],[-38.94815537025188,-16.001592077057936],[-39.126217809216726,-14.324533857148268],[-38.508831944958914,-12.798260129731275],[-38.38593002845501,-12.982259191315748],[-37.18652435828899,-10.844699300568678],[-35.5985994010136,-9.627626813691236],[-35.114186254040945,-8.660737432282545],[-34.91841599036907,-7.167046941559889],[-35.305680242078054,-5.750867761414625],[-35.66476532508587,-5.17974463824568],[-37.180600133435476,-4.954271711152174],[-37.88789123444673,-4.393015496284502],[-39.937129019653874,-8.292022806582523],[-48.31539474407497,-13.923762636310581],[-51.537804638083095,-14.378252212655624],[-60.26760598730509,-13.809999263181787],[-64.1940629085568,-14.694582386569342],[-64.66180129731615,-16.804676207468987],[-65.90622541609757,-18.31105888474315]]]},"properties":{"NAME":"Savanna hunter-gatherers","SUBJECTO":"Savanna hunter-gatherers","PARTOF":"Savanna hunter-gatherers"}},
{"type":"Feature","geometry":{"type":"Polygon","coordinates":[[[-64.1940629085568,-14.694582386569342],[-60.26760598730509,-13.809999263181787],[-51.537804638083095,-14.378252212655624],[-48.31539474407497,-13.923762636310581],[-39.937129019653874,-8.292022806582523],[-37.88789123444673,-4.393015496284502],[-40.23088928748821,-2.8512109888011],[-42.31647202064251,-2.817604697983839],[-43.33403870155071,-2.432190097611524],[-44.58399055999075,-3.326346507598112],[-45.37494571579276,-3.165484550148441],[-49.06606977620206,-4.743578120004467],[-54.16333633581491,-4.626791146196514],[-56.33113935542037,-4.334740468715777],[-58.44035310422569,-2.287649024474563],[-57.97163893782451,-0.589157846288572],[-55.80383591821904,0.875529465609527],[-55.8624251890192,1.695565793857857],[-58.55753164582598,3.977596077854006],[-62.65878060183632,4.152921580887431],[-66.40849393304576,3.041936481420927],[-70.15820726425522,-5.735421450211085],[-69.04501111905242,-8.235853806057],[-64.1940629085568,-14.694582386569342]]]},"properties":{"NAME":"Amazon hunter-gatherers","SUBJECTO":"Amazon hunter-gatherers","PARTOF":"Amazon hunter-gatherers"}},
{"type":"Feature","geometry":{"type":"Polygon","coordinates":[[[-120.13217009553428,34.518639095266465],[-118.60435196449016,34.096419893462084],[-117.49671646644329,33.325431429106615],[-115.60230728675579,29.685151659209154],[-114.06728836585735,28.42289312954607],[-114.47785660316204,27.243947588164232],[-112.41098496009563,26.19277151699724],[-112.16581436683391,25.010667406279467],[-110.79756638099407,24.8800483572072],[-112.86987015296673,28.334659181792162],[-114.68277451087688,30.14322432156267],[-114.83865067054485,31.815496050078295],[-113.05207535316204,31.13870009060564],[-112.65433212806438,29.918511949736498],[-111.69163223792766,28.49610289211931],[-110.527470351751,27.76204872367678],[-109.93666030813027,28.204353485407555],[-107.5637948407243,27.76457612510461],[-104.22420640511586,25.115656057798073],[-100.35731453230613,23.969822801072763],[-97.82254501868938,24.20810469265642],[-97.25996109534954,25.811372362334154],[-97.63229843665813,27.228431307036303],[-97.20648541578431,28.073580382344584],[-98.18951151270068,29.180839383625194],[-104.51715275911663,33.873009655417874],[-111.54786525513434,41.64185091509596],[-111.66773503433551,41.93525523128791],[-119.01799728215308,43.11329780515409],[-120.47361831890835,43.5702362219749],[-121.36156811415898,39.68662126087367],[-120.13217009553428,34.518639095266465]]]},"properties":{"NAME":"Desert hunter-gatherers","SUBJECTO":"Desert hunter-gatherers","PARTOF":"Desert hunter-gatherers"}},
{"type":"Feature","geometry":{"type":"Polygon","coordinates":[[[-120.47361831890835,43.5702362219749],[-119.01799728215308,43.11329780515409],[-111.66773503433551,41.93525523128791],[-114.12579317034083,47.95182480671353],[-114.46737387359948,51.99955012922175],[-115.03392686774305,52.03295961287972],[-125.6971741533699,55.193958165256824],[-128.5879066342332,55.05741560353968],[-124.75974582056752,52.44778520770332],[-120.48272905215676,48.962018954129185],[-120.30696123975633,44.29914221354117],[-120.47361831890835,43.5702362219749]]]},"properties":{"NAME":"Plateau fichers and hunter gatherers","SUBJECTO":"Plateau fichers and hunter gatherers","PARTOF":"Plateau fichers and hunter gatherers"}},
{"type":"Feature","geometry":{"type":"MultiPolygon","coordinates":[[[[-132.62077805091596,55.75095327969255],[-133.26630112220502,55.83106192227068],[-133.01601120521283,55.371032320219896],[-132.17378708411908,54.84630926724138],[-132.68808456947065,55.64917715664568],[-132.62077805091596,55.75095327969255]]],[[[-129.85166667284474,54.99772241705144],[-130.00363632728315,53.93796118374529],[-127.55576798011516,52.16784247036638],[-127.24746414710735,50.96811636563005],[-124.93922134925579,50.595809541899584],[-124.79498764564251,50.03529318447771],[-122.60556503822063,48.83472784634294],[-122.8260392813847,48.023482881743334],[-124.6752824454472,48.38582571621599],[-123.99469467689251,45.76409491177263],[-124.62967392493938,43.013995729643725],[-124.15260788490032,41.58015020962419],[-124.36481186439251,40.33432348843279],[-123.79630753089641,39.03041037197771],[-121.93205734779094,37.00897558804216],[-121.92680069495891,36.33826788540544],[-120.13217009553428,34.518639095266465],[-121.36156811415898,39.68662126087367],[-120.47361831890835,43.5702362219749],[-120.30696123975633,44.29914221354117],[-120.48272905215676,48.962018954129185],[-124.75974582056752,52.44778520770332],[-128.5879066342332,55.05741560353968],[-129.85166667284474,54.99772241705144]]],[[[-126.56312271644329,49.572249971587084],[-125.89224716712688,49.37682684536638],[-125.77978226234173,49.08870657559099],[-124.99902817298626,49.16885336514177],[-125.0977677970097,48.79537924404802],[-123.59341904212688,48.634723268706225],[-125.7185945182011,50.40942724819841],[-128.34309860755658,50.66847189541521],[-126.52219864417766,49.82167013760271],[-126.56312271644329,49.572249971587084]]]]},"properties":{"NAME":"North American Pacifi foraging, hunting and fishing peoples","SUBJECTO":"North American Pacifi foraging, hunting and fishing peoples","PARTOF":"North American Pacifi foraging, hunting and fishing peoples"}},
{"type":"Feature","geometry":{"type":"MultiPolygon","coordinates":[[[[46.46436217735554,-15.85676518801985],[44.45442870567585,-16.242399610322096],[43.97164824913288,-17.552675641816236],[44.39421752403523,-18.79112283114729],[44.410498651964915,-19.26775971774397],[44.53573897789265,-19.36917344455061],[44.47033599327351,-20.17013780001936],[43.291262659533274,-22.409847654145338],[43.65536788414265,-23.051014341157057],[43.78472808311726,-23.266834653657057],[43.727191004259836,-24.353788770478346],[43.980994257433665,-24.62655679110823],[44.036761316759836,-24.988716520112135],[45.576182398302805,-25.62107697848616],[47.25847915123249,-24.765831388276197],[48.087378534777415,-22.04376069430647],[49.898238214953196,-16.4595455301219],[49.684981379015696,-16.046881116669752],[50.503340754015696,-15.314229406159498],[50.25442031334187,-14.774549878876783],[49.97618773887898,-13.300679601471998],[49.176333460314524,-12.266468442719557],[48.75133803795124,-13.417710698884108],[47.81254867027546,-14.627255834382154],[47.88371947716023,-14.716083921235182],[47.24464324425007,-15.365706838410475],[46.46436217735554,-15.85676518801985]]],[[[44.136579672502506,1.151131692540679],[42.540379255011075,1.263781398355505],[40.85860208828577,0.322086976400683],[40.4549755682717,-1.3595608910117],[39.479544811571024,-2.468897035586251],[38.773198401546395,-2.267256227148658],[36.01508384811689,1.297408540251279],[33.92968016137751,2.843586349070006],[22.224511080969368,6.196195772852339],[12.604745687300603,7.731968465838291],[5.359488992633966,5.368345627897537],[5.354585680468329,5.362343393523119],[5.606589827044257,4.632113062102221],[6.844479593737372,4.291642271239184],[8.298690828783759,4.555330358702562],[8.262993845446356,4.745887361723803],[8.327965769274481,4.841343008238695],[8.874658617480048,4.620119177061937],[9.032190355761298,4.137507520872973],[9.650894197924384,4.018121801573656],[9.780175241930731,3.853175722319506],[9.851344141466864,1.87705787296953],[9.557406458361395,1.126579128462694],[9.622189554674872,1.088586412627123],[9.64398482750202,0.955186568457506],[9.565582308275946,0.611869775015734],[9.602188143236884,0.332348339516543],[9.854229006273993,0.17403309817972],[9.883252176745184,0.078766025859736],[9.473350557787665,0.116013907153032],[8.981377634508856,-1.098785198968031],[9.111855539782294,-1.352692641060926],[9.320650133593329,-1.415781296532728],[9.465267214281806,-1.593399680893995],[9.656445536120184,-2.419099487107374],[9.893924746020087,-2.443995393555738],[10.060082468493231,-2.570729650300123],[10.524656328661688,-3.23696366671858],[10.641218218310126,-3.446424878876783],[11.134011301501044,-3.915594733994581],[11.772603067858466,-4.536981023591139],[12.671483072741278,-6.695635236542799],[12.795710596544989,-6.860588945191481],[12.877001795275458,-7.051051534455397],[12.968592676623114,-7.514751828950025],[13.167040857775458,-7.844777501862623],[13.387093576891669,-8.15567819003401],[13.476829561693915,-8.416032232087233],[13.431432756884345,-8.82282964114485],[13.083758387072333,-9.287485517304518],[13.418027910692938,-9.985778249543287],[13.639446291430243,-10.30304089907942],[13.729883226855048,-10.544334806244947],[13.816288980944403,-10.976270116608717],[13.649036440356024,-12.196759618561842],[12.585389170153388,-13.463659681122877],[11.782002481920966,-15.867509282868483],[11.774609598620184,-17.59605256442366],[12.079512629015692,-18.49144021395979],[12.52433207939411,-19.062439359467604],[13.957572016222723,-21.690342344086744],[14.415466341479071,-22.267668165009596],[14.53272059868122,-22.49620095614729],[14.576767954333075,-22.731251157563307],[14.396092447741278,-23.074791349213697],[14.90903666923786,-25.01834908847151],[15.075613054735907,-26.606766141694166],[15.659789118273505,-27.889295972626783],[16.5301618904903,-28.77085152987776],[16.788300547106513,-29.138924039643385],[17.5665388436153,-30.827820218842604],[17.903866800768622,-31.291069425385572],[18.178561243517645,-31.805298246186354],[18.335690531237372,-32.338821805756666],[17.927741083605536,-33.09596673373518],[18.073050531847723,-33.22279015902815],[18.45907500694538,-33.832127012055494],[18.346327814562567,-34.34715691928206],[18.57026771019245,-34.19417230014143],[18.72423842857624,-34.21926537875471],[18.840062174303778,-34.435120023530104],[19.18137267540241,-34.4217151773387],[19.279349359972723,-34.504131711762525],[19.883807215197333,-34.99228707675276],[22.681775125963934,-34.10311547641096],[24.429938349230536,-34.33470193270979],[26.658656153185614,-33.84707299594221],[28.921853098376044,-32.29790917758284],[32.39324859092976,-28.37544671420393],[32.30343535850788,-28.134109891694166],[32.91596892784382,-26.518461622040846],[32.499712976916086,-26.06808701876936],[33.347266230089915,-25.303612149994947],[34.58479979942585,-24.875175870698072],[35.500865015490305,-24.085165418427565],[35.29743102501179,-23.825008786957838],[35.53088286827351,-22.45806733493147],[35.51175979088093,-22.184820569794752],[35.371436151964915,-22.280451215546705],[35.260760340197336,-22.274328626435377],[35.23384765098835,-22.20447961215315],[35.20164779136921,-21.950323499482252],[34.99418929527546,-21.270725644867994],[35.03266814659382,-21.188030637543775],[34.67331984947468,-20.51510850314436],[34.72620299766804,-19.860380567353346],[37.27531722496296,-17.713161863129713],[39.795062098009836,-16.423971570771315],[40.57406905601765,-15.481702245514967],[40.527442011339915,-15.183100141327955],[40.85543731163288,-14.699382222931959],[40.59920791099812,-14.401239789765455],[40.6008634896114,-14.032622731965162],[40.60333159874226,-13.530550397675611],[40.36584380577351,-12.990858472626783],[40.392519983752024,-11.548167623322584],[40.311343225939524,-11.344973005097486],[40.5364103646114,-11.02673474673567],[39.6576147408321,-9.795738614838697],[39.391829523546946,-8.735015310090162],[39.40043166588093,-8.309211171906568],[39.270125421984446,-7.801093496125318],[39.437205347521555,-7.330470002930738],[39.55541900108601,-7.171341337006666],[38.921526941759836,-6.340208925049879],[39.26727202842976,-4.776162542145826],[40.23441604088093,-3.191706575196363],[41.65220168541218,-1.752453006547071],[41.6073217720821,-1.593676365655043],[43.724307093127024,0.800251446921251],[44.136579672502506,1.151131692540679]]]]},"properties":{"NAME":"Khoiasan","SUBJECTO":"Khoiasan","PARTOF":"Khoiasan"}},
{"type":"Feature","geometry":{"type":"Polygon","coordinates":[[[32.879012053950184,12.47057777553059],[30.599761371261398,11.115971520296771],[24.074465964367207,11.181973046384048],[23.19994183767005,11.775300538947805],[20.441827284240546,11.972795349850172],[17.750983817480044,12.82691062976631],[8.26576059714931,12.367349972804174],[2.345904970276228,13.285633546771772],[-6.264794123357348,13.351095379469161],[-13.395529310272655,14.916671886604806],[-16.87041946937298,14.363524996001146],[-16.640429463879816,13.842927538115404],[-16.47089096595501,13.722545229155443],[-16.458260503308527,13.601410471159838],[-16.452353444592706,13.54464968319597],[-16.49428078223919,13.474656664091967],[-16.767117467419855,13.35967596646013],[-16.57060143043255,12.311540209013842],[-16.27898880531048,12.210499368864916],[-16.086015668408624,11.969427667815111],[-15.098965611951105,11.81267889614763],[-15.341422048108331,11.221154772002123],[-15.029396024243585,11.15828665371599],[-14.966219869153253,10.847027384001635],[-14.574861493603937,10.784330927092455],[-14.466443028943292,10.333368860442064],[-13.680051770703546,9.91564520474138],[-13.281672444836847,9.27468355770769],[-13.141406980054132,9.0271488058156],[-13.14486786414837,8.722107492644213],[-12.927251782910577,8.627264581877611],[-12.91199776221966,8.557393633086107],[-12.990156140820734,8.455546938139818],[-13.212491002576105,8.347035967070482],[-13.044136968152277,8.13769110317888],[-12.27409264137005,7.630976759154223],[-12.046761479871027,7.262896143156908],[-9.93726345588421,5.863056265074633],[-9.247899022595636,5.17188414211931],[-7.528605428235284,4.336791597563646],[-4.999971356885187,5.238270841795824],[-2.803544488446466,5.185831152159594],[-2.716545787350885,5.039863668639086],[-2.031221595303766,4.698200784880541],[1.557863506777533,6.237427316862963],[3.949497255785712,6.579388700682543],[5.095240149004706,5.755762659270189],[5.152887854082831,5.641512953001879],[5.383361372454413,5.610234342772387],[5.44819215248371,5.476928793150805],[5.359488992633966,5.368345627897537],[12.604745687300603,7.731968465838291],[22.224511080969368,6.196195772852339],[33.92968016137751,2.843586349070006],[36.01508384811689,1.297408540251279],[38.773198401546395,-2.267256227148658],[39.479544811571024,-2.468897035586251],[40.4549755682717,-1.3595608910117],[40.85860208828577,0.322086976400683],[42.540379255011075,1.263781398355505],[44.136579672502506,1.151131692540679],[44.300696405871165,1.290809475142382],[46.36050322960163,2.667831026274584],[48.4715795845821,5.201433740813158],[49.82292464683796,7.695211969572924],[49.77715209434773,7.853968225676439],[50.77938369224812,9.36842020626726],[51.12975982139851,10.709877573210619],[51.070254358752024,10.989321314055346],[51.06053451011921,11.2434573995656],[50.69729140709187,11.94795950527849],[49.3035002083614,11.246025644499682],[47.39071181724812,11.159307085234545],[44.28083709190632,10.396465860564135],[43.36809447716023,11.455634676176928],[42.5553312630489,11.568253122527025],[42.8099584908321,11.778485857207201],[43.47482207725788,12.097622476775072],[42.35496428927535,13.270696245149416],[40.474884875857306,13.054716835155183],[38.30499949893068,13.221631094918767],[37.804256719639916,14.22311665350029],[38.30499949893068,15.057687952318227],[39.51792815646285,15.463048540071291],[40.73913863619918,14.919243417695803],[42.078978571501914,13.86101397128467],[40.739138636095774,14.919243417937182],[39.517928156359446,15.46304854031267],[39.23590702458268,16.248613143243993],[35.82926599345835,14.223975272058462],[35.71782847259508,13.221631094918767],[35.38399995306791,12.804345445509801],[32.879012053950184,12.47057777553059]],[[39.14318937822596,9.06293447268527],[38.605020684873864,6.597308569790442],[35.57782178476831,5.527006069275479],[33.02152049134584,6.864538013373648],[32.34880962465572,9.527647378549165],[34.23240005138806,11.70943726607304],[37.125056778155596,11.64355829727965],[39.14318937822596,9.06293447268527]]]},"properties":{"NAME":"West African cereal farmers","SUBJECTO":"West African cereal farmers","PARTOF":"West African cereal farmers"}},
{"type":"Feature","geometry":{"type":"Polygon","coordinates":[[[35.61630156944538,23.835347734648607],[35.189864191515696,24.39991911526384],[35.1898641916191,24.399919115022463],[33.657230668213316,24.017988632918694],[33.345321283718846,23.354044941061307],[34.41212209908663,20.536223672245036],[34.551252367032575,20.183338169145948],[37.135740918059156,21.128125569264505],[37.12776854942585,21.227176271635912],[35.74630263756062,22.914340578276537],[35.468489679796946,23.720668398100756],[35.48792937706257,23.790595613676928],[35.61630156944538,23.835347734648607]]]},"properties":{"NAME":"Blemmyes","SUBJECTO":"Blemmyes","PARTOF":"Blemmyes"}},
{"type":"Feature","geometry":{"type":"Polygon","coordinates":[[[-110.527470351751,27.76204872367678],[-108.01261612454302,24.981280885652346],[-105.53994461575395,22.284598909333987],[-104.94791122952348,19.43783911319141],[-103.49393936673052,18.353892885164065],[-101.99260422268755,18.02653082461719],[-101.22077652493364,17.41792257876758],[-97.88092514553911,16.052028261140627],[-96.33293625393755,15.750238977388186],[-95.13016983548052,16.299468599275393],[-93.58785745347076,15.741059799465255],[-92.93793796123093,18.586177050813347],[-94.24197098294145,18.240150056794924],[-96.01226517239458,18.929256044343752],[-97.50419327298052,21.189153276399416],[-97.88202377835161,22.33262213321094],[-97.82254501868938,24.20810469265642],[-100.35731453230613,23.969822801072763],[-104.22420640511586,25.115656057798073],[-107.5637948407243,27.76457612510461],[-109.93666030813027,28.204353485407555],[-110.527470351751,27.76204872367678]],[[-99.01583000798952,16.823658789072727],[-99.21086907210979,17.71051420984094],[-97.06147096809973,18.057191323390946],[-95.43208853441469,17.433172519000934],[-95.50142395712469,16.53181202377091],[-96.43745216370972,16.219802621575905],[-99.01583000798952,16.823658789072727]],[[-100.75496856900385,19.588321153542026],[-100.49357439224482,20.899943654501016],[-99.10686593804479,20.58628340890815],[-98.48284713365477,19.802132794925985],[-99.14153364939979,18.92388410726597],[-100.75496856900385,19.588321153542026]]]},"properties":{"NAME":null,"SUBJECTO":null,"PARTOF":null}},
{"type":"Feature","geometry":{"type":"Polygon","coordinates":[[[-99.01583000798952,16.823658789072727],[-96.43745216370972,16.219802621575905],[-95.50142395712469,16.53181202377091],[-95.43208853441469,17.433172519000934],[-97.06147096809973,18.057191323390946],[-99.21086907210979,17.71051420984094],[-99.01583000798952,16.823658789072727]]]},"properties":{"NAME":"Monte Albán","SUBJECTO":"Monte Albán","PARTOF":"Monte Albán"}},
{"type":"Feature","geometry":{"type":"Polygon","coordinates":[[[-100.75496856900385,19.588321153542026],[-99.14153364939979,18.92388410726597],[-98.48284713365477,19.802132794925985],[-99.10686593804479,20.58628340890815],[-100.49357439224482,20.899943654501016],[-100.75496856900385,19.588321153542026]]]},"properties":{"NAME":"Teotihuacán","SUBJECTO":"Teotihuacán","PARTOF":"Teotihuacán"}},
{"type":"Feature","geometry":{"type":"Polygon","coordinates":[[[-94.11755719209039,29.69269900006508],[-92.11670395423626,29.54163511868181],[-90.77903458167766,29.10867270107927],[-89.79210200155227,30.68973632239321],[-90.34173529453497,30.925773467015734],[-90.65505719689362,33.44791858687658],[-92.21718092906745,33.31780678142776],[-92.21718092906744,33.31780678142776],[-93.81063971894163,31.93751942254124],[-94.11755719209039,31.64329290658055],[-94.11755719209039,29.69269900006508]]]},"properties":{"NAME":"Marksville Culture","SUBJECTO":"Marksville Culture","PARTOF":"Marksville Culture"}},
{"type":"Feature","geometry":{"type":"Polygon","coordinates":[[[-94.28169914074626,35.131473873694475],[-95.6350421677286,35.15984866034117],[-96.25966202633586,34.61903980822385],[-95.46153665144882,33.03363979660468],[-96.03840472819097,33.00518699946115],[-96.04269760186028,32.99355526945035],[-94.32545774733421,32.64423611849725],[-93.81063971894163,31.93751942254124],[-92.21718092906744,33.31780678142776],[-92.21718092906745,33.31780678142776],[-94.28169914074626,35.131473873694475]]]},"properties":{"NAME":"Fourche Maline Culture","SUBJECTO":"Fourche Maline Culture","PARTOF":"Fourche Maline Culture"}},
{"type":"Feature","geometry":{"type":"Polygon","coordinates":[[[-93.81063971894163,31.93751942254124],[-94.32545774733421,32.64423611849725],[-96.04269760186028,32.99355526945035],[-95.46949781042882,31.691977974824947],[-94.11755719209039,31.64329290658055],[-93.81063971894163,31.93751942254124]]]},"properties":{"NAME":"Mill Creek Culture","SUBJECTO":"Mill Creek Culture","PARTOF":"Mill Creek Culture"}},
{"type":"Feature","geometry":{"type":"Polygon","coordinates":[[[-80.89708218391326,32.03661395178849],[-82.12058086357139,33.0513719058266],[-82.39244167760887,34.14240281862365],[-84.95040479150703,34.38750509919219],[-85.76985854969445,34.15964368399752],[-85.76578306622477,34.145613602136706],[-86.84201419633506,32.648157511010105],[-86.84201419633506,32.6481575110101],[-87.30488782067145,31.300469306034106],[-85.3047761588261,29.66390761013689],[-83.69569781017358,29.873429869391458],[-82.76524493838717,30.4158185899654],[-81.37607316258789,30.002611410916185],[-81.51154800941204,30.72724875088396],[-80.89708218391326,32.03661395178849]]]},"properties":{"NAME":"Swift Creek Culture","SUBJECTO":"Swift Creek Culture","PARTOF":"Swift Creek Culture"}},
{"type":"Feature","geometry":{"type":"Polygon","coordinates":[[[-88.07291694333584,35.10967018947695],[-89.79333077815174,35.277192949638795],[-90.62170358853251,34.17085518430479],[-89.6552686430883,33.39630727608393],[-88.37819389375134,33.19435830572942],[-88.07291694333584,35.10967018947695]]]},"properties":{"NAME":"Miller","SUBJECTO":"Miller","PARTOF":"Miller"}},
{"type":"Feature","geometry":{"type":"MultiPolygon","coordinates":[[[[-90.70602507539087,50.27036072336172],[-91.15296676137024,50.63623512890684],[-93.99423890795336,50.63623512890684],[-95.2712151536087,51.11967292342198],[-96.19702293170879,52.38441654763727],[-95.2712151536087,53.85941949539503],[-97.09090630366754,55.06542644067235],[-101.04953266519907,54.624267891019755],[-101.20915469590598,53.27167171471017],[-98.7190510168781,52.2282580087958],[-97.15475511595031,50.412981473886106],[-97.28245274051582,49.571529866513146],[-96.93128427296064,48.54652624427342],[-95.6223836211639,47.715567786973736],[-94.5052648907058,47.38643102366744],[-93.64307044039813,47.1324026173954],[-91.15034487499999,47.3676057],[-89.5166857,48.003690725],[-88.251699925,48.9320861],[-88.20465884999999,48.9764595],[-89.93983932799766,49.03028306411901],[-91.07804464695577,49.94774019877888],[-90.70602507539087,50.27036072336172]]],[[[-83.49110928743823,47.457180821886546],[-84.38499265939697,48.33474153052584],[-86.46007905858689,48.94648637594909],[-85.026610175,47.939546825],[-84.442197375,46.817028875],[-87.27262622500001,46.51189025],[-89.09018825000001,46.96017965],[-87.67320649195945,46.454868829512804],[-87.19702427872033,45.567626164254214],[-85.38184874999999,46.07483505],[-84.95189925,45.408151925],[-86.10292376807149,44.76138937802109],[-84.18232252499999,45.599460525],[-83.08785307070116,46.18516762384464],[-83.49110928743823,47.457180821886546]]]]},"properties":{"NAME":"Laurel complex","SUBJECTO":"Laurel complex","PARTOF":"Laurel complex"}},
{"type":"Feature","geometry":{"type":"Polygon","coordinates":[[[-88.07291694333584,35.10967018947695],[-88.37819389375134,33.19435830572942],[-88.53914790150893,32.822254055849356],[-86.99379038135059,32.822254055849356],[-86.84201419633506,32.648157511010105],[-85.76578306622477,34.145613602136706],[-85.76985854969445,34.15964368399752],[-85.84857007623326,34.430612556511434],[-86.30389863127989,34.929856207120274],[-88.07291694333584,35.10967018947695]]]},"properties":{"NAME":"Copena","SUBJECTO":"Copena","PARTOF":"Copena"}},
{"type":"Feature","geometry":{"type":"Polygon","coordinates":[[[-86.99379038135059,32.822254055849356],[-88.53914790150893,32.822254055849356],[-89.67002743024211,31.784756743597836],[-89.19392789844542,30.958661261841772],[-88.03456589271282,30.67939146633806],[-87.30488782067145,31.300469306034106],[-86.84201419633506,32.6481575110101],[-86.99379038135059,32.822254055849356]]]},"properties":{"NAME":"Porter","SUBJECTO":"Porter","PARTOF":"Porter"}},
{"type":"Feature","geometry":{"type":"Polygon","coordinates":[[[-83.744069025,43.62067997499999],[-84.77309296795586,43.382835851404835],[-86.453372075,44.1299426],[-86.48774414702659,44.01941582197994],[-86.37180935,42.248191925],[-87.025077275,41.686106025],[-87.224453225,41.634622675],[-87.37512542499998,41.6343834],[-87.3527604172662,41.16704376310566],[-86.52245539159752,40.7377557500894],[-85.70176684717302,41.69622583863446],[-84.73834009141564,41.72388710934679],[-83.744069025,43.62067997499999]]]},"properties":{"NAME":"Goodall Focus","SUBJECTO":"Goodall Focus","PARTOF":"Goodall Focus"}},
{"type":"Feature","geometry":{"type":"Polygon","coordinates":[[[-79.63698735000001,42.853085675],[-80.52042584293034,44.59600142498459],[-81.7186113,44.1385907],[-82.16555501439318,43.08397202876816],[-81.85864319883927,42.26409348709729],[-79.63698735000001,42.853085675]]]},"properties":{"NAME":"Saugeen Complex","SUBJECTO":"Saugeen Complex","PARTOF":"Saugeen Complex"}},
{"type":"Feature","geometry":{"type":"Polygon","coordinates":[[[-84.73834009141564,41.72388710934679],[-83.6631439247281,40.60754939982846],[-82.27534759106281,40.91314375699184],[-81.945160475,41.50875625],[-82.76848823266988,42.266939539534235],[-82.46467445,43.195435275],[-83.744069025,43.620679975],[-83.744069025,43.62067997499999],[-84.73834009141564,41.72388710934679]]]},"properties":{"NAME":"Couture Complex","SUBJECTO":"Couture Complex","PARTOF":"Couture Complex"}},
{"type":"Feature","geometry":{"type":"Polygon","coordinates":[[[-70.8710485562432,47.05010140305908],[-74.19036752877825,47.96567636392756],[-76.05577121730131,47.307967189135894],[-80.29956063279727,45.94788202072047],[-80.29163770076619,44.52322332422944],[-79.36747918639476,43.614815893580676],[-77.622794675,44.010243675],[-76.18122681577438,43.61259738760005],[-75.59433951057669,43.680332380651976],[-74.58170374184706,43.82250601082017],[-73.08158159174988,44.75623330755017],[-70.55963710752852,45.30934303536085],[-70.0378554901034,46.17416905131091],[-70.8710485562432,47.05010140305908]]]},"properties":{"NAME":"Point Peninsula","SUBJECTO":"Point Peninsula","PARTOF":"Point Peninsula"}},
{"type":"Feature","geometry":{"type":"Polygon","coordinates":[[[-87.477093875,41.6853882],[-87.79153703755624,42.83145114482276],[-89.32213587505754,44.487782649380215],[-92.21055321315156,45.76143645381198],[-93.49064726071597,45.18602831564759],[-91.94796981877937,43.68621104721849],[-93.62193895790205,42.7533940624188],[-94.11428282234988,42.026140597450976],[-92.57160538041332,40.86986654389979],[-92.89983462337855,39.9954549242363],[-94.12444283882017,40.142401507814775],[-95.36155394561776,39.945145424469054],[-95.78825196147253,37.17380255125711],[-94.90203300546645,36.25290176399383],[-94.11755719209039,36.32582132144275],[-93.19524094204723,36.411553592131455],[-93.42500141212292,38.34151072485017],[-90.81392504311461,38.00772883891169],[-90.00103178988678,37.28363171577283],[-90.27199620762941,35.786914290614625],[-88.5107274923025,36.06119592283488],[-85.56398944935162,37.55263867010867],[-82.14306367535126,36.95954975646753],[-79.97534833341042,37.57948619350637],[-78.95923176687563,39.30371423070825],[-78.29397288039411,41.01536509648475],[-75.85350431407916,42.95755418036384],[-75.59433951057669,43.680332380651976],[-76.18122681577438,43.61259738760005],[-76.937494,43.2370318],[-78.820821625,43.30795127499997],[-79.19289561234693,42.846825343870066],[-79.563923125,42.38699635],[-80.29224122128937,41.34035285057309],[-82.27534759106281,40.91314375699184],[-83.6631439247281,40.60754939982846],[-85.97043607596554,40.059641447393545],[-86.54623546366858,39.408471716787226],[-89.18801746370268,39.41560850613387],[-87.3527604172662,41.16704376310566],[-87.37512542499998,41.6343834],[-87.375125425,41.6343834],[-87.477093875,41.6853882]]]},"properties":{"NAME":"Hopewell Culture","SUBJECTO":"Hopewell Culture","PARTOF":"Hopewell Culture"}},
{"type":"Feature","geometry":{"type":"Polygon","coordinates":[[[-75.59433951057669,43.680332380651976],[-75.85350431407916,42.95755418036384],[-78.29397288039411,41.01536509648475],[-78.95923176687563,39.30371423070825],[-79.97534833341042,37.57948619350637],[-82.14306367535126,36.95954975646753],[-85.56398944935162,37.55263867010867],[-88.5107274923025,36.06119592283488],[-90.27199620762941,35.786914290614625],[-90.00103178988678,37.28363171577283],[-90.81392504311461,38.00772883891169],[-93.42500141212292,38.34151072485017],[-93.19524094204723,36.411553592131455],[-94.11755719209039,36.32582132144275],[-94.11755719209039,35.87563266465669],[-94.28169914074626,35.131473873694475],[-92.21718092906745,33.31780678142776],[-92.21718092906744,33.31780678142776],[-90.65505719689362,33.44791858687658],[-90.34173529453497,30.925773467015734],[-89.79210200155227,30.68973632239321],[-88.03456589271282,30.67939146633806],[-89.19392789844542,30.958661261841772],[-89.67002743024211,31.784756743597836],[-88.53914790150893,32.822254055849356],[-88.37819389375134,33.19435830572942],[-89.6552686430883,33.39630727608393],[-90.62170358853251,34.17085518430479],[-89.79333077815174,35.277192949638795],[-88.07291694333584,35.10967018947695],[-86.30389863127989,34.929856207120274],[-85.84857007623326,34.430612556511434],[-85.76578306622477,34.145613602136706],[-85.76985854969445,34.15964368399752],[-84.95040479150703,34.38750509919219],[-82.39244167760887,34.14240281862365],[-82.12058086357139,33.0513719058266],[-80.89708218391326,32.03661395178849],[-77.29591843177532,34.66659506436052],[-76.62176224281048,34.76295050259294],[-75.72924515296673,35.882125459868334],[-75.66752335120891,37.8981090414113],[-74.15280624915813,39.76523550625505],[-73.74050613929485,40.97749289150896],[-70.3020906119511,41.75944098110857],[-70.86807724525188,42.871425234038256],[-70.21647354652141,43.799621187407396],[-67.16887375404094,44.71121557827654],[-65.71257492591594,43.55995138760271],[-61.032086339490164,45.3788333761281],[-64.53479477454876,46.271659456450365],[-65.21308609534954,48.121425234038256],[-64.95240494300579,49.20725592251482],[-68.34129044105266,48.54645880337419],[-70.8710485562432,47.05010140305908],[-70.0378554901034,46.17416905131091],[-70.55963710752852,45.30934303536085],[-73.08158159174988,44.75623330755017],[-74.58170374184706,43.82250601082017],[-75.59433951057669,43.680332380651976]]]},"properties":{"NAME":null,"SUBJECTO":null,"PARTOF":null}},
{"type":"Feature","geometry":{"type":"Polygon","coordinates":[[[-86.99379038135059,32.822254055849356],[-86.84201419633506,32.6481575110101],[-86.84201419633506,32.648157511010105],[-86.99379038135059,32.822254055849356]]]},"properties":{"NAME":null,"SUBJECTO":null,"PARTOF":null}},
{"type":"Feature","geometry":{"type":"Polygon","coordinates":[[[-82.4292878775761,27.826148592192553],[-82.31009384681438,26.82493170376482],[-81.09792038490032,25.125047289091967],[-80.31409927894329,25.243880830962084],[-80.04998489906048,26.551089845854662],[-80.44717880775188,27.775628648955248],[-80.6054582266972,28.56099089260759],[-81.37607316258789,30.002611410916185],[-82.76524493838717,30.4158185899654],[-83.69569781017358,29.873429869391458],[-82.6469621329472,28.906501375395678],[-82.4292878775761,27.826148592192553]]]},"properties":{"NAME":null,"SUBJECTO":null,"PARTOF":null}},
{"type":"Feature","geometry":null,"properties":{"NAME":null,"SUBJECTO":null,"PARTOF":null}},
{"type":"Feature","geometry":{"type":"Polygon","coordinates":[[[-82.76848823266988,42.266939539534235],[-81.85864319883927,42.26409348709729],[-82.16555501439318,43.08397202876816],[-82.46467445,43.195435275],[-82.76848823266988,42.266939539534235]]]},"properties":{"NAME":null,"SUBJECTO":null,"PARTOF":null}},
{"type":"Feature","geometry":null,"properties":{"NAME":null,"SUBJECTO":null,"PARTOF":null}},
{"type":"Feature","geometry":null,"properties":{"NAME":null,"SUBJECTO":null,"PARTOF":null}},
{"type":"Feature","geometry":null,"properties":{"NAME":null,"SUBJECTO":null,"PARTOF":null}},
{"type":"Feature","geometry":null,"properties":{"NAME":null,"SUBJECTO":null,"PARTOF":null}},
{"type":"Feature","geometry":null,"properties":{"NAME":null,"SUBJECTO":null,"PARTOF":null}},
{"type":"Feature","geometry":null,"properties":{"NAME":null,"SUBJECTO":null,"PARTOF":null}},
{"type":"Feature","geometry":{"type":"Polygon","coordinates":[[[-79.563923125,42.38699635],[-81.945160475,41.50875625],[-82.27534759106281,40.91314375699184],[-80.29224122128937,41.34035285057309],[-79.563923125,42.38699635]]]},"properties":{"NAME":null,"SUBJECTO":null,"PARTOF":null}},
{"type":"Feature","geometry":{"type":"Polygon","coordinates":[[[-87.3527604172662,41.16704376310566],[-89.18801746370268,39.41560850613387],[-86.54623546366858,39.408471716787226],[-85.97043607596554,40.059641447393545],[-83.6631439247281,40.60754939982846],[-84.73834009141564,41.72388710934679],[-85.70176684717302,41.69622583863446],[-86.52245539159752,40.7377557500894],[-87.3527604172662,41.16704376310566]]]},"properties":{"NAME":null,"SUBJECTO":null,"PARTOF":null}},
{"type":"Feature","geometry":{"type":"Polygon","coordinates":[[[-86.453372075,44.1299426],[-84.77309296795586,43.382835851404835],[-83.744069025,43.62067997499999],[-83.744069025,43.620679975],[-83.43090175,45.27498137500001],[-84.18232252499999,45.599460525],[-86.10292376807149,44.76138937802109],[-86.453372075,44.1299426],[-86.48774414702659,44.01941582197994],[-86.453372075,44.1299426]]]},"properties":{"NAME":null,"SUBJECTO":null,"PARTOF":null}},
{"type":"Feature","geometry":null,"properties":{"NAME":null,"SUBJECTO":null,"PARTOF":null}},
{"type":"Feature","geometry":{"type":"Polygon","coordinates":[[[-87.224453225,41.634622675],[-87.025077275,41.686106025],[-87.224453225,41.634622675],[-87.375125425,41.6343834],[-87.37512542499998,41.6343834],[-87.224453225,41.634622675]]]},"properties":{"NAME":null,"SUBJECTO":null,"PARTOF":null}},
{"type":"Feature","geometry":null,"properties":{"NAME":null,"SUBJECTO":null,"PARTOF":null}},
{"type":"Feature","geometry":null,"properties":{"NAME":null,"SUBJECTO":null,"PARTOF":null}},
{"type":"Feature","geometry":null,"properties":{"NAME":null,"SUBJECTO":null,"PARTOF":null}},
{"type":"Feature","geometry":null,"properties":{"NAME":null,"SUBJECTO":null,"PARTOF":null}},
{"type":"Feature","geometry":null,"properties":{"NAME":null,"SUBJECTO":null,"PARTOF":null}},
{"type":"Feature","geometry":null,"properties":{"NAME":null,"SUBJECTO":null,"PARTOF":null}},
{"type":"Feature","geometry":null,"properties":{"NAME":null,"SUBJECTO":null,"PARTOF":null}},
{"type":"Feature","geometry":null,"properties":{"NAME":null,"SUBJECTO":null,"PARTOF":null}},
{"type":"Feature","geometry":null,"properties":{"NAME":null,"SUBJECTO":null,"PARTOF":null}},
{"type":"Feature","geometry":null,"properties":{"NAME":null,"SUBJECTO":null,"PARTOF":null}},
{"type":"Feature","geometry":null,"properties":{"NAME":null,"SUBJECTO":null,"PARTOF":null}},
{"type":"Feature","geometry":null,"properties":{"NAME":null,"SUBJECTO":null,"PARTOF":null}},
{"type":"Feature","geometry":null,"properties":{"NAME":null,"SUBJECTO":null,"PARTOF":null}},
{"type":"Feature","geometry":null,"properties":{"NAME":null,"SUBJECTO":null,"PARTOF":null}},
{"type":"Feature","geometry":null,"properties":{"NAME":null,"SUBJECTO":null,"PARTOF":null}},
{"type":"Feature","geometry":null,"properties":{"NAME":null,"SUBJECTO":null,"PARTOF":null}},
{"type":"Feature","geometry":null,"properties":{"NAME":null,"SUBJECTO":null,"PARTOF":null}},
{"type":"Feature","geometry":null,"properties":{"NAME":null,"SUBJECTO":null,"PARTOF":null}},
{"type":"Feature","geometry":{"type":"Polygon","coordinates":[[[-87.79153703755624,42.83145114482276],[-87.19702427872033,45.567626164254214],[-87.67320649195945,46.454868829512804],[-89.09018825000001,46.96017965],[-90.27661125,46.624989925],[-91.15034487499999,47.3676057],[-93.64307044039813,47.1324026173954],[-94.5052648907058,47.38643102366744],[-94.23473573369067,46.72103383947717],[-94.12444283882017,40.142401507814775],[-92.89983462337855,39.9954549242363],[-92.57160538041332,40.86986654389979],[-94.11428282234988,42.026140597450976],[-93.62193895790205,42.7533940624188],[-91.94796981877937,43.68621104721849],[-93.49064726071597,45.18602831564759],[-92.21055321315156,45.76143645381198],[-89.32213587505754,44.487782649380215],[-87.79153703755624,42.83145114482276]]]},"properties":{"NAME":null,"SUBJECTO":null,"PARTOF":null}},
{"type":"Feature","geometry":null,"properties":{"NAME":null,"SUBJECTO":null,"PARTOF":null}},
{"type":"Feature","geometry":null,"properties":{"NAME":null,"SUBJECTO":null,"PARTOF":null}},
{"type":"Feature","geometry":null,"properties":{"NAME":null,"SUBJECTO":null,"PARTOF":null}},
{"type":"Feature","geometry":null,"properties":{"NAME":null,"SUBJECTO":null,"PARTOF":null}},
{"type":"Feature","geometry":null,"properties":{"NAME":null,"SUBJECTO":null,"PARTOF":null}},
{"type":"Feature","geometry":null,"properties":{"NAME":null,"SUBJECTO":null,"PARTOF":null}},
{"type":"Feature","geometry":null,"properties":{"NAME":null,"SUBJECTO":null,"PARTOF":null}},
{"type":"Feature","geometry":{"type":"Polygon","coordinates":[[[-78.50336889999807,43.36198942500006],[-78.21668167984423,43.37062971005438],[-78.2367363,43.371002875],[-78.50336889999807,43.36198942500006]]]},"properties":{"NAME":null,"SUBJECTO":null,"PARTOF":null}},
{"type":"Feature","geometry":null,"properties":{"NAME":null,"SUBJECTO":null,"PARTOF":null}},
{"type":"Feature","geometry":null,"properties":{"NAME":null,"SUBJECTO":null,"PARTOF":null}},
{"type":"Feature","geometry":null,"properties":{"NAME":null,"SUBJECTO":null,"PARTOF":null}},
{"type":"Feature","geometry":null,"properties":{"NAME":null,"SUBJECTO":null,"PARTOF":null}},
{"type":"Feature","geometry":null,"properties":{"NAME":null,"SUBJECTO":null,"PARTOF":null}},
{"type":"Feature","geometry":{"type":"Polygon","coordinates":[[[-80.29163770076619,44.52322332422944],[-80.52042584293034,44.59600142498459],[-79.63698735000001,42.853085675],[-79.19289561234693,42.846825343870066],[-78.820821625,43.30795127499997],[-79.36747918639476,43.614815893580676],[-80.29163770076619,44.52322332422944]]]},"properties":{"NAME":null,"SUBJECTO":null,"PARTOF":null}},
{"type":"Feature","geometry":{"type":"Polygon","coordinates":[[[-76.05577121730131,47.307967189135894],[-81.93098886565963,48.90187753952613],[-85.03622021806746,49.0940751201903],[-87.78991594567441,49.93094833834401],[-91.07804464695577,49.94774019877888],[-89.93983932799766,49.03028306411901],[-88.20465884999999,48.9764595],[-88.251699925,48.9320861],[-88.20465884999999,48.9764595],[-86.46007905858689,48.94648637594909],[-84.38499265939697,48.33474153052584],[-83.49110928743823,47.457180821886546],[-83.08785307070116,46.18516762384465],[-80.29956063279727,45.94788202072047],[-76.05577121730131,47.307967189135894]]]},"properties":{"NAME":null,"SUBJECTO":null,"PARTOF":null}},
{"type":"Feature","geometry":{"type":"Polygon","coordinates":[[[-96.04269760186028,32.99355526945035],[-96.03840472819097,33.00518699946115],[-95.46153665144882,33.03363979660468],[-96.25966202633586,34.61903980822385],[-95.6350421677286,35.15984866034117],[-94.28169914074626,35.131473873694475],[-94.11755719209039,35.87563266465669],[-94.11755719209039,36.32582132144275],[-94.90203300546645,36.25290176399383],[-95.78825196147253,37.17380255125711],[-95.36155394561776,39.945145424469054],[-94.12444283882017,40.142401507814775],[-94.23473573369067,46.72103383947717],[-94.5052648907058,47.38643102366744],[-95.6223836211639,47.715567786973736],[-96.93128427296064,48.54652624427342],[-97.28245274051582,49.571529866513146],[-97.20058974030268,50.110958484297555],[-98.92187739770243,50.2317206620755],[-105.19092937331824,51.45252059422696],[-114.46737387359948,51.99955012922175],[-114.12579317034083,47.95182480671353],[-111.66773503433551,41.93525523128791],[-111.54786525513434,41.64185091509596],[-104.51715275911663,33.873009655417874],[-98.18951151270068,29.180839383625194],[-97.20648541578431,28.073580382344584],[-94.11755719209039,29.69269900006508],[-94.11755719209039,31.64329290658055],[-95.46949781042882,31.691977974824947],[-96.04269760186028,32.99355526945035]]]},"properties":{"NAME":"Plain bison hunters","SUBJECTO":"Plain bison hunters","PARTOF":"Plain bison hunters"}},
{"type":"Feature","geometry":{"type":"Polygon","coordinates":[[[-75.56421451676609,-12.87323543403529],[-76.23806263671051,-13.567877577331435],[-76.05259415199016,-14.41014710788069],[-74.38338520728776,-15.823206390262088],[-74.21812603675001,-15.383442908695875],[-73.88967338250498,-14.854972812012551],[-75.56421451676609,-12.87323543403529]]]},"properties":{"NAME":"Nazca","SUBJECTO":"Nazca","PARTOF":"Nazca"}},
{"type":"Feature","geometry":{"type":"Polygon","coordinates":[[[37.39818480919148,18.91500052090349],[37.135740918059156,21.128125569264505],[37.165026901698354,20.76426918196936],[37.39818480919148,18.91500052090349]]]},"properties":{"NAME":null,"SUBJECTO":null,"PARTOF":null}},
{"type":"Feature","geometry":{"type":"Polygon","coordinates":[[[42.5553312630489,11.568253122527025],[43.47482207725788,12.097622476775072],[42.8099584908321,11.778485857207201],[42.5553312630489,11.568253122527025]]]},"properties":{"NAME":null,"SUBJECTO":null,"PARTOF":null}},
{"type":"Feature","geometry":{"type":"Polygon","coordinates":[[[49.77715209434773,7.853968225676439],[50.77938369235152,9.368420206025881],[51.12975982139851,10.709877573210619],[50.77938369224812,9.36842020626726],[49.77715209434773,7.853968225676439]]]},"properties":{"NAME":null,"SUBJECTO":null,"PARTOF":null}},
{"type":"Feature","geometry":{"type":"Polygon","coordinates":[[[41.6073217720821,-1.593676365655043],[43.72430709323043,0.800251446679873],[46.36050322970504,2.667831026033205],[48.47157958468551,5.20143374057178],[49.82292464683796,7.695211969572924],[48.4715795845821,5.201433740813158],[46.36050322960163,2.667831026274584],[44.300696405871165,1.290809475142382],[43.724307093127024,0.800251446921251],[41.6073217720821,-1.593676365655043]]]},"properties":{"NAME":null,"SUBJECTO":null,"PARTOF":null}},
{"type":"Feature","geometry":{"type":"Polygon","coordinates":[[[38.921526941759836,-6.340208925049879],[39.267272028533164,-4.776162542387205],[40.234416040984335,-3.191706575437742],[41.65220168541218,-1.752453006547071],[40.23441604088093,-3.191706575196363],[39.26727202842976,-4.776162542145826],[38.921526941759836,-6.340208925049879]]]},"properties":{"NAME":null,"SUBJECTO":null,"PARTOF":null}},
{"type":"Feature","geometry":{"type":"Polygon","coordinates":[[[51.070254358752024,10.989321314055346],[51.07025435885543,10.989321313813967],[51.06053451022262,11.243457399324221],[51.247015986052695,11.65686472506885],[51.24701598593607,11.656864725280926],[51.06053451011921,11.2434573995656],[51.070254358752024,10.989321314055346]]]},"properties":{"NAME":null,"SUBJECTO":null,"PARTOF":null}},
{"type":"Feature","geometry":{"type":"Polygon","coordinates":[[[39.270125421984446,-7.801093496125318],[39.55541900108601,-7.171341337006666],[39.437205347521555,-7.330470002930738],[39.270125421984446,-7.801093496125318]]]},"properties":{"NAME":null,"SUBJECTO":null,"PARTOF":null}},
{"type":"Feature","geometry":{"type":"Polygon","coordinates":[[[39.391829523546946,-8.735015310090162],[39.39182952365035,-8.73501531033154],[39.400431665984335,-8.309211172147947],[39.477728876677695,-7.997649110838132],[39.47772887656673,-7.997649110627215],[39.40043166588093,-8.309211171906568],[39.391829523546946,-8.735015310090162]]]},"properties":{"NAME":null,"SUBJECTO":null,"PARTOF":null}},
{"type":"Feature","geometry":{"type":"Polygon","coordinates":[[[40.311343225939524,-11.344973005097486],[40.40044311007613,-11.230388082548338],[40.5364103646114,-11.02673474673567],[40.311343225939524,-11.344973005097486]]]},"properties":{"NAME":null,"SUBJECTO":null,"PARTOF":null}},
{"type":"Feature","geometry":{"type":"Polygon","coordinates":[[[40.36584380577351,-12.990858472626783],[40.527018580046835,-12.583784498258787],[40.392519983752024,-11.548167623322584],[40.36584380577351,-12.990858472626783]]]},"properties":{"NAME":null,"SUBJECTO":null,"PARTOF":null}},
{"type":"Feature","geometry":{"type":"Polygon","coordinates":[[[40.59920791099812,-14.401239789765455],[40.60333159874226,-13.530550397675611],[40.6008634896114,-14.032622731965162],[40.59920791099812,-14.401239789765455]]]},"properties":{"NAME":null,"SUBJECTO":null,"PARTOF":null}},
{"type":"Feature","geometry":{"type":"Polygon","coordinates":[[[40.527442011339915,-15.183100141327955],[40.781039270964804,-14.921983160062986],[40.85543731163288,-14.699382222931959],[40.527442011339915,-15.183100141327955]]]},"properties":{"NAME":null,"SUBJECTO":null,"PARTOF":null}},
{"type":"Feature","geometry":{"type":"Polygon","coordinates":[[[34.67331984947468,-20.51510850314436],[34.726202997771445,-19.860380567594724],[37.27531722506637,-17.71316186337109],[39.79506209811324,-16.423971571012693],[40.57406905601765,-15.481702245514967],[39.795062098009836,-16.423971570771315],[37.27531722496296,-17.713161863129713],[34.72620299766804,-19.860380567353346],[34.67331984947468,-20.51510850314436]]]},"properties":{"NAME":null,"SUBJECTO":null,"PARTOF":null}},
{"type":"Feature","geometry":{"type":"Polygon","coordinates":[[[34.99418929527546,-21.270725644867994],[34.99418929537887,-21.270725645109373],[35.032668146697226,-21.188030637785154],[35.10715392550582,-20.984491743131834],[35.107153925395714,-20.984491742908773],[35.03266814659382,-21.188030637543775],[34.99418929527546,-21.270725644867994]]]},"properties":{"NAME":null,"SUBJECTO":null,"PARTOF":null}},
{"type":"Feature","geometry":{"type":"Polygon","coordinates":[[[35.23384765098835,-22.20447961215315],[35.23384765109176,-22.20447961239453],[35.20164779147262,-21.95032349972363],[35.20164779136921,-21.950323499482252],[35.23384765098835,-22.20447961215315]]]},"properties":{"NAME":null,"SUBJECTO":null,"PARTOF":null}},
{"type":"Feature","geometry":{"type":"Polygon","coordinates":[[[35.29743102501179,-23.825008786957838],[35.425414118376914,-23.456112302824216],[35.53088286827351,-22.45806733493147],[35.29743102501179,-23.825008786957838]]]},"properties":{"NAME":null,"SUBJECTO":null,"PARTOF":null}},
{"type":"Feature","geometry":{"type":"Polygon","coordinates":[[[32.499712976916086,-26.06808701876936],[33.34726623019332,-25.303612150236326],[34.58479979952926,-24.87517587093945],[35.500865015490305,-24.085165418427565],[34.58479979942585,-24.875175870698072],[33.347266230089915,-25.303612149994947],[32.499712976916086,-26.06808701876936]]]},"properties":{"NAME":null,"SUBJECTO":null,"PARTOF":null}},
{"type":"Feature","geometry":{"type":"Polygon","coordinates":[[[32.30343535850788,-28.134109891694166],[32.76723006686324,-27.516632474943357],[32.91596892784382,-26.518461622040846],[32.30343535850788,-28.134109891694166]]]},"properties":{"NAME":null,"SUBJECTO":null,"PARTOF":null}},
{"type":"Feature","geometry":{"type":"Polygon","coordinates":[[[19.883807215197333,-34.99228707675276],[22.681775126067347,-34.10311547665234],[24.42993834933395,-34.33470193295117],[26.658656153289026,-33.84707299618359],[28.921853098479456,-32.297909177824216],[32.39324859092976,-28.37544671420393],[28.921853098376044,-32.29790917758284],[26.658656153185614,-33.84707299594221],[24.429938349230536,-34.33470193270979],[22.681775125963934,-34.10311547641096],[19.883807215197333,-34.99228707675276]]]},"properties":{"NAME":null,"SUBJECTO":null,"PARTOF":null}},
{"type":"Feature","geometry":{"type":"Polygon","coordinates":[[[18.840062174303778,-34.435120023530104],[19.279349359972723,-34.504131711762525],[19.18137267540241,-34.4217151773387],[18.840062174303778,-34.435120023530104]]]},"properties":{"NAME":null,"SUBJECTO":null,"PARTOF":null}},
{"type":"Feature","geometry":{"type":"Polygon","coordinates":[[[18.346327814562567,-34.34715691928206],[18.72423842857624,-34.21926537875471],[18.57026771019245,-34.19417230014143],[18.346327814562567,-34.34715691928206]]]},"properties":{"NAME":null,"SUBJECTO":null,"PARTOF":null}},
{"type":"Feature","geometry":{"type":"Polygon","coordinates":[[[17.927741083605536,-33.09596673373518],[17.92774108370895,-33.09596673397656],[18.073050531951136,-33.22279015926953],[18.073050531847723,-33.22279015902815],[17.927741083605536,-33.09596673373518]]]},"properties":{"NAME":null,"SUBJECTO":null,"PARTOF":null}},
{"type":"Feature","geometry":{"type":"Polygon","coordinates":[[[17.5665388436153,-30.827820218842604],[17.566538843718714,-30.827820219083982],[17.903866800872034,-31.29106942562695],[17.903866800768622,-31.291069425385572],[17.5665388436153,-30.827820218842604]]]},"properties":{"NAME":null,"SUBJECTO":null,"PARTOF":null}},
{"type":"Feature","geometry":{"type":"Polygon","coordinates":[[[15.659789118273505,-27.889295972626783],[16.788300547106513,-29.138924039643385],[16.5301618904903,-28.77085152987776],[15.659789118273505,-27.889295972626783]]]},"properties":{"NAME":null,"SUBJECTO":null,"PARTOF":null}},
{"type":"Feature","geometry":{"type":"Polygon","coordinates":[[[13.957572016222723,-21.690342344086744],[13.957572016326136,-21.690342344328123],[14.415466341582484,-22.267668165250974],[14.415466341479071,-22.267668165009596],[13.957572016222723,-21.690342344086744]]]},"properties":{"NAME":null,"SUBJECTO":null,"PARTOF":null}},
{"type":"Feature","geometry":{"type":"Polygon","coordinates":[[[12.079512629015692,-18.49144021395979],[12.079512629119105,-18.49144021420117],[12.524332079497523,-19.062439359708982],[12.52433207939411,-19.062439359467604],[12.079512629015692,-18.49144021395979]]]},"properties":{"NAME":null,"SUBJECTO":null,"PARTOF":null}},
{"type":"Feature","geometry":{"type":"Polygon","coordinates":[[[13.418027910692938,-9.985778249543287],[13.41802791079635,-9.985778249784666],[13.639446291505697,-10.303040899280738],[13.639446291430243,-10.30304089907942],[13.418027910692938,-9.985778249543287]]]},"properties":{"NAME":null,"SUBJECTO":null,"PARTOF":null}},
{"type":"Feature","geometry":{"type":"Polygon","coordinates":[[[13.167040857775458,-7.844777501862623],[13.16704085787887,-7.844777502104002],[13.387093576955674,-8.155678190219714],[13.387093576891669,-8.15567819003401],[13.167040857775458,-7.844777501862623]]]},"properties":{"NAME":null,"SUBJECTO":null,"PARTOF":null}},
{"type":"Feature","geometry":{"type":"Polygon","coordinates":[[[12.671483072741278,-6.695635236542799],[12.67148307284469,-6.695635236784177],[12.7957105966475,-6.860588945431664],[12.795710596544989,-6.860588945191481],[12.671483072741278,-6.695635236542799]]]},"properties":{"NAME":null,"SUBJECTO":null,"PARTOF":null}},
{"type":"Feature","geometry":{"type":"Polygon","coordinates":[[[10.641218218310126,-3.446424878876783],[11.772603067858466,-4.536981023591139],[11.134011301501044,-3.915594733994581],[10.641218218310126,-3.446424878876783]]]},"properties":{"NAME":null,"SUBJECTO":null,"PARTOF":null}},
{"type":"Feature","geometry":{"type":"Polygon","coordinates":[[[10.524656328661688,-3.23696366671858],[9.931443247480978,-2.710815109214515],[9.931443247405237,-2.710815109296995],[10.5246563287651,-3.236963666959959],[10.524656328661688,-3.23696366671858]]]},"properties":{"NAME":null,"SUBJECTO":null,"PARTOF":null}},
{"type":"Feature","geometry":{"type":"Polygon","coordinates":[[[9.656445536120184,-2.419099487107374],[10.060082468493231,-2.570729650300123],[9.893924746020087,-2.443995393555738],[9.656445536120184,-2.419099487107374]]]},"properties":{"NAME":null,"SUBJECTO":null,"PARTOF":null}},
{"type":"Feature","geometry":{"type":"Polygon","coordinates":[[[9.111855539782294,-1.352692641060926],[9.465267214281806,-1.593399680893995],[9.320650133593329,-1.415781296532728],[9.111855539782294,-1.352692641060926]]]},"properties":{"NAME":null,"SUBJECTO":null,"PARTOF":null}},
{"type":"Feature","geometry":{"type":"Polygon","coordinates":[[[8.981377634508856,-1.098785198968031],[8.8152094217872,-0.895802535066157],[8.815209421721644,-0.895802535101133],[8.981377634612269,-1.098785199209409],[8.981377634508856,-1.098785198968031]]]},"properties":{"NAME":null,"SUBJECTO":null,"PARTOF":null}},
{"type":"Feature","geometry":{"type":"Polygon","coordinates":[[[9.602188143236884,0.332348339516543],[9.350058588748306,0.535152576911583],[9.35005858859176,0.535152576879305],[9.602188143340296,0.332348339275164],[9.854229006340459,0.174033097961549],[9.854229006273993,0.17403309817972],[9.602188143236884,0.332348339516543]]]},"properties":{"NAME":null,"SUBJECTO":null,"PARTOF":null}},
{"type":"Feature","geometry":{"type":"Polygon","coordinates":[[[9.557406458361395,1.126579128462694],[9.370391878808407,1.170653425362149],[9.370391878691859,1.17065342517261],[9.557406458464808,1.126579128221316],[9.62218955470753,1.088586412427239],[9.622189554674872,1.088586412627123],[9.557406458361395,1.126579128462694]]]},"properties":{"NAME":null,"SUBJECTO":null,"PARTOF":null}},
{"type":"Feature","geometry":{"type":"Polygon","coordinates":[[[9.032190355761298,4.137507520872973],[9.780175241930731,3.853175722319506],[9.650894197924384,4.018121801573656],[9.032190355761298,4.137507520872973]]]},"properties":{"NAME":null,"SUBJECTO":null,"PARTOF":null}},
{"type":"Feature","geometry":{"type":"Polygon","coordinates":[[[8.262993845446356,4.745887361723803],[8.874658617480048,4.620119177061937],[8.327965769274481,4.841343008238695],[8.262993845446356,4.745887361723803]]]},"properties":{"NAME":null,"SUBJECTO":null,"PARTOF":null}},
{"type":"Feature","geometry":{"type":"Polygon","coordinates":[[[5.606589827044257,4.632113062102221],[6.844479593840784,4.291642270997805],[8.298690828783759,4.555330358702562],[6.844479593737372,4.291642271239184],[5.606589827044257,4.632113062102221]]]},"properties":{"NAME":null,"SUBJECTO":null,"PARTOF":null}},
{"type":"Feature","geometry":{"type":"Polygon","coordinates":[[[-2.716545787350885,5.039863668639086],[-2.031221595200354,4.698200784639162],[1.557863506880945,6.237427316621584],[3.949497255889124,6.579388700441164],[5.095240149004706,5.755762659270189],[3.949497255785712,6.579388700682543],[1.557863506777533,6.237427316862963],[-2.031221595303766,4.698200784880541],[-2.716545787350885,5.039863668639086]]]},"properties":{"NAME":null,"SUBJECTO":null,"PARTOF":null}},
{"type":"Feature","geometry":{"type":"Polygon","coordinates":[[[-12.046761479871027,7.262896143156908],[-9.937263455780798,5.863056264833254],[-9.247899022492224,5.171884141877932],[-7.528605428131872,4.336791597322268],[-4.999971356781775,5.238270841554446],[-2.803544488446466,5.185831152159594],[-4.999971356885187,5.238270841795824],[-7.528605428235284,4.336791597563646],[-9.247899022595636,5.17188414211931],[-9.93726345588421,5.863056265074633],[-12.046761479871027,7.262896143156908]]]},"properties":{"NAME":null,"SUBJECTO":null,"PARTOF":null}},
{"type":"Feature","geometry":{"type":"Polygon","coordinates":[[[5.383361372454413,5.610234342772387],[5.152887854082831,5.641512953001879],[5.152887854186243,5.6415129527605],[5.383361372557825,5.610234342531008],[5.383361372454413,5.610234342772387]]]},"properties":{"NAME":null,"SUBJECTO":null,"PARTOF":null}},
{"type":"Feature","geometry":{"type":"Polygon","coordinates":[[[-13.044136968152277,8.13769110317888],[-12.513051000031286,7.72578390689258],[-12.27409264137005,7.630976759154223],[-13.044136968152277,8.13769110317888]]]},"properties":{"NAME":null,"SUBJECTO":null,"PARTOF":null}},
{"type":"Feature","geometry":{"type":"Polygon","coordinates":[[[-12.927251782910577,8.627264581877611],[-13.14486786414837,8.722107492644213],[-13.144867864044958,8.722107492402834],[-12.927251782863213,8.62726458166066],[-12.927251782910577,8.627264581877611]]]},"properties":{"NAME":null,"SUBJECTO":null,"PARTOF":null}},
{"type":"Feature","geometry":{"type":"Polygon","coordinates":[[[-13.281672444836847,9.27468355770769],[-13.62555309814618,9.623440347795785],[-13.625553098114782,9.623440347627444],[-13.281672444733434,9.274683557466311],[-13.281672444836847,9.27468355770769]]]},"properties":{"NAME":null,"SUBJECTO":null,"PARTOF":null}},
{"type":"Feature","geometry":{"type":"Polygon","coordinates":[[[-14.466443028943292,10.333368860442064],[-14.058002438935095,10.080054841951174],[-13.680051770703546,9.91564520474138],[-14.466443028943292,10.333368860442064]]]},"properties":{"NAME":null,"SUBJECTO":null,"PARTOF":null}},
{"type":"Feature","geometry":{"type":"Polygon","coordinates":[[[-14.966219869153253,10.847027384001635],[-14.820922818573766,10.8028579577959],[-14.574861493603937,10.784330927092455],[-14.966219869153253,10.847027384001635]]]},"properties":{"NAME":null,"SUBJECTO":null,"PARTOF":null}},
{"type":"Feature","geometry":{"type":"Polygon","coordinates":[[[-15.029396024243585,11.15828665371599],[-15.341422048108331,11.221154772002123],[-15.116153684052282,11.15809591861133],[-15.029396024243585,11.15828665371599]]]},"properties":{"NAME":null,"SUBJECTO":null,"PARTOF":null}},
{"type":"Feature","geometry":{"type":"Polygon","coordinates":[[[-16.086015668408624,11.969427667815111],[-15.808596578034216,11.842920862153811],[-15.098965611951105,11.81267889614763],[-16.086015668408624,11.969427667815111]]]},"properties":{"NAME":null,"SUBJECTO":null,"PARTOF":null}},
{"type":"Feature","geometry":{"type":"Polygon","coordinates":[[[-16.57060143043255,12.311540209013842],[-16.424529042633825,12.248307786897463],[-16.27898880531048,12.210499368864916],[-16.57060143043255,12.311540209013842]]]},"properties":{"NAME":null,"SUBJECTO":null,"PARTOF":null}},
{"type":"Feature","geometry":{"type":"Polygon","coordinates":[[[-16.47089096595501,13.722545229155443],[-16.640429463879816,13.842927538115404],[-16.640429463776403,13.842927537874026],[-16.4708909659361,13.722545228974065],[-16.47089096595501,13.722545229155443]]]},"properties":{"NAME":null,"SUBJECTO":null,"PARTOF":null}},
{"type":"Feature","geometry":{"type":"Polygon","coordinates":[[[-17.22053810645794,14.725009523589037],[-16.87041946937298,14.363524996001146],[-17.050065007703058,14.585562311369799],[-17.22053810645794,14.725009523589037]]]},"properties":{"NAME":null,"SUBJECTO":null,"PARTOF":null}},
{"type":"Feature","geometry":{"type":"Polygon","coordinates":[[[-16.1906518607304,19.029531084257982],[-16.471602406839484,19.365741334926312],[-16.471602406891638,19.365741334871096],[-16.19065186064861,19.02953108404248],[-16.1906518607304,19.029531084257982]]]},"properties":{"NAME":null,"SUBJECTO":null,"PARTOF":null}},
{"type":"Feature","geometry":{"type":"Polygon","coordinates":[[[-16.84450050880169,20.940990053374193],[-16.34728142310833,20.522616945464037],[-16.71086594154095,20.890441499907396],[-16.84450050880169,20.940990053374193]]]},"properties":{"NAME":null,"SUBJECTO":null,"PARTOF":null}},
{"type":"Feature","geometry":{"type":"Polygon","coordinates":[[[39.14318937822596,9.06293447268527],[37.125056778155596,11.64355829727965],[34.23240005138806,11.70943726607304],[32.34880962465572,9.527647378549165],[33.02152049134584,6.864538013373648],[35.57782178476831,5.527006069275479],[38.605020684873864,6.597308569790442],[39.14318937822596,9.06293447268527]]]},"properties":{"NAME":null,"SUBJECTO":null,"PARTOF":null}},
{"type":"Feature","geometry":{"type":"Polygon","coordinates":[[[35.189864191483686,24.399919115245694],[35.1898641916191,24.399919115022463],[35.189864191515696,24.39991911526384],[35.189864191483686,24.399919115245694]]]},"properties":{"NAME":null,"SUBJECTO":null,"PARTOF":null}},
{"type":"Feature","geometry":{"type":"Polygon","coordinates":[[[20.116768869963657,30.957103334605364],[19.12453940829391,30.198943696931643],[19.66391471346969,30.44150122256641],[20.116768869963657,30.957103334605364]]]},"properties":{"NAME":null,"SUBJECTO":null,"PARTOF":null}},
{"type":"Feature","geometry":{"type":"Polygon","coordinates":[[[5.354585680468329,5.362343393523119],[5.359488992633966,5.368345627897537],[5.44819215248371,5.476928793150805],[5.354585680468329,5.362343393523119]]]},"properties":{"NAME":null,"SUBJECTO":null,"PARTOF":null}},
{"type":"Feature","geometry":{"type":"Polygon","coordinates":[[[44.136579672502506,1.151131692540679],[43.724307093127024,0.800251446921251],[44.300696405871165,1.290809475142382],[44.136579672502506,1.151131692540679]]]},"properties":{"NAME":null,"SUBJECTO":null,"PARTOF":null}},
{"type":"Feature","geometry":{"type":"Polygon","coordinates":[[[-17.22053810645794,14.725009523589037],[-17.050065007703058,14.585562311369799],[-16.87041946937298,14.363524996001146],[-13.395529310272655,14.916671886604806],[-6.264794123357348,13.351095379469161],[2.345904970276228,13.285633546771772],[8.26576059714931,12.367349972804174],[17.750983817480044,12.82691062976631],[20.441827284240546,11.972795349850172],[23.19994183767005,11.775300538947805],[24.074465964367207,11.181973046384048],[30.599761371261398,11.115971520296771],[32.879012053950184,12.47057777553059],[31.79791680409795,12.522213583776395],[31.057853792109913,13.127719684493883],[29.846841590674938,15.347908720458005],[29.510449312498555,17.433540845151573],[29.846841590674938,20.124679070562628],[31.057853792109913,22.68126038470313],[28.40615598944454,27.74338300369825],[26.742965374438096,28.574978311201477],[22.307790401087573,29.960970490373516],[18.6118112566288,29.406573618704698],[14.453834719112688,31.162163712322617],[9.833860788539226,32.91775380594053],[8.63266756659013,34.02654754927816],[7.985871216309846,35.50493920706167],[-8.640263524445349,33.12173422427539],[-9.813266721161657,31.289060197786135],[-9.662592854993097,29.95481642361345],[-11.576458898083917,28.228616319853685],[-12.866208997266046,27.857324205595873],[-13.628725018994562,26.591056429106615],[-14.367254224316827,26.119227968413256],[-14.820046391980402,24.73287733669939],[-15.714025464551202,23.873057924467943],[-16.80602165748333,21.989650331694506],[-16.84450050880169,20.940990053374193],[-16.71086594154095,20.890441499907396],[-16.34728142310833,20.522616945464037],[-16.1906518607304,19.029531084257982],[-16.05569073249554,18.67393263455095],[-15.982691731946222,18.178399645048998],[-16.450055089490167,16.11839064236345],[-17.22053810645794,14.725009523589037]]]},"properties":{"NAME":null,"SUBJECTO":null,"PARTOF":null}},
{"type":"Feature","geometry":{"type":"Polygon","coordinates":[[[37.165026901698354,20.76426918196936],[37.12776854942585,21.227176271635912],[37.135740918059156,21.128125569264505],[34.551252367032575,20.183338169145948],[35.22911804149705,18.509996135315994],[35.969181053485094,15.482465631728555],[35.82926599345835,14.223975272058462],[39.23590702458268,16.248613143243993],[39.517928156359446,15.46304854031267],[38.685671839220774,18.002805315215014],[37.39818480919148,18.91500052090349],[37.165026901698354,20.76426918196936]]]},"properties":{"NAME":null,"SUBJECTO":null,"PARTOF":null}},
{"type":"Feature","geometry":{"type":"Polygon","coordinates":[[[-80.44717880775188,27.775628648955248],[-80.59153010156074,28.49188131613878],[-82.4292878775761,27.826148592192553],[-82.31009384681438,26.82493170376482],[-81.09792038490032,25.125047289091967],[-80.31409927894329,25.243880830962084],[-80.04998489906048,26.551089845854662],[-80.44717880775188,27.775628648955248]]]},"properties":{"NAME":"Glades Culture","SUBJECTO":"Glades Culture","PARTOF":"Glades Culture"}},
{"type":"Feature","geometry":{"type":"Polygon","coordinates":[[[-4.153334,53.225555],[-4.276945,53.398331],[-4.5675,53.273331],[-4.351389,53.124443],[-4.153334,53.225555]]]},"properties":{"NAME":null,"SUBJECTO":null,"PARTOF":null}},
{"type":"Feature","geometry":{"type":"Polygon","coordinates":[[[-5.103612,55.438606],[-5.154723,55.673332],[-5.400278,55.600555],[-5.103612,55.438606]]]},"properties":{"NAME":null,"SUBJECTO":null,"PARTOF":null}},
{"type":"Feature","geometry":{"type":"Polygon","coordinates":[[[-6.121667,55.878883],[-6.3275,55.589439],[-6.024723,55.68083200000012],[-6.121667,55.878883]]]},"properties":{"NAME":null,"SUBJECTO":null,"PARTOF":null}},
{"type":"Feature","geometry":{"type":"Polygon","coordinates":[[[-5.946945,55.829994],[-5.746112,56.06360600000011],[-5.968056,56.023605],[-6.078889,55.905548],[-5.946945,55.829994]]]},"properties":{"NAME":null,"SUBJECTO":null,"PARTOF":null}},
{"type":"Feature","geometry":{"type":"Polygon","coordinates":[[[-7.466945,56.940826],[-7.376112,56.978607],[-7.445556,57.05555],[-7.553612,56.966385],[-7.466945,56.940826]]]},"properties":{"NAME":null,"SUBJECTO":null,"PARTOF":null}},
{"type":"Feature","geometry":{"type":"Polygon","coordinates":[[[-7.223056,57.337494],[-7.425,57.382217],[-7.38139,57.108604],[-7.230278,57.09471900000011],[-7.223056,57.337494]]]},"properties":{"NAME":null,"SUBJECTO":null,"PARTOF":null}},
{"type":"Feature","geometry":{"type":"Polygon","coordinates":[[[-7.268889,57.39888800000011],[-7.204722,57.460831],[-7.351111,57.489441],[-7.388056,57.423882],[-7.268889,57.39888800000011]]]},"properties":{"NAME":null,"SUBJECTO":null,"PARTOF":null}},
{"type":"Feature","geometry":{"type":"Polygon","coordinates":[[[-7.188612,57.68721800000014],[-7.476945,57.562492],[-7.15389,57.509438],[-7.188612,57.68721800000014]]]},"properties":{"NAME":null,"SUBJECTO":null,"PARTOF":null}},
{"type":"Feature","geometry":{"type":"Polygon","coordinates":[[[-7.00639,57.881386000000134],[-6.993611,57.91861],[-7.073611,57.896111],[-7.00639,57.881386000000134]]]},"properties":{"NAME":null,"SUBJECTO":null,"PARTOF":null}},
{"type":"Feature","geometry":{"type":"Polygon","coordinates":[[[-6.802222,58.203049],[-6.794445,58.218048],[-6.854167,58.25],[-6.873056,58.206383],[-6.802222,58.203049]]]},"properties":{"NAME":null,"SUBJECTO":null,"PARTOF":null}},
{"type":"Feature","geometry":{"type":"Polygon","coordinates":[[[-6.204167,58.35611],[-7.031945,58.238052],[-6.473889,57.940277],[-6.204167,58.35611]]]},"properties":{"NAME":null,"SUBJECTO":null,"PARTOF":null}},
{"type":"Feature","geometry":{"type":"Polygon","coordinates":[[[-2.918334,58.731941],[-2.876667,58.820274],[-3.036945,58.818054],[-2.918334,58.731941]]]},"properties":{"NAME":null,"SUBJECTO":null,"PARTOF":null}},
{"type":"Feature","geometry":{"type":"Polygon","coordinates":[[[-3.231389,58.775551],[-3.136389,58.804161],[-3.335556,58.927498],[-3.431111,58.871384],[-3.231389,58.775551]]]},"properties":{"NAME":null,"SUBJECTO":null,"PARTOF":null}},
{"type":"Feature","geometry":{"type":"Polygon","coordinates":[[[-2.793056,58.951385],[-3.076945,59.121666],[-3.195,58.91111000000012],[-2.793056,58.951385]]]},"properties":{"NAME":null,"SUBJECTO":null,"PARTOF":null}},
{"type":"Feature","geometry":{"type":"Polygon","coordinates":[[[-2.681389,59.195831],[-2.620556,59.236107],[-2.495556,59.244995],[-2.414444,59.313606],[-2.592778,59.29055],[-2.681389,59.195831]]]},"properties":{"NAME":null,"SUBJECTO":null,"PARTOF":null}},
{"type":"Feature","geometry":{"type":"Polygon","coordinates":[[[-2.89,59.29527300000012],[-3.048889,59.329163],[-3.003334,59.263611],[-2.971945,59.287216],[-2.89,59.29527300000012]]]},"properties":{"NAME":null,"SUBJECTO":null,"PARTOF":null}},
{"type":"Feature","geometry":{"type":"Polygon","coordinates":[[[-1.296111,60.491104],[-1.320278,60.356384],[-1.655,60.226105],[-1.126111,60.151665],[-1.041389,60.446938],[-1.296111,60.491104]]]},"properties":{"NAME":null,"SUBJECTO":null,"PARTOF":null}},
{"type":"Feature","geometry":{"type":"Polygon","coordinates":[[[-1.029444,60.495827],[-0.991111,60.719994],[-1.177222,60.63666500000011],[-1.029444,60.495827]]]},"properties":{"NAME":null,"SUBJECTO":null,"PARTOF":null}},
{"type":"Feature","geometry":{"type":"Polygon","coordinates":[[[-0.819722,60.68888900000013],[-0.767778,60.82888800000012],[-0.938889,60.79444100000012],[-0.965556,60.688049],[-0.819722,60.68888900000013]]]},"properties":{"NAME":null,"SUBJECTO":null,"PARTOF":null}},
{"type":"Feature","geometry":{"type":"Polygon","coordinates":[[[-6.706944,61.937492000000134],[-6.718889,62.02861],[-7.192223,62.3077770000001],[-7.232223,62.172493],[-6.706944,61.937492000000134]]]},"properties":{"NAME":null,"SUBJECTO":null,"PARTOF":null}},
{"type":"Feature","geometry":{"type":"Polygon","coordinates":[[[-4.777779,54.05555],[-4.394444,54.186386],[-4.5275,54.367218],[-4.777779,54.05555]]]},"properties":{"NAME":null,"SUBJECTO":null,"PARTOF":null}},
{"type":"Feature","geometry":{"type":"Polygon","coordinates":[[[18.206108,56.911942],[18.711941,57.241661],[18.809166,57.703606],[18.111385,57.51944],[18.206108,56.911942]]]},"properties":{"NAME":null,"SUBJECTO":null,"PARTOF":null}},
{"type":"Feature","geometry":{"type":"Polygon","coordinates":[[[129.715515,28.451107],[129.157745,28.234993],[129.368561,28.116108],[129.715515,28.451107]]]},"properties":{"NAME":null,"SUBJECTO":null,"PARTOF":null}},
{"type":"Feature","geometry":{"type":"Polygon","coordinates":[[[129.963013,29.957218000000125],[129.94165,30],[129.92358400000012,29.983883],[129.963013,29.957218000000125]]]},"properties":{"NAME":null,"SUBJECTO":null,"PARTOF":null}},
{"type":"Feature","geometry":{"type":"Polygon","coordinates":[[[129.89636200000018,29.87416500000012],[129.877167,29.83083],[129.923309,29.824997],[129.89636200000018,29.87416500000012]]]},"properties":{"NAME":null,"SUBJECTO":null,"PARTOF":null}},
{"type":"Feature","geometry":{"type":"Polygon","coordinates":[[[130.906097,30.354717000000107],[131.074402,30.689163],[130.945251,30.683331000000123],[130.906097,30.354717000000107]]]},"properties":{"NAME":null,"SUBJECTO":null,"PARTOF":null}},
{"type":"Feature","geometry":{"type":"Polygon","coordinates":[[[130.558594,30.236382000000106],[130.671906,30.373329000000126],[130.510803,30.458885000000123],[130.387207,30.397217],[130.558594,30.236382000000106]]]},"properties":{"NAME":null,"SUBJECTO":null,"PARTOF":null}},
{"type":"Feature","geometry":{"type":"Polygon","coordinates":[[[121.734711,25.138885],[121.384987,25.157497],[121.00166300000012,25.001663],[120.697746,24.60083],[120.694702,24.59638600000011],[120.665817,24.533054],[120.642761,24.47916],[120.558868,24.385273],[120.4272,24.149998],[120.11554,23.631386],[120.049149,23.060829],[120.328598,22.519444],[120.573036,22.366108],[120.674988,22.181938],[120.69303900000011,22.104443],[120.68637100000012,22.053608],[120.698318,21.945827],[120.88247700000011,22.039440000000127],[120.878593,22.341385000000116],[121.839706,24.476383000000112],[121.81694000000016,24.847775],[121.999153,25.01083],[121.734711,25.138885]]]},"properties":{"NAME":null,"SUBJECTO":null,"PARTOF":null}},
{"type":"Feature","geometry":{"type":"Polygon","coordinates":[[[128.900818,32.643051],[128.649414,32.777771],[128.610229,32.61166400000013],[128.900818,32.643051]]]},"properties":{"NAME":null,"SUBJECTO":null,"PARTOF":null}},
{"type":"Feature","geometry":{"type":"Polygon","coordinates":[[[128.532471,38.330551],[128.279694,38.43027500000011],[128.260529,38.411659],[128.2435610000001,38.395271],[128.150818,38.335266000000104],[128.01052900000013,38.30555],[127.133881,38.29916400000013],[126.54749300000015,37.647217],[126.766098,37.231934],[126.658867,37.248604000000114],[126.660812,37.161934],[126.661102,37.156097],[126.723038,37.131660000000124],[126.738586,37.14888],[126.75943,37.168884],[126.769989,37.174164],[126.869141,37.176384],[126.85942100000011,37.138885],[126.77304100000015,37.118599],[126.754173,37.054161000000136],[126.752777,37.04860700000012],[126.756104,37.044441],[126.865807,36.950546],[126.921654,36.916939],[126.99220300000013,36.91082],[126.846367,36.752495000000124],[126.823318,36.913879],[126.781097,36.963608],[126.76138300000014,36.969986],[126.499153,37.049721],[126.44914200000017,36.99137900000011],[126.33499100000017,36.9855500000001],[126.344994,36.95665700000012],[126.352768,36.948875],[126.38304100000016,36.929436],[126.32083100000011,36.8780440000001],[126.32166300000017,36.884438],[126.308868,36.942215],[126.304428,36.962212],[126.286102,36.959991],[126.184418,36.878326],[126.19166600000017,36.819885],[126.12359600000013,36.70916000000011],[126.49720800000011,36.72387700000013],[126.544418,36.136406],[126.75193800000011,35.778328],[126.479431,35.639992],[126.371368,34.789162],[126.620247,34.624161],[126.463318,34.484718],[126.478317,34.345268],[126.524986,34.316101],[126.556374,34.300545],[126.60027300000013,34.30027],[126.683868,34.434433000000126],[126.772491,34.582771],[126.800812,34.46305100000012],[126.81694,34.44249],[126.889427,34.412491],[126.896942,34.449158],[126.98552700000016,34.526382],[126.989433,34.537773],[127.00972000000013,34.602219],[127.21666000000016,34.707497],[127.27388,34.727486],[127.328598,34.74305],[127.352768,34.692764],[127.242203,34.569443],[127.315262,34.443604],[127.554153,34.656097],[128.451904,34.845543],[129.136932,35.11221300000011],[129.43942300000015,35.475822],[129.342468,37.257217],[128.532471,38.330551]]]},"properties":{"NAME":null,"SUBJECTO":null,"PARTOF":null}},
{"type":"Feature","geometry":{"type":"Polygon","coordinates":[[[123.870819,24.252499],[123.92192100000011,24.371109],[123.767212,24.41444],[123.678864,24.316109],[123.870819,24.252499]]]},"properties":{"NAME":null,"SUBJECTO":null,"PARTOF":null}},
{"type":"Feature","geometry":{"type":"Polygon","coordinates":[[[125.356369,24.776665],[125.261932,24.878883],[125.252213,24.737774],[125.356369,24.776665]]]},"properties":{"NAME":null,"SUBJECTO":null,"PARTOF":null}},
{"type":"Feature","geometry":{"type":"Polygon","coordinates":[[[124.26165800000012,24.457497],[124.077766,24.419994],[124.121918,24.344997],[124.22971300000017,24.338329],[124.26165800000012,24.457497]]]},"properties":{"NAME":null,"SUBJECTO":null,"PARTOF":null}},
{"type":"Feature","geometry":{"type":"Polygon","coordinates":[[[128.252777,26.63888500000013],[128.247192,26.839996],[127.958878,26.544441],[128.252777,26.63888500000013]]]},"properties":{"NAME":null,"SUBJECTO":null,"PARTOF":null}},
{"type":"Feature","geometry":{"type":"Polygon","coordinates":[[[126.76193200000012,26.38694],[126.701927,26.348606],[126.781097,26.29833200000013],[126.8099820000001,26.346943],[126.76193200000012,26.38694]]]},"properties":{"NAME":null,"SUBJECTO":null,"PARTOF":null}},
{"type":"Feature","geometry":{"type":"Polygon","coordinates":[[[128.95108,27.67582700000014],[129.029968,27.774441000000138],[128.89886500000011,27.89777400000014],[128.89721700000018,27.725826],[128.95108,27.67582700000014]]]},"properties":{"NAME":null,"SUBJECTO":null,"PARTOF":null}},
{"type":"Feature","geometry":{"type":"Polygon","coordinates":[[[128.609131,27.358887],[128.69635000000017,27.4486050000001],[128.52359000000013,27.413609],[128.609131,27.358887]]]},"properties":{"NAME":null,"SUBJECTO":null,"PARTOF":null}},
{"type":"Feature","geometry":{"type":"Polygon","coordinates":[[[129.992188,28.281666],[130.0324710000001,28.35305],[129.943024,28.32222],[129.992188,28.281666]]]},"properties":{"NAME":null,"SUBJECTO":null,"PARTOF":null}},
{"type":"Feature","geometry":{"type":"Polygon","coordinates":[[[129.33609000000013,28.075275],[129.3402400000001,28.110828],[129.223846,28.183605],[129.219116,28.097775],[129.33609000000013,28.075275]]]},"properties":{"NAME":null,"SUBJECTO":null,"PARTOF":null}},
{"type":"Feature","geometry":{"type":"Polygon","coordinates":[[[129.733032,29.609718],[129.75332600000013,29.64777400000014],[129.70968600000015,29.651661],[129.733032,29.609718]]]},"properties":{"NAME":null,"SUBJECTO":null,"PARTOF":null}},
{"type":"Feature","geometry":{"type":"Polygon","coordinates":[[[13.488256476328631,57.83423113766184],[14.545230168008871,57.25521323213008],[14.9636155876323,57.82250627753851],[13.488256476328631,57.83423113766184]]]},"properties":{"NAME":"Heruli","SUBJECTO":"Heruli","PARTOF":"Heruli"}}
]}