{"type":"FeatureCollection", "features": [
{"type":"Feature","geometry":{"type":"Polygon","coordinates":[[[5.823500189391357,49.50710638614063],[6.433043036071044,49.445331178621096],[6.108513388243896,50.11745413394336],[5.823500189391357,49.50710638614063]]]},"properties":{"NAME":"Luxembourg","SUBJECTO":"Luxembourg","PARTOF":"Luxembourg"}},
{"type":"Feature","geometry":{"type":"MultiPolygon","coordinates":[[[[33.92467406710742,34.95322760196094],[32.81907180270312,35.2817455157793],[32.60339263400195,34.61473425479297],[33.92467406710742,34.95322760196094]]],[[[18.51358893832324,42.362140260652346],[19.60696509799121,41.761539064363284],[19.369067225066406,40.26028021426563],[20.028559717742187,39.81378134341602],[21.172404322234375,38.34783896060352],[21.22843078097461,37.90490683169727],[22.39029601534961,36.524371705964846],[22.886887583342773,37.04668005557422],[22.638745340911132,37.492286287263674],[23.555766138640625,38.351764284089846],[22.720257792083007,39.287269197419924],[22.60226539095996,40.39723929019336],[23.595772776213867,40.19231756778125],[23.885952982512695,40.732894502595705],[25.04631713351367,40.952273927644534],[25.992875132170898,40.85245855899219],[26.613572153655273,40.39804037661914],[27.474169764128906,40.962833009675784],[28.827807459441406,40.91469915957813],[27.50195029696582,42.51634558291797],[28.445693049041015,43.476363740876955],[28.686247858611328,44.48805197329883],[29.7107649179375,45.25833471866016],[29.629511866179687,45.75035818667774],[30.43284740345622,46.17574956961106],[29.426659831176035,46.81607540680601],[28.90822219965315,47.818388161083575],[27.70611861666797,48.43969687075977],[26.16266290937989,48.9405896176508],[26.190974024093013,46.80861621817781],[24.942133375242317,45.96480496895437],[24.06456967604994,46.09981476883012],[22.47820452750987,45.728537819171805],[22.13289741000293,44.511233888582034],[20.78925983586372,44.74210333666879],[20.188182881471295,45.25969738072894],[19.011731180754882,45.45881613345508],[18.258387598601562,45.1223216876543],[15.827597651091796,45.20267828555469],[15.757285151091796,44.785831056550784],[17.547980341521484,42.92011984439258],[17.64638045748828,42.864600740388674],[18.51358893832324,42.362140260652346]]],[[[50.968333277312496,24.436244569734377],[49.93686202487109,25.95578344912891],[50.1217642160332,26.737586580232424],[48.85502150973437,27.52269133181934],[47.91136077365039,29.89029272647266],[48.5536489816582,29.99462278933887],[47.68874648532031,30.882104478791994],[47.793040308562496,31.797170244172854],[46.508486780730465,32.81228216739063],[45.50621322116015,33.797252260164065],[45.67085174044726,34.61730917544727],[46.18439391574023,35.05844458194141],[46.21102050265429,35.7838207110918],[45.38811400851367,35.925574861482424],[44.79458907565234,37.13180502505664],[44.20520690402148,37.8674274310625],[43.84727004489062,40.74996527285938],[42.87842467745898,41.54550512881641],[41.48396209200976,41.436542116121096],[40.36101439913867,40.963443361238284],[38.6511831613457,40.92156942935352],[36.38289550265429,41.23751791568164],[35.957793268767574,41.685645662263674],[33.55554107150195,41.982501588777346],[32.418982538787105,41.74916800113086],[30.744805368987304,41.04032476992969],[27.76389411410449,40.28725393863086],[26.76528266390918,40.37694128604297],[26.127575907317382,39.878558717683596],[26.70794394930957,39.18212851138477],[27.160407099333984,37.36008032412891],[27.998808893767578,36.909366212800784],[29.002251658049804,36.69479712100391],[29.29818824252246,36.17311819644336],[30.472832712737304,36.18825491519336],[30.59359076937793,36.76173361392383],[31.37069037875293,36.712344728425784],[32.33497909030078,36.128367982820315],[33.171336207,35.97088202090625],[34.48512938937304,36.626781068757815],[35.70863250216601,36.21223410220508],[35.87306502780078,34.422286592439455],[34.84289077242968,32.670699678376955],[34.146304163542965,31.20857962222461],[34.93554213961718,29.418094240144534],[34.88559249362109,28.357480607942385],[35.43649581393359,27.72965582461719],[37.21826842745898,25.166631303743166],[37.201453241912105,24.65831335635547],[38.329417261687496,23.8347183093584],[39.10219481906054,22.40044554324512],[39.16673949679492,21.218801103547854],[39.76407912692187,20.406795106843752],[40.81975844821093,19.68472059817676],[41.922550675010456,20.766511713374978],[41.8124565280542,21.71258711067685],[41.07042045024812,22.262737159805738],[40.64753768674403,24.152835076676563],[38.814055841182594,24.841439570166344],[37.363535735354745,27.957371649352076],[36.593479460352896,29.78728888284727],[36.52476660905813,31.161545908742568],[37.211895122005785,33.56649570405934],[38.03644933754296,34.59718847348081],[39.34199351214349,34.59718847348081],[40.02912202509114,34.39104991959652],[44.08318025148226,30.33699169320539],[44.839021615724675,29.993427436731572],[45.86971438514614,29.85600173414204],[46.90507516233225,29.437615717313662],[47.43863967379687,28.829289995149416],[48.46901696650477,26.69538684529435],[49.39540370586717,26.077795685719416],[49.70419928565464,24.410299554867095],[50.56882690905954,23.854467511249652],[50.968333277312496,24.436244569734377]]]]},"properties":{"NAME":"Ottoman Empire","SUBJECTO":"Ottoman Empire","PARTOF":"Ottoman Empire"}},
{"type":"Feature","geometry":{"type":"Polygon","coordinates":[[[91.60775283297656,27.641450487092776],[91.15224746188281,28.032367311433596],[89.36553481539843,27.876128755525393],[88.80257705172656,27.18099173159961],[88.86752608737109,26.908403001741213],[89.83439162692187,26.685449205354494],[91.16184524020312,26.750220857576174],[91.90890029391406,26.805301271394534],[91.60775283297656,27.641450487092776]]]},"properties":{"NAME":"Bhutan","SUBJECTO":"Bhutan","PARTOF":"Bhutan"}},
{"type":"Feature","geometry":{"type":"MultiPolygon","coordinates":[[[[-66.90559860745313,17.936208330110354],[-65.96735092678907,18.02719458194141],[-65.95150467434766,18.47215612979297],[-67.05517288723829,18.54607542605762],[-66.90559860745313,17.936208330110354]]],[[[-71.67702957669141,18.002502046541018],[-70.62097641507032,18.506677232698244],[-68.37292954007032,18.57504042239551],[-68.65684982815625,18.8731761798418],[-70.88160416165235,19.929931245759768],[-71.77705856839063,19.771005235627932],[-71.67702957669141,18.002502046541018]]],[[[-82.17722794094922,22.365911088899416],[-80.77649399319532,22.101897798494143],[-79.7345475820625,21.671853624299807],[-78.72787949124219,21.61678846927051],[-78.45036026516797,20.969003282502932],[-77.29118057766797,20.70449598880176],[-77.46084305325391,19.87143477054004],[-76.39845749417188,20.019895158723635],[-75.51905533352735,19.907353959993166],[-74.34484573880079,20.32301291079883],[-75.60392471829297,21.013194642976565],[-77.33981796780469,21.51166494937305],[-78.17056747952344,22.120128236726565],[-79.33041855374219,22.403718553499026],[-79.75995346585157,22.75878294558887],[-81.43114944973829,23.136655412629885],[-82.95926376858594,23.025355897859377],[-82.17722794094922,22.365911088899416]]]]},"properties":{"NAME":"Spain","SUBJECTO":"Spain","PARTOF":"Spain"}},
{"type":"Feature","geometry":{"type":"Polygon","coordinates":[[[-71.77705856839063,19.771005235627932],[-72.94038864651563,19.944619737581057],[-72.6764650014961,19.39217909427051],[-72.74589249173047,18.508500657991213],[-71.67702957669141,18.002502046541018],[-71.77705856839063,19.771005235627932]]]},"properties":{"NAME":"Haiti","SUBJECTO":"Haiti","PARTOF":"Haiti"}},
{"type":"Feature","geometry":{"type":"MultiPolygon","coordinates":[[[[-88.32046219387891,18.49439962954883],[-89.15433975735547,17.831187807039065],[-89.25114151516797,15.897466264680666],[-88.94077774563672,15.904618822053713],[-88.44453903714063,16.44117697329883],[-88.11193558255079,18.19392927737598],[-88.32046219387891,18.49439962954883]]],[[[-83.29642197171094,14.614999376252932],[-83.85824454282101,14.18462760074714],[-84.09496329410977,12.527596341725895],[-83.9000571473054,11.888261763595107],[-83.66236588040235,13.705296121553225],[-83.29642197171094,14.614999376252932]]]]},"properties":{"NAME":"United Kingdom","SUBJECTO":"United Kingdom","PARTOF":"United Kingdom"}},
{"type":"Feature","geometry":{"type":"MultiPolygon","coordinates":[[[[120.36362746676562,14.530945383027834],[121.00936416110156,13.655685029939455],[121.62493422946093,13.898409448579592],[122.49199965914843,13.430172525361819],[123.39762404879687,13.527418695405764],[122.39741042575,14.30663164706592],[121.72879317721484,14.108259759858889],[121.24220565280078,15.307833276704592],[121.43898299655078,15.918075166658205],[122.06395247897265,16.33230360598926],[122.3955793710625,17.114329896882815],[122.02781203707812,18.009172044709963],[121.03637221774218,18.527911745027346],[120.39307692965625,18.043792329744143],[120.30344680270312,16.417462907747073],[119.76202681979296,16.359140001252932],[119.77184585055468,15.469834886506838],[120.36362746676562,14.530945383027834]]],[[[121.09403518160937,12.201097093538088],[121.30447677096484,13.129049859956545],[120.54695418795703,13.152829729036135],[121.09403518160937,12.201097093538088]]],[[[121.87300399264453,10.468407236055178],[122.89682296237109,11.150391183809084],[121.99363997897265,11.758330903962893],[121.87300399264453,10.468407236055178]]],[[[122.94163039645312,9.047589860872073],[123.31205275973437,10.738339982942385],[122.92015365084765,10.851844392732424],[122.39562514742968,9.478434167817873],[122.94163039645312,9.047589860872073]]],[[[126.0452375741875,6.608192525819582],[126.321726832,7.148838602021975],[126.27187636813281,8.425783716157717],[125.93394759616015,9.17475088687305],[124.6705808969414,8.428687654451174],[123.66279891451953,8.013531290010256],[123.48587325533984,8.496016107515139],[122.09366897067187,7.775066934541506],[123.02297500094531,7.478448949769778],[123.46498397311328,7.790728651002688],[124.07358077487109,7.258353792146487],[123.86417678317187,6.851268373445315],[124.22405532321093,6.089605890229983],[125.07284835299609,5.722916685060305],[125.53285506686328,5.93994053454761],[125.28043654879687,6.593827806428713],[126.0452375741875,6.608192525819582]]]]},"properties":{"NAME":"Philippines","SUBJECTO":"Philippines","PARTOF":"Philippines"}},
{"type":"Feature","geometry":{"type":"Polygon","coordinates":[[[80.56289962252734,5.931666456178469],[81.2026853891289,6.079191289857668],[81.86616805514453,7.084561429933352],[81.32613662203906,8.25886782260303],[80.66241744479296,9.29945620150928],[80.17807296237109,9.445190034822268],[79.6746321054375,8.804930292085452],[79.85409072360156,7.061153493837161],[80.22215560397265,6.058007322267336],[80.56289962252734,5.931666456178469]]]},"properties":{"NAME":"Ceylon","SUBJECTO":"Ceylon","PARTOF":"Ceylon"}},
{"type":"Feature","geometry":{"type":"Polygon","coordinates":[[[44.67219832858203,-16.23558083920117],[43.971648249236324,-17.552675642057615],[44.25100997408984,-19.102844633146482],[44.5853872629082,-19.52796784786816],[44.47033599337695,-20.17013780026074],[43.81647399386523,-21.315555967374998],[43.5010252328789,-21.49418679623242],[43.37636474093554,-22.63212624935742],[43.8270750375664,-23.412924207731443],[43.67141250094531,-24.226787962003904],[44.425330195037105,-25.31205026058789],[45.576182398406246,-25.621076978727537],[46.85505965670703,-25.217951215788084],[47.25847915133593,-24.765831388517576],[48.087378534880855,-22.04376069454785],[49.34185317477343,-18.227621473356443],[49.42470839938281,-17.197809614225584],[50.50334075411914,-15.314229406400877],[50.15020278414843,-14.418864645048338],[49.8171873422539,-12.830713666959959],[49.176333460417965,-12.266468442960935],[48.75133803805468,-13.417710699125486],[48.22359755953906,-13.793814100309568],[46.92456725558398,-15.360046781583982],[46.142283472624996,-15.825677312895017],[44.67219832858203,-16.23558083920117]],[[48.022115607295916,-17.999297017472827],[48.90986463784273,-17.999297017472827],[48.495581756920885,-18.88704604801965],[48.318031950811516,-20.070711422082077],[47.37109965156158,-21.01764372133202],[46.66090042712412,-23.266607932050636],[44.9445856347336,-22.378858901503815],[46.12825100879603,-20.66254410911329],[46.6535025185362,-17.73297230830884],[47.48206828037989,-16.904406546465143],[48.022115607295916,-17.999297017472827]]]},"properties":{"NAME":null,"SUBJECTO":null,"PARTOF":null}},
{"type":"Feature","geometry":{"type":"MultiPolygon","coordinates":[[[[175.3076887460625,-37.32097665218945],[174.2168684335625,-35.33676568417187],[173.16649917086718,-35.420879758878904],[174.76465896090625,-37.29654351620312],[174.94512465914843,-37.92838326840039],[174.6547346445,-38.983257688566404],[173.80480483492968,-39.41970483212109],[175.3535871835625,-40.29998055843945],[174.89535048922656,-41.29614297299023],[176.01143935641406,-41.25534478573437],[177.1565656991875,-39.85422173885937],[177.02379897555468,-39.44519845394726],[178.40819838961718,-38.77115289120312],[178.5691633554375,-37.92103997616406],[177.5283918710625,-38.2042163982832],[176.12923720797656,-37.798233427091795],[175.3076887460625,-37.32097665218945]]],[[[172.06266311129687,-43.92314187435742],[174.2335462900078,-42.0112346783125],[174.0584974618828,-41.29139367489453],[173.26403335055468,-41.54367486385937],[172.43737319430468,-40.753101743742185],[172.14788344821093,-41.57805673031445],[171.45835402926562,-41.99285165218945],[171.02405837496875,-42.886883176847654],[169.64876845797656,-43.74075738339062],[168.41573623141406,-44.220909513517576],[167.13749221285937,-45.19984856991406],[167.28119948825,-45.562923826261716],[166.52276137789843,-46.232723630949216],[169.39930251559375,-46.70957223324414],[170.61156753024218,-45.946060575529295],[171.37786391696093,-44.337749876066404],[172.06266311129687,-43.92314187435742]]]]},"properties":{"NAME":"Maori","SUBJECTO":"Maori","PARTOF":"Maori"}},
{"type":"Feature","geometry":{"type":"MultiPolygon","coordinates":[[[[-6.343146768006104,53.93964346499805],[-5.661512818726319,54.32224615664844],[-6.018187966736573,55.093001924470705],[-7.426504734337652,55.29408603133693],[-8.345380750092286,55.09528311343555],[-8.590084996613282,54.20284994693164],[-9.891974416168946,54.32558401675586],[-9.80959984341504,53.63241537661914],[-9.158159222992676,53.2206989154375],[-9.890640225800293,52.19443091006641],[-9.819109883698243,51.434554658845705],[-8.565231290253418,51.61545141787891],[-7.750648942383545,52.03270681949024],[-6.405971017273682,52.21443899722461],[-6.043061223419922,52.89308889956836],[-6.343146768006104,53.93964346499805]]],[[[0.081015858260375,53.3862262591875],[-1.719010558518189,55.4537425860918],[-2.742131438645142,55.95718725772266],[-2.150362935456055,57.571979127839846],[-4.148425546082276,57.55452688784961],[-4.509851899536866,58.40292700381641],[-5.762965646179932,57.61977728457813],[-5.633057561310547,55.93986090274219],[-3.576675858887452,54.924483858064455],[-2.865320411118287,54.02827414126758],[-2.914475407990235,53.26714285464649],[-4.317542043122071,53.09120901675586],[-4.159330811890381,51.67681463809375],[-4.604564633759278,50.77874716372852],[-3.521466937454957,50.61743124575977],[-1.103359904679078,50.816714845613284],[0.191810223666412,50.73128470034961],[1.334964427558166,51.12069662661914],[0.68621805628894,51.56038626284961],[1.691691670027954,52.311420045808596],[1.375926766005737,52.809241853669924],[0.081015858260375,53.3862262591875]]]]},"properties":{"NAME":"United Kingdom of Great Britain and Ireland","SUBJECTO":"United Kingdom of Great Britain and Ireland","PARTOF":"United Kingdom of Great Britain and Ireland"}},
{"type":"Feature","geometry":{"type":"Polygon","coordinates":[[[-8.806055035980958,41.889178834871096],[-6.708704438599366,41.96004446597461],[-6.139497723969239,41.526439271882815],[-6.796627965363282,41.09282644839649],[-6.933383431824463,38.961349092439455],[-7.393876519593018,38.294986329988284],[-7.491503682526368,37.20815619082813],[-6.632153954895752,37.02175100894336],[-6.204461064728516,36.28209646792774],[-5.660587277802247,36.008006654695315],[-4.446585622223633,36.72201880069141],[-2.238797393234986,36.728396974519534],[-1.816879835518616,37.2924762591875],[-0.918272283467072,37.57034262271289],[-0.435155328902024,38.43033941836719],[0.172570082751495,38.738345704988284],[-0.394848432930726,39.434459291414065],[0.879201922026855,41.0217357501543],[2.080724749175292,41.29848822207813],[3.128878864852172,41.85722693057422],[3.087081465331298,42.36864431949024],[2.363173756209594,42.293494783357424],[0.744199428168518,42.77189215274219],[-0.611982133778351,42.73087652774219],[-1.914577808769959,43.3054157123125],[-3.4170004991615,43.37565191836719],[-5.979656186493653,43.70537909121875],[-7.636274781616944,43.721412263826174],[-9.270803418549317,43.048690401033205],[-8.644062962921875,42.419749818757815],[-8.806055035980958,41.889178834871096]]]},"properties":{"NAME":"Spain","SUBJECTO":"Spain","PARTOF":"Spain"}},
{"type":"Feature","geometry":{"type":"Polygon","coordinates":[[[-7.491503682526368,37.20815619082813],[-7.393876519593018,38.294986329988284],[-6.933383431824463,38.961349092439455],[-6.796627965363282,41.09282644839649],[-6.139497723969239,41.526439271882815],[-6.708704438599366,41.96004446597461],[-8.806055035980958,41.889178834871096],[-8.694069829376954,40.992171846345705],[-9.549007382782715,38.77451666446094],[-8.853651967438477,38.4996410235918],[-8.667059865387696,37.12144049258594],[-7.491503682526368,37.20815619082813]]]},"properties":{"NAME":"Portugal","SUBJECTO":"Portugal","PARTOF":"Portugal"}},
{"type":"Feature","geometry":{"type":"Polygon","coordinates":[[[61.221343073455074,35.581615053132815],[60.787024530974605,34.384776674226565],[60.8530874582207,33.48375662417774],[60.54009536227343,32.993175111726565],[60.79381469210742,31.578881822541994],[61.69356826266406,31.266557298616213],[61.77916625460742,30.9051528796709],[60.82045653781054,29.833345018342776],[62.36863997897265,29.384700380281252],[64.08925918063281,29.3945327624834],[66.09057143649218,29.736140809968752],[66.46658614596484,30.842952333406252],[67.5698957773125,31.18569143863086],[68.24271682223437,31.76717909427051],[69.05334762057421,31.625777803376955],[69.50792220553515,32.94862326236133],[70.28924087008593,33.28308065982227],[71.65887740573046,35.12511023135547],[71.32484725436328,36.05156668277149],[72.37272170504687,36.717723451570315],[73.78628066500781,36.72689016909961],[74.52053359469531,37.004581056550784],[74.73327163180468,37.20940359683399],[73.04716018160937,37.32828863711719],[71.84756759127734,36.7160716876543],[71.30323317965625,37.17035635562305],[71.44410994967578,37.83401449771289],[70.71880629977343,38.364886842683596],[70.02215102633593,37.45688208194141],[69.30783370455859,37.08373221011524],[68.70652297457812,37.18221624942188],[67.8555403085625,36.85289343448047],[67.51531508883593,37.213782869294924],[65.72472670992968,37.490279756501955],[64.82598403414843,37.14788397403125],[64.540720972625,36.338092409089846],[63.11659530123828,35.78940924258594],[62.67759231051562,35.265460573152346],[61.221343073455074,35.581615053132815]]]},"properties":{"NAME":"Afghanistan","SUBJECTO":"Afghanistan","PARTOF":"Afghanistan"}},
{"type":"Feature","geometry":{"type":"MultiPolygon","coordinates":[[[[100.1587400766289,6.340098463014407],[100.66430953463671,3.903745017961306],[101.33639815768359,2.780523143724245],[103.42773726901171,1.380763731912417],[104.17563918551562,1.388738475755495],[103.30775741061328,3.026256643251223],[103.34182265719531,4.805444799379153],[102.32511428317187,6.099444948152346],[102.0738020273125,6.154240690187258],[101.76259902438281,5.586182676271243],[100.61741164645312,6.422341428712649],[100.1587400766289,6.340098463014407]]],[[[114.07372573336718,4.455024801210207],[112.75924972018359,3.008589826539797],[111.37182906588671,2.598927341417117],[110.81756118258593,1.244261227563662],[109.5175047250664,1.820520602182192],[109.64750197848437,1.464270912126345],[110.54860213717578,0.726002536729617],[111.56202224215625,0.763813756421847],[112.39998153170703,1.429807148889346],[113.67678359469531,1.145051680520815],[114.65887740573046,1.595793567613406],[115.53003982028125,3.170721374467654],[115.70677474459765,4.156728349641604],[117.13814071139453,4.152523599580569],[117.55868819674609,3.980721078828616],[118.39120772799609,4.374171338990969],[119.04260543307421,5.169805131868166],[118.3770246835625,5.638547502473635],[117.37006667575,5.788860403016848],[117.50709060153125,6.39277084918384],[116.5956297250664,6.899092756227297],[115.78708938082812,5.740099035218996],[114.96151259860156,4.876515947297854],[115.16134170016406,4.309385381654543],[114.43372634371875,3.998343549684328],[114.07372573336718,4.455024801210207]]]]},"properties":{"NAME":"Malaya","SUBJECTO":"Malaya","PARTOF":"Malaya"}},
{"type":"Feature","geometry":{"type":"Polygon","coordinates":[[[146.71273330172656,-43.72180978207226],[147.81531814059375,-42.96535149960156],[148.31925490817187,-41.80580560116406],[148.26952651461718,-41.09258309750195],[146.38221267184375,-41.308346189542966],[144.77613357028125,-40.842762388273435],[144.93604567965625,-41.709705747648435],[145.53049758395312,-42.34531060604687],[145.72265151461718,-43.24016610531445],[146.71273330172656,-43.72180978207226]]]},"properties":{"NAME":null,"SUBJECTO":null,"PARTOF":null}},
{"type":"Feature","geometry":{"type":"Polygon","coordinates":[[[81.02130416354296,30.246511064485354],[80.41290572604296,29.785207353547854],[80.09826949557421,28.951900087312502],[80.90562072004248,28.492734514748957],[82.81183150729296,27.53824385257129],[83.87434676608203,27.382001481965823],[86.7765379281914,26.46684416385059],[88.09216597994921,26.444518648103518],[88.23191359957812,26.757009111360354],[88.19726088961718,27.87575491519336],[87.21436599215625,27.843293748811526],[86.60393813571093,28.133468233064455],[85.14416793307421,28.341794572786135],[83.69781020602343,29.182548128083987],[83.40201095065234,29.539681993440432],[81.65574935397265,30.454833589509768],[81.02130416354296,30.246511064485354]]]},"properties":{"NAME":"Nepal","SUBJECTO":"Nepal","PARTOF":"Nepal"}},
{"type":"Feature","geometry":{"type":"Polygon","coordinates":[[[-61.114247289093754,10.821682535127444],[-61.80907532254102,10.724968515352053],[-61.20665833035352,10.118220888093752],[-61.114247289093754,10.821682535127444]]]},"properties":{"NAME":"Trinidad","SUBJECTO":"Trinidad","PARTOF":"Trinidad"}},
{"type":"Feature","geometry":{"type":"Polygon","coordinates":[[[114.07372573336718,4.455024801210207],[114.43372634371875,3.998343549684328],[115.16134170016406,4.309385381654543],[114.96151259860156,4.876515947297854],[114.07372573336718,4.455024801210207]]]},"properties":{"NAME":"Brunei","SUBJECTO":"Brunei","PARTOF":"Brunei"}},
{"type":"Feature","geometry":{"type":"MultiPolygon","coordinates":[[[[-76.13288973210058,44.32666667189694],[-74.78240677395704,45.012225709871096],[-71.53464981594922,44.95860632510547],[-70.5894288686836,45.294620119050784],[-69.04906937161329,47.46438177676563],[-67.698536839875,47.0410114154375],[-67.55923935452344,45.77224691958789],[-67.18675705471875,45.25231894107227],[-66.50201126614454,45.18606527896289],[-64.90547653714063,45.463199220613284],[-66.18949600735547,44.141307435945315],[-65.7125749258125,43.55995138736133],[-63.558861699494145,44.513187013582034],[-61.03208633938672,45.37883337588672],[-61.93980118313672,45.9215160235918],[-62.38964172879102,45.72244604678516],[-64.53479477444532,46.27165945620899],[-65.2130860952461,48.12142523379688],[-64.39767166653516,48.45612295718555],[-64.95240494290235,49.20725592227344],[-66.02990433255079,49.16588171573047],[-68.34129044094922,48.546458803132815],[-68.30696579495313,49.22692068667774],[-67.31770798245313,49.42533453555469],[-66.37273880520704,50.31387671084766],[-61.64020630398633,50.27692373843555],[-60.13784500637891,50.411700807527346],[-58.52433868924024,51.37948568911914],[-56.96410461941602,51.488441072419924],[-55.65902420559766,52.18734701724414],[-56.10974213162305,52.605228029207034],[-55.88126083889844,53.351932130769534],[-57.56114288845899,54.13071020694141],[-59.180756535919926,53.519141756013674],[-60.137238469513676,53.68431814761524],[-57.515351262482426,54.46576651187305],[-59.69376083889844,55.15365942569141],[-61.92769333401563,56.2729564532793],[-61.476098027619145,57.10406454654102],[-62.18601700344922,57.437240205720705],[-62.886959996613285,58.656444154695315],[-64.67062088528516,60.180919252351565],[-65.5553712514961,59.57577093692188],[-65.86144730130079,58.79534109683399],[-67.77240463772657,58.2485423907793],[-69.21422287503125,58.7476764545],[-70.02829453030469,60.88317068667774],[-73.39458176175,62.354999147371096],[-75.69460007229688,62.21628912539844],[-77.36155411282422,62.517493806794924],[-77.98535629788282,61.858924470857424],[-77.46218582669141,61.47258337588672],[-78.17645737210157,60.74176748843555],[-77.50717636624219,60.414630495027346],[-77.66153427639844,59.57363470645313],[-78.33678909817579,58.551471315339846],[-76.77238174954297,57.66250189395313],[-76.43862625637891,56.80968817325],[-77.2338380483711,55.60653647036914],[-79.5451173452461,54.69186361880664],[-78.49098679104688,52.25613745303516],[-79.59434982815625,51.265792451814455],[-80.36129471341016,51.304034791902346],[-80.87710281887891,51.90618475528125],[-81.747364964875,52.17009695620899],[-82.34120651760938,52.98082312198047],[-82.20208450833204,54.96887167544727],[-84.46836563626172,55.1668773517168],[-87.46717545071485,55.91202887149219],[-87.91419693508985,56.331946931794924],[-90,57.17785605044727],[-92.48305222073438,56.97671469302539],[-93.07417770901563,58.55101355166797],[-94.68383499661329,58.87849386783008],[-94.75318619290235,59.94999273867969],[-93.42261978665235,61.85803183169727],[-91.41749283352735,62.852889619783205],[-90,62.94618948550586],[-90,63.609088502839846],[-87.4352311758125,64.56887396426563],[-88.17144485989454,65.13038214297657],[-85.98714920559766,66.16278418155079],[-83.13871475735547,66.37349279971485],[-81.4992189077461,67.06891211123829],[-81.29496475735547,67.49872931094532],[-82.68726822415235,68.69747503848438],[-81.47992416897657,69.18864782901173],[-84.31351944485547,69.8262134418047],[-85.38107010403516,69.69533880801563],[-85.39984604397657,68.75995977969532],[-86.48843857327344,67.37778814883595],[-88.32388016262891,67.81254919619923],[-87.79025742092969,68.47801550479298],[-88.90501877346875,69.22760351748829],[-92.6712159780586,69.74241217227345],[-91.65772720852735,70.28584631533985],[-93.09945389309766,70.96879919619923],[-93.2711686758125,71.55854376407032],[-95.41064926663282,71.85898932071095],[-96.69965073147657,70.83835943789845],[-96.12698074856641,69.94084509463673],[-92.95613571682813,69.08434637637501],[-96.25960251370313,67.31505163760548],[-96.20792862454297,68.07355078311329],[-99.36766525784375,67.79192694278126],[-101.91296860257032,67.70532568545704],[-105.63597580471875,68.35485418887501],[-107.66202255764844,67.96261938662892],[-108.095021214875,67.35959967227345],[-110.53196426907422,67.92000921817188],[-112.50253006497266,67.69295843692188],[-115.2851075796211,68.89208563418751],[-117.83234116116407,69.00779303164845],[-122.32606216946485,69.88448675723438],[-123.80283829251172,69.43445929141407],[-125.97399612942579,69.43039282412892],[-127.35170456448438,70.38026007266407],[-129.01314255276563,69.72018011660938],[-131.67297836819532,69.27615698428517],[-135.43919846096875,69.5262866839922],[-136.20306870022657,68.87561377139454],[-141.0592546133125,69.59546240420704],[-140.97377487698438,66.0257984027422],[-140.92728134671094,63.785506807283205],[-140.89491745510938,60.38881643863086],[-139.00514694729688,60.258380495027346],[-137.22333237210157,58.88222845645313],[-135.85481735745313,59.646319948152346],[-133.50284287014844,58.42426260562305],[-131.72487350979688,56.60519369693164],[-130.28743454495313,56.107493959382815],[-130.00269028225782,55.28853949160938],[-130.2989244131172,54.54758032412891],[-130.0036363271797,53.93796118350391],[-128.8887681631172,53.418319307283205],[-127.55576798001172,52.167842470125],[-127.6749772695625,51.24528082461719],[-127.24746414700391,50.968116365388674],[-124.93922134915235,50.595809541658205],[-124.79498764553907,50.03529318423633],[-122.90025040188672,49.06718023867969],[-121.05180069485547,49.05083426089649],[-115.164601293,49.056190095857424],[-110.67026230374219,49.05406530948047],[-108.460743871125,49.059363923982424],[-104.26153275051954,49.05566366763477],[-100.45978256741407,49.043250642732424],[-94.81984421292188,49.05071219058399],[-93.71323868313672,48.57442434878711],[-92.83900925198438,48.51513632388477],[-91.68210312405469,48.03871878238086],[-90,48.248511873201174],[-89.62202966765464,47.96837637116081],[-88.09495135,49.0046085],[-86.38397137499999,48.7253306],[-85.79730079999999,47.966280275],[-85.026610175,47.939546825],[-84.442197375,46.817028875],[-84.7436376579549,46.4684444370234],[-83.82065216736616,46.15038273949706],[-83.613591625,46.26603575],[-80.8070809,45.954834575],[-79.91808425,44.9668327],[-80.22431855,44.5046083],[-81.094857375,44.79918825],[-81.7186113,44.1385907],[-81.807915275,43.3176176],[-82.29783905825836,43.02869867471761],[-83.05604489302539,42.02697781506355],[-82.48421580000002,41.96007515],[-81.439461875,42.5870946],[-79.05015837548426,42.852258967447526],[-79.14004738860244,43.22208175207458],[-79.152904575,43.772410875],[-76.13288973210058,44.32666667189694]]],[[[-98.87789627591016,68.88511999698048],[-96.79360672512891,68.52864416690235],[-95.51456924954297,68.80868872256642],[-97.74158188382032,69.8315616473711],[-98.87789627591016,68.88511999698048]]],[[[-101.40628525296094,72.29484900088673],[-98.93899246731641,71.39222296328907],[-96.84962173977735,71.87977179141407],[-96.68853470364454,72.81653936953907],[-98.39371201077344,73.13058050723438],[-96.93672653714063,73.78765448184376],[-99.66770645657422,73.91888769717579],[-99.95504471341016,73.26287420840626],[-101.40628525296094,72.29484900088673]]],[[[-95.49306198635938,73.61426123233204],[-95.05836960354688,72.28313788028126],[-92.00058456936719,72.84113653750782],[-90,73.59081610293751],[-90,73.99981268496876],[-95.06853958645704,74.06405218692188],[-95.49306198635938,73.61426123233204]]],[[[-125.64537521878125,49.056224428132815],[-124.49255081692579,48.60025366397266],[-123.86136337796094,49.157970033601565],[-124.71793076077344,49.49057348819141],[-125.71859451809766,50.409427247957034],[-127.84801956692579,50.86110647769336],[-125.64537521878125,49.056224428132815]]],[[[-111.7255372671211,72.3305850848711],[-114.64695450344922,73.35488470645313],[-117.21970840969922,72.85729559512501],[-118.98560806790235,72.03416784854298],[-117.31387802639844,71.47455175967579],[-117.56819626370313,69.99218329043751],[-115.90655228176954,69.35089453311329],[-113.92464920559766,69.24885138125782],[-113.15218063870313,68.59556921573048],[-110.44822403469922,68.65314062686329],[-107.53622910061719,69.05713995547657],[-106.8538331655586,69.45092352481251],[-104.18777176419141,68.89776190371876],[-101.80838486233594,69.13564642520313],[-101.05518051663282,70.03077276797657],[-103.86364456692579,70.70147284121876],[-105.31259628811719,72.65014227481251],[-108.18150803128125,73.38294561953907],[-108.98631760159375,72.73019751162892],[-111.7255372671211,72.3305850848711]]],[[[-125.18922897854688,71.92847784610157],[-123.46767136135938,71.19864233584767],[-120.84349533596875,71.53027685733204],[-120.45359512844922,72.29851111026173],[-115.65367600003125,73.63253363223438],[-117.33621689358594,74.1672778949297],[-119.55740067044141,74.16311224551563],[-121.23873611966016,74.58000525088673],[-124.90926071682813,74.44366034121876],[-124.06482407132032,73.86521490664845],[-125.34129044094922,72.96895941348438],[-125.18922897854688,71.92847784610157]]],[[[-114.37239548245313,76.46963080020313],[-116.29640671292188,76.23778875918751],[-115.18592545071485,75.15434607119923],[-112.20279404202344,74.49975927920704],[-109.07034012356641,75.13287695498829],[-105.77345749417188,75.23006781192188],[-105.91720291653516,76.02183874698048],[-111.38564011135938,75.65990789981251],[-114.37239548245313,76.46963080020313]]],[[[-57.81418701687696,49.201522432283205],[-58.39204498806836,49.036754213289065],[-59.1565560964668,47.6700511798418],[-56.80369278469922,47.615977846101565],[-56.07894608059766,47.865218721345705],[-53.896332707794926,47.556502901033205],[-54.125058141144535,47.11310537906055],[-53.06955811062696,46.731273256257815],[-52.72859665432813,47.45452459903125],[-54.1295785574043,48.83571585269336],[-56.66153427639844,50.05606039615039],[-55.55651947537305,51.325660310701174],[-56.15243240872266,51.47014959903125],[-57.35559937039258,50.59522970767383],[-58.12770172634961,49.49563940616016],[-57.81418701687696,49.201522432283205]]],[[[-87.05285355130079,63.751990877107424],[-85.60072800198438,63.74755819888477],[-84.65469070950391,63.31390341372852],[-83.51739212551954,64.05209692569142],[-82.19765183010938,63.68960150332813],[-82.10960861721875,64.6435733661211],[-85.5575456289375,65.86355169864063],[-86.24284073391797,64.54231604190235],[-87.05285355130079,63.751990877107424]]],[[[-76.79418655911329,68.14715155215626],[-77.06481644192579,67.328731142],[-75.77039810696485,67.30152472110157],[-75.11950394192579,68.11297186465626],[-76.79418655911329,68.14715155215626]]],[[[-71.25812241116407,63.567279420808596],[-71.3189210561836,63.06125982852344],[-69.15526291409375,62.419620119050784],[-65.94033524075391,61.789996705964846],[-66.49595352688672,63.07743414492969],[-64.73497482815625,63.06652411075],[-64.47394272366407,63.74430426211719],[-67.61417099514844,65.91180761905079],[-66.91284653225782,66.59490545840626],[-65.03384872952344,65.95320471377735],[-64.84370895901563,65.3775821551836],[-62.84475418606641,65.61426123233204],[-61.21058365383985,66.63500555606251],[-68.66534897366407,68.71612890811329],[-66.6681413320625,69.18608435244923],[-69.46268173733594,69.96011694522267],[-71.2525148061836,71.35079535098438],[-73.27524277249219,71.16077002139454],[-75.32202621975782,72.54841955752735],[-77.11871048489454,72.71080359073048],[-81.02679916897657,72.05034216494923],[-80.48866745510938,73.0370059833086],[-81.53178116360547,73.68835791201954],[-88.09924789944532,73.63606604190235],[-89.63864609280469,72.78225287051563],[-89.99718185940625,71.54128607364063],[-87.94921585598829,71.35059698672657],[-87.94801041165235,70.38491400332813],[-85.98391434231641,70.11257513614063],[-82.26922318020704,69.86035498233204],[-80.71258255520704,70.15307196231251],[-78.71291824856641,70.01144751162892],[-75.5516862539375,69.22233923526173],[-73.18491837063672,68.29580267520313],[-72.30491348782422,67.26360663028126],[-74.27988907376172,66.0602222308672],[-73.41992661038282,65.52888067813282],[-75.78904434719922,65.1971851214922],[-77.35837265530469,65.37593420596485],[-78.12671371975782,64.65100439639454],[-76.52609726467969,64.23010595889454],[-74.55905624905469,64.78008612246876],[-73.16355606594922,64.57397039981251],[-72.38791367092969,63.858172975496096],[-71.25812241116407,63.567279420808596]]],[[[-89.80173965969922,75.91820105166798],[-90,76.59077032657032],[-92.24705215969922,76.62192114444142],[-92.36552139798047,75.4212833270586],[-89.69807907620313,74.61462744326954],[-80.34932419339063,74.61590155215626],[-79.49518295803907,75.27981146426563],[-81.70312210598829,75.87495001407032],[-83.55868240872266,75.9049259051836],[-86.6179933218086,75.43215521426563],[-89.80173965969922,75.91820105166798]]],[[[-88.63977524319532,82.0737720355547],[-91.21858688870313,81.8373218402422],[-89.19254776516797,81.09640844912892],[-84.79298111477735,80.78239782901173],[-86.32239243069532,80.11429174991017],[-83.91087814846875,79.2566333636797],[-85.8068132070625,78.90618475528126],[-87.27270981350782,76.50420721621876],[-82.42357346096875,76.47110327334767],[-80.81350418606641,76.2377124652422],[-78.21225449124219,76.54684790225392],[-78.36676498928907,78.03287085147267],[-76.14319321194532,78.07197149844532],[-74.96309372464063,79.12227209658985],[-71.45447250882032,79.84579046817188],[-66.48169418850782,81.30288275332813],[-62.42710205593946,82.63357122989063],[-70.5843019155586,83.1760440692461],[-76.38208481350782,83.15191229434376],[-88.63977524319532,82.0737720355547]]],[[[-100.61935898342969,75.78890570254688],[-99.94418808499219,75.08407171817188],[-98.00159164944532,75.16206701846485],[-97.81654068508985,76.47571142764454],[-100.06742569485547,76.67499884219532],[-101.88489243069532,76.33266790957813],[-100.61935898342969,75.78890570254688]]],[[[-88.37289139309766,80.2259937152422],[-92.02487656155469,81.25921972842579],[-96.43336960354688,79.93342169375782],[-92.70153519192579,78.43416937442188],[-90,78.26269873233204],[-87.78725906887891,78.72545202823048],[-86.99668594876172,79.44534643741017],[-88.37289139309766,80.2259937152422]]]]},"properties":{"NAME":"Canada","SUBJECTO":"Canada","PARTOF":"Canada"}},
{"type":"Feature","geometry":{"type":"MultiPolygon","coordinates":[[[[-73.11150833645704,-72.74946252255077],[-70.02071854153516,-72.67219201473827],[-68.62986465969922,-72.0540355816328],[-68.39805313626172,-71.12679711727733],[-70.32980057278516,-68.96324578671093],[-72.39443680325391,-69.2614559307539],[-71.7979249624336,-69.7359432354414],[-72.10699936428907,-71.04952660946483],[-75.27505966702344,-71.6676830425703],[-73.11150833645704,-72.74946252255077]]],[[[-102.55128189602735,-72.1313060894453],[-97.14239975491407,-72.67219201473827],[-97.21967026272657,-71.8222240581953],[-101.16042801419141,-71.8222240581953],[-102.55128189602735,-72.1313060894453]]],[[[-55.18492981472852,-80.94006005673046],[-44.83078476467969,-80.32190362362499],[-43.90354630032422,-79.78101006893749],[-44.21262451687696,-78.39015618710155],[-48.84880920925977,-78.08107415585155],[-50.85782333889844,-78.69923821835155],[-51.70779129544141,-79.78101006893749],[-53.87134262600782,-79.93555108456249],[-55.18492981472852,-80.94006005673046]]],[[[169.76938918551562,-83.41788903622265],[162.01522353610156,-81.65986291317577],[160.5774183603203,-81.5342830791914],[159.31539443453906,-80.02740899471874],[160.6856184335625,-79.11381951717968],[163.64298537692187,-78.66061059383983],[166.75326064547656,-78.59864465145702],[163.5286360116875,-77.74000970272655],[162.38379958590625,-76.21355859188671],[162.34563735446093,-75.10688439755077],[164.61622146090625,-74.17193261532421],[168.9746809335625,-73.23894158749218],[170.72912124117968,-71.9042781963789],[167.63463881930468,-70.86511651424999],[162.48539260348437,-70.3057445660078],[160.5985365243828,-70.22093621639843],[157.30686477145312,-69.15642968563671],[154.43458083590625,-68.9496654644453],[151.093455347625,-68.8858226910078],[150.89347365817187,-68.53827325253124],[146.87545302828906,-67.99737969784374],[145.58565810641406,-67.22348443417187],[141.1574964853203,-66.72243157772655],[134.20519545992968,-66.18008843807812],[130.27210524996875,-66.25291863827343],[129.00962356051562,-67.02982751278515],[122.45820907076953,-66.64516106991405],[118.28564742526171,-67.07014123348827],[115.67881301364062,-66.41427270321483],[114.43563369235156,-66.49320641903515],[113.01485732516406,-65.76308099178905],[110.60744002780078,-66.05907861141796],[109.40372756442187,-66.71026269344921],[107.62242415866015,-66.4519848003828],[102.63083938082812,-65.92616692928905],[100.87542251071093,-66.07880822567577],[99.65426162203906,-66.54946557430858],[97.11373427828906,-66.6837963238203],[95.72288039645312,-66.5292553081953],[90,-66.6065258160078],[85.52327254733203,-66.91560021786327],[81.81432631930468,-67.30195275692577],[78.25992110690234,-68.38373223690624],[76.86905959567187,-69.31096307186718],[75.40093520602343,-69.46550408749218],[72.54195693453906,-70.23820153622265],[70.30113509616015,-72.01540795712108],[68.21485427340625,-72.40175286678905],[67.36488631686328,-71.70632592587108],[68.13758376559375,-71.08816949276562],[67.51269057711718,-70.46442071346874],[68.95107558688281,-69.88906518368358],[69.77301314791796,-68.63561669735546],[69.37389663180468,-67.84283868221874],[62.805972132292965,-67.61102715878124],[56.62694838961718,-66.94232598690624],[55.14159301241992,-65.96285668758983],[52.45182326754687,-65.9883617535078],[48.96721557101367,-66.97347680477733],[48.84849074801562,-67.43352929501171],[47.305083307830074,-67.7748607769453],[44.79703811129687,-67.74518243221874],[42.56129363497851,-68.11327783016796],[39.6471433969414,-68.93355981258983],[39.45927337130664,-69.70070306210155],[38.33204940280078,-70.02947656063671],[36.07759765109179,-69.59111443905468],[33.54134276827929,-68.54216424374218],[32.74804213961718,-69.34959832577343],[23.707478556243164,-70.5859188213789],[19.53491691073535,-70.16093102841015],[17.603171381560546,-70.08366052059765],[12.657907518950683,-70.31547204403515],[10.339816126433593,-70.70181695370312],[8.485341105071289,-70.08366052059765],[0.681093785372955,-71.31997338680858],[-4.88232704678418,-71.28133813290233],[-7.200421777161377,-70.89499322323437],[-9.363967862519043,-71.12679711727733],[-11.141175237091797,-71.59042016415233],[-11.8284835485542,-72.32257501034374],[-16.39551826992871,-73.44488946346874],[-14.45094105282666,-74.06464806942577],[-17.168211903961915,-74.75847283749218],[-18.40453049221875,-75.68571130184765],[-23.581604924591797,-75.91752282528515],[-30.22680183926465,-76.84476128964062],[-33.16305252591016,-77.38564721493358],[-36.40837952175977,-78.62196771053905],[-36.40837952175977,-79.16285363583202],[-29.567681279572266,-79.22431603817577],[-28.91321846524121,-80.47643700985546],[-32.931244817169926,-80.86278954891796],[-38.03104874173047,-80.94006005673046],[-43.82627960720899,-81.79002801327343],[-52.24867340603711,-82.0218319073164],[-60.2074594167793,-82.3309139385664],[-67.93443771878125,-81.48094598202343],[-74.88871475735547,-80.70824853329296],[-76.64336868801954,-80.21463433651562],[-76.58865067044141,-79.39465752987499],[-80.76121231594922,-78.23561517147655],[-80.68677231350782,-77.56649438290233],[-74.5023698476875,-78.08107415585155],[-78.59766098538282,-76.61294976620312],[-75.93150803128125,-76.4844555035078],[-70.56160446682813,-76.69022027401562],[-64.45729538479688,-75.68571130184765],[-61.366505589875004,-73.90851251034374],[-60.825619664582035,-72.74946252255077],[-61.675587621125004,-70.81772271542187],[-63.83913895169141,-68.65416375546093],[-65.15272995510938,-68.49962273983593],[-65.38453384915235,-67.34058038143749],[-63.83913895169141,-66.49061242489452],[-62.75735947171094,-66.64515344051952],[-62.37101456204297,-65.79518548397655],[-61.134694066437504,-64.86795464901562],[-57.271210637482426,-63.708904661222654],[-58.121178594025395,-63.399822629972654],[-60.2074594167793,-63.94071236996289],[-61.28923889675977,-64.48160210995312],[-62.91190430203321,-64.71340600399608],[-64.22549149075391,-65.25429955868358],[-66.85265823880079,-66.79969445614452],[-67.70262619534375,-66.87696496395702],[-67.08446976223829,-68.65416375546093],[-68.78439804592969,-69.8132137432539],[-67.08446976223829,-71.8222240581953],[-67.62535568753125,-72.74946252255077],[-75.58414169827344,-73.75397149471874],[-78.52039047757032,-73.71533624081249],[-80.99302383938672,-73.25171319393749],[-81.76572128811719,-74.02441064266796],[-88.56545731106641,-73.25171319393749],[-93.97433945217969,-73.17445031551952],[-96.5242433218086,-73.32898370174999],[-99.78819748440625,-72.9977611675703],[-101.88011642971875,-74.09877435116405],[-100.5589112905586,-74.4657787456953],[-100.04510208645704,-75.30987969784374],[-105.64207932034375,-75.06755486874218],[-106.80111404934766,-75.37663689999218],[-110.55704971829297,-75.30289117245312],[-113.23789688626172,-74.32137719540233],[-123.568654027375,-74.83574334530468],[-127.12306686917188,-74.68120232967968],[-128.97754379788282,-74.91301385311718],[-134.77277084866407,-74.64256707577343],[-140.56799789944532,-75.2607235088789],[-146.67230698147657,-76.11069146542187],[-146.14586350003125,-77.4565242901289],[-149.99490829983594,-77.7333568706953],[-154.16746994534375,-77.11520043758983],[-158.03096481839063,-77.26974145321483],[-158.18549057522657,-77.8106273785078],[-154.55382248440625,-79.12421838192577],[-148.604054418,-79.66510430721874],[-145.66779037991407,-80.51507226376171],[-148.8358659414375,-81.36504022030468],[-154.47655197659375,-81.05595818905468],[-154.55382248440625,-82.13773766903515],[-152.08118149319532,-82.60135308651562],[-153.3097428945625,-83.94192925839062],[-148.75858017483594,-85.07398644833202],[-156.56282516995313,-85.460331358],[-167.22606369534375,-84.76490441708202],[-178.43016525784375,-84.45583001522655],[-180,-84.32231561092968],[-180,-85.32231561092968],[-180,-86.32231561092968],[-180,-87.32231561092968],[-180,-88.32231561092968],[-180,-89.32231561092968],[-180,-90],[-179.203663793,-90],[-178.203663793,-90],[-177.203663793,-90],[-176.203663793,-90],[-175.203663793,-90],[-174.203663793,-90],[-173.203663793,-90],[-172.203663793,-90],[-171.203663793,-90],[-170.203663793,-90],[-169.203663793,-90],[-168.203663793,-90],[-167.203663793,-90],[-166.203663793,-90],[-165.203663793,-90],[-164.203663793,-90],[-163.203663793,-90],[-162.203663793,-90],[-161.203663793,-90],[-160.203663793,-90],[-159.203663793,-90],[-158.203663793,-90],[-157.203663793,-90],[-156.203663793,-90],[-155.203663793,-90],[-154.203663793,-90],[-153.203663793,-90],[-152.203663793,-90],[-151.203663793,-90],[-150.203663793,-90],[-149.203663793,-90],[-148.203663793,-90],[-147.203663793,-90],[-146.203663793,-90],[-145.203663793,-90],[-144.203663793,-90],[-143.203663793,-90],[-142.203663793,-90],[-141.203663793,-90],[-140.203663793,-90],[-139.203663793,-90],[-138.203663793,-90],[-137.203663793,-90],[-136.203663793,-90],[-135.203663793,-90],[-134.203663793,-90],[-133.203663793,-90],[-132.203663793,-90],[-131.203663793,-90],[-130.203663793,-90],[-129.203663793,-90],[-128.203663793,-90],[-127.203663793,-90],[-126.203663793,-90],[-125.203663793,-90],[-124.203663793,-90],[-123.203663793,-90],[-122.203663793,-90],[-121.203663793,-90],[-120.203663793,-90],[-119.203663793,-90],[-118.203663793,-90],[-117.203663793,-90],[-116.203663793,-90],[-115.203663793,-90],[-114.203663793,-90],[-113.203663793,-90],[-112.203663793,-90],[-111.203663793,-90],[-110.203663793,-90],[-109.203663793,-90],[-108.203663793,-90],[-107.203663793,-90],[-106.203663793,-90],[-105.203663793,-90],[-104.203663793,-90],[-103.203663793,-90],[-102.203663793,-90],[-101.203663793,-90],[-100.203663793,-90],[-99.203663793,-90],[-98.203663793,-90],[-97.203663793,-90],[-96.203663793,-90],[-95.203663793,-90],[-94.203663793,-90],[-93.203663793,-90],[-92.203663793,-90],[-91.203663793,-90],[-90,-90],[-89.203663793,-90],[-88.203663793,-90],[-87.203663793,-90],[-86.203663793,-90],[-85.203663793,-90],[-84.203663793,-90],[-83.203663793,-90],[-82.203663793,-90],[-81.203663793,-90],[-80.203663793,-90],[-79.203663793,-90],[-78.203663793,-90],[-77.203663793,-90],[-76.203663793,-90],[-75.203663793,-90],[-74.203663793,-90],[-73.203663793,-90],[-72.203663793,-90],[-71.203663793,-90],[-70.203663793,-90],[-69.203663793,-90],[-68.203663793,-90],[-67.203663793,-90],[-66.203663793,-90],[-65.203663793,-90],[-64.203663793,-90],[-63.203663793,-90],[-62.203663793,-90],[-61.203663793,-90],[-60.203663793,-90],[-59.203663793,-90],[-58.203663793,-90],[-57.203663793,-90],[-56.203663793,-90],[-55.203663793,-90],[-54.203663793,-90],[-53.203663793,-90],[-52.203663793,-90],[-51.203663793,-90],[-50.203663793,-90],[-49.203663793,-90],[-48.203663793,-90],[-47.203663793,-90],[-46.203663793,-90],[-45.203663793,-90],[-44.203663793,-90],[-43.203663793,-90],[-42.203663793,-90],[-41.203663793,-90],[-40.203663793,-90],[-39.203663793,-90],[-38.203663793,-90],[-37.203663793,-90],[-36.203663793,-90],[-35.203663793,-90],[-34.203663793,-90],[-33.203663793,-90],[-32.203663793,-90],[-31.203663793,-90],[-30.203663793,-90],[-29.203663793,-90],[-28.203663793,-90],[-27.203663793,-90],[-26.203663793,-90],[-25.203663793,-90],[-24.203663793,-90],[-23.203663793,-90],[-22.203663793,-90],[-21.203663793,-90],[-20.203663793,-90],[-19.203663793,-90],[-18.203663793,-90],[-17.203663793,-90],[-16.203663793,-90],[-15.203663793,-90],[-14.203663793,-90],[-13.203663793,-90],[-12.203663793,-90],[-11.203663793,-90],[-10.203663793,-90],[-9.203663793,-90],[-8.203663793,-90],[-7.203663793,-90],[-6.203663793,-90],[-5.203663793,-90],[-4.203663793,-90],[-3.203663793,-90],[-2.203663793,-90],[-1.203663793,-90],[-0.203663793,-90],[0.778056177703125,-90],[1.778056177703125,-90],[2.778056177703125,-90],[3.778056177703125,-90],[4.778056177703125,-90],[5.778056177703125,-90],[6.778056177703125,-90],[7.778056177703125,-90],[8.778056177703125,-90],[9.778056177703125,-90],[10.778056177703125,-90],[11.778056177703125,-90],[12.778056177703125,-90],[13.778056177703125,-90],[14.778056177703125,-90],[15.778056177703125,-90],[16.778056177703125,-90],[17.778056177703125,-90],[18.778056177703125,-90],[19.778056177703125,-90],[20.778056177703125,-90],[21.778056177703125,-90],[22.778056177703125,-90],[23.778056177703125,-90],[24.778056177703125,-90],[25.778056177703125,-90],[26.778056177703125,-90],[27.778056177703125,-90],[28.778056177703125,-90],[29.778056177703125,-90],[30.778056177703125,-90],[31.778056177703125,-90],[32.77805617770312,-90],[33.77805617770312,-90],[34.77805617770312,-90],[35.77805617770312,-90],[36.77805617770312,-90],[37.77805617770312,-90],[38.77805617770312,-90],[39.77805617770312,-90],[40.77805617770312,-90],[41.77805617770312,-90],[42.77805617770312,-90],[43.77805617770312,-90],[44.77805617770312,-90],[45.77805617770312,-90],[46.77805617770312,-90],[47.77805617770312,-90],[48.77805617770312,-90],[49.77805617770312,-90],[50.77805617770312,-90],[51.77805617770312,-90],[52.77805617770312,-90],[53.77805617770312,-90],[54.77805617770312,-90],[55.77805617770312,-90],[56.77805617770312,-90],[57.77805617770312,-90],[58.77805617770312,-90],[59.77805617770312,-90],[60.77805617770312,-90],[61.77805617770312,-90],[62.77805617770312,-90],[63.77805617770312,-90],[64.77805617770312,-90],[65.77805617770312,-90],[66.77805617770312,-90],[67.77805617770312,-90],[68.77805617770312,-90],[69.77805617770312,-90],[70.77805617770312,-90],[71.77805617770312,-90],[72.77805617770312,-90],[73.77805617770312,-90],[74.77805617770312,-90],[75.77805617770312,-90],[76.77805617770312,-90],[77.77805617770312,-90],[78.77805617770312,-90],[79.77805617770312,-90],[80.77805617770312,-90],[81.77805617770312,-90],[82.77805617770312,-90],[83.77805617770312,-90],[84.77805617770312,-90],[85.77805617770312,-90],[86.77805617770312,-90],[87.77805617770312,-90],[88.77805617770312,-90],[89.77805617770312,-90],[89.796336207,-90],[90,-90],[91.77805617770312,-90],[92.77805617770312,-90],[93.77805617770312,-90],[94.77805617770312,-90],[95.77805617770312,-90],[96.77805617770312,-90],[97.77805617770312,-90],[98.77805617770312,-90],[99.77805617770312,-90],[100.77805617770312,-90],[101.77805617770312,-90],[102.77805617770312,-90],[103.77805617770312,-90],[104.77805617770312,-90],[105.77805617770312,-90],[106.77805617770312,-90],[107.77805617770312,-90],[108.77805617770312,-90],[109.77805617770312,-90],[110.77805617770312,-90],[111.77805617770312,-90],[112.77805617770312,-90],[113.77805617770312,-90],[114.77805617770312,-90],[115.77805617770312,-90],[116.77805617770312,-90],[117.77805617770312,-90],[118.77805617770312,-90],[119.77805617770312,-90],[120.77805617770312,-90],[121.77805617770312,-90],[122.77805617770312,-90],[123.77805617770312,-90],[124.77805617770312,-90],[125.77805617770312,-90],[126.77805617770312,-90],[127.77805617770312,-90],[128.77805617770312,-90],[129.77805617770312,-90],[130.77805617770312,-90],[131.77805617770312,-90],[132.77805617770312,-90],[133.77805617770312,-90],[134.77805617770312,-90],[135.77805617770312,-90],[136.77805617770312,-90],[137.77805617770312,-90],[138.77805617770312,-90],[139.77805617770312,-90],[140.77805617770312,-90],[141.77805617770312,-90],[142.77805617770312,-90],[143.77805617770312,-90],[144.77805617770312,-90],[145.77805617770312,-90],[146.77805617770312,-90],[147.77805617770312,-90],[148.77805617770312,-90],[149.77805617770312,-90],[150.77805617770312,-90],[151.77805617770312,-90],[152.77805617770312,-90],[153.77805617770312,-90],[154.77805617770312,-90],[155.77805617770312,-90],[156.77805617770312,-90],[157.77805617770312,-90],[158.77805617770312,-90],[159.77805617770312,-90],[160.77805617770312,-90],[161.77805617770312,-90],[162.77805617770312,-90],[163.77805617770312,-90],[164.77805617770312,-90],[165.77805617770312,-90],[166.77805617770312,-90],[167.77805617770312,-90],[168.77805617770312,-90],[169.77805617770312,-90],[170.77805617770312,-90],[171.77805617770312,-90],[172.77805617770312,-90],[173.77805617770312,-90],[174.77805617770312,-90],[175.77805617770312,-90],[176.77805617770312,-90],[177.77805617770312,-90],[178.77805617770312,-90],[180,-90],[180,-89.31921807674999],[180,-88.31921807674999],[180,-87.31921807674999],[180,-86.31921807674999],[180,-85.31921807674999],[180,-84.34037438778515],[169.76938918551562,-83.41788903622265]]]]},"properties":{"NAME":null,"SUBJECTO":null,"PARTOF":null}},
{"type":"Feature","geometry":{"type":"Polygon","coordinates":[[[2.522131952849609,51.09112127871875],[1.58892014941333,50.821883760408205],[1.274518880454284,50.00430258365039],[0.032870042530281,49.33370550723438],[-1.891543593796509,49.526351533845705],[-1.591356840523499,48.63750036807422],[-3.091225352677125,48.87155111880664],[-4.350201573761719,48.390506349519534],[-3.954837766083497,47.90433844180469],[-2.004645553025025,47.04250296206836],[-1.075199690254944,46.01461752505664],[-1.561407771500367,43.524425111726565],[-1.914577808769959,43.3054157123125],[-0.611982133778351,42.73087652774219],[0.744199428168518,42.77189215274219],[2.363173756209594,42.293494783357424],[3.087081465331298,42.36864431949024],[3.067900213805419,42.944564424470705],[4.078196081725341,43.48708685489063],[5.828570398894531,43.020816408113284],[6.523014101592285,43.15085180850391],[7.397118601409179,43.76409491153125],[6.922790372483864,43.81503897617114],[6.942603621093017,44.86865194888477],[5.934538658337518,45.32212284024432],[5.941489252654296,46.175540529207034],[6.058368239012939,46.616065584138674],[7.506581816283447,47.60370596499805],[7.729077848998291,48.615619264558596],[8.15829566439746,48.97834738345508],[6.954413923827392,49.20173605533008],[6.433043036071044,49.445331178621096],[5.823500189391357,49.50710638614063],[2.875059876052124,50.68182333560352],[2.522131952849609,51.09112127871875]]]},"properties":{"NAME":"France","SUBJECTO":"France","PARTOF":"France"}},
{"type":"Feature","geometry":{"type":"MultiPolygon","coordinates":[[[[14.076401988875073,42.6337763953921],[13.414687551192095,42.36436857508738],[13.760507236170481,41.20669841632788],[15.666200670806152,40.091861329988284],[16.082562479583007,39.01247366519336],[16.052943262664062,37.93117483706836],[17.09468940219043,38.915023408845705],[16.53210166415332,39.697513185457034],[17.084080729094726,40.52511175723438],[15.991044077483398,41.40614279361133],[16.012843165007812,41.90432318301563],[14.922405275908691,41.97177084536914],[14.076401988875073,42.6337763953921]]],[[[14.942398104277832,36.738563142732424],[15.386741671172363,38.20554693789844],[13.80953029116748,37.966415010408205],[13.322475466338378,38.22051199527149],[12.454147371855957,37.766009889558596],[14.942398104277832,36.738563142732424]]]]},"properties":{"NAME":"Kingdom of the Two Sicilies","SUBJECTO":"Kingdom of the Two Sicilies","PARTOF":"Kingdom of the Two Sicilies"}},
{"type":"Feature","geometry":{"type":"Polygon","coordinates":[[[8.15829566439746,48.97834738345508],[8.310425067703992,49.55310097190235],[7.644783655656541,49.97957252594141],[6.954413923827392,49.20173605533008],[8.15829566439746,48.97834738345508]]]},"properties":{"NAME":"Palatinate","SUBJECTO":"Palatinate","PARTOF":"Palatinate"}},
{"type":"Feature","geometry":{"type":"Polygon","coordinates":[[[8.594301438872222,47.88935601792852],[8.682466097730924,47.969966191590196],[8.512134586506251,48.112318694743365],[8.594301438872222,47.88935601792852]]]},"properties":{"NAME":"Hohenzollern","SUBJECTO":"Hohenzollern","PARTOF":"Hohenzollern"}},
{"type":"Feature","geometry":{"type":"Polygon","coordinates":[[[8.635127839061997,47.778572128696844],[8.594301438872222,47.88935601792852],[8.512134586506251,48.112318694743365],[8.368056358790351,48.486922086804704],[9.637785200611807,49.29385643719748],[9.075138691716859,49.37716454688957],[8.310425067703992,49.55310097190235],[8.15829566439746,48.97834738345508],[7.729077848998291,48.615619264558596],[7.506581816283447,47.60370596499805],[8.635127839061997,47.778572128696844]]]},"properties":{"NAME":"Baden","SUBJECTO":"Baden","PARTOF":"Baden"}},
{"type":"Feature","geometry":{"type":"Polygon","coordinates":[[[15.009285959807617,51.055621705964846],[14.715084927524362,51.410645232245066],[12.627272967271088,51.610675120652566],[12.064688906124996,51.023087323455535],[11.842359121161405,50.327373063570214],[12.252341303435546,50.215892396882815],[13.232996019927246,50.663768373445315],[15.009285959807617,51.055621705964846]]]},"properties":{"NAME":"Saxony","SUBJECTO":"Saxony","PARTOF":"Saxony"}},
{"type":"Feature","geometry":{"type":"Polygon","coordinates":[[[9.910450835359821,50.50169110779085],[10.131704681202237,50.32879412528399],[10.233112693880011,50.493046258665515],[9.910450835359821,50.50169110779085]]]},"properties":{"NAME":"Prussia","SUBJECTO":"Prussia","PARTOF":"Prussia"}},
{"type":"Feature","geometry":{"type":"Polygon","coordinates":[[[11.258276378697213,50.69870014654799],[11.342694818128505,50.50604048988216],[11.448217867417622,50.49728323276099],[11.427113257559798,50.65491386094212],[11.258276378697213,50.69870014654799]]]},"properties":{"NAME":"Prussia","SUBJECTO":"Prussia","PARTOF":"Prussia"}},
{"type":"Feature","geometry":{"type":"MultiPolygon","coordinates":[[[[10.89350602717936,53.884426423070174],[10.722668096103487,53.610830846826765],[10.91323838799287,53.431565068037585],[10.960404311982023,53.89843242794023],[10.89350602717936,53.884426423070174]]],[[[12.835650371114015,52.941666440823944],[13.724707310025572,53.28112454477199],[13.255931833144935,53.57208863387033],[12.835650371114015,52.941666440823944]]]]},"properties":{"NAME":"Mecklenburg-Strelitz","SUBJECTO":"Mecklenburg-Strelitz","PARTOF":"Mecklenburg-Strelitz"}},
{"type":"Feature","geometry":{"type":"Polygon","coordinates":[[[8.310425067703992,49.55310097190235],[9.075138691716859,49.37716454688957],[8.823613432266173,50.22934774403373],[8.415150222267506,50.07736166086551],[7.736993721394716,50.14094014098321],[7.644783655656541,49.97957252594141],[8.310425067703992,49.55310097190235]]]},"properties":{"NAME":"Grand Duchy of Hesse","SUBJECTO":"Grand Duchy of Hesse","PARTOF":"Grand Duchy of Hesse"}},
{"type":"Feature","geometry":{"type":"Polygon","coordinates":[[[8.415150222267506,50.07736166086551],[8.364214942651337,50.146247023960875],[8.402016851787266,50.2718997111041],[8.365501736251666,50.638559755531794],[8.16892783044074,50.79716376861936],[7.736993721394716,50.14094014098321],[8.415150222267506,50.07736166086551]]]},"properties":{"NAME":"Nassau","SUBJECTO":"Nassau","PARTOF":"Nassau"}},
{"type":"Feature","geometry":{"type":"Polygon","coordinates":[[[8.365501736251666,50.638559755531794],[8.402016851787266,50.2718997111041],[8.412277297474954,50.61049441879782],[8.365501736251666,50.638559755531794]]]},"properties":{"NAME":"Wetzlar","SUBJECTO":"Wetzlar","PARTOF":"Wetzlar"}},
{"type":"Feature","geometry":{"type":"Polygon","coordinates":[[[8.534738734535663,51.078974297785116],[8.714960445261768,50.94908912649156],[8.863736907733253,51.256902497122205],[8.534738734535663,51.078974297785116]]]},"properties":{"NAME":"Waldeck","SUBJECTO":"Waldeck","PARTOF":"Waldeck"}},
{"type":"Feature","geometry":{"type":"Polygon","coordinates":[[[8.832955570670187,52.159821717638806],[9.172884136303312,51.62535510176711],[9.192071169739288,51.8007061185697],[8.832955570670187,52.159821717638806]]]},"properties":{"NAME":"Lippe-Detmold","SUBJECTO":"Lippe-Detmold","PARTOF":"Lippe-Detmold"}},
{"type":"Feature","geometry":{"type":"Polygon","coordinates":[[[9.351096907418476,51.598234200075204],[10.151422841538174,51.63653898756669],[10.210820802394673,51.66292843835752],[9.192071169739288,51.8007061185697],[9.172884136303312,51.62535510176711],[9.161289832676221,51.54419497637749],[9.351096907418476,51.598234200075204]]]},"properties":{"NAME":"Brunswick","SUBJECTO":"Brunswick","PARTOF":"Brunswick"}},
{"type":"Feature","geometry":{"type":"Polygon","coordinates":[[[10.161683287225863,51.472371856563676],[10.46960358560352,51.489218356783645],[10.54999041276354,51.574964305754335],[10.180211007827452,51.596400792997],[10.161683287225863,51.472371856563676]]]},"properties":{"NAME":"Brunswick","SUBJECTO":"Brunswick","PARTOF":"Brunswick"}},
{"type":"Feature","geometry":{"type":"Polygon","coordinates":[[[10.46960358560352,51.489218356783645],[10.76502517541659,51.44366582139297],[10.97269114557997,51.584342768923],[10.54999041276354,51.574964305754335],[10.46960358560352,51.489218356783645]]]},"properties":{"NAME":"Anhalt","SUBJECTO":"Anhalt","PARTOF":"Anhalt"}},
{"type":"Feature","geometry":{"type":"Polygon","coordinates":[[[10.960404311982023,53.89843242794023],[10.91323838799287,53.431565068037585],[11.080710944576243,52.97101553743332],[11.817276059269869,53.2164658583057],[12.835650371114015,52.941666440823944],[13.255931833144935,53.57208863387033],[12.46253656621695,54.25478611729922],[10.960404311982023,53.89843242794023]]]},"properties":{"NAME":"Mecklenburg-Schwerin","SUBJECTO":"Mecklenburg-Schwerin","PARTOF":"Mecklenburg-Schwerin"}},
{"type":"Feature","geometry":{"type":"Polygon","coordinates":[[[11.842359121161405,50.327373063570214],[12.064688906124996,51.023087323455535],[9.928550554747744,51.10460197250364],[9.694019300074968,50.504927658550635],[10.868348784560688,49.96100039107127],[11.842359121161405,50.327373063570214]],[[11.258276378697213,50.69870014654799],[11.427113257559798,50.65491386094212],[11.448217867417622,50.49728323276099],[11.342694818128505,50.50604048988216],[11.258276378697213,50.69870014654799]],[[9.910450835359821,50.50169110779085],[10.233112693880011,50.493046258665515],[10.131704681202237,50.32879412528399],[9.910450835359821,50.50169110779085]]]},"properties":{"NAME":"Thuringia","SUBJECTO":"Thuringia","PARTOF":"Thuringia"}},
{"type":"Feature","geometry":{"type":"Polygon","coordinates":[[[10.883711053681196,53.88237572106904],[10.661825332117171,53.68524133518633],[10.722668096103487,53.610830846826765],[10.89350602717936,53.884426423070174],[10.883711053681196,53.88237572106904]]]},"properties":{"NAME":"Lübeck","SUBJECTO":"Lübeck","PARTOF":"Lübeck"}},
{"type":"Feature","geometry":{"type":"Polygon","coordinates":[[[10.770921983476129,53.930865647702795],[10.576833459945648,53.88542686311724],[10.661825332117171,53.68524133518633],[10.883711053681196,53.88237572106904],[10.770921983476129,53.930865647702795]]]},"properties":{"NAME":"Oldenburg","SUBJECTO":"Oldenburg","PARTOF":"Oldenburg"}},
{"type":"Feature","geometry":{"type":"Polygon","coordinates":[[[9.351096907418476,51.598234200075204],[9.648661002841433,51.30820472556066],[10.161683287225863,51.472371856563676],[10.180211007827452,51.596400792997],[10.151422841538174,51.63653898756669],[9.351096907418476,51.598234200075204]]]},"properties":{"NAME":"Hanover","SUBJECTO":"Hanover","PARTOF":"Hanover"}},
{"type":"Feature","geometry":{"type":"Polygon","coordinates":[[[8.364214942651337,50.146247023960875],[8.859921722187059,50.2781461163348],[8.412277297474954,50.61049441879782],[8.402016851787266,50.2718997111041],[8.364214942651337,50.146247023960875]]]},"properties":{"NAME":"Grand Duchy of Hesse","SUBJECTO":"Grand Duchy of Hesse","PARTOF":"Grand Duchy of Hesse"}},
{"type":"Feature","geometry":{"type":"Polygon","coordinates":[[[8.823613432266173,50.22934774403373],[9.694019300074968,50.504927658550635],[9.928550554747744,51.10460197250364],[9.648661002841433,51.30820472556066],[9.351096907418476,51.598234200075204],[9.161289832676221,51.54419497637749],[8.863736907733253,51.256902497122205],[8.714960445261768,50.94908912649156],[8.534738734535663,51.078974297785116],[8.16892783044074,50.79716376861936],[8.365501736251666,50.638559755531794],[8.412277297474954,50.61049441879782],[8.859921722187059,50.2781461163348],[8.364214942651337,50.146247023960875],[8.415150222267506,50.07736166086551],[8.823613432266173,50.22934774403373]]]},"properties":{"NAME":"Electoral Hesse","SUBJECTO":"Electoral Hesse","PARTOF":"Electoral Hesse"}},
{"type":"Feature","geometry":{"type":"Polygon","coordinates":[[[7.87502889291447,53.63368572579089],[8.66019322944274,53.02650990132023],[8.55783167450393,53.15762645362137],[8.501803431121093,53.44902762027149],[7.87502889291447,53.63368572579089]]]},"properties":{"NAME":"Oldenburg","SUBJECTO":"Oldenburg","PARTOF":"Oldenburg"}},
{"type":"Feature","geometry":{"type":"Polygon","coordinates":[[[8.55783167450393,53.15762645362137],[8.66019322944274,53.02650990132023],[8.74404869152686,53.08520872477912],[8.55783167450393,53.15762645362137]]]},"properties":{"NAME":"Bremen","SUBJECTO":"Bremen","PARTOF":"Bremen"}},
{"type":"Feature","geometry":{"type":"Polygon","coordinates":[[[8.516240577905567,53.76104174723696],[8.561906661366804,53.74529694587778],[8.585600878584321,53.7930778153404],[8.516240577905567,53.76104174723696]]]},"properties":{"NAME":"Cuxhaven","SUBJECTO":"Cuxhaven","PARTOF":"Cuxhaven"}},
{"type":"Feature","geometry":{"type":"Polygon","coordinates":[[[8.884012255278808,54.229449830964846],[10.141728434172851,54.33675345034961],[9.49598220309375,54.93829306216602],[8.616097483245117,54.88736303897266],[8.884012255278808,54.229449830964846]]]},"properties":{"NAME":"Schleswig","SUBJECTO":"Schleswig","PARTOF":"Schleswig"}},
{"type":"Feature","geometry":{"type":"Polygon","coordinates":[[[9.192071169739288,51.8007061185697],[10.210820802394673,51.66292843835752],[10.528051507851114,52.7365539582166],[11.080710944576243,52.97101553743332],[10.91323838799287,53.431565068037585],[10.722668096103487,53.610830846826765],[10.661825332117171,53.68524133518633],[10.576833459945648,53.88542686311724],[9.942952065167992,53.59992374547766],[10.02290732538806,53.45455054507754],[9.752260187362955,53.50320621034047],[9.125039133635742,53.790477357820315],[8.585600878584321,53.7930778153404],[8.561906661366804,53.74529694587778],[8.516240577905567,53.76104174723696],[8.501803431121093,53.44902762027149],[8.55783167450393,53.15762645362137],[8.74404869152686,53.08520872477912],[8.66019322944274,53.02650990132023],[7.87502889291447,53.63368572579089],[7.159938845244628,53.16400106997852],[7.068196612074827,52.27264082020265],[7.904385235934368,52.03669636938654],[8.78678356507559,52.36503063139258],[8.850434633404873,52.19477984310818],[8.832955570670187,52.159821717638806],[9.192071169739288,51.8007061185697]]]},"properties":{"NAME":"Hanover","SUBJECTO":"Hanover","PARTOF":"Hanover"}},
{"type":"Feature","geometry":{"type":"Polygon","coordinates":[[[9.125039133635742,53.790477357820315],[9.752260187362955,53.50320621034047],[9.942952065167992,53.59992374547766],[10.576833459945648,53.88542686311724],[10.770921983476129,53.930865647702795],[10.141728434172851,54.33675345034961],[8.884012255278808,54.229449830964846],[9.125039133635742,53.790477357820315]]]},"properties":{"NAME":"Holstein","SUBJECTO":"Holstein","PARTOF":"Holstein"}},
{"type":"Feature","geometry":{"type":"Polygon","coordinates":[[[9.942952065167992,53.59992374547766],[9.752260187362955,53.50320621034047],[10.02290732538806,53.45455054507754],[9.942952065167992,53.59992374547766]]]},"properties":{"NAME":"Hamburg","SUBJECTO":"Hamburg","PARTOF":"Hamburg"}},
{"type":"Feature","geometry":{"type":"Polygon","coordinates":[[[11.059127497840146,51.55748842913606],[11.80343828388878,51.564931536996546],[12.160707461192127,51.84032652783454],[11.933692671447293,52.09339219509108],[11.059127497840146,51.55748842913606]]]},"properties":{"NAME":"Anhalt","SUBJECTO":"Anhalt","PARTOF":"Anhalt"}},
{"type":"Feature","geometry":{"type":"Polygon","coordinates":[[[8.78678356507559,52.36503063139258],[8.770371830740594,52.242254352300804],[8.850434633404873,52.19477984310818],[8.78678356507559,52.36503063139258]]]},"properties":{"NAME":"Schaumburg-Lippe","SUBJECTO":"Schaumburg-Lippe","PARTOF":"Schaumburg-Lippe"}},
{"type":"Feature","geometry":{"type":"Polygon","coordinates":[[[8.16892783044074,50.79716376861936],[8.534738734535663,51.078974297785116],[8.863736907733253,51.256902497122205],[9.161289832676221,51.54419497637749],[9.172884136303312,51.62535510176711],[8.832955570670187,52.159821717638806],[8.850434633404873,52.19477984310818],[8.770371830740594,52.242254352300804],[8.78678356507559,52.36503063139258],[7.904385235934368,52.03669636938654],[7.068196612074827,52.27264082020265],[5.979368242827636,51.80352743716602],[6.010187331881577,50.759442379320994],[6.108513388243896,50.11745413394336],[6.433043036071044,49.445331178621096],[6.954413923827392,49.20173605533008],[7.644783655656541,49.97957252594141],[7.736993721394716,50.14094014098321],[8.16892783044074,50.79716376861936]]]},"properties":{"NAME":"Prussia","SUBJECTO":"Prussia","PARTOF":"Prussia"}},
{"type":"Feature","geometry":{"type":"Polygon","coordinates":[[[-1.081275251301545,32.45392569156055],[0.873159063104652,31.985887285543306],[6.269234644500006,31.873469044264244],[8.020752939788085,33.02027853579883],[7.581201586333496,34.04101523013477],[8.217679056731445,34.58479269595508],[8.272001299468261,36.322791658357424],[8.636709246245605,36.885257326082034],[5.144465002623779,36.66767843814258],[3.741224560347778,36.83686789126758],[3.323837790099365,36.65123327823047],[1.057602915374023,36.461856447175784],[-1.146667149456757,35.62936743350391],[-2.192973938378113,35.05424841494922],[-1.738150325211304,34.60509451480274],[-1.68113121071698,33.257815919832034],[-1.081275251301545,32.45392569156055]]]},"properties":{"NAME":"Algiers","SUBJECTO":"Algiers","PARTOF":"Algiers"}},
{"type":"Feature","geometry":{"type":"Polygon","coordinates":[[[8.020752939788085,33.02027853579883],[10.412600550261718,33.63112600894336],[10.01948073825,34.08147390933399],[11.12510875186084,35.2406078204668],[10.132734331694824,37.104747377351565],[9.416118654814941,37.27537878604297],[8.636709246245605,36.885257326082034],[8.272001299468261,36.322791658357424],[8.217679056731445,34.58479269595508],[7.581201586333496,34.04101523013477],[8.020752939788085,33.02027853579883]]]},"properties":{"NAME":"Tunis","SUBJECTO":"Tunis","PARTOF":"Tunis"}},
{"type":"Feature","geometry":{"type":"Polygon","coordinates":[[[34.46376215088017,9.746629709233202],[38.938360091349494,9.719737281614936],[39.45607222208487,10.366877445034167],[39.06778812403333,12.696582033343411],[39.00316146334765,14.427471719697756],[38.254797968474605,14.391835771516604],[37.720252070037105,14.80165346713428],[36.47670272311328,14.266498170808596],[36.22992614230273,13.248925767854494],[35.87946583933552,13.10349388216659],[35.097910914031246,11.793311677888674],[34.75460958824624,10.813070312908792],[34.4262075754082,10.728026948884768],[34.46376215088017,9.746629709233202]]]},"properties":{"NAME":"Ethiopia","SUBJECTO":"Ethiopia","PARTOF":"Ethiopia"}},
{"type":"Feature","geometry":{"type":"Polygon","coordinates":[[[23.161373956290795,-9.95130137331907],[24.31429733653779,-9.99741830852895],[24.91381749426623,-9.72071669726967],[25.42110378157491,-8.521676381812794],[25.05216829989587,-7.691571548034956],[23.899244919648872,-7.737688483244833],[23.161373956290795,-8.567793317022671],[23.161373956290795,-9.95130137331907]]]},"properties":{"NAME":"Lunda","SUBJECTO":"Lunda","PARTOF":"Lunda"}},
{"type":"Feature","geometry":{"type":"Polygon","coordinates":[[[18.900893863705345,-9.943259516575633],[19.358873956176556,-10.8995338067453],[20.06288866143166,-10.417839534728651],[19.840568228193202,-9.71382482947355],[18.900893863705345,-9.943259516575633]]]},"properties":{"NAME":"Imbangala","SUBJECTO":"Imbangala","PARTOF":"Imbangala"}},
{"type":"Feature","geometry":{"type":"Polygon","coordinates":[[[16.8447474764922,14.366466383455776],[16.71025974724176,14.680271085040127],[15.148090894201346,14.396240384487324],[14.532691043003606,13.780840533289588],[12.73382993950252,14.490917284671594],[11.597707137291309,14.064871233842391],[12.497137689041853,12.218671680249173],[15.81082919549122,11.9819794297885],[16.842944292241572,14.32769555876658],[16.8447474764922,14.366466383455776]]]},"properties":{"NAME":"Bornu-Kanem","SUBJECTO":"Bornu-Kanem","PARTOF":"Bornu-Kanem"}},
{"type":"Feature","geometry":{"type":"Polygon","coordinates":[[[11.597707137291309,14.064871233842391],[7.159524033751033,16.03918786463027],[2.499645352806613,15.4474572384786],[1.464116757041189,13.672265360023582],[2.721544337613491,9.604117305230835],[4.718635200875386,7.680992770237902],[8.860749583937093,8.198757068120612],[12.189234356040249,7.311161128893106],[13.298729280074632,7.754959098506861],[13.668560921419427,8.272723396389575],[13.002863966998795,9.826016290037712],[12.497137689041853,12.218671680249173],[11.597707137291309,14.064871233842391]]]},"properties":{"NAME":"Fulani Empire","SUBJECTO":"Fulani Empire","PARTOF":"Fulani Empire"}},
{"type":"Feature","geometry":{"type":"Polygon","coordinates":[[[-13.164252248200196,8.850765787080569],[-13.212491002472657,8.347035966829104],[-11.465403523834961,6.843901239351077],[-11.046040385724638,7.308676483253976],[-11.464467347929132,8.633173898931787],[-13.031234375252563,9.001770925549224],[-13.164252248200196,8.850765787080569]]]},"properties":{"NAME":"Sierra Leone","SUBJECTO":"Sierra Leone","PARTOF":"Sierra Leone"}},
{"type":"Feature","geometry":{"type":"Polygon","coordinates":[[[34.146304163542965,31.20857962222461],[33.55760100802539,30.967715822175784],[32.07651046237109,31.013650499299807],[30.99595550021289,31.468850694612307],[29.248847040740234,30.753661714509768],[26.14333442172168,31.490577302888674],[25.25822928866504,31.437919221833987],[26.004757608026747,30.707635339468183],[29.425700290466107,22.6637971402189],[31.644690138534873,21.276928485175922],[32.661727152233055,20.999554754167328],[35.25054864164662,21.36938639551212],[36.800112757292965,21.914899431184573],[35.74630263766406,22.91434057803516],[35.18986419161914,24.399919115022463],[33.928809198943355,26.56382330508594],[33.354216608611324,27.9095474109209],[32.64934447726367,28.76578100772266],[32.318491968718746,29.54019697757129],[32.647959742156246,29.85220106692676],[33.33074096163867,28.551192842439455],[34.05800536593554,27.790313325837893],[34.93554213961718,29.418094240144534],[34.146304163542965,31.20857962222461]]]},"properties":{"NAME":"Egypt","SUBJECTO":"Egypt","PARTOF":"Egypt"}},
{"type":"Feature","geometry":{"type":"Polygon","coordinates":[[[12.117019686309082,32.87850149722461],[12.413444788605547,32.46433563585597],[14.724892547010514,30.245345787787194],[15.649471650372499,30.522719518795792],[18.885434168313786,30.221221390772325],[17.421629938689453,30.99598654361133],[15.843325647917968,31.285003267244143],[15.00978663882373,32.363441072419924],[14.157023462859375,32.67937811465625],[12.117019686309082,32.87850149722461]]]},"properties":{"NAME":"Tripolitania","SUBJECTO":"Tripolitania","PARTOF":"Tripolitania"}},
{"type":"Feature","geometry":{"type":"Polygon","coordinates":[[[19.318795867131424,30.255372139199526],[20.364825077518635,30.3378036981234],[21.19694627054442,31.077466980812986],[22.12152537390641,31.077466980812986],[23.742419271630055,32.0640980489926],[23.15333846530078,32.138812623933596],[22.543126139250976,32.72207220645313],[21.67341903170703,32.815589509919924],[20.365721735564453,32.29824026675586],[19.941582712737304,31.611169420198244],[20.116768869963867,30.957103334382815],[19.318795867131424,30.255372139199526]]]},"properties":{"NAME":"Cyrenaica","SUBJECTO":"Cyrenaica","PARTOF":"Cyrenaica"}},
{"type":"Feature","geometry":{"type":"Polygon","coordinates":[[[41.8124565280542,21.71258711067685],[41.79903244309547,23.11335811975973],[42.41662360267041,25.08964983039952],[43.898842385650255,25.95427745380443],[46.986798183524925,25.583722758059466],[49.70419928565464,24.410299554867095],[49.39540370586717,26.077795685719416],[48.46901696650477,26.69538684529435],[47.43863967379687,28.829289995149416],[46.90507516233225,29.437615717313662],[45.86971438514614,29.85600173414204],[44.839021615724675,29.993427436731572],[44.08318025148226,30.33699169320539],[40.02912202509114,34.39104991959652],[39.34199351214349,34.59718847348081],[38.03644933754296,34.59718847348081],[37.211895122005785,33.56649570405934],[36.52476660905813,31.161545908742568],[36.593479460352896,29.78728888284727],[37.363535735354745,27.957371649352076],[38.814055841182594,24.841439570166344],[40.64753768674403,24.152835076676563],[41.07042045024812,22.262737159805738],[41.8124565280542,21.71258711067685]]]},"properties":{"NAME":null,"SUBJECTO":null,"PARTOF":null}},
{"type":"Feature","geometry":{"type":"Polygon","coordinates":[[[56.28163579119848,25.46239995669844],[56.112851177351644,24.304209901341217],[57.617094250061996,22.15529122604071],[57.617094250061996,21.510615623450562],[57.2410334818844,20.812217053977896],[57.348479415649436,20.113818484505234],[57.83862975558398,19.034806810334963],[57.80608275851367,20.171960435823244],[58.51204970797656,20.421229921296877],[58.86135390719531,21.11447676272754],[59.837283167449215,22.279178224519534],[58.62849334200976,23.458295427278323],[57.14619735201953,23.98247107119922],[56.40537551364062,24.81950720401172],[56.28163579119848,25.46239995669844]]]},"properties":{"NAME":"Oman","SUBJECTO":"Oman","PARTOF":"Oman"}},
{"type":"Feature","geometry":{"type":"Polygon","coordinates":[[[41.922550675010456,20.766511713374978],[43.59539989372621,20.06009551762272],[45.36825780084912,18.60957541179488],[51.761290859868126,19.9526495838577],[53.05064206504842,20.382433318917798],[53.3729798663435,20.758494087095386],[53.05064206504842,22.15529122604071],[51.65384492610309,22.585074961100815],[50.56882690905954,23.854467511249652],[49.70419928565464,24.410299554867095],[46.986798183524925,25.583722758059466],[43.898842385650255,25.95427745380443],[42.41662360267041,25.08964983039952],[41.79903244309547,23.11335811975973],[41.8124565280542,21.71258711067685],[41.922550675010456,20.766511713374978]]]},"properties":{"NAME":"Nejd","SUBJECTO":"Nejd","PARTOF":"Nejd"}},
{"type":"Feature","geometry":{"type":"Polygon","coordinates":[[[46.87773410632187,13.473871601441703],[46.335271204734354,14.096846193663826],[45.2608118670841,13.828231359251259],[44.508690330728925,14.096846193663826],[43.487953959961175,16.621825637141917],[42.76366332491992,16.645455919221682],[42.79587844332812,15.470080934480471],[43.38397887667773,13.565180383638186],[43.84059050997851,12.663913331941409],[44.963572535124996,12.825172029451174],[45.825903925505855,13.405233941987795],[46.87773410632187,13.473871601441703]]]},"properties":{"NAME":"Yemen","SUBJECTO":"Yemen","PARTOF":"Yemen"}},
{"type":"Feature","geometry":{"type":"Polygon","coordinates":[[[50.968333277312496,24.436244569734377],[50.56882690905954,23.854467511249652],[51.65384492610309,22.585074961100815],[53.05064206504842,22.15529122604071],[53.3729798663435,20.758494087095386],[53.05064206504842,20.382433318917798],[51.761290859868126,19.9526495838577],[45.36825780084912,18.60957541179488],[43.59539989372621,20.06009551762272],[41.922550675010456,20.766511713374978],[40.81975844821093,19.68472059817676],[41.62855819186328,18.047204576448244],[42.76366332491992,16.645455919221682],[43.487953959961175,16.621825637141917],[44.508690330728925,14.096846193663826],[45.2608118670841,13.828231359251259],[46.335271204734354,14.096846193663826],[46.87773410632187,13.473871601441703],[48.03616622408984,14.045357309297366],[48.9603872629082,14.218897424653811],[49.33384993991015,14.632695756868166],[51.312563929167965,15.246890626863284],[52.135169062224605,15.687059961274905],[52.894324335662105,16.60995253177051],[54.084258112517574,17.01911886783008],[55.19483855685351,17.148564897493166],[55.561072382537105,17.937171541169924],[56.25759032687304,17.97677382083301],[56.73888686617968,18.689376436189455],[57.83862975558398,19.034806810334963],[57.348479415649436,20.113818484505234],[57.2410334818844,20.812217053977896],[57.617094250061996,21.510615623450562],[57.617094250061996,22.15529122604071],[56.112851177351644,24.304209901341217],[56.28163579119848,25.46239995669844],[55.45719817599414,25.420184694246096],[54.34709838351367,24.15445288272266],[53.68676284274218,23.98748167605762],[52.38302901705859,24.10818251223926],[51.58590224703906,24.00322111697559],[51.586672815886715,25.60911902041797],[50.84732345065234,25.265224061921877],[50.968333277312496,24.436244569734377]]]},"properties":{"NAME":null,"SUBJECTO":null,"PARTOF":null}},
{"type":"Feature","geometry":{"type":"Polygon","coordinates":[[[69.05334762057421,31.625777803376955],[68.24271682223437,31.76717909427051],[67.5698957773125,31.18569143863086],[66.46658614596484,30.842952333406252],[66.09057143649218,29.736140809968752],[64.08925918063281,29.3945327624834],[62.36863997897265,29.384700380281252],[60.82045653781054,29.833345018342776],[61.77916625460742,30.9051528796709],[61.69356826266406,31.266557298616213],[60.79381469210742,31.578881822541994],[60.54009536227343,32.993175111726565],[60.8530874582207,33.48375662417774],[60.787024530974605,34.384776674226565],[61.221343073455074,35.581615053132815],[61.01400283297656,36.63655813784961],[60.34631255587695,36.60736807437305],[59.240481409636715,37.44784124942188],[58.09498885592578,37.728030763582034],[57.225466761199215,38.18818625064258],[55.35565856417773,38.03765066714649],[54.015112909880855,37.34832724185352],[53.79965499362109,36.67903860659961],[51.79552367648242,36.432349763826174],[50.56095412692187,36.68642767520313],[50.03871444186328,37.22470434756641],[48.837229761687496,37.51097448916797],[48.824954065886715,38.3095775470293],[49.80730346163867,40.58070334048633],[47.56529525241015,43.007709108308596],[47.49336150607226,43.58319052310352],[47.24856164173707,42.78491050892555],[48.22371258025433,41.4711466998491],[47.35008529147265,41.442325197175784],[46.041697535124996,42.04865225406055],[44.9779653879082,42.771991334871096],[43.95678618868945,42.59115561099414],[42.87842467745898,41.54550512881641],[43.84727004489062,40.74996527285938],[44.20520690402148,37.8674274310625],[44.79458907565234,37.13180502505664],[45.38811400851367,35.925574861482424],[46.21102050265429,35.7838207110918],[46.18439391574023,35.05844458194141],[45.67085174044726,34.61730917544727],[45.50621322116015,33.797252260164065],[46.508486780730465,32.81228216739063],[47.793040308562496,31.797170244172854],[47.68874648532031,30.882104478791994],[48.5536489816582,29.99462278933887],[50.1323728891289,30.06642874331836],[50.704722437468746,29.40060766787891],[51.350134882537105,28.0361343249834],[52.41038802584765,27.580957017854494],[52.89083388766406,27.052323900178713],[54.6460562082207,26.39131888003711],[55.89973357638476,27.10480459781055],[56.79043105563281,26.97391279788379],[57.254771265593746,25.793286882356448],[59.03145888766406,25.307866655305666],[60.479590448943355,25.29820593448047],[61.34399321993945,25.026860795930666],[64.4249754281914,25.17311628909473],[66.62050918063281,25.31748541446094],[66.70171645602343,24.75227888675098],[67.77073499085687,25.80845297405157],[67.60956609020933,26.668020444171766],[67.66328905709184,27.849925715587045],[68.3616876265645,28.279709450647147],[69.27497806356722,28.387155384412175],[69.04484130558795,29.429982056114497],[69.05334762057421,31.625777803376955]]]},"properties":{"NAME":"Persia","SUBJECTO":"Persia","PARTOF":"Persia"}},
{"type":"Feature","geometry":{"type":"Polygon","coordinates":[[[103.62135908537591,14.410834935182185],[102.93571651420376,14.149798677668697],[102.36026649911287,13.50781119865859],[102.75206225406839,12.39814782165346],[102.61214060120699,12.095773088301522],[102.52975753268359,12.148449502900881],[103.03959182223437,10.897970758394045],[104.38717940768359,10.314412675813479],[106.09004500826953,11.00609739871387],[105.84254744967578,11.5827070102251],[107.38450149020312,12.354075990632815],[107.51459029635546,13.421952806428713],[107.38697365112833,14.55689789165046],[106.84143044641657,14.315947710171523],[106.51085277817286,14.541238916856427],[106.0455953191632,14.387116903354189],[106.14354425790205,14.090430210821426],[106.13130064055972,13.959765301976683],[105.86194105902777,13.97164700228271],[105.12732401848619,14.221020366583568],[104.35597612591754,14.32781081227482],[103.62135908537591,14.410834935182185]]]},"properties":{"NAME":"Cambodia","SUBJECTO":"Cambodia","PARTOF":"Cambodia"}},
{"type":"Feature","geometry":{"type":"Polygon","coordinates":[[[106.7043943735039,10.448421083406252],[106.09004500826953,11.00609739871387],[104.38717940768359,10.314412675813479],[104.97852614840625,9.980911813691897],[104.7424803110039,8.493669115022463],[106.48202804049609,9.552120767549319],[106.7043943735039,10.448421083406252]]]},"properties":{"NAME":"Cochin China","SUBJECTO":"Cochin China","PARTOF":"Cochin China"}},
{"type":"Feature","geometry":{"type":"Polygon","coordinates":[[[107.87561324557421,21.462068162874026],[107.09811690768359,21.649287782625002],[105.94114211520312,22.9314037189043],[105.31343368014453,23.296004854158205],[104.47811416110156,22.78323134036426],[102.5703611703789,22.689601503328127],[101.96785262545703,22.533715806916994],[102.69068435153125,21.668059907869143],[102.99293807467578,20.939632020906252],[103.60706618746875,20.68288382144336],[104.12909224948046,20.939910493806643],[104.71581557711718,20.200439058259768],[103.89931014498828,19.313087068513674],[104.81215957125781,18.721570573762698],[106.63819411715625,16.484338365510744],[107.10751632174609,16.169568620637698],[107.46341231783984,14.996761880830569],[107.38697365112833,14.55689789165046],[107.51459029635546,13.421952806428713],[107.38450149020312,12.354075990632815],[105.84254744967578,11.5827070102251],[106.09004500826953,11.00609739871387],[106.7043943735039,10.448421083406252],[107.41204360446093,10.367358766511721],[108.69589522799609,11.145221315339846],[109.07335189303515,11.635222040132327],[109.30712417086718,12.906332574800295],[108.78612044772265,15.090558610872073],[108.23614791354296,16.080380998567385],[107.80916884860156,16.28274305911426],[106.43306258639453,17.55027922244434],[106.36444381198046,18.007497392610354],[105.53258040866015,18.84421118350391],[105.84338668307421,19.702409349397463],[106.38092330416796,20.11008795352344],[106.80704024752734,20.905006013826174],[107.87561324557421,21.462068162874026]]]},"properties":{"NAME":"Annam","SUBJECTO":"Annam","PARTOF":"Annam"}},
{"type":"Feature","geometry":{"type":"Polygon","coordinates":[[[47.39071181735156,11.159307084993166],[46.720950327792735,8.426825547620961],[45.356890621791436,6.852910502234852],[45.251962952099035,5.803633805310774],[45.940988967838564,3.502349241544716],[46.22544175899341,2.552302650484968],[47.55637649020312,3.992555223420901],[48.47157958468554,5.20143374057178],[49.04607299288867,6.416338048890871],[50.77938369235156,9.368420206025881],[51.12975982150195,10.70987757296924],[51.18070510348437,11.777448259309573],[50.69729140719531,11.947959505037112],[50.0808706613457,11.476436220125002],[49.30350020846484,11.246025644258303],[48.53374389132617,11.333325944856448],[47.39071181735156,11.159307084993166]]]},"properties":{"NAME":"Somalia","SUBJECTO":"Somalia","PARTOF":"Somalia"}},
{"type":"Feature","geometry":{"type":"Polygon","coordinates":[[[45.940988967838564,3.502349241544716],[43.887903246097736,2.02623769638411],[41.054856164402736,-0.596954045926074],[38.74644743116977,-3.954639476083112],[38.221809082707736,-6.158120539623662],[38.90383893570839,-10.774938006089592],[40.52401259860156,-10.550122655912595],[39.65761474093554,-9.795738615080076],[39.27012542208789,-7.801093496366697],[39.56642821749804,-7.044216074033933],[38.92152694186328,-6.340208925291257],[38.93381026705859,-5.634787000700193],[39.2672720285332,-4.776162542387205],[40.23441604098437,-3.191706575437742],[42.440066370574215,-0.511580146833616],[43.724307093230465,0.800251446679873],[44.56746962985156,1.462954007104678],[45.541262659636715,1.967072092012209],[46.22544175899341,2.552302650484968],[45.940988967838564,3.502349241544716]]]},"properties":{"NAME":"Zanzibar","SUBJECTO":"Zanzibar","PARTOF":"Zanzibar"}},
{"type":"Feature","geometry":{"type":"Polygon","coordinates":[[[38.90383893570839,-10.774938006089592],[39.53340495386284,-12.243925381783296],[39.743260293247644,-13.712912757477],[39.63833262355524,-15.286827802863112],[39.21862194478561,-15.706538481632741],[37.64470689939951,-16.021321490709962],[36.38557486309061,-16.96567051794163],[35.546153505551345,-16.96567051794163],[34.28702146924246,-15.916393821017556],[33.342672442010794,-15.706538481632741],[34.811659817704495,-17.595236536096074],[34.91658748739691,-18.329730223942924],[34.18209379955006,-18.53958556332774],[33.972238460165244,-18.959296242097366],[34.49687680862728,-23.261330699486074],[35.29743102511523,-23.825008787199216],[35.53088286837695,-22.45806733517285],[35.26076034030078,-22.274328626676756],[34.69901565035937,-20.572248853727537],[34.72620299777148,-19.860380567594724],[35.91478255709765,-19.031639493986326],[37.2753172250664,-17.71316186337109],[39.471255335417965,-16.717016614958006],[40.38579848727343,-15.7363266125166],[40.84861663302539,-14.57864610104199],[40.59920791110156,-14.401239790006834],[40.52701858004687,-12.583784498258787],[40.311343226042965,-11.344973005338865],[40.52401259860156,-10.550122655912595],[38.90383893570839,-10.774938006089592]]]},"properties":{"NAME":"Portuguese East Africa","SUBJECTO":"Portuguese East Africa","PARTOF":"Portuguese East Africa"}},
{"type":"Feature","geometry":{"type":"Polygon","coordinates":[[[77.49228919627829,41.05637914530269],[78.11065200289843,41.07281073184375],[78.87063125094531,41.67883261294727],[80.10927871188281,41.99955328555469],[80.21090224703906,42.80807837100391],[80.77205947360156,43.382457338289065],[80.23662856539843,45.12263449283008],[81.69031051119921,45.35655935855274],[82.4398908945,45.735477052644534],[83.25171187838671,47.29487570376758],[84.33619216403125,47.05407675357227],[85.47764876803515,47.092662416414065],[85.60924819430468,48.1003375873125],[86.78273299655078,48.99230536075],[89.796336207,49.816444002107424],[90,50.30670126529102],[92.15972426852343,50.755286775544924],[93.32342923910977,50.62061414906446],[94.21035254892331,51.320064120081305],[93.56736071988496,52.34885104654265],[91.12399176953926,52.47744941235032],[84.43687674754052,50.5484739252353],[81.47911433396416,50.29127719361997],[78.64995028619546,50.80567065685063],[77.05826462968167,52.23269917648369],[75.46333970080482,51.66317902331105],[71.88427941243191,51.741696060285435],[66.53055598363495,50.6365591166097],[72.9517269136371,45.03365773122351],[76.73650793157395,43.364042331125],[73.77661508421309,42.974761470419786],[74.89264025616882,42.69009036025913],[76.97912209939041,41.719655562337365],[77.49228919627829,41.05637914530269]]]},"properties":{"NAME":"central Asian khanates","SUBJECTO":"central Asian khanates","PARTOF":"central Asian khanates"}},
{"type":"Feature","geometry":{"type":"Polygon","coordinates":[[[124.13388350924609,39.843143068269534],[124.49109939059375,40.27958258242969],[125.87949660739062,40.945026002839846],[126.47417739352343,41.651507936433596],[128.09849074801562,41.44936331363086],[128.75553420504687,42.060645662263674],[130.22588637789843,42.65130194278125],[131.13964370211718,43.22656210513477],[130.99053481539843,44.817428194001955],[131.73954299410937,45.25929983706836],[132.7776136728203,44.98773916812305],[133.3848371835625,45.64880331607227],[134.16527846774218,47.3346019610918],[134.71737197360156,47.69420584292774],[134.11167434176562,48.24926718325977],[132.268748316375,47.77841147036914],[130.92454055270312,47.73228796573047],[130.47582534274218,48.89962347598438],[127.71199325045703,49.69929464908008],[126.6756086679375,51.445148073152346],[126.18638900241015,52.518146120027346],[125.50918105563281,53.15678747744922],[124.64319899996875,53.11245688052539],[123.3526106210625,53.510299287751955],[121.18775466403125,53.31972845645313],[120.1289778085625,51.73335989566211],[119.18234542330859,50.70172079654102],[119.29120162448046,50.124984346345705],[117.4905271860039,49.58627661319141],[116.56601241549609,50.005626283601565],[115.7336912485039,49.864032350496096],[114.098338160125,50.27434881778125],[112.52449325045703,49.462020479158205],[110.19990828951953,49.24101599307422],[109.42404464205859,49.2955394610918],[107.54907515963671,49.827098451570315],[106.322947535125,50.416690431550784],[105.1551008554375,50.443309389070315],[103.68075850924609,50.16643484683399],[102.63903335055468,50.4561839923418],[102.11743453463671,51.36111029239063],[101.01121047457812,51.671710573152346],[97.61011347639456,52.14809611108723],[97.31938973459386,52.826451508622185],[95.86577102559038,53.79553064795783],[95.18741562805542,53.79553064795783],[93.56736071988496,52.34885104654265],[94.21035254892331,51.320064120081305],[93.32342923910977,50.62061414906446],[92.15972426852343,50.755286775544924],[90,50.30670126529102],[89.796336207,49.816444002107424],[86.78273299655078,48.99230536075],[85.60924819430468,48.1003375873125],[85.47764876803515,47.092662416414065],[84.33619216403125,47.05407675357227],[83.25171187838671,47.29487570376758],[82.4398908945,45.735477052644534],[81.69031051119921,45.35655935855274],[80.23662856539843,45.12263449283008],[80.77205947360156,43.382457338289065],[80.21090224703906,42.80807837100391],[80.10927871188281,41.99955328555469],[78.87063125094531,41.67883261294727],[78.11065200289843,41.07281073184375],[77.49228919627829,41.05637914530269],[76.481638941375,40.43697317691211],[75.42999556979296,40.6102367267168],[73.8270750375664,39.78373297305469],[73.85831740817187,38.541507326082034],[74.57975295504687,38.59007986636524],[75.01015761813281,37.465518556550784],[74.73327163180468,37.20940359683399],[74.52053359469531,37.004581056550784],[75.62776473483203,36.76897390933399],[75.88974288424609,36.023238740876955],[77.84622481783984,35.24300345034961],[78.5086164804375,34.497813783601565],[78.62453750094531,33.50422628970508],[79.44696334323046,33.20030554385547],[79.56532576998828,32.70180853457813],[78.78180221041796,32.002418123201174],[79.10879043063281,31.45927771182422],[81.02130416354296,30.246511064485354],[81.65574935397265,30.454833589509768],[83.40201095065234,29.539681993440432],[83.69781020602343,29.182548128083987],[85.14416793307421,28.341794572786135],[86.60393813571093,28.133468233064455],[87.21436599215625,27.843293748811526],[88.19726088961718,27.87575491519336],[88.73070052584765,27.86612280459766],[88.80257705172656,27.18099173159961],[89.36553481539843,27.876128755525393],[91.15224746188281,28.032367311433596],[91.60775283297656,27.641450487092776],[92.54606154879687,27.919770799592776],[93.05136397799609,28.417733751252932],[94.57171157321093,29.200709901765627],[95.30896285494921,29.001842103914065],[95.92862990817187,29.37979658694629],[96.45532515963671,28.881480775789065],[96.2545652719414,28.385312639192385],[97.34041884860156,28.18211515994434],[98.00866225680468,28.090755067781252],[98.63722518405078,27.478742204622073],[98.73374465426562,26.34318121524219],[98.38228896578906,25.63022192569141],[97.52405074557421,24.799996934846682],[97.69524711923407,23.879622433915735],[98.76916030367968,24.08975752444629],[99.15594008883593,22.307843767122073],[99.75549605807421,22.12718351931934],[100.32079604586718,21.463782869294924],[101.75289443453906,21.47212751956348],[101.53504470309375,22.137536607698244],[101.96785262545703,22.533715806916994],[102.5703611703789,22.689601503328127],[104.47811416110156,22.78323134036426],[105.31343368014453,23.296004854158205],[105.94114211520312,22.9314037189043],[107.09811690768359,21.649287782625002],[107.87561324557421,21.462068162874026],[109.11740401705859,21.39900930972461],[110.0772199960625,20.867482744172854],[111.08559707125781,21.479402147249026],[112.74952224215625,21.756068788484377],[113.71678451022265,22.482215486482424],[116.34061721285937,22.9133315906084],[118.81294539889453,24.84941443057422],[119.47034743746875,25.77168234439258],[119.428904566375,26.590831361726565],[120.35180953463671,27.177013002351565],[121.00856307467578,28.276980958894534],[121.35852340182421,28.385663591340823],[121.77031997164843,29.834281526521487],[121.56893447360156,30.710101686433596],[121.60595992526171,31.827626787141604],[120.66086104830859,32.54311712832813],[119.97359755953906,34.13522299380664],[119.02086165866015,34.691932283357424],[120.13933852633593,36.194800935701174],[121.84669784030078,36.86017569156055],[120.65811446627734,37.73646505923633],[119.59885695895312,37.11661871524219],[118.95460036715625,37.07711752505664],[118.87524703463671,37.94942816348438],[117.58946517428515,38.28448065371875],[117.75288680514453,39.20253714175586],[118.97764113864062,39.22413595767383],[119.38549331149218,39.84343298526172],[120.27274611910937,40.151771150544924],[121.01060775241015,40.85068091006641],[122.10791305026171,40.35372122378711],[121.23940566500781,39.55383261294727],[122.02749160250781,39.25575979800586],[123.03905776461718,39.67220266909961],[124.13388350924609,39.843143068269534]]]},"properties":{"NAME":"Manchu Empire","SUBJECTO":"Manchu Empire","PARTOF":"Manchu Empire"}},
{"type":"Feature","geometry":{"type":"Polygon","coordinates":[[[-2.192973938378113,35.05424841494922],[-4.592977490814942,35.151187501863284],[-5.928758588227051,35.72785910220508],[-6.51147219220044,34.45429953189258],[-7.004007783325928,33.874984346345705],[-8.314414945038575,33.33848150821094],[-9.218686070832032,32.580360017732424],[-9.813266721161622,31.289060197786135],[-9.662592854889649,29.954816423372073],[-10.339312520416993,29.14631613345508],[-8.593210187348145,28.641410432771487],[-8.284488644989747,28.78304823489551],[-4.949990634223173,28.856566767538464],[-1.713601456447307,28.394225456427627],[-1.343728407558636,29.0415032919828],[-1.713601456447307,30.05865417642664],[-1.081275251301545,32.45392569156055],[-1.68113121071698,33.257815919832034],[-1.738150325211304,34.60509451480274],[-2.192973938378113,35.05424841494922]]]},"properties":{"NAME":"Morocco","SUBJECTO":"Morocco","PARTOF":"Morocco"}},
{"type":"Feature","geometry":{"type":"MultiPolygon","coordinates":[[[[-50.47628494778516,-1.678760804220396],[-49.34711548367383,-1.644541300817686],[-48.8856935171211,-1.421139515920835],[-48.40189072171094,-0.390650846048551],[-50.50141235867383,-0.261749692245679],[-50.47628494778516,-1.678760804220396]]],[[[-58.57506653347852,6.984399877504153],[-58.616635289582035,7.499081216768069],[-59.83440491238477,8.440183244661135],[-61.28992935696485,8.770693384126467],[-60.792721715363285,9.388232789949221],[-61.53086563626172,9.850575052217287],[-62.384552922638676,10.013961397126955],[-62.925324407013676,10.368699632600588],[-64.06826111355664,10.626809678987307],[-64.88365646878125,10.135678850129885],[-65.37594315091016,10.153691850618166],[-66.47811600247266,10.678809724763674],[-67.97961136380079,10.542116723970217],[-68.69460007229688,11.379503808931155],[-69.74783798733594,11.533459268525881],[-71.09841629544141,11.120093904451174],[-71.4955567983711,10.646208368257327],[-71.04417130032422,9.391532503083987],[-71.60471817532422,9.091612420991702],[-72.11403366604688,9.904005609468264],[-71.68795486966016,10.769269548372073],[-71.9878663686836,11.607564531282229],[-71.18874832669141,11.911603532747073],[-71.69791122952344,12.428066812471194],[-72.37965866604688,11.81010016055469],[-73.36232468167188,11.324960313752932],[-74.2189225820625,11.367601953462405],[-75.45044418850782,10.627693735078616],[-75.70266434231641,9.425959192231936],[-76.76352402249219,8.692807756379885],[-76.85815140286329,7.929960809663577],[-77.677540746125,8.961007677034182],[-78.26649185696485,9.385549150422854],[-79.50042435208204,9.638376794770998],[-80.96249863186719,8.864939294770998],[-82.22958847561719,9.046509347871584],[-82.55992600003125,9.583112321809573],[-82.90659042874219,9.518636308625979],[-82.95746323147657,8.047210298494143],[-82.38439652005079,8.32122953982715],[-80.813771214875,7.270063482240481],[-79.71689316311719,8.883091531709475],[-79.06764694729688,9.034267984346194],[-78.18370529690625,8.413340173677248],[-78.2654542593086,7.885670267061037],[-77.40016647854688,6.670446001008791],[-77.50037857571485,5.513577543214602],[-77.26658340969922,4.73875530810718],[-77.44452377835157,4.179111562684817],[-77.10599991360547,3.792188964799685],[-77.80209824124219,2.576873622850222],[-78.46819778958204,2.467397294954104],[-78.49182602444532,1.920829616502566],[-78.98431107083204,1.296987973169131],[-80.08556076565625,0.817998133615298],[-80.33884903469922,-0.66318116335507],[-80.96610733548047,-1.033107079549985],[-80.74118515530469,-2.119224466367918],[-80.22890945950391,-3.471247114225584],[-80.25851913967969,-4.413981832548338],[-79.69168564358594,-4.461452878996091],[-79.28623673001172,-5.011907972379881],[-77.40521498458769,-4.333229346695186],[-77.3392922307421,-4.794688623614254],[-75.69122338460258,-5.058379638996579],[-74.6048164012274,-4.359598448233418],[-73.59224290215926,-4.443979573155763],[-73.25471840246989,-3.600168323932321],[-72.87500334031934,-3.389215511626462],[-71.06080915448894,-3.937692823621699],[-70.20707413235547,-3.807670511289793],[-69.90117528681355,-4.378682370319165],[-69.36263901542677,-4.135461085158441],[-69.2307935077356,-3.476233546702625],[-67.97826118466955,-3.410310792857045],[-67.25311089236816,-2.553314992864486],[-66.65980610775793,-2.817006008246812],[-67.0553426308314,0.940590960951329],[-65.35591599026563,0.56229742617969],[-63.87599274197461,1.880598865464968],[-63.32650467434766,2.061866365388674],[-60.51580544934973,2.189827146325094],[-58.85273834744336,1.154052458719057],[-57.90046629031785,1.593919481271077],[-57.878895295526476,2.849054684780903],[-58.58158272308039,4.999755114219219],[-58.57506653347852,6.984399877504153]],[[-77.2535000266561,-2.759051555925397],[-77.8998559610522,-3.112543263869829],[-78.39231762535397,-2.912757309929439],[-78.5616013224577,-2.128662113961151],[-77.8536876800239,-1.66723383131634],[-77.2535000266561,-2.097904193884223],[-77.2535000266561,-2.759051555925397]]]]},"properties":{"NAME":"Vice-Royalty of New Granada","SUBJECTO":"Spain","PARTOF":"Vice-Royalty of New Granada"}},
{"type":"Feature","geometry":{"type":"Polygon","coordinates":[[[-53.83686157742383,5.689471326783938],[-54.56969543972852,5.963541589692873],[-56.746396031769535,6.003318391755862],[-58.57506653347852,6.984399877504153],[-58.58158272308039,4.999755114219219],[-57.878895295526476,2.849054684780903],[-57.90046629031785,1.593919481271077],[-57.13394638577344,1.901662670091433],[-54.86057755032422,2.480966173127932],[-54.388329472931645,2.261286817506594],[-53.97731110134961,3.357142053560061],[-54.36608978787305,4.689873300508303],[-53.83686157742383,5.689471326783938]]]},"properties":{"NAME":"Guiana","SUBJECTO":"Netherlands","PARTOF":"Guiana"}},
{"type":"Feature","geometry":{"type":"Polygon","coordinates":[[[-53.83686157742383,5.689471326783938],[-54.36608978787305,4.689873300508303],[-53.97731110134961,3.357142053560061],[-54.388329472931645,2.261286817506594],[-54.86057755032422,2.480966173127932],[-57.13394638577344,1.901662670091433],[-57.90046629031785,1.593919481271077],[-58.85273834744336,1.154052458719057],[-60.51580544934973,2.189827146325094],[-63.32650467434766,2.061866365388674],[-63.87599274197461,1.880598865464968],[-65.35591599026563,0.56229742617969],[-67.0553426308314,0.940590960951329],[-66.65980610775793,-2.817006008246812],[-67.25311089236816,-2.553314992864486],[-67.97826118466955,-3.410310792857045],[-69.2307935077356,-3.476233546702625],[-69.36263901542677,-4.135461085158441],[-69.90117528681355,-4.378682370319165],[-70.54911514798047,-4.267278112455564],[-71.43378159085157,-4.520385660215574],[-72.76932236233594,-5.144761480375486],[-73.19191452542188,-6.08146420864697],[-73.06186386624219,-6.519180692716795],[-73.77878281155469,-7.044533170744138],[-73.84206100979688,-7.578698553129392],[-72.91613480130079,-9.041099943205076],[-66.47409504252889,-9.914960596585976],[-65.30872818508985,-9.81572762875195],[-65.27307602444532,-11.365933813139158],[-64.26138016262891,-12.471878446623045],[-63.60531326809766,-12.512480176969724],[-62.65365311184766,-13.034226812406736],[-62.0785531667793,-13.10071698574658],[-61.62732788601758,-13.625401891752439],[-60.362946477326176,-13.903864301725584],[-60.21289154568555,-15.853477872892576],[-60.03219315091016,-16.328901685758787],[-58.333485570343754,-16.36973039059277],[-58.401696172150395,-17.132511533781248],[-57.59640976467969,-18.04261437801953],[-57.77708527127149,-19.168112196012693],[-58.13773056546094,-19.811836637541013],[-55.13395401516797,-24.056900419279295],[-54.21879288235547,-24.121467985197263],[-54.580407109650395,-25.74334565548535],[-53.9418458608711,-25.66342965511914],[-53.61647507229688,-26.27130738644238],[-53.73108002224805,-27.218325056120115],[-54.754723515900395,-27.69419900326367],[-57.1045541433418,-29.885900892301756],[-55.87414642849805,-31.174250043913084],[-53.893944707306645,-32.04559747128125],[-53.23585220852735,-32.93714562801953],[-53.40556427517774,-33.87947503475781],[-52.35066696682813,-32.67519036678906],[-52.0421876577461,-31.55657235531445],[-51.44541641751172,-31.01539460568066],[-51.23235413113477,-30.26536027340527],[-50.5817269949043,-30.41646806149121],[-49.546479192169926,-29.156509794279295],[-48.93729492703321,-28.69782678036328],[-48.56390854397657,-27.680593885465818],[-48.5161866811836,-25.876251615568357],[-48.72452255764844,-25.425621427580076],[-46.20621201077344,-23.882822431608396],[-45.45921036282422,-23.855831541105466],[-44.56129547634961,-22.989857114835935],[-41.95784470120313,-22.92082253841992],[-41.929196324738285,-22.5458912029707],[-40.98350235501172,-22.086429990812498],[-40.93281647244336,-21.2794117107832],[-39.69133850613477,-19.408796705290037],[-39.666134801300785,-18.226957716032224],[-39.14249893704297,-17.77471772579785],[-39.20771118679883,-17.145834363981443],[-38.94815537014844,-16.001592077299314],[-39.126217809113285,-14.324533857389646],[-38.79886719265821,-12.627316869779783],[-38.266137090119145,-12.886686719938474],[-37.63658997097852,-11.951296247526365],[-37.18652435818555,-10.844699300810056],[-36.82893463650586,-10.735910810514646],[-35.59859940091016,-9.627626813932615],[-35.114186253937504,-8.660737432523923],[-34.890675511750004,-7.611789144560056],[-35.46437164822461,-5.268277086302],[-37.180600133332035,-4.954271711393552],[-38.78636261502149,-3.604257978483396],[-40.23088928738477,-2.851210989042478],[-41.10252472439649,-2.973839916273313],[-42.31647202053907,-2.817604698225217],[-43.33403870144727,-2.432190097852903],[-44.22212311306836,-2.77724377064343],[-44.79592606106641,-1.736357845350462],[-47.23713776150586,-0.680439271017271],[-48.042530980500004,-0.815624035879331],[-48.38951965847852,-1.413708962484556],[-49.22114655056836,-2.108145631834226],[-50.6431398061836,-1.882471717878538],[-50.976777043732426,-1.114295281454282],[-52.02156158963086,-1.56772879509564],[-51.529381719025395,-0.429196335359769],[-50.64682480374219,0.271723441795153],[-49.88430496731641,1.213871084169192],[-49.969208684357426,1.72841640563373],[-50.688080754669926,2.21617230029468],[-51.20926758328321,4.070678792909426],[-51.71012589016797,4.228457056001467],[-53.02668091336133,5.426703058198733],[-53.83686157742383,5.689471326783938]]]},"properties":{"NAME":"Viceroyalty of Brazil","SUBJECTO":"Portugal","PARTOF":"Vice-Royalty of Brazil"}},
{"type":"Feature","geometry":{"type":"Polygon","coordinates":[[[-54.580407109650395,-25.74334565548535],[-54.21879288235547,-24.121467985197263],[-55.13395401516797,-24.056900419279295],[-58.13773056546094,-19.811836637541013],[-62.61002060452344,-22.156546033903318],[-61.24046036282422,-23.615909971281248],[-59.811093297394535,-24.21741334347363],[-57.70992752591016,-25.33588258175488],[-58.27678772488477,-26.380760587736326],[-58.07206055203321,-27.192505277677732],[-55.73177811184766,-27.45212785153027],[-54.81656357327344,-26.557695783659177],[-54.580407109650395,-25.74334565548535]]]},"properties":{"NAME":"Paraguay","SUBJECTO":"Paraguay","PARTOF":"Paraguay"}},
{"type":"Feature","geometry":{"type":"Polygon","coordinates":[[[-80.22890945950391,-3.471247114225584],[-81.30361649075391,-4.331714548155027],[-81.41761490383985,-4.675080694242673],[-80.61159225979688,-6.369872011228757],[-80.06590744534375,-6.756278909727293],[-79.06024643460157,-8.215522207304197],[-77.75874802151563,-10.65892068295117],[-76.23803421536329,-13.502021230741697],[-76.24178024807813,-14.105595983549314],[-75.2309083608711,-15.221601881071287],[-74.04964157620313,-16.044990934416013],[-71.611866918,-17.22145501522656],[-71.36520096341016,-17.69742051510449],[-70.58412643948438,-18.083280958219724],[-70.20851608792188,-19.06719819454785],[-70.11063095608594,-21.74793664364453],[-70.29201218167188,-22.987125791593748],[-70.57323929348829,-23.16559449581738],[-70.3981446889961,-25.24891320614453],[-70.93462082425,-27.727417387052732],[-71.43014999905469,-29.100479520841795],[-71.23363968411329,-29.519295133634763],[-71.69539352932813,-30.85409013180371],[-71.41605087796094,-32.752567686125],[-71.61574265042188,-33.70565453915234],[-72.62884995022657,-35.645878233],[-73.14423080960157,-37.15579644589062],[-73.6725358633125,-37.50085488705273],[-73.19384476223829,-39.56536904720898],[-73.90523239651563,-40.83904305843945],[-73.59364029446485,-41.69723931698437],[-72.58717819729688,-41.618275083585935],[-71.80479904690625,-41.57373849300976],[-71.86021133938672,-40.74824944882031],[-71.36279770413282,-39.028805173917966],[-70.84412857571485,-38.726524747892576],[-71.152638402375,-37.811180509611326],[-71.09505173245313,-36.805218137785154],[-70.39072128811719,-36.16510049252148],[-70.48040482083204,-35.35797921566601],[-69.84934708157422,-34.25593987850781],[-69.84002396145704,-33.760845579191404],[-70.5048112539375,-31.68907205013867],[-70.26002213040235,-30.71646348385449],[-69.85181900540235,-30.358631528898435],[-69.95096298733594,-29.35612527279492],[-68.82346054592969,-27.2670826092207],[-68.25426956692579,-26.97806779293652],[-68.56219193020704,-25.436735548063474],[-68.39349838772657,-24.60378686337109],[-67.25753494778516,-24.082739271208006],[-67.1888932851875,-22.983517087980466],[-66.14585587063672,-21.923063673063474],[-64.75560471096875,-22.162689603849607],[-64.24863907376172,-22.877506650968748],[-63.78357788601758,-22.074453748747068],[-62.61002060452344,-22.156546033903318],[-58.13773056546094,-19.811836637541013],[-57.77708527127149,-19.168112196012693],[-57.59640976467969,-18.04261437801953],[-58.401696172150395,-17.132511533781248],[-58.333485570343754,-16.36973039059277],[-60.03219315091016,-16.328901685758787],[-60.21289154568555,-15.853477872892576],[-60.362946477326176,-13.903864301725584],[-61.62732788601758,-13.625401891752439],[-62.0785531667793,-13.10071698574658],[-62.65365311184766,-13.034226812406736],[-63.60531326809766,-12.512480176969724],[-64.26138016262891,-12.471878446623045],[-65.27307602444532,-11.365933813139158],[-65.30872818508985,-9.81572762875195],[-66.47409504252889,-9.914960596585976],[-72.91613480130079,-9.041099943205076],[-73.84206100979688,-7.578698553129392],[-73.77878281155469,-7.044533170744138],[-73.06186386624219,-6.519180692716795],[-73.19191452542188,-6.08146420864697],[-72.76932236233594,-5.144761480375486],[-71.43378159085157,-4.520385660215574],[-70.54911514798047,-4.267278112455564],[-69.90117528681355,-4.378682370319165],[-70.20707413235547,-3.807670511289793],[-71.06080915448894,-3.937692823621699],[-72.87500334031934,-3.389215511626462],[-73.25471840246989,-3.600168323932321],[-73.59224290215926,-4.443979573155763],[-74.6048164012274,-4.359598448233418],[-75.69122338460258,-5.058379638996579],[-77.3392922307421,-4.794688623614254],[-77.40521498458769,-4.333229346695186],[-79.28623673001172,-5.011907972379881],[-79.69168564358594,-4.461452878996091],[-80.25851913967969,-4.413981832548338],[-80.22890945950391,-3.471247114225584]]]},"properties":{"NAME":"Vice-Royalty of Peru","SUBJECTO":"Spain","PARTOF":"Vice-Royalty of Peru"}},
{"type":"Feature","geometry":{"type":"Polygon","coordinates":[[[-62.61002060452344,-22.156546033903318],[-63.78357788601758,-22.074453748747068],[-64.24863907376172,-22.877506650968748],[-64.75560471096875,-22.162689603849607],[-66.14585587063672,-21.923063673063474],[-67.1888932851875,-22.983517087980466],[-67.25753494778516,-24.082739271208006],[-68.39349838772657,-24.60378686337109],[-68.56219193020704,-25.436735548063474],[-68.25426956692579,-26.97806779293652],[-68.82346054592969,-27.2670826092207],[-69.95096298733594,-29.35612527279492],[-69.85181900540235,-30.358631528898435],[-70.26002213040235,-30.71646348385449],[-70.5048112539375,-31.68907205013867],[-69.84002396145704,-33.760845579191404],[-69.84934708157422,-34.25593987850781],[-70.48040482083204,-35.35797921566601],[-70.39072128811719,-36.16510049252148],[-71.09505173245313,-36.805218137785154],[-71.152638402375,-37.811180509611326],[-70.84412857571485,-38.726524747892576],[-71.36279770413282,-39.028805173917966],[-71.86021133938672,-40.74824944882031],[-71.80479904690625,-41.57373849300976],[-70.75022058162149,-41.00310453337858],[-69.951017904607,-40.970841449531406],[-68.82660383598545,-39.72806800526548],[-66.28187725963139,-40.26068519566516],[-64.97992412754327,-40.0831461321986],[-64.21058818585485,-40.556583634776096],[-62.73149684324714,-41.04970838840874],[-62.73149684285265,-41.04970838854026],[-62.289341893665636,-40.67486611738285],[-62.28934189368938,-40.674866117280104],[-62.46579834500196,-40.3679126873457],[-62.06776520306147,-39.55577508349686],[-62.35104462186402,-39.33307305707111],[-61.360714879425785,-39.031299985929685],[-59.515431371125004,-38.87451974300976],[-57.80888458767774,-38.386490263029295],[-56.69811340847852,-36.944073118253904],[-56.79972931429757,-36.54303399465934],[-57.29357239285352,-36.27023736385937],[-57.29357239295696,-36.270237363617994],[-57.371693578156254,-36.149437345548826],[-57.37169357820516,-36.149437345391775],[-57.22550674965506,-35.4362644328216],[-58.52278229276669,-34.5870632304005],[-57.34773727932813,-34.508438505216795],[-56.33826157132032,-34.99545327572461],[-54.62150665799024,-34.922081388517576],[-53.40556427517774,-33.87947503475781],[-53.23585220852735,-32.93714562801953],[-53.893944707306645,-32.04559747128125],[-55.87414642849805,-31.174250043913084],[-57.1045541433418,-29.885900892301756],[-54.754723515900395,-27.69419900326367],[-53.73108002224805,-27.218325056120115],[-53.61647507229688,-26.27130738644238],[-53.9418458608711,-25.66342965511914],[-54.580407109650395,-25.74334565548535],[-54.81656357327344,-26.557695783659177],[-55.73177811184766,-27.45212785153027],[-58.07206055203321,-27.192505277677732],[-58.27678772488477,-26.380760587736326],[-57.70992752591016,-25.33588258175488],[-59.811093297394535,-24.21741334347363],[-61.24046036282422,-23.615909971281248],[-62.61002060452344,-22.156546033903318]]]},"properties":{"NAME":"United Provinces of La Plata","SUBJECTO":"Spain","PARTOF":"United Provinces of La Plata"}},
{"type":"Feature","geometry":{"type":"MultiPolygon","coordinates":[[[[-69.89519974270704,-52.627186216398435],[-68.4558992057011,-52.420181669037916],[-69.89519974281048,-52.62718621615706],[-69.89519974313853,-52.6271862161828],[-69.89519974270704,-52.627186216398435]]],[[[-65.78120132972454,-47.71157876376448],[-66.07773300697063,-48.142071164887525],[-67.57759567786907,-49.058533109467604],[-67.83347031165813,-49.9682125223094],[-69.04092117835735,-50.56240121249495],[-69.11474151787864,-51.35236245613261],[-69.07692429115032,-51.49934808139143],[-69.04092117825391,-50.562401212736326],[-67.83347031155469,-49.96821252255078],[-67.57759567776563,-49.05853310970898],[-66.07773300686719,-48.142071165128904],[-65.78120132972454,-47.71157876376448]]],[[[-65.13462540199016,-41.24435464267073],[-64.93894669094922,-40.827476896330076],[-63.84193512478711,-41.158443845792966],[-62.73149684285265,-41.04970838854026],[-64.21058818585485,-40.556583634776096],[-62.73149684324714,-41.04970838840874],[-63.841935124890554,-41.15844384555159],[-64.93894669105266,-40.8274768960887],[-65.13462540199016,-41.24435464267073]]],[[[-65.62660690833782,-44.72252313021956],[-65.30717178860547,-43.601402677580076],[-64.69799515296673,-43.20144311312971],[-65.30717178870891,-43.6014026773387],[-65.62660690833782,-44.72252313021956]]],[[[-67.46862503577923,-46.26589242343245],[-66.69494339505079,-45.13110391049023],[-65.65723129798626,-44.94175759677229],[-66.69494339515423,-45.131103910248854],[-67.46862503577923,-46.26589242343245]]]]},"properties":{"NAME":null,"SUBJECTO":null,"PARTOF":null}},
{"type":"Feature","geometry":{"type":"MultiPolygon","coordinates":[[[[-70.49821945716594,-54.92306558017073],[-69.67171951809766,-54.77409402279492],[-67.15256210842969,-54.90997735409375],[-65.26215836097454,-54.81925240878401],[-67.15256210853313,-54.90997735385237],[-69.6717195182011,-54.77409402255354],[-70.49821945716594,-54.92306558017073]]],[[[-71.44228836585735,-53.88161126498518],[-70.99802872219922,-53.82070962338086],[-70.73358627835157,-52.8015064373457],[-69.89519974270704,-52.627186216398435],[-69.89519974313853,-52.6271862161828],[-70.4156388907597,-52.66802636508284],[-70.73358627845501,-52.80150643710432],[-70.99802872230266,-53.82070962313948],[-71.44228836585735,-53.88161126498518]]]]},"properties":{"NAME":null,"SUBJECTO":null,"PARTOF":null}},
{"type":"Feature","geometry":{"type":"Polygon","coordinates":[[[92.50995162448046,22.110425554231448],[92.59760573825,21.387023530916018],[92.12366774996875,20.996430955842776],[93.33432296237109,20.025172792390627],[94.05371383151171,19.061149202302737],[94.46530891062856,17.64281138984915],[95.36161917302789,18.0383006962205],[94.70239163457208,20.015983311587938],[93.31801380381486,21.729974911573056],[92.50995162448046,22.110425554231448]]]},"properties":{"NAME":"Arakan","SUBJECTO":"Arakan","PARTOF":"Arakan"}},
{"type":"Feature","geometry":{"type":"Polygon","coordinates":[[[10.856080977908093,45.05067155043698],[10.65957321807405,45.806590359724964],[10.395699534026367,46.88741263003711],[9.884957346526367,46.402530275300784],[8.636551446141077,46.11733232396882],[8.450031241287213,45.51916689910721],[9.130803511207283,45.120666058178394],[10.393319124301868,45.02631566340508],[10.856080977908093,45.05067155043698]]]},"properties":{"NAME":"Lombardy","SUBJECTO":"Austrian Empire","PARTOF":"Lombardy"}},
{"type":"Feature","geometry":{"type":"Polygon","coordinates":[[[13.799984011260253,45.56637152285938],[13.568899187651855,46.51042517276172],[11.908413866924741,46.414134459165844],[10.65957321807405,45.806590359724964],[10.856080977908093,45.05067155043698],[11.169817827810615,45.067184016221326],[12.37776521272152,44.73152979882409],[12.279743227568847,45.40228994937305],[13.799984011260253,45.56637152285938]]]},"properties":{"NAME":"Venetia","SUBJECTO":"Austrian Empire","PARTOF":"Venetia"}},
{"type":"Feature","geometry":{"type":"Polygon","coordinates":[[[9.5724396643412,44.43695577937748],[9.977617798181026,44.40668538484759],[10.05646851357982,44.380401813047996],[10.127055613529333,44.35687277973149],[10.393319124301868,45.02631566340508],[9.130803511207283,45.120666058178394],[9.5724396643412,44.43695577937748]]]},"properties":{"NAME":"Parma","SUBJECTO":"Austrian Empire","PARTOF":"Parma"}},
{"type":"Feature","geometry":{"type":"Polygon","coordinates":[[[7.397118601409179,43.76409491153125],[8.671724352446777,44.417403779939455],[9.825498048980155,44.152548314253266],[9.877992587948821,44.29045597291002],[9.5724396643412,44.43695577937748],[9.130803511207283,45.120666058178394],[8.450031241287213,45.51916689910721],[8.636551446141077,46.11733232396882],[6.955283197966796,45.93890341372852],[6.807361283529001,46.3939942785789],[6.383716630705969,46.341576204815574],[5.941489252654296,46.175540529207034],[5.934538658337518,45.32212284024432],[6.942603621093017,44.86865194888477],[6.922790372483864,43.81503897617114],[7.397118601409179,43.76409491153125]]]},"properties":{"NAME":"Kingdom of Sardinia","SUBJECTO":"Kingdom of Sardinia","PARTOF":"Kingdom of Sardinia"}},
{"type":"Feature","geometry":{"type":"Polygon","coordinates":[[[12.37776521272152,44.73152979882409],[11.169817827810615,45.067184016221326],[11.201986087009125,44.142550853103735],[11.853892590887554,44.35687277973149],[12.302206036932475,43.2775996688826],[11.960132972376597,42.00737273955097],[12.97677710970996,41.371375642732424],[13.760507236170481,41.20669841632788],[13.414687551192095,42.36436857508738],[14.076401988875073,42.6337763953921],[13.600871119109375,43.53480490298633],[12.697230372039062,43.934756837800784],[12.37776521272152,44.73152979882409]],[[12.403803180168346,43.95575125312688],[12.50411070103328,43.99007466227028],[12.487834386326892,43.89686497236423],[12.403803180168346,43.95575125312688]]]},"properties":{"NAME":"Papal States","SUBJECTO":"Papal States","PARTOF":"Papal States"}},
{"type":"Feature","geometry":{"type":"Polygon","coordinates":[[[9.877992587948821,44.29045597291002],[9.977617798181026,44.40668538484759],[9.5724396643412,44.43695577937748],[9.877992587948821,44.29045597291002]]]},"properties":{"NAME":"Pontremoli","SUBJECTO":"Pontremoli","PARTOF":"Pontremoli"}},
{"type":"Feature","geometry":{"type":"Polygon","coordinates":[[[10.05646851357982,44.380401813047996],[10.03722242085276,44.291627365363],[10.140676319198834,44.219209636520745],[10.171712488702655,44.312318145032215],[10.127055613529333,44.35687277973149],[10.05646851357982,44.380401813047996]]]},"properties":{"NAME":"Fivizzano","SUBJECTO":"Fivizzano","PARTOF":"Fivizzano"}},
{"type":"Feature","geometry":{"type":"Polygon","coordinates":[[[10.337910145884042,43.596202827939074],[10.691598471511828,44.09120555244561],[10.410075766198318,43.937397684471996],[10.261382708001271,43.74523947476491],[10.337910145884042,43.596202827939074]]]},"properties":{"NAME":"Lucca","SUBJECTO":"Lucca","PARTOF":"Lucca"}},
{"type":"Feature","geometry":{"type":"Polygon","coordinates":[[[11.960132972376597,42.00737273955097],[12.302206036932475,43.2775996688826],[11.853892590887554,44.35687277973149],[11.201986087009125,44.142550853103735],[10.691598471511828,44.09120555244561],[10.337910145884042,43.596202827939074],[10.742755922881347,42.850509248689455],[11.960132972376597,42.00737273955097]]]},"properties":{"NAME":"Tuscany","SUBJECTO":"Tuscany","PARTOF":"Tuscany"}},
{"type":"Feature","geometry":{"type":"Polygon","coordinates":[[[11.201986087009125,44.142550853103735],[11.169817827810615,45.067184016221326],[10.856080977908093,45.05067155043698],[10.393319124301868,45.02631566340508],[10.127055613529333,44.35687277973149],[10.171712488702655,44.312318145032215],[10.140676319198834,44.219209636520745],[10.03722242085276,44.291627365363],[10.05646851357982,44.380401813047996],[9.977617798181026,44.40668538484759],[9.877992587948821,44.29045597291002],[9.825498048980155,44.152548314253266],[10.155236147769687,43.88110436777192],[10.410075766198318,43.937397684471996],[10.691598471511828,44.09120555244561],[11.201986087009125,44.142550853103735]]]},"properties":{"NAME":"Modena","SUBJECTO":"Austrian Empire","PARTOF":"Modena"}},
{"type":"Feature","geometry":{"type":"Polygon","coordinates":[[[10.410075766198318,43.937397684471996],[10.155236147769687,43.88110436777192],[10.261382708001271,43.74523947476491],[10.410075766198318,43.937397684471996]]]},"properties":{"NAME":"Massa","SUBJECTO":"Massa","PARTOF":"Massa"}},
{"type":"Feature","geometry":{"type":"Polygon","coordinates":[[[8.823613432266173,50.22934774403373],[9.075138691716859,49.37716454688957],[9.637785200611807,49.29385643719748],[9.464105920650036,47.64877061443904],[9.665470719275044,47.55624011404333],[11.17034629305957,47.42449911685352],[12.700078997222167,47.69024618716602],[12.694188150969726,48.12943609805469],[13.946682962981445,48.655101381257815],[12.536298784819824,49.56257589908008],[12.252341303435546,50.215892396882815],[11.842359121161405,50.327373063570214],[10.868348784560688,49.96100039107127],[9.694019300074968,50.504927658550635],[8.823613432266173,50.22934774403373]]]},"properties":{"NAME":"Bavaria","SUBJECTO":"Bavaria","PARTOF":"Bavaria"}},
{"type":"Feature","geometry":{"type":"Polygon","coordinates":[[[8.635127839061997,47.778572128696844],[8.983487283772465,47.679618759299416],[9.118142444734893,47.67853423872031],[9.216057312656227,47.67100283816657],[9.464105920650036,47.64877061443904],[9.637785200611807,49.29385643719748],[8.368056358790351,48.486922086804704],[8.512134586506251,48.112318694743365],[8.682466097730924,47.969966191590196],[8.594301438872222,47.88935601792852],[8.635127839061997,47.778572128696844]]]},"properties":{"NAME":"Württemberg","SUBJECTO":"Württemberg","PARTOF":"Württemberg"}},
{"type":"Feature","geometry":{"type":"Polygon","coordinates":[[[91.60775283297656,27.641450487092776],[91.90890029391406,26.805301271394534],[91.16184524020312,26.750220857576174],[90,26.360255315069487],[90,25.9662434512302],[91.43432931871358,26.097580739176628],[91.56566660666,24.346416899890905],[92.04723666246358,23.689730460158763],[93.42865279635546,24.07785376162891],[94.18484786471484,23.93619879336719],[94.701365503875,24.948735795930666],[95.18182662448046,26.557555757478518],[97.01381972750781,27.583655916169924],[97.34041884860156,28.18211515994434],[96.2545652719414,28.385312639192385],[96.45532515963671,28.881480775789065],[95.92862990817187,29.37979658694629],[95.30896285494921,29.001842103914065],[94.57171157321093,29.200709901765627],[93.05136397799609,28.417733751252932],[92.54606154879687,27.919770799592776],[91.60775283297656,27.641450487092776]]]},"properties":{"NAME":"Assam","SUBJECTO":"Assam","PARTOF":"Assam"}},
{"type":"Feature","geometry":{"type":"Polygon","coordinates":[[[97.34041884860156,28.18211515994434],[97.01381972750781,27.583655916169924],[95.18182662448046,26.557555757478518],[94.701365503875,24.948735795930666],[94.18484786471484,23.93619879336719],[93.42865279635546,24.07785376162891],[92.04723666246358,23.689730460158763],[92.52880671826715,22.595253060605188],[92.50995162448046,22.110425554231448],[93.31801380381486,21.729974911573056],[94.70239163457208,20.015983311587938],[95.36161917302789,18.0383006962205],[94.46530891062856,17.64281138984915],[94.1443586679375,16.0057388171709],[94.81927779635546,16.21047171206836],[95.32981399020312,15.677930437043948],[95.7137937875664,16.15521391482715],[96.46924880465625,16.512576662019534],[96.88161757907031,17.345660768464846],[97.57322219332812,16.4450698718584],[97.82298568209765,14.61600836367969],[98.48591903170703,13.111775957063479],[98.73837569674609,11.435081087068362],[98.39786056002734,10.563940607026858],[98.59324172457812,10.120483003572268],[99.58108809908984,11.888709627107424],[99.09757522067187,12.972101770356936],[99.00300887545703,13.886227212861819],[98.48691848239062,14.372261606172366],[98.1370344491875,15.189550958589358],[98.57976821383593,15.471605859712405],[98.82361129244921,16.317746721223635],[98.39312270602343,17.083663545564455],[97.78759292086718,17.575469575837893],[97.27488230039214,18.503621734320777],[97.37243095460272,20.779832287303815],[98.19617514571422,21.60848326484582],[97.69524711923407,23.879622433915735],[97.52405074557421,24.799996934846682],[98.38228896578906,25.63022192569141],[98.73374465426562,26.34318121524219],[98.63722518405078,27.478742204622073],[98.00866225680468,28.090755067781252],[97.34041884860156,28.18211515994434]]]},"properties":{"NAME":"Burma","SUBJECTO":"Burma","PARTOF":"Burma"}},
{"type":"Feature","geometry":{"type":"Polygon","coordinates":[[[88.23191359957812,26.757009111360354],[88.86752608737109,26.908403001741213],[88.80257705172656,27.18099173159961],[88.73070052584765,27.86612280459766],[88.19726088961718,27.87575491519336],[88.23191359957812,26.757009111360354]]]},"properties":{"NAME":"Sikkim (Indian princely state)","SUBJECTO":"Sikkim (Indian princely state)","PARTOF":"Sikkim (Indian princely state)"}},
{"type":"Feature","geometry":{"type":"Polygon","coordinates":[[[80.90562072004248,28.492734514748957],[80.79628261440273,27.888693003546052],[80.18063907715384,27.204644628825065],[80.52266326451434,26.110167229271493],[81.9591648514284,25.289309179606313],[82.71161806362147,25.22090434213421],[83.32726160087037,25.9049527168552],[83.87434676608203,27.382001481965823],[82.81183150729296,27.53824385257129],[80.90562072004248,28.492734514748957]]]},"properties":{"NAME":"Oudh","SUBJECTO":"Oudh","PARTOF":"Oudh"}},
{"type":"Feature","geometry":{"type":"Polygon","coordinates":[[[75.24033979338074,14.154745424178131],[75.00126325934673,14.048649745801342],[75.56110735054183,12.508337584020662],[76.47824946485952,11.73576395718731],[77.16550399565008,11.445813879896939],[78.605782465421,12.248012202451068],[78.78687838303463,12.768662965590257],[77.63239190824774,13.19876576992263],[76.7948232892847,13.18744727507178],[76.39867596950488,14.025015894034823],[75.24033979338074,14.154745424178131]]]},"properties":{"NAME":"Mysore (Indian princely state)","SUBJECTO":"Mysore (Indian princely state)","PARTOF":"Mysore (Indian princely state)"}},
{"type":"Feature","geometry":{"type":"Polygon","coordinates":[[[76.29400169973896,9.984946143636972],[76.70353225192187,8.706356607393069],[77.34137252291796,8.053283296541018],[77.84802767512738,8.232693772744899],[77.44606781869615,8.439692388103472],[77.31873475162406,10.066726022913437],[76.29400169973896,9.984946143636972]]]},"properties":{"NAME":"Travancore","SUBJECTO":"Travancore","PARTOF":"Travancore"}},
{"type":"Feature","geometry":{"type":"Polygon","coordinates":[[[77.68017623160054,30.368827850920386],[77.59186114085885,29.963556064557537],[76.94421167048083,29.704496276406324],[77.07374156455643,28.452373967008793],[76.81468177640521,27.80472449663076],[77.80774429765152,27.588841339838083],[78.3690405053125,26.76848534402591],[78.97351334433199,26.466248924516158],[78.88716008161492,25.861776085496665],[79.27574976384173,25.43000977191131],[80.26881228508806,25.516363034628377],[81.08916828090022,24.868713564250342],[82.21176069622216,24.73918367017474],[82.34129059029776,24.177887462513777],[83.46388300561969,23.789297780286958],[83.55023626833676,23.184824941267458],[84.15470910735625,23.05529504719185],[84.75918194637575,22.148585788662608],[86.31354067528304,21.24187653013336],[85.23412489131964,21.025993373340683],[85.36365478539524,20.205637377528507],[84.15470910735625,19.51481127579194],[84.06835584463919,20.0761074834529],[83.37752974290261,20.335167271604114],[81.99587753942947,20.24881400888704],[81.42594600549681,18.50447810200221],[81.0459916495417,18.40085418674172],[80.36898206983987,16.57707327815718],[79.94066988676319,16.74287154257396],[78.76626551381102,15.948421525576904],[76.93557634420912,15.43030194927448],[76.41745676790669,14.808558457711566],[75.96841980177793,14.808558457711566],[75.24033979338074,14.154745424178131],[76.39867596950488,14.025015894034823],[76.7948232892847,13.18744727507178],[77.63239190824774,13.19876576992263],[78.78687838303463,12.768662965590257],[78.605782465421,12.248012202451068],[77.16550399565008,11.445813879896939],[76.47824946485952,11.73576395718731],[75.56110735054183,12.508337584020662],[75.00126325934673,14.048649745801342],[74.5996550466007,14.675711764317088],[74.421436349163,14.375454283976262],[75.21094039401171,12.102367959932131],[76.29400169973896,9.984946143636972],[77.31873475162406,10.066726022913437],[77.44606781869615,8.439692388103472],[77.84802767512738,8.232693772744899],[78.31383803805468,8.995764337495608],[78.92660811862109,9.492679201082034],[79.2224836679375,10.192222200349612],[79.82626632174609,10.358728013948244],[79.71073440035937,11.444942079500002],[80.22375777682421,12.831091485933108],[80.0894041391289,15.175155244783205],[80.3002195688164,15.64574297519092],[81.08790114840625,15.826792322114748],[81.36909774264453,16.34686430545215],[82.23458388766406,16.647302232698244],[82.35399917086718,17.085914216951174],[83.3813963266289,17.71067961306934],[84.26272872408984,18.455840669587893],[85.1132078500664,19.442306123689455],[86.11916640719531,19.806542955354494],[86.92611220797656,20.69125898929004],[86.7961912485039,21.13566931338672],[87.64071944674609,21.563081346467776],[88.7234602304375,21.53995283694629],[90,21.930253587678713],[90,22.560958467439455],[91.41017440280078,22.720834337190432],[92.12366774996875,20.996430955842776],[92.59760573825,21.387023530916018],[92.50995162448046,22.110425554231448],[92.52880671826715,22.595253060605188],[92.04723666246358,23.689730460158763],[91.56566660666,24.346416899890905],[91.43432931871358,26.097580739176628],[90,25.9662434512302],[90,26.360255315069487],[91.16184524020312,26.750220857576174],[89.83439162692187,26.685449205354494],[88.86752608737109,26.908403001741213],[88.23191359957812,26.757009111360354],[88.09216597994921,26.444518648103518],[86.7765379281914,26.46684416385059],[83.87434676608203,27.382001481965823],[83.32726160087037,25.9049527168552],[82.71161806362147,25.22090434213421],[81.9591648514284,25.289309179606313],[80.52266326451434,26.110167229271493],[80.18063907715384,27.204644628825065],[80.79628261440273,27.888693003546052],[80.90562072004248,28.492734514748957],[80.09826949557421,28.951900087312502],[78.88716008161492,28.538727229725865],[79.05986660704906,29.74767290776486],[78.32586387395395,29.83402617048193],[77.68017623160054,30.368827850920386]]]},"properties":{"NAME":"British East India Company","SUBJECTO":"British East India Company","PARTOF":"British East India Company"}},
{"type":"Feature","geometry":{"type":"Polygon","coordinates":[[[74.5996550466007,14.675711764317088],[74.15313195022648,14.849504684560506],[74.421436349163,14.375454283976262],[74.5996550466007,14.675711764317088]]]},"properties":{"NAME":"Goa","SUBJECTO":"Goa","PARTOF":"Goa"}},
{"type":"Feature","geometry":{"type":"Polygon","coordinates":[[[31.99972518764331,-1.280023608841068],[33.506679166996534,0.104125087953182],[33.192268052011215,1.750159748758751],[32.748393536737794,2.194034264032162],[31.37978044797811,2.138549949622984],[30.63998958918909,1.213811376136711],[30.63998958918909,0.566494374696315],[30.295247048993406,-0.759210844253602],[31.99972518764331,-1.280023608841068]]]},"properties":{"NAME":"Buganda","SUBJECTO":"Buganda","PARTOF":"Buganda"}},
{"type":"Feature","geometry":{"type":"Polygon","coordinates":[[[30.295247048993406,-0.759210844253602],[30.63998958918909,0.566494374696315],[30.63998958918909,1.213811376136711],[31.37978044797811,2.138549949622984],[31.472254305326732,3.155762380457887],[29.72708766944344,3.738717577183632],[28.448729065456018,3.501984502371149],[27.738529841018558,2.128932668458727],[27.69118322605606,0.755880834546311],[27.92791630086855,-0.806557459216098],[29.679741054480946,-0.901250689141094],[30.295247048993406,-0.759210844253602]]]},"properties":{"NAME":"Bunyoro","SUBJECTO":"Bunyoro","PARTOF":"Bunyoro"}},
{"type":"Feature","geometry":{"type":"Polygon","coordinates":[[[27.92791630086855,-0.806557459216098],[26.980984001618605,-1.800836373428538],[27.0283306165811,-2.226955908091014],[27.88056968590605,-2.747768672678484],[29.774434284405938,-2.4636889829035],[31.90503195771831,-2.4636889829035],[31.99972518764331,-1.280023608841068],[30.295247048993406,-0.759210844253602],[29.679741054480946,-0.901250689141094],[27.92791630086855,-0.806557459216098]]]},"properties":{"NAME":"Nkore","SUBJECTO":"Nkore","PARTOF":"Nkore"}},
{"type":"Feature","geometry":{"type":"Polygon","coordinates":[[[26.88629077169361,-5.919991875165795],[27.975262915831046,-5.8252986452408],[30.57932673876839,-6.01468510509079],[31.57360565298083,-5.8252986452408],[32.2364582624558,-5.351832495615829],[32.52053795223077,-4.120820506590901],[31.90503195771831,-2.4636889829035],[29.774434284405938,-2.4636889829035],[27.88056968590605,-2.747768672678484],[26.933637386656105,-3.552661127040935],[26.64955769688112,-4.546940041253376],[26.88629077169361,-5.919991875165795]]]},"properties":{"NAME":"Rwanda","SUBJECTO":"Rwanda","PARTOF":"Rwanda"}},
{"type":"Feature","geometry":{"type":"Polygon","coordinates":[[[26.88629077169361,-5.919991875165795],[26.980984001618605,-6.630191099603254],[26.744250926806117,-8.382015853215648],[27.31241030635608,-8.760788772915628],[31.005446273430866,-8.760788772915628],[32.2364582624558,-8.618748928028136],[32.66257779711826,-7.908549703590678],[32.66257779711826,-6.961617404340733],[32.2364582624558,-5.351832495615829],[31.57360565298083,-5.8252986452408],[30.57932673876839,-6.01468510509079],[27.975262915831046,-5.8252986452408],[26.88629077169361,-5.919991875165795]]]},"properties":{"NAME":"Burundi","SUBJECTO":"Burundi","PARTOF":"Burundi"}},
{"type":"Feature","geometry":{"type":"Polygon","coordinates":[[[33.342672442010794,-15.706538481632741],[34.28702146924246,-15.916393821017556],[35.17194839013062,-15.578701327515223],[35.077255160205624,-14.205649493602804],[34.55644239561815,-13.211370579390362],[34.46174916569316,-11.60158567066546],[33.51481686644321,-11.222812750965481],[33.13604394674324,-11.317505980890475],[32.946657486893244,-12.78525104472789],[32.27196822367766,-13.886059842605945],[31.147486118318362,-14.300342723527798],[30.85156977480275,-15.069725216668377],[31.029119580912116,-15.720741172402715],[32.51307647412409,-15.619740796804475],[33.342672442010794,-15.706538481632741]]]},"properties":{"NAME":"Kazembe","SUBJECTO":"Kazembe","PARTOF":"Kazembe"}},
{"type":"Feature","geometry":{"type":"Polygon","coordinates":[[[29.54953786333408,-15.365641560183985],[28.780155370193498,-14.181976186121554],[26.649557696881125,-14.122792917418433],[24.57814329227187,-13.235043886871612],[23.867944067834415,-13.235043886871612],[23.216928112100078,-14.06360964871531],[23.394477918209443,-16.43094039684017],[22.802645231178225,-17.792155577011965],[23.572027724318808,-18.4431715327463],[25.761808666334304,-18.383988264043182],[27.833223070943557,-18.67990460755879],[29.19443825111535,-17.20032288998075],[29.54953786333408,-16.135024053324564],[29.54953786333408,-15.365641560183985]]]},"properties":{"NAME":"Lozi","SUBJECTO":"Lozi","PARTOF":"Lozi"}},
{"type":"Feature","geometry":{"type":"Polygon","coordinates":[[[12.300918963197555,-14.560185316619062],[14.44274931382536,-12.640379293035902],[14.677741316334602,-11.759159283626232],[14.090261310061491,-7.705547240341755],[13.023100692056023,-7.605400402203144],[13.476829561797363,-8.416032232328611],[13.145863566008789,-9.0649341717207],[13.20385173281787,-9.636731542631345],[13.816288981047851,-10.976270116850095],[13.649036440459472,-12.19675961880322],[12.585389170256835,-13.463659681364256],[12.300918963197555,-14.560185316619062]]]},"properties":{"NAME":"Angola","SUBJECTO":"Angola","PARTOF":"Angola"}},
{"type":"Feature","geometry":{"type":"Polygon","coordinates":[[[13.023100692056023,-7.605400402203144],[14.090261310061491,-7.705547240341755],[14.398621075334972,-7.198350479153216],[14.990453762366187,-7.198350479153216],[15.04963703106931,-6.014685105090788],[14.576170881444337,-4.771836462325236],[14.102704731819365,-4.949386268434598],[13.274138969975663,-5.7779520302783],[12.37169078311084,-6.257806695982175],[13.023100692056023,-7.605400402203144]]]},"properties":{"NAME":"Congo","SUBJECTO":"Congo","PARTOF":"Congo"}},
{"type":"Feature","geometry":{"type":"Polygon","coordinates":[[[22.58853326836805,-34.13458312878917],[22.09244600674077,-33.35735524593292],[20.494497751756487,-33.12062217112044],[19.961848333428396,-31.877773528354886],[18.33569053134082,-32.338821805998045],[17.867608103362304,-32.99441186337109],[18.459075007048828,-33.83212701229687],[19.88380721530078,-34.99228707699414],[20.256072077361328,-34.62289086727734],[21.66930106600879,-34.5056079998457],[22.58853326836805,-34.13458312878917]]]},"properties":{"NAME":"Cape Colony","SUBJECTO":"Cape Colony","PARTOF":"Cape Colony"}},
{"type":"Feature","geometry":{"type":"Polygon","coordinates":[[[25.61852172335742,-33.919124998136716],[25.63222150921111,-32.38358146422282],[24.51896002356875,-32.52878948408922],[23.098561574693832,-32.055323334464255],[22.033262738037646,-31.167574303917426],[21.44143005100643,-30.990024497808065],[20.080214870834634,-31.22675757262055],[19.01491603417845,-31.108391035214304],[17.43210792322263,-30.570482995785085],[18.33569053134082,-32.338821805998045],[19.961848333428396,-31.877773528354886],[20.494497751756487,-33.12062217112044],[22.09244600674077,-33.35735524593292],[22.58853326836805,-34.13458312878917],[23.499220881072265,-34.06966058163281],[24.429938349333984,-34.33470193295117],[25.61852172335742,-33.919124998136716]]]},"properties":{"NAME":"Dutch East Indies","SUBJECTO":"Netherlands","PARTOF":"Dutch East Indies"}},
{"type":"Feature","geometry":{"type":"Polygon","coordinates":[[[29.08635846354239,-32.12670622221198],[28.425055757974768,-31.167574303917426],[27.892406339646676,-31.108391035214304],[27.00465730909985,-31.877773528354886],[25.63222150921111,-32.38358146422282],[25.61852172335742,-33.919124998136716],[26.658656153289062,-33.84707299618359],[27.65635589083789,-33.253921903654295],[29.08635846354239,-32.12670622221198]]]},"properties":{"NAME":"Xhosa","SUBJECTO":"Xhosa","PARTOF":"Xhosa"}},
{"type":"Feature","geometry":{"type":"Polygon","coordinates":[[[30.29479075784124,-30.920219874673045],[31.56308082064746,-29.209801115080076],[32.234744104949215,-28.74441758541699],[32.34547713717578,-28.02597848324414],[32.76723006686328,-27.516632474943357],[32.88739025363263,-26.715051172821052],[32.094418417568306,-26.255363001558344],[28.72097210149038,-28.44514394357384],[28.602605564084133,-29.273709705417538],[30.29479075784124,-30.920219874673045]]]},"properties":{"NAME":"Zulu","SUBJECTO":"Zulu","PARTOF":"Zulu"}},
{"type":"Feature","geometry":{"type":"Polygon","coordinates":[[[32.944861445037105,-25.53962365536328],[32.094418417568306,-25.604347045824007],[32.094418417568306,-26.255363001558344],[32.88739025363263,-26.715051172821052],[32.49971297701953,-26.06808701901074],[32.944861445037105,-25.53962365536328]]]},"properties":{"NAME":"Delagoa Bay","SUBJECTO":"Delagoa Bay","PARTOF":"Delagoa Bay"}},
{"type":"Feature","geometry":{"type":"Polygon","coordinates":[[[48.022115607295916,-17.999297017472827],[47.48206828037989,-16.904406546465143],[46.6535025185362,-17.73297230830884],[46.12825100879603,-20.66254410911329],[44.9445856347336,-22.378858901503815],[46.66090042712412,-23.266607932050636],[47.37109965156158,-21.01764372133202],[48.318031950811516,-20.070711422082077],[48.495581756920885,-18.88704604801965],[48.90986463784273,-17.999297017472827],[48.022115607295916,-17.999297017472827]]]},"properties":{"NAME":"Expansionist Kingdom of Merina","SUBJECTO":"Expansionist Kingdom of Merina","PARTOF":"Expansionist Kingdom of Merina"}},
{"type":"Feature","geometry":{"type":"Polygon","coordinates":[[[-0.517266114685847,6.150251038898838],[-0.589541723730555,7.523487610748259],[-0.379765411717778,8.082891109448997],[-0.145667208457144,8.707152984810687],[-0.737499895488355,9.003069328326294],[-2.217081613066394,8.781132070689589],[-3.440982831117348,8.99968585962726],[-4.288496017675648,9.1510275000841],[-4.880328704706864,8.781132070689589],[-4.954307790585764,8.041341211900571],[-4.510433275312353,6.191864064928022],[-4.575233588639218,5.249389217518814],[-2.749738898667115,5.095558248475832],[-2.779437985810059,5.428851686433596],[-0.529948013955732,6.150628150926401],[-0.517266114685847,6.150251038898838]]]},"properties":{"NAME":"Asante","SUBJECTO":"Asante","PARTOF":"Asante"}},
{"type":"Feature","geometry":{"type":"Polygon","coordinates":[[[2.616754564849121,6.341382108644289],[2.147684453788816,8.115320297779473],[0.372186392695173,8.337257555416178],[-0.379765411717778,8.082891109448997],[-0.589541723730555,7.523487610748259],[-0.517266114685847,6.150251038898838],[0.170326871221179,6.375319942008024],[1.580373677817565,6.827750764802737],[1.761008772460205,6.25322588534717],[2.616754564849121,6.341382108644289]]]},"properties":{"NAME":"Oyo","SUBJECTO":"Oyo","PARTOF":"Oyo"}},
{"type":"Feature","geometry":{"type":"Polygon","coordinates":[[[-2.749738898667115,5.095558248475832],[-2.031221595200318,4.698200784639162],[0.089773598519546,5.655979238466067],[0.939379486647827,5.759484849885744],[1.761008772460205,6.25322588534717],[1.580373677817565,6.827750764802737],[0.170326871221179,6.375319942008024],[0.080893668685953,6.34662420139935],[-0.517496241839857,6.154623454825026],[-0.529948013955732,6.150628150926401],[-2.779437985810059,5.428851686433596],[-2.749738898667115,5.095558248475832]]]},"properties":{"NAME":"Fante","SUBJECTO":"Fante","PARTOF":"Fante"}},
{"type":"Feature","geometry":{"type":"Polygon","coordinates":[[[-0.737499895488355,9.003069328326294],[-0.145667208457144,12.849981794029196],[-0.663520809609455,15.217312542154055],[-1.181374410761766,15.735166143306369],[-2.734935214218709,15.88312431506417],[-3.326767901249923,15.513228885669664],[-3.992579674160041,13.663751738697114],[-3.992579674160041,11.444379162330057],[-3.440982831117348,8.99968585962726],[-2.217081613066394,8.781132070689589],[-0.737499895488355,9.003069328326294]]]},"properties":{"NAME":"Mossi States","SUBJECTO":"Mossi States","PARTOF":"Mossi States"}},
{"type":"Feature","geometry":{"type":"Polygon","coordinates":[[[7.175744089690429,4.52748068423633],[6.734387778280734,5.526052292017905],[7.178262293554145,6.265843150806925],[6.364492348886227,6.931654923717042],[5.624701490097205,6.635738580201436],[5.383361372557861,5.610234342531008],[5.606589827147705,4.632113061860842],[6.088779959288818,4.328133188203616],[7.175744089690429,4.52748068423633]]]},"properties":{"NAME":"Sotho","SUBJECTO":"Sotho","PARTOF":"Sotho"}},
{"type":"Feature","geometry":{"type":"Polygon","coordinates":[[[-4.584412361191257,17.0667896891266],[-5.54614047761698,17.214747860884405],[-7.321638538710626,16.17904065857978],[-11.390488262050232,16.105061572700876],[-12.57415363611266,15.217312542154055],[-12.278237292597053,11.666316419966764],[-11.464467347929132,11.222441904693351],[-8.727241170409762,11.222441904693351],[-5.250224134101375,10.186734702388728],[-4.732370532949059,10.852546475298844],[-4.954307790585764,11.518358248208962],[-4.214516931796748,15.88312431506417],[-4.584412361191257,17.0667896891266]]]},"properties":{"NAME":"Kaarta","SUBJECTO":"Kaarta","PARTOF":"Kaarta"}},
{"type":"Feature","geometry":{"type":"Polygon","coordinates":[[[-16.87041946926953,14.363524995759768],[-16.05117067242105,15.069354370396253],[-15.755254328905442,16.253019744458683],[-16.45005508938672,16.118390642122073],[-17.220538106354493,14.725009523347659],[-16.87041946926953,14.363524995759768]]]},"properties":{"NAME":"Senegal","SUBJECTO":"Senegal","PARTOF":"Senegal"}},
{"type":"Feature","geometry":{"type":"Polygon","coordinates":[[[-16.87041946926953,14.363524995759768],[-16.56660553494336,12.309811197236819],[-15.459337985389835,12.480086364634685],[-15.158031430634278,11.87610300631885],[-15.341422048004883,11.221154771760744],[-14.591384854706543,10.466548524812502],[-13.680051770600098,9.915645204500002],[-13.164252248200196,8.850765787080569],[-13.031234375252563,9.001770925549224],[-11.464467347929132,8.633173898931787],[-11.046040385724638,7.308676483253976],[-11.465403523834961,6.843901239351077],[-9.937263455780762,5.863056264833254],[-9.247899022492188,5.171884141877932],[-7.528605428131836,4.336791597322268],[-5.575433698090333,5.12899550052051],[-4.575233588639218,5.249389217518814],[-4.510433275312353,6.191864064928022],[-4.954307790585764,8.041341211900571],[-4.880328704706864,8.781132070689589],[-4.288496017675648,9.1510275000841],[-3.440982831117348,8.99968585962726],[-3.992579674160041,11.444379162330057],[-3.992579674160041,13.663751738697114],[-3.326767901249923,15.513228885669664],[-2.734935214218709,15.88312431506417],[-1.181374410761766,15.735166143306369],[-0.663520809609455,15.217312542154055],[-0.145667208457144,12.849981794029196],[-0.737499895488355,9.003069328326294],[-0.145667208457144,8.707152984810687],[-0.379765411717778,8.082891109448997],[0.372186392695173,8.337257555416178],[2.147684453788816,8.115320297779473],[2.616754564849121,6.341382108644289],[3.94949725588916,6.579388700441164],[5.383361372557861,5.610234342531008],[5.624701490097205,6.635738580201436],[6.364492348886227,6.931654923717042],[7.178262293554145,6.265843150806925],[6.734387778280734,5.526052292017905],[7.175744089690429,4.52748068423633],[8.874658617583496,4.620119176820559],[9.585654291716796,3.674833141282839],[9.92309001406787,2.824045501664919],[9.851344141570312,1.877057872728152],[9.202508005706054,-0.634416438623624],[8.81520942172168,-0.895802535101133],[9.656445536223632,-2.419099487348753],[11.772603067961914,-4.536981023832517],[12.263479265776855,-5.470049299284177],[12.37169078311084,-6.257806695982175],[13.274138969975663,-5.7779520302783],[14.102704731819365,-4.949386268434598],[14.576170881444337,-4.771836462325236],[15.04963703106931,-6.014685105090788],[14.990453762366187,-7.198350479153216],[14.398621075334972,-7.198350479153216],[14.090261310061491,-7.705547240341755],[14.677741316334602,-11.759159283626232],[14.44274931382536,-12.640379293035902],[12.300918963197555,-14.560185316619062],[11.782002482024414,-15.867509283109861],[11.774609598723632,-17.596052564665037],[12.07951262911914,-18.49144021420117],[12.929404291716796,-19.74155656246777],[13.80364707430957,-21.442819990202146],[14.415466341582519,-22.267668165250974],[14.396092447844726,-23.074791349455076],[14.909036669341308,-25.01834908871289],[14.843331369963867,-25.622223295255857],[15.45380404910205,-27.616459287687498],[16.78830054720996,-29.138924039884763],[17.43210792322263,-30.570482995785085],[19.01491603417845,-31.108391035214304],[20.080214870834634,-31.22675757262055],[21.44143005100643,-30.990024497808065],[22.033262738037646,-31.167574303917426],[23.098561574693832,-32.055323334464255],[24.51896002356875,-32.52878948408922],[25.63222150921111,-32.38358146422282],[27.00465730909985,-31.877773528354886],[27.892406339646676,-31.108391035214304],[28.425055757974768,-31.167574303917426],[29.08635846354239,-32.12670622221198],[30.29479075784124,-30.920219874673045],[28.602605564084133,-29.273709705417538],[28.72097210149038,-28.44514394357384],[32.094418417568306,-26.255363001558344],[32.094418417568306,-25.604347045824007],[32.944861445037105,-25.53962365536328],[34.88371947726367,-24.722015775724607],[35.29743102511523,-23.825008787199216],[34.49687680862728,-23.261330699486074],[33.972238460165244,-18.959296242097366],[34.18209379955006,-18.53958556332774],[34.91658748739691,-18.329730223942924],[34.811659817704495,-17.595236536096074],[33.342672442010794,-15.706538481632741],[32.51307647412409,-15.619740796804475],[31.029119580912116,-15.720741172402715],[30.85156977480275,-15.069725216668377],[31.147486118318362,-14.300342723527798],[32.27196822367766,-13.886059842605945],[32.946657486893244,-12.78525104472789],[33.13604394674324,-11.317505980890475],[33.51481686644321,-11.222812750965481],[34.46174916569316,-11.60158567066546],[34.55644239561815,-13.211370579390362],[35.077255160205624,-14.205649493602804],[35.17194839013062,-15.578701327515223],[34.28702146924246,-15.916393821017556],[35.546153505551345,-16.96567051794163],[36.38557486309061,-16.96567051794163],[37.64470689939951,-16.021321490709962],[39.21862194478561,-15.706538481632741],[39.63833262355524,-15.286827802863112],[39.743260293247644,-13.712912757477],[39.53340495386284,-12.243925381783296],[38.90383893570839,-10.774938006089592],[38.221809082707736,-6.158120539623662],[38.74644743116977,-3.954639476083112],[41.054856164402736,-0.596954045926074],[43.887903246097736,2.02623769638411],[45.940988967838564,3.502349241544716],[45.251962952099035,5.803633805310774],[45.356890621791436,6.852910502234852],[46.720950327792735,8.426825547620961],[47.39071181735156,11.159307084993166],[46.677344355193355,10.700275979951662],[45.909365686980465,10.832064233735842],[45.012576136199215,10.448878847078127],[44.28083709200976,10.396465860322756],[43.36809447726367,11.45563467593555],[43.474822077361324,12.097622476533694],[42.07897857150195,13.86101397128467],[41.76108840426562,13.885752283052248],[40.739138636199215,14.919243417695803],[39.51792815646289,15.463048540071291],[38.685671839324215,18.002805314973635],[37.39818480929492,18.91500052066211],[37.12776854952929,21.227176271394534],[36.800112757292965,21.914899431184573],[35.25054864164662,21.36938639551212],[32.661727152233055,20.999554754167328],[31.644690138534873,21.276928485175922],[29.425700290466107,22.6637971402189],[26.004757608026747,30.707635339468183],[25.25822928866504,31.437919221833987],[24.815857920256835,31.90715368838672],[23.742419271630055,32.0640980489926],[22.12152537390641,31.077466980812986],[21.19694627054442,31.077466980812986],[20.364825077518635,30.3378036981234],[19.318795867131424,30.255372139199526],[18.885434168313786,30.221221390772325],[15.649471650372499,30.522719518795792],[14.724892547010514,30.245345787787194],[12.413444788605547,32.46433563585597],[12.117019686309082,32.87850149722461],[10.412600550261718,33.63112600894336],[8.020752939788085,33.02027853579883],[6.269234644500006,31.873469044264244],[0.873159063104652,31.985887285543306],[-1.081275251301545,32.45392569156055],[-1.713601456447307,30.05865417642664],[-1.343728407558636,29.0415032919828],[-1.713601456447307,28.394225456427627],[-4.949990634223173,28.856566767538464],[-8.284488644989747,28.78304823489551],[-8.593210187348145,28.641410432771487],[-10.339312520416993,29.14631613345508],[-11.57645889798047,28.228616319612307],[-12.866208997162598,27.857324205354494],[-13.628725018891114,26.591056428865237],[-14.36725422421338,26.119227968171877],[-14.820046391876954,24.73287733645801],[-15.714025464447754,23.873057924226565],[-16.352530446442383,22.492660127595705],[-16.806021657379883,21.989650331453127],[-17.051907506378907,21.004098497346682],[-16.347281423004883,20.52261694522266],[-15.982691731842774,18.17839964480762],[-16.45005508938672,16.118390642122073],[-15.755254328905442,16.253019744458683],[-16.05117067242105,15.069354370396253],[-16.87041946926953,14.363524995759768]],[[-4.584412361191257,17.0667896891266],[-4.214516931796748,15.88312431506417],[-4.954307790585764,11.518358248208962],[-4.732370532949059,10.852546475298844],[-5.250224134101375,10.186734702388728],[-8.727241170409762,11.222441904693351],[-11.464467347929132,11.222441904693351],[-12.278237292597053,11.666316419966764],[-12.57415363611266,15.217312542154055],[-11.390488262050232,16.105061572700876],[-7.321638538710626,16.17904065857978],[-5.54614047761698,17.214747860884405],[-4.584412361191257,17.0667896891266]],[[29.54953786333408,-15.365641560183985],[29.54953786333408,-16.135024053324564],[29.19443825111535,-17.20032288998075],[27.833223070943557,-18.67990460755879],[25.761808666334304,-18.383988264043182],[23.572027724318808,-18.4431715327463],[22.802645231178225,-17.792155577011965],[23.394477918209443,-16.43094039684017],[23.216928112100078,-14.06360964871531],[23.867944067834415,-13.235043886871612],[24.57814329227187,-13.235043886871612],[26.649557696881125,-14.122792917418433],[28.780155370193498,-14.181976186121554],[29.54953786333408,-15.365641560183985]],[[18.900893863705345,-9.943259516575633],[19.840568228193202,-9.71382482947355],[20.06288866143166,-10.417839534728651],[19.358873956176556,-10.8995338067453],[18.900893863705345,-9.943259516575633]],[[23.161373956290795,-9.95130137331907],[23.161373956290795,-8.567793317022671],[23.899244919648872,-7.737688483244833],[25.05216829989587,-7.691571548034956],[25.42110378157491,-8.521676381812794],[24.91381749426623,-9.72071669726967],[24.31429733653779,-9.99741830852895],[23.161373956290795,-9.95130137331907]],[[34.46376215088017,9.746629709233202],[34.4262075754082,10.728026948884768],[34.75460958824624,10.813070312908792],[35.097910914031246,11.793311677888674],[35.87946583933552,13.10349388216659],[36.22992614230273,13.248925767854494],[36.47670272311328,14.266498170808596],[37.720252070037105,14.80165346713428],[38.254797968474605,14.391835771516604],[39.00316146334765,14.427471719697756],[39.06778812403333,12.696582033343411],[39.45607222208487,10.366877445034167],[38.938360091349494,9.719737281614936],[34.46376215088017,9.746629709233202]],[[16.842944292241572,14.32769555876658],[15.81082919549122,11.9819794297885],[12.497137689041853,12.218671680249173],[13.002863966998795,9.826016290037712],[13.668560921419427,8.272723396389575],[13.298729280074632,7.754959098506861],[12.189234356040249,7.311161128893106],[8.860749583937093,8.198757068120612],[4.718635200875386,7.680992770237902],[2.721544337613491,9.604117305230835],[1.464116757041189,13.672265360023582],[2.499645352806613,15.4474572384786],[7.159524033751033,16.03918786463027],[11.597707137291309,14.064871233842391],[12.73382993950252,14.490917284671594],[14.532691043003606,13.780840533289588],[15.148090894201346,14.396240384487324],[16.71025974724176,14.680271085040127],[16.8447474764922,14.366466383455776],[16.842944292241572,14.32769555876658]],[[27.88056968590605,-2.747768672678484],[27.0283306165811,-2.226955908091014],[26.980984001618605,-1.800836373428538],[27.92791630086855,-0.806557459216098],[27.69118322605606,0.755880834546311],[27.738529841018558,2.128932668458727],[28.448729065456018,3.501984502371149],[29.72708766944344,3.738717577183632],[31.472254305326732,3.155762380457887],[31.37978044797811,2.138549949622984],[32.748393536737794,2.194034264032162],[33.192268052011215,1.750159748758751],[33.506679166996534,0.104125087953182],[31.99972518764331,-1.280023608841068],[31.90503195771831,-2.4636889829035],[32.52053795223077,-4.120820506590901],[32.2364582624558,-5.351832495615829],[32.66257779711826,-6.961617404340733],[32.66257779711826,-7.908549703590678],[32.2364582624558,-8.618748928028136],[31.005446273430866,-8.760788772915628],[27.31241030635608,-8.760788772915628],[26.744250926806117,-8.382015853215648],[26.980984001618605,-6.630191099603254],[26.88629077169361,-5.919991875165795],[26.64955769688112,-4.546940041253376],[26.933637386656105,-3.552661127040935],[27.88056968590605,-2.747768672678484]]]},"properties":{"NAME":null,"SUBJECTO":null,"PARTOF":null}},
{"type":"Feature","geometry":{"type":"Polygon","coordinates":[[[-15.158031430634278,11.87610300631885],[-15.459337985389835,12.480086364634685],[-16.56660553494336,12.309811197236819],[-15.80859657803418,11.842920862153811],[-15.158031430634278,11.87610300631885]]]},"properties":{"NAME":"Portuguese Guinea","SUBJECTO":"Portuguese Guinea","PARTOF":"Portuguese Guinea"}},
{"type":"Feature","geometry":{"type":"Polygon","coordinates":[[[142.86388686617968,53.34086950869922],[141.767039332,53.27226599307422],[141.6432142587578,51.813087068513674],[142.15287307223437,50.89004477115039],[142.04911330660937,49.35470923037891],[141.73958877047656,48.807288728669924],[142.03646377047656,47.95928152652149],[141.73180678805468,47.47119101138477],[142.327342066375,46.56305655093555],[142.99332717379687,46.95366247744922],[142.48990920504687,47.90160330386524],[142.85399917086718,49.127696596101565],[143.59835341891406,49.233619295076174],[143.63314345797656,50.23497732730274],[142.9439192148125,51.61730536075],[143.138865503875,52.856246553376955],[142.86388686617968,53.34086950869922]]]},"properties":{"NAME":null,"SUBJECTO":null,"PARTOF":null}},
{"type":"Feature","geometry":{"type":"Polygon","coordinates":[[[-61.686668,17.024441000000138],[-61.794449,17.16333],[-61.887222,17.033054000000106],[-61.686668,17.024441000000138]]]},"properties":{"NAME":"Antigua and Barbuda","SUBJECTO":"Antigua and Barbuda","PARTOF":"Antigua and Barbuda"}},
{"type":"Feature","geometry":{"type":"Polygon","coordinates":[[[-14.50982440309849,28.050049749026638],[-13.880964773397412,28.19936673357924],[-14.147020770578637,28.391039461179965],[-14.50982440309849,28.050049749026638]]]},"properties":{"NAME":"Guanches","SUBJECTO":"Guanches","PARTOF":"Guanches"}},
{"type":"Feature","geometry":{"type":"Polygon","coordinates":[[[134.4624572890382,-33.28634064180495],[135.1531019540703,-34.05044213680859],[135.52807143649218,-35.054886259123045],[137.4571791025078,-33.31413308529492],[138.16576674899218,-33.19179955868359],[138.10149672946093,-34.35610619930859],[138.56762221774218,-34.927723325773435],[138.3523664804375,-35.865005888029295],[139.36791518649218,-35.614273466154295],[139.743357691375,-36.372330106779295],[140.01201919039843,-37.64163247494336],[140.65218642672656,-38.16391030697461],[141.90403274020312,-38.42963067440625],[143.36480239352343,-38.9697307720625],[144.96982863864062,-38.065758146330076],[145.93387893160937,-38.88147012142773],[146.82104018649218,-38.84133569149609],[148.03699782809375,-38.09787026791211],[149.50414565524218,-37.928848661466795],[149.98484328707812,-37.34688226132031],[150.2215071054375,-35.694107450529295],[150.76197341403125,-35.253128446623045],[151.36449721774218,-33.52090112118359],[152.17618850192187,-32.87666741757031],[152.97185805758593,-31.418175138517576],[152.93955520114062,-30.69940034298535],[153.49349502047656,-28.840868391081052],[153.39640334567187,-28.12870828060742],[152.94622329196093,-27.340992368742185],[153.06907180270312,-26.22774926571484],[151.73014358004687,-24.157488264127927],[150.80247024020312,-23.599888242765623],[150.75440505465625,-22.811520017667966],[149.944773707,-22.323645032926756],[149.55675795992968,-22.432550825163084],[149.10148147067187,-21.060123838468748],[148.19044021090625,-20.171909727140623],[146.32175734957812,-19.082291044279295],[145.92455581149218,-18.25660363583203],[145.86948684176562,-17.19496003536816],[145.32554152926562,-16.49042931942578],[145.18433669528125,-15.047596372648435],[143.74317458590625,-14.465823568388181],[143.17309096774218,-12.121339239164548],[142.82346633395312,-11.918680585905271],[142.64426711520312,-11.092706121488767],[142.12565139254687,-11.15739194302197],[141.67852309664843,-12.467817701383787],[141.46815017184375,-14.756776250883298],[141.71129897555468,-15.226692594572263],[140.80094436129687,-17.561829008146482],[140.24972060641406,-17.79824296383496],[139.2483167978203,-17.431642927213865],[138.96274856051562,-16.993572629972654],[138.2603254648125,-16.84249535946484],[137.07371047457812,-16.031298078581052],[136.68714431246875,-16.025764860197263],[135.38805678805468,-14.896969236417966],[135.8806410165703,-14.202999509855466],[135.83089736422656,-13.48477403072949],[136.46908095797656,-13.222769178434568],[136.66369155367968,-12.624820150419431],[135.44454482516406,-12.176124967619138],[134.64472466896302,-12.058964795105233],[134.4624572890382,-33.28634064180495]]]},"properties":{"NAME":"New South Wales","SUBJECTO":"United Kingdom of Great Britain and Ireland","PARTOF":"New South Wales"}},
{"type":"Feature","geometry":{"type":"Polygon","coordinates":[[[-59.533058,13.050554],[-59.429169,13.164999],[-59.659447,13.287777],[-59.643333,13.149166],[-59.533058,13.050554]]]},"properties":{"NAME":"Barbados","SUBJECTO":"Barbados","PARTOF":"Barbados"}},
{"type":"Feature","geometry":{"type":"Polygon","coordinates":[[[-61.363617,15.198055],[-61.25528,15.285],[-61.304169,15.57361],[-61.474724,15.486387],[-61.363617,15.198055]]]},"properties":{"NAME":"Dominica","SUBJECTO":"Dominica","PARTOF":"Dominica"}},
{"type":"Feature","geometry":{"type":"Polygon","coordinates":[[[-61.746948,11.997499],[-61.59639,12.125555],[-61.724724,12.172222],[-61.746948,11.997499]]]},"properties":{"NAME":"Grenada","SUBJECTO":"Grenada","PARTOF":"Grenada"}},
{"type":"Feature","geometry":{"type":"Polygon","coordinates":[[[-60.86084,14.402777],[-60.829727,14.57],[-61.034447,14.829166],[-61.231674,14.809444],[-61.03389,14.465832],[-60.86084,14.402777]]]},"properties":{"NAME":"Martinique","SUBJECTO":"Martinique","PARTOF":"Martinique"}},
{"type":"Feature","geometry":{"type":"Polygon","coordinates":[[[-62.171394,16.671387],[-62.137505,16.692776],[-62.176392,16.808609],[-62.236671,16.711941],[-62.171394,16.671387]]]},"properties":{"NAME":"Montserrat","SUBJECTO":"Montserrat","PARTOF":"Montserrat"}},
{"type":"Feature","geometry":{"type":"Polygon","coordinates":[[[-63.167778,18.164444],[-62.993057,18.227219],[-63.057503,18.256386],[-63.167778,18.164444]]]},"properties":{"NAME":"Anguilla","SUBJECTO":"Anguilla","PARTOF":"Anguilla"}},
{"type":"Feature","geometry":{"type":"Polygon","coordinates":[[[-62.701668,17.336941],[-62.812782,17.409443000000124],[-62.863892,17.370831000000123],[-62.778336,17.292221],[-62.701668,17.336941]]]},"properties":{"NAME":"Saint Kitts and Nevis","SUBJECTO":"Saint Kitts and Nevis","PARTOF":"Saint Kitts and Nevis"}},
{"type":"Feature","geometry":{"type":"Polygon","coordinates":[[[-60.954727,13.709444],[-60.878059,13.956665],[-61.075005,13.896944],[-60.954727,13.709444]]]},"properties":{"NAME":"Saint Lucia","SUBJECTO":"Saint Lucia","PARTOF":"Saint Lucia"}},
{"type":"Feature","geometry":{"type":"Polygon","coordinates":[[[-61.173058,13.1325],[-61.123337,13.248888000000136],[-61.208893,13.367777],[-61.278061,13.250277],[-61.173058,13.1325]]]},"properties":{"NAME":"Saint Vincent and the Grenadines","SUBJECTO":"Saint Vincent and the Grenadines","PARTOF":"Saint Vincent and the Grenadines"}},
{"type":"Feature","geometry":{"type":"Polygon","coordinates":[[[-61.346115,16.334164],[-61.49889399999989,16.34861000000012],[-61.793892,16.241943000000106],[-61.695007,15.949165],[-61.55277999999987,16.054443000000106],[-61.581116,16.204720000000123],[-61.346115,16.334164]]]},"properties":{"NAME":"Guadeloupe","SUBJECTO":"Guadeloupe","PARTOF":"Guadeloupe"}},
{"type":"Feature","geometry":{"type":"Polygon","coordinates":[[[-68.965561,12.198889],[-69.077789,12.34861],[-69.15834,12.311388],[-69.0625,12.188332000000116],[-68.83223,12.049444000000108],[-68.824173,12.160276000000124],[-68.965561,12.198889]]]},"properties":{"NAME":"Netherlands Antilles","SUBJECTO":"Netherlands Antilles","PARTOF":"Netherlands Antilles"}},
{"type":"Feature","geometry":{"type":"Polygon","coordinates":[[[-63.011459,18.067276],[-63.045006,18.121387],[-63.139839,18.058601],[-63.011459,18.067276]]]},"properties":{"NAME":"Saint Martin","SUBJECTO":"Saint Martin","PARTOF":"Saint Martin"}},
{"type":"Feature","geometry":{"type":"Polygon","coordinates":[[[-63.139839,18.058601],[-63.03334,18.015553],[-63.011459,18.067276],[-63.139839,18.058601]]]},"properties":{"NAME":"Saint Barthelemy","SUBJECTO":"Saint Barthelemy","PARTOF":"Saint Barthelemy"}},
{"type":"Feature","geometry":{"type":"Polygon","coordinates":[[[-124.30591470528,42.05481941461306],[-124.15260788479688,41.580150209382815],[-124.36481186428907,40.33432348819141],[-123.81972977200391,39.60736807437305],[-123.79630753079297,39.03041037173633],[-121.9320573476875,37.008975587800784],[-121.92680069485547,36.338267885164065],[-120.67728897610547,35.189334474519534],[-120.52868362942579,34.50833090396289],[-119.6128434805,34.478099428132815],[-118.60435196438672,34.096419893220705],[-117.49671646633985,33.32543142886524],[-116.70472427883985,31.59074553103809],[-115.60230728665235,29.685151658967776],[-114.06728836575391,28.42289312930469],[-114.4778566030586,27.243947587922854],[-113.28500839749219,26.807702623323244],[-112.41098495999219,26.19277151675586],[-112.16581436673047,25.01066740603809],[-111.39151474514844,24.243024431184573],[-110.22465988675,23.39993818850879],[-110.20493790188672,24.31546553225879],[-110.79756638089063,24.880048356965823],[-111.91486069241407,26.664350114778323],[-112.86987015286329,28.334659181550784],[-114.68277451077344,30.14322432132129],[-114.98750778714063,31.166480623201174],[-114.83865067044141,31.815496049836916],[-113.0520753530586,31.13870009036426],[-112.65433212796094,29.91851194949512],[-111.69163223782422,28.496102891877932],[-110.6044435171211,27.856137834504885],[-110.38207718411329,27.214393220857424],[-109.13188644925,26.288686357454104],[-108.84755417385938,25.615321718171877],[-108.01261612454297,24.981280885652346],[-105.53994461575391,22.284598909333987],[-105.29104324856641,20.67039068789844],[-105.67043015042188,20.351729951814455],[-104.94791122952344,19.43783911319141],[-104.19729324856641,19.05801161380176],[-103.49393936673047,18.353892885164065],[-101.9926042226875,18.02653082461719],[-101.2207765249336,17.41792257876758],[-99.97906967678907,16.892968736604494],[-98.85616013089063,16.596610628083987],[-97.88092514553907,16.052028261140627],[-96.3329362539375,15.750238977388186],[-95.13016983548047,16.299468599275393],[-94.0753907827461,16.11115988345508],[-91.51571365872266,14.058868013337893],[-90,13.937248788789553],[-89.98917099514844,13.678186975435061],[-87.94866653958204,13.171761117891116],[-86.01414200344922,11.367618165925784],[-85.62086197415235,10.826575838044924],[-85.77779099026563,10.138352952913088],[-85.0887956289375,9.583112321809573],[-83.6149415639961,9.151563249543948],[-83.60548111477735,8.54781874270801],[-82.95746323147657,8.047210298494143],[-82.90659042874219,9.518636308625979],[-82.55992600003125,9.583112321809573],[-83.20409103909375,10.200237832979006],[-83.91412827053907,11.251382432893557],[-83.9000571473054,11.888261763595107],[-84.09496329410977,12.527596341725895],[-83.85824454282101,14.18462760074714],[-83.29642197171094,14.614999376252932],[-83.52716537991407,15.236602388337893],[-84.13201614895704,15.375135026887698],[-84.65045639553907,15.933375917390627],[-86.37202927151563,15.802567087129397],[-87.57061478176954,15.90804823489551],[-88.66434189358594,15.725766740754885],[-88.94077774563672,15.904618822053713],[-89.25114151516797,15.897466264680666],[-89.15433975735547,17.831187807039065],[-88.32046219387891,18.49439962954883],[-87.87709518948438,18.380864702180666],[-87.65071579495313,20.189910493806643],[-86.93589493313672,20.97639998050098],[-87.20057388821485,21.528873048738284],[-88.33372208157422,21.59004171939258],[-90,21.160729967073244],[-90,19.38150557132129],[-91.70248123684766,18.823484025911135],[-94.24197098294141,18.240150056794924],[-95.08328720608594,18.702395997957034],[-96.01226517239454,18.929256044343752],[-97.50419327298047,21.189153276399416],[-97.88202377835157,22.33262213321094],[-97.82254501858594,24.20810469241504],[-97.2599610952461,25.811372362092776],[-97.63229843655469,27.228431306794924],[-96.83145615139844,28.15840109439258],[-94.06056996749841,29.699064750217232],[-93.75207230130079,31.169316850618166],[-94.24619003811719,31.982127748445315],[-94.24692245999219,33.535159669832034],[-95.49879166165235,33.85555609317188],[-97.32948013821485,33.69986303897266],[-100.203663793,34.543475709871096],[-100.23584239765117,37.70932538670608],[-102.32811729997675,37.70932538670608],[-104.09850375579072,37.54838116345025],[-107.4783324441628,38.19215805647351],[-109.24871889997675,38.19215805647351],[-110.21438423951165,38.353102279729335],[-110.21438423951165,42.05481941461306],[-118.92496967885934,42.05481941461306],[-124.30591470528,42.05481941461306]]]},"properties":{"NAME":"Vice-Royalty of New Spain","SUBJECTO":"Spain","PARTOF":"Vice-Royalty of New Spain"}},
{"type":"Feature","geometry":{"type":"Polygon","coordinates":[[[-156.16333481350782,19.808374010041994],[-156.03416916409375,19.10568770022754],[-154.9476823476875,19.482865892366213],[-155.93127914944532,20.283723436311526],[-156.16333481350782,19.808374010041994]]]},"properties":{"NAME":"Kongldom of Hawaii","SUBJECTO":"Kongldom of Hawaii","PARTOF":"Kongldom of Hawaii"}},
{"type":"Feature","geometry":{"type":"Polygon","coordinates":[[[-77.2535000266561,-2.759051555925397],[-77.2535000266561,-2.097904193884223],[-77.8536876800239,-1.66723383131634],[-78.5616013224577,-2.128662113961151],[-78.39231762535397,-2.912757309929439],[-77.8998559610522,-3.112543263869829],[-77.2535000266561,-2.759051555925397]]]},"properties":{"NAME":"Shuar","SUBJECTO":"Shuar","PARTOF":"Shuar"}},
{"type":"Feature","geometry":{"type":"Polygon","coordinates":[[[19.334442,57.955826],[19.104721,57.975273],[19.1416660000001,57.907776],[19.334442,57.955826]]]},"properties":{"NAME":null,"SUBJECTO":null,"PARTOF":null}},
{"type":"Feature","geometry":{"type":"Polygon","coordinates":[[[18.206108,56.911942],[18.711941,57.241661],[18.809166,57.703606],[18.111385,57.51944],[18.206108,56.911942]]]},"properties":{"NAME":null,"SUBJECTO":null,"PARTOF":null}},
{"type":"Feature","geometry":{"type":"Polygon","coordinates":[[[122.94861129244921,-8.377099432035642],[121.27935317477343,-8.717112936063963],[120.56500533541796,-8.388149656339841],[119.93528274020312,-8.936113752409177],[121.6944074960625,-8.99586907772656],[122.94861129244921,-8.377099432035642]]]},"properties":{"NAME":null,"SUBJECTO":"Dutch East Indies","PARTOF":null}},
{"type":"Feature","geometry":{"type":"Polygon","coordinates":[[[117.93772414645312,-8.54001084713574],[116.95838454684375,-8.52929250149365],[116.97642043551562,-9.177661336942869],[117.93772414645312,-8.54001084713574]]]},"properties":{"NAME":null,"SUBJECTO":"Dutch East Indies","PARTOF":null}},
{"type":"Feature","geometry":{"type":"Polygon","coordinates":[[[115.07236007174609,-8.781361974760252],[115.0843992563164,-8.2347339764082],[114.51071456393359,-8.45207253841992],[115.07236007174609,-8.781361974760252]]]},"properties":{"NAME":null,"SUBJECTO":"Dutch East Indies","PARTOF":null}},
{"type":"Feature","geometry":{"type":"Polygon","coordinates":[[[127.63065627535937,-0.016971983],[128.6319074960625,1.022326670602602],[127.68892196139453,0.924957893804354],[127.63065627535937,-0.016971983]]]},"properties":{"NAME":null,"SUBJECTO":"Dutch East Indies","PARTOF":null}},
{"type":"Feature","geometry":{"type":"Polygon","coordinates":[[[106.5526609750664,-3.175201572462278],[106.32863906344531,-2.571952022596555],[105.42667678317187,-1.709628261610227],[105.1996565195,-2.110476411863523],[105.81182387789843,-2.382413543745237],[105.99474624117968,-2.890428461118894],[106.5526609750664,-3.175201572462278]]]},"properties":{"NAME":"Dutch East Indies","SUBJECTO":"Dutch East Indies","PARTOF":"Dutch East Indies"}},
{"type":"Feature","geometry":{"type":"Polygon","coordinates":[[[120.27981093844531,-10.378160871549802],[120.46243575533984,-9.926486410185056],[119.78872970065234,-9.457600988432127],[119.40983108004687,-9.871551908537107],[120.27981093844531,-10.378160871549802]]]},"properties":{"NAME":null,"SUBJECTO":"Dutch East Indies","PARTOF":null}},
{"type":"Feature","geometry":{"type":"Polygon","coordinates":[[[117.55868819674609,3.980721078828616],[117.13814071139453,4.152523599580569],[115.70677474459765,4.156728349641604],[115.53003982028125,3.170721374467654],[114.65887740573046,1.595793567613406],[113.67678359469531,1.145051680520815],[112.39998153170703,1.429807148889346],[111.56202224215625,0.763813756421847],[110.54860213717578,0.726002536729617],[109.64750197848437,1.464270912126345],[109.5175047250664,1.820520602182192],[108.81431106051562,0.807816825822634],[109.1577635141289,-0.074725050463634],[109.17891982516406,-0.869010366483884],[109.94090560397265,-1.642648614927488],[110.10230544528125,-3.078540958448606],[111.43599227389453,-2.973974622770506],[112.57773116549609,-3.42271725086804],[112.79538253268359,-2.971020854994016],[113.7444563241875,-3.598138727232175],[114.09949782809375,-3.349512495084959],[114.71241286715625,-4.206153310819822],[115.56814101657031,-3.803909935041624],[116.34913161715625,-2.416793264433103],[116.04627517184375,-1.934458293005186],[117.04563430270312,-0.934580959364133],[117.53428939303515,0.610662959531588],[118.21828750094531,0.75829192252521],[118.5172605844414,1.165625892595095],[117.6963606210625,1.900947533563418],[117.82918837985156,2.314259611085696],[117.07397750338671,3.507199846223635],[117.55868819674609,3.980721078828616]]]},"properties":{"NAME":null,"SUBJECTO":null,"PARTOF":null}},
{"type":"Feature","geometry":{"type":"MultiPolygon","coordinates":[[[[149.37900832614062,-6.209412015958982],[150.2762708993828,-6.340937532468992],[151.2800550790703,-5.671417631193357],[152.05868056735156,-5.4981354847395],[151.58762649020312,-4.901724733396726],[150.88651565035937,-5.51973906902905],[150.28934768160937,-5.711702264829832],[148.37664321383593,-5.658629812284666],[149.37900832614062,-6.209412015958982]]],[[[142.41326430758593,-3.307272829099851],[139.591990503875,-2.37915674595471],[137.8543196054375,-1.613961376234251],[136.27088454684375,-2.418122448011594],[135.73424819430468,-3.251824773832517],[135.24643996676562,-3.538871921583372],[134.28306106051562,-2.854586996122556],[133.98336318453906,-2.009996928259092],[133.90731337985156,-1.006078936144071],[132.25400832614062,-0.526697672887998],[131.21142104586718,-1.02463797478314],[131.06443313082812,-1.539699472471433],[131.81559279879687,-1.665172256513792],[132.71871474703906,-2.934237636610227],[132.71282485446093,-3.887547172590452],[134.04062941989062,-3.948230661436277],[134.776804957,-4.30889979748364],[137.38517287692187,-5.123125947996336],[137.82358840426562,-5.427235998197752],[139.15613845309375,-7.725116647764402],[139.1123762460625,-8.322665609403806],[139.97686294039843,-8.238173879667478],[140.94761184176562,-9.273864187284666],[142.60740188082812,-9.376576818510252],[143.3311262460625,-9.000007070585447],[143.43680861910937,-8.357819952055173],[144.37983230075,-7.758321680113035],[145.81963637789843,-8.09844247250195],[146.64609816989062,-9.27887574581738],[147.87362197360156,-10.178817190214353],[149.78336623629687,-10.409889616056638],[149.8299055429375,-9.71058026699658],[148.58870986422656,-9.160280622526365],[148.03466323336718,-8.246194280668455],[147.37603286227343,-7.796340860410886],[146.90914443453906,-6.894825376554685],[147.6638441415703,-6.791499055906492],[147.3764906259453,-6.124768175169187],[145.59342483004687,-5.423136152311521],[145.728220972625,-4.997029222532468],[143.445506128875,-3.610096134229856],[142.41326430758593,-3.307272829099851]]],[[[137.67589858492968,-8.45924798397656],[138.29720595797656,-8.540528692289548],[138.89475539645312,-7.78288833050366],[138.19266799410937,-7.676353849455076],[137.67589858492968,-8.45924798397656]]]]},"properties":{"NAME":"Papou","SUBJECTO":"Papu","PARTOF":"Papou"}},
{"type":"Feature","geometry":{"type":"MultiPolygon","coordinates":[[[[123.61453536471484,-9.887912191435056],[124.15423873385546,-10.204543508573728],[125.21153548678515,-9.395053304716306],[126.87253859957812,-8.806733526273923],[127.04376510104296,-8.475847639127927],[125.07982161959765,-8.77246705441113],[123.61453536471484,-9.887912191435056]]],[[[105.28616622408984,-6.771202959104734],[106.3655271860039,-7.039659418150144],[106.48369887789843,-7.503360189481931],[107.36764052828906,-7.564995683714109],[108.1602278085625,-7.855642713590818],[109.03720382174609,-7.720286764188963],[110.77773574313281,-8.320307172819334],[112.4143553110039,-8.488374151273923],[113.07378676852343,-8.347123540922361],[114.10475448092578,-8.6881088390791],[113.94835952242968,-7.824078477903562],[112.67842391451953,-7.718775667234617],[112.27479079684375,-7.026889719053464],[111.04471877535937,-6.851591505094724],[110.81458571871875,-6.534306444212156],[110.02727797946093,-7.044451154752927],[108.55577376803515,-6.920526422544675],[106.94509414157031,-6.025983728452879],[106.02416518649218,-6.080723680540281],[105.28616622408984,-6.771202959104734]]],[[[119.91373733004687,0.539560459569735],[119.20475295504687,-1.43193618206616],[119.17457107028125,-2.175528682752805],[118.68360427340625,-2.901070751234251],[118.79143813571093,-3.663470186277586],[119.461131128875,-3.808197893186765],[119.47684005221484,-5.803768075987058],[120.24806502780078,-5.58600751309033],[120.14419082125781,-3.075864233061033],[120.99899581393359,-3.048587001844602],[120.88079360446093,-3.716151393934446],[121.50799849948046,-4.235927976652341],[121.87277511080859,-4.95966473965283],[122.64091018160937,-4.284319795652586],[122.19034865817187,-3.846769250913816],[122.25816634616015,-3.211096681638914],[121.26491073092578,-2.101103462263303],[122.22288802584765,-1.654172100111204],[122.75714400729296,-1.093783892675596],[121.461131128875,-0.988569356485563],[121.05537703951953,-1.548669613882261],[120.50657180270312,-1.448180831953245],[119.87274459323046,-0.464555867000776],[120.33727553805468,0.356190972045702],[122.98314193209765,0.374633483604235],[123.47180465182421,0.153285957888407],[123.82620528658984,0.738667331651492],[122.73288253268359,0.672761403039736],[120.76742843112109,1.138722024873537],[119.91373733004687,0.539560459569735]]],[[[103.68662551364062,-0.1183407977068],[103.24048903903125,0.458958230928225],[102.47178176364062,0.622509859517855],[101.86814406832812,1.434568367914004],[101.05975631198046,2.080969177202029],[100.73194411715625,1.870563827470583],[99.85836318453906,2.904411159471316],[98.14550307711718,4.069854341462893],[97.38407424410937,5.180140577272219],[96.18733504733203,5.14578827472095],[95.19055465182421,5.410494409517092],[95.56092360934375,4.534462533906741],[96.39438155612109,3.646694503740115],[96.72036269625781,3.704589210466189],[97.50870040377734,2.740469060853762],[97.59714797457812,2.251384101823611],[98.60055068453906,1.707089506105227],[99.11331466158984,0.221247725204272],[99.69655135592578,-0.152409575864034],[100.65030196627734,-1.630999959989744],[100.81207564791796,-2.336048044248777],[102.1106672616875,-3.604252494856077],[102.4622297616875,-4.181821741148191],[103.52345565280078,-4.999372400327879],[104.56848433932421,-6.071165479704099],[105.18672469576953,-5.542331613584714],[105.72847274264453,-5.827141679807859],[105.71109298190234,-4.104884065672117],[105.942820582,-3.214655078932005],[105.44490340670703,-2.599284805341917],[104.35242751559375,-1.889892257734495],[104.29766372164843,-1.362546600385862],[103.2376203866875,-0.659467495962339],[103.68662551364062,-0.1183407977068]]]]},"properties":{"NAME":null,"SUBJECTO":"Dutch East Indies","PARTOF":null}},
{"type":"Feature","geometry":{"type":"Polygon","coordinates":[[[77.59186114085885,29.963556064557537],[77.68017623160054,30.368827850920386],[78.32586387395395,29.83402617048193],[79.05986660704906,29.74767290776486],[78.88716008161492,28.538727229725865],[80.09826949557421,28.951900087312502],[80.41290572604296,29.785207353547854],[81.02130416354296,30.246511064485354],[79.10879043063281,31.45927771182422],[78.78180221041796,32.002418123201174],[79.56532576998828,32.70180853457813],[79.44696334323046,33.20030554385547],[78.62453750094531,33.50422628970508],[78.5086164804375,34.497813783601565],[77.84622481783984,35.24300345034961],[75.88974288424609,36.023238740876955],[75.62776473483203,36.76897390933399],[74.52053359469531,37.004581056550784],[73.78628066500781,36.72689016909961],[72.37272170504687,36.717723451570315],[71.32484725436328,36.05156668277149],[71.65887740573046,35.12511023135547],[70.28924087008593,33.28308065982227],[69.50792220553515,32.94862326236133],[69.05334762057421,31.625777803376955],[69.04484130558795,29.429982056114497],[69.27497806356722,28.387155384412175],[68.3616876265645,28.279709450647147],[67.66328905709184,27.849925715587045],[67.60956609020933,26.668020444171766],[67.77073499085687,25.80845297405157],[66.70171645602343,24.75227888675098],[67.31589034518359,24.092885576204104],[68.04699996432421,23.764070115999026],[68.79081252535937,23.028724275544924],[69.66488936862109,22.789163194612307],[69.96852401217578,22.351457200959963],[69.12606337985156,21.9685073718584],[70.20994857272265,20.94797857852344],[71.02444747408984,20.657476030305666],[72.12086013278125,21.155339799836916],[72.31904891451953,22.11503180117969],[72.69562056979296,22.128535829500002],[72.76573470553515,21.150355897859377],[73.10968306979296,20.687320314363284],[72.75949386080859,20.057649217561526],[73.06422713717578,18.031716905549807],[73.40928939303515,16.558538042024416],[74.15313195022648,14.849504684560506],[74.5996550466007,14.675711764317088],[75.00126325934673,14.048649745801342],[75.24033979338074,14.154745424178131],[75.96841980177793,14.808558457711566],[76.41745676790669,14.808558457711566],[76.93557634420912,15.43030194927448],[78.76626551381102,15.948421525576904],[79.94066988676319,16.74287154257396],[80.36898206983987,16.57707327815718],[81.0459916495417,18.40085418674172],[81.42594600549681,18.50447810200221],[81.99587753942947,20.24881400888704],[83.37752974290261,20.335167271604114],[84.06835584463919,20.0761074834529],[84.15470910735625,19.51481127579194],[85.36365478539524,20.205637377528507],[85.23412489131964,21.025993373340683],[86.31354067528304,21.24187653013336],[84.75918194637575,22.148585788662608],[84.15470910735625,23.05529504719185],[83.55023626833676,23.184824941267458],[83.46388300561969,23.789297780286958],[82.34129059029776,24.177887462513777],[82.21176069622216,24.73918367017474],[81.08916828090022,24.868713564250342],[80.26881228508806,25.516363034628377],[79.27574976384173,25.43000977191131],[78.88716008161492,25.861776085496665],[78.97351334433199,26.466248924516158],[78.3690405053125,26.76848534402591],[77.80774429765152,27.588841339838083],[76.81468177640521,27.80472449663076],[77.07374156455643,28.452373967008793],[76.94421167048083,29.704496276406324],[77.59186114085885,29.963556064557537]]]},"properties":{"NAME":"Maratha Confederacy","SUBJECTO":"Maratha Confederacy","PARTOF":"Maratha Confederacy"}},
{"type":"Feature","geometry":{"type":"MultiPolygon","coordinates":[[[[-70.49821945716594,-54.92306558017073],[-69.6717195182011,-54.77409402255354],[-67.15256210853313,-54.90997735385237],[-65.26215836097454,-54.81925240878401],[-66.98282333900188,-54.34066430453596],[-68.12968155433391,-53.375244535248854],[-68.70525833656048,-53.23463097934065],[-68.30537888099407,-52.94305077914534],[-69.40672012855266,-52.56648675326643],[-70.33333298255657,-53.47274438266096],[-69.4406633048222,-53.411072171967604],[-70.04246231605266,-53.98573724154768],[-69.05546280433391,-54.60197869662581],[-70.49821945716594,-54.92306558017073]]],[[[-73.45523544837688,-42.26160851840315],[-74.16859909583782,-42.34649316195784],[-74.23627182533001,-43.36826363925276],[-73.69581314613079,-43.38647881869612],[-73.83051773597454,-42.56413308505354],[-73.45523544837688,-42.26160851840315]]],[[[-72.84486099769329,-52.64614907626448],[-73.24332901527141,-52.57389108065901],[-73.08035751868938,-53.03203622226057],[-72.84486099769329,-52.64614907626448]]],[[[-69.11474151787864,-51.35236245613261],[-71.16521035613252,-51.561440909776984],[-71.48745134553333,-51.103865341802766],[-72.04404941813473,-48.76638855343405],[-72.1905225951351,-45.990119696472405],[-71.6339245225337,-43.19554606268768],[-70.75022058162149,-41.00310453337858],[-71.80479904690625,-41.57373849300976],[-72.58717819729688,-41.618275083585935],[-72.60860153724407,-41.99678460482893],[-72.46592423011516,-42.03499261264143],[-72.52966019202923,-43.0627063882762],[-72.99853226234173,-43.333660520356275],[-72.76007553626751,-44.369339383881666],[-72.58269974281048,-44.43984643344221],[-73.13770004798626,-45.344314969819166],[-73.04726120521282,-45.37648812655745],[-73.96972366859173,-46.71342507724104],[-73.99523636390423,-46.48629800204573],[-74.42934891273235,-46.53258553866682],[-74.04179855872844,-46.09079781894026],[-74.56387039710735,-45.87150613192854],[-75.44431015540813,-46.62543145541487],[-75.02187058021282,-46.553223050873854],[-74.86196610023235,-46.819073118012525],[-73.97875687171673,-47.0317005289012],[-74.38108536292766,-47.42256585482893],[-74.29662796546673,-47.76078835849104],[-73.36047073890423,-47.97384683017073],[-74.21032425452923,-48.008091367524244],[-73.96308609534954,-49.24083367709456],[-73.93245407630657,-49.99314156894026],[-73.93423172523235,-50.5060543191844],[-73.53017136146282,-50.432861722748854],[-74.20847794105266,-51.02063409213362],[-73.67884537269329,-51.2307857644969],[-73.77848526527141,-51.614231504242994],[-73.25848862220501,-51.705818570893385],[-73.1069230704472,-52.10275308017073],[-72.44915482093548,-52.16112939242659],[-72.21230789710735,-52.57189217929182],[-71.67799850990032,-52.64390984896956],[-72.75086685706829,-53.137833036225416],[-71.15202042152141,-52.96183053378401],[-71.44228836585735,-53.88161126498518],[-70.99802872230266,-53.82070962313948],[-70.73358627845501,-52.80150643710432],[-70.4156388907597,-52.66802636508284],[-69.89519974281048,-52.62718621615706],[-68.4558992057011,-52.420181669037916],[-69.07692429115032,-51.49934808139143],[-69.11474151787864,-51.35236245613261]]]]},"properties":{"NAME":"Patagonian shellfish and marine mammal hunters","SUBJECTO":"Patagonian shellfish and marine mammal hunters","PARTOF":"Patagonian shellfish and marine mammal hunters"}},
{"type":"Feature","geometry":{"type":"MultiPolygon","coordinates":[[[[-70.75022058162149,-41.00310453337858],[-71.6339245225337,-43.19554606268768],[-72.1905225951351,-45.990119696472405],[-72.04404941813473,-48.76638855343405],[-71.48745134553333,-51.103865341802766],[-71.16521035613252,-51.561440909776984],[-69.11474151787864,-51.35236245613261],[-69.04092117835735,-50.56240121249495],[-67.83347031165813,-49.9682125223094],[-67.57759567786907,-49.058533109467604],[-66.07773300697063,-48.142071164887525],[-65.78120132972454,-47.71157876376448],[-65.77598282386516,-47.23012200717268],[-66.6708879141972,-47.01737252597151],[-67.46862503577923,-46.26589242343245],[-66.69494339515423,-45.131103910248854],[-65.65723129798626,-44.94175759677229],[-65.62660690833782,-44.72252313021956],[-65.30717178870891,-43.6014026773387],[-64.69799515296673,-43.20144311312971],[-65.08506485511516,-42.78441659335432],[-64.16540237952923,-42.6476673257762],[-64.00108429481243,-42.852947629731275],[-63.62366196204876,-42.56950417880354],[-64.11973663856243,-42.38424722079573],[-64.9920320182011,-42.19338647250471],[-64.92474838783001,-41.73123971347151],[-65.13462540199016,-41.24435464267073],[-64.93894669105266,-40.8274768960887],[-63.841935124890554,-41.15844384555159],[-62.73149684324714,-41.04970838840874],[-64.21058818585485,-40.556583634776096],[-64.97992412754327,-40.0831461321986],[-66.28187725963139,-40.26068519566516],[-68.82660383598545,-39.72806800526548],[-69.951017904607,-40.970841449531406],[-70.75022058162149,-41.00310453337858]]],[[[-57.29357239295696,-36.270237363617994],[-57.37169357820516,-36.149437345391775],[-57.371693578156254,-36.149437345548826],[-57.29357239285352,-36.27023736385937],[-56.79972931429757,-36.54303399465934],[-57.29357239295696,-36.270237363617994]]],[[[-62.28934189368938,-40.674866117280104],[-62.46579834500196,-40.3679126873457],[-62.289341893665636,-40.67486611738285],[-62.28934189368938,-40.674866117280104]]]]},"properties":{"NAME":"Pampas cultures","SUBJECTO":"Pampas cultures","PARTOF":"Pampas cultures"}},
{"type":"Feature","geometry":{"type":"Polygon","coordinates":[[[27.781387,35.890274],[28.063606,36.111931],[27.719719,36.1661],[27.781387,35.890274]]]},"properties":{"NAME":null,"SUBJECTO":null,"PARTOF":null}},
{"type":"Feature","geometry":{"type":"Polygon","coordinates":[[[8.696099314299804,38.99581106753711],[9.478920015898925,39.14415701480274],[9.793739351836425,40.56368216128711],[9.306203875151855,41.18444784732227],[8.240707430449707,40.85533865542774],[8.696099314299804,38.99581106753711]]]},"properties":{"NAME":"Kingdom of Sardinia","SUBJECTO":"Kingdom of Sardinia","PARTOF":"Kingdom of Sardinia"}},
{"type":"Feature","geometry":{"type":"Polygon","coordinates":[[[10.395699534026367,46.88741263003711],[9.53932315928003,47.4872009429331],[8.983487283772465,47.679618759299416],[8.635127839061997,47.778572128696844],[7.506581816283447,47.60370596499805],[6.058368239012939,46.616065584138674],[5.941489252654296,46.175540529207034],[6.383716630705969,46.341576204815574],[6.807361283529001,46.3939942785789],[6.955283197966796,45.93890341372852],[8.636551446141077,46.11733232396882],[9.884957346526367,46.402530275300784],[10.395699534026367,46.88741263003711]]]},"properties":{"NAME":"Switzerland","SUBJECTO":"Switzerland","PARTOF":"Switzerland"}},
{"type":"Feature","geometry":{"type":"Polygon","coordinates":[[[119.916613,-32.180435],[120.06567,-32.340735],[120.230338,-32.553784],[120.312095,-32.653447],[120.405981,-32.775557],[120.460871,-32.87702],[120.537713,-32.969157],[120.581625,-33.051999],[120.713351,-33.17152],[121.404776,-33.115188],[122.754834,-33.391263],[122.799511,-33.164512],[122.832563,-33.035414],[122.909677,-32.758142],[122.931749,-32.489288],[122.920766,-32.368504],[122.997872,-32.098498],[123.108011,-31.752857],[123.185113,-31.462272],[123.383313,-30.991704],[123.251243,-30.953939],[123.119174,-30.916159],[122.965094,-30.87836],[122.667937,-30.82162],[122.260738,-30.6986],[121.83145,-30.878161],[121.38015,-31.019653],[121.215024,-31.113891],[120.961832,-31.245661],[120.697618,-31.405428],[120.422362,-31.639915],[120.169103,-31.892512],[120.058983,-32.013889],[119.916613,-32.180435]]]},"properties":{"NAME":"Kalaako/Malpa","SUBJECTO":"Kalaako/Malpa","PARTOF":"Kalaako/Malpa"}},
{"type":"Feature","geometry":{"type":"Polygon","coordinates":[[[128.18139174888873,-15.249349988740065],[128.08187667318947,-15.35935034726468],[128.067624,-15.416614],[128.018188,-15.511912],[128.089599,-15.54896],[128.16101,-15.570127],[128.452148,-15.575419],[128.474121,-15.42191],[128.463134,-15.315975],[128.463134,-15.241789],[128.562011,-15.156973],[128.765256,-15.093339],[129.248657,-15.358356],[129.594726,-15.358356],[129.81445,-15.315975],[129.869384,-15.284185],[129.693162912508,-15.09048741156292],[129.63227370689654,-15.27802983645735],[129.1964216561153,-14.992895520966627],[128.45885756920123,-14.886408246796705],[128.18139174888873,-15.249349988740065]]]},"properties":{"NAME":"Kadjerong","SUBJECTO":"Kadjerong","PARTOF":"Kadjerong"}},
{"type":"Feature","geometry":{"type":"Polygon","coordinates":[[[125.650634,-18.114529],[125.491333,-18.307595],[125.496826,-18.417078],[125.590209,-18.646245],[125.919799,-18.953051],[126.227416,-18.958246],[126.419677,-18.911483],[126.765747,-18.729501],[126.77124,-18.604601],[126.776733,-18.437924],[126.727294,-18.281518],[126.567993,-18.145851],[126.309814,-18.072756],[125.925292,-18.046644],[125.744018,-18.046644],[125.650634,-18.114529]]]},"properties":{"NAME":"Gooniyandi","SUBJECTO":"Gooniyandi","PARTOF":"Gooniyandi"}},
{"type":"Feature","geometry":{"type":"Polygon","coordinates":[[[115.894775,-22.568366],[116.004639,-22.781246],[116.482544,-23.029187],[116.790161,-22.968509],[116.878052,-22.796439],[116.878052,-22.684984],[116.861572,-22.60894],[116.784668,-22.47703],[116.411133,-22.324671],[116.07605,-22.370396],[115.944214,-22.512557],[115.894775,-22.568366]]]},"properties":{"NAME":"Pinikura","SUBJECTO":"Pinikura","PARTOF":"Pinikura"}},
{"type":"Feature","geometry":{"type":"Polygon","coordinates":[[[128.01755813072467,-15.020859159272291],[127.96878560110463,-14.739066362538406],[127.699584,-15.119855],[127.628173,-15.342464],[127.628173,-15.480151],[127.710571,-15.586001],[127.880859,-15.554252],[128.067624,-15.4325],[128.08561017582701,-15.355223468741034],[128.06614211509967,-15.376742757599928],[127.9848738045528,-15.287912763398268],[128.01755813072467,-15.020859159272291]]]},"properties":{"NAME":"Yiiji","SUBJECTO":"Yiiji","PARTOF":"Yiiji"}},
{"type":"Feature","geometry":{"type":"Polygon","coordinates":[[[116.77440932701374,-20.785517133515455],[116.41879561851765,-20.83712235812483],[116.20099304861486,-20.94963361427321],[116.383667,-21.248422],[116.61438,-21.407048],[116.790161,-21.427503],[117.070313,-21.299611],[117.092285,-21.130622],[117.059326,-20.971699],[116.976929,-20.884475],[116.8210671475695,-20.784471196307972],[116.77440932701374,-20.785517133515455]]]},"properties":{"NAME":"Martuthunira","SUBJECTO":"Martuthunira","PARTOF":"Martuthunira"}},
{"type":"Feature","geometry":{"type":"Polygon","coordinates":[[[118.504028,-23.629427],[118.575439,-23.498514],[117.592163,-22.897683],[117.498779,-22.811631],[117.454834,-22.73059],[117.240601,-22.720457],[117.15271,-22.745789],[116.982422,-22.796439],[116.982422,-22.882501],[116.982422,-22.933101],[117.202148,-23.20601],[117.185669,-23.352343],[117.180176,-23.513626],[117.147217,-23.619362],[117.081299,-23.895883],[117.608643,-23.961156],[117.883301,-24.031414],[118.504028,-23.629427]]]},"properties":{"NAME":"Yinhawangka","SUBJECTO":"Yinhawangka","PARTOF":"Yinhawangka"}},
{"type":"Feature","geometry":{"type":"Polygon","coordinates":[[[122.53744368398276,-16.92315705694575],[122.1288763581068,-17.352761724804484],[122.159729,-17.389958],[122.65686,-17.3952],[122.816162,-17.366367],[122.827148,-17.32442],[122.838134,-17.256236],[122.862854,-17.188026],[122.923278,-17.111917],[122.895812,-17.038403],[122.862854,-17.025272],[122.643127,-16.985875],[122.557983,-16.943842],[122.53744368398276,-16.92315705694575]]]},"properties":{"NAME":"Jabirrjabirr","SUBJECTO":"Jabirrjabirr","PARTOF":"Jabirrjabirr"}},
{"type":"Feature","geometry":{"type":"Polygon","coordinates":[[[118.465576,-28.396233],[119.20166,-28.642389],[119.520264,-28.806174],[119.685059,-29.00814],[120.113525,-28.921631],[120.882568,-28.88316],[121.706543,-28.921631],[122.365723,-28.806174],[122.266846,-28.584522],[121.959229,-28.15919],[121.80542,-27.9847],[121.755981,-27.907058],[121.613159,-27.790491],[121.49231,-27.649472],[121.322021,-27.527758],[121.179199,-27.532629],[120.975952,-27.532629],[120.866089,-27.5375],[120.217896,-27.352253],[119.32251,-27.283926],[118.833618,-28.042895],[118.646851,-28.14466],[118.465576,-28.396233]]]},"properties":{"NAME":"Kuwarra","SUBJECTO":"Kuwarra","PARTOF":"Kuwarra"}},
{"type":"Feature","geometry":{"type":"Polygon","coordinates":[[[113.66741469810749,-23.780147947114088],[114.44458,-24.021379],[114.631348,-23.765237],[114.702759,-23.493477],[114.708252,-23.200961],[114.730225,-23.054462],[114.77417,-22.928042],[114.796143,-22.82682],[114.75769,-22.771117],[113.774414,-22.857195],[113.74328468116462,-23.248402729344676],[113.66741469810749,-23.780147947114088]]]},"properties":{"NAME":"Payungu","SUBJECTO":"Payungu","PARTOF":"Payungu"}},
{"type":"Feature","geometry":{"type":"Polygon","coordinates":[[[113.66741469810749,-23.780147947114088],[113.373413,-24.263811277431273],[113.565674,-24.791722],[113.68103,-24.83161],[114.125977,-24.746831],[114.483032,-24.791722],[114.938965,-24.97112],[115.076294,-25.045792],[115.158691,-25.050769],[115.3125,-24.806681],[115.257568,-24.487149],[114.867554,-24.106647],[114.631348,-23.99629],[114.263306,-23.931034],[113.66741469810749,-23.780147947114088]]]},"properties":{"NAME":"Maya","SUBJECTO":"Maya","PARTOF":"Maya"}},
{"type":"Feature","geometry":{"type":"Polygon","coordinates":[[[133.637695,-13.410994],[132.978512,-13.304102],[132.258911,-13.084828],[132.182006,-13.191816],[132.209472,-13.239945],[132.264404,-13.266679],[132.676391,-13.384275],[132.621456,-13.576581],[132.198486,-13.68335],[132.099606,-13.720708],[132.044677,-13.795406],[132.110593,-14.599531],[132.929077,-14.74301],[133.170774,-14.90763],[133.379516,-14.684567],[133.461914,-14.322937],[133.57727,-14.10994],[133.637695,-13.710035],[133.632202,-13.555221],[133.637695,-13.410994]]]},"properties":{"NAME":"Jawoyn","SUBJECTO":"Jawoyn","PARTOF":"Jawoyn"}},
{"type":"Feature","geometry":{"type":"Polygon","coordinates":[[[134.329833,-20.653346],[134.57240590489158,-20.481413103446645],[134.59407598443545,-17.95765419883271],[134.230957,-17.936928],[133.494873,-18.030974],[133.374023,-18.448346],[133.747558,-18.85431],[133.483886,-19.124409],[132.978512,-19.269665],[132.473143,-19.311143],[132.165527,-19.37334],[132.72583,-20.416716],[132.857666,-20.612219],[132.989499,-20.766386],[133.099365,-20.951179],[133.824462,-20.930658],[134.329833,-20.653346]]]},"properties":{"NAME":"Warumungu","SUBJECTO":"Warumungu","PARTOF":"Warumungu"}},
{"type":"Feature","geometry":{"type":"Polygon","coordinates":[[[131.050412,-23.699864],[130.935058,-24.236947],[130.825195,-24.437147],[130.588989,-24.652009],[130.534055,-24.776759],[130.69885,-24.84158],[130.847167,-24.881453],[131.061399,-25.209911],[131.050412,-25.398622],[131.033935,-25.5127],[131.209713,-25.596948],[131.500854,-25.700937],[131.934812,-25.878994],[132.62695,-26.194876],[132.923583,-26.470573],[133.121337,-26.441065],[133.319088,-26.313112],[133.813476,-26.115985],[134.01123,-25.987674],[133.505856,-25.492868],[133.121337,-24.577099],[132.385253,-23.976214],[132.12158,-23.412847],[132.341308,-23.089838],[132.286374,-22.978623],[131.660156,-22.978623],[131.286621,-22.948276],[131.066893,-22.998851],[131.050412,-23.699864]]]},"properties":{"NAME":"Luritja","SUBJECTO":"Luritja","PARTOF":"Luritja"}},
{"type":"Feature","geometry":{"type":"Polygon","coordinates":[[[134.538574,-22.573438],[134.55461263036304,-22.5536683041116],[134.5744165375199,-20.247249126826055],[134.055174,-20.612219],[133.571777,-20.776659],[132.824705,-20.776659],[132.956542,-21.043491],[132.978512,-21.514406],[132.912597,-21.902277],[133.02246,-22.126354],[133.681637,-22.207749],[134.099121,-22.390713],[134.538574,-22.573438]]]},"properties":{"NAME":"Kaytej","SUBJECTO":"Kaytej","PARTOF":"Kaytej"}},
{"type":"Feature","geometry":{"type":"Polygon","coordinates":[[[117.74103439727651,-35.21994455438074],[118.20707992027546,-35.090340055268385],[118.67277053306843,-34.605842984955885],[119.00806548507641,-34.6147762996628],[119.031372,-34.492975],[118.652344,-34.252676],[116.520996,-34.329828],[116.570435,-34.827332],[116.411133,-35.083956],[117.74103439727651,-35.21994455438074]]]},"properties":{"NAME":"Minang","SUBJECTO":"Minang","PARTOF":"Minang"}},
{"type":"Feature","geometry":{"type":"Polygon","coordinates":[[[113.8964788126402,-25.590076929474836],[114.09509566734577,-26.53862038974104],[113.73937514732624,-26.66653481845198],[113.43298629234577,-26.572010434907057],[113.06012978169673,-26.116165003410305],[113.499756,-26.68673],[113.598633,-26.760326],[113.796387,-26.819169],[114.109497,-26.622908],[114.307251,-26.55905],[114.570923,-26.485324],[114.807129,-26.426309],[114.812622,-25.780107],[114.647827,-25.720735],[114.158936,-25.735581],[113.977661,-25.65143],[113.8964788126402,-25.590076929474836]]]},"properties":{"NAME":"Malkana","SUBJECTO":"Malkana","PARTOF":"Malkana"}},
{"type":"Feature","geometry":{"type":"Polygon","coordinates":[[[122.22805979526163,-18.143873215772317],[122.22443278319372,-18.183419174019004],[122.308044,-18.072756],[122.22805979526163,-18.143873215772317]]]},"properties":{"NAME":"Yawuru","SUBJECTO":"Yawuru","PARTOF":"Yawuru"}},
{"type":"Feature","geometry":{"type":"Polygon","coordinates":[[[117.559204,-33.774581],[117.405396,-33.619194],[117.25708,-33.500179],[116.987915,-33.380999],[116.757202,-33.298395],[116.575928,-33.183537],[116.40564,-33.100745],[116.141968,-33.027088],[115.977173,-32.98102],[115.834351,-32.98102],[115.71508636580914,-33.01769209286519],[115.64985084389072,-33.34928701327375],[115.839844,-33.660353],[116.004639,-33.719771],[116.213379,-33.947917],[116.433105,-34.307144],[117.564697,-34.207259],[117.559204,-33.774581]]]},"properties":{"NAME":"Kaniyang","SUBJECTO":"Kaniyang","PARTOF":"Kaniyang"}},
{"type":"Feature","geometry":{"type":"Polygon","coordinates":[[[129.512329,-15.977172],[129.353027,-16.177748],[129.259643,-16.330682],[129.23767,-16.546696],[129.193725,-16.69934],[129.23767,-16.836089],[129.594726,-16.93596],[130.220947,-17.172282],[130.33081,-17.093541],[130.682373,-16.694078],[130.957031,-16.441353],[130.968017,-16.362309],[130.902099,-16.262139],[130.869137,-16.103874],[130.709837,-16.051092],[130.484619,-15.961329],[130.446166,-15.80811],[130.446166,-15.660064],[130.418701,-15.52779],[130.358274,-15.448385],[130.286865,-15.395431],[130.034179,-15.570127],[129.786987,-15.739388],[129.512329,-15.977172]]]},"properties":{"NAME":"Ngarinman","SUBJECTO":"Ngarinman","PARTOF":"Ngarinman"}},
{"type":"Feature","geometry":{"type":"Polygon","coordinates":[[[122.18199477444101,-17.917591268201893],[122.21255686736647,-18.04935504949987],[122.247619,-18.059701],[122.689819,-17.916022],[122.700805,-17.821915],[122.75299,-17.714677],[122.299804,-17.740838],[122.192687,-17.764381],[122.156982,-17.790535],[122.18199477444101,-17.917591268201893]]]},"properties":{"NAME":"Jukun","SUBJECTO":"Jukun","PARTOF":"Jukun"}},
{"type":"Feature","geometry":{"type":"Polygon","coordinates":[[[130.0855360359981,-13.592476285737135],[129.86139302196594,-13.715128495474543],[129.946289,-13.712703],[130.036926,-13.670007],[130.091857,-13.699361],[130.11383,-13.85408],[130.168759,-13.894077],[130.248413,-13.878079],[130.284118,-13.643317],[130.212707,-13.603278],[130.19087070088815,-13.497752313631134],[130.0855360359981,-13.592476285737135]]]},"properties":{"NAME":"Maranunggu","SUBJECTO":"Maranunggu","PARTOF":"Maranunggu"}},
{"type":"Feature","geometry":{"type":"Polygon","coordinates":[[[116.433105,-23.976215],[116.345215,-24.462151],[116.383667,-24.642024],[116.889038,-24.482149],[116.993408,-24.16179],[117.504272,-24.061512],[117.729492,-23.986253],[117.729492,-23.855698],[117.641602,-23.830576],[117.498781,-23.725012],[117.279055,-23.679744],[117.031862,-23.563987],[116.691288,-23.397724],[116.279301,-23.211058],[115.977175,-23.01402],[115.735476,-22.902743],[115.697021,-23.251441],[115.823364,-23.699865],[115.768433,-23.835601],[115.894775,-23.855698],[116.273804,-23.875792],[116.433105,-23.976215]]]},"properties":{"NAME":"Thiin","SUBJECTO":"Thiin","PARTOF":"Thiin"}},
{"type":"Feature","geometry":{"type":"Polygon","coordinates":[[[128.045654,-15.644196],[127.820434,-15.866241],[127.864379,-15.961329],[128.430174,-16.040534],[128.627929,-16.114429],[128.82019,-16.156644],[129.171752,-16.235772],[129.325561,-16.314867],[129.435424,-16.140815],[129.803463,-15.760536],[130.012205,-15.644196],[130.166012,-15.511912],[130.133056,-15.437795],[129.91333,-15.411319],[129.885864,-15.342464],[129.81445,-15.252389],[129.715576,-15.289483],[129.281616,-15.294782],[128.781737,-15.082731],[128.474121,-15.167577],[128.452148,-15.331869],[128.441161,-15.490738],[128.144531,-15.559544],[128.045654,-15.644196]]]},"properties":{"NAME":"Doolboong/Miriwoong","SUBJECTO":"Doolboong/Miriwoong","PARTOF":"Doolboong/Miriwoong"}},
{"type":"Feature","geometry":{"type":"Polygon","coordinates":[[[129.034423,-18.010079],[129.144286,-18.916679],[128.858642,-19.165924],[128.71582,-19.300774],[129.276123,-19.673625],[129.869384,-19.942369],[130.495605,-20.550508],[130.396728,-21.002471],[130.133056,-21.207458],[129.979248,-21.677848],[130.726317,-22.796439],[130.946044,-22.867317],[131.264648,-22.968509],[131.462402,-23.008964],[131.781005,-23.008964],[132.12158,-23.029187],[132.231445,-23.029187],[132.033691,-22.745789],[131.879882,-22.553147],[132.06665,-22.004174],[132.901611,-21.963424],[133.077392,-21.677848],[133.099365,-21.207458],[133.000487,-20.879342],[132.824705,-20.210656],[132.528076,-19.81839],[132.451169,-19.55979],[132.198486,-19.155546],[132.055664,-18.947855],[131.594237,-18.562947],[131.231687,-18.30238],[130.946044,-18.104087],[129.891357,-18.31281],[129.265136,-18.32324],[129.034423,-18.010079]]]},"properties":{"NAME":"Warlpiri","SUBJECTO":"Warlpiri","PARTOF":"Warlpiri"}},
{"type":"Feature","geometry":{"type":"Polygon","coordinates":[[[124.881591,-18.479609],[124.749755,-18.677471],[124.760742,-19.103648],[124.969482,-19.590844],[124.991455,-20.04561],[124.870605,-20.25189],[125.0354,-20.282808],[125.595703,-20.354927],[125.925292,-20.40642],[126.134033,-20.40642],[126.397705,-20.427012],[126.540527,-20.282808],[126.75476,-19.673625],[126.77124,-19.466592],[126.815185,-19.264479],[126.831665,-19.134789],[126.848144,-19.093266],[126.776733,-19.062117],[126.44165,-19.067309],[126.342773,-18.958246],[126.221923,-18.927072],[126.057128,-18.927072],[125.875854,-18.85431],[125.546264,-18.427501],[125.45288,-18.417078],[125.310058,-18.484818],[124.881591,-18.479609]]]},"properties":{"NAME":"Walmatjarri","SUBJECTO":"Walmatjarri","PARTOF":"Walmatjarri"}},
{"type":"Feature","geometry":{"type":"Polygon","coordinates":[[[116.77440932701374,-20.785517133515455],[116.779175,-20.797201],[116.81169540612015,-20.784681284412475],[116.77440932701374,-20.785517133515455]]]},"properties":{"NAME":"Jaburrara","SUBJECTO":"Jaburrara","PARTOF":"Jaburrara"}},
{"type":"Feature","geometry":{"type":"Polygon","coordinates":[[[120.393677,-32.773418],[120.415649,-32.565333],[120.388184,-32.356763],[120.289307,-32.217449],[119.366455,-31.667408],[118.471069,-31.099982],[118.234863,-30.836215],[117.91626,-31.264466],[117.723999,-31.527044],[117.526245,-31.956823],[117.537231,-32.212801],[117.669067,-32.546813],[118.037109,-32.976412],[118.657837,-33.151349],[120.327759,-32.953367],[120.393677,-32.773418]]]},"properties":{"NAME":"Nyaki-nyaki","SUBJECTO":"Nyaki-nyaki","PARTOF":"Nyaki-nyaki"}},
{"type":"Feature","geometry":{"type":"Polygon","coordinates":[[[117.08811477134968,-20.778484739106275],[116.81161310451738,-20.784683129383104],[116.779175,-20.82801],[116.921997,-20.899871],[116.987915,-20.976828],[117.13623,-21.063997],[117.932739,-21.325198],[118.026123,-21.299611],[117.828369,-20.627643],[117.81429361993523,-20.618859926966778],[117.75520614097859,-20.675350583832838],[117.59692672203327,-20.75833360080061],[117.08811477134968,-20.778484739106275]]]},"properties":{"NAME":"Ngarluma","SUBJECTO":"Ngarluma","PARTOF":"Ngarluma"}},
{"type":"Feature","geometry":{"type":"Polygon","coordinates":[[[130.078125,-14.06998],[130.028686,-14.067316],[130.039672,-14.101948],[130.080871,-14.123258],[130.102844,-14.128585],[130.190733,-14.131248],[130.253906,-14.104612],[130.325317,-13.952726],[130.32257,-13.920737],[130.308837,-13.886078],[130.262145,-13.872746],[130.2182,-13.902075],[130.2182,-13.952726],[130.215454,-13.987376],[130.18524,-14.035343],[130.13031,-14.05133],[130.067138,-14.05133],[130.078125,-14.06998]]]},"properties":{"NAME":"Marramaninjsji","SUBJECTO":"Marramaninjsji","PARTOF":"Marramaninjsji"}},
{"type":"Feature","geometry":{"type":"Polygon","coordinates":[[[125.507812,-17.57072],[125.343017,-17.602139],[125.310058,-17.769612],[125.408935,-17.936928],[125.617675,-18.135411],[125.69458,-18.156291],[125.859375,-18.0832],[126.068115,-17.989182],[126.3208,-17.790535],[126.298828,-17.644022],[126.057128,-17.476432],[125.870361,-17.413546],[125.69458,-17.413546],[125.507812,-17.57072]]]},"properties":{"NAME":"Punuba","SUBJECTO":"Punuba","PARTOF":"Punuba"}},
{"type":"Feature","geometry":{"type":"Polygon","coordinates":[[[131.489868,-17.978733],[131.105346,-18.062312],[130.902099,-18.156291],[131.083373,-18.349311],[131.374511,-18.490028],[131.85791,-18.901089],[132.149047,-19.222989],[132.429199,-19.342244],[133.538817,-19.269665],[133.846435,-18.812717],[133.560791,-18.5317],[133.500366,-18.338883],[133.341062,-18.16673],[133.352049,-17.748686],[132.280881,-17.685895],[132.011718,-17.800996],[131.638183,-17.910795],[131.489868,-17.978733]]]},"properties":{"NAME":"Warlmanpa","SUBJECTO":"Warlmanpa","PARTOF":"Warlmanpa"}},
{"type":"Feature","geometry":{"type":"Polygon","coordinates":[[[125.870361,-16.836089],[125.661621,-17.046281],[125.683593,-17.214264],[125.727539,-17.308687],[125.804443,-17.43451],[126.035156,-17.476432],[126.188964,-17.591666],[126.287841,-17.738222],[126.529541,-17.727758],[127.529296,-17.277218],[127.364501,-16.615137],[127.419433,-16.415009],[127.452392,-16.077485],[127.474365,-15.940202],[126.968994,-15.940202],[126.595458,-16.783505],[125.870361,-16.836089]]]},"properties":{"NAME":"Worla","SUBJECTO":"Worla","PARTOF":"Worla"}},
{"type":"Feature","geometry":{"type":"Polygon","coordinates":[[[118.652344,-28.033198],[118.756714,-28.125283],[118.954468,-27.945886],[119.338989,-27.318095],[119.899292,-27.337615],[120.690308,-27.5375],[121.316528,-27.57646],[121.278076,-27.401032],[121.151733,-27.279043],[120.926514,-26.907375],[120.849609,-26.593439],[120.838623,-26.465656],[120.800171,-26.35742],[119.311523,-25.775161],[118.937988,-25.730633],[118.806152,-25.869109],[118.569946,-26.308189],[118.43811,-26.480407],[118.256836,-26.838776],[118.108521,-27.068909],[118.042603,-27.15692],[118.02063,-27.205786],[118.328247,-27.71271],[118.652344,-28.033198]]]},"properties":{"NAME":"Tjupany","SUBJECTO":"Tjupany","PARTOF":"Tjupany"}},
{"type":"Feature","geometry":{"type":"Polygon","coordinates":[[[131.044919,-25.453194],[130.946044,-25.750424],[130.78125,-26.07652],[130.869137,-26.735799],[130.704343,-27.332735],[130.704343,-27.518015],[131.429442,-28.207608],[131.802978,-28.343064],[132.231445,-28.420391],[132.659911,-28.410728],[133.110351,-28.410728],[133.461914,-28.401064],[133.505856,-28.207608],[133.341062,-27.800209],[133.242187,-27.254629],[133.110351,-26.892679],[133.066406,-26.716173],[132.989499,-26.382027],[132.912597,-26.096254],[132.637937,-25.849336],[131.770018,-25.740529],[131.341552,-25.611809],[131.044919,-25.453194]]]},"properties":{"NAME":"Yankuntjatjara","SUBJECTO":"Yankuntjatjara","PARTOF":"Yankuntjatjara"}},
{"type":"Feature","geometry":{"type":"Polygon","coordinates":[[[126.958007,-26.637638],[127.221679,-27.916766],[127.221679,-28.314053],[127.298583,-28.632746],[127.562255,-28.555576],[127.990722,-28.439713],[129.188232,-28.362401],[129.594726,-28.362401],[129.902343,-28.372068],[129.990231,-28.285033],[130.155029,-28.033197],[130.594482,-27.673798],[130.583496,-27.518015],[130.20996,-27.498526],[129.287106,-27.127591],[129.078369,-26.82407],[129.023437,-26.40171],[129.023437,-26.096254],[129.023437,-25.958044],[129.023437,-25.839449],[128.759762,-25.908644],[128.276367,-25.918526],[127.792968,-26.283564],[127.474365,-26.391869],[126.958007,-26.637638]]]},"properties":{"NAME":"Nakako","SUBJECTO":"Nakako","PARTOF":"Nakako"}},
{"type":"Feature","geometry":{"type":"Polygon","coordinates":[[[125.441894,-25.869109],[125.101318,-25.859223],[124.552001,-26.391869],[124.409179,-26.843677],[124.37622,-27.117812],[124.354248,-27.44979],[124.398193,-27.673798],[126.090087,-28.777289],[126.738281,-28.940861],[127.39746,-28.632746],[127.276611,-28.149503],[127.320556,-27.790491],[127.144775,-26.86328],[127.012939,-26.608174],[126.804199,-26.519735],[126.419677,-26.382027],[125.441894,-25.869109]]]},"properties":{"NAME":"Mandjindja","SUBJECTO":"Mandjindja","PARTOF":"Mandjindja"}},
{"type":"Feature","geometry":{"type":"Polygon","coordinates":[[[131.440429,-30.230594],[131.154785,-30.126124],[130.847167,-30.031055],[130.517575,-29.869228],[130.352781,-29.659416],[130.144042,-29.506549],[130.045166,-29.353451],[129.869384,-28.738763],[129.902343,-28.545925],[129.946289,-28.314053],[129.616699,-28.256005],[127.957763,-28.314053],[127.529296,-28.478348],[127.39746,-28.574874],[127.430419,-28.67131],[127.595214,-28.806173],[127.803955,-29.075375],[128.210449,-29.506549],[128.397213,-29.792984],[128.4082,-30.059585],[128.463134,-30.126124],[129.342041,-30.088107],[130.155029,-30.116621],[131.253661,-30.211608],[131.440429,-30.230594]]]},"properties":{"NAME":"Ngalea","SUBJECTO":"Ngalea","PARTOF":"Ngalea"}},
{"type":"Feature","geometry":{"type":"Polygon","coordinates":[[[117.96847060631062,-20.471458829682447],[117.7938557116938,-20.638399614256095],[117.79541,-20.689323],[117.91626,-21.156238],[118.00415,-21.391705],[118.487549,-21.677848],[118.586426,-21.657428],[118.674316,-21.565502],[118.883057,-20.94605],[118.877563,-20.509355],[118.68887848976185,-20.340335484003713],[117.96847060631062,-20.471458829682447]]]},"properties":{"NAME":"Kariyarra","SUBJECTO":"Kariyarra","PARTOF":"Kariyarra"}},
{"type":"Feature","geometry":{"type":"Polygon","coordinates":[[[122.65291090743645,-16.736166],[122.54289516987875,-16.917424871233973],[122.546997,-16.928077],[122.557983,-16.954351],[122.623901,-16.999008],[122.714538,-17.027898],[122.8656,-17.038403],[122.980957,-17.027898],[123.07886361220325,-16.979021688633626],[123.02266982506062,-16.856033719819166],[122.92699175105447,-16.733536],[122.862854,-16.733536],[122.785949,-16.741427],[122.728271,-16.741427],[122.65291090743645,-16.736166]]]},"properties":{"NAME":"Nyul Nyul","SUBJECTO":"Nyul Nyul","PARTOF":"Nyul Nyul"}},
{"type":"Feature","geometry":{"type":"Polygon","coordinates":[[[134.42871,-29.046565],[134.49923035023272,-29.00364567284599],[134.52261698595706,-26.279971768523527],[134.165039,-26.037041],[133.934326,-26.007424],[133.59375,-26.066652],[133.176268,-26.234302],[132.967529,-26.362342],[132.978512,-26.76523],[133.176268,-27.586197],[133.231201,-28.013801],[133.253173,-28.3914],[133.582763,-28.738763],[133.912353,-28.931246],[134.42871,-29.046565]]]},"properties":{"NAME":"Antakarinja","SUBJECTO":"Antakarinja","PARTOF":"Antakarinja"}},
{"type":"Feature","geometry":{"type":"Polygon","coordinates":[[[132.143554,-16.003575],[132.127074,-15.83982],[131.96228,-15.755249],[131.731567,-15.755249],[131.506347,-15.786967],[131.369018,-15.792253],[131.330566,-15.993014],[131.099853,-15.998295],[130.907592,-16.072206],[130.836181,-16.124984],[130.907592,-16.304323],[130.940551,-16.415009],[131.07788,-16.467694],[131.264648,-16.55196],[131.363525,-16.715124],[131.561279,-16.604609],[131.940305,-16.314867],[132.143554,-16.003575]]]},"properties":{"NAME":"Karangpurru","SUBJECTO":"Karangpurru","PARTOF":"Karangpurru"}},
{"type":"Feature","geometry":{"type":"Polygon","coordinates":[[[116.268311,-21.391705],[115.64209,-22.116177],[115.389404,-22.339914],[115.19165,-22.502407],[115.806885,-22.573438],[115.949707,-22.461802],[116.169434,-22.421185],[116.422119,-22.43134],[116.751709,-22.66471],[116.960449,-22.867318],[116.993408,-22.87744],[117.509766,-22.755921],[117.822876,-22.207749],[117.822876,-22.070369],[117.674561,-21.943046],[117.4823,-21.815608],[117.262573,-21.733989],[116.94397,-21.42239],[116.685791,-21.37636],[116.372681,-21.309846],[116.268311,-21.391705]]]},"properties":{"NAME":"Kurrama","SUBJECTO":"Kurrama","PARTOF":"Kurrama"}},
{"type":"Feature","geometry":{"type":"Polygon","coordinates":[[[121.849365,-26.037041],[120.981445,-26.244156],[120.772705,-26.421389],[120.827636,-26.784847],[121.058349,-27.313213],[121.442871,-27.673798],[121.68457,-27.955591],[122.277832,-27.683528],[123.057861,-26.676913],[123.112792,-26.470573],[123.156738,-26.391869],[122.827148,-26.037041],[122.420654,-25.977798],[121.849365,-26.037041]]]},"properties":{"NAME":"Nana","SUBJECTO":"Nana","PARTOF":"Nana"}},
{"type":"Feature","geometry":{"type":"Polygon","coordinates":[[[134.14269545982623,-12.08357182864485],[134.022213,-12.056270418496828],[134.016723,-12.13332],[134.016723,-12.197757],[134.01947,-12.270231],[134.057921,-12.321219],[134.110107,-12.302435],[134.13208,-12.264863],[134.148559,-12.208495],[134.192504,-12.114522],[134.2277249737305,-12.095581076950193],[134.14269545982623,-12.08357182864485]]]},"properties":{"NAME":"Gunibidji","SUBJECTO":"Gunibidji","PARTOF":"Gunibidji"}},
{"type":"Feature","geometry":{"type":"Polygon","coordinates":[[[133.1488,-14.881087],[133.297119,-14.955399],[133.57727,-15.066819],[133.709105,-15.066819],[133.796997,-14.992545],[133.840942,-14.902321],[134.005737,-14.81206],[134.077148,-14.774882],[134.148559,-14.72176],[133.533324,-14.291],[133.434448,-14.27503],[133.412475,-14.461277],[133.1488,-14.881087]]]},"properties":{"NAME":"Mangarayi","SUBJECTO":"Mangarayi","PARTOF":"Mangarayi"}},
{"type":"Feature","geometry":{"type":"Polygon","coordinates":[[[114.971924,-30.342065],[115.43335,-31.391158],[115.916748,-31.372399],[116.38916,-31.391158],[116.828613,-30.054831],[116.716003,-29.99776],[115.081787,-30.247205],[114.963684,-30.278044],[114.971924,-30.342065]]]},"properties":{"NAME":"Yuat","SUBJECTO":"Yuat","PARTOF":"Yuat"}},
{"type":"Feature","geometry":{"type":"Polygon","coordinates":[[[115.4934749938742,-31.546000069359817],[115.75751530977965,-32.49378553621099],[116.026611,-32.435612],[116.202393,-32.361403],[116.5979,-32.147711],[116.669312,-31.989442],[116.391907,-31.470839],[115.982666,-31.421632],[115.4934749938742,-31.546000069359817]]]},"properties":{"NAME":"Wajuk","SUBJECTO":"Wajuk","PARTOF":"Wajuk"}},
{"type":"Feature","geometry":{"type":"Polygon","coordinates":[[[133.417968,-16.204124],[133.341062,-16.530898],[133.352049,-17.43451],[133.308105,-17.57072],[133.275146,-17.769612],[133.253173,-17.905568],[133.26416,-18.291949],[133.538817,-18.218916],[133.835449,-18.187606],[134.176025,-18.093644],[134.329833,-17.968282],[134.439697,-17.811456],[134.505615,-17.235251],[134.395751,-17.025272],[134.121093,-16.688816],[133.736572,-16.330682],[133.417968,-16.204124]]]},"properties":{"NAME":"Jingili","SUBJECTO":"Jingili","PARTOF":"Jingili"}},
{"type":"Feature","geometry":{"type":"Polygon","coordinates":[[[115.125732,-22.400872],[115.422363,-22.400872],[115.718994,-22.278931],[116.455078,-21.42239],[116.444092,-21.207459],[116.2513178229213,-20.923637118570117],[116.1345548958614,-20.983953870576002],[115.34923842857624,-21.60229340915022],[114.68547737591399,-21.953433112323193],[115.125732,-22.400872]]]},"properties":{"NAME":"Nhuwala","SUBJECTO":"Nhuwala","PARTOF":"Nhuwala"}},
{"type":"Feature","geometry":{"type":"Polygon","coordinates":[[[126.716308,-18.667063],[126.298828,-18.885497],[126.309814,-19.020577],[126.44165,-19.103648],[126.694335,-19.082884],[126.826171,-19.155546],[127.056884,-19.269665],[127.72705,-19.425153],[128.111572,-19.383704],[128.540039,-19.259294],[128.781737,-19.248922],[129.199218,-18.937464],[129.243164,-18.625424],[129.25415,-18.427501],[129.276123,-18.218916],[129.199218,-17.926475],[128.935544,-17.759149],[128.80371,-17.633552],[128.594968,-17.549771],[128.375244,-17.539296],[128.221435,-17.581194],[128.122558,-17.811456],[127.617187,-18.072756],[127.419433,-18.30238],[126.85913,-18.385804],[126.716308,-18.667063]]]},"properties":{"NAME":"Jaru","SUBJECTO":"Jaru","PARTOF":"Jaru"}},
{"type":"Feature","geometry":{"type":"Polygon","coordinates":[[[129.851531,-14.123258],[129.848784,-14.268375],[129.873504,-14.35886],[129.988861,-14.405419],[129.988861,-14.43069],[130.014952,-14.455958],[130.043792,-14.455958],[130.039672,-14.406749],[130.003965,-14.337573],[130.10559,-14.165871],[130.10559,-14.116599],[130.038299,-14.088629],[129.925689,-14.083301],[129.868011,-14.091293],[129.851531,-14.123258]]]},"properties":{"NAME":"Ngan’gikurunggurr","SUBJECTO":"Ngan’gikurunggurr","PARTOF":"Ngan’gikurunggurr"}},
{"type":"Feature","geometry":{"type":"Polygon","coordinates":[[[132.214965,-12.795731],[132.242431,-12.576009],[132.21643730356897,-12.341204230748561],[131.8174696297481,-12.368270314972975],[131.6346302106427,-12.389595507666531],[131.610717,-12.913552],[131.720581,-12.951029],[132.214965,-12.795731]]]},"properties":{"NAME":"Limilngan","SUBJECTO":"Limilngan","PARTOF":"Limilngan"}},
{"type":"Feature","geometry":{"type":"Polygon","coordinates":[[[118.689829,-28.556544],[118.223877,-28.30438],[117.88915,-28.353246],[116.309509,-29.214507],[116.519951,-29.598447],[116.948857,-30.119043],[117.922116,-30.666336],[118.086612,-30.744342],[118.265185,-30.907193],[118.351752,-31.067261],[118.869088,-31.530349],[119.916613,-32.180435],[120.169103,-31.892512],[120.422362,-31.639915],[120.697618,-31.405428],[120.961832,-31.245661],[121.215024,-31.113891],[120.739259,-30.634491],[120.003662,-29.32472],[119.421386,-28.748396],[118.689829,-28.556544]]]},"properties":{"NAME":"Kalaamaya","SUBJECTO":"Kalaamaya","PARTOF":"Kalaamaya"}},
{"type":"Feature","geometry":{"type":"Polygon","coordinates":[[[115.889282,-22.619082],[115.751953,-22.806567],[115.697021,-22.907803],[115.86731,-22.998852],[116.213379,-23.200961],[116.553955,-23.377556],[116.883545,-23.528737],[117.355957,-23.745126],[117.658081,-23.865745],[117.778931,-23.755182],[117.822876,-23.579092],[117.723999,-23.473324],[117.333984,-23.372514],[117.097778,-23.306946],[116.856079,-23.20601],[116.669312,-23.089838],[116.455078,-22.968509],[116.087036,-22.796439],[115.9552,-22.639363],[115.889282,-22.619082]]]},"properties":{"NAME":"Jiwarli","SUBJECTO":"Jiwarli","PARTOF":"Jiwarli"}},
{"type":"Feature","geometry":{"type":"Polygon","coordinates":[[[125.10795882652546,-15.205084241669752],[125.08435084521513,-15.308381459522261],[125.375976,-15.331869],[125.375976,-15.458974],[125.601196,-15.665354],[125.672607,-15.749962],[125.744018,-15.82925],[125.826416,-15.665354],[125.892333,-15.517205],[126.002197,-14.806749],[126.002197,-14.647368],[126.002197,-14.541049],[125.96783151436236,-14.47974626821869],[125.86320022056843,-14.694914258759596],[125.49717238853718,-14.676636136811354],[125.15565780113484,-14.80450574282942],[125.10795882652546,-15.205084241669752]]]},"properties":{"NAME":"Wunambul","SUBJECTO":"Wunambul","PARTOF":"Wunambul"}},
{"type":"Feature","geometry":{"type":"Polygon","coordinates":[[[130.979003,-17.549771],[130.979003,-17.832374],[130.98999,-17.905568],[131.407468,-17.94738],[131.550292,-17.978733],[131.759031,-17.989182],[132.473143,-17.769612],[132.753295,-17.743454],[132.879638,-17.743454],[133.033447,-17.727758],[133.258666,-17.717293],[133.379516,-17.644022],[133.500366,-17.313932],[133.412475,-16.962232],[133.417968,-16.562491],[133.390502,-16.409738],[133.187255,-16.488764],[132.632443,-16.415009],[132.429199,-16.161919],[132.231445,-16.309595],[131.929318,-16.436084],[130.979003,-17.549771]]]},"properties":{"NAME":"Mudburra","SUBJECTO":"Mudburra","PARTOF":"Mudburra"}},
{"type":"Feature","geometry":{"type":"Polygon","coordinates":[[[134.329833,-13.42168],[134.368286,-13.784736],[134.62867262081065,-13.928431835123465],[134.329833,-13.42168]]]},"properties":{"NAME":"Ngalkbun","SUBJECTO":"Ngalkbun","PARTOF":"Ngalkbun"}},
{"type":"Feature","geometry":{"type":"Polygon","coordinates":[[[118.569946,-24.337086],[118.575439,-24.447149],[119.404907,-24.836595],[119.646606,-25.020906],[119.778442,-24.986058],[119.981689,-24.086589],[119.871826,-23.820526],[119.701538,-23.558951],[119.602661,-23.438049],[119.18518,-23.382598],[118.981933,-23.433009],[118.789672,-23.584126],[118.569946,-24.337086]]]},"properties":{"NAME":"Ngalawangka","SUBJECTO":"Ngalawangka","PARTOF":"Ngalawangka"}},
{"type":"Feature","geometry":{"type":"Polygon","coordinates":[[[122.843627,-18.536908],[122.739257,-18.999802],[122.876586,-19.181489],[123.046874,-19.28522],[123.370971,-19.668452],[123.601684,-20.143627],[123.83789,-20.679044],[124.381713,-20.663626],[124.848632,-20.303417],[125.002441,-20.148784],[125.112304,-19.875225],[124.799194,-18.958246],[124.804687,-18.781516],[124.859619,-18.698285],[124.859619,-18.588982],[124.700317,-18.557739],[124.590454,-18.349311],[124.458618,-18.245003],[124.354248,-18.20848],[124.145507,-18.344097],[123.876342,-18.802318],[123.321533,-18.443135],[123.140258,-18.437924],[122.931518,-18.448346],[122.843627,-18.536908]]]},"properties":{"NAME":"Mangala","SUBJECTO":"Mangala","PARTOF":"Mangala"}},
{"type":"Feature","geometry":{"type":"Polygon","coordinates":[[[132.890625,-12.768946],[132.841186,-12.661777],[132.769775,-12.651058],[132.654418,-12.667137],[132.64343,-12.726084],[132.692871,-12.795731],[132.890625,-12.768946]]]},"properties":{"NAME":"Bukurnidja","SUBJECTO":"Bukurnidja","PARTOF":"Bukurnidja"}},
{"type":"Feature","geometry":{"type":"Polygon","coordinates":[[[120.223389,-29.40132],[120.992432,-30.732393],[121.069336,-31.099982],[121.618652,-31.099982],[122.277832,-31.043522],[122.805176,-30.977609],[123.354492,-30.921076],[123.552246,-30.949347],[123.585205,-30.704058],[123.552246,-30.259067],[122.76123,-28.873539],[122.739258,-28.748397],[122.541504,-28.652031],[122.299805,-28.700225],[122.102051,-28.767659],[121.849365,-28.844674],[119.871826,-28.854296],[119.729004,-28.969701],[120.223389,-29.40132]]]},"properties":{"NAME":"Wangkathaa","SUBJECTO":"Wangkathaa","PARTOF":"Wangkathaa"}},
{"type":"Feature","geometry":{"type":"Polygon","coordinates":[[[114.697266,-24.056496],[115.092773,-24.457151],[115.092773,-24.701925],[115.076294,-24.801695],[114.99939,-25.030861],[115.202637,-25.080624],[115.339966,-25.085599],[115.422363,-24.886436],[115.482788,-24.696934],[115.52124,-24.622051],[115.636597,-24.21691],[115.768433,-24.001308],[115.817871,-23.810475],[115.817871,-23.760209],[115.718994,-23.719983],[115.438843,-23.669682],[115.054321,-23.422928],[114.922485,-23.397724],[114.785156,-23.352343],[114.675293,-23.317036],[114.521484,-23.875792],[114.521484,-24.026397],[114.697266,-24.056496]]]},"properties":{"NAME":"Tharrgari","SUBJECTO":"Tharrgari","PARTOF":"Tharrgari"}},
{"type":"Feature","geometry":{"type":"Polygon","coordinates":[[[124.53141311119343,-16.32516709689436],[124.623413,-16.37285],[124.81018,-16.37285],[124.804687,-16.267413],[124.892578,-16.151368],[124.925537,-15.892659],[125.727539,-15.977172],[125.820922,-15.956047],[125.820922,-15.882092],[125.771484,-15.760536],[125.612182,-15.586001],[125.414428,-15.464269],[125.359497,-15.215288],[125.09557781406181,-15.2592576216331],[124.42450240562702,-15.657898343842604],[124.53141311119343,-16.32516709689436]]]},"properties":{"NAME":"Worora","SUBJECTO":"Worora","PARTOF":"Worora"}},
{"type":"Feature","geometry":{"type":"Polygon","coordinates":[[[123.557739,-17.209017],[123.519287,-17.502628],[123.425903,-17.691128],[123.167724,-17.858518],[123.057861,-18.036198],[123.002929,-18.265869],[122.893066,-18.453557],[123.057861,-18.552532],[123.233642,-18.427501],[123.354492,-18.490028],[123.596191,-18.719097],[123.936767,-18.885497],[124.16748,-18.344097],[124.365234,-18.20848],[124.562988,-18.354525],[124.639892,-18.594188],[124.711303,-18.615013],[124.837646,-18.615013],[125.024414,-18.573361],[125.370483,-18.526491],[125.562744,-18.349311],[125.656127,-18.239785],[125.744018,-18.119749],[125.650634,-18.072756],[125.480346,-17.905568],[125.397949,-17.769612],[125.34851,-17.670193],[125.277099,-17.539296],[125.205688,-17.444991],[125.046386,-17.397821],[124.700317,-17.418787],[124.552001,-17.418787],[124.398193,-17.403062],[123.859863,-17.319176],[123.673095,-17.235251],[123.568725,-17.167034],[123.557739,-17.209017]]]},"properties":{"NAME":"Nyikina","SUBJECTO":"Nyikina","PARTOF":"Nyikina"}},
{"type":"Feature","geometry":{"type":"Polygon","coordinates":[[[123.5758390755489,-16.390787519257643],[123.55294326256062,-16.695965207856275],[123.986206,-16.815057],[123.5758390755489,-16.390787519257643]]]},"properties":{"NAME":"Unggarangi","SUBJECTO":"Unggarangi","PARTOF":"Unggarangi"}},
{"type":"Feature","geometry":{"type":"Polygon","coordinates":[[[123.49826976974188,-17.318642669258928],[123.06107000135496,-16.940077880654442],[122.931518,-16.988502],[122.838134,-17.098792],[122.805175,-17.261482],[122.799682,-17.408304],[122.810668,-17.617846],[122.838134,-17.842832],[122.920532,-18.004855],[123.09082,-18.0832],[123.217163,-17.863747],[123.546752,-17.638787],[123.579711,-17.565483],[123.568725,-17.49215],[123.530273,-17.376852],[123.49826976974188,-17.318642669258928]]]},"properties":{"NAME":"Nimanburu","SUBJECTO":"Nimanburu","PARTOF":"Nimanburu"}},
{"type":"Feature","geometry":{"type":"Polygon","coordinates":[[[134.318847,-30.883369],[134.4826460011692,-30.93510598620018],[134.49993928964065,-28.921080579348843],[133.626708,-28.545925],[133.560791,-28.430052],[133.26416,-28.314053],[132.923583,-28.343064],[132.60498,-28.401064],[132.12158,-28.401064],[131.715087,-28.246327],[131.275634,-28.042894],[130.979003,-27.771051],[130.78125,-27.5375],[130.671386,-27.459539],[130.440673,-27.644606],[130.220947,-27.84879],[129.847411,-28.256005],[129.825437,-28.632746],[129.990231,-29.468296],[130.297851,-29.745301],[130.6604,-29.945415],[131.022949,-30.116621],[131.440429,-30.249577],[131.846923,-30.372875],[133.231201,-30.496017],[134.318847,-30.883369]]]},"properties":{"NAME":"Kokatha","SUBJECTO":"Kokatha","PARTOF":"Kokatha"}},
{"type":"Feature","geometry":{"type":"Polygon","coordinates":[[[134.0439282815765,-12.061191116577326],[133.725585,-11.98905430503876],[133.849182,-12.187019],[133.895873,-12.21118],[134.038693,-12.286333],[134.0439282815765,-12.061191116577326]]]},"properties":{"NAME":"Gunbalang","SUBJECTO":"Gunbalang","PARTOF":"Gunbalang"}},
{"type":"Feature","geometry":{"type":"Polygon","coordinates":[[[118.416138,-28.372069],[118.547974,-28.294707],[118.630371,-28.197927],[118.734741,-28.101058],[118.701782,-27.941034],[118.685303,-27.897349],[118.059082,-27.196014],[117.927246,-27.15692],[117.674561,-27.186242],[117.509766,-27.44979],[116.542969,-27.994401],[116.103516,-28.314053],[115.97168,-28.478349],[115.817871,-28.565225],[115.817871,-28.608637],[116.273804,-29.267233],[116.427612,-29.214508],[116.504517,-29.166552],[116.768188,-29.046566],[117.191162,-28.839862],[117.81189,-28.468691],[118.328247,-28.396233],[118.416138,-28.372069]]]},"properties":{"NAME":"Badimaya","SUBJECTO":"Badimaya","PARTOF":"Badimaya"}},
{"type":"Feature","geometry":{"type":"Polygon","coordinates":[[[130.984497,-12.983147],[130.468139,-13.373587],[131.165771,-13.453737],[131.522827,-13.22925],[130.984497,-12.983147]]]},"properties":{"NAME":"Kungarakany","SUBJECTO":"Kungarakany","PARTOF":"Kungarakany"}},
{"type":"Feature","geometry":{"type":"Polygon","coordinates":[[[133.80249,-13.928735],[133.632202,-13.678013],[133.538817,-13.763395],[133.450927,-14.147229],[133.461914,-14.301646],[133.555297,-14.392118],[134.027706,-14.716447],[134.263916,-14.865159],[134.61825961960287,-15.141159479646175],[134.6237186068704,-14.505390344663814],[133.80249,-13.928735]]]},"properties":{"NAME":"Ngalakan","SUBJECTO":"Ngalakan","PARTOF":"Ngalakan"}},
{"type":"Feature","geometry":{"type":"Polygon","coordinates":[[[124.222412,-31.034108],[124.431152,-32.944148],[126.012736,-32.271172],[127.313676,-32.267271],[128.902587,-31.709476],[131.023591,-31.54631],[131.111196,-31.461755],[131.242674,-30.80791],[131.0260230420579,-30.767890732273298],[128.68705,-30.335841],[127.1298957693869,-30.368124450905245],[126.358514,-30.384117],[125.189406,-30.646721],[124.222412,-31.034108]]]},"properties":{"NAME":"Mirning","SUBJECTO":"Mirning","PARTOF":"Mirning"}},
{"type":"Feature","geometry":{"type":"Polygon","coordinates":[[[131.006469,-15.334518],[130.913085,-15.398079],[130.682373,-15.429853],[130.498352,-15.464269],[130.355527,-15.480151],[130.380248,-15.564836],[130.413208,-15.644196],[130.42694,-15.705018],[130.641174,-15.739388],[131.055906,-15.69973],[131.29486,-15.686509],[131.418455,-15.683865],[131.429442,-15.60452],[131.388241,-15.496032],[131.248168,-15.361004],[131.119079,-15.318624],[131.058652,-15.305379],[131.006469,-15.334518]]]},"properties":{"NAME":"Nungali","SUBJECTO":"Nungali","PARTOF":"Nungali"}},
{"type":"Feature","geometry":{"type":"Polygon","coordinates":[[[117.421875,-21.099875],[117.180176,-21.033237],[117.026367,-21.043491],[116.911011,-21.284256],[116.889038,-21.340548],[116.872559,-21.442843],[117.207642,-21.785006],[117.317505,-21.825807],[117.476807,-21.907375],[117.647095,-21.983801],[117.960205,-22.126355],[118.877563,-22.375476],[119.042358,-22.233175],[119.036865,-22.100909],[119.020386,-21.93795],[118.970947,-21.800308],[118.690796,-21.652323],[118.394165,-21.550175],[118.114014,-21.432617],[117.905273,-21.274019],[117.421875,-21.099875]]]},"properties":{"NAME":"Yindjibarndi","SUBJECTO":"Yindjibarndi","PARTOF":"Yindjibarndi"}},
{"type":"Feature","geometry":{"type":"Polygon","coordinates":[[[122.2210766509268,-18.190648002702567],[121.5458603036234,-18.771182937017212],[121.541748,-18.814017],[122.346496,-18.967337],[122.685699,-19.059521],[122.849121,-18.947855],[122.926025,-18.562947],[122.88208,-18.448346],[122.2210766509268,-18.190648002702567]]]},"properties":{"NAME":"Karajarri","SUBJECTO":"Karajarri","PARTOF":"Karajarri"}},
{"type":"Feature","geometry":{"type":"Polygon","coordinates":[[[123.4598745424912,-33.99389568918192],[123.62303451011921,-33.915073789399244],[123.95468164065512,-33.478717759591156],[123.651123,-33.137551],[122.453613,-33.017876],[121.519775,-32.778038],[121.091309,-32.778038],[120.377197,-33.008663],[120.201416,-33.082337],[118.575439,-33.284619],[119.50820637457548,-34.336398654716604],[119.77148726890827,-34.12017098788557],[121.74030593345906,-33.9634632242137],[122.17092421959187,-34.17886010531721],[123.18582007240731,-34.040007387866716],[123.4598745424912,-33.99389568918192]]]},"properties":{"NAME":"Wudjari","SUBJECTO":"Wudjari","PARTOF":"Wudjari"}},
{"type":"Feature","geometry":{"type":"Polygon","coordinates":[[[131.385498,-16.772986],[131.396481,-16.625665],[131.19873,-16.467694],[130.979003,-16.39393],[130.825195,-16.446622],[130.737304,-16.488764],[130.726317,-16.55196],[130.297851,-17.077789],[130.264892,-17.287709],[130.264892,-17.350638],[130.495605,-17.350638],[130.814208,-17.403062],[130.968017,-17.392579],[131.385498,-16.772986]]]},"properties":{"NAME":"Bilinara","SUBJECTO":"Bilinara","PARTOF":"Bilinara"}},
{"type":"Feature","geometry":{"type":"Polygon","coordinates":[[[130.365828,-13.374255],[130.308151,-13.392291],[130.302658,-13.44038],[130.321884,-13.459079],[130.353467,-13.463086],[130.411834,-13.404314],[130.390548,-13.376927],[130.365828,-13.374255]]]},"properties":{"NAME":"Tjerratj","SUBJECTO":"Tjerratj","PARTOF":"Tjerratj"}},
{"type":"Feature","geometry":{"type":"Polygon","coordinates":[[[121.333008,-21.993989],[121.14624,-22.024546],[121.080322,-22.105999],[121.124268,-22.278931],[121.124268,-23.049407],[121.003418,-23.301901],[120.953979,-23.357386],[120.970459,-23.438049],[121.953735,-24.527135],[122.261353,-24.796708],[122.838135,-25.299338],[122.909546,-25.373809],[122.980957,-25.423431],[124.266357,-24.256981],[125.255127,-24.467151],[125.606689,-24.637031],[126.156006,-24.226929],[128.012695,-24.106647],[127.825928,-23.91597],[127.43042,-23.654588],[127.045898,-23.301901],[126.5625,-22.350076],[126.309814,-22.044913],[125.991211,-21.810508],[125.386963,-21.810508],[125.211182,-21.963425],[124.090576,-22.350076],[124.07959,-21.943046],[123.607178,-21.42239],[123.409424,-21.361013],[123.167725,-21.381475],[122.541504,-22.411029],[121.333008,-21.993989]]]},"properties":{"NAME":"Mardu","SUBJECTO":"Mardu","PARTOF":"Mardu"}},
{"type":"Feature","geometry":{"type":"Polygon","coordinates":[[[119.35423834153876,-34.545847677401966],[119.4603503149292,-34.40149921309091],[119.163208,-34.102708],[118.674316,-33.523079],[118.43811,-33.165145],[117.861328,-33.394759],[117.449341,-33.651208],[117.652588,-33.811102],[117.674561,-34.048108],[118.569946,-34.225429],[118.921509,-34.288992],[119.35423834153876,-34.545847677401966]]]},"properties":{"NAME":"Goreng","SUBJECTO":"Goreng","PARTOF":"Goreng"}},
{"type":"Feature","geometry":{"type":"Polygon","coordinates":[[[133.406982,-12.849293],[133.450927,-12.892134],[133.522337,-12.913552],[133.57727,-12.993852],[133.698118,-12.795731],[133.90686,-12.420483],[133.956298,-12.350734],[134.005737,-12.254127],[133.76151667304796,-11.997196447426974],[133.44763102703234,-11.903406731778007],[133.170774,-11.853911],[133.102111,-11.861975],[133.049926,-11.907666],[133.01422,-12.076924],[133.319088,-12.806444],[133.406982,-12.849293]]]},"properties":{"NAME":"Gunwinggu","SUBJECTO":"Gunwinggu","PARTOF":"Gunwinggu"}},
{"type":"Feature","geometry":{"type":"Polygon","coordinates":[[[113.752441,-25.324167],[114.005127,-25.710837],[114.213867,-25.765267],[114.570923,-25.765267],[114.966431,-25.730633],[115.20813,-25.715786],[115.889282,-25.686088],[115.944216,-25.34899],[115.938723,-25.259601],[115.894779,-25.294371],[115.828859,-25.209911],[115.768435,-25.170145],[115.75195599056093,-25.176773068987966],[115.438843,-25.010951],[115.263062,-24.96614],[114.867554,-24.921313],[114.136963,-24.671978],[113.631592,-24.781747],[113.554688,-24.881453],[113.752441,-25.324167]]]},"properties":{"NAME":"Yinggarda","SUBJECTO":"Yinggarda","PARTOF":"Yinggarda"}},
{"type":"Feature","geometry":{"type":"Polygon","coordinates":[[[134.165039,-26.254009],[134.52033658017123,-26.545554291947926],[134.55061643969213,-23.019076],[134.318847,-23.019076],[133.835449,-22.958393],[133.220214,-22.917922],[132.62695,-22.776181],[132.539062,-22.796439],[132.275387,-23.039297],[132.033691,-23.180763],[132.033691,-23.66465],[132.868652,-24.547123],[133.242187,-25.443274],[133.769531,-26.017297],[134.165039,-26.254009]]]},"properties":{"NAME":"Arrernte","SUBJECTO":"Arrernte","PARTOF":"Arrernte"}},
{"type":"Feature","geometry":{"type":"Polygon","coordinates":[[[132.429199,-12.747516],[132.451169,-12.600134],[132.4256020808771,-12.321980001864373],[132.17560044928825,-12.34397461494244],[132.195739,-12.511665],[132.192993,-12.766267],[132.297362,-12.785017],[132.429199,-12.747516]]]},"properties":{"NAME":"Konbudj","SUBJECTO":"Konbudj","PARTOF":"Konbudj"}},
{"type":"Feature","geometry":{"type":"Polygon","coordinates":[[[123.947753,-24.347096],[122.937011,-25.165173],[122.76123,-25.621715],[122.783203,-26.155437],[122.893066,-26.49024],[123.156738,-26.784847],[123.728027,-27.15692],[124.16748,-27.352252],[124.365234,-27.469287],[124.486083,-27.15692],[124.530029,-26.853479],[124.881591,-26.135713],[125.485839,-25.908644],[126.375732,-26.441065],[126.837158,-26.578702],[127.30957,-26.588527],[127.430419,-26.578702],[127.078857,-26.391869],[126.870117,-26.234302],[126.364746,-25.958044],[125.90332,-25.65143],[125.584716,-24.96614],[125.584716,-24.746831],[125.507812,-24.59708],[125.24414,-24.417142],[124.255371,-24.196868],[123.947753,-24.347096]]]},"properties":{"NAME":"Ngaanyatjarra","SUBJECTO":"Ngaanyatjarra","PARTOF":"Ngaanyatjarra"}},
{"type":"Feature","geometry":{"type":"Polygon","coordinates":[[[124.8463468880489,-16.53004113559065],[125.617675,-17.119792],[125.771484,-17.004261],[125.859375,-16.930705],[125.936279,-16.836089],[126.529541,-16.899171],[127.078857,-16.003575],[127.298583,-16.003575],[127.51831,-16.003575],[127.738037,-15.982453],[128.023681,-15.823966],[128.111572,-15.654775],[128.122558,-15.517205],[128.023681,-15.42191],[127.825927,-15.559544],[127.716064,-15.464269],[127.716064,-15.294782],[127.617187,-15.199386],[127.441406,-15.17818],[127.375488,-14.700508],[127.276611,-14.445319],[126.990966,-14.381476],[126.694335,-14.381476],[126.046142,-14.636738],[125.947265,-14.870469],[125.90332,-15.305379],[125.848388,-15.506619],[125.727539,-15.771109],[125.562744,-15.845104],[125.002441,-15.792253],[124.815673,-15.940202],[124.782714,-16.235772],[124.804687,-16.499299],[124.8463468880489,-16.53004113559065]]]},"properties":{"NAME":"Ngarinyin","SUBJECTO":"Ngarinyin","PARTOF":"Ngarinyin"}},
{"type":"Feature","geometry":{"type":"Polygon","coordinates":[[[127.408447,-16.077485],[127.320556,-16.667767],[127.496337,-17.203769],[127.342529,-17.329664],[126.452636,-17.685895],[126.221923,-17.727758],[126.057128,-17.926475],[125.936279,-18.062312],[126.485595,-18.135411],[126.738281,-18.479609],[126.892089,-18.479609],[127.029418,-18.469188],[127.545776,-18.260653],[128.056637,-17.936928],[128.232419,-17.717293],[128.298339,-17.549771],[128.430174,-17.560246],[128.781737,-17.664959],[128.880615,-17.780074],[128.979492,-17.811456],[129.056396,-17.85329],[129.023437,-17.623081],[128.891601,-17.172282],[128.80371,-16.69934],[128.902587,-16.646718],[129.111325,-16.625665],[129.265136,-16.625665],[129.342041,-16.457158],[129.287106,-16.341225],[129.221191,-16.267413],[129.012451,-16.140815],[128.078612,-15.876809],[127.803955,-15.866241],[127.551269,-15.971891],[127.408447,-16.077485]]]},"properties":{"NAME":"Kija","SUBJECTO":"Kija","PARTOF":"Kija"}},
{"type":"Feature","geometry":{"type":"Polygon","coordinates":[[[131.341552,-13.632641],[131.31134,-13.715371],[131.154785,-13.766063],[130.907592,-13.779401],[130.855407,-13.808742],[130.863644,-13.904741],[130.877378,-14.01669],[130.907592,-14.181849],[130.792236,-14.397438],[130.545043,-14.482552],[130.385742,-14.487871],[130.3363,-14.514462],[130.3363,-14.57295],[130.347287,-14.668625],[130.352781,-14.748323],[130.424194,-14.758947],[130.627441,-14.753635],[130.847167,-14.764259],[130.957031,-14.796127],[131.011962,-14.838611],[131.176757,-14.806749],[131.308593,-14.790816],[131.671142,-14.652682],[131.973266,-14.647368],[132.000732,-14.541049],[131.923825,-14.450638],[131.978759,-14.370833],[131.997985,-13.976715],[131.341552,-13.632641]]]},"properties":{"NAME":"Wagiman","SUBJECTO":"Wagiman","PARTOF":"Wagiman"}},
{"type":"Feature","geometry":{"type":"Polygon","coordinates":[[[132.335815,-12.977794],[132.374267,-13.015262],[132.412719,-13.04202],[132.670898,-13.036669],[132.72583,-12.908198],[132.72583,-12.82787],[132.70935,-12.795731],[132.412719,-12.801088],[132.335815,-12.977794]]]},"properties":{"NAME":"Ngombur","SUBJECTO":"Ngombur","PARTOF":"Ngombur"}},
{"type":"Feature","geometry":{"type":"Polygon","coordinates":[[[134.055174,-23.241346],[134.54870793386323,-23.241346],[134.5599080372592,-21.936950202978675],[134.406738,-22.126354],[133.989257,-22.370396],[133.945312,-22.836945],[134.055174,-23.241346]]]},"properties":{"NAME":"Alyawarre","SUBJECTO":"Alyawarre","PARTOF":"Alyawarre"}},
{"type":"Feature","geometry":{"type":"Polygon","coordinates":[[[132.62626174400592,-11.74993745211897],[132.7760114998653,-11.577992833893873],[132.38376906822467,-11.299159444611647],[132.30280593345904,-11.502738393586256],[132.62626174400592,-11.74993745211897]]]},"properties":{"NAME":"Iwaidja","SUBJECTO":"Iwaidja","PARTOF":"Iwaidja"}},
{"type":"Feature","geometry":{"type":"Polygon","coordinates":[[[132.291868,-13.074127],[132.659911,-13.197164],[132.846679,-13.025965],[132.830199,-12.817157],[132.764282,-12.801088],[132.714843,-12.811801],[132.714843,-12.908198],[132.665405,-13.015262],[132.407226,-12.993852],[132.346801,-12.961735],[132.324829,-13.052723],[132.291868,-13.074127]]]},"properties":{"NAME":"Mbukarla","SUBJECTO":"Mbukarla","PARTOF":"Mbukarla"}},
{"type":"Feature","geometry":{"type":"Polygon","coordinates":[[[115.708008,-23.981234],[115.356445,-24.931276],[115.389404,-25.050769],[115.74646,-25.214881],[115.977173,-25.180088],[116.295776,-24.696934],[116.40564,-24.487149],[116.488037,-24.292034],[116.553955,-24.076559],[116.444092,-23.895883],[115.86731,-23.825551],[115.757446,-23.895883],[115.708008,-23.981234]]]},"properties":{"NAME":"Warriyangga","SUBJECTO":"Warriyangga","PARTOF":"Warriyangga"}},
{"type":"Feature","geometry":{"type":"Polygon","coordinates":[[[132.62845900963092,-12.27117005709944],[132.39997512816058,-12.328398831430698],[132.407226,-12.720726],[132.478636,-12.785017],[132.632443,-12.785017],[132.70935,-12.742158],[132.670898,-12.576009],[132.731323,-12.221917],[132.62845900963092,-12.27117005709944]]]},"properties":{"NAME":"Gagudju","SUBJECTO":"Gagudju","PARTOF":"Gagudju"}},
{"type":"Feature","geometry":{"type":"Polygon","coordinates":[[[122.733764,-16.715124],[122.774963,-16.757207],[122.9489522578904,-16.761652285172087],[122.86900618980671,-16.659296430390455],[122.76115597254295,-16.596558547830824],[122.733764,-16.715124]]]},"properties":{"NAME":"Bardi","SUBJECTO":"Bardi","PARTOF":"Bardi"}},
{"type":"Feature","geometry":{"type":"Polygon","coordinates":[[[133.39728835533404,-11.881771482270338],[133.1360520009237,-11.702279540349119],[133.082885,-11.856599],[133.14331,-11.894228],[133.313598,-11.921103],[133.52783,-11.942601],[133.5370351408212,-11.941829013384854],[133.39728835533404,-11.881771482270338]]]},"properties":{"NAME":"Maung","SUBJECTO":"Maung","PARTOF":"Maung"}},
{"type":"Feature","geometry":{"type":"Polygon","coordinates":[[[118.73431685875202,-20.31724587802229],[118.62086830830286,-20.374895005560315],[118.806152,-20.617361],[118.800659,-20.987086],[118.635864,-21.539957],[118.652344,-21.708473],[118.894043,-21.836006],[118.959961,-21.983801],[119.124756,-22.044913],[120.404663,-22.08564],[120.953979,-22.161971],[121.069336,-22.233175],[121.201172,-22.100909],[121.234131,-21.948141],[121.228638,-21.601258],[120.882568,-20.817741],[120.036621,-20.143628],[119.926758,-20.112682],[119.827881,-20.262197],[119.63562,-20.390974],[118.82782078370052,-20.139765718027444],[118.73431685875202,-20.31724587802229]]]},"properties":{"NAME":"Nyamal","SUBJECTO":"Nyamal","PARTOF":"Nyamal"}},
{"type":"Feature","geometry":{"type":"Polygon","coordinates":[[[129.76328566978717,-14.019071973603346],[129.580993,-14.18154908208294],[129.67987,-14.41074],[129.786987,-14.458617],[129.979248,-14.450638],[130.020446,-14.4134],[129.976501,-14.381476],[129.927062,-14.360191],[129.899597,-14.368173],[129.872131,-14.325598],[129.858398,-14.197825],[129.872131,-14.125921],[129.927062,-14.030014],[129.877624,-13.968719],[129.76370682564027,-13.99027881679386],[129.76328566978717,-14.019071973603346]]]},"properties":{"NAME":"Marringarr","SUBJECTO":"Marringarr","PARTOF":"Marringarr"}},
{"type":"Feature","geometry":{"type":"Polygon","coordinates":[[[115.136719,-34.397845],[115.647583,-34.597042],[116.004639,-34.935482],[116.427612,-35.047987],[116.559448,-34.83635],[116.18042,-34.166363],[116.202393,-33.934245],[116.054077,-33.801974],[115.960693,-33.674069],[115.845337,-33.669497],[115.724487,-33.888658],[115.372925,-34.084512],[115.136719,-34.397845]]]},"properties":{"NAME":"Bibbulman","SUBJECTO":"Bibbulman","PARTOF":"Bibbulman"}},
{"type":"Feature","geometry":{"type":"Polygon","coordinates":[[[126.10146621177937,-14.204934514802076],[125.92229086773894,-14.573397881102267],[125.958251,-14.695194],[126.079101,-14.673939],[126.315307,-14.647368],[126.688842,-14.482552],[126.765747,-14.349547],[126.63984624272746,-14.154593288931656],[126.10146621177937,-14.204934514802076]]]},"properties":{"NAME":"Gamberre","SUBJECTO":"Gamberre","PARTOF":"Gamberre"}},
{"type":"Feature","geometry":{"type":"Polygon","coordinates":[[[126.408691,-24.196868],[126.002197,-24.226928],[125.683593,-24.45715],[125.507812,-24.617057],[125.518798,-25.045792],[125.837402,-25.681137],[126.683349,-26.244156],[127.045898,-26.421389],[127.364501,-26.539394],[127.683105,-26.480407],[128.210449,-25.997549],[128.572998,-25.997549],[128.92456,-26.007424],[129.067382,-25.849336],[129.034423,-24.796708],[128.880615,-24.417142],[128.671875,-24.106647],[128.122558,-23.986252],[127.441406,-23.986252],[126.408691,-24.196868]]]},"properties":{"NAME":"Ngatatjara","SUBJECTO":"Ngatatjara","PARTOF":"Ngatatjara"}},
{"type":"Feature","geometry":{"type":"Polygon","coordinates":[[[119.805908,-23.372513],[119.61914,-23.402764],[119.61914,-23.513626],[119.696044,-23.66465],[119.805908,-23.936054],[119.882812,-24.427145],[119.82788,-24.706915],[119.718017,-24.926294],[119.575195,-25.125392],[119.322509,-25.334096],[119.091796,-25.443274],[118.894042,-25.681137],[118.905029,-25.809781],[119.234619,-25.809781],[119.641113,-25.997549],[120.60791,-26.313112],[120.794677,-26.421389],[121.02539,-26.49024],[121.937255,-26.096254],[122.497558,-26.007424],[122.794189,-26.007424],[122.947998,-26.02717],[122.96997,-25.532528],[122.937011,-25.314235],[122.794189,-25.115445],[122.299804,-24.59708],[121.794433,-24.277012],[121.190185,-23.503551],[120.981445,-23.281719],[119.805908,-23.372513]]]},"properties":{"NAME":"Wawula","SUBJECTO":"Wawula","PARTOF":"Wawula"}},
{"type":"Feature","geometry":{"type":"Polygon","coordinates":[[[121.53953518971163,-18.785386872309346],[120.87214950035359,-19.676941312592604],[119.92573743372974,-20.080798693380007],[120.025635,-20.282809],[120.223389,-20.519644],[120.904541,-20.981957],[121.135254,-21.953236],[121.420898,-22.258597],[122.563477,-22.512557],[122.893066,-21.841105],[123.261108,-21.38659],[123.563232,-21.053744],[123.706055,-20.899871],[123.837891,-20.74584],[123.837891,-20.416717],[123.804932,-20.03529],[123.145752,-19.134789],[122.486572,-18.958246],[121.838379,-18.843913],[121.53953518971163,-18.785386872309346]]]},"properties":{"NAME":"Nyangumarda","SUBJECTO":"Nyangumarda","PARTOF":"Nyangumarda"}},
{"type":"Feature","geometry":{"type":"Polygon","coordinates":[[[134.450683,-17.214264],[134.60115687608032,-17.132993481498534],[134.61920063518474,-15.031566136929998],[134.296875,-14.796127],[134.143066,-14.72176],[133.934326,-14.774882],[133.901367,-14.838611],[133.758544,-15.019074],[133.626708,-15.114552],[133.483886,-16.214673],[133.659667,-16.383391],[133.868406,-16.562491],[134.307861,-16.972741],[134.450683,-17.214264]]]},"properties":{"NAME":"Alawa","SUBJECTO":"Alawa","PARTOF":"Alawa"}},
{"type":"Feature","geometry":{"type":"Polygon","coordinates":[[[132.330322,-16.109153],[132.528076,-16.37285],[132.692871,-16.520365],[133.198242,-16.573022],[133.428955,-16.39393],[133.604736,-15.950766],[133.692624,-15.411319],[133.692624,-15.146369],[133.703612,-14.944784],[133.395996,-14.912938],[133.198242,-14.870469],[133.099365,-14.955399],[132.462156,-14.976626],[132.319335,-15.961329],[132.330322,-16.109153]]]},"properties":{"NAME":"Yangman","SUBJECTO":"Yangman","PARTOF":"Yangman"}},
{"type":"Feature","geometry":{"type":"Polygon","coordinates":[[[131.3557551540784,-31.670673635403393],[131.99254897545123,-32.06590691928206],[133.83703139732623,-32.34197274569807],[134.46717004575353,-32.737479632713566],[134.48355791232333,-30.82890222765804],[132.48413,-30.259067],[131.451416,-30.183121],[131.286621,-30.278044],[131.044919,-30.637912],[131.242674,-30.80791],[131.111196,-31.461755],[131.3557551540784,-31.670673635403393]]]},"properties":{"NAME":"Wirangu","SUBJECTO":"Wirangu","PARTOF":"Wirangu"}},
{"type":"Feature","geometry":{"type":"Polygon","coordinates":[[[127.39746383140827,-14.100444234650709],[127.243652,-14.27503],[127.243652,-14.445319],[127.30957,-14.689881],[127.30957,-15.188783],[127.452392,-15.273587],[127.584228,-15.231189],[127.661132,-15.231189],[127.858886,-15.019074],[127.98921837782848,-14.857120712864495],[127.96256545494343,-14.703128255646803],[127.39746383140827,-14.100444234650709]]]},"properties":{"NAME":"Kwini","SUBJECTO":"Kwini","PARTOF":"Kwini"}},
{"type":"Feature","geometry":{"type":"Polygon","coordinates":[[[131.204223,-12.918906],[131.121826,-12.262179],[130.83957961509967,-12.707269109528639],[131.097106,-12.964412],[131.204223,-12.918906]]]},"properties":{"NAME":"Larrakia","SUBJECTO":"Larrakia","PARTOF":"Larrakia"}},
{"type":"Feature","geometry":{"type":"Polygon","coordinates":[[[114.54446253814115,-28.780403527700706],[114.90033793636684,-30.128931043649732],[114.949951,-30.306503],[115.015869,-30.368136],[115.213623,-30.306503],[116.152954,-30.221102],[116.504517,-30.107118],[116.625366,-30.040566],[116.669312,-29.950175],[116.383667,-29.382175],[116.295776,-29.224096],[115.977173,-28.685769],[115.845337,-28.531449],[115.72998,-28.41556],[115.493774,-28.444544],[115.230103,-28.57005],[114.702759,-28.719496],[114.592896,-28.719496],[114.54446253814115,-28.780403527700706]]]},"properties":{"NAME":"Amangu","SUBJECTO":"Amangu","PARTOF":"Amangu"}},
{"type":"Feature","geometry":{"type":"Polygon","coordinates":[[[134.39248458529536,-12.118851103969314],[134.22768012274028,-12.095574742365256],[134.170532,-12.11855],[134.144439,-12.17628],[134.12384,-12.242049],[134.116973,-12.289017],[134.181518,-12.307802],[134.274902,-12.325244],[134.401245,-12.22997],[134.402618,-12.150773],[134.39248458529536,-12.118851103969314]]]},"properties":{"NAME":"Gungurugoni","SUBJECTO":"Gungurugoni","PARTOF":"Gungurugoni"}},
{"type":"Feature","geometry":{"type":"Polygon","coordinates":[[[122.754834,-33.391263],[123.065057,-33.354284],[123.607937,-33.382046],[123.92223911475043,-33.52140316373697],[124.0010249885267,-33.42324409598371],[124.235165,-33.011682],[124.431152,-32.944148],[124.222412,-31.034108],[123.383313,-30.991704],[123.185113,-31.462272],[123.108011,-31.752857],[122.997872,-32.098498],[122.920766,-32.368504],[122.931749,-32.489288],[122.909677,-32.758142],[122.832563,-33.035414],[122.754834,-33.391263]]]},"properties":{"NAME":"Ngatjumay","SUBJECTO":"Ngatjumay","PARTOF":"Ngatjumay"}},
{"type":"Feature","geometry":{"type":"Polygon","coordinates":[[[130.413208,-15.707662],[130.429687,-15.956047],[130.561523,-16.024695],[130.78125,-16.072206],[130.902099,-16.088042],[131.429442,-15.987734],[131.429442,-15.80811],[131.429442,-15.660064],[131.154785,-15.654775],[130.924072,-15.654775],[130.621948,-15.697086],[130.446166,-15.691798],[130.413208,-15.707662]]]},"properties":{"NAME":"Ngaliwuru","SUBJECTO":"Ngaliwuru","PARTOF":"Ngaliwuru"}},
{"type":"Feature","geometry":{"type":"Polygon","coordinates":[[[114.63852375477242,-21.982180094426035],[114.30904677818562,-22.56448403720198],[113.61658526068165,-22.66143313010249],[113.719482,-22.816694],[115.263062,-22.426263],[114.922485,-22.416107],[114.63852375477242,-21.982180094426035]]]},"properties":{"NAME":"Thalanyji","SUBJECTO":"Thalanyji","PARTOF":"Thalanyji"}},
{"type":"Feature","geometry":{"type":"Polygon","coordinates":[[[131.660156,-12.937645],[131.643676,-12.843937],[131.679382,-12.54652],[131.67614565150208,-12.384753418469268],[131.1829481453731,-12.23614922885237],[131.209713,-12.916229],[131.660156,-12.937645]]]},"properties":{"NAME":"Woolna","SUBJECTO":"Woolna","PARTOF":"Woolna"}},
{"type":"Feature","geometry":{"type":"Polygon","coordinates":[[[134.318847,-13.427023],[134.63456165497215,-13.242578219562017],[134.6414908049509,-12.435589766896205],[134.274902,-12.661777],[133.961791,-12.983147],[133.945312,-13.100879],[134.318847,-13.427023]]]},"properties":{"NAME":"Rembarnga","SUBJECTO":"Rembarnga","PARTOF":"Rembarnga"}},
{"type":"Feature","geometry":{"type":"Polygon","coordinates":[[[129.7288465828731,-14.6739009988719],[129.81681296621628,-14.781105475590975],[130.155029,-14.785505],[130.319824,-14.801438],[130.388488,-14.753635],[130.399475,-14.711134],[130.372008,-14.525097],[130.220947,-14.453298],[130.080871,-14.439999],[129.924316,-14.42936],[129.808956,-14.445319],[129.649656,-14.336242],[129.59618711255644,-14.168006598575703],[129.42655471275592,-14.305860914033033],[129.4588270516231,-14.496494687836744],[129.7288465828731,-14.6739009988719]]]},"properties":{"NAME":"Murrinh-patha","SUBJECTO":"Murrinh-patha","PARTOF":"Murrinh-patha"}},
{"type":"Feature","geometry":{"type":"Polygon","coordinates":[[[128.80371,-24.437147],[128.880615,-24.996015],[128.891601,-25.710836],[128.847656,-25.948166],[128.891601,-26.313112],[128.891601,-26.617996],[129.331054,-27.244862],[129.715576,-27.498526],[130.506588,-27.527758],[130.748291,-27.44979],[131.000976,-26.843677],[130.836181,-26.10612],[131.044919,-25.572175],[131.121826,-25.324166],[130.891112,-24.836595],[130.495605,-24.746831],[129.935302,-24.547123],[129.451904,-24.47715],[128.847656,-24.427145],[128.80371,-24.437147]]]},"properties":{"NAME":"Pitjantjatjara","SUBJECTO":"Pitjantjatjara","PARTOF":"Pitjantjatjara"}},
{"type":"Feature","geometry":{"type":"Polygon","coordinates":[[[117.978106,-35.097691],[118.002318,-35.105406],[118.001112,-35.089726],[117.978106,-35.097691]]]},"properties":{"NAME":"Minang","SUBJECTO":"Minang","PARTOF":"Minang"}},
{"type":"Feature","geometry":{"type":"Polygon","coordinates":[[[115.054321,-34.375179],[115.367432,-34.070862],[115.40850356529499,-33.7665638101512],[114.96134475181843,-33.86925546054182],[115.02212043606617,-34.26212201034299],[115.054321,-34.375179]]]},"properties":{"NAME":"Wardandi","SUBJECTO":"Wardandi","PARTOF":"Wardandi"}},
{"type":"Feature","geometry":{"type":"Polygon","coordinates":[[[132.75112441490435,-12.169199384492018],[132.879638,-12.168225],[132.929077,-12.093038],[132.7760114998653,-11.577992833893873],[132.62626174400592,-11.74993745211897],[132.75112441490435,-12.169199384492018]]]},"properties":{"NAME":"Amarak","SUBJECTO":"Amarak","PARTOF":"Amarak"}},
{"type":"Feature","geometry":{"type":"Polygon","coordinates":[[[123.5758390755489,-16.390787519257643],[123.914794,-16.567757],[123.969726,-16.641455],[123.964233,-16.741427],[124.008178,-16.867633],[124.447631,-16.888659],[124.49707,-16.772986],[124.43489009760718,-16.515502089222213],[124.27727034996296,-16.5227836740428],[123.97947219322468,-16.408991254609205],[123.5758390755489,-16.390787519257643]]]},"properties":{"NAME":"Umida","SUBJECTO":"Umida","PARTOF":"Umida"}},
{"type":"Feature","geometry":{"type":"Polygon","coordinates":[[[132.75112441490435,-12.169199384492018],[132.923583,-12.683214],[132.868652,-12.238023],[132.75112441490435,-12.169199384492018]]]},"properties":{"NAME":"Kundjey’mi","SUBJECTO":"Kundjey’mi","PARTOF":"Kundjey’mi"}},
{"type":"Feature","geometry":{"type":"Polygon","coordinates":[[[118.981934,-22.060187],[118.910522,-22.278931],[118.954468,-22.395793],[119.355469,-22.705255],[119.613647,-23.382598],[119.723511,-23.448129],[120.580444,-23.488439],[120.877075,-23.417888],[121.022644,-23.36495],[121.080322,-23.311991],[121.124268,-23.228727],[121.261597,-22.740723],[121.223145,-22.182318],[121.074829,-21.999082],[120.662842,-21.88189],[119.992676,-22.019453],[119.080811,-21.963425],[118.981934,-22.060187]]]},"properties":{"NAME":"Palyku","SUBJECTO":"Palyku","PARTOF":"Palyku"}},
{"type":"Feature","geometry":{"type":"Polygon","coordinates":[[[117.674563,-24.031414],[117.581179,-24.031414],[117.421877,-24.006326],[117.361452,-23.971195],[116.987917,-24.061512],[116.834108,-24.482149],[116.504523,-24.512141],[116.290285,-24.647017],[116.136477,-24.761797],[116.059572,-24.96614],[115.894777,-25.105497],[115.81238,-25.294371],[115.823366,-25.552354],[114.730225,-25.710837],[114.719238,-25.874052],[114.768677,-26.081454],[114.741211,-26.386949],[114.642334,-26.465656],[114.702759,-26.617997],[114.867554,-27.161808],[114.906006,-27.950739],[115.202637,-28.47352],[115.394897,-28.57005],[115.72998,-28.512143],[115.856323,-28.594169],[116.235352,-28.299544],[116.757202,-27.950739],[117.57019,-27.464414],[117.745972,-27.249746],[117.976685,-27.205786],[118.22937,-27.039557],[118.883057,-25.992612],[118.916016,-25.79],[118.954468,-25.646478],[119.009399,-25.547398],[119.174194,-25.378772],[119.338989,-25.334097],[119.646606,-25.175117],[119.696045,-25.120419],[119.772949,-24.97112],[119.481812,-24.786735],[119.300537,-24.686952],[119.075317,-24.537129],[118.877563,-24.457151],[118.613892,-24.397133],[118.443604,-24.367114],[117.674563,-24.031414]]]},"properties":{"NAME":"Watjarri","SUBJECTO":"Watjarri","PARTOF":"Watjarri"}},
{"type":"Feature","geometry":{"type":"Polygon","coordinates":[[[127.738037,-19.456233],[127.716064,-19.808054],[127.738037,-20.601936],[127.880859,-20.735565],[128.133544,-20.910134],[130.111083,-21.268899],[130.380248,-21.079374],[130.572509,-20.519644],[129.759521,-19.828725],[129.396972,-19.704657],[128.880615,-19.394067],[128.737792,-19.238549],[127.957763,-19.311143],[127.738037,-19.456233]]]},"properties":{"NAME":"Ngarti","SUBJECTO":"Ngarti","PARTOF":"Ngarti"}},
{"type":"Feature","geometry":{"type":"Polygon","coordinates":[[[123.59582672496592,-17.157417072529682],[123.684082,-17.277218],[123.777465,-17.345395],[124.282836,-17.43451],[124.425659,-17.439751],[124.486083,-17.439751],[124.508056,-17.282463],[124.502563,-17.041029],[124.469604,-16.841347],[124.343261,-16.830832],[124.194946,-16.830832],[124.052124,-16.815057],[123.95874,-16.815057],[123.59582672496592,-17.157417072529682]]]},"properties":{"NAME":"Warwa","SUBJECTO":"Warwa","PARTOF":"Warwa"}},
{"type":"Feature","geometry":{"type":"Polygon","coordinates":[[[133.747558,-13.015262],[133.961791,-13.025965],[134.307861,-12.688573],[134.64112806830482,-12.477835105160603],[134.64427993809687,-12.110759412717172],[134.555053,-12.10378],[134.368286,-12.168225],[134.357299,-12.254127],[134.187011,-12.259495],[134.071655,-12.259495],[133.983764,-12.270231],[133.599243,-12.902843],[133.747558,-13.015262]]]},"properties":{"NAME":"Dangbon","SUBJECTO":"Dangbon","PARTOF":"Dangbon"}},
{"type":"Feature","geometry":{"type":"Polygon","coordinates":[[[132.209472,-14.774882],[131.984252,-14.557],[131.506347,-14.604847],[131.028442,-14.774882],[130.962524,-14.849231],[131.033935,-15.268287],[131.110839,-15.379543],[131.270141,-15.437795],[131.336059,-15.54896],[131.396481,-15.68122],[131.401975,-15.80811],[131.522827,-15.82925],[131.940305,-15.776395],[132.055664,-15.850389],[132.176513,-15.982453],[132.302855,-15.982453],[132.209472,-14.774882]]]},"properties":{"NAME":"Wardaman","SUBJECTO":"Wardaman","PARTOF":"Wardaman"}},
{"type":"Feature","geometry":{"type":"Polygon","coordinates":[[[116.628113,-32.14306],[116.548462,-32.147711],[116.268311,-32.291776],[116.098022,-32.430977],[116.07605,-32.639375],[115.988159,-32.953367],[115.985413,-32.992539],[116.17218,-33.017876],[116.630859,-33.229498],[117.158203,-33.438318],[117.419128,-33.644349],[117.528992,-33.55284],[117.960205,-33.316758],[117.957458,-32.98102],[117.79541,-32.773418],[117.512512,-32.375321],[116.628113,-32.14306]]]},"properties":{"NAME":"Wiilman","SUBJECTO":"Wiilman","PARTOF":"Wiilman"}},
{"type":"Feature","geometry":{"type":"Polygon","coordinates":[[[131.59973,-13.20786],[132.072143,-13.752724],[132.182006,-13.699361],[132.330322,-13.720708],[132.720336,-13.629971],[132.879638,-13.619294],[132.720336,-13.389619],[132.522583,-13.320139],[132.214965,-13.22925],[131.918331,-13.100879],[131.59973,-13.20786]]]},"properties":{"NAME":"Warray","SUBJECTO":"Warray","PARTOF":"Warray"}},
{"type":"Feature","geometry":{"type":"Polygon","coordinates":[[[126.804199,-19.197053],[126.364746,-20.282808],[126.243896,-20.632784],[126.156005,-20.961439],[125.518798,-21.810508],[125.749511,-21.841104],[126.002197,-21.871694],[126.156005,-21.932854],[126.419677,-21.790107],[126.881103,-21.48374],[127.463378,-20.951179],[127.705078,-20.684183],[127.781982,-20.499064],[127.781982,-19.435514],[127.770996,-19.35261],[126.925048,-19.114029],[126.804199,-19.197053]]]},"properties":{"NAME":"Kukatja","SUBJECTO":"Kukatja","PARTOF":"Kukatja"}},
{"type":"Feature","geometry":{"type":"Polygon","coordinates":[[[116.8396,-22.781246],[116.652832,-22.922982],[116.564941,-23.084785],[116.762695,-23.216107],[117.075806,-23.337212],[117.559204,-23.488439],[117.713013,-23.533773],[117.850342,-23.468285],[117.828369,-23.367471],[117.454834,-22.907803],[117.240601,-22.771117],[117.059326,-22.700188],[116.916504,-22.745789],[116.8396,-22.781246]]]},"properties":{"NAME":"Jurruru","SUBJECTO":"Jurruru","PARTOF":"Jurruru"}},
{"type":"Feature","geometry":{"type":"Polygon","coordinates":[[[114.752197,-22.82682],[114.686279,-23.256487],[114.763184,-23.372514],[115.180664,-23.538809],[115.389404,-23.659619],[115.702515,-23.780318],[115.883789,-23.780318],[115.784912,-23.327124],[115.784912,-23.160563],[115.779419,-23.089838],[115.779419,-22.943218],[115.768433,-22.872379],[115.62561,-22.806567],[114.873047,-22.811631],[114.77417,-22.831883],[114.752197,-22.82682]]]},"properties":{"NAME":"Purduna","SUBJECTO":"Purduna","PARTOF":"Purduna"}},
{"type":"Feature","geometry":{"type":"Polygon","coordinates":[[[127.617187,-20.653346],[127.023925,-21.043491],[126.628417,-21.616579],[126.210937,-21.881889],[126.166992,-22.146707],[127.067871,-23.503551],[127.441406,-23.765236],[127.683105,-23.905926],[127.880859,-24.026396],[128.144531,-24.126701],[128.496093,-24.266997],[128.957518,-24.427145],[129.331054,-24.487148],[130.495605,-24.866502],[130.671386,-24.706915],[130.913085,-24.387127],[131.187744,-23.463246],[131.264648,-23.150462],[131.308593,-22.887562],[131.31958,-22.75592],[130.858154,-22.624152],[130.869137,-21.637005],[130.440673,-21.135745],[130.089111,-21.09475],[129.79248,-20.961439],[129.144286,-21.063997],[128.71582,-20.910134],[128.419187,-20.889607],[127.617187,-20.653346]]]},"properties":{"NAME":"Pintupi","SUBJECTO":"Pintupi","PARTOF":"Pintupi"}},
{"type":"Feature","geometry":{"type":"Polygon","coordinates":[[[127.39746383140827,-14.100444234650709],[126.8534269661739,-13.783772863190748],[126.7646589608028,-14.00008622531233],[126.66506484459187,-14.102008260529615],[126.61661300205883,-14.203038505165264],[126.688842,-14.349547],[126.85913,-14.439999],[127.139282,-14.471915],[127.29309,-14.482552],[127.39746383140827,-14.100444234650709]]]},"properties":{"NAME":"Miwa","SUBJECTO":"Miwa","PARTOF":"Miwa"}},
{"type":"Feature","geometry":{"type":"Polygon","coordinates":[[[118.795166,-23.538809],[119.141235,-23.548881],[119.470825,-23.538809],[119.619141,-23.528737],[119.657593,-23.528737],[119.668579,-23.347299],[119.53125,-22.897683],[119.32251,-22.573438],[119.163208,-22.446572],[118.910522,-22.329752],[118.201904,-22.08055],[117.894287,-22.039822],[117.767944,-22.121266],[117.597656,-22.446572],[117.542725,-22.60894],[117.487793,-22.684984],[117.427368,-22.816694],[117.493286,-22.912863],[118.201904,-23.342256],[118.416138,-23.458207],[118.575439,-23.533773],[118.795166,-23.538809]]]},"properties":{"NAME":"Banjima","SUBJECTO":"Banjima","PARTOF":"Banjima"}},
{"type":"Feature","geometry":{"type":"Polygon","coordinates":[[[130.20598891685748,-13.484157003205397],[130.1760697165649,-13.511062348154326],[130.200347,-13.601943],[130.229187,-13.63531],[130.247039,-13.636644],[130.288238,-13.632641],[130.352781,-13.467092],[130.319824,-13.435038],[130.290985,-13.425687],[130.20598891685748,-13.484157003205397]]]},"properties":{"NAME":"Kuwema","SUBJECTO":"Kuwema","PARTOF":"Kuwema"}},
{"type":"Feature","geometry":{"type":"Polygon","coordinates":[[[130.957031,-17.476432],[130.935058,-17.37161],[130.726317,-17.382094],[130.286865,-17.287709],[130.286865,-17.182779],[130.144042,-17.067287],[129.25415,-16.794023],[129.25415,-16.604609],[129.111325,-16.562491],[128.759762,-16.688816],[128.869628,-17.518344],[128.979492,-17.790535],[129.100338,-18.010079],[129.177246,-18.250219],[129.265136,-18.406654],[130.286865,-18.333669],[130.825195,-18.229351],[131.044919,-18.156291],[131.374511,-18.062312],[131.61621,-18.010079],[131.286621,-17.895114],[131.088867,-17.895114],[130.979003,-17.874203],[130.957031,-17.476432]]]},"properties":{"NAME":"Gurindji","SUBJECTO":"Gurindji","PARTOF":"Gurindji"}},
{"type":"Feature","geometry":{"type":"Polygon","coordinates":[[[132.967529,-21.892084],[132.308349,-21.871694],[131.923825,-21.983801],[131.726074,-22.309425],[131.846923,-22.684984],[132.022705,-22.897683],[132.143554,-23.059516],[132.517089,-23.008964],[133.066406,-22.917922],[133.439941,-22.897683],[133.978271,-22.887562],[134.01123,-22.654571],[134.154052,-22.350075],[133.989257,-22.22809],[132.967529,-21.892084]]]},"properties":{"NAME":"Anmatyerre","SUBJECTO":"Anmatyerre","PARTOF":"Anmatyerre"}},
{"type":"Feature","geometry":{"type":"Polygon","coordinates":[[[129.76626113365435,-13.81564847354231],[129.76346083779123,-14.007096264914402],[129.869384,-13.983378],[129.89685,-13.992706],[129.873504,-14.049998],[129.88449,-14.096621],[129.924316,-14.101948],[129.988861,-14.10994],[130.076751,-14.081969],[130.159149,-14.053995],[130.207214,-14.012693],[130.227813,-13.932734],[130.22644,-13.898076],[130.141296,-13.864747],[130.104217,-13.776733],[130.13031,-13.662],[130.0610704290326,-13.605863991661586],[129.85227492759967,-13.72011796359358],[129.76626113365435,-13.81564847354231]]]},"properties":{"NAME":"Marrithiyel","SUBJECTO":"Marrithiyel","PARTOF":"Marrithiyel"}},
{"type":"Feature","geometry":{"type":"Polygon","coordinates":[[[130.476379,-13.42168],[130.369261,-13.378931],[130.32257,-13.469763],[130.303344,-13.549881],[130.267639,-13.632641],[130.237426,-13.712703],[130.223693,-13.880745],[130.311584,-13.915406],[130.418701,-13.915406],[130.542296,-13.902075],[130.819702,-13.814076],[130.893858,-13.814076],[131.083373,-13.795406],[131.2207,-13.795406],[131.341552,-13.744721],[131.355285,-13.696693],[131.330566,-13.624633],[130.476379,-13.42168]]]},"properties":{"NAME":"Malak malak","SUBJECTO":"Malak malak","PARTOF":"Malak malak"}},
{"type":"Feature","geometry":{"type":"Polygon","coordinates":[[[124.8463468880489,-16.53004113559065],[124.71627334068562,-16.496412671845533],[124.39636083900277,-16.517282031575856],[124.447631,-16.646718],[124.447631,-16.772986],[124.447631,-17.067287],[124.458618,-17.345395],[124.458618,-17.450232],[125.145263,-17.455472],[125.299072,-17.644022],[125.480346,-17.670193],[125.78247,-17.450232],[125.826416,-17.319176],[125.809936,-17.151288],[125.617675,-17.025272],[125.463867,-16.878146],[124.8463468880489,-16.53004113559065]]]},"properties":{"NAME":"Unggumi","SUBJECTO":"Unggumi","PARTOF":"Unggumi"}},
{"type":"Feature","geometry":{"type":"Polygon","coordinates":[[[122.497558,-27.293689],[122.10205,-27.556981],[121.937255,-27.693256],[121.574707,-27.93618],[121.849365,-28.207608],[122.058105,-28.536274],[122.145996,-28.758028],[122.519531,-28.796546],[122.838134,-28.603814],[123.640136,-28.294707],[124.266357,-27.73216],[124.343261,-27.586197],[124.442138,-27.508271],[124.365234,-27.332735],[124.112548,-27.205785],[124.013671,-27.147144],[123.442382,-26.775039],[123.244628,-26.608174],[123.156738,-26.500072],[123.046874,-26.421389],[122.816162,-26.775039],[122.497558,-27.293689]]]},"properties":{"NAME":"Tjalkanti","SUBJECTO":"Tjalkanti","PARTOF":"Tjalkanti"}},
{"type":"Feature","geometry":{"type":"Polygon","coordinates":[[[122.151489,-17.727758],[122.189941,-17.782689],[122.681579,-17.764381],[122.813415,-17.722526],[122.868347,-17.683278],[122.846374,-17.316554],[122.758483,-17.316554],[122.596435,-17.316554],[122.16081742112962,-17.319176],[122.10118366119056,-17.381880332944046],[122.151489,-17.727758]]]},"properties":{"NAME":"Ngumbarl","SUBJECTO":"Ngumbarl","PARTOF":"Ngumbarl"}},
{"type":"Feature","geometry":{"type":"Polygon","coordinates":[[[114.33763524963604,-28.485437927484742],[114.45218387160796,-28.648800814839046],[114.675293,-28.758028],[115.334473,-28.579698],[115.230103,-28.459033],[115.186157,-28.318889],[114.977417,-28.008952],[114.955444,-27.23021],[114.906006,-27.034664],[114.691772,-26.450902],[114.631348,-26.39679],[114.526978,-26.401711],[114.016113,-26.588527],[113.845825,-26.750516],[113.703003,-26.814266],[113.939209,-27.279043],[114.33763524963604,-28.485437927484742]]]},"properties":{"NAME":"Nhanta","SUBJECTO":"Nhanta","PARTOF":"Nhanta"}},
{"type":"Feature","geometry":{"type":"Polygon","coordinates":[[[118.86508468101765,-20.06903497103987],[118.81005777017201,-20.173481762404894],[119.399414,-20.401272],[119.679565,-20.43216],[119.86084,-20.298266],[119.976196,-20.112682],[119.97322629506124,-20.06524754582738],[119.81251815269734,-20.117874540131666],[119.53112319420124,-20.137548841279127],[118.86508468101765,-20.06903497103987]]]},"properties":{"NAME":"Ngarla","SUBJECTO":"Ngarla","PARTOF":"Ngarla"}},
{"type":"Feature","geometry":{"type":"Polygon","coordinates":[[[129.70249465416217,-15.06174508456526],[129.67240367116722,-15.154427126672038],[129.732055,-15.231189],[129.81445,-15.363653],[129.929809,-15.490738],[130.204467,-15.52779],[130.308837,-15.496032],[130.550536,-15.485445],[130.984497,-15.42191],[131.116333,-15.278886],[131.099853,-14.891704],[130.995483,-14.758947],[130.6604,-14.716447],[130.264892,-14.716447],[130.061645,-14.72176],[129.841918,-14.753635],[129.79427213153838,-14.753635],[129.84861281822467,-14.81985989932356],[129.83855727623248,-14.927954114716627],[129.70249465416217,-15.06174508456526]]]},"properties":{"NAME":"Jaminjung","SUBJECTO":"Jaminjung","PARTOF":"Jaminjung"}},
{"type":"Feature","geometry":{"type":"Polygon","coordinates":[[[117.59063,-30.600285],[116.848033,-30.071811],[116.431137,-31.470986],[116.730781,-31.604231],[116.730781,-32.124269],[117.707882,-32.43268],[117.603658,-31.969671],[118.307171,-31.081272],[118.059639,-30.712358],[117.59063,-30.600285]]]},"properties":{"NAME":"Ballardong","SUBJECTO":"Ballardong","PARTOF":"Ballardong"}},
{"type":"Feature","geometry":{"type":"Polygon","coordinates":[[[124.255371,-20.529933],[123.815917,-20.529933],[123.5083,-20.838277],[123.288574,-21.289374],[123.288574,-21.514406],[123.83789,-21.820707],[123.925781,-22.411028],[125.529785,-22.065278],[125.815429,-21.841104],[126.035156,-21.575718],[126.452636,-20.632784],[126.452636,-20.365227],[126.079101,-20.282808],[125.112304,-20.179723],[124.716796,-20.220965],[124.255371,-20.529933]]]},"properties":{"NAME":"Yulparitja","SUBJECTO":"Yulparitja","PARTOF":"Yulparitja"}},
{"type":"Feature","geometry":{"type":"Polygon","coordinates":[[[132.849426,-12.838581],[133.610229,-13.317466],[133.654174,-13.036669],[133.588256,-12.964412],[133.541564,-12.916229],[133.505856,-12.910875],[133.439941,-12.881424],[133.321838,-12.825191],[132.912597,-12.776982],[132.849426,-12.838581]]]},"properties":{"NAME":"Wuningangk","SUBJECTO":"Wuningangk","PARTOF":"Wuningangk"}},
{"type":"Feature","geometry":{"type":"Polygon","coordinates":[[[130.012205,-14.280353],[129.990231,-14.344225],[130.012205,-14.386797],[130.025939,-14.43202],[130.069885,-14.466596],[130.163269,-14.466596],[130.281372,-14.49053],[130.32257,-14.506485],[130.446166,-14.535732],[130.891112,-14.408079],[130.940551,-14.253735],[130.907592,-14.008696],[130.885618,-13.864747],[130.874631,-13.80074],[130.726317,-13.80074],[130.588989,-13.85408],[130.418701,-13.886078],[130.303344,-13.891411],[130.292358,-14.003366],[130.20996,-14.093957],[130.094604,-14.131248],[130.034179,-14.200488],[130.012205,-14.280353]]]},"properties":{"NAME":"Ngan’giwumirri","SUBJECTO":"Ngan’giwumirri","PARTOF":"Ngan’giwumirri"}},
{"type":"Feature","geometry":{"type":"Polygon","coordinates":[[[115.7668562264278,-32.75454369906721],[115.71477638820367,-33.01926772216024],[115.966187,-32.990236],[115.985413,-32.923402],[116.018372,-32.826518],[116.023865,-32.759562],[116.109009,-32.519025],[116.141968,-32.379961],[115.75682140686492,-32.47441475536994],[115.7668562264278,-32.75454369906721]]]},"properties":{"NAME":"Pinjarup","SUBJECTO":"Pinjarup","PARTOF":"Pinjarup"}},
{"type":"Feature","geometry":{"type":"Polygon","coordinates":[[[123.563232,-30.921076],[124.41957278647034,-30.955123512414364],[125.189406,-30.646721],[126.358514,-30.384117],[127.12989576938692,-30.368124450905235],[128.166504,-30.126124],[128.452148,-30.126124],[128.474121,-29.783449],[128.342285,-29.496988],[127.858887,-29.05617],[127.63916,-28.786918],[127.375488,-28.516969],[127.133789,-28.632747],[126.936035,-28.825425],[126.650391,-28.88316],[125.925293,-28.555576],[125.068359,-28.033198],[124.606934,-27.605671],[124.387207,-27.508271],[124.16748,-27.62514],[123.881836,-27.877928],[123.277588,-28.285033],[122.629395,-28.661671],[122.640381,-28.854296],[122.728271,-28.940862],[123.409424,-30.107118],[123.508301,-30.467614],[123.519287,-30.732393],[123.563232,-30.921076]]]},"properties":{"NAME":"Nyanganyatjara","SUBJECTO":"Nyanganyatjara","PARTOF":"Nyanganyatjara"}},
{"type":"Feature","geometry":{"type":"Polygon","coordinates":[[[127.1298957693869,-30.368124450905245],[128.68705,-30.335841],[131.0260230420579,-30.767890732273298],[131.044919,-30.637912],[131.286621,-30.278044],[131.440429,-30.230594],[130.155029,-30.116621],[129.342041,-30.088107],[128.463134,-30.126124],[128.166504,-30.126124],[127.1298957693869,-30.368124450905245]]]},"properties":{"NAME":null,"SUBJECTO":null,"PARTOF":null}},
{"type":"Feature","geometry":{"type":"MultiPolygon","coordinates":[[[[131.023591,-31.54631],[128.902587,-31.709476],[127.313676,-32.267271],[126.012736,-32.271172],[124.431152,-32.944148],[124.235165,-33.011682],[124.0010249885267,-33.42324409598371],[124.24838546226765,-33.1441272867137],[124.84723189781452,-32.95208398227034],[126.05894759605671,-32.43436471347151],[127.26507857750202,-32.38098565463362],[129.1853895516231,-31.798204816620924],[131.3557551540784,-31.670673635403393],[131.023591,-31.54631]]],[[[119.4603503149292,-34.40149921309091],[119.50820637457548,-34.336398654716604],[119.163208,-34.102708],[119.4603503149292,-34.40149921309091]]],[[[119.35423834153876,-34.545847677401966],[118.921509,-34.288992],[119.031372,-34.492975],[119.00806548507641,-34.6147762996628],[119.35423834153876,-34.545847677401966]]],[[[115.02212043606617,-34.26212201034299],[115.04692367027546,-34.42245522860823],[115.61626723716999,-34.63118401889143],[115.96654036949421,-34.93578378085432],[116.56097701500202,-35.18929711703596],[117.74103439727651,-35.21994455438074],[116.411133,-35.083956],[116.427612,-35.047987],[116.004639,-34.935482],[115.647583,-34.597042],[115.136719,-34.397845],[115.054321,-34.375179],[115.02212043606617,-34.26212201034299]]],[[[115.916748,-31.372399],[115.43335,-31.391158],[114.971924,-30.342065],[114.949951,-30.306503],[114.90033793636684,-30.128931043649732],[115.0582609505489,-30.80351296786604],[115.4934749938742,-31.546000069359817],[115.982666,-31.421632],[115.916748,-31.372399]]],[[[114.54446253814115,-28.780403527700706],[114.592896,-28.719496],[114.45218387160796,-28.648800814839046],[114.54446253814115,-28.780403527700706]]],[[[113.06012978169673,-26.116165003410305],[114.02223494957234,-27.62608949069319],[114.33763524963604,-28.485437927484742],[113.939209,-27.279043],[113.703003,-26.814266],[113.598633,-26.760326],[113.499756,-26.68673],[113.06012978169673,-26.116165003410305]]],[[[113.373413,-24.263811277431273],[113.43258956383015,-24.874161161225416],[113.8964788126402,-25.590076929474836],[113.752441,-25.324167],[113.554688,-24.881453],[113.565674,-24.791722],[113.373413,-24.263811277431273]]],[[[113.74328468116462,-23.248402729344676],[113.774414,-22.857195],[113.719482,-22.816694],[113.61658526068165,-22.66143313010249],[113.74328468116462,-23.248402729344676]]],[[[115.263062,-22.426263],[115.125732,-22.400872],[114.68547737591399,-21.953433112323193],[114.63852375477242,-21.982180094426035],[114.922485,-22.416107],[115.263062,-22.426263]]],[[[122.308044,-18.072756],[122.247619,-18.059701],[122.21255686736647,-18.04935504949987],[122.22805979526163,-18.143873215772317],[122.308044,-18.072756]]],[[[122.151489,-17.727758],[122.10118366119056,-17.381880332944046],[122.09275344322468,-17.62090150241194],[122.18199477444101,-17.917591268201893],[122.156982,-17.790535],[122.151489,-17.727758]]],[[[122.54289516987875,-16.917424871233973],[122.53744368398276,-16.92315705694575],[122.546997,-16.928077],[122.54289516987875,-16.917424871233973]]],[[[122.728271,-16.741427],[122.733764,-16.715124],[122.76115597254295,-16.596558547830824],[122.65291090743645,-16.736166],[122.728271,-16.741427]]],[[[123.557739,-17.209017],[123.568725,-17.167034],[123.59582672496592,-17.157417072529682],[123.50830367515827,-17.109293378632643],[123.49826976974188,-17.318642669258928],[123.530273,-17.376852],[123.557739,-17.209017]]],[[[116.730781,-32.124269],[116.730781,-31.604231],[116.431137,-31.470986],[116.848033,-30.071811],[117.59063,-30.600285],[117.922116,-30.666336],[116.948857,-30.119043],[116.828613,-30.054831],[116.38916,-31.391158],[116.391907,-31.470839],[116.669312,-31.989442],[116.628113,-32.14306],[117.512512,-32.375321],[116.730781,-32.124269]]],[[[116.383667,-29.382175],[116.669312,-29.950175],[116.716003,-29.99776],[116.519951,-29.598447],[116.383667,-29.382175]]],[[[118.416138,-28.372069],[118.689829,-28.556544],[119.20166,-28.642389],[118.465576,-28.396233],[118.416138,-28.372069]]],[[[120.223389,-29.40132],[119.685059,-29.00814],[119.520264,-28.806174],[119.43599101393603,-28.762851722117464],[120.003662,-29.32472],[120.739259,-30.634491],[120.992432,-30.732393],[120.223389,-29.40132]]],[[[130.984497,-12.983147],[131.522827,-13.22925],[131.59973,-13.20786],[131.918331,-13.100879],[132.182006,-13.191816],[132.258911,-13.084828],[132.291868,-13.074127],[132.324829,-13.052723],[132.335815,-12.977794],[132.412719,-12.801088],[132.429199,-12.747516],[132.297362,-12.785017],[132.214965,-12.795731],[131.720581,-12.951029],[131.660156,-12.937645],[131.209713,-12.916229],[131.204223,-12.918906],[131.097106,-12.964412],[130.984497,-12.983147]]],[[[116.18042,-34.166363],[116.559448,-34.83635],[116.570435,-34.827332],[116.520996,-34.329828],[118.652344,-34.252676],[118.569946,-34.225429],[117.674561,-34.048108],[117.564697,-34.207259],[116.433105,-34.307144],[116.213379,-33.947917],[116.18042,-34.166363]]],[[[117.652588,-33.811102],[117.449341,-33.651208],[117.559204,-33.774581],[117.652588,-33.811102]]],[[[134.318847,-13.427023],[133.945312,-13.100879],[133.747558,-13.015262],[133.654174,-13.036669],[133.610229,-13.317466],[133.637695,-13.410994],[133.632202,-13.555221],[133.80249,-13.928735],[134.6237186068704,-14.505390344663814],[134.62867262081065,-13.928431835123465],[134.368286,-13.784736],[134.329833,-13.42168],[134.318847,-13.427023]]],[[[117.957458,-32.98102],[118.037109,-32.976412],[117.79541,-32.773418],[117.957458,-32.98102]]],[[[118.674316,-33.523079],[118.575439,-33.284619],[118.43811,-33.165145],[118.674316,-33.523079]]],[[[120.377197,-33.008663],[120.460871,-32.87702],[120.405981,-32.775557],[120.393677,-32.773418],[120.327759,-32.953367],[120.201416,-33.082337],[120.377197,-33.008663]]],[[[131.385498,-16.772986],[130.968017,-17.392579],[130.957031,-17.476432],[130.979003,-17.874203],[130.979003,-17.832374],[130.979003,-17.549771],[131.561279,-16.604609],[131.385498,-16.772986]]],[[[131.929318,-16.436084],[132.231445,-16.309595],[132.330322,-16.109153],[132.319335,-15.961329],[132.302855,-15.982453],[132.176513,-15.982453],[132.143554,-16.003575],[131.940305,-16.314867],[131.929318,-16.436084]]],[[[123.552246,-30.949347],[123.354492,-30.921076],[123.251243,-30.953939],[123.383313,-30.991704],[124.222412,-31.034108],[124.41957278647034,-30.955123512414364],[123.563232,-30.921076],[123.552246,-30.949347]]],[[[117.674563,-24.031414],[118.443604,-24.367114],[118.569946,-24.337086],[118.789672,-23.584126],[118.795166,-23.538809],[118.575439,-23.533773],[118.504028,-23.629427],[117.883301,-24.031414],[117.674563,-24.031414]]],[[[133.099365,-14.955399],[132.929077,-14.74301],[132.110593,-14.599531],[132.209472,-14.774882],[132.462156,-14.976626],[133.099365,-14.955399]]],[[[128.68705,-30.335841],[131.044919,-30.637912],[131.286621,-30.278044],[131.3732084211171,-30.228169077977494],[131.3528759875733,-30.221693752131344],[131.253661,-30.211608],[130.155029,-30.116621],[129.342041,-30.088107],[128.463134,-30.126124],[128.452148,-30.126124],[128.166504,-30.126124],[127.12989576938692,-30.368124450905235],[128.68705,-30.335841]]],[[[131.341552,-13.632641],[131.165771,-13.453737],[130.468139,-13.373587],[130.476379,-13.42168],[131.330566,-13.624633],[131.341552,-13.632641]]],[[[133.01422,-12.076924],[132.929077,-12.093038],[132.879638,-12.168225],[132.868652,-12.238023],[132.923583,-12.683214],[132.890625,-12.768946],[132.912597,-12.776982],[133.321838,-12.825191],[133.319088,-12.806444],[133.01422,-12.076924]]]]},"properties":{"NAME":"Australian aboriginal hunter-gatherers","SUBJECTO":"Australian aboriginal hunter-gatherers","PARTOF":"Australian aboriginal hunter-gatherers"}},
{"type":"Feature","geometry":{"type":"Polygon","coordinates":[[[-4.153334,53.225555],[-4.276945,53.398331],[-4.5675,53.273331],[-4.351389,53.124443],[-4.153334,53.225555]]]},"properties":{"NAME":null,"SUBJECTO":null,"PARTOF":null}},
{"type":"Feature","geometry":{"type":"Polygon","coordinates":[[[-5.103612,55.438606],[-5.154723,55.673332],[-5.400278,55.600555],[-5.103612,55.438606]]]},"properties":{"NAME":null,"SUBJECTO":null,"PARTOF":null}},
{"type":"Feature","geometry":{"type":"Polygon","coordinates":[[[-6.121667,55.878883],[-6.3275,55.589439],[-6.024723,55.68083200000012],[-6.121667,55.878883]]]},"properties":{"NAME":null,"SUBJECTO":null,"PARTOF":null}},
{"type":"Feature","geometry":{"type":"Polygon","coordinates":[[[-5.946945,55.829994],[-5.746112,56.06360600000011],[-5.968056,56.023605],[-6.078889,55.905548],[-5.946945,55.829994]]]},"properties":{"NAME":null,"SUBJECTO":null,"PARTOF":null}},
{"type":"Feature","geometry":{"type":"Polygon","coordinates":[[[-7.466945,56.940826],[-7.376112,56.978607],[-7.445556,57.05555],[-7.553612,56.966385],[-7.466945,56.940826]]]},"properties":{"NAME":null,"SUBJECTO":null,"PARTOF":null}},
{"type":"Feature","geometry":{"type":"Polygon","coordinates":[[[-7.223056,57.337494],[-7.425,57.382217],[-7.38139,57.108604],[-7.230278,57.09471900000011],[-7.223056,57.337494]]]},"properties":{"NAME":null,"SUBJECTO":null,"PARTOF":null}},
{"type":"Feature","geometry":{"type":"Polygon","coordinates":[[[-7.268889,57.39888800000011],[-7.204722,57.460831],[-7.351111,57.489441],[-7.388056,57.423882],[-7.268889,57.39888800000011]]]},"properties":{"NAME":null,"SUBJECTO":null,"PARTOF":null}},
{"type":"Feature","geometry":{"type":"Polygon","coordinates":[[[-7.188612,57.68721800000014],[-7.476945,57.562492],[-7.15389,57.509438],[-7.188612,57.68721800000014]]]},"properties":{"NAME":null,"SUBJECTO":null,"PARTOF":null}},
{"type":"Feature","geometry":{"type":"Polygon","coordinates":[[[-7.00639,57.881386000000134],[-6.993611,57.91861],[-7.073611,57.896111],[-7.00639,57.881386000000134]]]},"properties":{"NAME":null,"SUBJECTO":null,"PARTOF":null}},
{"type":"Feature","geometry":{"type":"Polygon","coordinates":[[[-6.802222,58.203049],[-6.794445,58.218048],[-6.854167,58.25],[-6.873056,58.206383],[-6.802222,58.203049]]]},"properties":{"NAME":null,"SUBJECTO":null,"PARTOF":null}},
{"type":"Feature","geometry":{"type":"Polygon","coordinates":[[[-6.204167,58.35611],[-7.031945,58.238052],[-6.473889,57.940277],[-6.204167,58.35611]]]},"properties":{"NAME":null,"SUBJECTO":null,"PARTOF":null}},
{"type":"Feature","geometry":{"type":"Polygon","coordinates":[[[-2.918334,58.731941],[-2.876667,58.820274],[-3.036945,58.818054],[-2.918334,58.731941]]]},"properties":{"NAME":null,"SUBJECTO":null,"PARTOF":null}},
{"type":"Feature","geometry":{"type":"Polygon","coordinates":[[[-3.231389,58.775551],[-3.136389,58.804161],[-3.335556,58.927498],[-3.431111,58.871384],[-3.231389,58.775551]]]},"properties":{"NAME":null,"SUBJECTO":null,"PARTOF":null}},
{"type":"Feature","geometry":{"type":"Polygon","coordinates":[[[-2.793056,58.951385],[-3.076945,59.121666],[-3.195,58.91111000000012],[-2.793056,58.951385]]]},"properties":{"NAME":null,"SUBJECTO":null,"PARTOF":null}},
{"type":"Feature","geometry":{"type":"Polygon","coordinates":[[[-2.681389,59.195831],[-2.620556,59.236107],[-2.495556,59.244995],[-2.414444,59.313606],[-2.592778,59.29055],[-2.681389,59.195831]]]},"properties":{"NAME":null,"SUBJECTO":null,"PARTOF":null}},
{"type":"Feature","geometry":{"type":"Polygon","coordinates":[[[-2.89,59.29527300000012],[-3.048889,59.329163],[-3.003334,59.263611],[-2.971945,59.287216],[-2.89,59.29527300000012]]]},"properties":{"NAME":null,"SUBJECTO":null,"PARTOF":null}},
{"type":"Feature","geometry":{"type":"Polygon","coordinates":[[[-1.296111,60.491104],[-1.320278,60.356384],[-1.655,60.226105],[-1.126111,60.151665],[-1.041389,60.446938],[-1.296111,60.491104]]]},"properties":{"NAME":null,"SUBJECTO":null,"PARTOF":null}},
{"type":"Feature","geometry":{"type":"Polygon","coordinates":[[[-1.029444,60.495827],[-0.991111,60.719994],[-1.177222,60.63666500000011],[-1.029444,60.495827]]]},"properties":{"NAME":null,"SUBJECTO":null,"PARTOF":null}},
{"type":"Feature","geometry":{"type":"Polygon","coordinates":[[[-0.819722,60.68888900000013],[-0.767778,60.82888800000012],[-0.938889,60.79444100000012],[-0.965556,60.688049],[-0.819722,60.68888900000013]]]},"properties":{"NAME":null,"SUBJECTO":null,"PARTOF":null}},
{"type":"Feature","geometry":{"type":"Polygon","coordinates":[[[-6.706944,61.937492000000134],[-6.718889,62.02861],[-7.192223,62.3077770000001],[-7.232223,62.172493],[-6.706944,61.937492000000134]]]},"properties":{"NAME":null,"SUBJECTO":null,"PARTOF":null}},
{"type":"Feature","geometry":{"type":"Polygon","coordinates":[[[-4.777779,54.05555],[-4.394444,54.186386],[-4.5275,54.367218],[-4.777779,54.05555]]]},"properties":{"NAME":null,"SUBJECTO":null,"PARTOF":null}},
{"type":"Feature","geometry":{"type":"Polygon","coordinates":[[[129.715515,28.451107],[129.157745,28.234993],[129.368561,28.116108],[129.715515,28.451107]]]},"properties":{"NAME":null,"SUBJECTO":null,"PARTOF":null}},
{"type":"Feature","geometry":{"type":"Polygon","coordinates":[[[129.963013,29.957218000000125],[129.94165,30],[129.92358400000012,29.983883],[129.963013,29.957218000000125]]]},"properties":{"NAME":null,"SUBJECTO":null,"PARTOF":null}},
{"type":"Feature","geometry":{"type":"Polygon","coordinates":[[[129.89636200000018,29.87416500000012],[129.877167,29.83083],[129.923309,29.824997],[129.89636200000018,29.87416500000012]]]},"properties":{"NAME":null,"SUBJECTO":null,"PARTOF":null}},
{"type":"Feature","geometry":{"type":"Polygon","coordinates":[[[130.906097,30.354717000000107],[131.074402,30.689163],[130.945251,30.683331000000123],[130.906097,30.354717000000107]]]},"properties":{"NAME":null,"SUBJECTO":null,"PARTOF":null}},
{"type":"Feature","geometry":{"type":"Polygon","coordinates":[[[130.558594,30.236382000000106],[130.671906,30.373329000000126],[130.510803,30.458885000000123],[130.387207,30.397217],[130.558594,30.236382000000106]]]},"properties":{"NAME":null,"SUBJECTO":null,"PARTOF":null}},
{"type":"Feature","geometry":{"type":"Polygon","coordinates":[[[121.734711,25.138885],[121.00166300000012,25.001663],[120.11554,23.631386],[120.328598,22.519444],[120.878593,22.341385000000116],[121.453049,23.327221],[121.839706,24.476383000000112],[121.734711,25.138885]]]},"properties":{"NAME":null,"SUBJECTO":null,"PARTOF":null}},
{"type":"Feature","geometry":{"type":"Polygon","coordinates":[[[128.900818,32.643051],[128.649414,32.777771],[128.610229,32.61166400000013],[128.900818,32.643051]]]},"properties":{"NAME":null,"SUBJECTO":null,"PARTOF":null}},
{"type":"Feature","geometry":{"type":"Polygon","coordinates":[[[123.870819,24.252499],[123.92192100000011,24.371109],[123.767212,24.41444],[123.678864,24.316109],[123.870819,24.252499]]]},"properties":{"NAME":null,"SUBJECTO":null,"PARTOF":null}},
{"type":"Feature","geometry":{"type":"Polygon","coordinates":[[[125.356369,24.776665],[125.261932,24.878883],[125.252213,24.737774],[125.356369,24.776665]]]},"properties":{"NAME":null,"SUBJECTO":null,"PARTOF":null}},
{"type":"Feature","geometry":{"type":"Polygon","coordinates":[[[124.26165800000012,24.457497],[124.077766,24.419994],[124.121918,24.344997],[124.22971300000017,24.338329],[124.26165800000012,24.457497]]]},"properties":{"NAME":null,"SUBJECTO":null,"PARTOF":null}},
{"type":"Feature","geometry":{"type":"Polygon","coordinates":[[[128.252777,26.63888500000013],[128.247192,26.839996],[127.958878,26.544441],[128.252777,26.63888500000013]]]},"properties":{"NAME":null,"SUBJECTO":null,"PARTOF":null}},
{"type":"Feature","geometry":{"type":"Polygon","coordinates":[[[126.76193200000012,26.38694],[126.701927,26.348606],[126.781097,26.29833200000013],[126.8099820000001,26.346943],[126.76193200000012,26.38694]]]},"properties":{"NAME":null,"SUBJECTO":null,"PARTOF":null}},
{"type":"Feature","geometry":{"type":"Polygon","coordinates":[[[128.95108,27.67582700000014],[129.029968,27.774441000000138],[128.89886500000011,27.89777400000014],[128.89721700000018,27.725826],[128.95108,27.67582700000014]]]},"properties":{"NAME":null,"SUBJECTO":null,"PARTOF":null}},
{"type":"Feature","geometry":{"type":"Polygon","coordinates":[[[128.609131,27.358887],[128.69635000000017,27.4486050000001],[128.52359000000013,27.413609],[128.609131,27.358887]]]},"properties":{"NAME":null,"SUBJECTO":null,"PARTOF":null}},
{"type":"Feature","geometry":{"type":"Polygon","coordinates":[[[129.992188,28.281666],[130.0324710000001,28.35305],[129.943024,28.32222],[129.992188,28.281666]]]},"properties":{"NAME":null,"SUBJECTO":null,"PARTOF":null}},
{"type":"Feature","geometry":{"type":"Polygon","coordinates":[[[129.33609000000013,28.075275],[129.3402400000001,28.110828],[129.223846,28.183605],[129.219116,28.097775],[129.33609000000013,28.075275]]]},"properties":{"NAME":null,"SUBJECTO":null,"PARTOF":null}},
{"type":"Feature","geometry":{"type":"Polygon","coordinates":[[[129.733032,29.609718],[129.75332600000013,29.64777400000014],[129.70968600000015,29.651661],[129.733032,29.609718]]]},"properties":{"NAME":null,"SUBJECTO":null,"PARTOF":null}},
{"type":"Feature","geometry":{"type":"Polygon","coordinates":[[[6.010187331881577,50.759442379320994],[5.979368242827636,51.80352743716602],[7.068196612074827,52.27264082020265],[7.159938845244628,53.16400106997852],[6.750721964446289,53.38986166568164],[4.641012701598388,52.75569876284961],[3.76606683541449,51.38139131628859],[5.079002634256428,51.392076272593144],[6.010187331881577,50.759442379320994]]]},"properties":{"NAME":"       ","SUBJECTO":"United Kingdom of Netherlands","PARTOF":"United Kingdom of Netherlands"}},
{"type":"Feature","geometry":{"type":"MultiPolygon","coordinates":[[[[20.263026333447733,49.887011886376065],[18.785821414286094,49.89197719967832],[16.728022608367187,50.148624025300784],[15.009285959807617,51.055621705964846],[13.232996019927246,50.663768373445315],[12.252341303435546,50.215892396882815],[12.536298784819824,49.56257589908008],[13.946682962981445,48.655101381257815],[12.694188150969726,48.12943609805469],[12.700078997222167,47.69024618716602],[11.17034629305957,47.42449911685352],[9.665470719275044,47.55624011404333],[9.53932315928003,47.4872009429331],[10.395699534026367,46.88741263003711],[10.65957321807405,45.806590359724964],[11.908413866924741,46.414134459165844],[13.568899187651855,46.51042517276172],[13.799984011260253,45.56637152285938],[14.848293855808766,45.10725677378164],[15.412318262664062,43.934756837800784],[17.547980341521484,42.92011984439258],[15.757285151091796,44.785831056550784],[15.827597651091796,45.20267828555469],[18.258387598601562,45.1223216876543],[19.011731180754882,45.45881613345508],[20.188182881471295,45.25969738072894],[20.78925983586372,44.74210333666879],[22.13289741000293,44.511233888582034],[22.47820452750987,45.728537819171805],[24.06456967604994,46.09981476883012],[24.942133375242317,45.96480496895437],[26.190974024093013,46.80861621817781],[26.16266290937989,48.9405896176508],[26.03641120294111,49.633823296782545],[24.25734179581892,50.15930936607856],[20.263026333447733,49.887011886376065]]],[[[6.010187331881577,50.759442379320994],[5.079002634256428,51.392076272593144],[3.76606683541449,51.38139131628859],[2.522131952849609,51.09112127871875],[2.875059876052124,50.68182333560352],[5.823500189391357,49.50710638614063],[6.108513388243896,50.11745413394336],[6.010187331881577,50.759442379320994]]]]},"properties":{"NAME":"Austrian Empire","SUBJECTO":"Austrian Empire","PARTOF":"Austrian Empire"}},
{"type":"Feature","geometry":{"type":"Polygon","coordinates":[[[155.483307,50.119438],[156.15304600000013,50.524994],[155.896942,50.698601],[155.483307,50.119438]]]},"properties":{"NAME":"Kuril Islands","SUBJECTO":"(Russian and Japanese claim)","PARTOF":""}},
{"type":"Feature","geometry":{"type":"MultiPolygon","coordinates":[[[[136.81084731539843,37.31068380923633],[136.66849807223437,36.66749533267383],[135.97788527926562,35.97254904361133],[135.15697768649218,35.646468721345705],[133.00620559176562,35.25414999575977],[132.66285232028125,35.380626283601565],[130.89904311617968,33.90366705508594],[131.99495986422656,33.80434378238086],[132.48118117770312,34.12908514590625],[134.4273176523125,34.628177247957034],[135.06292251071093,33.69002493472461],[135.75567153414843,33.34231527896289],[136.73385146578906,34.874087892488284],[137.24822524508593,34.48160894961719],[138.14905837496875,34.52788122744922],[138.45016005953906,34.902991853669924],[139.42260268649218,35.165511690095705],[140.31661513766406,35.033816896394534],[140.65560439547656,36.61831244082813],[140.9639387460625,36.95626028628711],[140.8722181650078,37.91744955630664],[141.49639419039843,38.42189749331836],[141.9981184335625,39.67198904605274],[141.15255263766406,40.86541708560352],[140.38640883883593,40.98550375552539],[139.91515639742968,40.574954591707034],[140.03008559664843,39.48317679019336],[139.19793227633593,37.92043264956836],[138.31724074801562,37.205508790925784],[137.17620376071093,36.64306601138477],[136.81084731539843,37.31068380923633]]],[[[132.567576441375,32.63746603579883],[133.51652053317187,33.39485128970508],[133.99859145602343,33.14826925845508],[134.54041579684375,34.012698732332034],[133.80564406832812,34.17622336001758],[132.78431228121875,33.90752371402149],[132.1211195321953,33.34754904361133],[132.567576441375,32.63746603579883]]],[[[130.57931045016406,30.906545244172854],[131.31928542575,31.51120527835254],[131.83098891696093,32.69308813662891],[131.6698255868828,33.30853231997852],[130.42656997164843,33.674171052888674],[129.34337905367968,33.15138968081836],[129.84591201266406,32.587421022371096],[130.57931045016406,30.906545244172854]]],[[[140.01261428317187,41.38180883975391],[140.58887771090625,41.677711091951174],[140.24552443942187,42.22844275088672],[141.9281263681328,42.50126226992969],[143.21375564059375,41.92653997989063],[143.8479261728203,42.77464636416797],[145.44813064059375,43.169559083894534],[145.05938247164843,43.78576620669727],[143.50817397555468,44.15576132388477],[141.87533095797656,45.43542440982227],[141.5227766366875,45.18263205142383],[141.7094221445,43.9141918048418],[141.30364516696093,43.187030397371096],[139.7117414804375,42.47759588809375],[140.01261428317187,41.38180883975391]]]]},"properties":{"NAME":"Japan","SUBJECTO":"Japan","PARTOF":"Japan"}},
{"type":"Feature","geometry":{"type":"Polygon","coordinates":[[[-179.057,51.248],[-179.087,51.291],[-179.142,51.269],[-179.129,51.22],[-179.057,51.248]]]},"properties":{"NAME":null,"SUBJECTO":null,"PARTOF":null}},
{"type":"Feature","geometry":{"type":"Polygon","coordinates":[[[-178.9,51.355],[-178.985,51.374],[-178.991,51.309],[-178.9,51.355]]]},"properties":{"NAME":null,"SUBJECTO":null,"PARTOF":null}},
{"type":"Feature","geometry":{"type":"Polygon","coordinates":[[[-178.077,51.698],[-177.911,51.659],[-177.825,51.831],[-177.946,51.919],[-178.214,51.862],[-177.966,51.772],[-178.077,51.698]]]},"properties":{"NAME":null,"SUBJECTO":null,"PARTOF":null}},
{"type":"Feature","geometry":{"type":"Polygon","coordinates":[[[-176.434,51.838],[-176.606,51.986],[-176.972,51.658],[-176.417,51.75],[-176.434,51.838]]]},"properties":{"NAME":null,"SUBJECTO":null,"PARTOF":null}},
{"type":"Feature","geometry":{"type":"Polygon","coordinates":[[[-178.777,51.828],[-178.863,51.786],[-178.798,51.744],[-178.727,51.783],[-178.777,51.828]]]},"properties":{"NAME":null,"SUBJECTO":null,"PARTOF":null}},
{"type":"Feature","geometry":{"type":"Polygon","coordinates":[[[-177.626,51.692],[-177.374,51.726],[-177.154,51.699],[-177.046,51.889],[-177.196,51.921],[-177.243,51.793],[-177.626,51.692]]]},"properties":{"NAME":null,"SUBJECTO":null,"PARTOF":null}},
{"type":"Feature","geometry":{"type":"Polygon","coordinates":[[[-176.309,51.868],[-176.418,51.85],[-176.386,51.729],[-176.261,51.78],[-176.309,51.868]]]},"properties":{"NAME":null,"SUBJECTO":null,"PARTOF":null}},
{"type":"Feature","geometry":{"type":"Polygon","coordinates":[[[-176.215,51.815],[-176.033,51.823],[-176.024,51.848],[-176.206,51.879],[-176.215,51.815]]]},"properties":{"NAME":null,"SUBJECTO":null,"PARTOF":null}},
{"type":"Feature","geometry":{"type":"Polygon","coordinates":[[[-175.962,51.888],[-176.058,51.905],[-176.051,51.863],[-175.962,51.888]]]},"properties":{"NAME":null,"SUBJECTO":null,"PARTOF":null}},
{"type":"Feature","geometry":{"type":"Polygon","coordinates":[[[-175.725,51.931],[-175.663,51.954],[-175.699,51.97],[-175.725,51.931]]]},"properties":{"NAME":null,"SUBJECTO":null,"PARTOF":null}},
{"type":"Feature","geometry":{"type":"Polygon","coordinates":[[[-175.805,51.987],[-175.941,51.982],[-175.881,51.96],[-175.805,51.987]]]},"properties":{"NAME":null,"SUBJECTO":null,"PARTOF":null}},
{"type":"Feature","geometry":{"type":"Polygon","coordinates":[[[-176.152,52.103],[-176.166,51.992],[-175.995,52.029],[-176.152,52.103]]]},"properties":{"NAME":null,"SUBJECTO":null,"PARTOF":null}},
{"type":"Feature","geometry":{"type":"Polygon","coordinates":[[[-172.956,52.086],[-173.508,52.105],[-173.47,52.037],[-172.956,52.086]]]},"properties":{"NAME":null,"SUBJECTO":null,"PARTOF":null}},
{"type":"Feature","geometry":{"type":"Polygon","coordinates":[[[-174.788,52.023],[-174.142,52.124],[-174.232,52.269],[-174.788,52.023]]]},"properties":{"NAME":null,"SUBJECTO":null,"PARTOF":null}},
{"type":"Feature","geometry":{"type":"Polygon","coordinates":[[[-172.567,52.335],[-172.521,52.243],[-172.314,52.312],[-172.414,52.39],[-172.567,52.335]]]},"properties":{"NAME":null,"SUBJECTO":null,"PARTOF":null}},
{"type":"Feature","geometry":{"type":"Polygon","coordinates":[[[-171.25,52.524],[-171.304,52.504],[-171.308,52.449],[-171.235,52.451],[-171.202,52.493],[-171.25,52.524]]]},"properties":{"NAME":null,"SUBJECTO":null,"PARTOF":null}},
{"type":"Feature","geometry":{"type":"Polygon","coordinates":[[[-170.795,52.532],[-170.612,52.587],[-170.676,52.694],[-170.818,52.624],[-170.795,52.532]]]},"properties":{"NAME":null,"SUBJECTO":null,"PARTOF":null}},
{"type":"Feature","geometry":{"type":"Polygon","coordinates":[[[-170.055,52.759],[-170.18,52.784],[-170.189,52.724],[-170.055,52.759]]]},"properties":{"NAME":null,"SUBJECTO":null,"PARTOF":null}},
{"type":"Feature","geometry":{"type":"Polygon","coordinates":[[[-169.989,52.799],[-169.709,52.777],[-169.781,52.885],[-169.989,52.799]]]},"properties":{"NAME":null,"SUBJECTO":null,"PARTOF":null}},
{"type":"Feature","geometry":{"type":"Polygon","coordinates":[[[-169.994,52.902],[-170.077,52.919],[-170.127,52.889],[-170.05,52.852],[-169.994,52.902]]]},"properties":{"NAME":null,"SUBJECTO":null,"PARTOF":null}},
{"type":"Feature","geometry":{"type":"Polygon","coordinates":[[[-169.677,53.032],[-169.753,53.026],[-169.762,52.971],[-169.696,52.96],[-169.677,53.032]]]},"properties":{"NAME":null,"SUBJECTO":null,"PARTOF":null}},
{"type":"Feature","geometry":{"type":"Polygon","coordinates":[[[-169.042,52.833],[-167.868,53.372],[-168.407,53.415],[-169.042,52.833]]]},"properties":{"NAME":null,"SUBJECTO":null,"PARTOF":null}},
{"type":"Feature","geometry":{"type":"Polygon","coordinates":[[[-166.214,53.922],[-167.161,53.854],[-167.142,53.417],[-166.274,53.684],[-166.324,53.776],[-166.214,53.922]]]},"properties":{"NAME":null,"SUBJECTO":null,"PARTOF":null}},
{"type":"Feature","geometry":{"type":"Polygon","coordinates":[[[-166.199,53.834],[-166.296,53.756],[-166.21,53.705],[-166.115,53.777],[-166.199,53.834]]]},"properties":{"NAME":null,"SUBJECTO":null,"PARTOF":null}},
{"type":"Feature","geometry":{"type":"Polygon","coordinates":[[[-165.477,54.071],[-165.361,54.071],[-165.298,54.037],[-165.246,54.056],[-165.284,54.091],[-165.433,54.084],[-165.477,54.071]]]},"properties":{"NAME":null,"SUBJECTO":null,"PARTOF":null}},
{"type":"Feature","geometry":{"type":"Polygon","coordinates":[[[-165.087,54.067],[-165.129,54.128],[-165.21,54.083],[-165.087,54.067]]]},"properties":{"NAME":null,"SUBJECTO":null,"PARTOF":null}},
{"type":"Feature","geometry":{"type":"Polygon","coordinates":[[[-165.992,54.048],[-165.664,54.127],[-165.938,54.221],[-165.992,54.048]]]},"properties":{"NAME":null,"SUBJECTO":null,"PARTOF":null}},
{"type":"Feature","geometry":{"type":"Polygon","coordinates":[[[-165.494,54.291],[-165.682,54.238],[-165.623,54.128],[-165.486,54.173],[-165.494,54.291]]]},"properties":{"NAME":null,"SUBJECTO":null,"PARTOF":null}},
{"type":"Feature","geometry":{"type":"Polygon","coordinates":[[[-163.329,54.701],[-163.524,55.043],[-164.433,54.931],[-164.33,54.516],[-164.298,54.549],[-163.429,54.684],[-163.329,54.701]]]},"properties":{"NAME":null,"SUBJECTO":null,"PARTOF":null}},
{"type":"Feature","geometry":{"type":"Polygon","coordinates":[[[-169.641,56.546],[-169.471,56.592],[-169.76,56.618],[-169.641,56.546]]]},"properties":{"NAME":null,"SUBJECTO":null,"PARTOF":null}},
{"type":"Feature","geometry":{"type":"Polygon","coordinates":[[[-170.413,57.169],[-170.249,57.129],[-170.151,57.228],[-170.387,57.202],[-170.413,57.169]]]},"properties":{"NAME":null,"SUBJECTO":null,"PARTOF":null}},
{"type":"Feature","geometry":{"type":"Polygon","coordinates":[[[-165.859,60.345],[-166.496,60.379],[-167.127,59.997],[-165.729,59.91],[-165.859,60.345]]]},"properties":{"NAME":null,"SUBJECTO":null,"PARTOF":null}},
{"type":"Feature","geometry":{"type":"Polygon","coordinates":[[[-172.256,60.304],[-172.38,60.391],[-172.577,60.396],[-172.599,60.325],[-172.256,60.304]]]},"properties":{"NAME":null,"SUBJECTO":null,"PARTOF":null}},
{"type":"Feature","geometry":{"type":"Polygon","coordinates":[[[-170.707,63.654],[-171.645,63.715],[-171.72,63.745],[-171.851,63.509],[-170.869,63.461],[-170.22,63.206],[-170.151,63.182],[-169.888,63.151],[-169.163,63.297],[-170.032,63.537],[-170.707,63.654]]]},"properties":{"NAME":null,"SUBJECTO":null,"PARTOF":null}},
{"type":"Feature","geometry":{"type":"Polygon","coordinates":[[[-172.532,64.661],[-172.661,64.674],[-172.751,64.644],[-172.544,64.613],[-172.532,64.661]]]},"properties":{"NAME":null,"SUBJECTO":null,"PARTOF":null}},
{"type":"Feature","geometry":{"type":"Polygon","coordinates":[[[-172.571,64.824],[-172.591,64.703],[-172.167,64.772],[-172.303,64.848],[-172.571,64.824]]]},"properties":{"NAME":null,"SUBJECTO":null,"PARTOF":null}},
{"type":"Feature","geometry":{"type":"Polygon","coordinates":[[[-178.208,71.475],[-180,71.536],[-180,70.997],[-177.939,71.037],[-178.208,71.475]]]},"properties":{"NAME":null,"SUBJECTO":null,"PARTOF":null}},
{"type":"Feature","geometry":{"type":"Polygon","coordinates":[[[-175.683,71.407],[-175.8,71.43],[-175.804,71.394],[-175.683,71.407]]]},"properties":{"NAME":null,"SUBJECTO":null,"PARTOF":null}},
{"type":"Feature","geometry":{"type":"MultiPolygon","coordinates":[[[[-141.0592546133125,69.59546240420704],[-143.30757614651563,70.19675024600392],[-145.27254196682813,70.11638220401173],[-149.28632065335157,70.53923376651173],[-152.13712021389844,70.53390081973438],[-152.9711656240547,70.93400915713673],[-156.90474411526563,71.34585913272267],[-157.8119401601875,70.97140081973438],[-160.2403306631172,70.85846289248829],[-162.8791246084297,69.9990650043047],[-164.067189183625,69.06467779727345],[-166.2968034414375,68.87961920352345],[-166.84352585354688,68.40520819278126],[-164.5126695303047,67.79665716739063],[-163.7387437490547,67.21832617373829],[-161.93573471585157,67.08837469668751],[-161.26143356839063,66.39603003116017],[-162.2750749258125,66.07097967715626],[-163.84308334866407,66.17811163516407],[-164.46313950100782,66.59615667910938],[-168.17979904690625,65.6938892230547],[-166.13866135159375,65.35480078311329],[-166.5860337881172,64.73040350528126],[-163.02521225491407,64.44165381045704],[-161.2906236318672,64.96410711856251],[-161.13301559964063,63.562842927888674],[-163.30862900296094,63.03774221988086],[-164.29176804104688,63.24977072329883],[-165.43123337307813,62.429542146638674],[-165.89809128323438,61.270335756257815],[-164.02740952053907,59.79824408145313],[-162.3781022695625,60.16311606021289],[-162.00392624417188,58.826610170320315],[-160.43053146878125,59.00216635318164],[-158.29141708889844,58.730208955720705],[-157.13942429104688,58.85578878970508],[-157.665333714875,57.6042438373125],[-160.45729538479688,56.19991263003711],[-159.07692429104688,55.991962037996096],[-158.52673813382032,56.44850882144336],[-156.49576279202344,57.100230775789065],[-156.68457504788282,57.400699220613284],[-154.64931198635938,58.076480470613284],[-153.45496079007032,58.877338014558596],[-154.28227707425,59.2487750873125],[-152.89868637600782,59.89561804385547],[-151.78299423733594,59.99495657534961],[-151.38795944729688,59.21278341861133],[-149.32562729397657,60.02748068423633],[-148.49261948147657,61.0643382892168],[-145.13838669339063,60.45421560855274],[-144.4064225820625,60.09257086367969],[-141.43944260159375,60.091231904939455],[-139.572560277375,59.89999731631641],[-139.20009323635938,59.2773395404375],[-137.57666489163282,58.604163728669924],[-134.12349411526563,58.239215455964846],[-133.34084030667188,57.376815401033205],[-131.76700302639844,56.0100055560625],[-130.00269028225782,55.28853949160938],[-130.28743454495313,56.107493959382815],[-131.72487350979688,56.60519369693164],[-133.50284287014844,58.42426260562305],[-135.85481735745313,59.646319948152346],[-137.22333237210157,58.88222845645313],[-139.00514694729688,60.258380495027346],[-140.89491745510938,60.38881643863086],[-140.92728134671094,63.785506807283205],[-140.97377487698438,66.0257984027422],[-141.0592546133125,69.59546240420704]]],[[[-179.501,68.954],[-180,68.98],[-180,68.069],[-180,67.069],[-180,66.069],[-180,65.069],[-178.563,65.516],[-176.078,65.47],[-175.816,64.958],[-173.191,64.254],[-172.359,64.424],[-172.748,64.596],[-172.782,64.851],[-172.133,65.072],[-172.419,65.575],[-170.677,65.608],[-170.142,66.157],[-171.726,66.955],[-172.819,66.909],[-178.738,68.539],[-179.501,68.954]]]]},"properties":{"NAME":"Russian Empire","SUBJECTO":"Russian Empire","PARTOF":"Russian Empire"}},
{"type":"Feature","geometry":{"type":"Polygon","coordinates":[[[-94.06056996749841,29.699064750217232],[-93.44552322903516,29.76776846499805],[-90,29.108672700837893],[-89.62234970608594,29.284345231965823],[-89.68429276028516,30.09036787600879],[-89.23280808010938,30.406005464509768],[-87.7745866445625,30.26280363650684],[-86.38868423977735,30.472713075593752],[-85.30477615872266,29.66390760989551],[-83.8861817983711,30.048348985627932],[-82.64696213284375,28.9065013751543],[-82.84134384671094,27.838002763704104],[-82.31009384671094,26.82493170352344],[-81.40104385891797,25.858735643342776],[-81.09792038479688,25.12504728885059],[-80.31409927883985,25.243880830720705],[-80.04998489895704,26.551089845613284],[-80.60545822659375,28.560990892366213],[-81.40536972561719,30.072576127961916],[-81.5115480093086,30.72724875064258],[-81.18198105374219,31.64041479678516],[-80.5806398061836,32.496783815339846],[-79.34851547757032,33.10972937198047],[-78.62114426175,33.81066855044727],[-77.96291824856641,33.932811342195315],[-77.29591843167188,34.66659506411914],[-76.62176224270704,34.762950502351565],[-75.72924515286329,35.882125459626955],[-76.21517654934766,37.942611299470705],[-75.66752335110547,37.898109041169924],[-74.15280624905469,39.765235506013674],[-73.74050613919141,40.97749289126758],[-72.8544435171211,41.29373510928516],[-71.44921585598829,41.425052247957034],[-70.30209061184766,41.75944098086719],[-70.86807724514844,42.87142523379688],[-70.21647354641797,43.79962118716602],[-68.80406662503125,44.39320334048633],[-66.93893906155469,44.87928732486133],[-67.18675705471875,45.25231894107227],[-67.55923935452344,45.77224691958789],[-67.698536839875,47.0410114154375],[-69.04906937161329,47.46438177676563],[-70.5894288686836,45.294620119050784],[-71.53464981594922,44.95860632510547],[-74.78240677395704,45.012225709871096],[-76.13288973210058,44.32666667189694],[-76.17388185,43.625176175],[-76.937494,43.2370318],[-78.5033689,43.361989425],[-79.14004738860244,43.22208175207458],[-79.05015837548426,42.852258967447526],[-80.073365375,42.15337705],[-81.810780025,41.49482315],[-82.56755615,41.404496975],[-83.05604489302539,42.02697781506355],[-82.29783905825836,43.02869867471761],[-82.6580956,43.839640875],[-83.3855778,44.3126677],[-83.43090175,45.27498137500001],[-84.63379335,45.750982525],[-83.82065216736616,46.15038273949706],[-84.7436376579549,46.4684444370234],[-85.100187375,46.7486616],[-86.522136625,46.47541015],[-87.76048219999998,46.8639025],[-89.31140975,46.88141175],[-90.27661125,46.624989925],[-91.15034487499999,47.3676057],[-89.62202966765464,47.96837637116081],[-90,48.248511873201174],[-91.68210312405469,48.03871878238086],[-92.83900925198438,48.51513632388477],[-93.71323868313672,48.57442434878711],[-94.81984421292188,49.05071219058399],[-100.45978256741407,49.043250642732424],[-104.26153275051954,49.05566366763477],[-108.460743871125,49.059363923982424],[-110.67026230374219,49.05406530948047],[-115.164601293,49.056190095857424],[-121.05180069485547,49.05083426089649],[-122.90025040188672,49.06718023867969],[-122.82603928128125,48.023482881501955],[-124.67528244534375,48.38582571597461],[-124.3087892202461,47.45928534121875],[-123.99469467678907,45.76409491153125],[-124.33127304592969,44.07199057193164],[-124.13729568997266,43.665958009675784],[-124.62967392483594,43.013995729402346],[-124.30591470528,42.05481941461306],[-118.92496967885934,42.05481941461306],[-110.21438423951165,42.05481941461306],[-110.21438423951165,38.353102279729335],[-109.24871889997675,38.19215805647351],[-107.4783324441628,38.19215805647351],[-104.09850375579072,37.54838116345025],[-102.32811729997675,37.70932538670608],[-100.23584239765117,37.70932538670608],[-100.203663793,34.543475709871096],[-97.32948013821485,33.69986303897266],[-95.49879166165235,33.85555609317188],[-94.24692245999219,33.535159669832034],[-94.24619003811719,31.982127748445315],[-93.75207230130079,31.169316850618166],[-94.06056996749841,29.699064750217232]],[[-87.681606325,42.0226213],[-87.9083685,43.19183065],[-87.3432859,44.81771925],[-86.7200657,45.86716155],[-85.38184874999999,46.07483505],[-84.95189925,45.408151925],[-86.0017717,44.917198575],[-86.513782,43.68081785],[-86.2300562,42.61661005],[-86.51782685,42.035098975],[-87.224453225,41.634622675],[-87.681606325,42.0226213]]]},"properties":{"NAME":"United States","SUBJECTO":"United States","PARTOF":"United States"}},
{"type":"Feature","geometry":{"type":"Polygon","coordinates":[[[124.13388350924609,39.843143068269534],[125.296092066375,39.36432608218555],[124.73619368991015,38.2797809466875],[125.56173995455859,37.835548006013674],[126.62915,37.591377000000136],[126.371368,34.789162],[127.554153,34.656097],[128.451904,34.845543],[129.43942300000015,35.475822],[129.342468,37.257217],[128.641083,38.11721],[127.27688888033984,39.2216869220293],[127.67152694186328,39.86643560977344],[128.44658950289843,40.065867982820315],[129.47782424410937,40.682025514558596],[129.6412611337578,41.65584906192188],[130.43509963473437,42.27675970645313],[130.22588637789843,42.65130194278125],[128.75553420504687,42.060645662263674],[128.09849074801562,41.44936331363086],[126.47417739352343,41.651507936433596],[125.87949660739062,40.945026002839846],[124.49109939059375,40.27958258242969],[124.13388350924609,39.843143068269534]]]},"properties":{"NAME":"Korea","SUBJECTO":"Korea","PARTOF":"Korea"}},
{"type":"Feature","geometry":{"type":"Polygon","coordinates":[[[13.672,54.569],[13.225,54.634],[13.118,54.334],[13.508,54.343],[13.672,54.569]]]},"properties":{"NAME":null,"SUBJECTO":null,"PARTOF":null}},
{"type":"Feature","geometry":{"type":"Polygon","coordinates":[[[14.764,55.306],[14.678,55.102],[15.043,54.995],[15.149,55.129],[14.764,55.306]]]},"properties":{"NAME":null,"SUBJECTO":null,"PARTOF":null}},
{"type":"Feature","geometry":{"type":"Polygon","coordinates":[[[23.174,58.676],[23.071,58.588],[23.227,58.53],[23.347,58.639],[23.174,58.676]]]},"properties":{"NAME":null,"SUBJECTO":null,"PARTOF":null}},
{"type":"Feature","geometry":{"type":"Polygon","coordinates":[[[23.206,58.445],[22.112,58.492],[22.201,58.145],[23.206,58.445]]]},"properties":{"NAME":null,"SUBJECTO":null,"PARTOF":null}},
{"type":"Feature","geometry":{"type":"Polygon","coordinates":[[[22.948,58.844],[22.576,59.069],[22.229,58.878],[22.48,58.7],[22.948,58.844]]]},"properties":{"NAME":null,"SUBJECTO":null,"PARTOF":null}},
{"type":"Feature","geometry":{"type":"Polygon","coordinates":[[[23.181,59.042],[23.181,58.961],[23.381,58.976],[23.326,59.037],[23.181,59.042]]]},"properties":{"NAME":null,"SUBJECTO":null,"PARTOF":null}},
{"type":"Feature","geometry":{"type":"Polygon","coordinates":[[[20.123,60.081],[20.004,60.051],[20.137,59.992],[20.212,60.06],[20.123,60.081]]]},"properties":{"NAME":null,"SUBJECTO":null,"PARTOF":null}},
{"type":"Feature","geometry":{"type":"Polygon","coordinates":[[[20.295,60.121],[20.216,60.139],[20.205,60.081],[20.271,60.057],[20.295,60.121]]]},"properties":{"NAME":null,"SUBJECTO":null,"PARTOF":null}},
{"type":"Feature","geometry":{"type":"Polygon","coordinates":[[[19.565,60.249],[19.512,60.181],[19.543,60.128],[19.673,60.15],[19.565,60.249]]]},"properties":{"NAME":null,"SUBJECTO":null,"PARTOF":null}},
{"type":"Feature","geometry":{"type":"Polygon","coordinates":[[[20.067,60.296],[19.931,60.277],[19.772,60.081],[20.044,60.086],[19.914,60.217],[20.067,60.296]]]},"properties":{"NAME":null,"SUBJECTO":null,"PARTOF":null}},
{"type":"Feature","geometry":{"type":"Polygon","coordinates":[[[20.442,60.248],[20.341,60.241],[20.387,60.193],[20.442,60.248]]]},"properties":{"NAME":null,"SUBJECTO":null,"PARTOF":null}},
{"type":"Feature","geometry":{"type":"Polygon","coordinates":[[[11.044,54.518],[11.021,54.439],[11.313,54.407],[11.243,54.496],[11.044,54.518]]]},"properties":{"NAME":null,"SUBJECTO":null,"PARTOF":null}},
{"type":"Feature","geometry":{"type":"MultiPolygon","coordinates":[[[[-22.474139180573243,65.9963794574297],[-21.95479675808789,65.37804754825001],[-22.372910466583985,63.77318533511524],[-20.40394684353711,63.69834478946094],[-18.641863789948243,63.32381781192188],[-14.821200337799805,64.19502600283985],[-13.694187131317872,64.77862890811329],[-13.646900144013184,65.49534185977345],[-16.38522240200879,66.45441778750782],[-16.92214104214551,65.97755011172657],[-18.67629906216504,66.09119757266407],[-21.07972046414258,65.20544775576954],[-21.24248978176953,65.88181646914845],[-22.474139180573243,65.9963794574297]]],[[[9.49598220309375,54.93829306216602],[10.835,55.294],[9.311874422637207,56.481124483064455],[8.183429751006347,56.43146475406055],[8.616097483245117,54.88736303897266],[9.49598220309375,54.93829306216602]]],[[[-27.911971059235352,70.2824893817461],[-27.606051412018555,71.0681568011797],[-25.29125496426465,71.56889685244923],[-23.753737416657227,70.58956488223438],[-21.47082039395215,70.53233679385548],[-21.72596260586621,71.40459021182423],[-25.072955098541993,72.63444861026173],[-27.35715958157422,72.85914190860157],[-24.076420751007813,73.75567205996876],[-22.82030769863965,73.32747229190235],[-20.329588857086915,73.41964300723438],[-19.070908513458985,74.60894354434376],[-19.193547215851563,75.44353827090626],[-21.182682958039063,76.69747503848438],[-18.253375020416993,77.30013617129688],[-20.77668282070996,77.96861609073048],[-20.878828969391602,78.81792028994923],[-14.201948132904786,81.21013220401173],[-22.05288025418164,81.53975256533985],[-25.4572038320625,82.22100409121876],[-22.432360616120118,82.74334295840626],[-26.420754399689454,83.34231146426563],[-32.513173070343754,83.57699926944142],[-45.212861028107426,82.96670874209767],[-49.64758774319532,82.47806128116017],[-61.12241455593946,81.79757269473438],[-61.111805882843754,81.18244513125782],[-67.14280411282422,80.56214483828907],[-64.62318131008985,79.94921454043751],[-65.48489090481641,79.15823706241017],[-72.3832292226875,78.52572973819142],[-69.68751999417188,77.55508001895313],[-71.18388077298047,77.25953253360157],[-69.04484268704297,76.29375799746876],[-67.03665634671094,75.93623694033985],[-63.65076920071485,76.37993963809376],[-58.63566299954297,75.79326208682423],[-56.93939682522657,74.91901739688282],[-54.73041245022657,73.03760107608204],[-55.62637039700391,71.73035009951954],[-53.32285019436719,71.89084204287892],[-51.720124211701176,71.58955725283985],[-50.572628941925785,69.8662525043047],[-50.95377441922071,68.53928717227345],[-50.47708984890821,67.48220404239063],[-52.80789658108594,67.77477606387501],[-52.30317017117383,66.9094653949297],[-53.10253998318555,65.87324865908985],[-52.07773300686719,65.37242468448048],[-51.36576553860547,63.72601278872852],[-49.8574838308418,62.96654471011524],[-50.04793259182813,62.3140827045],[-49.116444554718754,62.103831850007815],[-48.915463414582035,61.42103537173633],[-47.15937134304883,60.85638006778125],[-45.62170502224805,60.60060080142383],[-43.14357086697461,59.81878241153125],[-42.27136322537305,62.19441946597461],[-40.51624771633985,63.78206976504688],[-39.9920167593086,65.53330572696095],[-35.97189804592969,65.84693487735157],[-34.43306061306836,66.3839526996172],[-32.95602127591016,67.64102514834767],[-26.963623967560547,68.50170477481251],[-22.73232933560254,69.77407415957813],[-24.58473297634961,70.30402716250782],[-27.911971059235352,70.2824893817461]]]]},"properties":{"NAME":"Denmark","SUBJECTO":"Denmark","PARTOF":"Denmark"}},
{"type":"Feature","geometry":{"type":"MultiPolygon","coordinates":[[[[31.0537824960625,69.63959082217579],[30.798840555754882,70.30796393008595],[28.30841353854297,70.9486499652422],[24.570508036223632,70.74138220401173],[23.203606638518554,69.94277533145313],[20.15765098055957,69.74782904239063],[17.406914743987304,68.77154120059376],[13.16864779910205,66.45833929629688],[12.112141642180664,65.12991674991017],[9.832105669585449,63.68362005801563],[7.989161524382812,62.94026907534961],[7.088180098143798,62.91019781680469],[5.148983511534912,61.740882478669924],[5.096230539885742,60.26413305850391],[5.805763277617675,59.94925268741016],[5.615484270659667,58.45521505923633],[6.958641085234863,57.97173651309375],[8.153747591582519,58.08954580874805],[10.549271616545898,59.37863119693164],[11.178854975310546,59.070289216951174],[11.22135833224414,58.30832251162891],[12.288620981780273,56.87985571475391],[12.414413485137207,56.24304159732227],[13.301851305571777,55.300696931794924],[14.28635028323291,55.51549490542774],[14.652893099395019,56.120616517976565],[15.770541224089843,56.0332103595293],[16.658679041472656,57.442950807527346],[16.744044336882812,58.31195028872852],[17.940136942473632,58.90848883242969],[19.03732398470996,59.86324270816211],[17.146208796111328,60.95282705874805],[17.06517699679492,61.53837927432422],[18.48662475070117,62.98124273867969],[20.70065978488086,63.818126283601565],[20.92119315585254,64.71382483096485],[22.645554575530273,65.93478735537892],[23.94773200472949,65.79668005557423],[23.487652811614257,67.83432348819142],[22.45976165255664,68.69354590030079],[25.62536910494922,68.80706366153126],[26.507250818816406,69.81245001407032],[27.90868094882129,69.88766821475392],[29.923598322478515,69.35460241885548],[31.0537824960625,69.63959082217579]]],[[[20.344210657683593,79.7962833270586],[20.99829390963672,79.1910816058672],[23.820517572966796,79.14745672793751],[27.19679549655078,79.9443546161211],[24.782862696257812,80.37966497989063],[20.524457010833007,80.32244452090626],[20.344210657683593,79.7962833270586]]],[[[13.396730455962402,79.43371161075001],[11.760330233184082,78.88018377871876],[16.617047342864257,78.46726568789845],[13.905090365020019,77.99990423770313],[15.098876032439453,77.11526831241017],[17.26699927767871,76.81286200137501],[19.11582282504199,78.45454748721485],[20.908095392791015,78.80939062686329],[17.834054026213867,79.80945166201954],[13.396730455962402,79.43371161075001]]]]},"properties":{"NAME":"Sweden–Norway","SUBJECTO":"","PARTOF":""}},
{"type":"Feature","geometry":{"type":"Polygon","coordinates":[[[18.785821414286094,49.89197719967832],[18.76846188827303,50.179294187807],[18.140061199789763,50.98765893485682],[17.89704356001341,52.175745173763424],[19.284944302736125,53.16509698725292],[20.010756986868163,53.04412820656425],[22.8066465600312,53.807603214866845],[22.79350760897754,54.90241201968555],[21.683967189178308,55.353470833438976],[20.945448908416015,56.069957338289065],[21.137343439666015,54.84545858950977],[19.9425707193291,54.849856935457034],[19.328099283782226,54.16145285220508],[18.279448542205078,54.72412069888477],[14.472936663237792,53.87677725406055],[13.780499491301757,53.77517660708789],[12.46253656621695,54.25478611729922],[13.255931833144935,53.57208863387033],[13.724707310025572,53.28112454477199],[12.835650371114015,52.941666440823944],[11.817276059269869,53.2164658583057],[11.080710944576243,52.97101553743332],[10.528051507851114,52.7365539582166],[10.210820802394673,51.66292843835752],[10.151422841538174,51.63653898756669],[10.180211007827452,51.596400792997],[10.54999041276354,51.574964305754335],[10.97269114557997,51.584342768923],[10.76502517541659,51.44366582139297],[10.46960358560352,51.489218356783645],[10.161683287225863,51.472371856563676],[9.648661002841433,51.30820472556066],[9.928550554747744,51.10460197250364],[12.064688906124996,51.023087323455535],[12.627272967271088,51.610675120652566],[14.715084927524362,51.410645232245066],[15.009285959807617,51.055621705964846],[16.728022608367187,50.148624025300784],[18.785821414286094,49.89197719967832]],[[11.059127497840146,51.55748842913606],[11.933692671447293,52.09339219509108],[12.160707461192127,51.84032652783454],[11.80343828388878,51.564931536996546],[11.059127497840146,51.55748842913606]]]},"properties":{"NAME":"Prussia","SUBJECTO":"Prussia","PARTOF":"Prussia"}},
{"type":"Feature","geometry":{"type":"Polygon","coordinates":[[[14.069946322051269,53.917769990876955],[13.778410944548828,54.04440649600391],[13.827770266143066,53.8297191485918],[14.069946322051269,53.917769990876955]]]},"properties":{"NAME":"Prussia","SUBJECTO":"Prussia","PARTOF":"Prussia"}},
{"type":"Feature","geometry":{"type":"Polygon","coordinates":[[[20.263026333447733,49.887011886376065],[18.76846188827303,50.179294187807],[18.785821414286094,49.89197719967832],[20.263026333447733,49.887011886376065]]]},"properties":{"NAME":"Republic of Kraków","SUBJECTO":"Republic of Kraków","PARTOF":"Republic of Kraków"}},
{"type":"Feature","geometry":{"type":"Polygon","coordinates":[[[20.263026333447733,49.887011886376065],[24.25734179581892,50.15930936607856],[26.03641120294111,49.633823296782545],[26.16266290937989,48.9405896176508],[27.70611861666797,48.43969687075977],[28.90822219965315,47.818388161083575],[29.426659831176035,46.81607540680601],[30.43284740345622,46.17574956961106],[31.781046900359375,46.701861940339846],[32.20216659030078,46.170360170320315],[33.63883880099414,45.92677267642383],[33.39549544772265,44.60049017520313],[34.01372436007617,44.49212225528125],[35.0673208566582,44.86172445865039],[34.906809839812496,46.273021303132815],[37.42214492282031,47.076881013826174],[39.159853968230465,47.26889380069141],[37.97017196139453,46.44128378482227],[37.47389129122851,44.692359529451174],[38.92371276339648,44.21186026187305],[40.251616510955074,43.268184267],[41.40974334200976,42.78824194522266],[41.48396209200976,41.436542116121096],[42.87842467745898,41.54550512881641],[43.95678618868945,42.59115561099414],[44.9779653879082,42.771991334871096],[46.041697535124996,42.04865225406055],[47.35008529147265,41.442325197175784],[48.22371258025433,41.4711466998491],[47.24856164173707,42.78491050892555],[47.49336150607226,43.58319052310352],[46.84594634493945,44.44641073794727],[47.556304010955074,45.4534984454668],[49.534514460173824,46.54151877017383],[51.36885741671679,47.09002264590625],[53.185217890349605,46.86522635074024],[52.84352401217578,45.5074535235918],[53.26908635721436,45.33513484496899],[53.52971802205928,45.28079190660822],[58.61325055554472,46.78686943441879],[65.32794773373107,50.388311925021654],[66.53055598363495,50.6365591166097],[71.88427941243191,51.741696060285435],[75.46333970080482,51.66317902331105],[77.05826462968167,52.23269917648369],[78.64995028619546,50.80567065685063],[81.47911433396416,50.29127719361997],[84.43687674754052,50.5484739252353],[91.12399176953926,52.47744941235032],[93.56736071988496,52.34885104654265],[95.18741562805542,53.79553064795783],[95.86577102559038,53.79553064795783],[97.31938973459386,52.826451508622185],[97.61011347639456,52.14809611108723],[101.01121047457812,51.671710573152346],[102.11743453463671,51.36111029239063],[102.63903335055468,50.4561839923418],[103.68075850924609,50.16643484683399],[105.1551008554375,50.443309389070315],[106.322947535125,50.416690431550784],[107.54907515963671,49.827098451570315],[109.42404464205859,49.2955394610918],[110.19990828951953,49.24101599307422],[112.52449325045703,49.462020479158205],[114.098338160125,50.27434881778125],[115.7336912485039,49.864032350496096],[116.56601241549609,50.005626283601565],[117.4905271860039,49.58627661319141],[119.29120162448046,50.124984346345705],[119.18234542330859,50.70172079654102],[120.1289778085625,51.73335989566211],[121.18775466403125,53.31972845645313],[123.3526106210625,53.510299287751955],[124.64319899996875,53.11245688052539],[125.50918105563281,53.15678747744922],[126.18638900241015,52.518146120027346],[126.6756086679375,51.445148073152346],[127.71199325045703,49.69929464908008],[130.47582534274218,48.89962347598438],[130.92454055270312,47.73228796573047],[132.268748316375,47.77841147036914],[134.11167434176562,48.24926718325977],[134.71737197360156,47.69420584292774],[134.16527846774218,47.3346019610918],[133.3848371835625,45.64880331607227],[132.7776136728203,44.98773916812305],[131.73954299410937,45.25929983706836],[130.99053481539843,44.817428194001955],[131.13964370211718,43.22656210513477],[130.22588637789843,42.65130194278125],[130.43509963473437,42.27675970645313],[132.1817884775078,43.19463690371875],[132.95279983004687,42.669540010408205],[134.1389417978203,42.99295385928516],[136.03397658785937,44.39840658755664],[137.72051528414843,45.996680818513674],[139.21370986422656,47.81061514468555],[140.08100417575,48.50260504336719],[140.45699599703906,50.103988252595705],[141.12119582614062,53.051631532625],[140.10245803317187,53.80170401187305],[138.41680434664843,54.09191092105274],[137.9793958993828,53.464583955720705],[136.3506574960625,53.70121344180469],[136.4916029306328,54.45549353213672],[135.0945082040703,54.432784639314455],[134.98522475680468,54.85393484683399],[137.22909072360156,55.98272284121875],[138.86675551852343,57.12446554751758],[140.02874282321093,57.64412649722461],[140.58739760836718,58.23931082339649],[142.8458509775078,59.272525392488284],[145.40413955172656,59.325503908113284],[148.4160871835625,59.09739264102344],[149.04528335055468,59.5871539935625],[151.1402082773125,59.43957098575],[152.50420669039843,58.76871832461719],[153.92443374117968,58.922347627595705],[154.31565383395312,59.983348451570315],[155.73389724215625,60.55536612124805],[157.09798720797656,61.633399568513674],[158.841258082,61.78396948428516],[160.64498427828906,60.71775396914844],[162.71056655367968,61.763187013582034],[162.99024489840625,62.32608374209766],[164.13767531832812,62.53265341372852],[163.79265883883593,61.128192506746096],[163.329295191375,60.694949708894534],[159.649119410125,58.953746400789065],[158.32625869235156,58.02682074160938],[156.77685073336718,57.580455385164065],[156.55787185153125,56.94747122378711],[155.62757399996875,56.26791723819141],[155.46520522555468,54.91977270694141],[156.03809646090625,52.7814899310625],[156.69637587985156,50.957748018220705],[157.8977766366875,51.6660228595293],[158.46136001071093,52.82596167178516],[159.89686110934375,53.240577302888674],[159.93114760836718,54.08635672183399],[162.0082044931328,54.738223634675784],[161.50274184664843,55.287372194246096],[162.317576441375,56.24010046573047],[162.512400660125,57.033492647126955],[161.80436233004687,58.101722322419924],[162.90740493258593,58.891280733064455],[163.38868239840625,59.814063631013674],[164.58460524996875,59.66465338321094],[165.77999404391406,60.35411413760547],[167.10398391207812,60.27102621646289],[169.1541242929375,60.434642396882815],[170.33680251559375,60.277103029207034],[172.00008681735156,60.85757406802539],[173.4809065195,61.60110052676563],[177.2908430429375,62.48678549380664],[178.73766616305468,62.29927023501758],[179.28769973239062,62.81507834048633],[178.34437087496875,63.457957826570315],[178.14725783785937,64.1566348895586],[180,64.95347937198048],[180,65.05193670840626],[180,65.31103094668751],[180,65.3816333636797],[180,65.96313055606251],[180,66.96313055606251],[180,67.96313055606251],[180,68.91989477725392],[175.61097243746875,69.77942999453907],[173.63665297946093,69.76070746035938],[170.45170119723437,70.01921423526173],[170.83280471285937,68.92194708438282],[169.38860610446093,68.71748694033985],[167.32007888278125,69.65857275576954],[166.30924514254687,69.37832983584767],[164.05369094332812,69.66003759951954],[161.96099379977343,69.52816351504688],[159.44381240328906,69.76456030459767],[158.40867141207812,70.81418951602345],[156.04317763766406,70.98655279727345],[152.13401320895312,70.66443213076954],[150.69370559176562,71.34668310733204],[148.71085647067187,71.62939795108204],[146.91512587985156,72.20190008731251],[141.2939710946953,72.78707464785938],[137.62967971285937,71.07541998477345],[135.51061538180468,71.51182135196095],[134.2413587900078,71.26194342227345],[132.28361037692187,71.66087683291798],[130.77927688082812,70.678340517],[128.43249038180468,71.75462683291798],[126.21644118746875,72.38231237979298],[128.5249281259453,72.95234259219532],[125.71732619723437,73.39780005069142],[120.57851699313281,72.83511694522267],[118.49779799899218,73.03624304385548],[118.46038344821093,73.51922949405079],[108.33986190280078,73.69124182315235],[113.6250486703789,75.27267035098438],[113.5330076547539,76.09365423770313],[111.42728713473437,76.56807287783985],[108.24447158297656,76.64641913028126],[103.39330581149218,77.55778845401173],[101.16646102389453,77.00576361270313],[99.4672346445,75.96692236514454],[93.59205916842578,75.88084753604298],[90,75.60154303164845],[86.9583235116875,74.78206213565235],[87.69079116305468,73.90001257510548],[80.46401504000781,73.31357916446095],[81.67136672457812,71.57430609317188],[79.22255996188281,72.27128943057423],[76.33285811862109,71.7197452411211],[73.21685317477343,71.45773657412892],[74.24957564791796,70.57294806094532],[73.91452315768359,69.15427740664845],[77.40597823580859,68.93561895938282],[78.53574660739062,67.6118350848711],[76.95493606051562,67.65331610293751],[77.03982070407031,68.46377142520313],[74.50497725924609,68.59347876162892],[74.74171737155078,67.68622168155079],[73.69016555270312,66.86506994815235],[72.2088117929375,66.17345770450001],[70.83993056735156,66.55140265078907],[72.8376951547539,67.6456485614336],[73.39364913424609,68.38238867373829],[72.52553084811328,69.06907995791798],[72.67970565280078,70.82351263614063],[71.797556910125,71.4318042621172],[72.71399978121875,72.76958807559376],[69.34311202487109,72.83426245303517],[68.31624892672656,71.63485296817188],[66.81797316989062,71.10538061709767],[67.42175582369921,70.2234302386797],[66.58425429782031,68.8855396136797],[62.28127196749804,69.70512732119923],[60.36923507174609,69.4676929339922],[60.51208404025195,68.58985479922657],[58.77038100680468,68.85600622744923],[57.02422622164843,68.44890936465626],[53.88911727389453,68.78699835391407],[48.08066085299609,67.56245764346485],[47.57118895968554,66.81631048770313],[46.40205291232226,66.71860083194142],[44.87120727023242,67.3124194964922],[46.63406661471484,67.70051153750782],[45.86343673190234,68.38334997744923],[43.82216552218554,68.32731970401173],[43.70359710177539,67.26593359561329],[44.383608851042965,66.61201819033985],[43.87621978243945,66.01096685977345],[42.21078780612109,66.41000708194142],[39.95132735690234,65.58116491885548],[40.46206191500781,64.75027807803517],[39.19344237765429,64.51103552432423],[36.88390639742968,65.06769903750782],[37.41054061373828,63.749496065095705],[35.081763300505855,64.28833349795704],[34.29341414889453,65.39624365420704],[34.54369643649218,66.00083502383595],[35.77174666842578,66.25886877627735],[39.19002822360156,66.03870733828907],[41.2552976938164,66.93697699160938],[40.826052698699215,67.66004522891407],[38.66845229586718,68.14634283633595],[37.24586394747851,68.7934985980547],[33.62837508639453,69.21468695254688],[31.0537824960625,69.63959082217579],[29.923598322478515,69.35460241885548],[27.90868094882129,69.88766821475392],[26.507250818816406,69.81245001407032],[25.62536910494922,68.80706366153126],[22.45976165255664,68.69354590030079],[23.487652811614257,67.83432348819142],[23.94773200472949,65.79668005557423],[25.251507792083007,65.4168887958086],[24.470093760100585,64.63552435489063],[21.03372863253711,62.477298341707034],[21.56100562533496,61.48492010684375],[21.56015113314746,60.51248510928516],[23.66465667208789,59.83555182071094],[25.58054450472949,60.2623363360918],[28.43523124179004,60.33733709903125],[29.076066050139648,59.907794557527346],[27.702038797942382,59.297504030183596],[25.72112182101367,59.459842287019534],[23.415757212249023,59.11896475406055],[24.34649947604297,57.15972097964649],[23.215449366179687,56.98066671939258],[22.56363776644824,57.615558229402346],[21.67733100375293,57.46365698428516],[20.945448908416015,56.069957338289065],[21.683967189178308,55.353470833438976],[22.79350760897754,54.90241201968555],[22.8066465600312,53.807603214866845],[20.010756986868163,53.04412820656425],[19.284944302736125,53.16509698725292],[17.89704356001341,52.175745173763424],[18.140061199789763,50.98765893485682],[18.76846188827303,50.179294187807],[20.263026333447733,49.887011886376065]]]},"properties":{"NAME":"Russian Empire","SUBJECTO":"Russian Empire","PARTOF":"Russian Empire"}},
{"type":"Feature","geometry":{"type":"Polygon","coordinates":[[[12.403803180168346,43.95575125312688],[12.487834386326892,43.89686497236423],[12.50411070103328,43.99007466227028],[12.403803180168346,43.95575125312688]]]},"properties":{"NAME":"San Marino","SUBJECTO":"San Marino","PARTOF":"San Marino"}},
{"type":"Feature","geometry":{"type":"Polygon","coordinates":[[[107.38697365112833,14.55689789165046],[107.46341231783984,14.996761880830569],[107.10751632174609,16.169568620637698],[106.63819411715625,16.484338365510744],[104.81215957125781,18.721570573762698],[103.89931014498828,19.313087068513674],[104.71581557711718,20.200439058259768],[104.12909224948046,20.939910493806643],[103.60706618746875,20.68288382144336],[102.99293807467578,20.939632020906252],[102.69068435153125,21.668059907869143],[101.96785262545703,22.533715806916994],[101.53504470309375,22.137536607698244],[101.75289443453906,21.47212751956348],[100.32079604586718,21.463782869294924],[99.75549605807421,22.12718351931934],[99.15594008883593,22.307843767122073],[98.76916030367968,24.08975752444629],[97.69524711923407,23.879622433915735],[98.19617514571422,21.60848326484582],[97.37243095460272,20.779832287303815],[97.27488230039214,18.503621734320777],[97.78759292086718,17.575469575837893],[98.39312270602343,17.083663545564455],[98.82361129244921,16.317746721223635],[98.57976821383593,15.471605859712405],[98.1370344491875,15.189550958589358],[98.48691848239062,14.372261606172366],[99.00300887545703,13.886227212861819],[99.09757522067187,12.972101770356936],[99.58108809908984,11.888709627107424],[98.59324172457812,10.120483003572268],[98.1771726938164,8.600222192720217],[99.02450850924609,7.871374689058108],[99.66299727877734,6.710008703187746],[100.1587400766289,6.340098463014407],[100.61741164645312,6.422341428712649],[101.76259902438281,5.586182676271243],[102.0738020273125,6.154240690187258],[101.55989364108203,6.739531599000735],[100.61492446383593,6.97892864795093],[100.131541285125,8.53205069156055],[99.7240476938164,9.257984720186037],[99.29845717867968,9.161765657380862],[99.07134536227343,9.898278795198244],[99.18617537936328,10.489401422456545],[99.89526656588671,12.079245172456545],[99.83370498141406,12.523833833650393],[100.23968032321093,13.490372262910647],[100.90870955905078,13.447337709382815],[100.8716307016289,12.67854269595508],[101.91858199557421,12.585492692903323],[102.52975753268359,12.148449502900881],[102.61214060120699,12.095773088301522],[102.75206225406839,12.39814782165346],[102.36026649911287,13.50781119865859],[102.93571651420376,14.149798677668697],[103.62135908537591,14.410834935182185],[104.35597612591754,14.32781081227482],[105.12732401848619,14.221020366583568],[105.86194105902777,13.97164700228271],[106.13130064055972,13.959765301976683],[106.14354425790205,14.090430210821426],[106.0455953191632,14.387116903354189],[106.51085277817286,14.541238916856427],[106.84143044641657,14.315947710171523],[107.38697365112833,14.55689789165046]]]},"properties":{"NAME":"Rattanakosin Kingdom","SUBJECTO":"Rattanakosin Kingdom","PARTOF":"Rattanakosin Kingdom"}},
{"type":"Feature","geometry":{"type":"Polygon","coordinates":[[[66.53055598363495,50.6365591166097],[65.32794773373107,50.388311925021654],[58.61325055554472,46.78686943441879],[53.52971802205928,45.28079190660822],[53.26908635721436,45.33513484496899],[51.51272872408984,45.37257345767383],[50.874304804412105,44.62624701114063],[51.17103484591601,43.71806677432422],[52.51981643160937,42.072555147126955],[53.98521712741015,42.10553701968555],[54.16719726046679,41.482974611238284],[54.81849578341601,40.87956961245899],[53.257300409880855,40.764632783845705],[52.84545043429492,40.18038138003711],[53.51590255221484,39.77811010928516],[54.07141784152148,38.89694555850391],[54.015112909880855,37.34832724185352],[55.35565856417773,38.03765066714649],[57.225466761199215,38.18818625064258],[58.09498885592578,37.728030763582034],[59.240481409636715,37.44784124942188],[60.34631255587695,36.60736807437305],[61.01400283297656,36.63655813784961],[61.221343073455074,35.581615053132815],[62.67759231051562,35.265460573152346],[63.11659530123828,35.78940924258594],[64.540720972625,36.338092409089846],[64.82598403414843,37.14788397403125],[65.72472670992968,37.490279756501955],[67.51531508883593,37.213782869294924],[67.8555403085625,36.85289343448047],[68.70652297457812,37.18221624942188],[69.30783370455859,37.08373221011524],[70.02215102633593,37.45688208194141],[70.71880629977343,38.364886842683596],[71.44410994967578,37.83401449771289],[71.30323317965625,37.17035635562305],[71.84756759127734,36.7160716876543],[73.04716018160937,37.32828863711719],[74.73327163180468,37.20940359683399],[75.01015761813281,37.465518556550784],[74.57975295504687,38.59007986636524],[73.85831740817187,38.541507326082034],[73.8270750375664,39.78373297305469],[75.42999556979296,40.6102367267168],[76.481638941375,40.43697317691211],[77.49228919627829,41.05637914530269],[76.97912209939041,41.719655562337365],[74.89264025616882,42.69009036025913],[73.77661508421309,42.974761470419786],[76.73650793157395,43.364042331125],[72.9517269136371,45.03365773122351],[66.53055598363495,50.6365591166097]],[[61.24960821771218,46.61146341148169],[60.99888748626755,45.92159094381482],[61.174589416177575,45.18756344758733],[60.94361047461047,44.44112794636124],[60.07694589898692,43.608606228433],[59.50542108203239,43.91408401214207],[58.367306895592854,43.73711826857644],[58.19851459213994,44.519655010233876],[58.81544552581277,45.931203365557586],[60.2705078125,46.69970703125],[61.24960821771218,46.61146341148169]]]},"properties":{"NAME":"Turan","SUBJECTO":"Turan","PARTOF":"Turan"}},
{"type":"Feature","geometry":{"type":"Polygon","coordinates":[[[178.175537,-18.241665],[178.693298,-18.025002],[178.170532,-17.342499],[177.510254,-17.509445],[177.333313,-18.119446],[178.175537,-18.241665]]]},"properties":{"NAME":"Tuʻi Tonga Empire","SUBJECTO":"Tuʻi Tonga Empire","PARTOF":"Tuʻi Tonga Empire"}},
{"type":"Feature","geometry":{"type":"Polygon","coordinates":[[[-109.241386,-27.133057],[-109.365837,-27.063335],[-109.42778,-27.201946],[-109.241386,-27.133057]]]},"properties":{"NAME":"Polynesians","SUBJECTO":"Polynesians","PARTOF":"Polynesians"}},
{"type":"Feature","geometry":{"type":"Polygon","coordinates":[[[114.02923402719802,22.508457822712955],[114.32911931029123,22.272308319943782],[114.30903130089744,22.553519333285553],[114.02923402719802,22.508457822712955]]]},"properties":{"NAME":"Hong Kong","SUBJECTO":"Hong Kong","PARTOF":"Hong Kong"}},
{"type":"Feature","geometry":{"type":"Polygon","coordinates":[[[108.5604734750664,19.06029661746387],[108.6519270273125,18.482448183015627],[109.42965224703906,18.096622072175784],[110.26251510104296,18.625627122834963],[110.61735061129687,20.017461381868166],[109.55032638033984,19.913556657747073],[108.5604734750664,19.06029661746387]]]},"properties":{"NAME":"Manchu Empire","SUBJECTO":"Manchu Empire","PARTOF":"Manchu Empire"}}
]}