{"type":"FeatureCollection", "features": [
{"type":"Feature","geometry":{"type":"Polygon","coordinates":[[[5.823500189391357,49.50710638614063],[6.433043036071044,49.445331178621096],[6.108513388243896,50.11745413394336],[5.823500189391357,49.50710638614063]]]},"properties":{"NAME":"Luxembourg","SUBJECTO":"Luxembourg","PARTOF":"Luxembourg"}},
{"type":"Feature","geometry":{"type":"Polygon","coordinates":[[[32.6590919394691,35.138238476467514],[32.60339263400195,34.61473425479297],[33.676461145327124,34.93545764173562],[32.6590919394691,35.138238476467514]]]},"properties":{"NAME":"Cyprus","SUBJECTO":"Cyprus","PARTOF":"Cyprus"}},
{"type":"Feature","geometry":{"type":"MultiPolygon","coordinates":[[[[136.72185805758593,37.265933595613284],[136.66849807223437,36.66749533267383],[135.15697768649218,35.646468721345705],[132.66285232028125,35.380626283601565],[130.89904311617968,33.90366705508594],[134.4273176523125,34.628177247957034],[135.75567153414843,33.34231527896289],[136.73385146578906,34.874087892488284],[138.14905837496875,34.52788122744922],[139.42260268649218,35.165511690095705],[140.31661513766406,35.033816896394534],[140.8722181650078,37.91744955630664],[141.49639419039843,38.42189749331836],[141.9981184335625,39.67198904605274],[141.15255263766406,40.86541708560352],[139.91515639742968,40.574954591707034],[140.03008559664843,39.48317679019336],[139.19793227633593,37.92043264956836],[137.46403029879687,36.85367926211719],[136.72185805758593,37.265933595613284]]],[[[132.6987562509453,32.54885824771289],[133.15415481051562,33.21636541934375],[133.99859145602343,33.14826925845508],[134.54041579684375,34.012698732332034],[132.78431228121875,33.90752371402149],[132.1211195321953,33.34754904361133],[132.6987562509453,32.54885824771289]]],[[[130.74401381930468,30.887834154084963],[131.83098891696093,32.69308813662891],[131.6698255868828,33.30853231997852],[130.42656997164843,33.674171052888674],[129.34337905367968,33.15138968081836],[130.74401381930468,30.887834154084963]]],[[[140.1124525400078,41.27311285586719],[140.24552443942187,42.22844275088672],[141.9281263681328,42.50126226992969],[143.21375564059375,41.92653997989063],[143.8479261728203,42.77464636416797],[145.44813064059375,43.169559083894534],[145.05938247164843,43.78576620669727],[143.50817397555468,44.15576132388477],[141.87533095797656,45.43542440982227],[141.30364516696093,43.187030397371096],[139.7117414804375,42.47759588809375],[140.1124525400078,41.27311285586719]]]]},"properties":{"NAME":"Japan","SUBJECTO":"Japan","PARTOF":"Japan"}},
{"type":"Feature","geometry":{"type":"Polygon","coordinates":[[[91.60775283297656,27.641450487092776],[91.15224746188281,28.032367311433596],[89.36553481539843,27.876128755525393],[88.80257705172656,27.18099173159961],[90,26.778745256379885],[91.90890029391406,26.805301271394534],[91.60775283297656,27.641450487092776]]]},"properties":{"NAME":"Bhutan","SUBJECTO":"Bhutan","PARTOF":"Bhutan"}},
{"type":"Feature","geometry":{"type":"Polygon","coordinates":[[[-17.016083684357422,21.314147554353518],[-13.024399724396485,21.279456697419924],[-13.116560902985352,22.78560408206348],[-11.990525212677735,23.478738389924807],[-11.893217053803223,25.895093522981448],[-8.688412633332032,25.913617692903323],[-8.629150357636231,27.172677598909182],[-8.641209569367188,27.566762529329104],[-13.123640027436036,27.546344362214846],[-13.628725018891114,26.591056428865237],[-14.36725422421338,26.119227968171877],[-14.820046391876954,24.73287733645801],[-15.714025464447754,23.873057924226565],[-17.016083684357422,21.314147554353518]]]},"properties":{"NAME":"Western Sahara","SUBJECTO":"Western Sahara","PARTOF":"Western Sahara"}},
{"type":"Feature","geometry":{"type":"Polygon","coordinates":[[[51.28782561740039,24.410777650789065],[50.968333277312496,24.436244569734377],[51.11975005587695,24.398660264924807],[51.28782561740039,24.410777650789065]]]},"properties":{"NAME":"Qatar","SUBJECTO":"Qatar","PARTOF":"Qatar"}},
{"type":"Feature","geometry":{"type":"Polygon","coordinates":[[[51.11975005587695,24.398660264924807],[51.95289901217578,22.484189592317385],[55.367381128874996,22.065713487581057],[55.69875243624804,22.302699647859377],[55.65806106051562,23.74446638675098],[56.40525725802539,24.91874846072559],[56.16130736788867,25.473344407991213],[56.15673354586718,25.96647986026172],[54.34709838351367,24.15445288272266],[51.58590224703906,24.00322111697559],[51.28782561740039,24.410777650789065],[51.11975005587695,24.398660264924807]]]},"properties":{"NAME":"United Arab Emirates","SUBJECTO":"United Arab Emirates","PARTOF":"United Arab Emirates"}},
{"type":"Feature","geometry":{"type":"Polygon","coordinates":[[[-4.865763631256836,24.99489554019336],[-6.555289235504883,24.896115861848635],[-6.12438723126294,20.96373900027637],[-5.483117070587891,15.468906007722659],[-10.647132840546387,15.425777040437502],[-11.551504102143067,15.579372011140627],[-11.9038009313667,14.814458452180666],[-11.979639020355958,13.688828073457522],[-11.423556294831055,12.395308099702639],[-10.653490987213868,11.859534822419924],[-9.12341591397168,12.459765993074221],[-7.90747353115918,10.121322236970705],[-7.054461923035401,10.050104700044436],[-6.476800885590333,10.581123910859866],[-5.563794103058594,10.357699953035159],[-5.214520421417969,11.853566728547854],[-4.510281529816407,12.220051370576662],[-4.21902891674878,13.23883207888965],[-3.334784951599854,13.193208299592776],[-2.858042922409791,13.965157113984866],[-0.69262852946164,15.090307794526858],[0.273969087210876,14.962529741243166],[1.448359164801818,15.24912603946094],[3.401617321578247,15.343259416536135],[3.952493700591308,15.880431734041018],[4.248765978423339,17.255103670076174],[4.203835520354492,19.136262498811526],[3.225168737975341,18.952552400544924],[3.187091860381347,19.746856294587893],[1.839478764144165,20.16483648867969],[1.087368759719116,21.132964693025393],[-1.651156630905884,22.845944963411135],[-4.865763631256836,24.99489554019336]]]},"properties":{"NAME":"Mali","SUBJECTO":"Mali","PARTOF":"Mali"}},
{"type":"Feature","geometry":{"type":"Polygon","coordinates":[[[56.40525725802539,24.91874846072559],[55.65806106051562,23.74446638675098],[55.69875243624804,22.302699647859377],[56.03019240817187,21.237395845369143],[53.624358210173824,19.895621858552737],[51.80605224093554,18.982875429109377],[53.02094939669726,16.65376814456348],[55.19483855685351,17.148564897493166],[55.561072382537105,17.937171541169924],[56.25759032687304,17.97677382083301],[56.73888686617968,18.689376436189455],[57.83862975558398,19.034806810334963],[57.80608275851367,20.171960435823244],[58.51204970797656,20.421229921296877],[59.837283167449215,22.279178224519534],[58.62849334200976,23.458295427278323],[57.14619735201953,23.98247107119922],[56.40525725802539,24.91874846072559]]]},"properties":{"NAME":"Oman","SUBJECTO":"Oman","PARTOF":"Oman"}},
{"type":"Feature","geometry":{"type":"Polygon","coordinates":[[[2.320128950682861,12.17146261783008],[3.609702620116455,11.721436105684084],[4.190213236418945,13.479182802156252],[5.501391443816406,13.792027078584475],[6.863709482756835,13.062759958223147],[8.095267328826171,13.279785715059084],[9.05742076357959,12.821483217195315],[10.41347030123828,13.306189142183108],[12.251965555754882,13.075524888948244],[13.538728746978027,13.65514525027637],[13.480414423552734,14.404780946687502],[15.488629374114257,16.888942323640627],[15.668408426848632,19.552930437043948],[15.96227744540332,20.323638521150393],[15.207608255950195,21.418717943147463],[14.967711481658203,22.968030534700198],[14.180097612944824,22.569409929231448],[13.527384790984375,23.06133421512012],[11.959014925566894,23.471690736726565],[7.538447889891845,20.91636236758594],[5.775469336119873,19.44418676944141],[4.203835520354492,19.136262498811526],[4.248765978423339,17.255103670076174],[3.952493700591308,15.880431734041018],[3.401617321578247,15.343259416536135],[1.448359164801818,15.24912603946094],[0.273969087210876,14.962529741243166],[0.396500799266082,14.06699427218799],[0.976082357970459,13.021619401887698],[2.320128950682861,12.17146261783008]]]},"properties":{"NAME":"Niger","SUBJECTO":"Niger","PARTOF":"Niger"}},
{"type":"Feature","geometry":{"type":"Polygon","coordinates":[[[14.033436808196289,13.060618959382815],[15.00175384005664,12.017644487336916],[15.16351035555957,10.372434221223635],[13.910858187285644,9.551455102876467],[15.004431757537109,8.540975175813479],[15.556958231536132,7.501873098329348],[16.947911295500976,7.516480050996584],[18.542758020964843,8.008997522310061],[18.886469873992187,8.900866113618655],[20.330506357756835,9.081043802217287],[22.277844462004882,10.967517457917971],[22.818951639739257,10.907167993501467],[22.26095679720996,12.677052102998537],[21.778044733611328,12.80131109805469],[23.013073954192382,15.681200586274905],[23.95093825778125,15.69943007083301],[23.949723276702148,19.47427710147266],[20.548014673796875,21.16387327762012],[15.97051719149707,23.38058813662891],[14.967711481658203,22.968030534700198],[15.207608255950195,21.418717943147463],[15.96227744540332,20.323638521150393],[15.668408426848632,19.552930437043948],[15.488629374114257,16.888942323640627],[13.480414423552734,14.404780946687502],[13.538728746978027,13.65514525027637],[14.033436808196289,13.060618959382815]]]},"properties":{"NAME":"Chad","SUBJECTO":"Chad","PARTOF":"Chad"}},
{"type":"Feature","geometry":{"type":"Polygon","coordinates":[[[101.96785262545703,22.533715806916994],[102.99293807467578,20.939632020906252],[104.12909224948046,20.939910493806643],[104.71581557711718,20.200439058259768],[103.89931014498828,19.313087068513674],[104.81215957125781,18.721570573762698],[106.63819411715625,16.484338365510744],[107.10751632174609,16.169568620637698],[107.39329055270312,14.583531938508791],[107.38450149020312,12.354075990632815],[105.84254744967578,11.5827070102251],[105.49370864352343,10.888218484834475],[104.38717940768359,10.314412675813479],[104.97852614840625,9.980911813691897],[104.7424803110039,8.493669115022463],[106.48202804049609,9.552120767549319],[106.7043943735039,10.448421083406252],[107.41204360446093,10.367358766511721],[109.07335189303515,11.635222040132327],[109.30712417086718,12.906332574800295],[108.78612044772265,15.090558610872073],[108.23614791354296,16.080380998567385],[106.43306258639453,17.55027922244434],[105.53258040866015,18.84421118350391],[105.84338668307421,19.702409349397463],[106.80704024752734,20.905006013826174],[107.87561324557421,21.462068162874026],[107.09811690768359,21.649287782625002],[105.31343368014453,23.296004854158205],[104.47811416110156,22.78323134036426],[101.96785262545703,22.533715806916994]]]},"properties":{"NAME":"Vietnam","SUBJECTO":"Vietnam","PARTOF":"Vietnam"}},
{"type":"Feature","geometry":{"type":"Polygon","coordinates":[[[-82.17722794094922,22.365911088899416],[-79.7345475820625,21.671853624299807],[-78.72787949124219,21.61678846927051],[-78.45036026516797,20.969003282502932],[-77.29118057766797,20.70449598880176],[-77.46084305325391,19.87143477054004],[-75.51905533352735,19.907353959993166],[-74.34484573880079,20.32301291079883],[-75.60392471829297,21.013194642976565],[-77.33981796780469,21.51166494937305],[-78.17056747952344,22.120128236726565],[-79.75995346585157,22.75878294558887],[-81.43114944973829,23.136655412629885],[-82.17722794094922,22.365911088899416]]]},"properties":{"NAME":"Cuba","SUBJECTO":"Cuba","PARTOF":"Cuba"}},
{"type":"Feature","geometry":{"type":"Polygon","coordinates":[[[105.05652907809375,14.239496789888186],[106.72597793063281,14.306491456941409],[107.39329055270312,14.583531938508791],[107.10751632174609,16.169568620637698],[106.63819411715625,16.484338365510744],[104.81215957125781,18.721570573762698],[103.89931014498828,19.313087068513674],[104.71581557711718,20.200439058259768],[104.12909224948046,20.939910493806643],[102.99293807467578,20.939632020906252],[101.96785262545703,22.533715806916994],[101.0139875741875,21.442420564607424],[100.00115493258593,20.458650194124026],[100.5004148813164,19.43925627322559],[101.86464980563281,18.107404313997073],[102.66148665866015,17.84536512942676],[103.22452834567187,18.439221940950198],[103.9275617929375,18.278237901643557],[104.58424666842578,17.32957800479297],[104.6104002328789,16.643878541902346],[105.47315505465625,15.15017469973926],[105.05652907809375,14.239496789888186]]]},"properties":{"NAME":"Laos","SUBJECTO":"Laos","PARTOF":"Laos"}},
{"type":"Feature","geometry":{"type":"MultiPolygon","coordinates":[[[[-156.0324449209297,20.19588430972461],[-156.03416916409375,19.10568770022754],[-154.9476823476875,19.482865892366213],[-156.0324449209297,20.19588430972461]]],[[[-122.90025040188672,49.06718023867969],[-122.82603928128125,48.023482881501955],[-124.67528244534375,48.38582571597461],[-123.99469467678907,45.76409491153125],[-124.62967392483594,43.013995729402346],[-124.15260788479688,41.580150209382815],[-124.36481186428907,40.33432348819141],[-123.79630753079297,39.03041037173633],[-121.9320573476875,37.008975587800784],[-121.92680069485547,36.338267885164065],[-120.67728897610547,35.189334474519534],[-120.52868362942579,34.50833090396289],[-118.60435196438672,34.096419893220705],[-117.49671646633985,33.32543142886524],[-117.17368027249219,32.520553194001955],[-114.88409134426954,32.635718904451174],[-114.62180801907422,32.42695578189258],[-111.08886429348829,31.306699357942385],[-108.37103745022657,31.277612291291994],[-108.2321061758125,31.724301897004885],[-106.54451462307813,31.702058397249026],[-105.12630936184766,30.614627443269534],[-104.57434555569532,29.579730592683596],[-103.5860108999336,29.05687864871387],[-102.44769760647657,29.687442384675784],[-101.03329178372266,29.32622679324512],[-99.60426804104688,27.46897467227344],[-99.09998795071485,26.40879400821094],[-97.2599610952461,25.811372362092776],[-97.63229843655469,27.228431306794924],[-96.83145615139844,28.15840109439258],[-94.1415300039375,29.690021120027346],[-93.44552322903516,29.76776846499805],[-90,29.108672700837893],[-89.23280808010938,30.406005464509768],[-87.7745866445625,30.26280363650684],[-86.38868423977735,30.472713075593752],[-85.30477615872266,29.66390760989551],[-83.8861817983711,30.048348985627932],[-82.64696213284375,28.9065013751543],[-82.84134384671094,27.838002763704104],[-81.09792038479688,25.12504728885059],[-80.31409927883985,25.243880830720705],[-80.04998489895704,26.551089845613284],[-80.60545822659375,28.560990892366213],[-81.5115480093086,30.72724875064258],[-80.5806398061836,32.496783815339846],[-76.62176224270704,34.762950502351565],[-75.72924515286329,35.882125459626955],[-76.21517654934766,37.942611299470705],[-75.66752335110547,37.898109041169924],[-74.15280624905469,39.765235506013674],[-73.74050613919141,40.97749289126758],[-70.30209061184766,41.75944098086719],[-70.86807724514844,42.87142523379688],[-70.21647354641797,43.79962118716602],[-66.93893906155469,44.87928732486133],[-67.18675705471875,45.25231894107227],[-67.698536839875,47.0410114154375],[-69.04906937161329,47.46438177676563],[-70.5894288686836,45.294620119050784],[-71.53464981594922,44.95860632510547],[-74.78240677395704,45.012225709871096],[-76.13288973210058,44.32666667189694],[-76.937494,43.2370318],[-79.14004738860244,43.22208175207458],[-79.05015837548426,42.852258967447526],[-80.073365375,42.15337705],[-82.56755615,41.404496975],[-83.05604489302539,42.02697781506355],[-82.29783905825836,43.02869867471761],[-83.3855778,44.3126677],[-83.82065216736616,46.15038273949706],[-84.7436376579549,46.4684444370234],[-86.522136625,46.47541015],[-87.76048219999998,46.8639025],[-90.27661125,46.624989925],[-91.15034487499999,47.3676057],[-89.62202966765464,47.96837637116081],[-91.68210312405469,48.03871878238086],[-94.81984421292188,49.05071219058399],[-100.45978256741407,49.043250642732424],[-104.26153275051954,49.05566366763477],[-110.67026230374219,49.05406530948047],[-115.164601293,49.056190095857424],[-121.05180069485547,49.05083426089649],[-122.90025040188672,49.06718023867969]],[[-87.783217775,42.2036053],[-87.9083685,43.19183065],[-86.7200657,45.86716155],[-85.38184874999999,46.07483505],[-84.95189925,45.408151925],[-86.0017717,44.917198575],[-86.513782,43.68081785],[-86.2300562,42.61661005],[-87.224453225,41.634622675],[-87.783217775,42.2036053]]],[[[-141.0592546133125,69.59546240420704],[-143.30757614651563,70.19675024600392],[-145.27254196682813,70.11638220401173],[-149.28632065335157,70.53923376651173],[-156.90474411526563,71.34585913272267],[-160.2403306631172,70.85846289248829],[-162.8791246084297,69.9990650043047],[-164.067189183625,69.06467779727345],[-166.84352585354688,68.40520819278126],[-163.7387437490547,67.21832617373829],[-161.93573471585157,67.08837469668751],[-162.2750749258125,66.07097967715626],[-164.46313950100782,66.59615667910938],[-168.17979904690625,65.6938892230547],[-166.13866135159375,65.35480078311329],[-166.5860337881172,64.73040350528126],[-163.02521225491407,64.44165381045704],[-161.2906236318672,64.96410711856251],[-161.13301559964063,63.562842927888674],[-165.43123337307813,62.429542146638674],[-165.89809128323438,61.270335756257815],[-164.02740952053907,59.79824408145313],[-162.3781022695625,60.16311606021289],[-162.00392624417188,58.826610170320315],[-160.43053146878125,59.00216635318164],[-158.29141708889844,58.730208955720705],[-157.665333714875,57.6042438373125],[-160.45729538479688,56.19991263003711],[-159.07692429104688,55.991962037996096],[-156.68457504788282,57.400699220613284],[-154.64931198635938,58.076480470613284],[-154.28227707425,59.2487750873125],[-151.78299423733594,59.99495657534961],[-151.38795944729688,59.21278341861133],[-149.32562729397657,60.02748068423633],[-148.49261948147657,61.0643382892168],[-144.4064225820625,60.09257086367969],[-139.572560277375,59.89999731631641],[-139.20009323635938,59.2773395404375],[-137.57666489163282,58.604163728669924],[-134.12349411526563,58.239215455964846],[-131.76700302639844,56.0100055560625],[-130.00269028225782,55.28853949160938],[-130.28743454495313,56.107493959382815],[-131.72487350979688,56.60519369693164],[-133.50284287014844,58.42426260562305],[-135.85481735745313,59.646319948152346],[-137.22333237210157,58.88222845645313],[-139.00514694729688,60.258380495027346],[-140.89491745510938,60.38881643863086],[-140.92728134671094,63.785506807283205],[-140.97377487698438,66.0257984027422],[-141.0592546133125,69.59546240420704]]]]},"properties":{"NAME":"United States","SUBJECTO":"United States","PARTOF":"United States"}},
{"type":"Feature","geometry":{"type":"MultiPolygon","coordinates":[[[[109.42965224703906,18.096622072175784],[110.26251510104296,18.625627122834963],[110.61735061129687,20.017461381868166],[109.55032638033984,19.913556657747073],[108.57689956149218,19.18737181277637],[108.6519270273125,18.482448183015627],[109.42965224703906,18.096622072175784]]],[[[101.96785262545703,22.533715806916994],[104.47811416110156,22.78323134036426],[105.31343368014453,23.296004854158205],[107.09811690768359,21.649287782625002],[107.87561324557421,21.462068162874026],[109.11740401705859,21.39900930972461],[110.0772199960625,20.867482744172854],[111.08559707125781,21.479402147249026],[112.74952224215625,21.756068788484377],[113.71678451022265,22.482215486482424],[116.34061721285937,22.9133315906084],[118.81294539889453,24.84941443057422],[119.47034743746875,25.77168234439258],[119.428904566375,26.590831361726565],[120.35180953463671,27.177013002351565],[121.35852340182421,28.385663591340823],[121.77031997164843,29.834281526521487],[121.60595992526171,31.827626787141604],[120.66086104830859,32.54311712832813],[119.97359755953906,34.13522299380664],[119.02086165866015,34.691932283357424],[120.13933852633593,36.194800935701174],[121.84669784030078,36.86017569156055],[120.65811446627734,37.73646505923633],[119.59885695895312,37.11661871524219],[118.87524703463671,37.94942816348438],[117.58946517428515,38.28448065371875],[117.75288680514453,39.20253714175586],[118.97764113864062,39.22413595767383],[121.01060775241015,40.85068091006641],[122.10791305026171,40.35372122378711],[122.02749160250781,39.25575979800586],[124.13388350924609,39.843143068269534],[125.87949660739062,40.945026002839846],[126.47417739352343,41.651507936433596],[128.09849074801562,41.44936331363086],[130.22588637789843,42.65130194278125],[131.13964370211718,43.22656210513477],[130.99053481539843,44.817428194001955],[131.73954299410937,45.25929983706836],[132.7776136728203,44.98773916812305],[133.3848371835625,45.64880331607227],[134.16527846774218,47.3346019610918],[134.11167434176562,48.24926718325977],[132.268748316375,47.77841147036914],[130.92454055270312,47.73228796573047],[130.47582534274218,48.89962347598438],[127.71199325045703,49.69929464908008],[126.18638900241015,52.518146120027346],[125.50918105563281,53.15678747744922],[123.3526106210625,53.510299287751955],[121.18775466403125,53.31972845645313],[119.18234542330859,50.70172079654102],[119.29120162448046,50.124984346345705],[117.4905271860039,49.58627661319141],[116.75977614840625,49.92989309878711],[115.5963621469414,48.10479696841602],[118.77115920504687,47.86196478457813],[119.79475692233203,46.96586187930469],[116.47667220553515,46.30715521426563],[115.62134841403125,45.49479254336719],[113.76871016940234,44.86583288760547],[112.10167983492968,45.14022406192188],[111.41619399508593,44.40317114444141],[111.94530013522265,43.86007269473438],[109.37953475436328,42.43508490176563],[107.35880568942187,42.41124304385547],[105.02496627291796,41.58523520083789],[103.50889113864062,41.85858877749805],[101.7360105844414,42.54075964541797],[98.21802047213671,42.59848364444141],[96.40847304782031,42.74890097232227],[95.24398330172656,44.27702673526172],[93.50710586032031,44.942916475251955],[90,45.328494630769534],[90,47.844684205964846],[88.22992232760546,48.53742178531055],[87.86840346774218,49.232886873201174],[87.39988234957812,49.19203146548633],[85.60924819430468,48.1003375873125],[85.47764876803515,47.092662416414065],[83.25171187838671,47.29487570376758],[82.4398908945,45.735477052644534],[80.23662856539843,45.12263449283008],[80.77205947360156,43.382457338289065],[80.26470473727343,42.241439424470705],[78.40125564059375,41.22801550479297],[77.12774184664843,41.12502249331836],[76.481638941375,40.43697317691211],[75.42999556979296,40.6102367267168],[74.00865462741015,39.963199220613284],[73.76455977877734,39.45107992740039],[74.57975295504687,38.59007986636524],[74.73327163180468,37.20940359683399],[74.52053359469531,37.004581056550784],[75.62776473483203,36.76897390933399],[75.88974288424609,36.023238740876955],[77.62022689303515,35.406436525300784],[78.5086164804375,34.497813783601565],[78.62453750094531,33.50422628970508],[79.56532576998828,32.70180853457813],[78.78180221041796,32.002418123201174],[79.10879043063281,31.45927771182422],[81.02130416354296,30.246511064485354],[81.65574935397265,30.454833589509768],[83.40201095065234,29.539681993440432],[85.14416793307421,28.341794572786135],[87.21436599215625,27.843293748811526],[88.19726088961718,27.87575491519336],[88.80257705172656,27.18099173159961],[89.36553481539843,27.876128755525393],[91.15224746188281,28.032367311433596],[91.60775283297656,27.641450487092776],[94.57171157321093,29.200709901765627],[96.2545652719414,28.385312639192385],[97.34041884860156,28.18211515994434],[98.63722518405078,27.478742204622073],[98.73374465426562,26.34318121524219],[97.52405074557421,24.799996934846682],[97.63116744479296,24.273633562043948],[98.76916030367968,24.08975752444629],[99.15594008883593,22.307843767122073],[100.32079604586718,21.463782869294924],[101.0139875741875,21.442420564607424],[101.96785262545703,22.533715806916994]]]]},"properties":{"NAME":"China","SUBJECTO":"China","PARTOF":"China"}},
{"type":"Feature","geometry":{"type":"Polygon","coordinates":[[[-71.77705856839063,19.771005235627932],[-72.6764650014961,19.39217909427051],[-72.74589249173047,18.508500657991213],[-71.67702957669141,18.002502046541018],[-71.77705856839063,19.771005235627932]]]},"properties":{"NAME":"Haiti","SUBJECTO":"Haiti","PARTOF":"Haiti"}},
{"type":"Feature","geometry":{"type":"Polygon","coordinates":[[[-71.67702957669141,18.002502046541018],[-70.62097641507032,18.506677232698244],[-68.65684982815625,18.8731761798418],[-70.88160416165235,19.929931245759768],[-71.77705856839063,19.771005235627932],[-71.67702957669141,18.002502046541018]]]},"properties":{"NAME":"Dominican Republic","SUBJECTO":"Dominican Republic","PARTOF":"Dominican Republic"}},
{"type":"Feature","geometry":{"type":"MultiPolygon","coordinates":[[[[120.36362746676562,14.530945383027834],[121.00936416110156,13.655685029939455],[121.72879317721484,14.108259759858889],[121.24220565280078,15.307833276704592],[122.3955793710625,17.114329896882815],[122.02781203707812,18.009172044709963],[121.03637221774218,18.527911745027346],[120.39307692965625,18.043792329744143],[120.30344680270312,16.417462907747073],[119.77184585055468,15.469834886506838],[120.36362746676562,14.530945383027834]]],[[[121.87300399264453,10.468407236055178],[122.89682296237109,11.150391183809084],[121.99363997897265,11.758330903962893],[121.87300399264453,10.468407236055178]]],[[[126.0452375741875,6.608192525819582],[126.27187636813281,8.425783716157717],[125.93394759616015,9.17475088687305],[123.46498397311328,7.790728651002688],[124.22405532321093,6.089605890229983],[125.07284835299609,5.722916685060305],[125.28043654879687,6.593827806428713],[126.0452375741875,6.608192525819582]]]]},"properties":{"NAME":"Philippines","SUBJECTO":"Philippines","PARTOF":"Philippines"}},
{"type":"Feature","geometry":{"type":"Polygon","coordinates":[[[-66.90559860745313,17.936208330110354],[-65.96735092678907,18.02719458194141],[-65.95150467434766,18.47215612979297],[-67.05517288723829,18.54607542605762],[-66.90559860745313,17.936208330110354]]]},"properties":{"NAME":"Puerto Rico","SUBJECTO":"Puerto Rico","PARTOF":"Puerto Rico"}},
{"type":"Feature","geometry":{"type":"Polygon","coordinates":[[[-77.29082962551954,17.805966936067385],[-76.42635056057813,18.1192642077959],[-77.76949783841016,18.510497652009768],[-77.29082962551954,17.805966936067385]]]},"properties":{"NAME":"Jamaica","SUBJECTO":"Jamaica","PARTOF":"Jamaica"}},
{"type":"Feature","geometry":{"type":"Polygon","coordinates":[[[0.064007225838882,11.06482370944385],[0.925124201384765,10.89829596133594],[2.272173437682373,11.662670694307131],[2.320128950682861,12.17146261783008],[0.976082357970459,13.021619401887698],[0.396500799266082,14.06699427218799],[0.273969087210876,14.962529741243166],[-0.69262852946164,15.090307794526858],[-2.858042922409791,13.965157113984866],[-3.334784951599854,13.193208299592776],[-4.21902891674878,13.23883207888965],[-4.510281529816407,12.220051370576662],[-5.214520421417969,11.853566728547854],[-5.563794103058594,10.357699953035159],[-4.39932152310254,9.570026956514162],[-3.413384642990845,9.842851243928713],[-2.84040662327649,9.572915636018557],[-2.702452149781006,10.927663408235354],[0.064007225838882,11.06482370944385]]]},"properties":{"NAME":"Burkina Faso","SUBJECTO":"Burkina Faso","PARTOF":"Burkina Faso"}},
{"type":"Feature","geometry":{"type":"Polygon","coordinates":[[[-85.83965775051954,11.07758291812305],[-83.74664017239454,10.87845953555469],[-83.91412827053907,11.251382432893557],[-83.41719528714063,15.00085886569385],[-84.83382126370313,14.771436296418948],[-85.73531052151563,13.856570802644534],[-86.68932816067579,13.768247209504885],[-87.40427109280469,13.029873453096194],[-85.83965775051954,11.07758291812305]]]},"properties":{"NAME":"Nicaragua","SUBJECTO":"Nicaragua","PARTOF":"Nicaragua"}},
{"type":"Feature","geometry":{"type":"Polygon","coordinates":[[[105.05652907809375,14.239496789888186],[103.08302596530078,14.291369996980471],[102.33450606783984,13.232584558442873],[102.67077926119921,12.03772410006885],[103.03959182223437,10.897970758394045],[104.38717940768359,10.314412675813479],[105.49370864352343,10.888218484834475],[105.84254744967578,11.5827070102251],[107.38450149020312,12.354075990632815],[107.39329055270312,14.583531938508791],[106.72597793063281,14.306491456941409],[105.05652907809375,14.239496789888186]]]},"properties":{"NAME":"Cambodia","SUBJECTO":"Cambodia","PARTOF":"Cambodia"}},
{"type":"Feature","geometry":{"type":"Polygon","coordinates":[[[-83.74664017239454,10.87845953555469],[-85.83965775051954,11.07758291812305],[-85.77779099026563,10.138352952913088],[-85.0887956289375,9.583112321809573],[-83.6149415639961,9.151563249543948],[-82.95746323147657,8.047210298494143],[-82.55992600003125,9.583112321809573],[-83.74664017239454,10.87845953555469]]]},"properties":{"NAME":"Costa Rica","SUBJECTO":"Costa Rica","PARTOF":"Costa Rica"}},
{"type":"Feature","geometry":{"type":"Polygon","coordinates":[[[16.076737436858398,2.127680860475344],[16.54810050448535,3.306388221696658],[18.503987345305664,3.534127317384524],[18.61234191378711,4.322929941133303],[19.57827094515918,5.078677259401125],[20.56206229647754,4.340873323396487],[22.417393717375976,4.065897546724123],[25.48817733248828,5.310847364381594],[26.587632212249023,4.942377649263186],[27.243727717009765,5.16238173098926],[26.945387873259765,5.872465692476077],[25.299120936003906,7.330889783815188],[25.287985834685546,7.724888883546633],[23.52215865573047,8.610577188447756],[23.6336164804375,9.666291795686526],[22.818951639739257,10.907167993501467],[22.277844462004882,10.967517457917971],[20.330506357756835,9.081043802217287],[18.886469873992187,8.900866113618655],[18.542758020964843,8.008997522310061],[16.947911295500976,7.516480050996584],[15.556958231536132,7.501873098329348],[14.402967485991699,5.829723916963381],[15.123709711638671,3.609356723741335],[16.076737436858398,2.127680860475344]]]},"properties":{"NAME":"Central African Republic","SUBJECTO":"Central African Republic","PARTOF":"Central African Republic"}},
{"type":"Feature","geometry":{"type":"Polygon","coordinates":[[[-13.164252248200196,8.850765787080569],[-13.212491002472657,8.347035966829104],[-11.465403523834961,6.843901239351077],[-10.37703033963086,8.075611673311037],[-10.56814476529004,8.986781679109377],[-11.290036168488282,9.897864900544924],[-12.38555141964795,9.796022973970217],[-13.164252248200196,8.850765787080569]]]},"properties":{"NAME":"Sierra Leone","SUBJECTO":"Sierra Leone","PARTOF":"Sierra Leone"}},
{"type":"Feature","geometry":{"type":"Polygon","coordinates":[[[80.56289962252734,5.931666456178469],[81.2026853891289,6.079191289857668],[81.86616805514453,7.084561429933352],[80.66241744479296,9.29945620150928],[79.6746321054375,8.804930292085452],[79.85409072360156,7.061153493837161],[80.56289962252734,5.931666456178469]]]},"properties":{"NAME":"Sri Lanka","SUBJECTO":"Sri Lanka","PARTOF":"Sri Lanka"}},
{"type":"Feature","geometry":{"type":"Polygon","coordinates":[[[-82.55992600003125,9.583112321809573],[-82.95746323147657,8.047210298494143],[-82.38439652005079,8.32122953982715],[-80.813771214875,7.270063482240481],[-79.71689316311719,8.883091531709475],[-79.06764694729688,9.034267984346194],[-78.18370529690625,8.413340173677248],[-77.89673325100782,7.171753011659426],[-77.12526413479688,7.980431161836428],[-77.4947023061836,8.661484323457522],[-78.26649185696485,9.385549150422854],[-79.50042435208204,9.638376794770998],[-80.96249863186719,8.864939294770998],[-82.22958847561719,9.046509347871584],[-82.55992600003125,9.583112321809573]]]},"properties":{"NAME":"Panama","SUBJECTO":"Panama","PARTOF":"Panama"}},
{"type":"Feature","geometry":{"type":"Polygon","coordinates":[[[-60.55301758328321,5.009108625367922],[-59.88138290921094,4.949529729799075],[-59.51294037381055,3.966297946885867],[-59.93537231961133,2.73047574611072],[-59.62485214749219,1.734273396447939],[-58.85273834744336,1.154052458719057],[-56.709626164826176,1.891480408624453],[-57.24637695828321,3.255050979570193],[-57.9950570730293,3.96261366458301],[-57.7639894155586,4.91125401111011],[-57.06514069119336,5.837398611024661],[-58.57506653347852,6.984399877504153],[-58.616635289582035,7.499081216768069],[-59.83440491238477,8.440183244661135],[-60.563900914582035,7.564827047303957],[-61.254750218781254,5.869560800508303],[-60.55301758328321,5.009108625367922]]]},"properties":{"NAME":"Guyana","SUBJECTO":"Guyana","PARTOF":"Guyana"}},
{"type":"Feature","geometry":{"type":"Polygon","coordinates":[[[-10.37703033963086,8.075611673311037],[-11.465403523834961,6.843901239351077],[-9.937263455780762,5.863056264833254],[-9.247899022492188,5.171884141877932],[-7.562493291291016,4.351184450105471],[-7.418688741120118,5.731824003175539],[-8.52998444119336,6.526147447541994],[-8.303831067475098,7.43648537249927],[-9.463983502777833,7.429587923005862],[-9.621689763458985,8.394863687471194],[-10.37703033963086,8.075611673311037]]]},"properties":{"NAME":"Liberia","SUBJECTO":"Liberia","PARTOF":"Liberia"}},
{"type":"Feature","geometry":{"type":"Polygon","coordinates":[[[13.017197641936523,-4.768244661375242],[12.199662241545898,-5.751352705045896],[12.33937648257373,-6.189817823454099],[14.049271616545898,-5.931735433622556],[16.41151717623828,-5.968553461118894],[17.184008631316406,-7.686656869932371],[17.603240046111328,-8.116430677458006],[19.310351404753906,-8.042728818937498],[19.549290690032226,-7.030565179868894],[21.609034571257812,-7.336184419676023],[21.85796073397754,-8.478958524748045],[21.692917856780273,-9.420773901029783],[22.54927352389453,-11.157552160307127],[23.940497431365234,-11.041240133329588],[24.57473090609668,-11.43799725918408],[27.450512919036132,-12.190232671781736],[28.425766977874023,-12.705783285185056],[29.0056810708916,-13.420770086332517],[29.782912287322265,-13.467049039884763],[29.77412703951953,-12.220986761137205],[28.91610053500293,-12.295999921842771],[28.314915690032226,-11.511216558500486],[28.619580301848632,-10.52401677517529],[28.46553328951953,-9.3043197765791],[29.049466166106445,-8.54435769466992],[30.659499201384765,-8.289029516264158],[30.156861338225585,-7.126493848844724],[29.517043146697265,-6.438393034025388],[29.345526728240234,-4.754497446104246],[29.20395759066699,-3.21626440434094],[28.894003901091796,-2.766774333997922],[29.52845290621875,-1.434459365888792],[29.76945403536914,0.442135207370562],[31.15856650790332,1.804288230851931],[30.712660822478515,2.373686157182497],[30.737151178923828,3.505206190065188],[29.69307807406543,4.515941701844973],[28.05823806246875,4.27104815097217],[27.243727717009765,5.16238173098926],[26.587632212249023,4.942377649263186],[25.48817733248828,5.310847364381594],[22.417393717375976,4.065897546724123],[20.56206229647754,4.340873323396487],[19.57827094515918,5.078677259401125],[18.61234191378711,4.322929941133303],[18.503987345305664,3.534127317384524],[17.960280451384765,2.088033519700808],[17.454712900725585,-0.84525028614636],[16.64820388278125,-1.409428395315366],[16.09792426547168,-2.328039087339597],[15.993580851165039,-3.669907487913328],[14.443861994353515,-4.886899866148191],[14.334116015044433,-4.302732862516599],[13.017197641936523,-4.768244661375242]]]},"properties":{"NAME":"Zaire","SUBJECTO":"Zaire","PARTOF":"Zaire"}},
{"type":"Feature","geometry":{"type":"Polygon","coordinates":[[[30.595961603728515,-1.15476480869885],[30.8892317148125,-2.112871803327756],[30.463767084685546,-2.484096445127683],[30.838053736296875,-3.308244146391111],[29.909106287566406,-4.597870267912107],[29.345526728240234,-4.754497446104246],[29.517043146697265,-6.438393034025388],[30.156861338225585,-7.126493848844724],[30.659499201384765,-8.289029516264158],[33.204600367156246,-9.6577715053999],[34.26077559908984,-10.3195728435957],[34.49440673312304,-11.604224599882322],[36.041201624480465,-11.45912591366406],[36.41663268527148,-11.768437780424314],[38.60662368258593,-11.437589086576658],[40.46619323214648,-10.475255407377439],[39.65761474093554,-9.795738615080076],[39.27012542208789,-7.801093496366697],[39.56642821749804,-7.044216074033933],[38.92152694186328,-6.340208925291257],[39.22912124117968,-4.844893850370603],[37.65682128390429,-3.693595565839964],[37.61619475802539,-3.166200794264036],[33.91916945895312,-1.117342151685911],[33.26720717867968,-1.132111944242673],[30.595961603728515,-1.15476480869885]]]},"properties":{"NAME":"Tanzania, United Republic of","SUBJECTO":"Tanzania, United Republic of","PARTOF":"Tanzania, United Republic of"}},
{"type":"Feature","geometry":{"type":"Polygon","coordinates":[[[28.894003901091796,-2.766774333997922],[29.558148417083007,-2.92173806576367],[30.463767084685546,-2.484096445127683],[30.8892317148125,-2.112871803327756],[30.595961603728515,-1.15476480869885],[29.52845290621875,-1.434459365888792],[28.894003901091796,-2.766774333997922]]]},"properties":{"NAME":"Rwanda","SUBJECTO":"Rwanda","PARTOF":"Rwanda"}},
{"type":"Feature","geometry":{"type":"Polygon","coordinates":[[[29.345526728240234,-4.754497446104246],[29.909106287566406,-4.597870267912107],[30.838053736296875,-3.308244146391111],[30.463767084685546,-2.484096445127683],[29.558148417083007,-2.92173806576367],[28.894003901091796,-2.766774333997922],[29.20395759066699,-3.21626440434094],[29.345526728240234,-4.754497446104246]]]},"properties":{"NAME":"Burundi","SUBJECTO":"Burundi","PARTOF":"Burundi"}},
{"type":"Feature","geometry":{"type":"MultiPolygon","coordinates":[[[[11.999688181487304,-5.004106916471677],[12.199662241545898,-5.751352705045896],[13.017197641936523,-4.768244661375242],[11.999688181487304,-5.004106916471677]]],[[[12.33937648257373,-6.189817823454099],[13.387093576995117,-8.155678190275388],[13.20385173281787,-9.636731542631345],[13.816288981047851,-10.976270116850095],[13.649036440459472,-12.19675961880322],[12.585389170256835,-13.463659681364256],[11.78128150424121,-17.336016096159177],[13.007998499480468,-17.030731596037107],[13.775606188384277,-17.38222161678906],[18.449723276702148,-17.50734368710156],[19.04725173434375,-17.88529244808789],[21.45908454379199,-18.02371446041699],[23.229161295500976,-17.663650907560545],[21.99454406222461,-16.380283750578123],[21.959122690764648,-13.074597753568845],[23.781909021941406,-13.012970365568357],[24.092848810759765,-12.381739057584959],[23.940497431365234,-11.041240133329588],[22.54927352389453,-11.157552160307127],[21.692917856780273,-9.420773901029783],[21.85796073397754,-8.478958524748045],[21.609034571257812,-7.336184419676023],[19.549290690032226,-7.030565179868894],[19.310351404753906,-8.042728818937498],[17.603240046111328,-8.116430677458006],[17.184008631316406,-7.686656869932371],[16.41151717623828,-5.968553461118894],[14.049271616545898,-5.931735433622556],[12.33937648257373,-6.189817823454099]]]]},"properties":{"NAME":"Angola","SUBJECTO":"Angola","PARTOF":"Angola"}},
{"type":"Feature","geometry":{"type":"Polygon","coordinates":[[[23.229161295500976,-17.663650907560545],[24.059647593108398,-17.499821104093748],[25.000012430754882,-17.812199033781248],[25.345290217009765,-18.013626493498045],[26.888733896819335,-18.106293119474607],[28.000197443572265,-16.77094117550488],[29.08195403536914,-16.00796452908154],[30.4021654458916,-15.669576086088377],[30.38242248019336,-14.983028806730466],[33.10760024508593,-14.045051969572263],[32.7230711313164,-13.589554227873045],[33.22782805880664,-11.946256078764158],[33.204600367156246,-9.6577715053999],[30.659499201384765,-8.289029516264158],[29.049466166106445,-8.54435769466992],[28.46553328951953,-9.3043197765791],[28.619580301848632,-10.52401677517529],[28.314915690032226,-11.511216558500486],[28.91610053500293,-12.295999921842771],[29.77412703951953,-12.220986761137205],[29.782912287322265,-13.467049039884763],[29.0056810708916,-13.420770086332517],[28.425766977874023,-12.705783285185056],[27.450512919036132,-12.190232671781736],[24.57473090609668,-11.43799725918408],[23.940497431365234,-11.041240133329588],[24.092848810759765,-12.381739057584959],[23.781909021941406,-13.012970365568357],[21.959122690764648,-13.074597753568845],[21.99454406222461,-16.380283750578123],[23.229161295500976,-17.663650907560545]]]},"properties":{"NAME":"Zambia","SUBJECTO":"Zambia","PARTOF":"Zambia"}},
{"type":"Feature","geometry":{"type":"Polygon","coordinates":[[[34.49440673312304,-11.604224599882322],[34.26077559908984,-10.3195728435957],[33.204600367156246,-9.6577715053999],[33.22782805880664,-11.946256078764158],[32.7230711313164,-13.589554227873045],[33.10760024508593,-14.045051969572263],[34.47820571383593,-14.742703832670408],[34.23509887179492,-15.863179601713377],[34.88533309420703,-16.895761884733396],[35.78822234591601,-16.07021752743359],[35.87636855563281,-14.829835332914548],[34.7126951547539,-13.526939786955076],[34.34545424899218,-12.352899946256834],[34.49440673312304,-11.604224599882322]]]},"properties":{"NAME":"Malawi","SUBJECTO":"Malawi","PARTOF":"Malawi"}},
{"type":"Feature","geometry":{"type":"Polygon","coordinates":[[[-69.58987900296094,-10.902231611295896],[-68.63990494290235,-12.580358900114256],[-69.24475571194532,-14.737682737394529],[-69.01231857815625,-16.61673776058789],[-69.43009659329297,-17.603817380949216],[-68.43294235745313,-19.45914689449902],[-68.6399659780586,-20.444900907560545],[-68.18188187161329,-21.248911298795896],[-67.78257462063672,-22.904400266691404],[-67.1888932851875,-22.983517087980466],[-66.14585587063672,-21.923063673063474],[-64.75560471096875,-22.162689603849607],[-62.61002060452344,-22.156546033903318],[-62.139271703156254,-20.4641098156416],[-61.55079742947461,-19.641218580290037],[-59.05629059353711,-19.328064359708982],[-58.13773056546094,-19.811836637541013],[-57.59640976467969,-18.04261437801953],[-58.401696172150395,-17.132511533781248],[-58.333485570343754,-16.36973039059277],[-60.03219315091016,-16.328901685758787],[-60.362946477326176,-13.903864301725584],[-61.62732788601758,-13.625401891752439],[-62.0785531667793,-13.10071698574658],[-64.26138016262891,-12.471878446623045],[-65.27307602444532,-11.365933813139158],[-65.30872818508985,-9.81572762875195],[-66.30597397366407,-9.840706266447263],[-68.50223251858594,-11.086407102628904],[-69.58987900296094,-10.902231611295896]]]},"properties":{"NAME":"Bolivia","SUBJECTO":"Bolivia","PARTOF":"Bolivia"}},
{"type":"Feature","geometry":{"type":"Polygon","coordinates":[[[32.849036249724605,-26.978884138151365],[32.49971297701953,-26.06808701901074],[33.347266230193355,-25.303612150236326],[34.88371947726367,-24.722015775724607],[35.29743102511523,-23.825008787199216],[35.26076034030078,-22.274328626676756],[34.69901565035937,-20.572248853727537],[34.72620299777148,-19.860380567594724],[35.91478255709765,-19.031639493986326],[37.2753172250664,-17.71316186337109],[39.471255335417965,-16.717016614958006],[40.38579848727343,-15.7363266125166],[40.59920791110156,-14.401239790006834],[40.311343226042965,-11.344973005338865],[40.46619323214648,-10.475255407377439],[38.60662368258593,-11.437589086576658],[36.41663268527148,-11.768437780424314],[36.041201624480465,-11.45912591366406],[34.49440673312304,-11.604224599882322],[34.34545424899218,-12.352899946256834],[34.7126951547539,-13.526939786955076],[35.87636855563281,-14.829835332914548],[35.78822234591601,-16.07021752743359],[34.88533309420703,-16.895761884733396],[34.23509887179492,-15.863179601713377],[34.47820571383593,-14.742703832670408],[33.10760024508593,-14.045051969572263],[30.38242248019336,-14.983028806730466],[30.4021654458916,-15.669576086088377],[32.64874938449023,-16.610069669767576],[33.03959182223437,-18.381756223722654],[32.68985274752734,-18.96243516354199],[33.0610838266289,-19.92676965145703],[32.414092096892574,-21.431167997404295],[31.27840522250293,-22.556906141325193],[31.911139521208984,-24.340023435636716],[32.013369593230465,-26.081808485075193],[32.16332152804492,-27.00941888241406],[32.849036249724605,-26.978884138151365]]]},"properties":{"NAME":"Mozambique","SUBJECTO":"Mozambique","PARTOF":"Mozambique"}},
{"type":"Feature","geometry":{"type":"Polygon","coordinates":[[[44.67219832858203,-16.23558083920117],[43.971648249236324,-17.552675642057615],[44.47033599337695,-20.17013780026074],[43.5010252328789,-21.49418679623242],[43.37636474093554,-22.63212624935742],[43.8270750375664,-23.412924207731443],[43.67141250094531,-24.226787962003904],[44.425330195037105,-25.31205026058789],[45.576182398406246,-25.621076978727537],[47.25847915133593,-24.765831388517576],[48.087378534880855,-22.04376069454785],[49.34185317477343,-18.227621473356443],[49.42470839938281,-17.197809614225584],[50.50334075411914,-15.314229406400877],[49.8171873422539,-12.830713666959959],[49.176333460417965,-12.266468442960935],[48.75133803805468,-13.417710699125486],[46.92456725558398,-15.360046781583982],[44.67219832858203,-16.23558083920117]]]},"properties":{"NAME":"Madagascar","SUBJECTO":"Madagascar","PARTOF":"Madagascar"}},
{"type":"Feature","geometry":{"type":"Polygon","coordinates":[[[30.4021654458916,-15.669576086088377],[29.08195403536914,-16.00796452908154],[28.000197443572265,-16.77094117550488],[26.888733896819335,-18.106293119474607],[25.345290217009765,-18.013626493498045],[26.35727027377246,-19.75616303829785],[27.617894205657226,-20.56899491695996],[27.970025095549804,-21.577911771818357],[29.233447107878906,-22.187313474699216],[31.27840522250293,-22.556906141325193],[32.414092096892574,-21.431167997404295],[33.0610838266289,-19.92676965145703],[32.68985274752734,-18.96243516354199],[33.03959182223437,-18.381756223722654],[32.64874938449023,-16.610069669767576],[30.4021654458916,-15.669576086088377]]]},"properties":{"NAME":"Zimbabwe","SUBJECTO":"Zimbabwe","PARTOF":"Zimbabwe"}},
{"type":"Feature","geometry":{"type":"Polygon","coordinates":[[[19.842755350676757,-24.944109357877927],[19.886040720549804,-22.114612974210935],[20.91899589022754,-22.05772439388867],[20.949976954070312,-18.395450986906248],[25.000012430754882,-17.812199033781248],[24.059647593108398,-17.499821104093748],[23.229161295500976,-17.663650907560545],[21.45908454379199,-18.02371446041699],[19.04725173434375,-17.88529244808789],[18.449723276702148,-17.50734368710156],[13.775606188384277,-17.38222161678906],[13.007998499480468,-17.030731596037107],[11.78128150424121,-17.336016096159177],[12.07951262911914,-18.49144021420117],[12.929404291716796,-19.74155656246777],[14.570058855620605,-22.75814477352734],[14.444036516753417,-23.41168824581738],[14.843331369963867,-25.622223295255857],[15.45380404910205,-27.616459287687498],[16.334208521453125,-28.560795225187498],[17.008498224822265,-28.071873106046873],[17.706597361174804,-28.87307206539746],[19.128987345305664,-28.947578825041013],[19.865918192473632,-28.35200921444531],[19.842755350676757,-24.944109357877927]]]},"properties":{"NAME":"Namibia","SUBJECTO":"Namibia","PARTOF":"Namibia"}},
{"type":"Feature","geometry":{"type":"MultiPolygon","coordinates":[[[[-68.45589920559766,-52.420181669279295],[-71.79449936428907,-52.08840600399609],[-72.2487077383125,-50.80414239315625],[-73.15795609036329,-50.85504571346875],[-73.51265427151563,-49.76077691464062],[-72.45835587063672,-48.854298032804685],[-72.38230606594922,-47.57801095394726],[-71.69322678128125,-46.69147912411328],[-71.32415482083204,-44.814110197111326],[-71.78705307522657,-44.10882607845898],[-71.86021133938672,-40.74824944882031],[-71.36279770413282,-39.028805173917966],[-70.84412857571485,-38.726524747892576],[-71.09505173245313,-36.805218137785154],[-70.39072128811719,-36.16510049252148],[-70.48040482083204,-35.35797921566601],[-69.84002396145704,-33.760845579191404],[-70.5048112539375,-31.68907205013867],[-69.85181900540235,-30.358631528898435],[-69.95096298733594,-29.35612527279492],[-68.82346054592969,-27.2670826092207],[-68.25426956692579,-26.97806779293652],[-68.56219193020704,-25.436735548063474],[-68.39349838772657,-24.60378686337109],[-67.25753494778516,-24.082739271208006],[-67.1888932851875,-22.983517087980466],[-67.78257462063672,-22.904400266691404],[-68.18188187161329,-21.248911298795896],[-68.6399659780586,-20.444900907560545],[-68.43294235745313,-19.45914689449902],[-69.43009659329297,-17.603817380949216],[-70.36356827298047,-18.45498315243359],[-70.11063095608594,-21.74793664364453],[-70.57323929348829,-23.16559449581738],[-70.3981446889961,-25.24891320614453],[-70.93462082425,-27.727417387052732],[-71.43014999905469,-29.100479520841795],[-71.69539352932813,-30.85409013180371],[-71.41605087796094,-32.752567686125],[-71.61574265042188,-33.70565453915234],[-72.62884995022657,-35.645878233],[-73.14423080960157,-37.15579644589062],[-73.6725358633125,-37.50085488705273],[-73.19384476223829,-39.56536904720898],[-73.90523239651563,-40.83904305843945],[-72.43805405178907,-42.30451623348828],[-72.99853226223829,-43.333660520597654],[-73.57108780423047,-46.26491204647656],[-74.56387039700391,-45.87150613216992],[-75.01119705716016,-46.77391091732617],[-73.97875687161329,-47.031700529142576],[-74.31235214749219,-48.745132841154295],[-74.07494827786329,-50.47341576962109],[-73.40807053128125,-52.02383843807812],[-71.87228104153516,-53.69564858822461],[-70.73358627835157,-52.8015064373457],[-68.45589920559766,-52.420181669279295]]],[[[-68.74939438382032,-54.88858453182812],[-68.70525833645704,-53.23463097958203],[-68.70133682766797,-52.72009316830273],[-70.33333298245313,-53.47274438290234],[-68.74939438382032,-54.88858453182812]]]]},"properties":{"NAME":"Chile","SUBJECTO":"Chile","PARTOF":"Chile"}},
{"type":"Feature","geometry":{"type":"Polygon","coordinates":[[[25.000012430754882,-17.812199033781248],[20.949976954070312,-18.395450986906248],[20.91899589022754,-22.05772439388867],[19.886040720549804,-22.114612974210935],[19.842755350676757,-24.944109357877927],[20.402886423674804,-25.32870141415234],[20.773314509001953,-26.954279340788084],[22.17236617526172,-26.5583480968916],[22.938363108245117,-25.447546400114256],[24.477253946868164,-25.902819074674802],[25.37594703158496,-25.840387739225584],[25.864977869597656,-24.87105790524121],[26.81492522677539,-24.35687104611035],[26.963055643645507,-23.771051801725584],[28.215405497161132,-22.714622892423826],[29.233447107878906,-22.187313474699216],[27.970025095549804,-21.577911771818357],[27.617894205657226,-20.56899491695996],[26.35727027377246,-19.75616303829785],[25.345290217009765,-18.013626493498045],[25.000012430754882,-17.812199033781248]]]},"properties":{"NAME":"Botswana","SUBJECTO":"Botswana","PARTOF":"Botswana"}},
{"type":"Feature","geometry":{"type":"Polygon","coordinates":[[[-54.580407109650395,-25.74334565548535],[-54.21879288235547,-24.121467985197263],[-55.349171605500004,-23.778633512541013],[-55.62278458157422,-22.44621316341992],[-56.37931534329297,-22.13934174923535],[-57.80576416531446,-22.153994001432615],[-57.75164124050977,-20.686239637418943],[-58.13773056546094,-19.811836637541013],[-59.05629059353711,-19.328064359708982],[-61.55079742947461,-19.641218580290037],[-62.139271703156254,-20.4641098156416],[-62.61002060452344,-22.156546033903318],[-61.24046036282422,-23.615909971281248],[-57.70992752591016,-25.33588258175488],[-58.27678772488477,-26.380760587736326],[-58.07206055203321,-27.192505277677732],[-55.73177811184766,-27.45212785153027],[-54.81656357327344,-26.557695783659177],[-54.580407109650395,-25.74334565548535]]]},"properties":{"NAME":"Paraguay","SUBJECTO":"Paraguay","PARTOF":"Paraguay"}},
{"type":"Feature","geometry":{"type":"Polygon","coordinates":[[[19.842755350676757,-24.944109357877927],[19.865918192473632,-28.35200921444531],[19.128987345305664,-28.947578825041013],[17.706597361174804,-28.87307206539746],[17.008498224822265,-28.071873106046873],[16.334208521453125,-28.560795225187498],[16.78830054720996,-29.138924039884763],[18.178561243621093,-31.805298246427732],[18.487156900969726,-34.39771691708203],[20.256072077361328,-34.62289086727734],[22.681775126067382,-34.10311547665234],[24.429938349333984,-34.33470193295117],[26.658656153289062,-33.84707299618359],[28.92185309847949,-32.297909177824216],[30.391005549041015,-30.81392899899121],[31.56308082064746,-29.209801115080076],[32.234744104949215,-28.74441758541699],[32.849036249724605,-26.978884138151365],[32.16332152804492,-27.00941888241406],[31.331236872283203,-27.40850106625195],[30.81177810153125,-26.750124372526365],[31.361559900847656,-25.81848756222363],[32.013369593230465,-26.081808485075193],[31.911139521208984,-24.340023435636716],[31.27840522250293,-22.556906141325193],[29.233447107878906,-22.187313474699216],[28.215405497161132,-22.714622892423826],[26.963055643645507,-23.771051801725584],[26.81492522677539,-24.35687104611035],[25.864977869597656,-24.87105790524121],[25.37594703158496,-25.840387739225584],[24.477253946868164,-25.902819074674802],[22.938363108245117,-25.447546400114256],[22.17236617526172,-26.5583480968916],[20.773314509001953,-26.954279340788084],[20.402886423674804,-25.32870141415234],[19.842755350676757,-24.944109357877927]],[[27.84791854342578,-30.78634873776074],[27.07080558261035,-29.798696912809568],[28.61561110934375,-28.721451200529295],[29.436184916106445,-29.429012693449216],[28.989666971770507,-30.137495435758787],[27.84791854342578,-30.78634873776074]]]},"properties":{"NAME":"South Africa","SUBJECTO":"South Africa","PARTOF":"South Africa"}},
{"type":"Feature","geometry":{"type":"Polygon","coordinates":[[[32.013369593230465,-26.081808485075193],[31.361559900847656,-25.81848756222363],[30.81177810153125,-26.750124372526365],[31.331236872283203,-27.40850106625195],[32.16332152804492,-27.00941888241406],[32.013369593230465,-26.081808485075193]]]},"properties":{"NAME":"Swaziland","SUBJECTO":"Swaziland","PARTOF":"Swaziland"}},
{"type":"Feature","geometry":{"type":"Polygon","coordinates":[[[27.84791854342578,-30.78634873776074],[28.989666971770507,-30.137495435758787],[29.436184916106445,-29.429012693449216],[28.61561110934375,-28.721451200529295],[27.07080558261035,-29.798696912809568],[27.84791854342578,-30.78634873776074]]]},"properties":{"NAME":"Lesotho","SUBJECTO":"Lesotho","PARTOF":"Lesotho"}},
{"type":"Feature","geometry":{"type":"MultiPolygon","coordinates":[[[[175.3076887460625,-37.32097665218945],[174.2168684335625,-35.33676568417187],[173.16649917086718,-35.420879758878904],[174.76465896090625,-37.29654351620312],[174.6547346445,-38.983257688566404],[173.80480483492968,-39.41970483212109],[175.3535871835625,-40.29998055843945],[176.01143935641406,-41.25534478573437],[177.1565656991875,-39.85422173885937],[178.40819838961718,-38.77115289120312],[177.5283918710625,-38.2042163982832],[175.3076887460625,-37.32097665218945]]],[[[172.06266311129687,-43.92314187435742],[174.2335462900078,-42.0112346783125],[173.26403335055468,-41.54367486385937],[171.45835402926562,-41.99285165218945],[171.02405837496875,-42.886883176847654],[168.41573623141406,-44.220909513517576],[167.13749221285937,-45.19984856991406],[166.52276137789843,-46.232723630949216],[169.39930251559375,-46.70957223324414],[170.61156753024218,-45.946060575529295],[171.37786391696093,-44.337749876066404],[172.06266311129687,-43.92314187435742]]]]},"properties":{"NAME":"New Zealand","SUBJECTO":"New Zealand","PARTOF":"New Zealand"}},
{"type":"Feature","geometry":{"type":"MultiPolygon","coordinates":[[[[-68.45589920559766,-52.420181669279295],[-69.04092117825391,-50.562401212736326],[-67.83347031155469,-49.96821252255078],[-67.57759567776563,-49.05853310970898],[-66.07773300686719,-48.142071165128904],[-65.77598282376172,-47.23012200741406],[-67.32806870022657,-46.53161660580273],[-66.69494339505079,-45.13110391049023],[-65.43618485012891,-44.88974038509961],[-65.30717178860547,-43.601402677580076],[-63.599965062531254,-42.70437280087109],[-64.99203201809766,-42.19338647274609],[-64.93894669094922,-40.827476896330076],[-62.96398254910352,-41.13745919613476],[-62.06776520291211,-39.555775083585935],[-61.360714879425785,-39.031299985929685],[-59.515431371125004,-38.87451974300976],[-57.80888458767774,-38.386490263029295],[-56.69811340847852,-36.944073118253904],[-57.419239964875004,-35.99675027279492],[-57.22550674954297,-35.43626443295117],[-58.52278229275586,-34.58706323055859],[-58.33968063870313,-34.21614495663281],[-58.11836716214063,-32.13938943295117],[-57.57566925564649,-30.40291825680371],[-54.754723515900395,-27.69419900326367],[-53.73108002224805,-27.218325056120115],[-53.61647507229688,-26.27130738644238],[-54.580407109650395,-25.74334565548535],[-54.81656357327344,-26.557695783659177],[-55.73177811184766,-27.45212785153027],[-58.07206055203321,-27.192505277677732],[-58.27678772488477,-26.380760587736326],[-57.70992752591016,-25.33588258175488],[-61.24046036282422,-23.615909971281248],[-62.61002060452344,-22.156546033903318],[-64.75560471096875,-22.162689603849607],[-66.14585587063672,-21.923063673063474],[-67.1888932851875,-22.983517087980466],[-67.25753494778516,-24.082739271208006],[-68.39349838772657,-24.60378686337109],[-68.56219193020704,-25.436735548063474],[-68.25426956692579,-26.97806779293652],[-68.82346054592969,-27.2670826092207],[-69.95096298733594,-29.35612527279492],[-69.85181900540235,-30.358631528898435],[-70.5048112539375,-31.68907205013867],[-69.84002396145704,-33.760845579191404],[-70.48040482083204,-35.35797921566601],[-70.39072128811719,-36.16510049252148],[-71.09505173245313,-36.805218137785154],[-70.84412857571485,-38.726524747892576],[-71.36279770413282,-39.028805173917966],[-71.86021133938672,-40.74824944882031],[-71.78705307522657,-44.10882607845898],[-71.32415482083204,-44.814110197111326],[-71.69322678128125,-46.69147912411328],[-72.38230606594922,-47.57801095394726],[-72.45835587063672,-48.854298032804685],[-73.51265427151563,-49.76077691464062],[-73.15795609036329,-50.85504571346875],[-72.2487077383125,-50.80414239315625],[-71.79449936428907,-52.08840600399609],[-68.45589920559766,-52.420181669279295]]],[[[-68.70525833645704,-53.23463097958203],[-68.74939438382032,-54.88858453182812],[-66.98282333889844,-54.34066430477734],[-68.70525833645704,-53.23463097958203]]]]},"properties":{"NAME":"Argentina","SUBJECTO":"Argentina","PARTOF":"Argentina"}},
{"type":"Feature","geometry":{"type":"Polygon","coordinates":[[[-24.218850102814454,65.53374060244923],[-21.95479675808789,65.37804754825001],[-22.372910466583985,63.77318533511524],[-18.641863789948243,63.32381781192188],[-14.821200337799805,64.19502600283985],[-13.646900144013184,65.49534185977345],[-16.92214104214551,65.97755011172657],[-21.24248978176953,65.88181646914845],[-24.218850102814454,65.53374060244923]]]},"properties":{"NAME":"Iceland","SUBJECTO":"Iceland","PARTOF":"Iceland"}},
{"type":"Feature","geometry":{"type":"Polygon","coordinates":[[[28.01309302767871,59.45822104068164],[23.415757212249023,59.11896475406055],[24.345648798552734,57.86221655459766],[25.072112116423828,58.05870779605274],[27.348862680999023,57.52635916324024],[28.01309302767871,59.45822104068164]]]},"properties":{"NAME":"Estonia","SUBJECTO":"Estonia","PARTOF":"Estonia"}},
{"type":"Feature","geometry":{"type":"Polygon","coordinates":[[[27.348862680999023,57.52635916324024],[25.072112116423828,58.05870779605274],[24.345648798552734,57.86221655459766],[23.215449366179687,56.98066671939258],[21.67733100375293,57.46365698428516],[20.945448908416015,56.069957338289065],[22.122870478240234,56.420978151277346],[24.813126597014648,56.405562959626955],[26.593783411589843,55.66554983706836],[28.1364183755791,56.140418611482424],[27.348862680999023,57.52635916324024]]]},"properties":{"NAME":"Latvia","SUBJECTO":"Latvia","PARTOF":"Latvia"}},
{"type":"Feature","geometry":{"type":"Polygon","coordinates":[[[22.699036631194335,54.414901338533205],[23.53050139865039,53.91629370303516],[25.530015024749023,54.32427557559375],[26.593783411589843,55.66554983706836],[24.813126597014648,56.405562959626955],[22.122870478240234,56.420978151277346],[20.945448908416015,56.069957338289065],[21.162322077361328,55.22138174624805],[22.699036631194335,54.414901338533205]]]},"properties":{"NAME":"Lithuania","SUBJECTO":"Lithuania","PARTOF":"Lithuania"}},
{"type":"Feature","geometry":{"type":"Polygon","coordinates":[[[23.53050139865039,53.91629370303516],[23.95680526217578,52.87940939517383],[23.589262995330078,51.54843481631641],[25.731453928557617,51.9467845782793],[28.629714045134765,51.43434103579883],[30.057843241301757,51.484744630769534],[31.761313471404296,52.11269720645313],[31.28690246066211,52.98253973575],[32.68465331515429,53.46324881167774],[31.309088739958984,54.247169099763674],[30.443814310637695,55.78543432803516],[28.1364183755791,56.140418611482424],[26.593783411589843,55.66554983706836],[25.530015024749023,54.32427557559375],[23.53050139865039,53.91629370303516]]]},"properties":{"NAME":"Byelarus","SUBJECTO":"Byelarus","PARTOF":"Byelarus"}},
{"type":"Feature","geometry":{"type":"MultiPolygon","coordinates":[[[[-0.203663793,53.52328451724414],[-2.742131438645142,55.95718725772266],[-2.150362935456055,57.571979127839846],[-5.762965646179932,57.61977728457813],[-5.633057561310547,55.93986090274219],[-3.576675858887452,54.924483858064455],[-2.914475407990235,53.26714285464649],[-4.317542043122071,53.09120901675586],[-4.159330811890381,51.67681463809375],[-4.604564633759278,50.77874716372852],[-3.521466937454957,50.61743124575977],[0.191810223666412,50.73128470034961],[1.691691670027954,52.311420045808596],[-0.203663793,53.52328451724414]]],[[[-6.206393208893555,53.95674856753711],[-6.018187966736573,55.093001924470705],[-7.427515473755616,55.06380423159961],[-7.738254037293213,54.57607611270313],[-6.206393208893555,53.95674856753711]]]]},"properties":{"NAME":"United Kingdom","SUBJECTO":"United Kingdom","PARTOF":"United Kingdom"}},
{"type":"Feature","geometry":{"type":"Polygon","coordinates":[[[80.26470473727343,42.241439424470705],[80.77205947360156,43.382457338289065],[80.23662856539843,45.12263449283008],[82.4398908945,45.735477052644534],[83.25171187838671,47.29487570376758],[85.47764876803515,47.092662416414065],[85.60924819430468,48.1003375873125],[87.39988234957812,49.19203146548633],[85.4680891366875,49.588363252595705],[83.66463759860156,50.961627565339846],[80.17357161959765,50.79617270083789],[78.05575850924609,53.261432252839846],[76.61631301364062,54.00597342105274],[74.5481443735039,53.50961264224414],[72.39725020846484,54.254153810457034],[71.23906997164843,54.187972627595705],[70.94125655612109,55.2634235248125],[69.27017501315234,55.42887457461719],[68.22781661471484,54.91596945376758],[65.663279566375,54.65124472232227],[62.585845026580074,53.972884736970705],[61.37803176364062,54.00597342105274],[61.460757288542965,53.029796205476565],[60.648745569792965,51.666427217439455],[61.57409194430468,50.864459596589846],[59.800513300505855,50.55601080508594],[58.73636153658984,51.08037527652149],[56.623484644499996,51.09579809756641],[55.79067519625781,50.57143362613086],[52.320620569792965,51.743541322664065],[50.97886947116015,51.666427217439455],[48.835146936980465,50.57143362613086],[46.99987700900195,49.93911322207813],[46.56804946383593,48.41229208560352],[48.588389429656246,47.4869457110918],[49.31320479830859,46.35268744082813],[51.36885741671679,47.09002264590625],[53.185217890349605,46.86522635074024],[52.60973647555468,45.39955099673633],[51.51272872408984,45.37257345767383],[50.874304804412105,44.62624701114063],[51.17103484591601,43.71806677432422],[52.55927184542773,41.75783880801563],[54.23424437960742,42.37371786685352],[55.45063689669726,41.37762030215625],[56.09652236422656,41.32353933902149],[56.12132552584765,45.00164373965625],[58.66770461520312,45.581649385408205],[61.24237731417773,44.23772772403125],[62.1477537485039,43.487960420564455],[65.04780105075,43.742599092439455],[66.23610976657031,43.00698050113086],[66.85855391940234,41.167926393464846],[69.20688155612109,41.40842016787891],[71.03527358492968,42.24306448550586],[71.96487716158984,42.829627595857424],[73.58790877780078,42.4542308673418],[74.47118667086718,43.17189749331836],[75.79610732516406,42.80754431338672],[77.07686141451953,43.00628241153125],[79.29609969576953,42.7965045795],[80.26470473727343,42.241439424470705]]]},"properties":{"NAME":"Kazakhstan","SUBJECTO":"Kazakhstan","PARTOF":"Kazakhstan"}},
{"type":"Feature","geometry":{"type":"Polygon","coordinates":[[[-6.206393208893555,53.95674856753711],[-7.738254037293213,54.57607611270313],[-7.427515473755616,55.06380423159961],[-8.590084996613282,54.20284994693164],[-9.890640225800293,52.19443091006641],[-9.819109883698243,51.434554658845705],[-6.405971017273682,52.21443899722461],[-6.206393208893555,53.95674856753711]]]},"properties":{"NAME":"Ireland","SUBJECTO":"Ireland","PARTOF":"Ireland"}},
{"type":"Feature","geometry":{"type":"Polygon","coordinates":[[[23.589262995330078,51.54843481631641],[24.113539728728515,50.68047674746875],[22.570443186370117,49.06668051333789],[22.09947112521289,48.40459021182422],[23.02892783602832,48.012225709871096],[25.237456354705078,47.92094000430469],[26.612799677458984,48.26290091128711],[27.70611861666797,48.43969687075977],[29.22685149630664,47.872256837800784],[29.907776865569335,46.78277548404102],[28.20348075350879,45.46581228824024],[29.615916285125,45.41020544619922],[30.83285621127246,46.57659109683399],[33.63883880099414,45.92677267642383],[33.39549544772265,44.60049017520313],[35.0673208566582,44.86172445865039],[34.906809839812496,46.273021303132815],[38.209727320281246,47.15045889468555],[39.77299025973437,47.87063177676563],[40.02429870089648,49.60967596621875],[35.43039992770312,50.49427755923633],[34.34475234469531,51.23814734073047],[33.741614374724605,52.3941608295],[31.761313471404296,52.11269720645313],[30.057843241301757,51.484744630769534],[28.629714045134765,51.43434103579883],[25.731453928557617,51.9467845782793],[23.589262995330078,51.54843481631641]]]},"properties":{"NAME":"Ukraine","SUBJECTO":"Ukraine","PARTOF":"Ukraine"}},
{"type":"Feature","geometry":{"type":"Polygon","coordinates":[[[116.75977614840625,49.92989309878711],[114.098338160125,50.27434881778125],[112.52449325045703,49.462020479158205],[109.42404464205859,49.2955394610918],[106.322947535125,50.416690431550784],[103.68075850924609,50.16643484683399],[102.63903335055468,50.4561839923418],[102.11743453463671,51.36111029239063],[98.91755965670703,52.03695639224414],[97.93963149508593,51.2269359454668],[98.23633101901171,50.24239691348438],[97.42278579196093,49.78633841128711],[94.69996932467578,50.026797853425784],[94.21045974215625,50.54928549380664],[92.15972426852343,50.755286775544924],[90,50.30670126529102],[89.796336207,49.816444002107424],[87.86840346774218,49.232886873201174],[88.22992232760546,48.53742178531055],[90,47.844684205964846],[90,45.328494630769534],[93.50710586032031,44.942916475251955],[95.24398330172656,44.27702673526172],[96.40847304782031,42.74890097232227],[98.21802047213671,42.59848364444141],[101.7360105844414,42.54075964541797],[103.50889113864062,41.85858877749805],[105.02496627291796,41.58523520083789],[107.35880568942187,42.41124304385547],[109.37953475436328,42.43508490176563],[111.94530013522265,43.86007269473438],[111.41619399508593,44.40317114444141],[112.10167983492968,45.14022406192188],[113.76871016940234,44.86583288760547],[115.62134841403125,45.49479254336719],[116.47667220553515,46.30715521426563],[119.79475692233203,46.96586187930469],[118.77115920504687,47.86196478457813],[115.5963621469414,48.10479696841602],[116.75977614840625,49.92989309878711]]]},"properties":{"NAME":"Mongolia","SUBJECTO":"Mongolia","PARTOF":"Mongolia"}},
{"type":"Feature","geometry":{"type":"Polygon","coordinates":[[[2.522131952849609,51.09112127871875],[2.875059876052124,50.68182333560352],[5.823500189391357,49.50710638614063],[6.108513388243896,50.11745413394336],[5.999575647917968,50.74159964175586],[5.112526926604492,51.40545233340625],[3.775046858397705,51.38774450869922],[2.522131952849609,51.09112127871875]]]},"properties":{"NAME":"Belgium","SUBJECTO":"Belgium","PARTOF":"Belgium"}},
{"type":"Feature","geometry":{"type":"Polygon","coordinates":[[[16.9387865396416,48.66104467959766],[17.331217798796875,47.99467810244922],[18.828471216765625,47.87797125430469],[20.579073938933593,48.5595775470293],[22.09947112521289,48.40459021182422],[22.570443186370117,49.06668051333789],[21.585009607878906,49.49957998843555],[18.84419539889453,49.56454046817188],[16.9387865396416,48.66104467959766]]]},"properties":{"NAME":"Slovakia","SUBJECTO":"Slovakia","PARTOF":"Slovakia"}},
{"type":"Feature","geometry":{"type":"Polygon","coordinates":[[[18.816056284514648,45.889117799714846],[20.31473449191211,46.131507478669924],[21.339722666350585,46.525245271638674],[22.05867293795703,47.55636938662891],[23.02892783602832,48.012225709871096],[22.09947112521289,48.40459021182422],[20.579073938933593,48.5595775470293],[18.828471216765625,47.87797125430469],[17.331217798796875,47.99467810244922],[16.25957396945117,46.888804994539065],[16.560086283293945,46.47294195742969],[17.794407877532226,45.806651674226565],[18.816056284514648,45.889117799714846]]]},"properties":{"NAME":"Hungary","SUBJECTO":"Hungary","PARTOF":"Hungary"}},
{"type":"Feature","geometry":{"type":"Polygon","coordinates":[[[26.612799677458984,48.26290091128711],[28.078686747161132,47.030536256746096],[28.20348075350879,45.46581228824024],[29.907776865569335,46.78277548404102],[29.22685149630664,47.872256837800784],[27.70611861666797,48.43969687075977],[26.612799677458984,48.26290091128711]]]},"properties":{"NAME":"Moldova","SUBJECTO":"Moldova","PARTOF":"Moldova"}},
{"type":"Feature","geometry":{"type":"Polygon","coordinates":[[[20.31473449191211,46.131507478669924],[21.367487940398437,44.80874975772266],[22.69400123080371,44.26309164615039],[25.549092325774414,43.80730398745899],[26.684382471648437,44.25255163760547],[28.510106119719726,43.74307592959766],[29.615916285125,45.41020544619922],[28.20348075350879,45.46581228824024],[28.078686747161132,47.030536256746096],[26.612799677458984,48.26290091128711],[25.237456354705078,47.92094000430469],[23.02892783602832,48.012225709871096],[22.05867293795703,47.55636938662891],[21.339722666350585,46.525245271638674],[20.31473449191211,46.131507478669924]]]},"properties":{"NAME":"Romania","SUBJECTO":"Romania","PARTOF":"Romania"}},
{"type":"Feature","geometry":{"type":"Polygon","coordinates":[[[13.568899187651855,46.51042517276172],[13.799984011260253,45.56637152285938],[13.556276354399902,45.4596019610918],[15.339542421904785,45.476050935701174],[16.560086283293945,46.47294195742969],[16.25957396945117,46.888804994539065],[13.568899187651855,46.51042517276172]]]},"properties":{"NAME":"Slovenia","SUBJECTO":"Slovenia","PARTOF":"Slovenia"}},
{"type":"Feature","geometry":{"type":"MultiPolygon","coordinates":[[[[17.547980341521484,42.92011984439258],[15.757285151091796,44.785831056550784],[15.827597651091796,45.20267828555469],[19.051909479705078,44.85613974185352],[18.816056284514648,45.889117799714846],[17.794407877532226,45.806651674226565],[16.560086283293945,46.47294195742969],[15.339542421904785,45.476050935701174],[13.556276354399902,45.4596019610918],[14.945532831755859,44.92658957095508],[15.412318262664062,43.934756837800784],[17.547980341521484,42.92011984439258]]],[[[17.64638045748828,42.864600740388674],[18.51358893832324,42.362140260652346],[18.457419428435546,42.55779226870899],[17.64638045748828,42.864600740388674]]]]},"properties":{"NAME":"Croatia","SUBJECTO":"Croatia","PARTOF":"Croatia"}},
{"type":"Feature","geometry":{"type":"Polygon","coordinates":[[[22.69400123080371,44.26309164615039],[21.367487940398437,44.80874975772266],[20.31473449191211,46.131507478669924],[18.816056284514648,45.889117799714846],[19.051909479705078,44.85613974185352],[19.22266677340625,43.51016577334766],[20.047053370085937,42.48752173037891],[20.582966837493164,41.880714021638674],[22.32924178561328,42.34032019229297],[22.91516402682422,43.176402650789065],[22.69400123080371,44.26309164615039]]]},"properties":{"NAME":"Serbia","SUBJECTO":"Serbia","PARTOF":"Serbia"}},
{"type":"Feature","geometry":{"type":"Polygon","coordinates":[[[67.77926925143359,36.940791688875],[68.51370528658984,38.140567384675784],[68.20247939547656,39.00350531192188],[69.61712935885546,40.81426580996875],[70.55080703219531,41.06890066714649],[71.0740461679375,40.24603231997852],[71.83238509616015,40.14666327090625],[72.72671035250781,40.89745291324024],[70.80557540377734,41.482623659089846],[71.03527358492968,42.24306448550586],[69.20688155612109,41.40842016787891],[66.85855391940234,41.167926393464846],[66.23610976657031,43.00698050113086],[65.04780105075,43.742599092439455],[62.1477537485039,43.487960420564455],[61.24237731417773,44.23772772403125],[58.66770461520312,45.581649385408205],[56.12132552584765,45.00164373965625],[56.09652236422656,41.32353933902149],[58.89404967745898,42.69575461001758],[59.98333266696093,42.285506807283205],[60.63407424410937,41.21036871524219],[61.977995905486324,41.19622000308399],[62.5297117563164,40.092792116121096],[63.85948470553515,39.18741186709766],[65.81170943698046,38.23959311099414],[66.74537948092578,38.013248048738284],[66.63383010348437,37.24810751529102],[67.77926925143359,36.940791688875]]]},"properties":{"NAME":"Uzbekistan","SUBJECTO":"Uzbekistan","PARTOF":"Uzbekistan"}},
{"type":"Feature","geometry":{"type":"Polygon","coordinates":[[[17.64638045748828,42.864600740388674],[18.457419428435546,42.55779226870899],[19.22266677340625,43.51016577334766],[19.051909479705078,44.85613974185352],[15.827597651091796,45.20267828555469],[15.757285151091796,44.785831056550784],[17.547980341521484,42.92011984439258],[17.64638045748828,42.864600740388674]]]},"properties":{"NAME":"Bosnia and Herzegovina","SUBJECTO":"Bosnia and Herzegovina","PARTOF":"Bosnia and Herzegovina"}},
{"type":"Feature","geometry":{"type":"Polygon","coordinates":[[[22.32924178561328,42.34032019229297],[22.920243296233398,41.230689607576174],[24.418063196746093,41.47619589419727],[25.359320673552734,41.15435751529102],[26.349875483123046,41.6407543048418],[27.91795257052539,41.977672182039065],[27.50195029696582,42.51634558291797],[28.510106119719726,43.74307592959766],[26.684382471648437,44.25255163760547],[25.549092325774414,43.80730398745899],[22.69400123080371,44.26309164615039],[22.91516402682422,43.176402650789065],[22.32924178561328,42.34032019229297]]]},"properties":{"NAME":"Bulgaria","SUBJECTO":"Bulgaria","PARTOF":"Bulgaria"}},
{"type":"Feature","geometry":{"type":"Polygon","coordinates":[[[-1.914577808769959,43.3054157123125],[-7.636274781616944,43.721412263826174],[-9.270803418549317,43.048690401033205],[-8.806055035980958,41.889178834871096],[-6.708704438599366,41.96004446597461],[-6.933383431824463,38.961349092439455],[-7.491503682526368,37.20815619082813],[-6.632153954895752,37.02175100894336],[-5.660587277802247,36.008006654695315],[-4.446585622223633,36.72201880069141],[-2.238797393234986,36.728396974519534],[-0.918272283467072,37.57034262271289],[0.172570082751495,38.738345704988284],[-0.394848432930726,39.434459291414065],[0.879201922026855,41.0217357501543],[3.128878864852172,41.85722693057422],[3.087081465331298,42.36864431949024],[1.912632004273085,42.45393734381684],[1.718889,42.503052],[1.445833,42.601944],[1.454372944795423,42.61290349092135],[-0.611982133778351,42.73087652774219],[-1.914577808769959,43.3054157123125]]]},"properties":{"NAME":"Spain","SUBJECTO":"Spain","PARTOF":"Spain"}},
{"type":"Feature","geometry":{"type":"Polygon","coordinates":[[[40.09806350192187,43.37755163760547],[41.40974334200976,42.78824194522266],[41.48396209200976,41.436542116121096],[42.87842467745898,41.54550512881641],[43.489268335906246,41.07472952456836],[45.14101317843554,41.30404242129688],[46.775671991912105,41.123206697419924],[46.55577758273242,41.878455720857424],[44.9779653879082,42.771991334871096],[40.80813888033984,43.527240358308596],[40.09806350192187,43.37755163760547]]]},"properties":{"NAME":"Georgia","SUBJECTO":"Georgia","PARTOF":"Georgia"}},
{"type":"Feature","geometry":{"type":"Polygon","coordinates":[[[19.36771300753711,41.84637030215625],[20.047053370085937,42.48752173037891],[19.22266677340625,43.51016577334766],[18.457419428435546,42.55779226870899],[18.51358893832324,42.362140260652346],[19.36771300753711,41.84637030215625]]]},"properties":{"NAME":"Montenegro","SUBJECTO":"Montenegro","PARTOF":"Montenegro"}},
{"type":"Feature","geometry":{"type":"Polygon","coordinates":[[[71.0740461679375,40.24603231997852],[69.69043258151171,40.124583803132815],[69.46961501559375,39.55044897647266],[71.5232420297539,39.58357199283008],[72.28506759127734,39.230262361482424],[73.76455977877734,39.45107992740039],[74.00865462741015,39.963199220613284],[75.42999556979296,40.6102367267168],[76.481638941375,40.43697317691211],[77.12774184664843,41.12502249331836],[78.40125564059375,41.22801550479297],[80.26470473727343,42.241439424470705],[79.29609969576953,42.7965045795],[77.07686141451953,43.00628241153125],[75.79610732516406,42.80754431338672],[74.47118667086718,43.17189749331836],[73.58790877780078,42.4542308673418],[71.96487716158984,42.829627595857424],[71.03527358492968,42.24306448550586],[70.80557540377734,41.482623659089846],[72.72671035250781,40.89745291324024],[71.83238509616015,40.14666327090625],[71.0740461679375,40.24603231997852]]]},"properties":{"NAME":"Kyrgyzstan","SUBJECTO":"Kyrgyzstan","PARTOF":"Kyrgyzstan"}},
{"type":"Feature","geometry":{"type":"Polygon","coordinates":[[[61.221343073455074,35.581615053132815],[62.67759231051562,35.265460573152346],[63.11659530123828,35.78940924258594],[64.540720972625,36.338092409089846],[64.82598403414843,37.14788397403125],[65.72472670992968,37.490279756501955],[66.63383010348437,37.24810751529102],[66.74537948092578,38.013248048738284],[65.81170943698046,38.23959311099414],[63.85948470553515,39.18741186709766],[62.5297117563164,40.092792116121096],[61.977995905486324,41.19622000308399],[60.63407424410937,41.21036871524219],[59.98333266696093,42.285506807283205],[58.89404967745898,42.69575461001758],[56.09652236422656,41.32353933902149],[55.45063689669726,41.37762030215625],[54.23424437960742,42.37371786685352],[52.55927184542773,41.75783880801563],[53.98521712741015,42.10553701968555],[54.81849578341601,40.87956961245899],[53.257300409880855,40.764632783845705],[52.84545043429492,40.18038138003711],[54.07141784152148,38.89694555850391],[54.015112909880855,37.34832724185352],[55.35565856417773,38.03765066714649],[57.225466761199215,38.18818625064258],[59.240481409636715,37.44784124942188],[61.221343073455074,35.581615053132815]]]},"properties":{"NAME":"Turkmenistan","SUBJECTO":"Turkmenistan","PARTOF":"Turkmenistan"}},
{"type":"Feature","geometry":{"type":"Polygon","coordinates":[[[20.122382196990234,39.551009736970705],[21.031638178435546,40.726790986970705],[20.582966837493164,41.880714021638674],[20.047053370085937,42.48752173037891],[19.36771300753711,41.84637030215625],[19.369067225066406,40.26028021426563],[20.122382196990234,39.551009736970705]]]},"properties":{"NAME":"Albania","SUBJECTO":"Albania","PARTOF":"Albania"}},
{"type":"Feature","geometry":{"type":"Polygon","coordinates":[[[22.920243296233398,41.230689607576174],[22.32924178561328,42.34032019229297],[20.582966837493164,41.880714021638674],[21.031638178435546,40.726790986970705],[22.920243296233398,41.230689607576174]]]},"properties":{"NAME":"Macedonia","SUBJECTO":"Macedonia","PARTOF":"Macedonia"}},
{"type":"Feature","geometry":{"type":"Polygon","coordinates":[[[-7.491503682526368,37.20815619082813],[-6.933383431824463,38.961349092439455],[-6.708704438599366,41.96004446597461],[-8.806055035980958,41.889178834871096],[-8.694069829376954,40.992171846345705],[-9.549007382782715,38.77451666446094],[-8.853651967438477,38.4996410235918],[-8.667059865387696,37.12144049258594],[-7.491503682526368,37.20815619082813]]]},"properties":{"NAME":"Portugal","SUBJECTO":"Portugal","PARTOF":"Portugal"}},
{"type":"Feature","geometry":{"type":"MultiPolygon","coordinates":[[[[44.79458907565234,37.13180502505664],[44.20520690402148,37.8674274310625],[44.08210662325976,39.29454763980274],[44.669585260955074,39.75698813052539],[43.81239226779101,40.01388128848438],[43.489268335906246,41.07472952456836],[42.87842467745898,41.54550512881641],[41.48396209200976,41.436542116121096],[40.36101439913867,40.963443361238284],[38.6511831613457,40.92156942935352],[36.38289550265429,41.23751791568164],[35.957793268767574,41.685645662263674],[33.55554107150195,41.982501588777346],[30.744805368987304,41.04032476992969],[26.127575907317382,39.878558717683596],[26.70794394930957,39.18212851138477],[27.160407099333984,37.36008032412891],[29.002251658049804,36.69479712100391],[29.29818824252246,36.17311819644336],[30.472832712737304,36.18825491519336],[31.37069037875293,36.712344728425784],[33.171336207,35.97088202090625],[34.48512938937304,36.626781068757815],[35.829051050749996,35.884784303621096],[38.235354456511715,36.821395479158205],[39.17472747286914,36.552833162263674],[40.60068038424609,36.99380453677539],[42.53002837618945,37.201984010652346],[44.79458907565234,37.13180502505664]]],[[[27.91795257052539,41.977672182039065],[26.349875483123046,41.6407543048418],[26.020724329558593,40.669322572664065],[28.827807459441406,40.91469915957813],[27.91795257052539,41.977672182039065]]]]},"properties":{"NAME":"Turkey","SUBJECTO":"Turkey","PARTOF":"Turkey"}},
{"type":"Feature","geometry":{"type":"Polygon","coordinates":[[[48.824954065886715,38.3095775470293],[49.80730346163867,40.58070334048633],[48.683238062468746,41.83590658755664],[47.98832610568164,41.218944154695315],[46.55577758273242,41.878455720857424],[46.775671991912105,41.123206697419924],[45.14101317843554,41.30404242129688],[46.601050409880855,38.983321748689455],[47.99317077120898,38.85046347232227],[48.824954065886715,38.3095775470293]]]},"properties":{"NAME":"Azerbaijan","SUBJECTO":"Azerbaijan","PARTOF":"Azerbaijan"}},
{"type":"Feature","geometry":{"type":"Polygon","coordinates":[[[21.031638178435546,40.726790986970705],[20.122382196990234,39.551009736970705],[21.22843078097461,37.90490683169727],[22.638745340911132,37.492286287263674],[23.555766138640625,38.351764284089846],[22.720257792083007,39.287269197419924],[22.60226539095996,40.39723929019336],[25.04631713351367,40.952273927644534],[26.020724329558593,40.669322572664065],[26.349875483123046,41.6407543048418],[25.359320673552734,41.15435751529102],[24.418063196746093,41.47619589419727],[22.920243296233398,41.230689607576174],[21.031638178435546,40.726790986970705]]]},"properties":{"NAME":"Greece","SUBJECTO":"Greece","PARTOF":"Greece"}},
{"type":"Feature","geometry":{"type":"Polygon","coordinates":[[[46.601050409880855,38.983321748689455],[45.14101317843554,41.30404242129688],[43.489268335906246,41.07472952456836],[43.81239226779101,40.01388128848438],[44.669585260955074,39.75698813052539],[46.28439620455859,38.822452150300784],[46.601050409880855,38.983321748689455]]]},"properties":{"NAME":"Armenia","SUBJECTO":"Armenia","PARTOF":"Armenia"}},
{"type":"Feature","geometry":{"type":"Polygon","coordinates":[[[74.73327163180468,37.20940359683399],[74.57975295504687,38.59007986636524],[73.76455977877734,39.45107992740039],[72.28506759127734,39.230262361482424],[71.5232420297539,39.58357199283008],[69.46961501559375,39.55044897647266],[69.69043258151171,40.124583803132815],[71.0740461679375,40.24603231997852],[70.55080703219531,41.06890066714649],[69.61712935885546,40.81426580996875],[68.20247939547656,39.00350531192188],[68.51370528658984,38.140567384675784],[67.77926925143359,36.940791688875],[69.30783370455859,37.08373221011524],[70.71880629977343,38.364886842683596],[71.44410994967578,37.83401449771289],[71.84756759127734,36.7160716876543],[73.04716018160937,37.32828863711719],[74.73327163180468,37.20940359683399]]]},"properties":{"NAME":"Tajikistan","SUBJECTO":"Tajikistan","PARTOF":"Tajikistan"}},
{"type":"Feature","geometry":{"type":"Polygon","coordinates":[[[44.79458907565234,37.13180502505664],[45.38811400851367,35.925574861482424],[46.18439391574023,35.05844458194141],[45.50621322116015,33.797252260164065],[47.793040308562496,31.797170244172854],[47.68874648532031,30.882104478791994],[48.5536489816582,29.99462278933887],[50.1323728891289,30.06642874331836],[51.350134882537105,28.0361343249834],[52.89083388766406,27.052323900178713],[54.6460562082207,26.39131888003711],[55.89973357638476,27.10480459781055],[56.79043105563281,26.97391279788379],[57.254771265593746,25.793286882356448],[59.03145888766406,25.307866655305666],[61.56996444186328,25.03957136721973],[61.94130996188281,26.15635260196094],[63.240542444792965,26.665551744416994],[62.67098144015429,28.205365739778323],[61.65926650485156,28.656762681916994],[60.82045653781054,29.833345018342776],[61.77916625460742,30.9051528796709],[60.79381469210742,31.578881822541994],[60.54009536227343,32.993175111726565],[61.221343073455074,35.581615053132815],[59.240481409636715,37.44784124942188],[57.225466761199215,38.18818625064258],[55.35565856417773,38.03765066714649],[54.015112909880855,37.34832724185352],[53.79965499362109,36.67903860659961],[51.79552367648242,36.432349763826174],[50.56095412692187,36.68642767520313],[48.837229761687496,37.51097448916797],[48.824954065886715,38.3095775470293],[47.99317077120898,38.85046347232227],[46.601050409880855,38.983321748689455],[46.28439620455859,38.822452150300784],[44.669585260955074,39.75698813052539],[44.08210662325976,39.29454763980274],[44.20520690402148,37.8674274310625],[44.79458907565234,37.13180502505664]]]},"properties":{"NAME":"Iran","SUBJECTO":"Iran","PARTOF":"Iran"}},
{"type":"Feature","geometry":{"type":"Polygon","coordinates":[[[60.82045653781054,29.833345018342776],[62.36863997897265,29.384700380281252],[64.08925918063281,29.3945327624834],[66.09057143649218,29.736140809968752],[66.46658614596484,30.842952333406252],[68.24271682223437,31.76717909427051],[69.20640853366015,31.798038087800784],[69.50792220553515,32.94862326236133],[70.28924087008593,33.28308065982227],[71.65887740573046,35.12511023135547],[71.32484725436328,36.05156668277149],[72.37272170504687,36.717723451570315],[74.52053359469531,37.004581056550784],[74.73327163180468,37.20940359683399],[73.04716018160937,37.32828863711719],[71.84756759127734,36.7160716876543],[71.44410994967578,37.83401449771289],[70.71880629977343,38.364886842683596],[69.30783370455859,37.08373221011524],[67.77926925143359,36.940791688875],[66.63383010348437,37.24810751529102],[65.72472670992968,37.490279756501955],[64.82598403414843,37.14788397403125],[64.540720972625,36.338092409089846],[63.11659530123828,35.78940924258594],[62.67759231051562,35.265460573152346],[61.221343073455074,35.581615053132815],[60.54009536227343,32.993175111726565],[60.79381469210742,31.578881822541994],[61.77916625460742,30.9051528796709],[60.82045653781054,29.833345018342776]]]},"properties":{"NAME":"Afghanistan","SUBJECTO":"Afghanistan","PARTOF":"Afghanistan"}},
{"type":"Feature","geometry":{"type":"Polygon","coordinates":[[[38.753577265349605,33.2066608295],[39.32646850070117,32.13654287906055],[43.53986266574023,30.2932144031084],[43.62164977511523,29.46798475833301],[44.68786147555468,29.029479585603518],[46.509158167449215,28.97005232425098],[47.10673049410937,29.811826311067385],[47.91136077365039,29.89029272647266],[48.5536489816582,29.99462278933887],[47.68874648532031,30.882104478791994],[47.793040308562496,31.797170244172854],[45.50621322116015,33.797252260164065],[46.18439391574023,35.05844458194141],[45.38811400851367,35.925574861482424],[44.79458907565234,37.13180502505664],[42.53002837618945,37.201984010652346],[41.2930288644707,36.19542654605274],[41.1190672250664,34.426646791414065],[38.753577265349605,33.2066608295]]]},"properties":{"NAME":"Iraq","SUBJECTO":"Iraq","PARTOF":"Iraq"}},
{"type":"Feature","geometry":{"type":"Polygon","coordinates":[[[35.70218184908984,32.719405733064455],[36.836550745574215,32.18593939395313],[38.753577265349605,33.2066608295],[41.1190672250664,34.426646791414065],[41.2930288644707,36.19542654605274],[42.53002837618945,37.201984010652346],[40.60068038424609,36.99380453677539],[39.17472747286914,36.552833162263674],[38.235354456511715,36.821395479158205],[35.829051050749996,35.884784303621096],[35.85191634616015,34.49294622989063],[36.502146753874996,34.048045717195315],[35.50439361056445,33.10851248355274],[35.70218184908984,32.719405733064455]]]},"properties":{"NAME":"Syria","SUBJECTO":"Syria","PARTOF":"Syria"}},
{"type":"Feature","geometry":{"type":"Polygon","coordinates":[[[11.47068694552539,33.14409216494922],[10.01948073825,34.08147390933399],[11.12510875186084,35.2406078204668],[10.132734331694824,37.104747377351565],[8.636709246245605,36.885257326082034],[8.272001299468261,36.322791658357424],[8.217679056731445,34.58479269595508],[7.581201586333496,34.04101523013477],[7.817420992461425,33.06362494082813],[9.006476435271484,31.90734251590137],[9.57486060580371,30.20736464114551],[10.132420572844726,31.48158224673633],[11.416425737944824,32.32773932071094],[11.47068694552539,33.14409216494922]]]},"properties":{"NAME":"Tunisia","SUBJECTO":"Tunisia","PARTOF":"Tunisia"}},
{"type":"Feature","geometry":{"type":"Polygon","coordinates":[[[-8.629150357636231,27.172677598909182],[-4.865763631256836,24.99489554019336],[-1.651156630905884,22.845944963411135],[1.087368759719116,21.132964693025393],[1.839478764144165,20.16483648867969],[3.187091860381347,19.746856294587893],[3.225168737975341,18.952552400544924],[4.203835520354492,19.136262498811526],[5.775469336119873,19.44418676944141],[7.538447889891845,20.91636236758594],[11.959014925566894,23.471690736726565],[11.447878870574218,24.256801210359377],[10.31472876986621,24.466327272371096],[9.37672999819873,26.03706892581348],[9.857375177947265,26.433888994172854],[9.860776934233886,27.832110963777346],[9.57486060580371,30.20736464114551],[9.006476435271484,31.90734251590137],[7.817420992461425,33.06362494082813],[7.581201586333496,34.04101523013477],[8.217679056731445,34.58479269595508],[8.272001299468261,36.322791658357424],[8.636709246245605,36.885257326082034],[5.144465002623779,36.66767843814258],[1.057602915374023,36.461856447175784],[-2.192973938378113,35.05424841494922],[-1.738150325211304,34.60509451480274],[-1.68113121071698,33.257815919832034],[-1.234288897904175,31.989039979890627],[-2.817108598145264,31.992766939119143],[-3.780335154923218,31.555024705842776],[-3.729404654892701,30.89420088382129],[-5.602978196533936,29.872754655793948],[-7.170479741486329,29.476010881379885],[-8.593210187348145,28.641410432771487],[-8.641209569367188,27.566762529329104],[-8.629150357636231,27.172677598909182]]]},"properties":{"NAME":"Algeria","SUBJECTO":"Algeria","PARTOF":"Algeria"}},
{"type":"Feature","geometry":{"type":"Polygon","coordinates":[[[-2.192973938378113,35.05424841494922],[-4.592977490814942,35.151187501863284],[-5.928758588227051,35.72785910220508],[-7.004007783325928,33.874984346345705],[-8.314414945038575,33.33848150821094],[-9.218686070832032,32.580360017732424],[-9.813266721161622,31.289060197786135],[-9.662592854889649,29.954816423372073],[-11.57645889798047,28.228616319612307],[-13.123640027436036,27.546344362214846],[-8.641209569367188,27.566762529329104],[-8.593210187348145,28.641410432771487],[-7.170479741486329,29.476010881379885],[-5.602978196533936,29.872754655793948],[-3.729404654892701,30.89420088382129],[-3.780335154923218,31.555024705842776],[-2.817108598145264,31.992766939119143],[-1.234288897904175,31.989039979890627],[-1.68113121071698,33.257815919832034],[-1.738150325211304,34.60509451480274],[-2.192973938378113,35.05424841494922]]]},"properties":{"NAME":"Morocco","SUBJECTO":"Morocco","PARTOF":"Morocco"}},
{"type":"Feature","geometry":{"type":"Polygon","coordinates":[[[35.85191634616015,34.49294622989063],[34.97200683077929,32.93840750308399],[35.50439361056445,33.10851248355274],[36.502146753874996,34.048045717195315],[35.85191634616015,34.49294622989063]]]},"properties":{"NAME":"Lebanon","SUBJECTO":"Lebanon","PARTOF":"Lebanon"}},
{"type":"Feature","geometry":{"type":"Polygon","coordinates":[[[-97.2599610952461,25.811372362092776],[-99.09998795071485,26.40879400821094],[-99.60426804104688,27.46897467227344],[-101.03329178372266,29.32622679324512],[-102.44769760647657,29.687442384675784],[-103.5860108999336,29.05687864871387],[-104.57434555569532,29.579730592683596],[-105.12630936184766,30.614627443269534],[-106.54451462307813,31.702058397249026],[-108.2321061758125,31.724301897004885],[-108.37103745022657,31.277612291291994],[-111.08886429348829,31.306699357942385],[-114.62180801907422,32.42695578189258],[-114.88409134426954,32.635718904451174],[-117.17368027249219,32.520553194001955],[-115.60230728665235,29.685151658967776],[-114.06728836575391,28.42289312930469],[-114.4778566030586,27.243947587922854],[-112.41098495999219,26.19277151675586],[-112.16581436673047,25.01066740603809],[-110.22465988675,23.39993818850879],[-110.20493790188672,24.31546553225879],[-110.79756638089063,24.880048356965823],[-112.86987015286329,28.334659181550784],[-114.68277451077344,30.14322432132129],[-114.83865067044141,31.815496049836916],[-113.0520753530586,31.13870009036426],[-112.65433212796094,29.91851194949512],[-111.69163223782422,28.496102891877932],[-110.6044435171211,27.856137834504885],[-110.38207718411329,27.214393220857424],[-109.13188644925,26.288686357454104],[-108.01261612454297,24.981280885652346],[-105.53994461575391,22.284598909333987],[-104.94791122952344,19.43783911319141],[-103.49393936673047,18.353892885164065],[-101.9926042226875,18.02653082461719],[-101.2207765249336,17.41792257876758],[-98.85616013089063,16.596610628083987],[-97.88092514553907,16.052028261140627],[-96.3329362539375,15.750238977388186],[-95.13016983548047,16.299468599275393],[-94.0753907827461,16.11115988345508],[-92.15540024319532,14.542796693757815],[-92.24351212063672,15.282212816194338],[-91.75949570217969,16.097781740144534],[-90,16.097781740144534],[-90,16.816388688997073],[-91.0760011343086,16.92049940677051],[-91.00987717190625,17.836225114778323],[-89.15433975735547,17.831187807039065],[-88.32046219387891,18.49439962954883],[-87.87709518948438,18.380864702180666],[-87.65071579495313,20.189910493806643],[-86.93589493313672,20.97639998050098],[-87.20057388821485,21.528873048738284],[-88.33372208157422,21.59004171939258],[-90,21.160729967073244],[-90,19.38150557132129],[-91.70248123684766,18.823484025911135],[-94.24197098294141,18.240150056794924],[-96.01226517239454,18.929256044343752],[-97.50419327298047,21.189153276399416],[-97.88202377835157,22.33262213321094],[-97.82254501858594,24.20810469241504],[-97.2599610952461,25.811372362092776]]]},"properties":{"NAME":"Mexico","SUBJECTO":"Mexico","PARTOF":"Mexico"}},
{"type":"Feature","geometry":{"type":"Polygon","coordinates":[[[47.91136077365039,29.89029272647266],[47.10673049410937,29.811826311067385],[46.509158167449215,28.97005232425098],[48.44353393038867,28.44023474307422],[47.91136077365039,29.89029272647266]]]},"properties":{"NAME":"Kuwait","SUBJECTO":"Kuwait","PARTOF":"Kuwait"}},
{"type":"Feature","geometry":{"type":"Polygon","coordinates":[[[92.50995162448046,22.110425554231448],[92.12366774996875,20.996430955842776],[93.33432296237109,20.025172792390627],[94.05371383151171,19.061149202302737],[94.46485427340625,17.26426275821094],[94.1433592172539,16.21537932010059],[95.32981399020312,15.677930437043948],[96.46924880465625,16.512576662019534],[97.57322219332812,16.4450698718584],[97.82298568209765,14.61600836367969],[98.48591903170703,13.111775957063479],[98.73837569674609,11.435081087068362],[98.59324172457812,10.120483003572268],[99.58108809908984,11.888709627107424],[99.00300887545703,13.886227212861819],[98.1370344491875,15.189550958589358],[98.82361129244921,16.317746721223635],[97.78759292086718,17.575469575837893],[97.78882125338671,19.39800413699512],[100.00115493258593,20.458650194124026],[101.0139875741875,21.442420564607424],[100.32079604586718,21.463782869294924],[99.15594008883593,22.307843767122073],[98.76916030367968,24.08975752444629],[97.63116744479296,24.273633562043948],[97.52405074557421,24.799996934846682],[98.73374465426562,26.34318121524219],[98.63722518405078,27.478742204622073],[97.34041884860156,28.18211515994434],[97.01381972750781,27.583655916169924],[95.18182662448046,26.557555757478518],[94.18484786471484,23.93619879336719],[93.36920455416796,23.950511537507815],[93.12766555270312,22.202924333528323],[92.50995162448046,22.110425554231448]]]},"properties":{"NAME":"Burma","SUBJECTO":"Burma","PARTOF":"Burma"}},
{"type":"Feature","geometry":{"type":"Polygon","coordinates":[[[89.07225326022265,21.77433928103809],[90,22.560958467439455],[91.41017440280078,22.720834337190432],[92.12366774996875,20.996430955842776],[92.50995162448046,22.110425554231448],[92.1385984750664,25.09897383304004],[90,25.186317048982424],[89.71444991549609,25.961059175447268],[88.42344191989062,26.33451994510059],[88.87958053073046,25.245194993928713],[88.67818740328906,23.44705542178516],[89.07225326022265,21.77433928103809]]]},"properties":{"NAME":"Bangladesh","SUBJECTO":"Bangladesh","PARTOF":"Bangladesh"}},
{"type":"Feature","geometry":{"type":"Polygon","coordinates":[[[102.0738020273125,6.154240690187258],[101.55989364108203,6.739531599000735],[100.61492446383593,6.97892864795093],[100.131541285125,8.53205069156055],[99.07134536227343,9.898278795198244],[99.89526656588671,12.079245172456545],[100.23968032321093,13.490372262910647],[100.8716307016289,12.67854269595508],[101.91858199557421,12.585492692903323],[102.67077926119921,12.03772410006885],[102.33450606783984,13.232584558442873],[103.08302596530078,14.291369996980471],[105.05652907809375,14.239496789888186],[105.47315505465625,15.15017469973926],[104.6104002328789,16.643878541902346],[104.58424666842578,17.32957800479297],[103.9275617929375,18.278237901643557],[103.22452834567187,18.439221940950198],[102.66148665866015,17.84536512942676],[101.86464980563281,18.107404313997073],[100.5004148813164,19.43925627322559],[100.00115493258593,20.458650194124026],[97.78882125338671,19.39800413699512],[97.78759292086718,17.575469575837893],[98.82361129244921,16.317746721223635],[98.1370344491875,15.189550958589358],[99.00300887545703,13.886227212861819],[99.58108809908984,11.888709627107424],[98.59324172457812,10.120483003572268],[98.1771726938164,8.600222192720217],[99.02450850924609,7.871374689058108],[100.1587400766289,6.340098463014407],[100.61741164645312,6.422341428712649],[101.76259902438281,5.586182676271243],[102.0738020273125,6.154240690187258]]]},"properties":{"NAME":"Thailand","SUBJECTO":"Thailand","PARTOF":"Thailand"}},
{"type":"Feature","geometry":{"type":"Polygon","coordinates":[[[-88.32046219387891,18.49439962954883],[-89.15433975735547,17.831187807039065],[-88.94077774563672,15.904618822053713],[-88.44453903714063,16.44117697329883],[-88.11193558255079,18.19392927737598],[-88.32046219387891,18.49439962954883]]]},"properties":{"NAME":"Belize","SUBJECTO":"Belize","PARTOF":"Belize"}},
{"type":"Feature","geometry":{"type":"Polygon","coordinates":[[[-92.15540024319532,14.542796693757815],[-91.24203201809766,13.951556764558596],[-90,13.872862420991702],[-89.3803224233711,14.466648660615725],[-89.1764421133125,15.096210084871096],[-88.27393051663282,15.747230134919924],[-88.94077774563672,15.904618822053713],[-89.15433975735547,17.831187807039065],[-91.00987717190625,17.836225114778323],[-91.0760011343086,16.92049940677051],[-90,16.816388688997073],[-90,16.097781740144534],[-91.75949570217969,16.097781740144534],[-92.24351212063672,15.282212816194338],[-92.15540024319532,14.542796693757815]]]},"properties":{"NAME":"Guatemala","SUBJECTO":"Guatemala","PARTOF":"Guatemala"}},
{"type":"Feature","geometry":{"type":"Polygon","coordinates":[[[-88.27393051663282,15.747230134919924],[-89.1764421133125,15.096210084871096],[-89.3803224233711,14.466648660615725],[-87.7705812124336,13.500850282625002],[-87.40427109280469,13.029873453096194],[-86.68932816067579,13.768247209504885],[-85.73531052151563,13.856570802644534],[-84.83382126370313,14.771436296418948],[-83.41719528714063,15.00085886569385],[-84.65045639553907,15.933375917390627],[-88.27393051663282,15.747230134919924]]]},"properties":{"NAME":"Honduras","SUBJECTO":"Honduras","PARTOF":"Honduras"}},
{"type":"Feature","geometry":{"type":"Polygon","coordinates":[[[-87.7705812124336,13.500850282625002],[-89.3803224233711,14.466648660615725],[-90,13.872862420991702],[-88.63806625882032,13.25522955508594],[-87.7705812124336,13.500850282625002]]]},"properties":{"NAME":"El Salvador","SUBJECTO":"El Salvador","PARTOF":"El Salvador"}},
{"type":"Feature","geometry":{"type":"Polygon","coordinates":[[[-71.18874832669141,11.911603532747073],[-71.69791122952344,12.428066812471194],[-73.36232468167188,11.324960313752932],[-74.2189225820625,11.367601953462405],[-75.45044418850782,10.627693735078616],[-75.70266434231641,9.425959192231936],[-76.76352402249219,8.692807756379885],[-77.4947023061836,8.661484323457522],[-77.12526413479688,7.980431161836428],[-77.89673325100782,7.171753011659426],[-77.40016647854688,6.670446001008791],[-77.50037857571485,5.513577543214602],[-77.10599991360547,3.792188964799685],[-77.80209824124219,2.576873622850222],[-78.46819778958204,2.467397294954104],[-78.94347855130079,1.380803190187258],[-76.85013290921094,0.137908183053774],[-76.14793106594922,0.345496140435976],[-75.5255632070625,-0.140241451545911],[-74.4741716055,-0.572576738878446],[-72.95909592190625,-2.451265253111082],[-70.92306992092969,-2.318394340559202],[-70.0522966055,-2.821661867185789],[-70.58789536038282,-3.790871776624876],[-69.87801071682813,-4.187031663938718],[-69.32078262844922,-1.298272766157346],[-69.9838380483711,-0.266162358208852],[-69.73657700100782,1.655012093499941],[-68.18302628079297,1.607047520593447],[-67.17973038235547,2.070724092439455],[-67.7677507070625,2.823716722444338],[-67.22301956692579,3.335538230851931],[-67.81290909329297,4.304731450990481],[-67.76554581204297,6.24412115664844],[-69.3031739858711,6.006098829225344],[-70.54106613675,7.054156385377688],[-71.81207748928907,6.970307432130618],[-72.3639650014961,7.469311319307131],[-72.35314652005079,8.315022073701662],[-73.01743790188672,9.735362611726565],[-72.05103012600782,11.721805177644534],[-71.18874832669141,11.911603532747073]]]},"properties":{"NAME":"Colombia","SUBJECTO":"Colombia","PARTOF":"Colombia"}},
{"type":"Feature","geometry":{"type":"Polygon","coordinates":[[[3.609702620116455,11.721436105684084],[2.320128950682861,12.17146261783008],[2.272173437682373,11.662670694307131],[0.925124201384765,10.89829596133594],[1.586962136832458,9.084294877961916],[1.761008772460205,6.25322588534717],[2.766808065978271,6.348114095643801],[2.764204535094482,8.862454019502444],[3.830611738768798,10.705737672761721],[3.609702620116455,11.721436105684084]]]},"properties":{"NAME":"Benin","SUBJECTO":"Benin","PARTOF":"Benin"}},
{"type":"Feature","geometry":{"type":"Polygon","coordinates":[[[-2.84040662327649,9.572915636018557],[-2.524905887039917,8.278059564546389],[-3.193603482636231,6.602344594911379],[-2.749738898667115,5.095558248475832],[-2.031221595200318,4.698200784639162],[1.165727171508056,6.066323839143557],[0.535911891070587,6.815189443544192],[0.719426903334838,8.329100213960452],[-0.026125278862732,10.568486772493166],[0.064007225838882,11.06482370944385],[-2.702452149781006,10.927663408235354],[-2.84040662327649,9.572915636018557]]]},"properties":{"NAME":"Ghana","SUBJECTO":"Ghana","PARTOF":"Ghana"}},
{"type":"Feature","geometry":{"type":"Polygon","coordinates":[[[0.064007225838882,11.06482370944385],[-0.026125278862732,10.568486772493166],[0.719426903334838,8.329100213960452],[0.535911891070587,6.815189443544192],[1.165727171508056,6.066323839143557],[1.761008772460205,6.25322588534717],[1.586962136832458,9.084294877961916],[0.925124201384765,10.89829596133594],[0.064007225838882,11.06482370944385]]]},"properties":{"NAME":"Togo","SUBJECTO":"Togo","PARTOF":"Togo"}},
{"type":"Feature","geometry":{"type":"Polygon","coordinates":[[[-7.562493291291016,4.351184450105471],[-4.999971356781739,5.238270841554446],[-2.749738898667115,5.095558248475832],[-3.193603482636231,6.602344594911379],[-2.524905887039917,8.278059564546389],[-2.84040662327649,9.572915636018557],[-3.413384642990845,9.842851243928713],[-4.39932152310254,9.570026956514162],[-5.563794103058594,10.357699953035159],[-6.476800885590333,10.581123910859866],[-7.054461923035401,10.050104700044436],[-7.90747353115918,10.121322236970705],[-8.196898427399415,9.661934457734866],[-7.473532643708008,8.452107034639162],[-8.303831067475098,7.43648537249927],[-8.52998444119336,6.526147447541994],[-7.418688741120118,5.731824003175539],[-7.562493291291016,4.351184450105471]]]},"properties":{"NAME":"Ivory Coast","SUBJECTO":"Ivory Coast","PARTOF":"Ivory Coast"}},
{"type":"Feature","geometry":{"type":"MultiPolygon","coordinates":[[[[102.0738020273125,6.154240690187258],[101.76259902438281,5.586182676271243],[100.61741164645312,6.422341428712649],[100.1587400766289,6.340098463014407],[100.66430953463671,3.903745017961306],[101.33639815768359,2.780523143724245],[103.42773726901171,1.380763731912417],[104.17563918551562,1.388738475755495],[103.30775741061328,3.026256643251223],[103.34182265719531,4.805444799379153],[102.0738020273125,6.154240690187258]]],[[[109.5175047250664,1.820520602182192],[110.54860213717578,0.726002536729617],[111.56202224215625,0.763813756421847],[112.39998153170703,1.429807148889346],[113.67678359469531,1.145051680520815],[114.65887740573046,1.595793567613406],[115.53003982028125,3.170721374467654],[115.70677474459765,4.156728349641604],[117.55868819674609,3.980721078828616],[118.39120772799609,4.374171338990969],[119.04260543307421,5.169805131868166],[116.5956297250664,6.899092756227297],[114.96151259860156,4.876515947297854],[115.16134170016406,4.309385381654543],[114.43372634371875,3.998343549684328],[114.07372573336718,4.455024801210207],[112.75924972018359,3.008589826539797],[111.37182906588671,2.598927341417117],[110.81756118258593,1.244261227563662],[109.5175047250664,1.820520602182192]]]]},"properties":{"NAME":"Malaysia","SUBJECTO":"Malaysia","PARTOF":"Malaysia"}},
{"type":"Feature","geometry":{"type":"Polygon","coordinates":[[[-56.709626164826176,1.891480408624453],[-54.86057755032422,2.480966173127932],[-54.388329472931645,2.261286817506594],[-53.97731110134961,3.357142053560061],[-54.36608978787305,4.689873300508303],[-53.83686157742383,5.689471326783938],[-54.56969543972852,5.963541589692873],[-57.06514069119336,5.837398611024661],[-57.7639894155586,4.91125401111011],[-57.9950570730293,3.96261366458301],[-57.24637695828321,3.255050979570193],[-56.709626164826176,1.891480408624453]]]},"properties":{"NAME":"Suriname","SUBJECTO":"Suriname","PARTOF":"Suriname"}},
{"type":"Feature","geometry":{"type":"Polygon","coordinates":[[[-51.62341782132032,4.215936265901369],[-53.02668091336133,5.426703058198733],[-53.83686157742383,5.689471326783938],[-54.36608978787305,4.689873300508303],[-53.97731110134961,3.357142053560061],[-54.388329472931645,2.261286817506594],[-52.8463868764961,2.092475019410891],[-51.62341782132032,4.215936265901369]]]},"properties":{"NAME":"French Guiana","SUBJECTO":"French Guiana","PARTOF":"French Guiana"}},
{"type":"Feature","geometry":{"type":"Polygon","coordinates":[[[13.017197641936523,-4.768244661375242],[14.334116015044433,-4.302732862516599],[14.443861994353515,-4.886899866148191],[15.993580851165039,-3.669907487913328],[16.09792426547168,-2.328039087339597],[16.64820388278125,-1.409428395315366],[17.454712900725585,-0.84525028614636],[17.960280451384765,2.088033519700808],[18.503987345305664,3.534127317384524],[16.54810050448535,3.306388221696658],[16.076737436858398,2.127680860475344],[14.891231569854003,1.987135015443606],[13.266093287078125,2.110948883012576],[14.345419916716796,0.623639725164217],[13.957955393401367,-0.402054913326459],[14.492750200835449,-0.742119111105161],[14.13813022097705,-2.562185443922239],[13.065004381743652,-2.396950401350217],[11.644035372344238,-2.615166820570188],[11.912161860076171,-3.395432390257078],[11.151153597441894,-3.932286657377439],[11.999688181487304,-5.004106916471677],[13.017197641936523,-4.768244661375242]]]},"properties":{"NAME":"Congo","SUBJECTO":"Congo","PARTOF":"Congo"}},
{"type":"Feature","geometry":{"type":"Polygon","coordinates":[[[11.217659983245117,2.05425675959949],[11.238758120146972,0.910244964078707],[9.628979715911132,0.889529608205599],[9.202508005706054,-0.634416438623624],[8.81520942172168,-0.895802535101133],[9.656445536223632,-2.419099487348753],[11.151153597441894,-3.932286657377439],[11.912161860076171,-3.395432390257078],[11.644035372344238,-2.615166820570188],[13.065004381743652,-2.396950401350217],[14.13813022097705,-2.562185443922239],[14.492750200835449,-0.742119111105161],[13.957955393401367,-0.402054913326459],[14.345419916716796,0.623639725164217],[13.266093287078125,2.110948883012576],[11.217659983245117,2.05425675959949]]]},"properties":{"NAME":"Gabon","SUBJECTO":"Gabon","PARTOF":"Gabon"}},
{"type":"Feature","geometry":{"type":"Polygon","coordinates":[[[9.881230387297851,2.058266244844241],[9.628979715911132,0.889529608205599],[11.238758120146972,0.910244964078707],[11.217659983245117,2.05425675959949],[9.881230387297851,2.058266244844241]]]},"properties":{"NAME":"Equatorial Guinea","SUBJECTO":"Equatorial Guinea","PARTOF":"Equatorial Guinea"}},
{"type":"Feature","geometry":{"type":"Polygon","coordinates":[[[-80.22890945950391,-3.471247114225584],[-80.25851913967969,-4.413981832548338],[-78.87804886380079,-4.869675554319578],[-78.43368240872266,-3.74220959095593],[-77.67662521878125,-2.994138397260862],[-76.65721603909375,-2.657581962629514],[-75.20670029202344,-0.83753464369412],[-75.5255632070625,-0.140241451545911],[-76.14793106594922,0.345496140435976],[-76.85013290921094,0.137908183053774],[-78.94347855130079,1.380803190187258],[-80.08556076565625,0.817998133615298],[-80.33884903469922,-0.66318116335507],[-80.96610733548047,-1.033107079549985],[-80.22890945950391,-3.471247114225584]]]},"properties":{"NAME":"Ecuador","SUBJECTO":"Ecuador","PARTOF":"Ecuador"}},
{"type":"Feature","geometry":{"type":"Polygon","coordinates":[[[-69.58987900296094,-10.902231611295896],[-70.61307236233594,-10.730378545805173],[-71.32430740872266,-10.016585744901853],[-72.15386673489454,-10.002440847440916],[-73.84206100979688,-7.578698553129392],[-73.06186386624219,-6.519180692716795],[-72.76932236233594,-5.144761480375486],[-71.43378159085157,-4.520385660215574],[-69.87801071682813,-4.187031663938718],[-70.58789536038282,-3.790871776624876],[-70.0522966055,-2.821661867185789],[-70.92306992092969,-2.318394340559202],[-72.95909592190625,-2.451265253111082],[-74.4741716055,-0.572576738878446],[-75.5255632070625,-0.140241451545911],[-75.20670029202344,-0.83753464369412],[-76.65721603909375,-2.657581962629514],[-77.67662521878125,-2.994138397260862],[-78.43368240872266,-3.74220959095593],[-78.87804886380079,-4.869675554319578],[-80.25851913967969,-4.413981832548338],[-80.22890945950391,-3.471247114225584],[-81.41761490383985,-4.675080694242673],[-80.61159225979688,-6.369872011228757],[-80.06590744534375,-6.756278909727293],[-79.06024643460157,-8.215522207304197],[-77.75874802151563,-10.65892068295117],[-76.23803421536329,-13.502021230741697],[-76.24178024807813,-14.105595983549314],[-75.2309083608711,-15.221601881071287],[-74.04964157620313,-16.044990934416013],[-71.611866918,-17.22145501522656],[-70.36356827298047,-18.45498315243359],[-69.43009659329297,-17.603817380949216],[-69.01231857815625,-16.61673776058789],[-69.24475571194532,-14.737682737394529],[-68.63990494290235,-12.580358900114256],[-69.58987900296094,-10.902231611295896]]]},"properties":{"NAME":"Peru","SUBJECTO":"Peru","PARTOF":"Peru"}},
{"type":"Feature","geometry":{"type":"MultiPolygon","coordinates":[[[[-54.580407109650395,-25.74334565548535],[-53.61647507229688,-26.27130738644238],[-53.73108002224805,-27.218325056120115],[-54.754723515900395,-27.69419900326367],[-57.57566925564649,-30.40291825680371],[-56.74638077298047,-30.24580041317578],[-55.87414642849805,-31.174250043913084],[-53.893944707306645,-32.04559747128125],[-53.23585220852735,-32.93714562801953],[-53.40556427517774,-33.87947503475781],[-52.35066696682813,-32.67519036678906],[-52.0421876577461,-31.55657235531445],[-50.5817269949043,-30.41646806149121],[-48.93729492703321,-28.69782678036328],[-48.56390854397657,-27.680593885465818],[-48.72452255764844,-25.425621427580076],[-46.20621201077344,-23.882822431608396],[-45.45921036282422,-23.855831541105466],[-44.56129547634961,-22.989857114835935],[-41.95784470120313,-22.92082253841992],[-40.98350235501172,-22.086429990812498],[-40.93281647244336,-21.2794117107832],[-39.69133850613477,-19.408796705290037],[-39.666134801300785,-18.226957716032224],[-39.14249893704297,-17.77471772579785],[-38.94815537014844,-16.001592077299314],[-39.126217809113285,-14.324533857389646],[-38.79886719265821,-12.627316869779783],[-38.266137090119145,-12.886686719938474],[-37.18652435818555,-10.844699300810056],[-35.59859940091016,-9.627626813932615],[-34.890675511750004,-7.611789144560056],[-35.46437164822461,-5.268277086302],[-37.180600133332035,-4.954271711393552],[-38.78636261502149,-3.604257978483396],[-40.23088928738477,-2.851210989042478],[-42.31647202053907,-2.817604698225217],[-43.33403870144727,-2.432190097852903],[-44.22212311306836,-2.77724377064343],[-44.79592606106641,-1.736357845350462],[-47.23713776150586,-0.680439271017271],[-48.042530980500004,-0.815624035879331],[-49.22114655056836,-2.108145631834226],[-50.6431398061836,-1.882471717878538],[-51.529381719025395,-0.429196335359769],[-49.88430496731641,1.213871084169192],[-50.688080754669926,2.21617230029468],[-51.20926758328321,4.070678792909426],[-51.62341782132032,4.215936265901369],[-52.8463868764961,2.092475019410891],[-54.388329472931645,2.261286817506594],[-54.86057755032422,2.480966173127932],[-56.709626164826176,1.891480408624453],[-58.85273834744336,1.154052458719057],[-59.62485214749219,1.734273396447939],[-59.93537231961133,2.73047574611072],[-59.51294037381055,3.966297946885867],[-59.88138290921094,4.949529729799075],[-60.55301758328321,5.009108625367922],[-61.62936874905469,4.208005510286135],[-63.278595891388676,3.867606483415408],[-64.14781281033399,3.417417608217043],[-63.87599274197461,1.880598865464968],[-65.35591599026563,0.56229742617969],[-66.93929001370313,1.207618318513674],[-67.17973038235547,2.070724092439455],[-68.18302628079297,1.607047520593447],[-69.73657700100782,1.655012093499941],[-69.9838380483711,-0.266162358208852],[-69.32078262844922,-1.298272766157346],[-69.87801071682813,-4.187031663938718],[-71.43378159085157,-4.520385660215574],[-72.76932236233594,-5.144761480375486],[-73.06186386624219,-6.519180692716795],[-73.84206100979688,-7.578698553129392],[-72.15386673489454,-10.002440847440916],[-71.32430740872266,-10.016585744901853],[-70.61307236233594,-10.730378545805173],[-69.58987900296094,-10.902231611295896],[-68.50223251858594,-11.086407102628904],[-66.30597397366407,-9.840706266447263],[-65.30872818508985,-9.81572762875195],[-65.27307602444532,-11.365933813139158],[-64.26138016262891,-12.471878446623045],[-62.0785531667793,-13.10071698574658],[-61.62732788601758,-13.625401891752439],[-60.362946477326176,-13.903864301725584],[-60.03219315091016,-16.328901685758787],[-58.333485570343754,-16.36973039059277],[-58.401696172150395,-17.132511533781248],[-57.59640976467969,-18.04261437801953],[-58.13773056546094,-19.811836637541013],[-57.75164124050977,-20.686239637418943],[-57.80576416531446,-22.153994001432615],[-56.37931534329297,-22.13934174923535],[-55.62278458157422,-22.44621316341992],[-55.349171605500004,-23.778633512541013],[-54.21879288235547,-24.121467985197263],[-54.580407109650395,-25.74334565548535]]],[[[-50.22498795071485,-1.735415376707273],[-48.8856935171211,-1.421139515920835],[-48.40189072171094,-0.390650846048551],[-50.50141235867383,-0.261749692245679],[-50.61147781887891,-1.437585391088682],[-50.22498795071485,-1.735415376707273]]]]},"properties":{"NAME":"Brazil","SUBJECTO":"Brazil","PARTOF":"Brazil"}},
{"type":"Feature","geometry":{"type":"MultiPolygon","coordinates":[[[[149.55416396578906,-6.406063951536375],[151.05570510348437,-6.015118516966062],[152.05868056735156,-5.4981354847395],[151.58762649020312,-4.901724733396726],[149.55416396578906,-6.406063951536375]]],[[[140.94761184176562,-9.273864187284666],[142.60740188082812,-9.376576818510252],[143.43680861910937,-8.357819952055173],[144.37983230075,-7.758321680113035],[145.81963637789843,-8.09844247250195],[146.64609816989062,-9.27887574581738],[147.87362197360156,-10.178817190214353],[149.78336623629687,-10.409889616056638],[149.8299055429375,-9.71058026699658],[148.58870986422656,-9.160280622526365],[147.37603286227343,-7.796340860410886],[146.90914443453906,-6.894825376554685],[147.3764906259453,-6.124768175169187],[145.59342483004687,-5.423136152311521],[145.728220972625,-4.997029222532468],[143.445506128875,-3.610096134229856],[140.8697767587578,-2.794752515836912],[140.94549087008593,-6.379222787901121],[140.94761184176562,-9.273864187284666]]]]},"properties":{"NAME":"Papua New Guinea","SUBJECTO":"Papua New Guinea","PARTOF":"Papua New Guinea"}},
{"type":"Feature","geometry":{"type":"MultiPolygon","coordinates":[[[[146.71273330172656,-43.72180978207226],[147.81531814059375,-42.96535149960156],[148.26952651461718,-41.09258309750195],[146.38221267184375,-41.308346189542966],[144.77613357028125,-40.842762388273435],[145.72265151461718,-43.24016610531445],[146.71273330172656,-43.72180978207226]]],[[[142.3375501962578,-10.915382780119138],[141.67852309664843,-12.467817701383787],[141.46815017184375,-14.756776250883298],[141.71129897555468,-15.226692594572263],[140.80094436129687,-17.561829008146482],[139.2483167978203,-17.431642927213865],[137.07371047457812,-16.031298078581052],[136.68714431246875,-16.025764860197263],[135.38805678805468,-14.896969236417966],[135.83089736422656,-13.48477403072949],[136.66369155367968,-12.624820150419431],[135.44454482516406,-12.176124967619138],[134.93998244723437,-12.336121954008298],[133.55918410739062,-11.95134774593945],[130.46349624117968,-12.758938230558591],[129.19642165621875,-14.992895521208006],[127.96256545504687,-14.703128255888181],[126.85342696627734,-13.783772863432127],[125.86320022067187,-14.694914259000974],[125.15565780123828,-14.804505743070798],[124.42450240573046,-15.657898344083982],[124.2772703500664,-16.522783674284177],[122.73833754977343,-16.58328477291699],[122.08547500094531,-17.398397840543943],[122.19645217379687,-18.243687070890623],[120.87214950045703,-19.676941312833982],[117.59692672213671,-20.75833360104199],[116.41879561862109,-20.83712235836621],[113.62543014010546,-22.56592980770703],[113.76201919039843,-23.481134809538084],[113.43258956393359,-24.874161161466795],[114.18252089938281,-26.01704064755078],[113.43298629244921,-26.572010435148435],[113.96464065035937,-28.033178724333006],[114.63039687594531,-28.902958311124998],[115.05826095065234,-30.80351296810742],[115.747263941375,-32.20761147884961],[115.64668563326953,-33.36537591366406],[115.0469236703789,-34.42245522884961],[116.56097701510546,-35.18929711727734],[118.2070799203789,-35.09034005550976],[119.77148726901171,-34.12017098812695],[123.62303451022265,-33.91507378964062],[124.24838546237109,-33.144127286955076],[126.05894759616015,-32.43436471371289],[127.26507857760546,-32.380985654875],[129.18538955172656,-31.798204816862302],[131.28016189059375,-31.634849943205076],[131.99254897555468,-32.065906919523435],[133.83703139742968,-32.34197274593945],[135.1531019540703,-34.05044213680859],[135.52807143649218,-35.054886259123045],[137.4571791025078,-33.31413308529492],[138.10149672946093,-34.35610619930859],[139.36791518649218,-35.614273466154295],[140.01201919039843,-37.64163247494336],[140.65218642672656,-38.16391030697461],[143.36480239352343,-38.9697307720625],[144.96982863864062,-38.065758146330076],[145.93387893160937,-38.88147012142773],[146.82104018649218,-38.84133569149609],[148.03699782809375,-38.09787026791211],[149.50414565524218,-37.928848661466795],[149.98484328707812,-37.34688226132031],[150.2215071054375,-35.694107450529295],[150.76197341403125,-35.253128446623045],[151.36449721774218,-33.52090112118359],[152.17618850192187,-32.87666741757031],[152.97185805758593,-31.418175138517576],[152.93955520114062,-30.69940034298535],[153.49349502047656,-28.840868391081052],[152.94622329196093,-27.340992368742185],[153.06907180270312,-26.22774926571484],[151.73014358004687,-24.157488264127927],[150.80247024020312,-23.599888242765623],[150.75440505465625,-22.811520017667966],[149.55675795992968,-22.432550825163084],[149.10148147067187,-21.060123838468748],[148.19044021090625,-20.171909727140623],[146.32175734957812,-19.082291044279295],[145.86948684176562,-17.19496003536816],[145.32554152926562,-16.49042931942578],[145.18433669528125,-15.047596372648435],[143.74317458590625,-14.465823568388181],[143.17309096774218,-12.121339239164548],[142.3375501962578,-10.915382780119138]]]]},"properties":{"NAME":"Australia","SUBJECTO":"Australia","PARTOF":"Australia"}},
{"type":"Feature","geometry":{"type":"Polygon","coordinates":[[[-58.33968063870313,-34.21614495663281],[-56.33826157132032,-34.99545327572461],[-54.62150665799024,-34.922081388517576],[-53.40556427517774,-33.87947503475781],[-53.23585220852735,-32.93714562801953],[-53.893944707306645,-32.04559747128125],[-55.87414642849805,-31.174250043913084],[-56.74638077298047,-30.24580041317578],[-57.57566925564649,-30.40291825680371],[-58.11836716214063,-32.13938943295117],[-58.33968063870313,-34.21614495663281]]]},"properties":{"NAME":"Uruguay","SUBJECTO":"Uruguay","PARTOF":"Uruguay"}},
{"type":"Feature","geometry":{"type":"Polygon","coordinates":[[[9.49598220309375,54.93829306216602],[10.147146257964355,55.76489218325977],[9.311874422637207,56.481124483064455],[8.183429751006347,56.43146475406055],[8.616097483245117,54.88736303897266],[9.49598220309375,54.93829306216602]]]},"properties":{"NAME":"Denmark","SUBJECTO":"Denmark","PARTOF":"Denmark"}},
{"type":"Feature","geometry":{"type":"Polygon","coordinates":[[[22.570443186370117,49.06668051333789],[24.113539728728515,50.68047674746875],[23.589262995330078,51.54843481631641],[23.95680526217578,52.87940939517383],[23.53050139865039,53.91629370303516],[22.699036631194335,54.414901338533205],[19.977538141814453,54.42394217105274],[18.279448542205078,54.72412069888477],[14.472936663237792,53.87677725406055],[14.280191454497558,53.61341818423633],[14.828880343047363,50.91691168399219],[16.728022608367187,50.148624025300784],[17.678759607878906,50.338267885164065],[18.84419539889453,49.56454046817188],[21.585009607878906,49.49957998843555],[22.570443186370117,49.06668051333789]]]},"properties":{"NAME":"Poland","SUBJECTO":"Poland","PARTOF":"Poland"}},
{"type":"Feature","geometry":{"type":"Polygon","coordinates":[[[7.159938845244628,53.16400106997852],[4.641012701598388,52.75569876284961],[3.775046858397705,51.38774450869922],[5.112526926604492,51.40545233340625],[5.999575647917968,50.74159964175586],[6.82461646517871,51.95638617129688],[7.159938845244628,53.16400106997852]]]},"properties":{"NAME":"Netherlands","SUBJECTO":"Netherlands","PARTOF":"Netherlands"}},
{"type":"Feature","geometry":{"type":"Polygon","coordinates":[[[13.946682962981445,48.655101381257815],[14.993143114653808,48.96778830142383],[16.9387865396416,48.66104467959766],[18.84419539889453,49.56454046817188],[17.678759607878906,50.338267885164065],[16.728022608367187,50.148624025300784],[14.828880343047363,50.91691168399219],[12.2353592248833,50.24080618472461],[12.536298784819824,49.56257589908008],[13.946682962981445,48.655101381257815]]]},"properties":{"NAME":"Czech Republic","SUBJECTO":"Czech Republic","PARTOF":"Czech Republic"}},
{"type":"Feature","geometry":{"type":"Polygon","coordinates":[[[14.033436808196289,13.060618959382815],[13.538728746978027,13.65514525027637],[12.251965555754882,13.075524888948244],[10.41347030123828,13.306189142183108],[9.05742076357959,12.821483217195315],[8.095267328826171,13.279785715059084],[6.863709482756835,13.062759958223147],[5.501391443816406,13.792027078584475],[4.190213236418945,13.479182802156252],[3.609702620116455,11.721436105684084],[3.830611738768798,10.705737672761721],[2.764204535094482,8.862454019502444],[2.766808065978271,6.348114095643801],[3.94949725588916,6.579388700441164],[5.152887854186279,5.6415129527605],[6.088779959288818,4.328133188203616],[8.140204462615234,4.466023527101321],[8.591811213103515,4.712041459993166],[8.83786109408496,5.707666002229494],[10.073553118315917,6.890904031709475],[11.579299006072265,6.791787706331057],[12.828052553740722,9.449688516572756],[13.787839922515136,11.08885820956592],[14.505929026213867,11.480813585237307],[14.033436808196289,13.060618959382815]]]},"properties":{"NAME":"Nigeria","SUBJECTO":"Nigeria","PARTOF":"Nigeria"}},
{"type":"Feature","geometry":{"type":"Polygon","coordinates":[[[11.217659983245117,2.05425675959949],[13.266093287078125,2.110948883012576],[14.891231569854003,1.987135015443606],[16.076737436858398,2.127680860475344],[15.123709711638671,3.609356723741335],[14.402967485991699,5.829723916963381],[15.556958231536132,7.501873098329348],[15.004431757537109,8.540975175813479],[13.910858187285644,9.551455102876467],[15.16351035555957,10.372434221223635],[15.00175384005664,12.017644487336916],[14.033436808196289,13.060618959382815],[14.505929026213867,11.480813585237307],[13.787839922515136,11.08885820956592],[12.828052553740722,9.449688516572756],[11.579299006072265,6.791787706331057],[10.073553118315917,6.890904031709475],[8.83786109408496,5.707666002229494],[8.591811213103515,4.712041459993166],[9.585654291716796,3.674833141282839],[9.881230387297851,2.058266244844241],[11.217659983245117,2.05425675959949]]]},"properties":{"NAME":"Cameroon","SUBJECTO":"Cameroon","PARTOF":"Cameroon"}},
{"type":"Feature","geometry":{"type":"Polygon","coordinates":[[[68.04699996432421,23.764070115999026],[68.72971633395312,24.309152208284182],[70.03158858737109,24.160350404695315],[71.07779220065234,24.405879579500002],[70.63199904879687,25.70792730899219],[69.58228591403125,27.18854483218555],[70.32867721041796,27.999541841462893],[71.88997176608203,27.95489653201465],[72.91933730563281,29.003978334382815],[74.52009871920703,31.042111955598635],[75.06043532809375,32.486033998445315],[74.05373671969531,33.14077719302539],[73.95901015719531,34.65859945865039],[75.8027830453789,34.50234945865039],[77.62022689303515,35.406436525300784],[75.88974288424609,36.023238740876955],[75.62776473483203,36.76897390933399],[74.52053359469531,37.004581056550784],[72.37272170504687,36.717723451570315],[71.32484725436328,36.05156668277149],[71.65887740573046,35.12511023135547],[70.28924087008593,33.28308065982227],[69.50792220553515,32.94862326236133],[69.20640853366015,31.798038087800784],[68.24271682223437,31.76717909427051],[66.46658614596484,30.842952333406252],[66.09057143649218,29.736140809968752],[64.08925918063281,29.3945327624834],[62.36863997897265,29.384700380281252],[60.82045653781054,29.833345018342776],[61.65926650485156,28.656762681916994],[62.67098144015429,28.205365739778323],[63.240542444792965,26.665551744416994],[61.94130996188281,26.15635260196094],[61.56996444186328,25.03957136721973],[66.62050918063281,25.31748541446094],[66.70171645602343,24.75227888675098],[68.04699996432421,23.764070115999026]]]},"properties":{"NAME":"Pakistan","SUBJECTO":"Pakistan","PARTOF":"Pakistan"}},
{"type":"Feature","geometry":{"type":"Polygon","coordinates":[[[89.07225326022265,21.77433928103809],[88.67818740328906,23.44705542178516],[88.87958053073046,25.245194993928713],[88.42344191989062,26.33451994510059],[89.71444991549609,25.961059175447268],[90,25.186317048982424],[92.1385984750664,25.09897383304004],[92.50995162448046,22.110425554231448],[93.12766555270312,22.202924333528323],[93.36920455416796,23.950511537507815],[94.18484786471484,23.93619879336719],[95.18182662448046,26.557555757478518],[97.01381972750781,27.583655916169924],[97.34041884860156,28.18211515994434],[96.2545652719414,28.385312639192385],[94.57171157321093,29.200709901765627],[91.60775283297656,27.641450487092776],[91.90890029391406,26.805301271394534],[90,26.778745256379885],[88.80257705172656,27.18099173159961],[88.19726088961718,27.87575491519336],[88.09216597994921,26.444518648103518],[86.7765379281914,26.46684416385059],[84.66636184176562,27.069509111360354],[84.13611129244921,27.53824385257129],[82.81183150729296,27.53824385257129],[80.09826949557421,28.951900087312502],[81.02130416354296,30.246511064485354],[79.10879043063281,31.45927771182422],[78.78180221041796,32.002418123201174],[79.56532576998828,32.70180853457813],[78.62453750094531,33.50422628970508],[78.5086164804375,34.497813783601565],[77.62022689303515,35.406436525300784],[75.8027830453789,34.50234945865039],[73.95901015719531,34.65859945865039],[74.05373671969531,33.14077719302539],[75.06043532809375,32.486033998445315],[74.52009871920703,31.042111955598635],[72.91933730563281,29.003978334382815],[71.88997176608203,27.95489653201465],[70.32867721041796,27.999541841462893],[69.58228591403125,27.18854483218555],[70.63199904879687,25.70792730899219],[71.07779220065234,24.405879579500002],[70.03158858737109,24.160350404695315],[68.72971633395312,24.309152208284182],[68.04699996432421,23.764070115999026],[68.79081252535937,23.028724275544924],[69.66488936862109,22.789163194612307],[69.12606337985156,21.9685073718584],[70.20994857272265,20.94797857852344],[71.02444747408984,20.657476030305666],[72.12086013278125,21.155339799836916],[73.10968306979296,20.687320314363284],[72.75949386080859,20.057649217561526],[73.06422713717578,18.031716905549807],[73.84143355807421,15.390475831941409],[74.73362258395312,13.683358751252932],[75.21094039401171,12.102367959932131],[76.07506087741015,10.553955636934084],[76.70353225192187,8.706356607393069],[77.34137252291796,8.053283296541018],[77.89976027926562,8.257814966157717],[79.82626632174609,10.358728013948244],[79.71073440035937,11.444942079500002],[80.22375777682421,12.831091485933108],[80.0894041391289,15.175155244783205],[81.36909774264453,16.34686430545215],[84.26272872408984,18.455840669587893],[85.1132078500664,19.442306123689455],[86.11916640719531,19.806542955354494],[87.64071944674609,21.563081346467776],[89.07225326022265,21.77433928103809]]]},"properties":{"NAME":"India","SUBJECTO":"India","PARTOF":"India"}},
{"type":"Feature","geometry":{"type":"Polygon","coordinates":[[[35.07210448702929,29.211360536531252],[36.076968226042965,29.069091402009768],[37.94301131686328,30.3692699298418],[37.113013300505855,31.361793123201174],[39.32646850070117,32.13654287906055],[38.753577265349605,33.2066608295],[36.836550745574215,32.18593939395313],[35.70218184908984,32.719405733064455],[35.58311751803515,31.530948244050784],[34.9846792550957,29.467219911531252],[35.07210448702929,29.211360536531252]]]},"properties":{"NAME":"Jordan","SUBJECTO":"Jordan","PARTOF":"Jordan"}},
{"type":"Feature","geometry":{"type":"Polygon","coordinates":[[[24.952900919524414,21.88223799319629],[24.93749717196582,24.926002107576174],[24.94439414462207,29.170522294954104],[24.711909327117187,30.14764555545215],[25.106553110686523,31.51384123416309],[24.815857920256835,31.90715368838672],[23.15333846530078,32.138812623933596],[21.67341903170703,32.815589509919924],[20.365721735564453,32.29824026675586],[20.116768869963867,30.957103334382815],[18.915026697722656,30.204860292390627],[17.421629938689453,30.99598654361133],[15.843325647917968,31.285003267244143],[15.00978663882373,32.363441072419924],[12.564756426421386,32.73963888736133],[11.47068694552539,33.14409216494922],[11.416425737944824,32.32773932071094],[10.132420572844726,31.48158224673633],[9.57486060580371,30.20736464114551],[9.860776934233886,27.832110963777346],[9.857375177947265,26.433888994172854],[9.37672999819873,26.03706892581348],[10.31472876986621,24.466327272371096],[11.447878870574218,24.256801210359377],[11.959014925566894,23.471690736726565],[13.527384790984375,23.06133421512012],[14.180097612944824,22.569409929231448],[14.967711481658203,22.968030534700198],[15.97051719149707,23.38058813662891],[20.548014673796875,21.16387327762012],[23.949723276702148,19.47427710147266],[24.957913431731445,20.045747362092776],[24.952900919524414,21.88223799319629]]]},"properties":{"NAME":"Libya","SUBJECTO":"Libya","PARTOF":"Libya"}},
{"type":"Feature","geometry":{"type":"Polygon","coordinates":[[[34.93554213961718,29.418094240144534],[34.9846792550957,29.467219911531252],[35.58311751803515,31.530948244050784],[35.70218184908984,32.719405733064455],[35.50439361056445,33.10851248355274],[34.97200683077929,32.93840750308399],[34.146304163542965,31.20857962222461],[34.93554213961718,29.418094240144534]]]},"properties":{"NAME":"Israel","SUBJECTO":"Israel","PARTOF":"Israel"}},
{"type":"Feature","geometry":{"type":"Polygon","coordinates":[[[42.82804778536914,16.321475587800784],[43.2219839425957,17.35687979312305],[44.42516997775195,17.376657091096682],[45.555815729705074,15.057752214387698],[47.5233641000664,17.515559755281252],[51.80605224093554,18.982875429109377],[53.624358210173824,19.895621858552737],[56.03019240817187,21.237395845369143],[55.69875243624804,22.302699647859377],[55.367381128874996,22.065713487581057],[51.95289901217578,22.484189592317385],[51.11975005587695,24.398660264924807],[50.968333277312496,24.436244569734377],[49.93686202487109,25.95578344912891],[50.1217642160332,26.737586580232424],[48.85502150973437,27.52269133181934],[48.44353393038867,28.44023474307422],[46.509158167449215,28.97005232425098],[44.68786147555468,29.029479585603518],[43.62164977511523,29.46798475833301],[43.53986266574023,30.2932144031084],[39.32646850070117,32.13654287906055],[37.113013300505855,31.361793123201174],[37.94301131686328,30.3692699298418],[36.076968226042965,29.069091402009768],[35.07210448702929,29.211360536531252],[34.88559249362109,28.357480607942385],[37.21826842745898,25.166631303743166],[37.201453241912105,24.65831335635547],[38.329417261687496,23.8347183093584],[39.10219481906054,22.40044554324512],[39.16673949679492,21.218801103547854],[39.76407912692187,20.406795106843752],[40.69382003268359,19.86870726199512],[41.62855819186328,18.047204576448244],[42.82804778536914,16.321475587800784]]]},"properties":{"NAME":"Saudi Arabia","SUBJECTO":"Saudi Arabia","PARTOF":"Saudi Arabia"}},
{"type":"Feature","geometry":{"type":"Polygon","coordinates":[[[34.146304163542965,31.20857962222461],[32.07651046237109,31.013650499299807],[30.99595550021289,31.468850694612307],[29.248847040740234,30.753661714509768],[26.14333442172168,31.490577302888674],[25.106553110686523,31.51384123416309],[24.711909327117187,30.14764555545215],[24.94439414462207,29.170522294954104],[24.93749717196582,24.926002107576174],[24.952900919524414,21.88223799319629],[28.786871943083984,21.910934053376955],[32.12813476046679,21.917682252839846],[36.800112757292965,21.914899431184573],[35.74630263766406,22.91434057803516],[35.18986419161914,24.399919115022463],[33.928809198943355,26.56382330508594],[34.05800536593554,27.790313325837893],[34.93554213961718,29.418094240144534],[34.146304163542965,31.20857962222461]]]},"properties":{"NAME":"Egypt","SUBJECTO":"Egypt","PARTOF":"Egypt"}},
{"type":"Feature","geometry":{"type":"Polygon","coordinates":[[[81.02130416354296,30.246511064485354],[80.09826949557421,28.951900087312502],[82.81183150729296,27.53824385257129],[84.13611129244921,27.53824385257129],[84.66636184176562,27.069509111360354],[86.7765379281914,26.46684416385059],[88.09216597994921,26.444518648103518],[88.19726088961718,27.87575491519336],[87.21436599215625,27.843293748811526],[85.14416793307421,28.341794572786135],[83.40201095065234,29.539681993440432],[81.65574935397265,30.454833589509768],[81.02130416354296,30.246511064485354]]]},"properties":{"NAME":"Nepal","SUBJECTO":"Nepal","PARTOF":"Nepal"}},
{"type":"Feature","geometry":{"type":"Polygon","coordinates":[[[-11.9038009313667,14.814458452180666],[-11.551504102143067,15.579372011140627],[-10.647132840546387,15.425777040437502],[-5.483117070587891,15.468906007722659],[-6.12438723126294,20.96373900027637],[-6.555289235504883,24.896115861848635],[-4.865763631256836,24.99489554019336],[-8.629150357636231,27.172677598909182],[-8.688412633332032,25.913617692903323],[-11.893217053803223,25.895093522981448],[-11.990525212677735,23.478738389924807],[-13.116560902985352,22.78560408206348],[-13.024399724396485,21.279456697419924],[-17.016083684357422,21.314147554353518],[-16.347281423004883,20.52261694522266],[-15.982691731842774,18.17839964480762],[-16.405699696930665,16.489955507234377],[-14.806329694184083,16.818927370027346],[-13.208728757294434,16.15446623416309],[-11.9038009313667,14.814458452180666]]]},"properties":{"NAME":"Mauritania","SUBJECTO":"Mauritania","PARTOF":"Mauritania"}},
{"type":"Feature","geometry":{"type":"Polygon","coordinates":[[[33.99141601046679,4.026679597810549],[34.42759231051562,4.53137644381885],[35.80223372897265,4.564981542543215],[34.607520136443355,6.636189065889162],[33.13901046237109,8.343488298372073],[34.041758570281246,8.431467615083498],[34.35270217379687,10.676754556611819],[34.948699030486324,10.820091806367678],[35.47957519015429,12.456488214448733],[36.13399032076953,12.771745286897463],[36.47670272311328,14.266498170808596],[36.471926722136715,15.201222978547854],[37.024321589080074,16.95193823428516],[38.64174178561328,18.06071051211719],[37.39818480929492,18.91500052066211],[37.12776854952929,21.227176271394534],[36.800112757292965,21.914899431184573],[32.12813476046679,21.917682252839846],[28.786871943083984,21.910934053376955],[24.952900919524414,21.88223799319629],[24.957913431731445,20.045747362092776],[23.949723276702148,19.47427710147266],[23.95093825778125,15.69943007083301],[23.013073954192382,15.681200586274905],[21.778044733611328,12.80131109805469],[22.26095679720996,12.677052102998537],[22.818951639739257,10.907167993501467],[23.6336164804375,9.666291795686526],[23.52215865573047,8.610577188447756],[25.287985834685546,7.724888883546633],[25.299120936003906,7.330889783815188],[26.945387873259765,5.872465692476077],[27.243727717009765,5.16238173098926],[28.05823806246875,4.27104815097217],[29.69307807406543,4.515941701844973],[30.737151178923828,3.505206190065188],[33.29096892794726,3.634810291246218],[33.99141601046679,4.026679597810549]]]},"properties":{"NAME":"Sudan","SUBJECTO":"Sudan","PARTOF":"Sudan"}},
{"type":"Feature","geometry":{"type":"Polygon","coordinates":[[[53.02094939669726,16.65376814456348],[51.80605224093554,18.982875429109377],[47.5233641000664,17.515559755281252],[45.555815729705074,15.057752214387698],[44.42516997775195,17.376657091096682],[43.2219839425957,17.35687979312305],[42.82804778536914,16.321475587800784],[42.79587844332812,15.470080934480471],[43.84059050997851,12.663913331941409],[44.963572535124996,12.825172029451174],[45.825903925505855,13.405233941987795],[46.601199183074215,13.400545679048342],[49.33384993991015,14.632695756868166],[52.135169062224605,15.687059961274905],[53.02094939669726,16.65376814456348]]]},"properties":{"NAME":"Yemen","SUBJECTO":"Yemen","PARTOF":"Yemen"}},
{"type":"Feature","geometry":{"type":"Polygon","coordinates":[[[42.327849421111324,12.357114397004885],[43.0480223031914,12.702313981965823],[42.07897857150195,13.86101397128467],[40.739138636199215,14.919243417695803],[39.51792815646289,15.463048540071291],[38.64174178561328,18.06071051211719],[37.024321589080074,16.95193823428516],[36.471926722136715,15.201222978547854],[36.47670272311328,14.266498170808596],[37.720252070037105,14.80165346713428],[38.254797968474605,14.391835771516604],[39.37734130343554,14.53438051791553],[40.58897689303515,14.124562822297854],[42.327849421111324,12.357114397004885]]]},"properties":{"NAME":"Eritrea","SUBJECTO":"Eritrea","PARTOF":"Eritrea"}},
{"type":"Feature","geometry":{"type":"Polygon","coordinates":[[[-13.693857160004395,12.623442254976077],[-11.423556294831055,12.395308099702639],[-11.979639020355958,13.688828073457522],[-11.9038009313667,14.814458452180666],[-13.208728757294434,16.15446623416309],[-14.806329694184083,16.818927370027346],[-16.405699696930665,16.489955507234377],[-17.05006500759961,14.58556231112842],[-16.455103841217774,13.571074090913577],[-15.301975217255372,13.571074090913577],[-16.013001408966797,13.138881288484377],[-16.775572743805665,13.145343385652346],[-16.56660553494336,12.309811197236819],[-15.199883428009766,12.639972291902346],[-13.693857160004395,12.623442254976077]]]},"properties":{"NAME":"Senegal","SUBJECTO":"Senegal","PARTOF":"Senegal"}},
{"type":"Feature","geometry":{"type":"Polygon","coordinates":[[[42.92759993991015,10.892751298860354],[41.87144378146289,10.854732118562502],[41.84098342379687,11.667968355134768],[42.327849421111324,12.357114397004885],[40.58897689303515,14.124562822297854],[39.37734130343554,14.53438051791553],[38.254797968474605,14.391835771516604],[37.720252070037105,14.80165346713428],[36.47670272311328,14.266498170808596],[36.13399032076953,12.771745286897463],[35.47957519015429,12.456488214448733],[34.948699030486324,10.820091806367678],[34.35270217379687,10.676754556611819],[34.041758570281246,8.431467615083498],[33.13901046237109,8.343488298372073],[34.607520136443355,6.636189065889162],[35.80223372897265,4.564981542543215],[36.75715545138476,4.379983507112307],[38.087534937468746,3.561650596574587],[39.53868010958789,3.354178749040408],[40.73295119723437,4.149392209962649],[41.76521972140429,3.825038038209719],[43.87238982638476,4.835395418123049],[44.9946775766289,4.816644273713869],[47.90248015841601,7.87817295642261],[46.95213607272265,7.929729543641848],[43.85603240450976,9.029882036165041],[42.80173018893359,10.345485292390627],[42.92759993991015,10.892751298860354]]]},"properties":{"NAME":"Ethiopia","SUBJECTO":"Ethiopia","PARTOF":"Ethiopia"}},
{"type":"Feature","geometry":{"type":"Polygon","coordinates":[[[-16.455103841217774,13.571074090913577],[-16.775572743805665,13.145343385652346],[-16.013001408966797,13.138881288484377],[-15.301975217255372,13.571074090913577],[-16.455103841217774,13.571074090913577]]]},"properties":{"NAME":"Gambia, The","SUBJECTO":"Gambia, The","PARTOF":"Gambia, The"}},
{"type":"Feature","geometry":{"type":"Polygon","coordinates":[[[42.92759993991015,10.892751298860354],[43.29847625216601,11.475552164033694],[43.0480223031914,12.702313981965823],[42.327849421111324,12.357114397004885],[41.84098342379687,11.667968355134768],[41.87144378146289,10.854732118562502],[42.92759993991015,10.892751298860354]]]},"properties":{"NAME":"Djibouti","SUBJECTO":"Djibouti","PARTOF":"Djibouti"}},
{"type":"Feature","geometry":{"type":"Polygon","coordinates":[[[-16.56660553494336,12.309811197236819],[-15.325388875397461,11.926575265840334],[-15.008295026215333,11.101744256929202],[-13.691763844879883,11.886055551484866],[-13.693857160004395,12.623442254976077],[-15.199883428009766,12.639972291902346],[-16.56660553494336,12.309811197236819]]]},"properties":{"NAME":"Guinea-Bissau","SUBJECTO":"Guinea-Bissau","PARTOF":"Guinea-Bissau"}},
{"type":"Feature","geometry":{"type":"Polygon","coordinates":[[[-7.90747353115918,10.121322236970705],[-9.12341591397168,12.459765993074221],[-10.653490987213868,11.859534822419924],[-11.423556294831055,12.395308099702639],[-13.693857160004395,12.623442254976077],[-13.691763844879883,11.886055551484866],[-15.008295026215333,11.101744256929202],[-13.680051770600098,9.915645204500002],[-13.164252248200196,8.850765787080569],[-12.38555141964795,9.796022973970217],[-11.290036168488282,9.897864900544924],[-10.56814476529004,8.986781679109377],[-10.37703033963086,8.075611673311037],[-9.621689763458985,8.394863687471194],[-9.463983502777833,7.429587923005862],[-8.303831067475098,7.43648537249927],[-7.473532643708008,8.452107034639162],[-8.196898427399415,9.661934457734866],[-7.90747353115918,10.121322236970705]]]},"properties":{"NAME":"Guinea","SUBJECTO":"Guinea","PARTOF":"Guinea"}},
{"type":"Feature","geometry":{"type":"Polygon","coordinates":[[[-60.55301758328321,5.009108625367922],[-61.254750218781254,5.869560800508303],[-60.563900914582035,7.564827047303957],[-59.83440491238477,8.440183244661135],[-61.28992935696485,8.770693384126467],[-60.792721715363285,9.388232789949221],[-61.53086563626172,9.850575052217287],[-64.06826111355664,10.626809678987307],[-64.88365646878125,10.135678850129885],[-66.47811600247266,10.678809724763674],[-67.97961136380079,10.542116723970217],[-68.69460007229688,11.379503808931155],[-69.74783798733594,11.533459268525881],[-71.68795486966016,10.769269548372073],[-71.9878663686836,11.607564531282229],[-71.18874832669141,11.911603532747073],[-72.05103012600782,11.721805177644534],[-73.01743790188672,9.735362611726565],[-72.35314652005079,8.315022073701662],[-72.3639650014961,7.469311319307131],[-71.81207748928907,6.970307432130618],[-70.54106613675,7.054156385377688],[-69.3031739858711,6.006098829225344],[-67.76554581204297,6.24412115664844],[-67.81290909329297,4.304731450990481],[-67.22301956692579,3.335538230851931],[-67.7677507070625,2.823716722444338],[-67.17973038235547,2.070724092439455],[-66.93929001370313,1.207618318513674],[-65.35591599026563,0.56229742617969],[-63.87599274197461,1.880598865464968],[-64.14781281033399,3.417417608217043],[-63.278595891388676,3.867606483415408],[-61.62936874905469,4.208005510286135],[-60.55301758328321,5.009108625367922]]]},"properties":{"NAME":"Venezuela","SUBJECTO":"Venezuela","PARTOF":"Venezuela"}},
{"type":"Feature","geometry":{"type":"Polygon","coordinates":[[[41.609892878142574,-1.876740492864805],[42.440066370574215,-0.511580146833616],[43.724307093230465,0.800251446679873],[46.360503229705074,2.667831026033205],[48.47157958468554,5.20143374057178],[49.04607299288867,6.416338048890871],[50.77938369235156,9.368420206025881],[51.18070510348437,11.777448259309573],[50.69729140719531,11.947959505037112],[49.30350020846484,11.246025644258303],[47.39071181735156,11.159307084993166],[46.677344355193355,10.700275979951662],[45.909365686980465,10.832064233735842],[44.28083709200976,10.396465860322756],[43.29847625216601,11.475552164033694],[42.92759993991015,10.892751298860354],[42.80173018893359,10.345485292390627],[43.85603240450976,9.029882036165041],[46.95213607272265,7.929729543641848],[47.90248015841601,7.87817295642261],[44.9946775766289,4.816644273713869],[43.87238982638476,4.835395418123049],[41.76521972140429,3.825038038209719],[41.023142847624996,2.714712224916262],[41.05956176241992,-1.079754389806943],[41.609892878142574,-1.876740492864805]]]},"properties":{"NAME":"Somalia","SUBJECTO":"Somalia","PARTOF":"Somalia"}},
{"type":"Feature","geometry":{"type":"Polygon","coordinates":[[[-61.114247289093754,10.821682535127444],[-61.80907532254102,10.724968515352053],[-61.20665833035352,10.118220888093752],[-61.114247289093754,10.821682535127444]]]},"properties":{"NAME":"Trinidad","SUBJECTO":"Trinidad","PARTOF":"Trinidad"}},
{"type":"Feature","geometry":{"type":"Polygon","coordinates":[[[114.07372573336718,4.455024801210207],[114.43372634371875,3.998343549684328],[115.16134170016406,4.309385381654543],[114.96151259860156,4.876515947297854],[114.07372573336718,4.455024801210207]]]},"properties":{"NAME":"Brunei","SUBJECTO":"Brunei","PARTOF":"Brunei"}},
{"type":"Feature","geometry":{"type":"Polygon","coordinates":[[[41.609892878142574,-1.876740492864805],[41.05956176241992,-1.079754389806943],[41.023142847624996,2.714712224916262],[41.76521972140429,3.825038038209719],[40.73295119723437,4.149392209962649],[39.53868010958789,3.354178749040408],[38.087534937468746,3.561650596574587],[36.75715545138476,4.379983507112307],[35.80223372897265,4.564981542543215],[34.42759231051562,4.53137644381885],[33.99141601046679,4.026679597810549],[35.040198359099605,1.687563143686098],[33.82932570895312,0.085747770980639],[33.26720717867968,-1.132111944242673],[33.91916945895312,-1.117342151685911],[37.61619475802539,-3.166200794264036],[37.65682128390429,-3.693595565839964],[39.22912124117968,-4.844893850370603],[40.23441604098437,-3.191706575437742],[41.609892878142574,-1.876740492864805]]]},"properties":{"NAME":"Kenya","SUBJECTO":"Kenya","PARTOF":"Kenya"}},
{"type":"Feature","geometry":{"type":"Polygon","coordinates":[[[29.52845290621875,-1.434459365888792],[30.595961603728515,-1.15476480869885],[33.26720717867968,-1.132111944242673],[33.82932570895312,0.085747770980639],[35.040198359099605,1.687563143686098],[33.99141601046679,4.026679597810549],[33.29096892794726,3.634810291246218],[30.737151178923828,3.505206190065188],[30.712660822478515,2.373686157182497],[31.15856650790332,1.804288230851931],[29.76945403536914,0.442135207370562],[29.52845290621875,-1.434459365888792]]]},"properties":{"NAME":"Uganda","SUBJECTO":"Uganda","PARTOF":"Uganda"}},
{"type":"Feature","geometry":{"type":"MultiPolygon","coordinates":[[[[140.8697767587578,-2.794752515836912],[137.8543196054375,-1.613961376234251],[136.27088454684375,-2.418122448011594],[135.24643996676562,-3.538871921583372],[134.28306106051562,-2.854586996122556],[133.90731337985156,-1.006078936144071],[132.25400832614062,-0.526697672887998],[131.21142104586718,-1.02463797478314],[132.71871474703906,-2.934237636610227],[132.71282485446093,-3.887547172590452],[134.04062941989062,-3.948230661436277],[137.38517287692187,-5.123125947996336],[137.82358840426562,-5.427235998197752],[139.15613845309375,-7.725116647764402],[140.94761184176562,-9.273864187284666],[140.94549087008593,-6.379222787901121],[140.8697767587578,-2.794752515836912]]],[[[103.71359542330859,-0.016971983],[102.47178176364062,0.622509859517855],[101.05975631198046,2.080969177202029],[98.14550307711718,4.069854341462893],[97.38407424410937,5.180140577272219],[96.18733504733203,5.14578827472095],[95.56092360934375,4.534462533906741],[96.72036269625781,3.704589210466189],[97.59714797457812,2.251384101823611],[98.60055068453906,1.707089506105227],[99.11331466158984,0.221247725204272],[99.69655135592578,-0.152409575864034],[100.65030196627734,-1.630999959989744],[100.81207564791796,-2.336048044248777],[102.4622297616875,-4.181821741148191],[104.56848433932421,-6.071165479704099],[105.72847274264453,-5.827141679807859],[105.71109298190234,-4.104884065672117],[105.942820582,-3.214655078932005],[104.35242751559375,-1.889892257734495],[104.29766372164843,-1.362546600385862],[103.2376203866875,-0.659467495962339],[103.71359542330859,-0.016971983]]],[[[105.18477920016406,-6.865668691679197],[106.3655271860039,-7.039659418150144],[106.48369887789843,-7.503360189481931],[108.1602278085625,-7.855642713590818],[109.03720382174609,-7.720286764188963],[110.77773574313281,-8.320307172819334],[113.07378676852343,-8.347123540922361],[112.27479079684375,-7.026889719053464],[111.04471877535937,-6.851591505094724],[110.02727797946093,-7.044451154752927],[108.55577376803515,-6.920526422544675],[106.94509414157031,-6.025983728452879],[106.02416518649218,-6.080723680540281],[105.18477920016406,-6.865668691679197]]],[[[123.49192336520312,-10.352161802335935],[125.21153548678515,-9.395053304716306],[125.07982161959765,-8.77246705441113],[123.66542342623828,-9.747970022245603],[123.49192336520312,-10.352161802335935]]],[[[117.55868819674609,3.980721078828616],[115.70677474459765,4.156728349641604],[115.53003982028125,3.170721374467654],[114.65887740573046,1.595793567613406],[113.67678359469531,1.145051680520815],[112.39998153170703,1.429807148889346],[111.56202224215625,0.763813756421847],[110.54860213717578,0.726002536729617],[109.5175047250664,1.820520602182192],[108.81431106051562,0.807816825822634],[109.17891982516406,-0.869010366483884],[109.94090560397265,-1.642648614927488],[110.10230544528125,-3.078540958448606],[111.43599227389453,-2.973974622770506],[112.57773116549609,-3.42271725086804],[112.79538253268359,-2.971020854994016],[114.71241286715625,-4.206153310819822],[115.56814101657031,-3.803909935041624],[116.34913161715625,-2.416793264433103],[116.04627517184375,-1.934458293005186],[117.04563430270312,-0.934580959364133],[117.53428939303515,0.610662959531588],[118.5172605844414,1.165625892595095],[117.07397750338671,3.507199846223635],[117.55868819674609,3.980721078828616]]],[[[119.69212630709765,-0.016971983],[119.17457107028125,-2.175528682752805],[118.68360427340625,-2.901070751234251],[119.461131128875,-3.808197893186765],[119.47684005221484,-5.803768075987058],[120.24806502780078,-5.58600751309033],[120.14419082125781,-3.075864233061033],[121.87277511080859,-4.95966473965283],[122.64091018160937,-4.284319795652586],[122.25816634616015,-3.211096681638914],[121.26491073092578,-2.101103462263303],[122.22288802584765,-1.654172100111204],[121.461131128875,-0.988569356485563],[120.50657180270312,-1.448180831953245],[119.69212630709765,-0.016971983]]]]},"properties":{"NAME":"Indonesia","SUBJECTO":"Indonesia","PARTOF":"Indonesia"}},
{"type":"Feature","geometry":{"type":"Polygon","coordinates":[[[-26.78747841397168,71.55832251162892],[-23.753737416657227,70.58956488223438],[-21.72596260586621,71.40459021182423],[-25.072955098541993,72.63444861026173],[-24.076420751007813,73.75567205996876],[-20.329588857086915,73.41964300723438],[-19.193547215851563,75.44353827090626],[-21.182682958039063,76.69747503848438],[-18.253375020416993,77.30013617129688],[-20.77668282070996,77.96861609073048],[-20.878828969391602,78.81792028994923],[-14.201948132904786,81.21013220401173],[-22.05288025418164,81.53975256533985],[-25.4572038320625,82.22100409121876],[-22.432360616120118,82.74334295840626],[-32.513173070343754,83.57699926944142],[-49.64758774319532,82.47806128116017],[-61.12241455593946,81.79757269473438],[-61.111805882843754,81.18244513125782],[-67.14280411282422,80.56214483828907],[-64.62318131008985,79.94921454043751],[-65.48489090481641,79.15823706241017],[-72.3832292226875,78.52572973819142],[-71.18388077298047,77.25953253360157],[-67.03665634671094,75.93623694033985],[-63.65076920071485,76.37993963809376],[-58.63566299954297,75.79326208682423],[-54.73041245022657,73.03760107608204],[-55.62637039700391,71.73035009951954],[-51.720124211701176,71.58955725283985],[-50.572628941925785,69.8662525043047],[-50.95377441922071,68.53928717227345],[-50.47708984890821,67.48220404239063],[-52.30317017117383,66.9094653949297],[-53.10253998318555,65.87324865908985],[-52.07773300686719,65.37242468448048],[-51.36576553860547,63.72601278872852],[-49.8574838308418,62.96654471011524],[-48.915463414582035,61.42103537173633],[-43.14357086697461,59.81878241153125],[-42.27136322537305,62.19441946597461],[-40.51624771633985,63.78206976504688],[-39.9920167593086,65.53330572696095],[-35.97189804592969,65.84693487735157],[-34.43306061306836,66.3839526996172],[-32.95602127591016,67.64102514834767],[-26.963623967560547,68.50170477481251],[-22.73232933560254,69.77407415957813],[-24.58473297634961,70.30402716250782],[-28.38448235073926,70.45799597354298],[-26.78747841397168,71.55832251162892]]]},"properties":{"NAME":"Greenland","SUBJECTO":"Greenland","PARTOF":"Greenland"}},
{"type":"Feature","geometry":{"type":"MultiPolygon","coordinates":[[[[-76.13288973210058,44.32666667189694],[-74.78240677395704,45.012225709871096],[-71.53464981594922,44.95860632510547],[-70.5894288686836,45.294620119050784],[-69.04906937161329,47.46438177676563],[-67.698536839875,47.0410114154375],[-67.18675705471875,45.25231894107227],[-64.90547653714063,45.463199220613284],[-66.18949600735547,44.141307435945315],[-65.7125749258125,43.55995138736133],[-61.03208633938672,45.37883337588672],[-64.53479477444532,46.27165945620899],[-65.2130860952461,48.12142523379688],[-64.95240494290235,49.20725592227344],[-68.34129044094922,48.546458803132815],[-66.37273880520704,50.31387671084766],[-61.64020630398633,50.27692373843555],[-60.13784500637891,50.411700807527346],[-58.52433868924024,51.37948568911914],[-56.96410461941602,51.488441072419924],[-55.65902420559766,52.18734701724414],[-55.88126083889844,53.351932130769534],[-57.515351262482426,54.46576651187305],[-59.69376083889844,55.15365942569141],[-61.92769333401563,56.2729564532793],[-62.886959996613285,58.656444154695315],[-64.67062088528516,60.180919252351565],[-65.86144730130079,58.79534109683399],[-67.77240463772657,58.2485423907793],[-69.21422287503125,58.7476764545],[-70.02829453030469,60.88317068667774],[-73.39458176175,62.354999147371096],[-75.69460007229688,62.21628912539844],[-77.36155411282422,62.517493806794924],[-77.50717636624219,60.414630495027346],[-78.33678909817579,58.551471315339846],[-76.77238174954297,57.66250189395313],[-76.43862625637891,56.80968817325],[-77.2338380483711,55.60653647036914],[-79.5451173452461,54.69186361880664],[-78.49098679104688,52.25613745303516],[-79.59434982815625,51.265792451814455],[-81.747364964875,52.17009695620899],[-82.34120651760938,52.98082312198047],[-82.20208450833204,54.96887167544727],[-84.46836563626172,55.1668773517168],[-87.46717545071485,55.91202887149219],[-90,57.17785605044727],[-92.48305222073438,56.97671469302539],[-93.07417770901563,58.55101355166797],[-94.68383499661329,58.87849386783008],[-94.75318619290235,59.94999273867969],[-93.42261978665235,61.85803183169727],[-87.4352311758125,64.56887396426563],[-88.17144485989454,65.13038214297657],[-85.98714920559766,66.16278418155079],[-83.13871475735547,66.37349279971485],[-81.29496475735547,67.49872931094532],[-82.68726822415235,68.69747503848438],[-81.47992416897657,69.18864782901173],[-84.31351944485547,69.8262134418047],[-86.48843857327344,67.37778814883595],[-88.32388016262891,67.81254919619923],[-88.90501877346875,69.22760351748829],[-92.6712159780586,69.74241217227345],[-91.65772720852735,70.28584631533985],[-93.2711686758125,71.55854376407032],[-95.41064926663282,71.85898932071095],[-96.69965073147657,70.83835943789845],[-96.12698074856641,69.94084509463673],[-92.95613571682813,69.08434637637501],[-96.20792862454297,68.07355078311329],[-101.91296860257032,67.70532568545704],[-105.63597580471875,68.35485418887501],[-107.66202255764844,67.96261938662892],[-112.50253006497266,67.69295843692188],[-115.2851075796211,68.89208563418751],[-117.83234116116407,69.00779303164845],[-122.32606216946485,69.88448675723438],[-125.97399612942579,69.43039282412892],[-127.35170456448438,70.38026007266407],[-129.01314255276563,69.72018011660938],[-131.67297836819532,69.27615698428517],[-135.43919846096875,69.5262866839922],[-136.20306870022657,68.87561377139454],[-141.0592546133125,69.59546240420704],[-140.97377487698438,66.0257984027422],[-140.92728134671094,63.785506807283205],[-140.89491745510938,60.38881643863086],[-139.00514694729688,60.258380495027346],[-137.22333237210157,58.88222845645313],[-135.85481735745313,59.646319948152346],[-133.50284287014844,58.42426260562305],[-131.72487350979688,56.60519369693164],[-130.28743454495313,56.107493959382815],[-130.00269028225782,55.28853949160938],[-130.0036363271797,53.93796118350391],[-128.8887681631172,53.418319307283205],[-127.55576798001172,52.167842470125],[-127.24746414700391,50.968116365388674],[-124.93922134915235,50.595809541658205],[-124.79498764553907,50.03529318423633],[-122.90025040188672,49.06718023867969],[-121.05180069485547,49.05083426089649],[-115.164601293,49.056190095857424],[-110.67026230374219,49.05406530948047],[-104.26153275051954,49.05566366763477],[-100.45978256741407,49.043250642732424],[-94.81984421292188,49.05071219058399],[-91.68210312405469,48.03871878238086],[-89.62202966765464,47.96837637116081],[-88.09495135,49.0046085],[-86.38397137499999,48.7253306],[-85.026610175,47.939546825],[-84.7436376579549,46.4684444370234],[-83.82065216736616,46.15038273949706],[-80.8070809,45.954834575],[-79.91808425,44.9668327],[-81.094857375,44.79918825],[-82.29783905825836,43.02869867471761],[-83.05604489302539,42.02697781506355],[-81.439461875,42.5870946],[-79.05015837548426,42.852258967447526],[-79.14004738860244,43.22208175207458],[-79.152904575,43.772410875],[-76.13288973210058,44.32666667189694]]],[[[-98.87789627591016,68.88511999698048],[-95.51456924954297,68.80868872256642],[-97.74158188382032,69.8315616473711],[-98.87789627591016,68.88511999698048]]],[[[-101.40628525296094,72.29484900088673],[-98.93899246731641,71.39222296328907],[-96.84962173977735,71.87977179141407],[-96.68853470364454,72.81653936953907],[-99.66770645657422,73.91888769717579],[-101.40628525296094,72.29484900088673]]],[[[-95.49306198635938,73.61426123233204],[-95.05836960354688,72.28313788028126],[-92.00058456936719,72.84113653750782],[-90,73.99981268496876],[-95.06853958645704,74.06405218692188],[-95.49306198635938,73.61426123233204]]],[[[-125.64537521878125,49.056224428132815],[-124.71793076077344,49.49057348819141],[-125.71859451809766,50.409427247957034],[-127.84801956692579,50.86110647769336],[-125.64537521878125,49.056224428132815]]],[[[-111.7255372671211,72.3305850848711],[-114.64695450344922,73.35488470645313],[-118.98560806790235,72.03416784854298],[-117.31387802639844,71.47455175967579],[-117.56819626370313,69.99218329043751],[-113.15218063870313,68.59556921573048],[-110.44822403469922,68.65314062686329],[-106.8538331655586,69.45092352481251],[-104.18777176419141,68.89776190371876],[-101.80838486233594,69.13564642520313],[-101.05518051663282,70.03077276797657],[-103.86364456692579,70.70147284121876],[-105.31259628811719,72.65014227481251],[-108.98631760159375,72.73019751162892],[-111.7255372671211,72.3305850848711]]],[[[-125.18922897854688,71.92847784610157],[-123.46767136135938,71.19864233584767],[-120.84349533596875,71.53027685733204],[-120.45359512844922,72.29851111026173],[-115.65367600003125,73.63253363223438],[-121.23873611966016,74.58000525088673],[-124.06482407132032,73.86521490664845],[-125.34129044094922,72.96895941348438],[-125.18922897854688,71.92847784610157]]],[[[-114.37239548245313,76.46963080020313],[-116.29640671292188,76.23778875918751],[-115.18592545071485,75.15434607119923],[-112.20279404202344,74.49975927920704],[-109.07034012356641,75.13287695498829],[-105.77345749417188,75.23006781192188],[-105.91720291653516,76.02183874698048],[-111.38564011135938,75.65990789981251],[-114.37239548245313,76.46963080020313]]],[[[-57.81418701687696,49.201522432283205],[-58.39204498806836,49.036754213289065],[-59.1565560964668,47.6700511798418],[-56.80369278469922,47.615977846101565],[-56.07894608059766,47.865218721345705],[-52.72859665432813,47.45452459903125],[-54.1295785574043,48.83571585269336],[-56.66153427639844,50.05606039615039],[-57.81418701687696,49.201522432283205]]],[[[-87.05285355130079,63.751990877107424],[-84.65469070950391,63.31390341372852],[-82.10960861721875,64.6435733661211],[-85.5575456289375,65.86355169864063],[-87.05285355130079,63.751990877107424]]],[[[-71.25812241116407,63.567279420808596],[-71.3189210561836,63.06125982852344],[-69.15526291409375,62.419620119050784],[-65.94033524075391,61.789996705964846],[-66.49595352688672,63.07743414492969],[-64.47394272366407,63.74430426211719],[-67.61417099514844,65.91180761905079],[-62.84475418606641,65.61426123233204],[-61.21058365383985,66.63500555606251],[-68.66534897366407,68.71612890811329],[-66.6681413320625,69.18608435244923],[-69.46268173733594,69.96011694522267],[-71.2525148061836,71.35079535098438],[-73.27524277249219,71.16077002139454],[-75.32202621975782,72.54841955752735],[-80.48866745510938,73.0370059833086],[-81.53178116360547,73.68835791201954],[-88.09924789944532,73.63606604190235],[-89.63864609280469,72.78225287051563],[-89.99718185940625,71.54128607364063],[-87.94921585598829,71.35059698672657],[-87.94801041165235,70.38491400332813],[-82.26922318020704,69.86035498233204],[-78.71291824856641,70.01144751162892],[-73.18491837063672,68.29580267520313],[-72.30491348782422,67.26360663028126],[-75.78904434719922,65.1971851214922],[-73.16355606594922,64.57397039981251],[-71.25812241116407,63.567279420808596]]],[[[-89.80173965969922,75.91820105166798],[-92.36552139798047,75.4212833270586],[-89.69807907620313,74.61462744326954],[-80.34932419339063,74.61590155215626],[-79.49518295803907,75.27981146426563],[-81.70312210598829,75.87495001407032],[-86.6179933218086,75.43215521426563],[-89.80173965969922,75.91820105166798]]],[[[-88.63977524319532,82.0737720355547],[-89.19254776516797,81.09640844912892],[-86.32239243069532,80.11429174991017],[-85.8068132070625,78.90618475528126],[-87.27270981350782,76.50420721621876],[-78.21225449124219,76.54684790225392],[-78.36676498928907,78.03287085147267],[-71.45447250882032,79.84579046817188],[-66.48169418850782,81.30288275332813],[-62.42710205593946,82.63357122989063],[-76.38208481350782,83.15191229434376],[-88.63977524319532,82.0737720355547]]],[[[-88.37289139309766,80.2259937152422],[-92.02487656155469,81.25921972842579],[-96.43336960354688,79.93342169375782],[-92.70153519192579,78.43416937442188],[-90,78.26269873233204],[-86.99668594876172,79.44534643741017],[-88.37289139309766,80.2259937152422]]]]},"properties":{"NAME":"Canada","SUBJECTO":"Canada","PARTOF":"Canada"}},
{"type":"Feature","geometry":{"type":"MultiPolygon","coordinates":[[[[143.03341201266406,52.31218679995899],[141.6432142587578,51.813087068513674],[142.15287307223437,50.89004477115039],[141.73180678805468,47.47119101138477],[142.48990920504687,47.90160330386524],[143.63314345797656,50.23497732730274],[142.9439192148125,51.61730536075],[143.03341201266406,52.31218679995899]]],[[[28.1364183755791,56.140418611482424],[30.443814310637695,55.78543432803516],[31.309088739958984,54.247169099763674],[32.68465331515429,53.46324881167774],[31.28690246066211,52.98253973575],[31.761313471404296,52.11269720645313],[33.741614374724605,52.3941608295],[34.34475234469531,51.23814734073047],[35.43039992770312,50.49427755923633],[40.02429870089648,49.60967596621875],[39.77299025973437,47.87063177676563],[38.209727320281246,47.15045889468555],[37.47389129122851,44.692359529451174],[38.92371276339648,44.21186026187305],[40.09806350192187,43.37755163760547],[40.80813888033984,43.527240358308596],[44.9779653879082,42.771991334871096],[46.55577758273242,41.878455720857424],[47.98832610568164,41.218944154695315],[48.683238062468746,41.83590658755664],[47.56529525241015,43.007709108308596],[47.56529525241015,43.84395559878711],[46.84594634493945,44.44641073794727],[47.556304010955074,45.4534984454668],[49.31320479830859,46.35268744082813],[48.588389429656246,47.4869457110918],[46.56804946383593,48.41229208560352],[46.99987700900195,49.93911322207813],[48.835146936980465,50.57143362613086],[50.97886947116015,51.666427217439455],[52.320620569792965,51.743541322664065],[55.79067519625781,50.57143362613086],[56.623484644499996,51.09579809756641],[58.73636153658984,51.08037527652149],[59.800513300505855,50.55601080508594],[61.57409194430468,50.864459596589846],[60.648745569792965,51.666427217439455],[61.460757288542965,53.029796205476565],[61.37803176364062,54.00597342105274],[62.585845026580074,53.972884736970705],[65.663279566375,54.65124472232227],[68.22781661471484,54.91596945376758],[69.27017501315234,55.42887457461719],[70.94125655612109,55.2634235248125],[71.23906997164843,54.187972627595705],[72.39725020846484,54.254153810457034],[74.5481443735039,53.50961264224414],[76.61631301364062,54.00597342105274],[78.05575850924609,53.261432252839846],[80.17357161959765,50.79617270083789],[83.66463759860156,50.961627565339846],[85.4680891366875,49.588363252595705],[87.39988234957812,49.19203146548633],[87.86840346774218,49.232886873201174],[89.796336207,49.816444002107424],[90,50.30670126529102],[92.15972426852343,50.755286775544924],[94.21045974215625,50.54928549380664],[94.69996932467578,50.026797853425784],[97.42278579196093,49.78633841128711],[98.23633101901171,50.24239691348438],[97.93963149508593,51.2269359454668],[98.91755965670703,52.03695639224414],[102.11743453463671,51.36111029239063],[102.63903335055468,50.4561839923418],[103.68075850924609,50.16643484683399],[106.322947535125,50.416690431550784],[109.42404464205859,49.2955394610918],[112.52449325045703,49.462020479158205],[114.098338160125,50.27434881778125],[116.75977614840625,49.92989309878711],[117.4905271860039,49.58627661319141],[119.29120162448046,50.124984346345705],[119.18234542330859,50.70172079654102],[121.18775466403125,53.31972845645313],[123.3526106210625,53.510299287751955],[125.50918105563281,53.15678747744922],[126.18638900241015,52.518146120027346],[127.71199325045703,49.69929464908008],[130.47582534274218,48.89962347598438],[130.92454055270312,47.73228796573047],[132.268748316375,47.77841147036914],[134.11167434176562,48.24926718325977],[134.16527846774218,47.3346019610918],[133.3848371835625,45.64880331607227],[132.7776136728203,44.98773916812305],[131.73954299410937,45.25929983706836],[130.99053481539843,44.817428194001955],[131.13964370211718,43.22656210513477],[130.22588637789843,42.65130194278125],[130.43509963473437,42.27675970645313],[132.1817884775078,43.19463690371875],[132.95279983004687,42.669540010408205],[134.1389417978203,42.99295385928516],[136.03397658785937,44.39840658755664],[137.72051528414843,45.996680818513674],[140.08100417575,48.50260504336719],[141.12119582614062,53.051631532625],[140.10245803317187,53.80170401187305],[138.41680434664843,54.09191092105274],[137.9793958993828,53.464583955720705],[136.3506574960625,53.70121344180469],[136.4916029306328,54.45549353213672],[134.98522475680468,54.85393484683399],[137.22909072360156,55.98272284121875],[140.58739760836718,58.23931082339649],[142.8458509775078,59.272525392488284],[148.4160871835625,59.09739264102344],[149.04528335055468,59.5871539935625],[151.1402082773125,59.43957098575],[152.50420669039843,58.76871832461719],[153.92443374117968,58.922347627595705],[154.31565383395312,59.983348451570315],[155.73389724215625,60.55536612124805],[157.09798720797656,61.633399568513674],[158.841258082,61.78396948428516],[160.64498427828906,60.71775396914844],[164.13767531832812,62.53265341372852],[163.329295191375,60.694949708894534],[159.649119410125,58.953746400789065],[158.32625869235156,58.02682074160938],[156.77685073336718,57.580455385164065],[155.62757399996875,56.26791723819141],[155.46520522555468,54.91977270694141],[156.69637587985156,50.957748018220705],[157.8977766366875,51.6660228595293],[158.46136001071093,52.82596167178516],[159.89686110934375,53.240577302888674],[159.93114760836718,54.08635672183399],[162.0082044931328,54.738223634675784],[161.50274184664843,55.287372194246096],[162.512400660125,57.033492647126955],[161.80436233004687,58.101722322419924],[163.38868239840625,59.814063631013674],[164.58460524996875,59.66465338321094],[165.77999404391406,60.35411413760547],[170.33680251559375,60.277103029207034],[173.4809065195,61.60110052676563],[179.28769973239062,62.81507834048633],[178.14725783785937,64.1566348895586],[180,64.95347937198048],[180,65.05193670840626],[180,65.31103094668751],[180,65.3816333636797],[180,65.96313055606251],[180,66.96313055606251],[180,67.96313055606251],[180,68.91989477725392],[175.61097243746875,69.77942999453907],[170.45170119723437,70.01921423526173],[170.83280471285937,68.92194708438282],[169.38860610446093,68.71748694033985],[167.32007888278125,69.65857275576954],[161.96099379977343,69.52816351504688],[159.44381240328906,69.76456030459767],[158.40867141207812,70.81418951602345],[156.04317763766406,70.98655279727345],[152.13401320895312,70.66443213076954],[146.91512587985156,72.20190008731251],[141.2939710946953,72.78707464785938],[137.62967971285937,71.07541998477345],[132.28361037692187,71.66087683291798],[130.77927688082812,70.678340517],[126.21644118746875,72.38231237979298],[125.71732619723437,73.39780005069142],[120.57851699313281,72.83511694522267],[118.46038344821093,73.51922949405079],[108.33986190280078,73.69124182315235],[113.6250486703789,75.27267035098438],[113.5330076547539,76.09365423770313],[108.24447158297656,76.64641913028126],[103.39330581149218,77.55778845401173],[99.4672346445,75.96692236514454],[90,75.60154303164845],[86.9583235116875,74.78206213565235],[87.69079116305468,73.90001257510548],[80.46401504000781,73.31357916446095],[79.22255996188281,72.27128943057423],[73.21685317477343,71.45773657412892],[74.24957564791796,70.57294806094532],[73.91452315768359,69.15427740664845],[74.74171737155078,67.68622168155079],[72.2088117929375,66.17345770450001],[70.83993056735156,66.55140265078907],[72.8376951547539,67.6456485614336],[72.67970565280078,70.82351263614063],[71.797556910125,71.4318042621172],[72.71399978121875,72.76958807559376],[69.34311202487109,72.83426245303517],[68.31624892672656,71.63485296817188],[66.81797316989062,71.10538061709767],[67.42175582369921,70.2234302386797],[66.58425429782031,68.8855396136797],[62.28127196749804,69.70512732119923],[57.02422622164843,68.44890936465626],[53.88911727389453,68.78699835391407],[48.08066085299609,67.56245764346485],[45.86343673190234,68.38334997744923],[43.82216552218554,68.32731970401173],[44.383608851042965,66.61201819033985],[42.21078780612109,66.41000708194142],[39.95132735690234,65.58116491885548],[39.19344237765429,64.51103552432423],[36.88390639742968,65.06769903750782],[37.41054061373828,63.749496065095705],[35.081763300505855,64.28833349795704],[34.29341414889453,65.39624365420704],[35.77174666842578,66.25886877627735],[39.19002822360156,66.03870733828907],[41.2552976938164,66.93697699160938],[40.826052698699215,67.66004522891407],[37.24586394747851,68.7934985980547],[31.0537824960625,69.63959082217579],[28.69715407809375,68.69552954287892],[29.946114573088867,67.53390844912892],[29.022913965789062,66.88741644473438],[30.001729044524414,65.72212561221485],[29.61822226962207,64.97341497989063],[31.13995078524707,63.12374075503711],[30.90184691866992,62.12546881289844],[28.431775126067382,60.60346945376758],[28.01309302767871,59.45822104068164],[27.348862680999023,57.52635916324024],[28.1364183755791,56.140418611482424]],[[30.079318625,61.264480225],[30.84750655,61.760915875],[32.536508925,61.089180325],[32.577737825,60.194444025],[31.066032675,60.1405502],[30.079318625,61.264480225]]],[[[54.66363051852343,73.47199591250782],[56.96043685397265,73.35708960147267],[60.88701919039843,75.24749334903126],[66.54819014987109,75.97989233584767],[65.92605880221484,76.50735815616017],[59.01763061007617,75.79893072696095],[54.01755050143359,73.73358496280079],[54.66363051852343,73.47199591250782]]],[[[21.162322077361328,55.22138174624805],[19.977538141814453,54.42394217105274],[22.699036631194335,54.414901338533205],[21.162322077361328,55.22138174624805]]],[[[-180,68.91692694278126],[-180,67.96313055606251],[-180,66.96313055606251],[-180,65.96313055606251],[-180,65.38161810489063],[-180,65.31103094668751],[-180,65.25922735782032],[-178.11627670803907,65.48249395938282],[-173.07701584378125,64.38398321719532],[-172.56233688870313,65.51480444522267],[-170.61266037503125,66.0377612933672],[-171.95799728909375,66.95566900821095],[-173.87494370022657,67.15932806582813],[-180,68.91692694278126]]],[[[55.18068984469531,73.2664981708086],[51.48213485201953,71.84467657657032],[54.30786803683398,71.20566137881642],[55.72066405734179,71.64242132754688],[55.18068984469531,73.2664981708086]]]]},"properties":{"NAME":"Russia","SUBJECTO":"Russia","PARTOF":"Russia"}},
{"type":"Feature","geometry":{"type":"MultiPolygon","coordinates":[[[[13.252219233123046,79.80073126407032],[11.760330233184082,78.88018377871876],[15.098876032439453,77.11526831241017],[17.26699927767871,76.81286200137501],[19.11582282504199,78.45454748721485],[20.908095392791015,78.80939062686329],[17.834054026213867,79.80945166201954],[13.252219233123046,79.80073126407032]]],[[[11.178854975310546,59.070289216951174],[12.422772440520507,60.03877981753711],[11.932652506438476,62.553973756746096],[13.717936548796875,64.55330237002735],[16.20604613741992,67.30725439639454],[18.17948821505664,68.4687915668047],[20.790644678679687,68.9322696551836],[25.62536910494922,68.80706366153126],[26.507250818816406,69.81245001407032],[29.11325171908496,69.48603399844532],[28.69715407809375,68.69552954287892],[31.0537824960625,69.63959082217579],[30.798840555754882,70.30796393008595],[28.30841353854297,70.9486499652422],[24.570508036223632,70.74138220401173],[23.203606638518554,69.94277533145313],[20.15765098055957,69.74782904239063],[17.406914743987304,68.77154120059376],[13.16864779910205,66.45833929629688],[12.112141642180664,65.12991674991017],[9.832105669585449,63.68362005801563],[7.088180098143798,62.91019781680469],[5.148983511534912,61.740882478669924],[5.096230539885742,60.26413305850391],[5.805763277617675,59.94925268741016],[5.615484270659667,58.45521505923633],[8.153747591582519,58.08954580874805],[10.549271616545898,59.37863119693164],[11.178854975310546,59.070289216951174]]]]},"properties":{"NAME":"Norway","SUBJECTO":"Norway","PARTOF":"Norway"}},
{"type":"Feature","geometry":{"type":"Polygon","coordinates":[[[28.69715407809375,68.69552954287892],[29.11325171908496,69.48603399844532],[26.507250818816406,69.81245001407032],[25.62536910494922,68.80706366153126],[20.790644678679687,68.9322696551836],[23.487652811614257,67.83432348819142],[23.94773200472949,65.79668005557423],[25.251507792083007,65.4168887958086],[24.470093760100585,64.63552435489063],[21.03372863253711,62.477298341707034],[21.56015113314746,60.51248510928516],[23.66465667208789,59.83555182071094],[28.431775126067382,60.60346945376758],[30.90184691866992,62.12546881289844],[31.13995078524707,63.12374075503711],[29.61822226962207,64.97341497989063],[30.001729044524414,65.72212561221485],[29.022913965789062,66.88741644473438],[29.946114573088867,67.53390844912892],[28.69715407809375,68.69552954287892]]]},"properties":{"NAME":"Finland","SUBJECTO":"Finland","PARTOF":"Finland"}},
{"type":"Feature","geometry":{"type":"Polygon","coordinates":[[[23.94773200472949,65.79668005557423],[23.487652811614257,67.83432348819142],[20.790644678679687,68.9322696551836],[18.17948821505664,68.4687915668047],[16.20604613741992,67.30725439639454],[13.717936548796875,64.55330237002735],[11.932652506438476,62.553973756746096],[12.422772440520507,60.03877981753711],[11.178854975310546,59.070289216951174],[11.22135833224414,58.30832251162891],[13.301851305571777,55.300696931794924],[14.652893099395019,56.120616517976565],[15.770541224089843,56.0332103595293],[16.744044336882812,58.31195028872852],[19.03732398470996,59.86324270816211],[17.146208796111328,60.95282705874805],[17.06517699679492,61.53837927432422],[18.48662475070117,62.98124273867969],[20.70065978488086,63.818126283601565],[20.92119315585254,64.71382483096485],[22.645554575530273,65.93478735537892],[23.94773200472949,65.79668005557423]]]},"properties":{"NAME":"Sweden","SUBJECTO":"Sweden","PARTOF":"Sweden"}},
{"type":"Feature","geometry":{"type":"MultiPolygon","coordinates":[[[[-73.11150833645704,-72.74946252255077],[-70.02071854153516,-72.67219201473827],[-68.39805313626172,-71.12679711727733],[-70.32980057278516,-68.96324578671093],[-71.7979249624336,-69.7359432354414],[-72.10699936428907,-71.04952660946483],[-75.27505966702344,-71.6676830425703],[-73.11150833645704,-72.74946252255077]]],[[[-102.55128189602735,-72.1313060894453],[-97.14239975491407,-72.67219201473827],[-97.21967026272657,-71.8222240581953],[-101.16042801419141,-71.8222240581953],[-102.55128189602735,-72.1313060894453]]],[[[-55.18492981472852,-80.94006005673046],[-44.83078476467969,-80.32190362362499],[-44.21262451687696,-78.39015618710155],[-48.84880920925977,-78.08107415585155],[-55.18492981472852,-80.94006005673046]]],[[[169.76938918551562,-83.41788903622265],[162.01522353610156,-81.65986291317577],[159.31539443453906,-80.02740899471874],[160.6856184335625,-79.11381951717968],[163.64298537692187,-78.66061059383983],[162.34563735446093,-75.10688439755077],[164.61622146090625,-74.17193261532421],[168.9746809335625,-73.23894158749218],[170.72912124117968,-71.9042781963789],[167.63463881930468,-70.86511651424999],[160.5985365243828,-70.22093621639843],[157.30686477145312,-69.15642968563671],[151.093455347625,-68.8858226910078],[150.89347365817187,-68.53827325253124],[146.87545302828906,-67.99737969784374],[145.58565810641406,-67.22348443417187],[141.1574964853203,-66.72243157772655],[134.20519545992968,-66.18008843807812],[130.27210524996875,-66.25291863827343],[129.00962356051562,-67.02982751278515],[122.45820907076953,-66.64516106991405],[118.28564742526171,-67.07014123348827],[113.01485732516406,-65.76308099178905],[110.60744002780078,-66.05907861141796],[109.40372756442187,-66.71026269344921],[102.63083938082812,-65.92616692928905],[99.65426162203906,-66.54946557430858],[95.72288039645312,-66.5292553081953],[90,-66.6065258160078],[85.52327254733203,-66.91560021786327],[81.81432631930468,-67.30195275692577],[78.25992110690234,-68.38373223690624],[76.86905959567187,-69.31096307186718],[72.54195693453906,-70.23820153622265],[70.30113509616015,-72.01540795712108],[67.36488631686328,-71.70632592587108],[67.51269057711718,-70.46442071346874],[68.95107558688281,-69.88906518368358],[69.77301314791796,-68.63561669735546],[69.37389663180468,-67.84283868221874],[62.805972132292965,-67.61102715878124],[56.62694838961718,-66.94232598690624],[55.14159301241992,-65.96285668758983],[52.45182326754687,-65.9883617535078],[48.96721557101367,-66.97347680477733],[47.305083307830074,-67.7748607769453],[44.79703811129687,-67.74518243221874],[39.6471433969414,-68.93355981258983],[38.33204940280078,-70.02947656063671],[33.54134276827929,-68.54216424374218],[32.74804213961718,-69.34959832577343],[23.707478556243164,-70.5859188213789],[17.603171381560546,-70.08366052059765],[12.657907518950683,-70.31547204403515],[10.339816126433593,-70.70181695370312],[8.485341105071289,-70.08366052059765],[0.681093785372955,-71.31997338680858],[-4.88232704678418,-71.28133813290233],[-7.200421777161377,-70.89499322323437],[-11.141175237091797,-71.59042016415233],[-11.8284835485542,-72.32257501034374],[-16.39551826992871,-73.44488946346874],[-14.45094105282666,-74.06464806942577],[-17.168211903961915,-74.75847283749218],[-18.40453049221875,-75.68571130184765],[-23.581604924591797,-75.91752282528515],[-33.16305252591016,-77.38564721493358],[-36.40837952175977,-79.16285363583202],[-29.567681279572266,-79.22431603817577],[-28.91321846524121,-80.47643700985546],[-38.03104874173047,-80.94006005673046],[-43.82627960720899,-81.79002801327343],[-60.2074594167793,-82.3309139385664],[-74.88871475735547,-80.70824853329296],[-76.58865067044141,-79.39465752987499],[-80.76121231594922,-78.23561517147655],[-74.5023698476875,-78.08107415585155],[-78.59766098538282,-76.61294976620312],[-70.56160446682813,-76.69022027401562],[-64.45729538479688,-75.68571130184765],[-61.366505589875004,-73.90851251034374],[-60.825619664582035,-72.74946252255077],[-61.675587621125004,-70.81772271542187],[-63.83913895169141,-68.65416375546093],[-65.15272995510938,-68.49962273983593],[-65.38453384915235,-67.34058038143749],[-61.134694066437504,-64.86795464901562],[-57.271210637482426,-63.708904661222654],[-58.121178594025395,-63.399822629972654],[-62.91190430203321,-64.71340600399608],[-66.85265823880079,-66.79969445614452],[-67.70262619534375,-66.87696496395702],[-67.08446976223829,-68.65416375546093],[-68.78439804592969,-69.8132137432539],[-67.08446976223829,-71.8222240581953],[-67.62535568753125,-72.74946252255077],[-75.58414169827344,-73.75397149471874],[-81.76572128811719,-74.02441064266796],[-88.56545731106641,-73.25171319393749],[-99.78819748440625,-72.9977611675703],[-101.88011642971875,-74.09877435116405],[-100.04510208645704,-75.30987969784374],[-105.64207932034375,-75.06755486874218],[-110.55704971829297,-75.30289117245312],[-113.23789688626172,-74.32137719540233],[-128.97754379788282,-74.91301385311718],[-134.77277084866407,-74.64256707577343],[-140.56799789944532,-75.2607235088789],[-146.67230698147657,-76.11069146542187],[-146.14586350003125,-77.4565242901289],[-149.99490829983594,-77.7333568706953],[-154.16746994534375,-77.11520043758983],[-158.18549057522657,-77.8106273785078],[-154.55382248440625,-79.12421838192577],[-148.604054418,-79.66510430721874],[-145.66779037991407,-80.51507226376171],[-148.8358659414375,-81.36504022030468],[-154.47655197659375,-81.05595818905468],[-152.08118149319532,-82.60135308651562],[-153.3097428945625,-83.94192925839062],[-148.75858017483594,-85.07398644833202],[-156.56282516995313,-85.460331358],[-167.22606369534375,-84.76490441708202],[-180,-84.32231561092968],[-180,-85.32231561092968],[-180,-86.32231561092968],[-180,-87.32231561092968],[-180,-88.32231561092968],[-180,-89.32231561092968],[-180,-90],[-179.203663793,-90],[-178.203663793,-90],[-177.203663793,-90],[-176.203663793,-90],[-175.203663793,-90],[-174.203663793,-90],[-173.203663793,-90],[-172.203663793,-90],[-171.203663793,-90],[-170.203663793,-90],[-169.203663793,-90],[-168.203663793,-90],[-167.203663793,-90],[-166.203663793,-90],[-165.203663793,-90],[-164.203663793,-90],[-163.203663793,-90],[-162.203663793,-90],[-161.203663793,-90],[-160.203663793,-90],[-159.203663793,-90],[-158.203663793,-90],[-157.203663793,-90],[-156.203663793,-90],[-155.203663793,-90],[-154.203663793,-90],[-153.203663793,-90],[-152.203663793,-90],[-151.203663793,-90],[-150.203663793,-90],[-149.203663793,-90],[-148.203663793,-90],[-147.203663793,-90],[-146.203663793,-90],[-145.203663793,-90],[-144.203663793,-90],[-143.203663793,-90],[-142.203663793,-90],[-141.203663793,-90],[-140.203663793,-90],[-139.203663793,-90],[-138.203663793,-90],[-137.203663793,-90],[-136.203663793,-90],[-135.203663793,-90],[-134.203663793,-90],[-133.203663793,-90],[-132.203663793,-90],[-131.203663793,-90],[-130.203663793,-90],[-129.203663793,-90],[-128.203663793,-90],[-127.203663793,-90],[-126.203663793,-90],[-125.203663793,-90],[-124.203663793,-90],[-123.203663793,-90],[-122.203663793,-90],[-121.203663793,-90],[-120.203663793,-90],[-119.203663793,-90],[-118.203663793,-90],[-117.203663793,-90],[-116.203663793,-90],[-115.203663793,-90],[-114.203663793,-90],[-113.203663793,-90],[-112.203663793,-90],[-111.203663793,-90],[-110.203663793,-90],[-109.203663793,-90],[-108.203663793,-90],[-107.203663793,-90],[-106.203663793,-90],[-105.203663793,-90],[-104.203663793,-90],[-103.203663793,-90],[-102.203663793,-90],[-101.203663793,-90],[-100.203663793,-90],[-99.203663793,-90],[-98.203663793,-90],[-97.203663793,-90],[-96.203663793,-90],[-95.203663793,-90],[-94.203663793,-90],[-93.203663793,-90],[-92.203663793,-90],[-91.203663793,-90],[-90,-90],[-89.203663793,-90],[-88.203663793,-90],[-87.203663793,-90],[-86.203663793,-90],[-85.203663793,-90],[-84.203663793,-90],[-83.203663793,-90],[-82.203663793,-90],[-81.203663793,-90],[-80.203663793,-90],[-79.203663793,-90],[-78.203663793,-90],[-77.203663793,-90],[-76.203663793,-90],[-75.203663793,-90],[-74.203663793,-90],[-73.203663793,-90],[-72.203663793,-90],[-71.203663793,-90],[-70.203663793,-90],[-69.203663793,-90],[-68.203663793,-90],[-67.203663793,-90],[-66.203663793,-90],[-65.203663793,-90],[-64.203663793,-90],[-63.203663793,-90],[-62.203663793,-90],[-61.203663793,-90],[-60.203663793,-90],[-59.203663793,-90],[-58.203663793,-90],[-57.203663793,-90],[-56.203663793,-90],[-55.203663793,-90],[-54.203663793,-90],[-53.203663793,-90],[-52.203663793,-90],[-51.203663793,-90],[-50.203663793,-90],[-49.203663793,-90],[-48.203663793,-90],[-47.203663793,-90],[-46.203663793,-90],[-45.203663793,-90],[-44.203663793,-90],[-43.203663793,-90],[-42.203663793,-90],[-41.203663793,-90],[-40.203663793,-90],[-39.203663793,-90],[-38.203663793,-90],[-37.203663793,-90],[-36.203663793,-90],[-35.203663793,-90],[-34.203663793,-90],[-33.203663793,-90],[-32.203663793,-90],[-31.203663793,-90],[-30.203663793,-90],[-29.203663793,-90],[-28.203663793,-90],[-27.203663793,-90],[-26.203663793,-90],[-25.203663793,-90],[-24.203663793,-90],[-23.203663793,-90],[-22.203663793,-90],[-21.203663793,-90],[-20.203663793,-90],[-19.203663793,-90],[-18.203663793,-90],[-17.203663793,-90],[-16.203663793,-90],[-15.203663793,-90],[-14.203663793,-90],[-13.203663793,-90],[-12.203663793,-90],[-11.203663793,-90],[-10.203663793,-90],[-9.203663793,-90],[-8.203663793,-90],[-7.203663793,-90],[-6.203663793,-90],[-5.203663793,-90],[-4.203663793,-90],[-3.203663793,-90],[-2.203663793,-90],[-1.203663793,-90],[-0.203663793,-90],[0.778056177703125,-90],[1.778056177703125,-90],[2.778056177703125,-90],[3.778056177703125,-90],[4.778056177703125,-90],[5.778056177703125,-90],[6.778056177703125,-90],[7.778056177703125,-90],[8.778056177703125,-90],[9.778056177703125,-90],[10.778056177703125,-90],[11.778056177703125,-90],[12.778056177703125,-90],[13.778056177703125,-90],[14.778056177703125,-90],[15.778056177703125,-90],[16.778056177703125,-90],[17.778056177703125,-90],[18.778056177703125,-90],[19.778056177703125,-90],[20.778056177703125,-90],[21.778056177703125,-90],[22.778056177703125,-90],[23.778056177703125,-90],[24.778056177703125,-90],[25.778056177703125,-90],[26.778056177703125,-90],[27.778056177703125,-90],[28.778056177703125,-90],[29.778056177703125,-90],[30.778056177703125,-90],[31.778056177703125,-90],[32.77805617770312,-90],[33.77805617770312,-90],[34.77805617770312,-90],[35.77805617770312,-90],[36.77805617770312,-90],[37.77805617770312,-90],[38.77805617770312,-90],[39.77805617770312,-90],[40.77805617770312,-90],[41.77805617770312,-90],[42.77805617770312,-90],[43.77805617770312,-90],[44.77805617770312,-90],[45.77805617770312,-90],[46.77805617770312,-90],[47.77805617770312,-90],[48.77805617770312,-90],[49.77805617770312,-90],[50.77805617770312,-90],[51.77805617770312,-90],[52.77805617770312,-90],[53.77805617770312,-90],[54.77805617770312,-90],[55.77805617770312,-90],[56.77805617770312,-90],[57.77805617770312,-90],[58.77805617770312,-90],[59.77805617770312,-90],[60.77805617770312,-90],[61.77805617770312,-90],[62.77805617770312,-90],[63.77805617770312,-90],[64.77805617770312,-90],[65.77805617770312,-90],[66.77805617770312,-90],[67.77805617770312,-90],[68.77805617770312,-90],[69.77805617770312,-90],[70.77805617770312,-90],[71.77805617770312,-90],[72.77805617770312,-90],[73.77805617770312,-90],[74.77805617770312,-90],[75.77805617770312,-90],[76.77805617770312,-90],[77.77805617770312,-90],[78.77805617770312,-90],[79.77805617770312,-90],[80.77805617770312,-90],[81.77805617770312,-90],[82.77805617770312,-90],[83.77805617770312,-90],[84.77805617770312,-90],[85.77805617770312,-90],[86.77805617770312,-90],[87.77805617770312,-90],[88.77805617770312,-90],[89.77805617770312,-90],[89.796336207,-90],[90,-90],[91.77805617770312,-90],[92.77805617770312,-90],[93.77805617770312,-90],[94.77805617770312,-90],[95.77805617770312,-90],[96.77805617770312,-90],[97.77805617770312,-90],[98.77805617770312,-90],[99.77805617770312,-90],[100.77805617770312,-90],[101.77805617770312,-90],[102.77805617770312,-90],[103.77805617770312,-90],[104.77805617770312,-90],[105.77805617770312,-90],[106.77805617770312,-90],[107.77805617770312,-90],[108.77805617770312,-90],[109.77805617770312,-90],[110.77805617770312,-90],[111.77805617770312,-90],[112.77805617770312,-90],[113.77805617770312,-90],[114.77805617770312,-90],[115.77805617770312,-90],[116.77805617770312,-90],[117.77805617770312,-90],[118.77805617770312,-90],[119.77805617770312,-90],[120.77805617770312,-90],[121.77805617770312,-90],[122.77805617770312,-90],[123.77805617770312,-90],[124.77805617770312,-90],[125.77805617770312,-90],[126.77805617770312,-90],[127.77805617770312,-90],[128.77805617770312,-90],[129.77805617770312,-90],[130.77805617770312,-90],[131.77805617770312,-90],[132.77805617770312,-90],[133.77805617770312,-90],[134.77805617770312,-90],[135.77805617770312,-90],[136.77805617770312,-90],[137.77805617770312,-90],[138.77805617770312,-90],[139.77805617770312,-90],[140.77805617770312,-90],[141.77805617770312,-90],[142.77805617770312,-90],[143.77805617770312,-90],[144.77805617770312,-90],[145.77805617770312,-90],[146.77805617770312,-90],[147.77805617770312,-90],[148.77805617770312,-90],[149.77805617770312,-90],[150.77805617770312,-90],[151.77805617770312,-90],[152.77805617770312,-90],[153.77805617770312,-90],[154.77805617770312,-90],[155.77805617770312,-90],[156.77805617770312,-90],[157.77805617770312,-90],[158.77805617770312,-90],[159.77805617770312,-90],[160.77805617770312,-90],[161.77805617770312,-90],[162.77805617770312,-90],[163.77805617770312,-90],[164.77805617770312,-90],[165.77805617770312,-90],[166.77805617770312,-90],[167.77805617770312,-90],[168.77805617770312,-90],[169.77805617770312,-90],[170.77805617770312,-90],[171.77805617770312,-90],[172.77805617770312,-90],[173.77805617770312,-90],[174.77805617770312,-90],[175.77805617770312,-90],[176.77805617770312,-90],[177.77805617770312,-90],[178.77805617770312,-90],[180,-90],[180,-89.31921807674999],[180,-88.31921807674999],[180,-87.31921807674999],[180,-86.31921807674999],[180,-85.31921807674999],[180,-84.34037438778515],[169.76938918551562,-83.41788903622265]]]]},"properties":{"NAME":null,"SUBJECTO":null,"PARTOF":null}},
{"type":"Feature","geometry":{"type":"Polygon","coordinates":[[[33.676461145327124,34.93545764173562],[33.907317194548824,35.436847291902346],[32.6590919394691,35.138238476467514],[33.676461145327124,34.93545764173562]]]},"properties":{"NAME":"Turkish Cypriot-administered area","SUBJECTO":"Turkish Cypriot-administered area","PARTOF":"Turkish Cypriot-administered area"}},
{"type":"Feature","geometry":{"type":"Polygon","coordinates":[[[148.562469,45.309715],[147.894989,45.229988000000105],[147.111908,44.793884],[147.291077,44.66693900000013],[147.622742,44.897217],[148.562469,45.309715]]]},"properties":{"NAME":"Russia","SUBJECTO":"Russia","PARTOF":"Russia"}},
{"type":"Feature","geometry":{"type":"Polygon","coordinates":[[[-61.686668,17.024441000000138],[-61.794449,17.16333],[-61.887222,17.033054000000106],[-61.686668,17.024441000000138]]]},"properties":{"NAME":"Antigua and Barbuda","SUBJECTO":"Antigua and Barbuda","PARTOF":"Antigua and Barbuda"}},
{"type":"Feature","geometry":{"type":"Polygon","coordinates":[[[-59.533058,13.050554],[-59.429169,13.164999],[-59.659447,13.287777],[-59.643333,13.149166],[-59.533058,13.050554]]]},"properties":{"NAME":"Barbados","SUBJECTO":"Barbados","PARTOF":"Barbados"}},
{"type":"Feature","geometry":{"type":"Polygon","coordinates":[[[-61.363617,15.198055],[-61.25528,15.285],[-61.304169,15.57361],[-61.474724,15.486387],[-61.363617,15.198055]]]},"properties":{"NAME":"Dominica","SUBJECTO":"Dominica","PARTOF":"Dominica"}},
{"type":"Feature","geometry":{"type":"Polygon","coordinates":[[[-61.746948,11.997499],[-61.59639,12.125555],[-61.724724,12.172222],[-61.746948,11.997499]]]},"properties":{"NAME":"Grenada","SUBJECTO":"Grenada","PARTOF":"Grenada"}},
{"type":"Feature","geometry":{"type":"Polygon","coordinates":[[[-60.86084,14.402777],[-60.829727,14.57],[-61.034447,14.829166],[-61.231674,14.809444],[-61.03389,14.465832],[-60.86084,14.402777]]]},"properties":{"NAME":"Martinique","SUBJECTO":"Martinique","PARTOF":"Martinique"}},
{"type":"Feature","geometry":{"type":"Polygon","coordinates":[[[-62.171394,16.671387],[-62.137505,16.692776],[-62.176392,16.808609],[-62.236671,16.711941],[-62.171394,16.671387]]]},"properties":{"NAME":"Montserrat","SUBJECTO":"Montserrat","PARTOF":"Montserrat"}},
{"type":"Feature","geometry":{"type":"Polygon","coordinates":[[[-63.167778,18.164444],[-62.993057,18.227219],[-63.057503,18.256386],[-63.167778,18.164444]]]},"properties":{"NAME":"Anguilla","SUBJECTO":"Anguilla","PARTOF":"Anguilla"}},
{"type":"Feature","geometry":{"type":"Polygon","coordinates":[[[-62.701668,17.336941],[-62.812782,17.409443000000124],[-62.863892,17.370831000000123],[-62.778336,17.292221],[-62.701668,17.336941]]]},"properties":{"NAME":"Saint Kitts and Nevis","SUBJECTO":"Saint Kitts and Nevis","PARTOF":"Saint Kitts and Nevis"}},
{"type":"Feature","geometry":{"type":"Polygon","coordinates":[[[-60.954727,13.709444],[-60.878059,13.956665],[-61.075005,13.896944],[-60.954727,13.709444]]]},"properties":{"NAME":"Saint Lucia","SUBJECTO":"Saint Lucia","PARTOF":"Saint Lucia"}},
{"type":"Feature","geometry":{"type":"Polygon","coordinates":[[[-61.173058,13.1325],[-61.123337,13.248888000000136],[-61.208893,13.367777],[-61.278061,13.250277],[-61.173058,13.1325]]]},"properties":{"NAME":"Saint Vincent and the Grenadines","SUBJECTO":"Saint Vincent and the Grenadines","PARTOF":"Saint Vincent and the Grenadines"}},
{"type":"Feature","geometry":{"type":"Polygon","coordinates":[[[-64.761948,17.774166],[-64.870834,17.774719],[-64.888901,17.686943],[-64.738892,17.708054],[-64.761948,17.774166]]]},"properties":{"NAME":"United States Virgin Islands","SUBJECTO":"United States Virgin Islands","PARTOF":"United States Virgin Islands"}},
{"type":"Feature","geometry":{"type":"Polygon","coordinates":[[[-61.346115,16.334164],[-61.49889399999989,16.34861000000012],[-61.793892,16.241943000000106],[-61.695007,15.949165],[-61.55277999999987,16.054443000000106],[-61.581116,16.204720000000123],[-61.346115,16.334164]]]},"properties":{"NAME":"Guadeloupe","SUBJECTO":"Guadeloupe","PARTOF":"Guadeloupe"}},
{"type":"Feature","geometry":{"type":"Polygon","coordinates":[[[-68.965561,12.198889],[-69.077789,12.34861],[-69.15834,12.311388],[-69.0625,12.188332000000116],[-68.83223,12.049444000000108],[-68.824173,12.160276000000124],[-68.965561,12.198889]]]},"properties":{"NAME":"Netherlands Antilles","SUBJECTO":"Netherlands Antilles","PARTOF":"Netherlands Antilles"}},
{"type":"Feature","geometry":{"type":"Polygon","coordinates":[[[-63.011459,18.067276],[-63.045006,18.121387],[-63.139839,18.058601],[-63.011459,18.067276]]]},"properties":{"NAME":"Saint Martin","SUBJECTO":"Saint Martin","PARTOF":"Saint Martin"}},
{"type":"Feature","geometry":{"type":"Polygon","coordinates":[[[-63.139839,18.058601],[-63.03334,18.015553],[-63.011459,18.067276],[-63.139839,18.058601]]]},"properties":{"NAME":"Saint Barthelemy","SUBJECTO":"Saint Barthelemy","PARTOF":"Saint Barthelemy"}},
{"type":"Feature","geometry":{"type":"Polygon","coordinates":[[[19.334442,57.955826],[19.104721,57.975273],[19.1416660000001,57.907776],[19.334442,57.955826]]]},"properties":{"NAME":null,"SUBJECTO":null,"PARTOF":null}},
{"type":"Feature","geometry":{"type":"Polygon","coordinates":[[[18.206108,56.911942],[18.711941,57.241661],[18.809166,57.703606],[18.111385,57.51944],[18.206108,56.911942]]]},"properties":{"NAME":null,"SUBJECTO":null,"PARTOF":null}},
{"type":"Feature","geometry":{"type":"Polygon","coordinates":[[[-71.657791,21.82333],[-71.847778,21.854721],[-71.827515,21.776386],[-71.657791,21.82333]]]},"properties":{"NAME":"Turks and Caicos Islands","SUBJECTO":"Turks and Caicos Islands","PARTOF":"Turks and Caicos Islands"}},
{"type":"Feature","geometry":{"type":"Polygon","coordinates":[[[-77.735001,26.914444],[-77.525558,26.856388],[-77.151398,26.255276],[-77.039734,26.497776],[-77.500839,26.862862],[-77.735001,26.914444]]]},"properties":{"NAME":"Bahamas","SUBJECTO":"Bahamas","PARTOF":"Bahamas"}},
{"type":"Feature","geometry":{"type":"Polygon","coordinates":[[[-74.220001,40.51166500000011],[-74.057495,40.599716000000114],[-74.176941,40.641937],[-74.220001,40.51166500000011]]]},"properties":{"NAME":"United States","SUBJECTO":"United States","PARTOF":"United States"}},
{"type":"Feature","geometry":{"type":"Polygon","coordinates":[[[-72.262222,41.125267],[-73.589447,40.92054700000011],[-73.561111,40.645271],[-72.54277,40.825554],[-72.262222,41.125267]]]},"properties":{"NAME":"United States","SUBJECTO":"United States","PARTOF":"United States"}},
{"type":"Feature","geometry":{"type":"Polygon","coordinates":[[[5.989547,46.175473],[5.983307,46.16214],[5.962663,46.132651],[5.965616,46.128934],[5.977828,46.132121],[5.990733,46.142934],[6.030542,46.140944],[6.044494,46.135174],[6.059215,46.15174],[6.081313,46.150136],[6.083145,46.148906],[6.099565,46.152237],[6.105769,46.144173],[6.135114,46.140455],[6.153679,46.148185],[6.158831,46.152314],[6.182235,46.158844],[6.192721,46.178892],[6.228732,46.199535],[6.230334,46.201744],[6.242236,46.206777],[6.251128,46.205413],[6.251695,46.20688],[6.298336,46.224276],[6.310406,46.257475],[6.308471,46.256517],[6.303648,46.257093],[6.302087,46.259789],[6.303181,46.264913],[6.274345,46.249587],[6.268256,46.25307],[6.260501,46.291071],[6.248745,46.305552],[6.247252,46.305014],[6.247907,46.302622],[6.161295,46.206077],[6.154365,46.206936],[6.156029668489112,46.20846836495105],[6.157258785722756,46.242527238221385],[6.159654924618628,46.251590014334234],[6.216308983730783,46.348597810654255],[6.235251631903526,46.37083150638401],[6.264555,46.393889],[6.274997280669589,46.391796602586055],[6.354245795135136,46.46160046384986],[6.358736,46.462151],[6.386601,46.465029],[6.399523,46.460248],[6.519742,46.51662],[6.535457470840142,46.51145088549285],[6.591638,46.517827],[6.601017331790772,46.51608563575438],[6.661201919626937,46.505285056239714],[6.726585275998491,46.48639649541344],[6.749439,46.488686],[6.838738761240986,46.46233642013193],[6.840181095132023,46.46136809233204],[6.864147785650463,46.44805050683118],[6.865966216712505,46.44763690568847],[6.882236929108263,46.44393614112276],[6.893824328176765,46.44130059359181],[6.920805,46.395021],[6.872439,46.393418],[6.866539,46.395577],[6.86443,46.395461],[6.863911,46.387529],[6.857919770712584,46.38820405444768],[6.809147838242454,46.39368172924781],[6.809442,46.380232],[6.776061,46.362191],[6.863716,46.292272],[6.858636,46.260945],[6.903116,46.125445],[6.885557,46.09729],[6.876258,46.054467],[6.89613,46.043824],[6.917585,46.054782],[7.041289,45.948808],[7.048637,45.923903],[7.200209,45.862198],[7.205413,45.866697],[7.203738,45.87483],[7.205666,45.877755],[7.281115,45.903887],[7.282755,45.904933],[7.284093,45.907335],[7.285132,45.909736],[7.286918,45.912034],[7.288556,45.913915],[7.290785,45.918613],[7.476159,45.93723],[7.477505,45.93796],[7.47662,45.948602],[7.476921,45.951001],[7.495763,45.958302],[7.498454,45.958719],[7.499951,45.960179],[7.544343,45.959118],[7.549287,45.963601],[7.545875,45.974662],[7.545738,45.979669],[7.549634,45.98311],[7.54964,45.985405],[7.877083,45.925878],[7.878599,45.928481],[7.874358,45.939033],[7.87258,45.940813],[7.879962,45.964782],[7.883124,45.967275],[7.880819,45.977195],[7.894007,45.980485],[7.896553,45.980997],[7.89718,45.984125],[7.903819,45.990464],[7.906369,45.991289],[7.908188,45.99389],[7.908201,45.995351],[7.992752,45.998857],[7.997129,46.002384],[8.00049,46.008733],[8.002614,46.011332],[8.013568,46.014097],[8.01463,46.015448],[8.01572,46.019199],[8.0144,46.021501],[8.0191,46.026903],[8.019559,46.027736],[8.019127,46.029199],[8.016031,46.033387],[8.032918,46.043843],[8.034878,46.044981],[8.025965,46.077054],[8.032196,46.08464],[8.035615,46.095057],[8.036575,46.100269],[8.113694,46.117703],[8.115958,46.118838],[8.11765,46.122063],[8.118215,46.13072],[8.166903,46.179681],[8.168426,46.181237],[8.15096,46.209721],[8.148879,46.211299],[8.141135,46.226995],[8.139525,46.230134],[8.108134,46.253893],[8.103912,46.252873],[8.102742,46.255384],[8.088049,46.258385],[8.083869,46.260703],[8.22468,46.325391],[8.226376,46.327988],[8.226112,46.33039],[8.224635,46.332277],[8.243147,46.341441],[8.252647,46.342316],[8.25317,46.346799],[8.26731,46.355153],[8.267347,46.357449],[8.267099,46.360685],[8.264406,46.361851],[8.315848,46.383814],[8.318312,46.386926],[8.319732,46.390568],[8.317188,46.39163],[8.318289,46.394335],[8.319866,46.398393],[8.295311,46.408275],[8.292792,46.410902],[8.297821,46.4141],[8.306157,46.425518],[8.307074,46.426241],[8.310532,46.42559],[8.311879,46.424954],[8.316252,46.424922],[8.319584,46.425732],[8.38947,46.45316],[8.393994,46.45302],[8.396753,46.455293],[8.399947,46.456624],[8.404009,46.455965],[8.406643,46.459596],[8.461578,46.452041],[8.461384,46.449851],[8.462692,46.447335],[8.463319,46.440965],[8.460128,46.439845],[8.457051,46.436845],[8.457183,46.435905],[8.457476,46.427868],[8.457286,46.425887],[8.460644,46.420328],[8.462726,46.418849],[8.467136,46.413176],[8.464536,46.41132],[8.463481,46.403816],[8.470153,46.398228],[8.467258,46.396688],[8.46212,46.388489],[8.464037,46.386386],[8.466775,46.380101],[8.465829,46.37051],[8.467269,46.367158],[8.470971,46.363996],[8.46398,46.360926],[8.46146,46.355418],[8.461873,46.353431],[8.464221,46.335255],[8.459471,46.331122],[8.45379,46.325537],[8.454054,46.323656],[8.443503,46.322911],[8.427749,46.302175],[8.427884,46.301339],[8.455637,46.266775],[8.451246,46.265247],[8.443317,46.259576],[8.441623,46.257504],[8.44228,46.252698],[8.443452,46.251123],[8.464834,46.245409],[8.464588,46.240612],[8.466917,46.236835],[8.470181,46.23472],[8.531947,46.220703],[8.534062,46.214214],[8.535892,46.208458],[8.540107,46.201845],[8.601084,46.155347],[8.600465,46.154518],[8.595007,46.145285],[8.603008,46.140824],[8.697697,46.105202],[8.713004,46.098197],[8.7561,46.108628],[8.758584,46.106096],[8.782499,46.09758],[8.799712,46.09665],[8.800475,46.097163],[8.850786,46.078721],[8.852004,46.073906],[8.827729,46.051449],[8.830682,46.049849],[8.829115,46.047259],[8.828805,46.041315],[8.785326,45.992991],[8.790253,45.992621],[8.858902,45.970203],[8.863757,45.967613],[8.875402,45.962363],[8.880605,45.960311],[8.887271,45.960594],[8.914409,45.91859],[8.918,45.913535],[8.923,45.905541],[8.919871,45.900572],[8.921042,45.899722],[8.921735,45.897835],[8.944578,45.871871],[8.937499,45.869667],[8.910423,45.835789],[8.910998,45.835051],[8.99402,45.838139],[8.990758,45.828791],[8.992911,45.825945],[8.997109,45.826723],[9.031685,45.830843],[9.036711,45.839122],[9.037356,45.840678],[9.037121,45.842769],[9.051139,45.857078],[9.051914,45.858007],[9.052235,45.858733],[9.051982,45.860197],[9.083538,45.900241],[9.087184,45.902172],[9.080912,45.906957],[9.076219,45.904936],[9.075354,45.910688],[9.075705,45.912353],[9.066909,45.917694],[9.059089,45.92083],[9.059862,45.926455],[9.023496,45.934367],[9.020661,45.93451],[9.021535,45.938672],[9.021779,45.941799],[9.021369,45.943057],[9.012699,45.947976],[9.014206,45.96319],[9.013363,45.964976],[8.995727,45.970223],[8.994416,45.971388],[9.028089,45.996707],[9.026138,46.001429],[9.022856,46.010657],[9.021934,46.020584],[9.013228,46.029677],[9.007359,46.033617],[9.00956,46.04204],[9.016282,46.046436],[9.017068,46.047678],[9.016941,46.04841],[9.089068,46.093741],[9.086644,46.097637],[9.074565,46.118679],[9.072108,46.121635],[9.196628,46.189322],[9.19725,46.189938],[9.196584,46.192453],[9.294937,46.326391],[9.299406,46.329242],[9.295594,46.332121],[9.296442,46.34317],[9.298925,46.345218],[9.298631,46.349606],[9.296782,46.352662],[9.297012,46.35485],[9.277293,46.37228],[9.277089,46.379276],[9.281824,46.385254],[9.28432,46.387615],[9.277539,46.396176],[9.276867,46.398483],[9.281881,46.408006],[9.282441,46.411023],[9.270462,46.421962],[9.264306,46.422789],[9.263954,46.425613],[9.250327,46.432818],[9.248635,46.436184],[9.247712,46.448618],[9.275561,46.45935],[9.278304,46.464317],[9.275953,46.466128],[9.274537,46.46876],[9.278129,46.480601],[9.276683,46.482398],[9.27495,46.484617],[9.370437,46.505829],[9.369704,46.502397],[9.370518,46.491842],[9.373335,46.490438],[9.375316,46.486857],[9.378586,46.485446],[9.394429,46.473074],[9.395275,46.471494],[9.399925,46.470685],[9.459629,46.507032],[9.460061,46.50264],[9.459715,46.493774],[9.458768,46.488885],[9.460947,46.478932],[9.461403,46.475166],[9.456824,46.462303],[9.456241,46.458973],[9.45592,46.443009],[9.454589,46.432073],[9.453111,46.421243],[9.454696,46.419337],[9.465335,46.398277],[9.465551,46.39222],[9.46064,46.378424],[9.46182,46.377777],[9.496088,46.36392],[9.496854,46.360462],[9.498306,46.359079],[9.507527,46.34472],[9.50815,46.341473],[9.511266,46.336512],[9.512716,46.335129],[9.514878,46.33269],[9.514966,46.331123],[9.533098,46.313992],[9.726236,46.320363],[9.726342,46.322762],[9.721473,46.32505],[9.718004,46.32491],[9.718757,46.32834],[9.72704,46.33517],[9.725309,46.340319],[9.723704,46.341499],[9.903875,46.382798],[9.91261,46.373112],[9.915973,46.374084],[9.951578,46.377806],[9.951206,46.376353],[9.964783,46.364156],[9.979145,46.355803],[9.990572,46.352211],[9.991571,46.348013],[9.975957,46.327582],[9.980753,46.324032],[9.995879,46.316182],[9.992882,46.313429],[9.992098,46.288287],[10.002063,46.285874],[10.050942,46.270268],[10.052337,46.262093],[10.038753,46.234108],[10.046038,46.232482],[10.173879,46.267629],[10.171382,46.271656],[10.167639,46.274877],[10.161838,46.276162],[10.154314,46.293461],[10.152829,46.296733],[10.147842,46.299251],[10.145453,46.29962],[10.137088,46.303784],[10.136745,46.30588],[10.136971,46.307336],[10.117561,46.316349],[10.115042,46.317138],[10.165686,46.409814],[10.15908,46.419053],[10.150495,46.419359],[10.148163,46.418056],[10.142534,46.428733],[10.140403,46.431288],[10.136883,46.433249],[10.130368,46.432775],[10.128065,46.434916],[10.086252,46.425961],[10.079953,46.426731],[10.079795,46.429554],[10.063213,46.429931],[10.058048,46.43224],[10.055184,46.441283],[10.05516,46.443789],[10.039604,46.446645],[10.037816,46.45013],[10.044518,46.460316],[10.047577,46.461082],[10.051033,46.466746],[10.050188,46.470941],[10.045727,46.47835],[10.042862,46.481442],[10.045087,46.501645],[10.046207,46.502873],[10.04487,46.506348],[10.04155,46.509451],[10.049678,46.532758],[10.051612,46.535116],[10.051373,46.536374],[10.046181,46.53837],[10.076501,46.563577],[10.084842,46.56986],[10.084063,46.572384],[10.079844,46.575716],[10.235763,46.637949],[10.237453,46.629973],[10.24116,46.625707],[10.253901,46.614853],[10.246887,46.605626],[10.242358,46.577962],[10.251817,46.573766],[10.268363,46.577435],[10.27134,46.576527],[10.282574,46.574373],[10.28393,46.571521],[10.288684,46.564409],[10.291033,46.563098],[10.291754,46.562454],[10.291559,46.558908],[10.291183,46.554845],[10.292776,46.553553],[10.488983,46.614762],[10.491106,46.619927],[10.489358,46.621122],[10.484984,46.621445],[10.463382,46.635481],[10.449215,46.644621],[10.400395,46.641699],[10.39755,46.642294],[10.398334,46.645407],[10.39458,46.65396],[10.390699,46.660324],[10.389101,46.672164],[10.390891,46.674311],[10.384612,46.683868],[10.382756,46.685899],[10.415382,46.720362],[10.417163,46.722301],[10.405406,46.734296],[10.399777,46.736737],[10.440583,46.772657],[10.440511,46.776627],[10.427696,46.78886],[10.422609,46.790244],[10.465153,46.884678],[10.490053,46.93811],[10.456938,46.952404],[10.429256,46.956724],[10.427847,46.973842],[10.389544,47.001015],[10.349806,46.991332],[10.341181,46.978785],[10.322282,46.952358],[10.31659,46.925874],[10.297198,46.920638],[10.24177,46.932153],[10.227895,46.890769],[10.232793,46.866884],[10.193807,46.866855],[10.156313,46.848453],[10.145371,46.851397],[10.114491,46.850552],[10.097079,46.852203],[10.09057,46.855796],[10.091848,46.862866],[10.05529,46.865152],[10.049044,46.871034],[10.015608,46.905392],[10.011265,46.903818],[9.979425,46.909733],[9.97578,46.919208],[9.913924,46.925334],[9.87584,46.938242],[9.879231,46.942243],[9.874738,46.943902],[9.87592,46.952751],[9.870269,46.965395],[9.890853,46.990961],[9.870281,47.013938],[9.879889,47.020211],[9.856644,47.025703],[9.781335,47.041112],[9.745989,47.03941],[9.742211,47.04366],[9.704502,47.050655],[9.709181,47.052862],[9.707059,47.05666],[9.683082,47.060147],[9.680836,47.064679],[9.634738,47.054692],[9.615835,47.05546],[9.601992,47.063962],[9.491542,47.05957],[9.483764,47.05219],[9.530214,47.265974],[9.543474,47.27889],[9.565878,47.304897],[9.575726,47.309208],[9.622392,47.366807],[9.650729,47.368369],[9.67228,47.383309],[9.650748,47.407719],[9.645481,47.431616],[9.651527,47.443297],[9.658489,47.454753],[9.617856,47.461873],[9.606912,47.472302],[9.595561,47.466037],[9.575827,47.487268],[9.562566389092687,47.499934169728704],[9.561507748003526,47.50030792367998],[9.560641,47.499752],[9.527823682078168,47.48142671293082],[9.482192397492852,47.48171173718394],[9.472298071119663,47.490659332613625],[9.448855,47.500753],[9.436131,47.506185],[9.436017982713105,47.506436747501496],[9.43581178994382,47.50689604462249],[9.435564,47.507448],[9.420351,47.524191],[9.415391,47.527405],[9.383777,47.546919],[9.382902364613928,47.56817139824379],[9.38284244742272,47.56853706558146],[9.355948,47.581496],[9.330694,47.590978],[9.313162,47.600855],[9.22848664573348,47.635272745447445],[9.221972180112012,47.63750647521628],[9.180812,47.651798],[9.182656,47.656258],[9.172038,47.654457],[9.158827974534468,47.66473161882741],[9.141206482812914,47.66510009947218],[9.138245,47.662948],[9.099092,47.665687],[9.094039397520604,47.668617634382194],[9.077613,47.670365],[9.068923,47.674031],[9.054845796188834,47.6736562436196],[9.045576349741037,47.67317840276485],[9.03620897017684,47.672695513448545],[9.00391975153109,47.67103100112587],[8.974628067619111,47.664792863756034],[8.972059137118853,47.66329102969032],[8.970682,47.660088],[8.926619,47.648432],[8.923301806357795,47.648432],[8.907038,47.644289],[8.894682,47.644231],[8.884046,47.650306],[8.881858159304656,47.65129693688154],[8.870206,47.652454],[8.863334,47.655248],[8.859984,47.656957],[8.8648,47.657944],[8.87179,47.672997],[8.852436,47.680829],[8.858961,47.69352],[8.852523,47.695461],[8.867418,47.696477],[8.86494,47.693009],[8.872617,47.692801],[8.8772,47.697439],[8.869425,47.701949],[8.873641,47.704001],[8.851491,47.703197],[8.83629,47.715086],[8.821877,47.711489],[8.80703,47.72596],[8.813372,47.728325],[8.808047,47.736874],[8.797611,47.674788],[8.728134,47.692363],[8.736886,47.716852],[8.718039,47.720076],[8.722967,47.743948],[8.745458,47.748799],[8.729843,47.758661],[8.731078,47.760397],[8.715156,47.765376],[8.706726,47.761259],[8.694885,47.757102],[8.685986,47.770768],[8.688927,47.772525],[8.68087,47.786488],[8.677478,47.785586],[8.660423,47.8003],[8.64822,47.79355],[8.648523,47.766868],[8.634219,47.75923],[8.621115,47.76997],[8.61825,47.780837],[8.616825,47.785984],[8.62638,47.795574],[8.616842,47.800618],[8.60096,47.803286],[8.596377,47.79921],[8.589857,47.803144],[8.589044,47.801699],[8.579263,47.800138],[8.571772,47.808075],[8.565867,47.805415],[8.564517,47.793058],[8.578494,47.782337],[8.567076,47.778458],[8.555342,47.785477],[8.520732,47.771815],[8.51292,47.776013],[8.49253,47.772578],[8.458113,47.726187],[8.447961,47.723461],[8.442617,47.717073],[8.414745,47.695152],[8.418667,47.67914],[8.407313,47.674385],[8.414376,47.66674],[8.467104,47.642532],[8.476695,47.63831],[8.47997,47.639556],[8.473524,47.641474],[8.490941,47.642864],[8.495223,47.642062],[8.49551,47.646657],[8.531336,47.644849],[8.527479,47.660004],[8.534191,47.663537],[8.542459,47.657622],[8.540578,47.663622],[8.564251,47.669961],[8.568676,47.664281],[8.600052,47.669565],[8.600839,47.671871],[8.609365,47.671693],[8.631272,47.649878],[8.605649,47.637217],[8.602982,47.641199],[8.612323,47.642179],[8.615126,47.648527],[8.606097,47.651568],[8.597148,47.641377],[8.598471,47.604992],[8.594185,47.606085],[8.583837,47.59591],[8.567211,47.597127],[8.567126,47.599882],[8.566871,47.608885],[8.575346,47.610144],[8.571319,47.616976],[8.562793,47.617439],[8.544237,47.626086],[8.543319,47.628369],[8.539532,47.626884],[8.53983,47.631192],[8.522722,47.633831],[8.517064,47.623712],[8.510673,47.623912],[8.509169,47.617293],[8.481152,47.614898],[8.476276,47.60737],[8.4945,47.581803],[8.434611,47.565754],[8.428962,47.567546],[8.403226,47.576488],[8.387021,47.564773],[8.332394,47.570837],[8.313659,47.584033],[8.300633,47.604202],[8.258956,47.615595],[8.231248,47.60482],[8.217061,47.620657],[8.140957,47.584094],[8.118426,47.583707],[8.098574,47.557827],[8.076247,47.56346],[8.041789,47.553091],[7.968037,47.558053],[7.954808,47.54891],[7.919042,47.550241],[7.899672,47.586025],[7.828058,47.589213],[7.808267,47.565286],[7.713094,47.540523],[7.691075,47.533882],[7.639979,47.562632],[7.675957,47.566275],[7.679039,47.564045],[7.684893,47.566178],[7.6876,47.571975],[7.690802,47.567164],[7.699842,47.601505],[7.682757,47.593682],[7.654551,47.596236],[7.613209,47.579841],[7.598232,47.590418],[7.585018,47.577383],[7.568828,47.577813],[7.555836,47.563425],[7.499831,47.535382],[7.503209,47.527975],[7.512914,47.527764],[7.518777,47.532353],[7.526442,47.514406],[7.502271,47.519524],[7.473425,47.48009],[7.464198,47.488644],[7.436647,47.498025],[7.422789,47.479136],[7.458182,47.471742],[7.387726,47.432582],[7.385265,47.433832],[7.328665,47.440552],[7.28485,47.434539],[7.251825,47.423106],[7.229313,47.440899],[7.200422,47.43572],[7.196718,47.438841],[7.183229,47.462802],[7.195587,47.486828],[7.206964,47.490194],[7.20556,47.494573],[7.163859,47.490501],[7.131149,47.503656],[7.115183,47.495574],[7.079515,47.487944],[7.078107,47.491278],[7.044192,47.497727],[7.041884,47.497614],[7.027981,47.503611],[6.985255,47.493942],[6.994228,47.47009],[6.993031,47.466016],[7.002425,47.465116],[7.004059,47.45323],[6.983175,47.448864],[6.966521,47.436064],[6.960697,47.433847],[6.956072,47.435182],[6.942258,47.432406],[6.90937,47.383944],[6.898634,47.382221],[6.893614,47.377397],[6.886472,47.369953],[6.882825,47.351468],[6.908707,47.357859],[6.938355,47.356541],[6.976102,47.359424],[7.016236,47.371695],[7.019765,47.372231],[7.022089,47.369527],[7.03546,47.368328],[7.035779,47.36666],[7.037196,47.36197],[7.051645,47.359938],[7.051124,47.346895],[7.06328,47.342871],[7.055347,47.335956],[7.057971,47.333879],[7.038205,47.329423],[7.01232,47.323166],[7.017114,47.318282],[7.01202,47.30282],[6.999037,47.296194],[6.980322,47.29674],[6.976681,47.29203],[6.95337,47.292239],[6.952457,47.2914],[6.876278,47.186173],[6.871835,47.186671],[6.845366,47.17234],[6.858746,47.165944],[6.835101,47.146512],[6.743385,47.108716],[6.746815,47.091731],[6.745148,47.090677],[6.727727,47.091191],[6.705246,47.081964],[6.708107,47.073845],[6.694298,47.067596],[6.701712,47.039476],[6.676608,47.034191],[6.643967,47.002763],[6.594894,46.991128],[6.51055,46.966764],[6.50202,46.975143],[6.490415,46.967844],[6.475701,46.955718],[6.436142,46.928655],[6.205297,46.635108],[6.107886,46.575919],[6.132902,46.555884],[6.146684,46.559307],[6.068907,46.41689],[6.117641,46.397761],[6.120317,46.399253],[6.156251,46.378285],[6.163442,46.380038],[6.107586,46.239666],[6.096243,46.248398],[6.075151,46.244384],[6.0692,46.247858],[6.05258,46.233773],[6.040375,46.240715],[6.007625,46.223393],[6.00669,46.224633],[5.997535,46.224201],[5.999794,46.218491],[5.986229,46.220088],[5.978707,46.204025],[5.994274,46.172822],[5.989547,46.175473]],[[8.717041,47.691107],[8.689335,47.695778],[8.666362,47.685579],[8.661238,47.690952],[8.669593,47.691285],[8.681002,47.708906],[8.692145,47.709313],[8.691899,47.71182],[8.69968,47.713826],[8.702477,47.714319],[8.717041,47.691107]],[[8.969354,45.968383],[8.958844,45.969978],[8.964396,45.986532],[8.976281,45.975074],[8.969354,45.968383]]]},"properties":{"NAME":"","SUBJECTO":"","PARTOF":""}},
{"type":"Feature","geometry":{"type":"Polygon","coordinates":[[[7.284829794662926,45.90903764098719],[7.285996212353014,45.910847959679295],[7.285132,45.909736],[7.284829794662926,45.90903764098719]]]},"properties":{"NAME":"Switzerland","SUBJECTO":"Switzerland","PARTOF":"Switzerland"}},
{"type":"Feature","geometry":{"type":"Polygon","coordinates":[[[13.946682962981445,48.655101381257815],[12.700078997222167,47.69024618716602],[11.17034629305957,47.42449911685352],[9.665470719275044,47.55624011404333],[9.562566389092687,47.499934169728704],[9.575827,47.487268],[9.595561,47.466037],[9.606912,47.472302],[9.617856,47.461873],[9.658489,47.454753],[9.651527,47.443297],[9.645481,47.431616],[9.650748,47.407719],[9.67228,47.383309],[9.650729,47.368369],[9.622392,47.366807],[9.575726,47.309208],[9.565878,47.304897],[9.543474,47.27889],[9.530214,47.265974],[9.541474,47.260138],[9.601992,47.063962],[9.615835,47.05546],[9.6187022766104,47.05534350693346],[9.634738,47.054692],[9.680836,47.064679],[9.683082,47.060147],[9.707059,47.05666],[9.709181,47.052862],[9.704502,47.050655],[9.742211,47.04366],[9.745989,47.03941],[9.781335,47.041112],[9.856644,47.025703],[9.879889,47.020211],[9.870281,47.013938],[9.890853,46.990961],[9.870269,46.965395],[9.87592,46.952751],[9.874738,46.943902],[9.879231,46.942243],[9.87584,46.938242],[9.913924,46.925334],[9.97578,46.919208],[9.979425,46.909733],[10.011265,46.903818],[10.015608,46.905392],[10.049044,46.871034],[10.05529,46.865152],[10.091848,46.862866],[10.09057,46.855796],[10.097079,46.852203],[10.114491,46.850552],[10.145371,46.851397],[10.156313,46.848453],[10.193807,46.866855],[10.232793,46.866884],[10.227895,46.890769],[10.24177,46.932153],[10.297198,46.920638],[10.31659,46.925874],[10.322282,46.952358],[10.341181,46.978785],[10.349806,46.991332],[10.389544,47.001015],[10.427847,46.973842],[10.429256,46.956724],[10.456938,46.952404],[10.490053,46.93811],[10.465593289590338,46.885622801341],[10.472733123456957,46.87205118701986],[10.471865751259767,46.86670688265107],[12.074753794280273,46.92750509829883],[13.568899187651855,46.51042517276172],[16.25957396945117,46.888804994539065],[17.331217798796875,47.99467810244922],[16.9387865396416,48.66104467959766],[14.993143114653808,48.96778830142383],[13.946682962981445,48.655101381257815]]]},"properties":{"NAME":"Austria","SUBJECTO":"Austria","PARTOF":"Austria"}},
{"type":"Feature","geometry":{"type":"Polygon","coordinates":[[[9.530214,47.265974],[9.483764,47.05219],[9.491542,47.05957],[9.601992,47.063962],[9.541474,47.260138],[9.530214,47.265974]]]},"properties":{"NAME":"Liechtenstein","SUBJECTO":"Liechtenstein","PARTOF":"Liechtenstein"}},
{"type":"Feature","geometry":{"type":"MultiPolygon","coordinates":[[[[7.613209,47.579841],[7.654551,47.596236],[7.682757,47.593682],[7.699842,47.601505],[7.690802,47.567164],[7.6876,47.571975],[7.684893,47.566178],[7.679039,47.564045],[7.675957,47.566275],[7.639979,47.562632],[7.691075,47.533882],[7.713094,47.540523],[7.808267,47.565286],[7.828058,47.589213],[7.899672,47.586025],[7.919042,47.550241],[7.954808,47.54891],[7.968037,47.558053],[8.041789,47.553091],[8.076247,47.56346],[8.098574,47.557827],[8.118426,47.583707],[8.140957,47.584094],[8.217061,47.620657],[8.231248,47.60482],[8.258956,47.615595],[8.300633,47.604202],[8.313659,47.584033],[8.332394,47.570837],[8.387021,47.564773],[8.403226,47.576488],[8.428962,47.567546],[8.434611,47.565754],[8.4945,47.581803],[8.476276,47.60737],[8.481152,47.614898],[8.509169,47.617293],[8.510673,47.623912],[8.517064,47.623712],[8.522722,47.633831],[8.53983,47.631192],[8.539532,47.626884],[8.543319,47.628369],[8.544237,47.626086],[8.562793,47.617439],[8.571319,47.616976],[8.575346,47.610144],[8.566871,47.608885],[8.567126,47.599882],[8.567211,47.597127],[8.583837,47.59591],[8.594185,47.606085],[8.598471,47.604992],[8.597148,47.641377],[8.606097,47.651568],[8.615126,47.648527],[8.612323,47.642179],[8.602982,47.641199],[8.605649,47.637217],[8.631272,47.649878],[8.609365,47.671693],[8.600839,47.671871],[8.600052,47.669565],[8.568676,47.664281],[8.564251,47.669961],[8.540578,47.663622],[8.542459,47.657622],[8.534191,47.663537],[8.527479,47.660004],[8.531336,47.644849],[8.49551,47.646657],[8.495223,47.642062],[8.490941,47.642864],[8.473524,47.641474],[8.47997,47.639556],[8.476695,47.63831],[8.467104,47.642532],[8.414376,47.66674],[8.407313,47.674385],[8.418667,47.67914],[8.414745,47.695152],[8.442617,47.717073],[8.447961,47.723461],[8.458113,47.726187],[8.49253,47.772578],[8.51292,47.776013],[8.520732,47.771815],[8.555342,47.785477],[8.567076,47.778458],[8.578494,47.782337],[8.564517,47.793058],[8.565867,47.805415],[8.571772,47.808075],[8.579263,47.800138],[8.589044,47.801699],[8.589857,47.803144],[8.596377,47.79921],[8.60096,47.803286],[8.616842,47.800618],[8.62638,47.795574],[8.616825,47.785984],[8.61825,47.780837],[8.621115,47.76997],[8.634219,47.75923],[8.648523,47.766868],[8.64822,47.79355],[8.660423,47.8003],[8.677478,47.785586],[8.68087,47.786488],[8.688927,47.772525],[8.685986,47.770768],[8.694885,47.757102],[8.706726,47.761259],[8.715156,47.765376],[8.731078,47.760397],[8.729843,47.758661],[8.745458,47.748799],[8.722967,47.743948],[8.718039,47.720076],[8.736886,47.716852],[8.728134,47.692363],[8.797611,47.674788],[8.808047,47.736874],[8.813372,47.728325],[8.80703,47.72596],[8.821877,47.711489],[8.83629,47.715086],[8.851491,47.703197],[8.873641,47.704001],[8.869425,47.701949],[8.8772,47.697439],[8.872617,47.692801],[8.86494,47.693009],[8.867418,47.696477],[8.852523,47.695461],[8.858961,47.69352],[8.852436,47.680829],[8.87179,47.672997],[8.8648,47.657944],[9.100921224629866,47.702421832185856],[9.12427050641381,47.670700736835244],[9.502257340469352,47.64637098550931],[9.665470719275044,47.55624011404333],[11.17034629305957,47.42449911685352],[12.700078997222167,47.69024618716602],[13.946682962981445,48.655101381257815],[12.536298784819824,49.56257589908008],[12.2353592248833,50.24080618472461],[14.828880343047363,50.91691168399219],[14.280191454497558,53.61341818423633],[12.652518305388671,54.32142599673633],[11.407822641936523,53.859290681794924],[9.49598220309375,54.93829306216602],[8.616097483245117,54.88736303897266],[8.848478350249511,53.749679170564455],[7.159938845244628,53.16400106997852],[6.82461646517871,51.95638617129688],[5.999575647917968,50.74159964175586],[6.108513388243896,50.11745413394336],[6.433043036071044,49.445331178621096],[7.729077848998291,48.615619264558596],[7.585364537036662,47.577724842763196],[7.598232,47.590418],[7.613209,47.579841]],[[9.077613,47.670365],[9.054845796188834,47.6736562436196],[9.068923,47.674031],[9.077613,47.670365]]],[[[9.355948,47.581496],[9.38284244742272,47.56853706558146],[9.382401971062464,47.5712252392877],[9.313162,47.600855],[9.330694,47.590978],[9.355948,47.581496]]],[[[9.180812,47.651798],[9.190255839955304,47.649239417095984],[9.177931706890412,47.664332143247975],[9.158827974534468,47.66473161882741],[9.172038,47.654457],[9.182656,47.656258],[9.180812,47.651798]]],[[[9.138245,47.662948],[9.141206482812914,47.66510009947218],[9.099092,47.665687],[9.138245,47.662948]]],[[[8.907038,47.644289],[8.881858159304656,47.65129693688154],[8.884046,47.650306],[8.894682,47.644231],[8.907038,47.644289]]],[[[8.870206,47.652454],[8.859984,47.656957],[8.863334,47.655248],[8.870206,47.652454]]],[[[8.69968,47.713826],[8.691899,47.71182],[8.692145,47.709313],[8.681002,47.708906],[8.669593,47.691285],[8.661238,47.690952],[8.666362,47.685579],[8.689335,47.695778],[8.717041,47.691107],[8.702477,47.714319],[8.69968,47.713826]]]]},"properties":{"NAME":"Germany","SUBJECTO":"Germany","PARTOF":"Germany"}},
{"type":"Feature","geometry":{"type":"Polygon","coordinates":[[[8.928533573163223,45.88632747791201],[8.933662368444873,45.870385173072556],[8.926738304067575,45.89190787752244],[8.928533573163223,45.88632747791201]]]},"properties":{"NAME":"Italy","SUBJECTO":"Italy","PARTOF":"Italy"}},
{"type":"Feature","geometry":{"type":"Polygon","coordinates":[[[27.781387,35.890274],[28.063606,36.111931],[27.719719,36.1661],[27.781387,35.890274]]]},"properties":{"NAME":null,"SUBJECTO":null,"PARTOF":null}},
{"type":"Feature","geometry":{"type":"Polygon","coordinates":[[[14.562222,35.820274],[14.510277,35.925278],[14.374998,35.990829],[14.333055000000115,35.894997],[14.423887,35.818604],[14.562222,35.820274]]]},"properties":{"NAME":"Malta","SUBJECTO":"Malta","PARTOF":"Malta"}},
{"type":"Feature","geometry":{"type":"Polygon","coordinates":[[[-4.153334,53.225555],[-4.276945,53.398331],[-4.5675,53.273331],[-4.351389,53.124443],[-4.153334,53.225555]]]},"properties":{"NAME":null,"SUBJECTO":null,"PARTOF":null}},
{"type":"Feature","geometry":{"type":"Polygon","coordinates":[[[-5.103612,55.438606],[-5.154723,55.673332],[-5.400278,55.600555],[-5.103612,55.438606]]]},"properties":{"NAME":null,"SUBJECTO":null,"PARTOF":null}},
{"type":"Feature","geometry":{"type":"Polygon","coordinates":[[[-6.121667,55.878883],[-6.3275,55.589439],[-6.024723,55.68083200000012],[-6.121667,55.878883]]]},"properties":{"NAME":null,"SUBJECTO":null,"PARTOF":null}},
{"type":"Feature","geometry":{"type":"Polygon","coordinates":[[[-5.946945,55.829994],[-5.746112,56.06360600000011],[-5.968056,56.023605],[-6.078889,55.905548],[-5.946945,55.829994]]]},"properties":{"NAME":null,"SUBJECTO":null,"PARTOF":null}},
{"type":"Feature","geometry":{"type":"Polygon","coordinates":[[[-7.466945,56.940826],[-7.376112,56.978607],[-7.445556,57.05555],[-7.553612,56.966385],[-7.466945,56.940826]]]},"properties":{"NAME":null,"SUBJECTO":null,"PARTOF":null}},
{"type":"Feature","geometry":{"type":"Polygon","coordinates":[[[-7.223056,57.337494],[-7.425,57.382217],[-7.38139,57.108604],[-7.230278,57.09471900000011],[-7.223056,57.337494]]]},"properties":{"NAME":null,"SUBJECTO":null,"PARTOF":null}},
{"type":"Feature","geometry":{"type":"Polygon","coordinates":[[[-7.268889,57.39888800000011],[-7.204722,57.460831],[-7.351111,57.489441],[-7.388056,57.423882],[-7.268889,57.39888800000011]]]},"properties":{"NAME":null,"SUBJECTO":null,"PARTOF":null}},
{"type":"Feature","geometry":{"type":"Polygon","coordinates":[[[-7.188612,57.68721800000014],[-7.476945,57.562492],[-7.15389,57.509438],[-7.188612,57.68721800000014]]]},"properties":{"NAME":null,"SUBJECTO":null,"PARTOF":null}},
{"type":"Feature","geometry":{"type":"Polygon","coordinates":[[[-7.00639,57.881386000000134],[-6.993611,57.91861],[-7.073611,57.896111],[-7.00639,57.881386000000134]]]},"properties":{"NAME":null,"SUBJECTO":null,"PARTOF":null}},
{"type":"Feature","geometry":{"type":"Polygon","coordinates":[[[-6.802222,58.203049],[-6.794445,58.218048],[-6.854167,58.25],[-6.873056,58.206383],[-6.802222,58.203049]]]},"properties":{"NAME":null,"SUBJECTO":null,"PARTOF":null}},
{"type":"Feature","geometry":{"type":"Polygon","coordinates":[[[-6.204167,58.35611],[-7.031945,58.238052],[-6.473889,57.940277],[-6.204167,58.35611]]]},"properties":{"NAME":null,"SUBJECTO":null,"PARTOF":null}},
{"type":"Feature","geometry":{"type":"Polygon","coordinates":[[[-2.918334,58.731941],[-2.876667,58.820274],[-3.036945,58.818054],[-2.918334,58.731941]]]},"properties":{"NAME":null,"SUBJECTO":null,"PARTOF":null}},
{"type":"Feature","geometry":{"type":"Polygon","coordinates":[[[-3.231389,58.775551],[-3.136389,58.804161],[-3.335556,58.927498],[-3.431111,58.871384],[-3.231389,58.775551]]]},"properties":{"NAME":null,"SUBJECTO":null,"PARTOF":null}},
{"type":"Feature","geometry":{"type":"Polygon","coordinates":[[[-2.793056,58.951385],[-3.076945,59.121666],[-3.195,58.91111000000012],[-2.793056,58.951385]]]},"properties":{"NAME":null,"SUBJECTO":null,"PARTOF":null}},
{"type":"Feature","geometry":{"type":"Polygon","coordinates":[[[-2.681389,59.195831],[-2.620556,59.236107],[-2.495556,59.244995],[-2.414444,59.313606],[-2.592778,59.29055],[-2.681389,59.195831]]]},"properties":{"NAME":null,"SUBJECTO":null,"PARTOF":null}},
{"type":"Feature","geometry":{"type":"Polygon","coordinates":[[[-2.89,59.29527300000012],[-3.048889,59.329163],[-3.003334,59.263611],[-2.971945,59.287216],[-2.89,59.29527300000012]]]},"properties":{"NAME":null,"SUBJECTO":null,"PARTOF":null}},
{"type":"Feature","geometry":{"type":"Polygon","coordinates":[[[-1.296111,60.491104],[-1.320278,60.356384],[-1.655,60.226105],[-1.126111,60.151665],[-1.041389,60.446938],[-1.296111,60.491104]]]},"properties":{"NAME":null,"SUBJECTO":null,"PARTOF":null}},
{"type":"Feature","geometry":{"type":"Polygon","coordinates":[[[-1.029444,60.495827],[-0.991111,60.719994],[-1.177222,60.63666500000011],[-1.029444,60.495827]]]},"properties":{"NAME":null,"SUBJECTO":null,"PARTOF":null}},
{"type":"Feature","geometry":{"type":"Polygon","coordinates":[[[-0.819722,60.68888900000013],[-0.767778,60.82888800000012],[-0.938889,60.79444100000012],[-0.965556,60.688049],[-0.819722,60.68888900000013]]]},"properties":{"NAME":null,"SUBJECTO":null,"PARTOF":null}},
{"type":"Feature","geometry":{"type":"Polygon","coordinates":[[[-6.706944,61.937492000000134],[-6.718889,62.02861],[-7.192223,62.3077770000001],[-7.232223,62.172493],[-6.706944,61.937492000000134]]]},"properties":{"NAME":null,"SUBJECTO":null,"PARTOF":null}},
{"type":"Feature","geometry":{"type":"Polygon","coordinates":[[[-4.777779,54.05555],[-4.394444,54.186386],[-4.5275,54.367218],[-4.777779,54.05555]]]},"properties":{"NAME":null,"SUBJECTO":null,"PARTOF":null}},
{"type":"Feature","geometry":{"type":"Polygon","coordinates":[[[129.715515,28.451107],[129.157745,28.234993],[129.368561,28.116108],[129.715515,28.451107]]]},"properties":{"NAME":null,"SUBJECTO":null,"PARTOF":null}},
{"type":"Feature","geometry":{"type":"Polygon","coordinates":[[[129.963013,29.957218000000125],[129.94165,30],[129.92358400000012,29.983883],[129.963013,29.957218000000125]]]},"properties":{"NAME":null,"SUBJECTO":null,"PARTOF":null}},
{"type":"Feature","geometry":{"type":"Polygon","coordinates":[[[129.89636200000018,29.87416500000012],[129.877167,29.83083],[129.923309,29.824997],[129.89636200000018,29.87416500000012]]]},"properties":{"NAME":null,"SUBJECTO":null,"PARTOF":null}},
{"type":"Feature","geometry":{"type":"Polygon","coordinates":[[[130.906097,30.354717000000107],[131.074402,30.689163],[130.945251,30.683331000000123],[130.906097,30.354717000000107]]]},"properties":{"NAME":null,"SUBJECTO":null,"PARTOF":null}},
{"type":"Feature","geometry":{"type":"Polygon","coordinates":[[[130.558594,30.236382000000106],[130.671906,30.373329000000126],[130.510803,30.458885000000123],[130.387207,30.397217],[130.558594,30.236382000000106]]]},"properties":{"NAME":null,"SUBJECTO":null,"PARTOF":null}},
{"type":"Feature","geometry":{"type":"Polygon","coordinates":[[[121.734711,25.138885],[121.00166300000012,25.001663],[120.11554,23.631386],[120.328598,22.519444],[120.878593,22.341385000000116],[121.839706,24.476383000000112],[121.734711,25.138885]]]},"properties":{"NAME":"Taiwan","SUBJECTO":"Taiwan","PARTOF":null}},
{"type":"Feature","geometry":{"type":"Polygon","coordinates":[[[128.900818,32.643051],[128.649414,32.777771],[128.610229,32.61166400000013],[128.900818,32.643051]]]},"properties":{"NAME":null,"SUBJECTO":null,"PARTOF":null}},
{"type":"Feature","geometry":{"type":"Polygon","coordinates":[[[123.870819,24.252499],[123.92192100000011,24.371109],[123.767212,24.41444],[123.678864,24.316109],[123.870819,24.252499]]]},"properties":{"NAME":null,"SUBJECTO":null,"PARTOF":null}},
{"type":"Feature","geometry":{"type":"Polygon","coordinates":[[[125.356369,24.776665],[125.261932,24.878883],[125.252213,24.737774],[125.356369,24.776665]]]},"properties":{"NAME":null,"SUBJECTO":null,"PARTOF":null}},
{"type":"Feature","geometry":{"type":"Polygon","coordinates":[[[124.26165800000012,24.457497],[124.077766,24.419994],[124.121918,24.344997],[124.22971300000017,24.338329],[124.26165800000012,24.457497]]]},"properties":{"NAME":null,"SUBJECTO":null,"PARTOF":null}},
{"type":"Feature","geometry":{"type":"Polygon","coordinates":[[[128.252777,26.63888500000013],[128.247192,26.839996],[127.958878,26.544441],[128.252777,26.63888500000013]]]},"properties":{"NAME":null,"SUBJECTO":null,"PARTOF":null}},
{"type":"Feature","geometry":{"type":"Polygon","coordinates":[[[126.76193200000012,26.38694],[126.701927,26.348606],[126.781097,26.29833200000013],[126.8099820000001,26.346943],[126.76193200000012,26.38694]]]},"properties":{"NAME":null,"SUBJECTO":null,"PARTOF":null}},
{"type":"Feature","geometry":{"type":"Polygon","coordinates":[[[128.95108,27.67582700000014],[129.029968,27.774441000000138],[128.89886500000011,27.89777400000014],[128.89721700000018,27.725826],[128.95108,27.67582700000014]]]},"properties":{"NAME":null,"SUBJECTO":null,"PARTOF":null}},
{"type":"Feature","geometry":{"type":"Polygon","coordinates":[[[128.609131,27.358887],[128.69635000000017,27.4486050000001],[128.52359000000013,27.413609],[128.609131,27.358887]]]},"properties":{"NAME":null,"SUBJECTO":null,"PARTOF":null}},
{"type":"Feature","geometry":{"type":"Polygon","coordinates":[[[129.992188,28.281666],[130.0324710000001,28.35305],[129.943024,28.32222],[129.992188,28.281666]]]},"properties":{"NAME":null,"SUBJECTO":null,"PARTOF":null}},
{"type":"Feature","geometry":{"type":"Polygon","coordinates":[[[129.33609000000013,28.075275],[129.3402400000001,28.110828],[129.223846,28.183605],[129.219116,28.097775],[129.33609000000013,28.075275]]]},"properties":{"NAME":null,"SUBJECTO":null,"PARTOF":null}},
{"type":"Feature","geometry":{"type":"Polygon","coordinates":[[[129.733032,29.609718],[129.75332600000013,29.64777400000014],[129.70968600000015,29.651661],[129.733032,29.609718]]]},"properties":{"NAME":null,"SUBJECTO":null,"PARTOF":null}},
{"type":"Feature","geometry":{"type":"Polygon","coordinates":[[[8.969354,45.968383],[8.976281,45.975074],[8.964396,45.986532],[8.958844,45.969978],[8.969354,45.968383]]]},"properties":{"NAME":"Italy","SUBJECTO":"Italy","PARTOF":"Italy"}},
{"type":"Feature","geometry":{"type":"MultiPolygon","coordinates":[[[[7.03694862443205,45.93042834662081],[7.037211262339152,45.9299415774001],[7.046237933514695,45.932034294340845],[7.041289,45.948808],[6.917585,46.054782],[6.89613,46.043824],[6.876258,46.054467],[6.885557,46.09729],[6.903116,46.125445],[6.858636,46.260945],[6.863716,46.292272],[6.776061,46.362191],[6.809442,46.380232],[6.809147838242454,46.39368172924781],[6.27784874181629,46.35037762441313],[6.156029668489112,46.20846836495105],[6.154365,46.206936],[6.161295,46.206077],[6.247907,46.302622],[6.247252,46.305014],[6.248745,46.305552],[6.260501,46.291071],[6.268256,46.25307],[6.274345,46.249587],[6.303181,46.264913],[6.302087,46.259789],[6.303648,46.257093],[6.308471,46.256517],[6.310406,46.257475],[6.298336,46.224276],[6.251695,46.20688],[6.251128,46.205413],[6.242236,46.206777],[6.230334,46.201744],[6.228732,46.199535],[6.192721,46.178892],[6.182235,46.158844],[6.158831,46.152314],[6.153679,46.148185],[6.135114,46.140455],[6.105769,46.144173],[6.099565,46.152237],[6.083145,46.148906],[6.081313,46.150136],[6.059215,46.15174],[6.044494,46.135174],[6.030542,46.140944],[5.990733,46.142934],[5.977828,46.132121],[5.965616,46.128934],[5.962663,46.132651],[5.983307,46.16214],[5.989547,46.175473],[5.994274,46.172822],[5.978707,46.204025],[5.986229,46.220088],[5.999794,46.218491],[5.997535,46.224201],[6.00669,46.224633],[6.007625,46.223393],[6.040375,46.240715],[6.05258,46.233773],[6.0692,46.247858],[6.075151,46.244384],[6.096243,46.248398],[6.107586,46.239666],[6.163442,46.380038],[6.156251,46.378285],[6.120317,46.399253],[6.117641,46.397761],[6.068907,46.41689],[6.146684,46.559307],[6.132902,46.555884],[6.107886,46.575919],[6.205297,46.635108],[6.436142,46.928655],[6.475701,46.955718],[6.490415,46.967844],[6.50202,46.975143],[6.51055,46.966764],[6.594894,46.991128],[6.643967,47.002763],[6.676608,47.034191],[6.701712,47.039476],[6.694298,47.067596],[6.708107,47.073845],[6.705246,47.081964],[6.727727,47.091191],[6.745148,47.090677],[6.746815,47.091731],[6.743385,47.108716],[6.835101,47.146512],[6.858746,47.165944],[6.845366,47.17234],[6.871835,47.186671],[6.876278,47.186173],[6.952457,47.2914],[6.95337,47.292239],[6.976681,47.29203],[6.980322,47.29674],[6.999037,47.296194],[7.01202,47.30282],[7.017114,47.318282],[7.01232,47.323166],[7.038205,47.329423],[7.057971,47.333879],[7.055347,47.335956],[7.06328,47.342871],[7.051124,47.346895],[7.051645,47.359938],[7.037196,47.36197],[7.035779,47.36666],[7.03546,47.368328],[7.022089,47.369527],[7.019765,47.372231],[7.016236,47.371695],[6.976102,47.359424],[6.938355,47.356541],[6.908707,47.357859],[6.882825,47.351468],[6.886472,47.369953],[6.893614,47.377397],[6.898634,47.382221],[6.90937,47.383944],[6.942258,47.432406],[6.956072,47.435182],[6.960697,47.433847],[6.966521,47.436064],[6.983175,47.448864],[7.004059,47.45323],[7.002425,47.465116],[6.993031,47.466016],[6.994228,47.47009],[6.985255,47.493942],[7.027981,47.503611],[7.041884,47.497614],[7.044192,47.497727],[7.078107,47.491278],[7.079515,47.487944],[7.115183,47.495574],[7.131149,47.503656],[7.163859,47.490501],[7.20556,47.494573],[7.206964,47.490194],[7.195587,47.486828],[7.183229,47.462802],[7.196718,47.438841],[7.200422,47.43572],[7.229313,47.440899],[7.251825,47.423106],[7.28485,47.434539],[7.328665,47.440552],[7.385265,47.433832],[7.387726,47.432582],[7.458182,47.471742],[7.422789,47.479136],[7.436647,47.498025],[7.464198,47.488644],[7.473425,47.48009],[7.502271,47.519524],[7.526442,47.514406],[7.518777,47.532353],[7.512914,47.527764],[7.503209,47.527975],[7.499831,47.535382],[7.555836,47.563425],[7.568828,47.577813],[7.585018,47.577383],[7.585364537036662,47.577724842763196],[7.729077848998291,48.615619264558596],[6.433043036071044,49.445331178621096],[5.823500189391357,49.50710638614063],[2.875059876052124,50.68182333560352],[2.522131952849609,51.09112127871875],[0.032870042530281,49.33370550723438],[-1.891543593796509,49.526351533845705],[-3.954837766083497,47.90433844180469],[-2.004645553025025,47.04250296206836],[-1.075199690254944,46.01461752505664],[-1.561407771500367,43.524425111726565],[-1.914577808769959,43.3054157123125],[-0.611982133778351,42.73087652774219],[1.454372944795423,42.61290349092135],[1.481111,42.647217],[1.723611,42.509438],[1.912632004273085,42.45393734381684],[3.087081465331298,42.36864431949024],[4.078196081725341,43.48708685489063],[5.828570398894531,43.020816408113284],[7.552810225096923,43.867450319246096],[6.782917532531005,44.54787405581836],[7.03694862443205,45.93042834662081]]],[[[6.358736,46.462151],[6.354245795135136,46.46160046384986],[6.399523,46.460248],[6.386601,46.465029],[6.358736,46.462151]]],[[[6.866539,46.395577],[6.872439,46.393418],[6.887575519023547,46.39545537626506],[6.860532891338509,46.39567135854787],[6.857919770712584,46.38820405444768],[6.863911,46.387529],[6.86443,46.395461],[6.866539,46.395577]]]]},"properties":{"NAME":"France","SUBJECTO":"France","PARTOF":"France"}},
{"type":"Feature","geometry":{"type":"MultiPolygon","coordinates":[[[[15.472892794219238,38.110057435945315],[12.454147371855957,37.766009889558596],[15.027343782988769,36.74511679263477],[15.472892794219238,38.110057435945315]]],[[[9.306203875151855,41.18444784732227],[8.240707430449707,40.85533865542774],[8.696099314299804,38.99581106753711],[9.478920015898925,39.14415701480274],[9.793739351836425,40.56368216128711],[9.306203875151855,41.18444784732227]]],[[[7.200209,45.862198],[7.048637,45.923903],[7.046237933514695,45.932034294340845],[7.037211262339152,45.9299415774001],[7.03694862443205,45.93042834662081],[6.782917532531005,44.54787405581836],[7.552810225096923,43.867450319246096],[8.896585497466308,44.43718679995899],[9.909300837126953,44.110477052644534],[10.742755922881347,42.850509248689455],[12.641516718474609,41.53109701724414],[13.797006640044433,41.19344671817188],[15.666200670806152,40.091861329988284],[16.082562479583007,39.01247366519336],[17.084080729094726,40.52511175723438],[14.092769655791503,42.60952719302539],[13.600871119109375,43.53480490298633],[12.34507659396289,44.30104025454883],[12.176189455596191,45.21429022403125],[13.799984011260253,45.56637152285938],[13.568899187651855,46.51042517276172],[12.074753794280273,46.92750509829883],[10.471865751259767,46.86670688265107],[10.472733123456957,46.87205118701986],[10.465593289590338,46.885622801341],[10.465153,46.884678],[10.422609,46.790244],[10.427696,46.78886],[10.440511,46.776627],[10.440583,46.772657],[10.399777,46.736737],[10.405406,46.734296],[10.417163,46.722301],[10.415382,46.720362],[10.382756,46.685899],[10.384612,46.683868],[10.390891,46.674311],[10.389101,46.672164],[10.390699,46.660324],[10.39458,46.65396],[10.398334,46.645407],[10.39755,46.642294],[10.400395,46.641699],[10.449215,46.644621],[10.463382,46.635481],[10.484984,46.621445],[10.489358,46.621122],[10.491106,46.619927],[10.488983,46.614762],[10.292776,46.553553],[10.291183,46.554845],[10.291559,46.558908],[10.291754,46.562454],[10.291033,46.563098],[10.288684,46.564409],[10.28393,46.571521],[10.282574,46.574373],[10.27134,46.576527],[10.268363,46.577435],[10.251817,46.573766],[10.242358,46.577962],[10.246887,46.605626],[10.253901,46.614853],[10.24116,46.625707],[10.237453,46.629973],[10.235763,46.637949],[10.079844,46.575716],[10.084063,46.572384],[10.084842,46.56986],[10.076501,46.563577],[10.046181,46.53837],[10.051373,46.536374],[10.051612,46.535116],[10.049678,46.532758],[10.04155,46.509451],[10.04487,46.506348],[10.046207,46.502873],[10.045087,46.501645],[10.042862,46.481442],[10.045727,46.47835],[10.050188,46.470941],[10.051033,46.466746],[10.047577,46.461082],[10.044518,46.460316],[10.037816,46.45013],[10.039604,46.446645],[10.05516,46.443789],[10.055184,46.441283],[10.058048,46.43224],[10.063213,46.429931],[10.079795,46.429554],[10.079953,46.426731],[10.086252,46.425961],[10.128065,46.434916],[10.130368,46.432775],[10.136883,46.433249],[10.140403,46.431288],[10.142534,46.428733],[10.148163,46.418056],[10.150495,46.419359],[10.15908,46.419053],[10.165686,46.409814],[10.115042,46.317138],[10.117561,46.316349],[10.136971,46.307336],[10.136745,46.30588],[10.137088,46.303784],[10.145453,46.29962],[10.147842,46.299251],[10.152829,46.296733],[10.154314,46.293461],[10.161838,46.276162],[10.167639,46.274877],[10.171382,46.271656],[10.173879,46.267629],[10.046038,46.232482],[10.038753,46.234108],[10.052337,46.262093],[10.050942,46.270268],[10.002063,46.285874],[9.992098,46.288287],[9.992882,46.313429],[9.995879,46.316182],[9.980753,46.324032],[9.975957,46.327582],[9.991571,46.348013],[9.990572,46.352211],[9.979145,46.355803],[9.964783,46.364156],[9.951206,46.376353],[9.951578,46.377806],[9.915973,46.374084],[9.91261,46.373112],[9.903875,46.382798],[9.723704,46.341499],[9.725309,46.340319],[9.72704,46.33517],[9.718757,46.32834],[9.718004,46.32491],[9.721473,46.32505],[9.726342,46.322762],[9.726236,46.320363],[9.533098,46.313992],[9.514966,46.331123],[9.514878,46.33269],[9.512716,46.335129],[9.511266,46.336512],[9.50815,46.341473],[9.507527,46.34472],[9.498306,46.359079],[9.496854,46.360462],[9.496088,46.36392],[9.46182,46.377777],[9.46064,46.378424],[9.465551,46.39222],[9.465335,46.398277],[9.454696,46.419337],[9.453111,46.421243],[9.454589,46.432073],[9.45592,46.443009],[9.456241,46.458973],[9.456824,46.462303],[9.461403,46.475166],[9.460947,46.478932],[9.458768,46.488885],[9.459715,46.493774],[9.460061,46.50264],[9.459629,46.507032],[9.399925,46.470685],[9.395275,46.471494],[9.394429,46.473074],[9.378586,46.485446],[9.375316,46.486857],[9.373335,46.490438],[9.370518,46.491842],[9.369704,46.502397],[9.370437,46.505829],[9.27495,46.484617],[9.276683,46.482398],[9.278129,46.480601],[9.274537,46.46876],[9.275953,46.466128],[9.278304,46.464317],[9.275561,46.45935],[9.247712,46.448618],[9.248635,46.436184],[9.250327,46.432818],[9.263954,46.425613],[9.264306,46.422789],[9.270462,46.421962],[9.282441,46.411023],[9.281881,46.408006],[9.276867,46.398483],[9.277539,46.396176],[9.28432,46.387615],[9.281824,46.385254],[9.277089,46.379276],[9.277293,46.37228],[9.297012,46.35485],[9.296782,46.352662],[9.298631,46.349606],[9.298925,46.345218],[9.296442,46.34317],[9.295594,46.332121],[9.299406,46.329242],[9.294937,46.326391],[9.196584,46.192453],[9.19725,46.189938],[9.196628,46.189322],[9.072108,46.121635],[9.074565,46.118679],[9.086644,46.097637],[9.089068,46.093741],[9.016941,46.04841],[9.017068,46.047678],[9.016282,46.046436],[9.00956,46.04204],[9.007359,46.033617],[9.013228,46.029677],[9.021934,46.020584],[9.022856,46.010657],[9.026138,46.001429],[9.028089,45.996707],[8.994416,45.971388],[8.995727,45.970223],[9.013363,45.964976],[9.014206,45.96319],[9.012699,45.947976],[9.021369,45.943057],[9.021779,45.941799],[9.021535,45.938672],[9.020661,45.93451],[9.023496,45.934367],[9.059862,45.926455],[9.059089,45.92083],[9.066909,45.917694],[9.075705,45.912353],[9.075354,45.910688],[9.076219,45.904936],[9.080912,45.906957],[9.087184,45.902172],[9.083538,45.900241],[9.051982,45.860197],[9.052235,45.858733],[9.051914,45.858007],[9.051139,45.857078],[9.037121,45.842769],[9.037356,45.840678],[9.036711,45.839122],[9.031685,45.830843],[8.997109,45.826723],[8.992911,45.825945],[8.990758,45.828791],[8.99402,45.838139],[8.910998,45.835051],[8.910423,45.835789],[8.937499,45.869667],[8.944578,45.871871],[8.921735,45.897835],[8.921042,45.899722],[8.919871,45.900572],[8.923,45.905541],[8.918,45.913535],[8.914409,45.91859],[8.887271,45.960594],[8.880605,45.960311],[8.875402,45.962363],[8.863757,45.967613],[8.858902,45.970203],[8.790253,45.992621],[8.785326,45.992991],[8.828805,46.041315],[8.829115,46.047259],[8.830682,46.049849],[8.827729,46.051449],[8.852004,46.073906],[8.850786,46.078721],[8.800475,46.097163],[8.799712,46.09665],[8.782499,46.09758],[8.758584,46.106096],[8.7561,46.108628],[8.713004,46.098197],[8.697697,46.105202],[8.603008,46.140824],[8.595007,46.145285],[8.600465,46.154518],[8.601084,46.155347],[8.540107,46.201845],[8.535892,46.208458],[8.534062,46.214214],[8.531947,46.220703],[8.470181,46.23472],[8.466917,46.236835],[8.464588,46.240612],[8.464834,46.245409],[8.443452,46.251123],[8.44228,46.252698],[8.441623,46.257504],[8.443317,46.259576],[8.451246,46.265247],[8.455637,46.266775],[8.427884,46.301339],[8.427749,46.302175],[8.443503,46.322911],[8.454054,46.323656],[8.45379,46.325537],[8.459471,46.331122],[8.464221,46.335255],[8.461873,46.353431],[8.46146,46.355418],[8.46398,46.360926],[8.470971,46.363996],[8.467269,46.367158],[8.465829,46.37051],[8.466775,46.380101],[8.464037,46.386386],[8.46212,46.388489],[8.467258,46.396688],[8.470153,46.398228],[8.463481,46.403816],[8.464536,46.41132],[8.467136,46.413176],[8.462726,46.418849],[8.460644,46.420328],[8.457286,46.425887],[8.457476,46.427868],[8.457183,46.435905],[8.457051,46.436845],[8.460128,46.439845],[8.463319,46.440965],[8.462692,46.447335],[8.461384,46.449851],[8.461578,46.452041],[8.406643,46.459596],[8.404009,46.455965],[8.399947,46.456624],[8.396753,46.455293],[8.393994,46.45302],[8.38947,46.45316],[8.319584,46.425732],[8.316252,46.424922],[8.311879,46.424954],[8.310532,46.42559],[8.307074,46.426241],[8.306157,46.425518],[8.297821,46.4141],[8.292792,46.410902],[8.295311,46.408275],[8.319866,46.398393],[8.318289,46.394335],[8.317188,46.39163],[8.319732,46.390568],[8.318312,46.386926],[8.315848,46.383814],[8.264406,46.361851],[8.267099,46.360685],[8.267347,46.357449],[8.26731,46.355153],[8.25317,46.346799],[8.252647,46.342316],[8.243147,46.341441],[8.224635,46.332277],[8.226112,46.33039],[8.226376,46.327988],[8.22468,46.325391],[8.083869,46.260703],[8.088049,46.258385],[8.102742,46.255384],[8.103912,46.252873],[8.108134,46.253893],[8.139525,46.230134],[8.141135,46.226995],[8.148879,46.211299],[8.15096,46.209721],[8.168426,46.181237],[8.166903,46.179681],[8.118215,46.13072],[8.11765,46.122063],[8.115958,46.118838],[8.113694,46.117703],[8.036575,46.100269],[8.035615,46.095057],[8.032196,46.08464],[8.025965,46.077054],[8.034878,46.044981],[8.032918,46.043843],[8.016031,46.033387],[8.019127,46.029199],[8.019559,46.027736],[8.0191,46.026903],[8.0144,46.021501],[8.01572,46.019199],[8.01463,46.015448],[8.013568,46.014097],[8.002614,46.011332],[8.00049,46.008733],[7.997129,46.002384],[7.992752,45.998857],[7.908201,45.995351],[7.908188,45.99389],[7.906369,45.991289],[7.903819,45.990464],[7.89718,45.984125],[7.896553,45.980997],[7.894007,45.980485],[7.880819,45.977195],[7.883124,45.967275],[7.879962,45.964782],[7.87258,45.940813],[7.874358,45.939033],[7.878599,45.928481],[7.877083,45.925878],[7.54964,45.985405],[7.549634,45.98311],[7.545738,45.979669],[7.545875,45.974662],[7.549287,45.963601],[7.544343,45.959118],[7.499951,45.960179],[7.498454,45.958719],[7.495763,45.958302],[7.476921,45.951001],[7.47662,45.948602],[7.477505,45.93796],[7.476159,45.93723],[7.290785,45.918613],[7.288556,45.913915],[7.286918,45.912034],[7.285996212353014,45.910847959679295],[7.284829794662926,45.90903764098719],[7.284093,45.907335],[7.282755,45.904933],[7.281115,45.903887],[7.205666,45.877755],[7.203738,45.87483],[7.205413,45.866697],[7.200209,45.862198]]]]},"properties":{"NAME":"Italy","SUBJECTO":"Italy","PARTOF":"Italy"}},
{"type":"Feature","geometry":{"type":"Polygon","coordinates":[[[-170.74942,-14.373888],[-170.637268,-14.289446],[-170.681671,-14.258059],[-170.795013,-14.298058],[-170.74942,-14.373888]]]},"properties":{"NAME":"American Samoa","SUBJECTO":"American Samoa","PARTOF":"American Samoa"}},
{"type":"Feature","geometry":{"type":"Polygon","coordinates":[[[178.693298,-18.025002],[178.170532,-17.342499],[177.510254,-17.509445],[177.86413600000014,-18.263889],[178.693298,-18.025002]]]},"properties":{"NAME":"Fiji","SUBJECTO":"Fiji","PARTOF":"Fiji"}},
{"type":"Feature","geometry":{"type":"Polygon","coordinates":[[[-169.89389,-19.145557],[-169.781708,-19.062778],[-169.884766,-18.963333],[-169.953064,-19.070278],[-169.89389,-19.145557]]]},"properties":{"NAME":"Niue","SUBJECTO":"Niue","PARTOF":"Niue"}},
{"type":"Feature","geometry":{"type":"Polygon","coordinates":[[[-175.123322,-21.134998],[-175.186401,-21.252785],[-175.118042,-21.260284],[-175.051697,-21.161671],[-175.123322,-21.134998]]]},"properties":{"NAME":"Tonga","SUBJECTO":"Tonga","PARTOF":"Tonga"}},
{"type":"Feature","geometry":{"type":"Polygon","coordinates":[[[-178.042511,-14.319447],[-178.129974,-14.246944],[-178.134216,-14.31778],[-178.042511,-14.319447]]]},"properties":{"NAME":"Wallis and Futuna Islands","SUBJECTO":"Wallis and Futuna Islands","PARTOF":"Wallis and Futuna Islands"}},
{"type":"Feature","geometry":{"type":"Polygon","coordinates":[[[-172.285858,-13.486387],[-172.779724,-13.539722],[-172.532501,-13.800835],[-172.210541,-13.805281],[-172.285858,-13.486387]]]},"properties":{"NAME":"Samoa","SUBJECTO":"Samoa","PARTOF":"Samoa"}},
{"type":"Feature","geometry":{"type":"Polygon","coordinates":[[[-109.241386,-27.133057],[-109.365837,-27.063335],[-109.42778,-27.201946],[-109.241386,-27.133057]]]},"properties":{"NAME":"Rapa Nui","SUBJECTO":"Chile","PARTOF":"Rapa Nui"}},
{"type":"Feature","geometry":{"type":"Polygon","coordinates":[[[114.02923402719802,22.508457822712955],[114.32911931029123,22.272308319943782],[114.30903130089744,22.553519333285553],[114.02923402719802,22.508457822712955]]]},"properties":{"NAME":"Hong Kong","SUBJECTO":"United Kingdom","PARTOF":null}},
{"type":"Feature","geometry":{"type":"Polygon","coordinates":[[[127.068047,38.259995],[128.26961771441506,38.42048735938179],[128.279694,38.43027500000011],[128.312744,38.51416],[128.313599,38.531937],[128.36355600000013,38.625244],[127.44079879244921,39.62365683169727],[129.7595665696344,40.885779823913026],[129.82471755465625,41.861365877107424],[130.43509963473437,42.27675970645313],[130.22588637789843,42.65130194278125],[128.09849074801562,41.44936331363086],[126.47417739352343,41.651507936433596],[125.87949660739062,40.945026002839846],[124.13388350924609,39.843143068269534],[125.39759881555155,39.37634162815059],[124.73619368991015,38.2797809466875],[125.33733478737015,37.68153678582816],[126.36683750247411,37.687986388578764],[127.06023042684792,38.255226094519315],[127.068047,38.259995]]]},"properties":{"NAME":"Korea, Democratic People's Republic of","SUBJECTO":"Korea, Democratic People's Republic of","PARTOF":"Korea, Democratic People's Republic of"}},
{"type":"Feature","geometry":{"type":"Polygon","coordinates":[[[126.36683750247411,37.687986388578764],[126.371368,34.789162],[128.451904,34.845543],[129.43942300000015,35.475822],[129.342468,37.257217],[128.36355600000013,38.625244],[128.313599,38.531937],[128.312744,38.51416],[128.279694,38.43027500000011],[128.26961771441506,38.42048735938179],[127.068047,38.259995],[127.06023042684792,38.255226094519315],[126.36683750247411,37.687986388578764]]]},"properties":{"NAME":"Korea, Republic of","SUBJECTO":"Korea, Republic of","PARTOF":"Korea, Republic of"}},
{"type":"Feature","geometry":{"type":"Polygon","coordinates":[[[1.723611,42.509438],[1.481111,42.647217],[1.445833,42.601944],[1.718889,42.503052],[1.723611,42.509438]]]},"properties":{"NAME":"Andorra","SUBJECTO":"Andorra","PARTOF":"Andorra"}}
]}