{"type":"FeatureCollection", "features": [
{"type":"Feature","geometry":{"type":"Polygon","coordinates":[[[120.62239364097859,21.92519911404314],[120.7246427864864,21.988931261259935],[120.78197768638874,22.34474142666521],[121.1824064583614,23.037910066801928],[121.32531264732624,23.40023764248552],[121.59270766685749,24.645675264555834],[121.78051284263874,24.900125108916185],[121.4288664192989,25.134364687163256],[120.85697463463093,24.8092532980031],[120.26632216881062,23.975986086089037],[120.02075484703327,23.619784914214037],[120.1134367317989,22.641852937895678],[120.62239364097859,21.92519911404314]]]},"properties":{"NAME":null,"SUBJECTO":null,"PARTOF":null}},
{"type":"Feature","geometry":{"type":"MultiPolygon","coordinates":[[[[120.36362746666218,14.530945383269213],[121.24220565269734,15.30783327694597],[122.39557937095906,17.114329897124193],[122.02781203697468,18.00917204495134],[120.3930769295528,18.04379232998552],[120.30344680259968,16.41746290798845],[119.77184585045124,15.469834886748217],[120.36362746666218,14.530945383269213]]],[[[126.04523757408406,6.608192526060961],[126.27187636802937,8.425783716399096],[125.93394759605671,9.174750887114428],[123.46498397300984,7.790728651244066],[124.22405532310749,6.089605890471361],[126.04523757408406,6.608192526060961]]]]},"properties":{"NAME":null,"SUBJECTO":null,"PARTOF":null}},
{"type":"Feature","geometry":{"type":"MultiPolygon","coordinates":[[[[175.30768874595904,-37.32097665194807],[174.21686843345904,-35.336765683930494],[173.16649917076373,-35.420879758637525],[174.7646589608028,-37.296543515961744],[174.65473464439654,-38.983257688325025],[176.0114393563106,-41.255344785492994],[178.40819838951373,-38.771152890961744],[175.30768874595904,-37.32097665194807]]],[[[172.06266311119342,-43.92314187411604],[174.23354628990435,-42.01123467807112],[173.26403335045123,-41.543674863617994],[171.45835402916217,-41.99285165194807],[171.0240583748653,-42.886883176606275],[168.4157362313106,-44.2209095132762],[166.52276137779498,-46.23272363070784],[169.3993025154903,-46.70957223300276],[170.61156753013873,-45.946060575287916],[172.06266311119342,-43.92314187411604]]]]},"properties":{"NAME":null,"SUBJECTO":null,"PARTOF":null}},
{"type":"Feature","geometry":{"type":"Polygon","coordinates":[[[-24.2188501029179,65.5337406026906],[-21.95479675819134,65.37804754849138],[-22.372910466687433,63.773185335356615],[-18.64186379005169,63.323817812163256],[-14.821200337903253,64.19502600308122],[-13.646900144116632,65.49534186001482],[-16.922141042248956,65.97755011196794],[-24.2188501029179,65.5337406026906]]]},"properties":{"NAME":null,"SUBJECTO":null,"PARTOF":null}},
{"type":"Feature","geometry":{"type":"MultiPolygon","coordinates":[[[[146.7127333016231,-43.721809781830885],[147.8153181404903,-42.96535149936018],[148.26952651451373,-41.09258309726057],[146.3822126717403,-41.30834618930159],[144.7761335701778,-40.84276238803206],[145.72265151451373,-43.24016610507307],[146.7127333016231,-43.721809781830885]]],[[[142.33755019615435,-10.91538277987776],[141.67852309654498,-12.467817701142408],[141.71129897545123,-15.226692594330885],[140.80094436119342,-17.561829007905104],[139.24831679771685,-17.431642926972486],[135.38805678795123,-14.896969236176588],[135.8308973641231,-13.484774030488111],[136.66369155357623,-12.624820150178053],[133.55918410728717,-11.951347745698072],[130.46349624107623,-12.758938230317213],[129.1964216561153,-14.992895520966627],[127.96256545494343,-14.703128255646803],[126.8534269661739,-13.783772863190748],[124.42450240562702,-15.657898343842604],[124.27727034996296,-16.5227836740428],[122.73833754966999,-16.58328477267561],[122.19645217369343,-18.243687070649244],[120.87214950035359,-19.676941312592604],[117.59692672203327,-20.75833360080061],[116.41879561851765,-20.83712235812483],[113.62543014000202,-22.56592980746565],[113.43258956383015,-24.874161161225416],[114.18252089927937,-26.0170406473094],[113.43298629234577,-26.572010434907057],[114.63039687584187,-28.90295831088362],[115.74726394127156,-32.20761147860823],[115.04692367027546,-34.42245522860823],[116.56097701500202,-35.18929711703596],[118.20707992027546,-35.090340055268385],[119.77148726890827,-34.12017098788557],[123.62303451011921,-33.915073789399244],[124.24838546226765,-33.1441272867137],[126.05894759605671,-32.43436471347151],[129.1853895516231,-31.798204816620924],[131.2801618904903,-31.634849942963697],[133.83703139732623,-32.34197274569807],[135.52807143638873,-35.054886258881666],[137.45717910240435,-33.31413308505354],[139.36791518638873,-35.614273465912916],[140.01201919029498,-37.64163247470198],[140.6521864266231,-38.16391030673323],[143.36480239341998,-38.96973077182112],[144.96982863853717,-38.0657581460887],[145.93387893150592,-38.881470121186354],[148.0369978279903,-38.09787026767073],[149.50414565513873,-37.928848661225416],[150.22150710533404,-35.694107450287916],[151.36449721763873,-33.52090112094221],[152.97185805748248,-31.418175138276197],[153.4934950203731,-28.840868390839674],[152.94622329185748,-27.340992368500807],[153.06907180259967,-26.227749265473463],[150.7544050545528,-22.811520017426588],[149.55675795982623,-22.432550824921705],[149.10148147056842,-21.06012383822737],[148.1904402108028,-20.171909726899244],[146.32175734947467,-19.082291044037916],[145.1843366951778,-15.047596372407057],[143.7431745858028,-14.465823568146803],[143.17309096763873,-12.12133923892317],[142.33755019615435,-10.91538277987776]]]]},"properties":{"NAME":"Australian aboriginal hunter-gatherers","SUBJECTO":"Australian aboriginal hunter-gatherers","PARTOF":"Australian aboriginal hunter-gatherers"}},
{"type":"Feature","geometry":{"type":"MultiPolygon","coordinates":[[[[-39.69494684817376,65.18696970170159],[-34.433060613171804,66.38395269985857],[-32.9560212760136,67.64102514858904],[-26.963623967663995,68.50170477505388],[-22.732329335705987,69.7740741598195],[-27.606051412122003,71.06815680142107],[-25.291254964368097,71.5688968526906],[-24.07642075111126,73.75567206021013],[-20.329588857190362,73.41964300747576],[-19.19354721595501,75.44353827114763],[-21.18268295814251,76.69747503872576],[-18.25337502052044,77.30013617153826],[-20.87882896949505,78.8179202901906],[-14.201948133008234,81.2101322042531],[-22.05288025428509,81.53975256558122],[-22.432360616223566,82.74334295864763],[-32.513173070447195,83.57699926968279],[-49.64758774329876,82.47806128140154],[-61.1224145560429,81.79757269497576],[-62.81141255638844,81.15595684596342],[-63.35819002201287,78.2356337190557],[-62.44868119723538,76.33836403843989],[-58.635662999646414,75.7932620870656],[-54.73041245033001,73.03760107632341],[-55.62637039710735,71.73035009976091],[-51.72012421180462,71.58955725308122],[-50.572628942029226,69.86625250454607],[-50.53911897259658,67.48805571153352],[-49.472532842377866,67.03273287353856],[-49.06240794677684,64.7863184095137],[-46.15809589644378,60.937403792612976],[-43.578778234021414,59.935687624174975],[-44.25808774116473,61.869878095613615],[-43.84796284556369,64.20612586086018],[-42.793355971161034,65.40311483729091],[-39.69494684817376,65.18696970170159]]],[[[-50.53911897259658,67.48805571153352],[-50.93936249305462,67.52581366177263],[-50.53911897259659,67.48805571153352],[-50.53911897259658,67.48805571153352]]]]},"properties":{"NAME":null,"SUBJECTO":null,"PARTOF":null}},
{"type":"Feature","geometry":{"type":"MultiPolygon","coordinates":[[[[-73.11150833656048,-72.7494625223094],[-70.0207185416386,-72.6721920144969],[-68.39805313636516,-71.12679711703596],[-72.10699936439251,-71.04952660922346],[-75.27505966712688,-71.66768304232893],[-73.11150833656048,-72.7494625223094]]],[[[-102.55128189613079,-72.13130608920393],[-97.14239975501751,-72.6721920144969],[-97.21967026283001,-71.82222405795393],[-102.55128189613079,-72.13130608920393]]],[[[-55.18492981483196,-80.94006005648909],[-44.83078476478313,-80.32190362338362],[-44.2126245169804,-78.39015618686018],[-48.84880920936321,-78.08107415561018],[-55.18492981483196,-80.94006005648909]]],[[[169.76938918541217,-83.41788903598128],[159.3153944344356,-80.02740899447737],[163.64298537681842,-78.66061059359846],[162.34563735435748,-75.1068843973094],[164.6162214608028,-74.17193261508284],[168.97468093345904,-73.2389415872508],[170.72912124107623,-71.90427819613753],[167.63463881920123,-70.86511651400862],[160.59853652427935,-70.22093621615706],[157.30686477134967,-69.15642968539534],[151.09345534752154,-68.88582269076643],[146.8754530281856,-67.99737969760237],[145.5856581063106,-67.2234844339305],[141.15749648521685,-66.72243157748518],[134.20519545982623,-66.18008843783674],[130.2721052498653,-66.25291863803206],[129.00962356041217,-67.02982751254378],[122.45820907066609,-66.64516106967268],[118.28564742515827,-67.0701412332469],[113.01485732506062,-65.76308099154768],[109.40372756431843,-66.71026269320784],[102.63083938072468,-65.92616692904768],[99.65426162193562,-66.54946557406721],[90.85488418052937,-66.60652581576643],[81.81432631920124,-67.3019527566844],[78.2599211067989,-68.38373223666487],[76.86905959556843,-69.3109630716258],[72.54195693443562,-70.23820153598128],[70.30113509605671,-72.01540795687971],[67.36488631675984,-71.70632592562971],[68.95107558677937,-69.88906518344221],[69.37389663170124,-67.84283868197737],[56.62694838951374,-66.94232598666487],[55.14159301231648,-65.96285668734846],[52.45182326744343,-65.98836175326643],[47.30508330772663,-67.77486077670393],[44.79703811119343,-67.74518243197737],[39.64714339683796,-68.93355981234846],[38.332049402697336,-70.02947656039534],[33.54134276817585,-68.5421642435008],[32.74804213951374,-69.34959832553206],[23.707478556139716,-70.58591882113753],[17.6031713814571,-70.08366052035628],[8.48534110496784,-70.08366052035628],[0.681093785269507,-71.31997338656721],[-7.200421777264825,-70.894993222993],[-11.141175237195245,-71.59042016391096],[-11.828483548657648,-72.32257501010237],[-16.39551827003216,-73.44488946322737],[-14.450941052930109,-74.0646480691844],[-18.4045304923222,-75.68571130160628],[-23.581604924695245,-75.91752282504378],[-33.1630525260136,-77.38564721469221],[-36.40837952186321,-79.16285363559065],[-29.567681279675714,-79.2243160379344],[-28.91321846534466,-80.47643700961409],[-38.031048741833914,-80.94006005648909],[-43.82627960731243,-81.79002801303206],[-60.20745941688274,-82.33091393832503],[-74.88871475745891,-80.70824853305159],[-76.58865067054485,-79.39465752963362],[-74.50236984779094,-78.08107415561018],[-78.59766098548626,-76.61294976596174],[-70.56160446693157,-76.69022027377424],[-64.45729538490032,-75.68571130160628],[-60.825619664685476,-72.7494625223094],[-61.675587621228445,-70.8177227151805],[-65.38453384925579,-67.34058038119612],[-61.134694066540945,-64.86795464877424],[-62.91190430213665,-64.71340600375471],[-66.85265823890423,-66.79969445590315],[-67.08446976234173,-68.65416375521956],[-68.78439804603313,-69.81321374301253],[-67.08446976234173,-71.82222405795393],[-67.6253556876347,-72.7494625223094],[-81.76572128822063,-74.02441064242659],[-88.56545731116985,-73.25171319369612],[-99.7881974845097,-72.99776116732893],[-105.6420793204472,-75.0675548685008],[-110.55704971839641,-75.30289117221174],[-113.23789688636516,-74.32137719516096],[-128.97754379798627,-74.9130138528758],[-134.77277084876752,-74.64256707553206],[-146.67230698158002,-76.1106914651805],[-146.1458635001347,-77.45652428988753],[-154.1674699454472,-77.11520043734846],[-158.18549057533002,-77.81062737826643],[-154.5538224845097,-79.1242183816844],[-148.60405441810346,-79.66510430697737],[-145.66779038001752,-80.51507226352034],[-152.08118149329877,-82.60135308627424],[-153.30974289466596,-83.94192925814924],[-148.7585801749394,-85.07398644809065],[-180,-84.3223156106883],[-180,-85.3223156106883],[-180,-86.3223156106883],[-180,-87.3223156106883],[-180,-88.3223156106883],[-180,-89.3223156106883],[-180,-90],[-179.20366379310346,-90],[-178.20366379310346,-90],[-177.20366379310346,-90],[-176.20366379310346,-90],[-175.20366379310346,-90],[-174.20366379310346,-90],[-173.20366379310346,-90],[-172.20366379310346,-90],[-171.20366379310346,-90],[-170.20366379310346,-90],[-169.20366379310346,-90],[-168.20366379310346,-90],[-167.20366379310346,-90],[-166.20366379310346,-90],[-165.20366379310346,-90],[-164.20366379310346,-90],[-163.20366379310346,-90],[-162.20366379310346,-90],[-161.20366379310346,-90],[-160.20366379310346,-90],[-159.20366379310346,-90],[-158.20366379310346,-90],[-157.20366379310346,-90],[-156.20366379310346,-90],[-155.20366379310346,-90],[-154.20366379310346,-90],[-153.20366379310346,-90],[-152.20366379310346,-90],[-151.20366379310346,-90],[-150.20366379310346,-90],[-149.20366379310346,-90],[-148.20366379310346,-90],[-147.20366379310346,-90],[-146.20366379310346,-90],[-145.20366379310346,-90],[-144.20366379310346,-90],[-143.20366379310346,-90],[-142.20366379310346,-90],[-141.20366379310346,-90],[-140.20366379310346,-90],[-139.20366379310346,-90],[-138.20366379310346,-90],[-137.20366379310346,-90],[-136.20366379310346,-90],[-135.20366379310346,-90],[-134.20366379310346,-90],[-133.20366379310346,-90],[-132.20366379310346,-90],[-131.20366379310346,-90],[-130.20366379310346,-90],[-129.20366379310346,-90],[-128.20366379310346,-90],[-127.20366379310344,-90],[-126.20366379310344,-90],[-125.20366379310344,-90],[-124.20366379310344,-90],[-123.20366379310344,-90],[-122.20366379310344,-90],[-121.20366379310344,-90],[-120.20366379310344,-90],[-119.20366379310344,-90],[-118.20366379310344,-90],[-117.20366379310344,-90],[-116.20366379310344,-90],[-115.20366379310344,-90],[-114.20366379310344,-90],[-113.20366379310344,-90],[-112.20366379310344,-90],[-111.20366379310344,-90],[-110.20366379310344,-90],[-109.20366379310344,-90],[-108.20366379310344,-90],[-107.20366379310344,-90],[-106.20366379310344,-90],[-105.20366379310344,-90],[-104.20366379310344,-90],[-103.20366379310344,-90],[-102.20366379310344,-90],[-101.20366379310344,-90],[-100.20366379310344,-90],[-99.20366379310344,-90],[-98.20366379310344,-90],[-97.20366379310344,-90],[-96.20366379310344,-90],[-95.20366379310344,-90],[-94.20366379310344,-90],[-93.20366379310344,-90],[-92.20366379310344,-90],[-91.20366379310344,-90],[-90.20366379310344,-90],[-89.20366379310344,-90],[-88.20366379310344,-90],[-87.20366379310344,-90],[-86.20366379310344,-90],[-85.20366379310344,-90],[-84.20366379310344,-90],[-83.20366379310344,-90],[-82.20366379310344,-90],[-81.20366379310344,-90],[-80.20366379310344,-90],[-79.20366379310344,-90],[-78.20366379310344,-90],[-77.20366379310344,-90],[-76.20366379310344,-90],[-75.20366379310344,-90],[-74.20366379310344,-90],[-73.20366379310344,-90],[-72.20366379310344,-90],[-71.20366379310344,-90],[-70.20366379310344,-90],[-69.20366379310344,-90],[-68.20366379310344,-90],[-67.20366379310344,-90],[-66.20366379310344,-90],[-65.20366379310344,-90],[-64.20366379310344,-90],[-63.203663793103445,-90],[-62.203663793103445,-90],[-61.203663793103445,-90],[-60.203663793103445,-90],[-59.203663793103445,-90],[-58.203663793103445,-90],[-57.203663793103445,-90],[-56.203663793103445,-90],[-55.203663793103445,-90],[-54.203663793103445,-90],[-53.203663793103445,-90],[-52.203663793103445,-90],[-51.203663793103445,-90],[-50.203663793103445,-90],[-49.203663793103445,-90],[-48.203663793103445,-90],[-47.203663793103445,-90],[-46.203663793103445,-90],[-45.203663793103445,-90],[-44.203663793103445,-90],[-43.203663793103445,-90],[-42.203663793103445,-90],[-41.203663793103445,-90],[-40.203663793103445,-90],[-39.203663793103445,-90],[-38.203663793103445,-90],[-37.203663793103445,-90],[-36.203663793103445,-90],[-35.203663793103445,-90],[-34.203663793103445,-90],[-33.203663793103445,-90],[-32.203663793103445,-90],[-31.20366379310345,-90],[-30.20366379310345,-90],[-29.20366379310345,-90],[-28.20366379310345,-90],[-27.20366379310345,-90],[-26.20366379310345,-90],[-25.20366379310345,-90],[-24.20366379310345,-90],[-23.20366379310345,-90],[-22.20366379310345,-90],[-21.20366379310345,-90],[-20.20366379310345,-90],[-19.20366379310345,-90],[-18.20366379310345,-90],[-17.20366379310345,-90],[-16.20366379310345,-90],[-15.203663793103448,-90],[-14.203663793103448,-90],[-13.203663793103448,-90],[-12.203663793103448,-90],[-11.203663793103448,-90],[-10.203663793103448,-90],[-9.203663793103448,-90],[-8.203663793103448,-90],[-7.203663793103448,-90],[-6.203663793103448,-90],[-5.203663793103448,-90],[-4.203663793103448,-90],[-3.203663793103448,-90],[-2.203663793103448,-90],[-1.203663793103448,-90],[-0.203663793103448,-90],[0.778056177599677,-90],[1.778056177599677,-90],[2.778056177599677,-90],[3.778056177599677,-90],[4.778056177599677,-90],[5.778056177599677,-90],[6.778056177599677,-90],[7.778056177599677,-90],[8.778056177599677,-90],[9.778056177599677,-90],[10.778056177599677,-90],[11.778056177599677,-90],[12.778056177599677,-90],[13.778056177599677,-90],[14.778056177599677,-90],[15.778056177599677,-90],[16.778056177599677,-90],[17.778056177599677,-90],[18.778056177599677,-90],[19.778056177599677,-90],[20.778056177599677,-90],[21.778056177599677,-90],[22.778056177599677,-90],[23.778056177599677,-90],[24.778056177599677,-90],[25.778056177599677,-90],[26.778056177599677,-90],[27.778056177599677,-90],[28.778056177599677,-90],[29.778056177599677,-90],[30.778056177599677,-90],[31.778056177599677,-90],[32.77805617759968,-90],[33.77805617759968,-90],[34.77805617759968,-90],[35.77805617759968,-90],[36.77805617759968,-90],[37.77805617759968,-90],[38.77805617759968,-90],[39.77805617759968,-90],[40.77805617759968,-90],[41.77805617759968,-90],[42.77805617759968,-90],[43.77805617759968,-90],[44.77805617759968,-90],[45.77805617759968,-90],[46.77805617759968,-90],[47.77805617759968,-90],[48.77805617759968,-90],[49.77805617759968,-90],[50.77805617759968,-90],[51.77805617759968,-90],[52.77805617759968,-90],[53.77805617759968,-90],[54.77805617759968,-90],[55.77805617759968,-90],[56.77805617759968,-90],[57.77805617759968,-90],[58.77805617759968,-90],[59.77805617759968,-90],[60.77805617759968,-90],[61.77805617759968,-90],[62.77805617759968,-90],[63.77805617759968,-90],[64.77805617759968,-90],[65.77805617759968,-90],[66.77805617759968,-90],[67.77805617759968,-90],[68.77805617759968,-90],[69.77805617759968,-90],[70.77805617759968,-90],[71.77805617759968,-90],[72.77805617759968,-90],[73.77805617759968,-90],[74.77805617759968,-90],[75.77805617759968,-90],[76.77805617759968,-90],[77.77805617759968,-90],[78.77805617759968,-90],[79.77805617759968,-90],[80.77805617759968,-90],[81.77805617759968,-90],[82.77805617759968,-90],[83.77805617759968,-90],[84.77805617759968,-90],[85.77805617759968,-90],[86.77805617759968,-90],[87.77805617759968,-90],[88.77805617759968,-90],[89.77805617759968,-90],[89.79633620689656,-90],[90.77805617759968,-90],[91.77805617759968,-90],[92.77805617759968,-90],[93.77805617759968,-90],[94.77805617759968,-90],[95.77805617759968,-90],[96.77805617759968,-90],[97.77805617759968,-90],[98.77805617759968,-90],[99.77805617759968,-90],[100.77805617759968,-90],[101.77805617759968,-90],[102.77805617759968,-90],[103.77805617759968,-90],[104.77805617759968,-90],[105.77805617759968,-90],[106.77805617759968,-90],[107.77805617759968,-90],[108.77805617759968,-90],[109.77805617759968,-90],[110.77805617759968,-90],[111.77805617759968,-90],[112.77805617759968,-90],[113.77805617759968,-90],[114.77805617759968,-90],[115.77805617759968,-90],[116.77805617759968,-90],[117.77805617759968,-90],[118.77805617759968,-90],[119.77805617759968,-90],[120.77805617759968,-90],[121.77805617759968,-90],[122.77805617759968,-90],[123.77805617759968,-90],[124.77805617759968,-90],[125.77805617759968,-90],[126.77805617759968,-90],[127.77805617759968,-90],[128.77805617759967,-90],[129.77805617759967,-90],[130.77805617759967,-90],[131.77805617759967,-90],[132.77805617759967,-90],[133.77805617759967,-90],[134.77805617759967,-90],[135.77805617759967,-90],[136.77805617759967,-90],[137.77805617759967,-90],[138.77805617759967,-90],[139.77805617759967,-90],[140.77805617759967,-90],[141.77805617759967,-90],[142.77805617759967,-90],[143.77805617759967,-90],[144.77805617759967,-90],[145.77805617759967,-90],[146.77805617759967,-90],[147.77805617759967,-90],[148.77805617759967,-90],[149.77805617759967,-90],[150.77805617759967,-90],[151.77805617759967,-90],[152.77805617759967,-90],[153.77805617759967,-90],[154.77805617759967,-90],[155.77805617759967,-90],[156.77805617759967,-90],[157.77805617759967,-90],[158.77805617759967,-90],[159.77805617759967,-90],[160.77805617759967,-90],[161.77805617759967,-90],[162.77805617759967,-90],[163.77805617759967,-90],[164.77805617759967,-90],[165.77805617759967,-90],[166.77805617759967,-90],[167.77805617759967,-90],[168.77805617759967,-90],[169.77805617759967,-90],[170.77805617759967,-90],[171.77805617759967,-90],[172.77805617759967,-90],[173.77805617759967,-90],[174.77805617759967,-90],[175.77805617759967,-90],[176.77805617759967,-90],[177.77805617759967,-90],[178.77805617759967,-90],[180,-90],[180,-89.31921807650862],[180,-88.31921807650862],[180,-87.31921807650862],[180,-86.31921807650862],[180,-85.31921807650862],[180,-84.34037438754378],[169.76938918541217,-83.41788903598128]]]]},"properties":{"NAME":null,"SUBJECTO":null,"PARTOF":null}},
{"type":"Feature","geometry":{"type":"MultiPolygon","coordinates":[[[[140.86977675865435,-2.794752515595533],[137.85431960533404,-1.613961375992872],[136.2708845467403,-2.418122447770216],[135.24643996666217,-3.538871921341993],[134.28306106041217,-2.854586995881178],[133.9073133797481,-1.006078935902693],[132.25400832603717,-0.52669767264662],[131.21142104576373,-1.024637974541761],[132.7187147469356,-2.934237636368849],[132.71282485435748,-3.887547172349073],[134.04062941978717,-3.948230661194899],[137.82358840416217,-5.427235997956373],[139.1561384529903,-7.725116647523024],[140.94761184166217,-9.273864187043287],[142.60740188072467,-9.376576818268873],[144.37983230064654,-7.758321679871656],[145.81963637779498,-8.098442472260572],[146.64609816978717,-9.278875745576002],[147.8736219734981,-10.178817189972975],[149.78336623619342,-10.40988961581526],[149.82990554283404,-9.710580266755201],[148.5887098641231,-9.160280622284986],[146.9091444344356,-6.894825376313307],[147.37649062584185,-6.124768174927809],[143.44550612877154,-3.610096133988478],[140.86977675865435,-2.794752515595533]]],[[[149.5541639656856,-6.406063951294996],[152.0586805672481,-5.498135484498121],[151.58762649009967,-4.901724733155348],[149.5541639656856,-6.406063951294996]]],[[[120.43191054771687,0.636000238615892],[119.91373732994343,0.539560459811113],[118.6836042733028,-2.901070750992872],[119.46113112877156,-3.808197892945387],[119.4768400521114,-5.80376807574568],[120.24806502769734,-5.586007512848951],[120.14419082115437,-3.075864232819654],[121.87277511070515,-4.959664739411451],[122.64091018150593,-4.284319795411207],[122.25816634605671,-3.211096681397535],[119.87274459312702,-0.464555866759397],[120.43191054771687,0.636000238615892]]]]},"properties":{"NAME":null,"SUBJECTO":null,"PARTOF":null}},
{"type":"Feature","geometry":{"type":"Polygon","coordinates":[[[13.252219233019598,79.8007312643117],[11.760330233080634,78.88018377896013],[15.098876032336005,77.11526831265154],[19.115822824938544,78.45454748745622],[17.83405402611042,79.80945166226091],[13.252219233019598,79.8007312643117]]]},"properties":{"NAME":null,"SUBJECTO":null,"PARTOF":null}},
{"type":"Feature","geometry":{"type":"Polygon","coordinates":[[[80.5628996224239,5.931666456419848],[81.86616805504109,7.08456143017473],[80.66241744468952,9.299456201750658],[79.67463210533406,8.80493029232683],[79.85409072349812,7.061153494078539],[80.5628996224239,5.931666456419848]]]},"properties":{"NAME":"Simhala","SUBJECTO":"Simhala","PARTOF":"Simhala"}},
{"type":"Feature","geometry":{"type":"Polygon","coordinates":[[[-100.49357439234822,20.899943654742394],[-100.75496856910725,19.588321153783404],[-99.14153364950319,18.923884107507348],[-98.48284713375817,19.802132795167363],[-99.10686593814819,20.58628340914953],[-100.49357439234822,20.899943654742394]]]},"properties":{"NAME":"Teotihuacán","SUBJECTO":"Teotihuacán","PARTOF":"Teotihuacán"}},
{"type":"Feature","geometry":{"type":"Polygon","coordinates":[[[-99.21086907221319,17.71051421008232],[-99.01583000809292,16.823658789314106],[-96.43745216381312,16.219802621817283],[-95.43208853451809,17.433172519242312],[-97.06147096820312,18.057191323632324],[-99.21086907221319,17.71051421008232]]]},"properties":{"NAME":"Monte Albán","SUBJECTO":"Monte Albán","PARTOF":"Monte Albán"}},
{"type":"Feature","geometry":{"type":"Polygon","coordinates":[[[-87.57061478187298,15.908048235136889],[-88.66434189368938,15.725766740996264],[-87.87709518958782,18.380864702422045],[-87.20057388831829,21.528873048979662],[-90.27753159095501,21.141408525664232],[-90.93481155921673,19.38150557156267],[-92.93793796133433,18.586177051054726],[-93.58785745357416,15.741059799706633],[-91.5157136588261,14.058868013579271],[-90.10501819365646,13.752979928891033],[-88.24292813890945,14.835837236778428],[-87.57061478187298,15.908048235136889]]]},"properties":{"NAME":"Maya chiefdoms and states","SUBJECTO":"Maya chiefdoms and states","PARTOF":"Maya chiefdoms and states"}},
{"type":"Feature","geometry":{"type":"Polygon","coordinates":[[[-58.13945099403118,48.59906729336443],[-56.0789460807011,47.865218721587084],[-52.72859665443157,47.45452459927263],[-54.12957855750774,48.83571585293474],[-57.35559937049602,50.59522970791521],[-58.13945099403118,48.59906729336443]]]},"properties":{"NAME":null,"SUBJECTO":null,"PARTOF":null}},
{"type":"Feature","geometry":{"type":"Polygon","coordinates":[[[56.96043685386921,73.35708960171404],[60.88701919029499,75.24749334927263],[59.01763060997273,75.79893072720232],[54.01755050133015,73.73358496304216],[56.96043685386921,73.35708960171404]]]},"properties":{"NAME":null,"SUBJECTO":null,"PARTOF":null}},
{"type":"Feature","geometry":{"type":"MultiPolygon","coordinates":[[[[-75.92493912269329,82.51744421597185],[-78.69849106361126,83.00252112026872],[-90.5033845572636,82.00650366421404],[-82.7907380728886,80.69738348599138],[-78.32092758704876,80.965358339507],[-75.92493912269329,82.51744421597185]]],[[[-104.62044428584238,71.09253252294585],[-105.31259628822063,72.65014227505388],[-111.72553726722454,72.33058508511247],[-114.64695450355266,73.3548847066945],[-117.21970840980266,72.85729559536638],[-110.34678520373127,71.19655506982303],[-104.62044428584238,71.09253252294585]]],[[[-89.2720842032597,80.38938482876482],[-96.43336960365032,79.9334216939992],[-92.70153519202923,78.43416937466326],[-86.99668594886516,79.44534643765154],[-89.2720842032597,80.38938482876482]]],[[[-123.49339005042766,74.44630011196794],[-117.685761580263,73.21545873829851],[-117.33621689368938,74.16727789517107],[-123.49339005042766,74.44630011196794]]],[[[-116.06982132484173,76.26353033657732],[-117.39662643958782,75.40709265347185],[-112.20279404212688,74.49975927944841],[-111.38564011146282,75.65990790005388],[-116.06982132484173,76.26353033657732]]],[[[-110.60444351722454,27.856137834746264],[-109.13188644935344,26.288686357695482],[-105.53994461585735,22.284598909575365],[-104.94791122962688,19.437839113432787],[-103.49393936683391,18.353892885405443],[-97.88092514564251,16.052028261382006],[-96.33293625404094,15.750238977629564],[-95.13016983558391,16.29946859951677],[-93.58785745357416,15.741059799706633],[-92.93793796133433,18.586177051054726],[-94.24197098304485,18.240150057036303],[-96.01226517249798,18.92925604458513],[-97.50419327308391,21.189153276640795],[-97.88202377845501,22.33262213345232],[-97.82193741595154,24.14289165269257],[-100.35731453230613,23.969822801072763],[-104.22420640511586,25.115656057798073],[-107.5637948407243,27.76457612510461],[-109.93666030813027,28.204353485407555],[-110.60444351722454,27.856137834746264]],[[-100.49357439234822,20.899943654742394],[-99.10686593814819,20.58628340914953],[-98.48284713375817,19.802132795167363],[-99.14153364950319,18.923884107507348],[-100.75496856910725,19.588321153783404],[-100.49357439234822,20.899943654742394]],[[-99.21086907221319,17.71051421008232],[-97.06147096820312,18.057191323632324],[-95.43208853451809,17.433172519242312],[-96.43745216381312,16.219802621817283],[-99.01583000809292,16.823658789314106],[-99.21086907221319,17.71051421008232]]],[[[-119.78493210365032,34.45920523281755],[-120.13217009553428,34.518639095266465],[-120.20444199134563,34.53100927944841],[-119.78493210365032,34.45920523281755]]],[[[-97.11536881019329,28.10694845791521],[-97.20648541578431,28.073580382344584],[-97.44714829017376,27.985446535307787],[-97.11536881019329,28.10694845791521]]]]},"properties":{"NAME":null,"SUBJECTO":null,"PARTOF":null}},
{"type":"Feature","geometry":{"type":"Polygon","coordinates":[[[42.40844253013874,13.175496660429857],[40.739138636095774,14.919243417937182],[39.517928156359446,15.46304854031267],[38.30499949882727,15.057687952559606],[37.80425671953651,14.223116653741668],[38.30499949882727,13.221631095160145],[42.40844253013874,13.175496660429857]]]},"properties":{"NAME":"Damot","SUBJECTO":"Damot","PARTOF":"Damot"}},
{"type":"Feature","geometry":{"type":"Polygon","coordinates":[[[34.55125236699957,20.183338169133883],[33.345321283718846,23.354044941061307],[33.3453212836059,23.354044941297275],[31.0578537920065,22.68126038494451],[29.846841590571525,20.124679070804007],[30.267855513278224,15.536480721828159],[31.0578537920065,13.127719684735261],[32.87901205431842,12.47057777574944],[35.3839999529645,12.80434544575118],[35.829265993318884,14.223975271975576],[35.969181053381675,15.482465631969934],[35.22911804139363,18.509996135557373],[34.55125236699957,20.183338169133883]]]},"properties":{"NAME":"Meroe","SUBJECTO":"Meroe","PARTOF":"Meroe"}},
{"type":"Feature","geometry":{"type":"Polygon","coordinates":[[[8.576292070849188,3.066532455641649],[8.827178987963446,3.611938320357226],[8.478118929369696,3.557397686201952],[8.576292070849188,3.066532455641649]]]},"properties":{"NAME":null,"SUBJECTO":null,"PARTOF":null}},
{"type":"Feature","geometry":{"type":"MultiPolygon","coordinates":[[[[130.5793104500606,30.906545244414232],[131.31928542564654,31.51120527859392],[131.66982558677935,33.308532320219896],[130.42656997154498,33.67417105313005],[129.34337905357623,33.15138968105974],[130.5793104500606,30.906545244414232]]],[[[136.61693862388873,34.759601198393725],[138.1490583748653,34.5278812276906],[140.3166151375606,35.03381689663591],[140.87221816490435,37.91744955654802],[141.99811843345904,39.671989046294115],[141.1525526375606,40.865417085844896],[139.91515639732623,40.57495459194841],[140.03008559654498,39.48317679043474],[139.19793227623248,37.92043264980974],[135.15697768638873,35.646468721587084],[132.6628523201778,35.38062628384294],[130.89904311607623,33.90366705532732],[134.42731765220904,34.62817724819841],[135.75567153404498,33.34231527920427],[136.61693862388873,34.759601198393725]]]]},"properties":{"NAME":null,"SUBJECTO":null,"PARTOF":null}},
{"type":"Feature","geometry":{"type":"MultiPolygon","coordinates":[[[[-80.23865738536159,-3.477803205286776],[-80.22890945960735,-3.471247113984205],[-80.3715715079472,-3.567196286957838],[-80.23865738536159,-3.477803205286776]]],[[[-80.96610733558391,-1.033107079308607],[-80.80300613929485,-1.325063265603163],[-80.87031861604711,-1.204571850152081],[-80.96610733558391,-1.033107079308607]]],[[[-90.10501819365646,13.752979928891033],[-87.94866653968548,13.171761118132494],[-86.01414200355266,11.367618166167162],[-85.77779099036907,10.138352953154467],[-83.61494156409954,9.151563249785326],[-82.95613571693157,8.256755434233568],[-81.6642732291386,8.16464766140642],[-80.81377121497844,7.270063482481859],[-79.71689316322063,8.883091531950853],[-78.50551315833782,8.685937486845873],[-78.54664449118769,8.746009004013658],[-79.50042435218548,9.638376795012377],[-80.96249863197063,8.864939295012377],[-82.22958847572063,9.046509348112963],[-83.91412827064251,11.251382433134935],[-83.31351944495891,14.767507158476732],[-84.65045639564251,15.933375917632006],[-87.57061478187298,15.908048235136889],[-88.24292813890945,14.835837236778428],[-90.10501819365646,13.752979928891033]]],[[[-71.181697710123,9.277051023594622],[-71.09831711341594,9.327861391264818],[-71.28671738197063,9.213054262358568],[-71.181697710123,9.277051023594622]]],[[[-70.18984695960735,-19.75962869052229],[-70.11244675208782,-20.693352140229322],[-70.14768773668087,-20.268219769660544],[-70.18984695960735,-19.75962869052229]]],[[[-76.23803421546673,-13.502021230500318],[-76.23820969154094,-13.908625997346022],[-76.23806263671051,-13.567877577331435],[-76.23803421546673,-13.502021230500318]]],[[[-69.11474151787864,-51.35236245613261],[-69.07692429115032,-51.49934808139143],[-69.16695114661907,-51.14943734530745],[-69.11474151787864,-51.35236245613261]]],[[[-52.14362427283977,-31.747351087372877],[-52.04218765784954,-31.556572355073072],[-52.14021349238029,-31.740936200871825],[-52.14362427283977,-31.747351087372877]]],[[[-48.796904749948716,-28.475548314302703],[-48.85215473085459,-28.563025096783424],[-48.72837921668743,-28.367052472870924],[-48.796904749948716,-28.475548314302703]]]]},"properties":{"NAME":null,"SUBJECTO":null,"PARTOF":null}},
{"type":"Feature","geometry":{"type":"Polygon","coordinates":[[[49.71286300133015,14.773288332182787],[48.99728849540267,17.60657485679373],[47.70150620905419,17.425768026140453],[45.43285726632067,17.774790940407147],[44.69468195027504,15.53326403811869],[43.05326369713093,14.60650786038103],[43.84059050987507,12.663913332182787],[44.963572535021555,12.825172029692553],[48.96038726280476,14.21889742489519],[49.71286300133015,14.773288332182787]]]},"properties":{"NAME":"Qataban","SUBJECTO":"Qataban","PARTOF":"Qataban"}},
{"type":"Feature","geometry":{"type":"Polygon","coordinates":[[[49.71286300133015,14.773288332182787],[52.135169062121165,15.687059961516283],[52.894324335558665,16.60995253201189],[54.91061309288288,16.97005995388689],[55.290408167345774,17.676099382597826],[53.61561810455328,18.140922298600017],[48.99728849540267,17.60657485679373],[49.71286300133015,14.773288332182787]]]},"properties":{"NAME":"Hadramaut","SUBJECTO":"Hadramaut","PARTOF":"Hadramaut"}},
{"type":"Feature","geometry":{"type":"Polygon","coordinates":[[[74.42143634905956,14.375454284217641],[75.21094039390827,12.10236796017351],[76.70353225181843,8.706356607634447],[77.89976027916218,8.257814966399096],[79.82626632164265,10.358728014189623],[79.92280868004109,12.10616263027849],[77.90801347851091,11.964889576407401],[76.8786746914788,11.34728630418814],[75.64346814704028,13.543209049856628],[74.42143634905956,14.375454284217641]]]},"properties":{"NAME":"Hindu kingdoms","SUBJECTO":"Hindu kingdoms","PARTOF":"Hindu kingdoms"}},
{"type":"Feature","geometry":{"type":"MultiPolygon","coordinates":[[[[99.85836318443562,2.904411159712694],[98.14550307701374,4.069854341704271],[97.38407424400593,5.180140577513598],[95.5609236092403,4.534462534148119],[96.72036269615437,3.704589210707567],[97.59714797447468,2.251384102064989],[98.60055068443562,1.707089506346605],[100.81207564781452,-2.336048044007399],[102.46222976158406,-4.181821740906813],[104.56848433922077,-6.071165479462721],[105.72847274254109,-5.827141679566481],[105.94282058189656,-3.214655078690626],[103.23762038658406,-0.659467495720961],[102.47178176353718,0.622509859759234],[99.85836318443562,2.904411159712694]]],[[[110.96831038902546,1.225523196417711],[109.28236678550984,1.882722817618273],[108.81431106041218,0.807816826064013],[109.17891982506062,-0.869010366242506],[109.94090560386921,-1.642648614686109],[110.1023054451778,-3.078540958207228],[112.79538253258015,-2.971020854752638],[114.7124128670528,-4.206153310578443],[115.56814101646687,-3.803909934800245],[117.04563430259968,-0.934580959122755],[117.53428939293171,0.610662959772966],[118.51726058433796,1.165625892836474],[117.07397750328327,3.507199846465014],[119.04260543297077,5.169805132109545],[116.59562972496296,6.899092756468676],[114.87784865806843,4.855816923338793],[113.81483748863484,4.262612425047777],[112.75924972008015,3.008589826781176],[111.37182906578327,2.598927341658495],[110.96831038902546,1.225523196417711]]],[[[112.67842391441609,-7.718775666993238],[112.2747907967403,-7.026889718812086],[108.55577376793171,-6.920526422303297],[106.94509414146687,-6.0259837282115],[105.63347152183796,-6.755237497132399],[106.48369887779499,-7.503360189240553],[109.03720382164265,-7.720286763947584],[110.77773574302937,-8.320307172577955],[112.41435531090046,-8.488374151032545],[112.67842391441609,-7.718775666993238]]]]},"properties":{"NAME":null,"SUBJECTO":null,"PARTOF":null}},
{"type":"Feature","geometry":{"type":"Polygon","coordinates":[[[37.774050745470774,44.74454077358904],[39.24776420223017,45.96094747394891],[40.31999210538861,48.23943176816061],[37.77345083538732,48.64151723184502],[35.21237472008015,46.63714178677263],[37.970171961291086,46.441283785063646],[37.774050745470774,44.74454077358904]]]},"properties":{"NAME":"Bosporan Kingdom","SUBJECTO":"Bosporan Kingdom","PARTOF":"Bosporan Kingdom"}},
{"type":"Feature","geometry":{"type":"Polygon","coordinates":[[[11.215296665692112,43.40794092928731],[10.339434099672971,45.02491797424572],[8.671724352343329,44.417403780180834],[9.909300837023505,44.11047705288591],[11.10476306389118,42.54908331509294],[11.215296665692112,43.40794092928731]]]},"properties":{"NAME":"Greek city-states","SUBJECTO":"Greek city-states","PARTOF":"Greek city-states"}},
{"type":"Feature","geometry":{"type":"MultiPolygon","coordinates":[[[[-0.16062503744816,39.8860240804738],[-3.337496738933601,39.230750229811406],[-7.227823701398126,37.225856386382006],[-5.660587277905694,36.00800665493669],[-4.446585622327081,36.72201880093279],[-2.238797393338434,36.72839697476091],[0.172570082648047,38.73834570522966],[-0.16062503744816,39.8860240804738]]],[[[8.417174372179755,39.212203584868334],[9.478920015795477,39.144157015044115],[9.793739351732977,40.56368216152849],[8.240707430346259,40.855338655669115],[8.417174372179755,39.212203584868334]]],[[[19.124539408190497,30.19894369717302],[15.84332564781452,31.28500326748552],[15.009786638720282,32.3634410726613],[12.564756426317938,32.73963888760271],[10.019480738146552,34.081473909575365],[11.125108751757391,35.24060782070818],[10.132734331591376,37.10474737759294],[5.144465002520331,36.66767843838396],[1.057602915270575,36.46185644741716],[-2.035251822964899,35.05456884976091],[-4.59297749091839,35.15118750210466],[-5.928758588330499,35.72785910244646],[-6.75297447730755,34.123351656157396],[-4.01123717433294,33.301834398297224],[-1.585771606895321,33.23446035475729],[3.399907615059783,34.4471931384761],[7.509724270995751,34.4471931384761],[10.002563881973302,32.42597183227809],[13.438640102509929,31.145865005019342],[18.828563585704636,29.798384134220665],[19.124539408190497,30.19894369717302]]]]},"properties":{"NAME":"Carthaginian Empire","SUBJECTO":"Carthaginian Empire","PARTOF":"Carthaginian Empire"}},
{"type":"Feature","geometry":{"type":"Polygon","coordinates":[[[45.196936640246165,-16.0374263894969],[44.45442870567585,-16.242399610322096],[43.97164824913288,-17.552675641816236],[44.47033599327351,-20.17013780001936],[43.50102523277546,-21.49418679599104],[43.67141250084187,-24.226787961762525],[44.425330194933665,-25.31205026034651],[45.576182398302805,-25.62107697848616],[47.25847915123249,-24.765831388276197],[48.087378534777415,-22.04376069430647],[49.34185317466999,-18.227621473115065],[49.42470839927937,-17.197809613984205],[50.503340754015696,-15.314229406159498],[49.81718734215046,-12.83071366671858],[48.75133803795124,-13.417710698884108],[46.92456725548054,-15.360046781342604],[45.196936640246165,-16.0374263894969]]]},"properties":{"NAME":null,"SUBJECTO":null,"PARTOF":null}},
{"type":"Feature","geometry":{"type":"Polygon","coordinates":[[[16.420268091662177,41.2787242757863],[15.940538153775282,41.047196159789685],[14.89867118309284,40.24145849819841],[16.420268091662177,41.2787242757863]]]},"properties":{"NAME":"Greek city-states","SUBJECTO":"Greek city-states","PARTOF":"Greek city-states"}},
{"type":"Feature","geometry":{"type":"Polygon","coordinates":[[[41.05768490276161,32.89477824606016],[37.21482009784175,32.68891048865375],[35.771098633933235,31.639616172219235],[36.80587587990826,30.316586303487384],[39.150966551977774,26.246866086032853],[37.21826842735554,25.166631303984545],[39.1021948189571,22.400445543486498],[39.16673949669148,21.218801103789232],[40.69382003258015,19.868707262236498],[41.628558191759836,18.047204576689623],[43.794690438823835,18.659795065914338],[45.43285726632067,17.774790940407147],[47.70150620905419,17.425768026140453],[48.99728849540267,17.60657485679373],[53.61561810455328,18.140922298600017],[55.290408167345774,17.676099382597826],[57.83862975548054,19.03480681057634],[59.837283167345774,22.279178224760912],[58.62849334190632,23.4582954275197],[57.146197351916086,23.9824710714406],[56.01545623253132,25.771625124174975],[54.34709838341023,24.154452882964037],[51.58590224693562,24.003221117216967],[50.77828124473835,24.47092970486345],[49.93686202476765,25.955783449370287],[50.12176421592976,26.737586580473803],[48.85502150963093,27.522691332060717],[47.61403945396687,29.272241197783373],[41.94977851818943,32.20855238803876],[41.05768490276161,32.89477824606016]]]},"properties":{"NAME":null,"SUBJECTO":null,"PARTOF":null}},
{"type":"Feature","geometry":{"type":"Polygon","coordinates":[[[43.05326369713093,14.60650786038103],[44.69468195027504,15.53326403811869],[45.43285726632067,17.774790940407147],[43.794690438823835,18.659795065914338],[41.628558191759836,18.047204576689623],[42.76366332481648,16.64545591946306],[43.05326369713093,14.60650786038103]]]},"properties":{"NAME":"Saba","SUBJECTO":"Saba","PARTOF":"Saba"}},
{"type":"Feature","geometry":{"type":"Polygon","coordinates":[[[83.68471816490437,18.08344992275896],[84.24602878096378,21.364403651581753],[83.15291382686108,21.706002074738848],[82.60635634980973,23.209035136630064],[81.10332328791851,23.277354821261483],[80.69340518013,22.320879236421618],[80.62508549549858,20.134649328216213],[79.05373274897595,18.904895004850676],[75.9793469405621,19.79305090505912],[75.91102725593068,20.681206805267568],[78.30221621803034,21.50104302084459],[77.89229811024182,22.047600497895942],[75.22783040961649,21.296083966950334],[74.33967450940806,21.706002074738848],[73.11286452720906,20.827090822417162],[72.75949386070515,20.057649217802904],[73.06422713707234,18.031716905791185],[73.84143355797077,15.390475832182787],[74.42143634905956,14.375454284217641],[75.64346814704028,13.543209049856628],[76.8786746914788,11.34728630418814],[77.90801347851091,11.964889576407401],[79.92280868004109,12.10616263027849],[80.31345656822468,13.104481302458666],[80.08940413902546,15.175155245024584],[83.68471816490437,18.08344992275896]]]},"properties":{"NAME":"Hindu kingdoms and republics","SUBJECTO":"Hindu kingdoms and republics","PARTOF":"Hindu kingdoms and republics"}},
{"type":"Feature","geometry":{"type":"Polygon","coordinates":[[[107.03595603111278,40.703682305064106],[106.79812210121196,39.13943355405494],[106.04327365738841,37.56111408060572],[104.73944452714774,36.60039787937575],[103.62026602801377,34.038722648024674],[101.65142816605145,29.532271541755307],[102.13178626666642,28.02257465410822],[105.23202996267236,27.999323375317164],[107.1331231324891,28.674609907143573],[109.11439398680024,30.177642969034785],[109.66095146385159,32.158913823345934],[107.54304124027762,32.705471300397285],[109.45599240995735,34.618422470077014],[107.88463966343471,37.4878492245966],[110.20750894090294,40.56223503301045],[107.03595603111278,40.703682305064106]]]},"properties":{"NAME":"Qin","SUBJECTO":"Qin","PARTOF":"Qin"}},
{"type":"Feature","geometry":{"type":"Polygon","coordinates":[[[117.17611677330767,25.25862567557263],[118.47419078130463,26.62501936820101],[119.60071090172077,26.692800127226732],[121.35852340172077,28.3856635915822],[121.77031997154499,29.834281526762865],[121.60595992515827,31.827626787382982],[120.66086104820515,32.543117128569506],[119.97359755943562,34.13522299404802],[119.02086165855671,34.6919322835988],[120.13933852623249,36.19480093594255],[121.84669784019734,36.86017569180193],[120.6581144661739,37.73646505947771],[119.59885695884968,37.11661871548357],[117.58946517418171,38.28448065396013],[121.01060775230671,40.85068091030779],[122.10791305015827,40.35372122402849],[122.02749160240437,39.25575979824724],[124.10407546470906,39.884784303862475],[124.0910137233513,41.26673371392129],[122.50021124129451,41.8095747806529],[118.5461715761446,41.42502313581561],[113.31781409119286,41.59560483910907],[107.62159313083764,42.09020474354697],[107.03595603111278,40.703682305064106],[110.20750894090294,40.56223503301045],[107.88463966343471,37.4878492245966],[109.45599240995735,34.618422470077014],[107.54304124027762,32.705471300397285],[109.66095146385159,32.158913823345934],[109.11439398680024,30.177642969034785],[107.1331231324891,28.674609907143573],[114.96995895477552,26.009019491399894],[117.17611677330767,25.25862567557263]]]},"properties":{"NAME":"Zhow states","SUBJECTO":"Zhow states","PARTOF":"Zhow states"}},
{"type":"Feature","geometry":{"type":"Polygon","coordinates":[[[116.4520597786739,23.250201784331225],[118.81294539879109,24.8494144308156],[119.60071090172077,26.692800127226732],[118.47419078130463,26.62501936820101],[117.17611677330767,25.25862567557263],[116.4520597786739,23.250201784331225]]]},"properties":{"NAME":"Yue","SUBJECTO":"Yue","PARTOF":"Yue"}},
{"type":"Feature","geometry":{"type":"Polygon","coordinates":[[[49.66902068565632,40.24031027432146],[46.91063962828353,40.12977074857732],[43.39085282003438,39.34530131146134],[44.69468195027504,36.66902046517788],[47.91994348297564,36.600397879375734],[50.9393372582698,36.188662364562894],[51.41704085777546,36.45569189663591],[48.837229761584055,37.51097448940935],[49.66902068565632,40.24031027432146]]]},"properties":{"NAME":"Atropatene","SUBJECTO":"Atropatene","PARTOF":"Atropatene"}},
{"type":"Feature","geometry":{"type":"Polygon","coordinates":[[[46.91063962828353,40.12977074857732],[44.825570748635116,40.76719408690471],[41.76574613379374,40.19612868546025],[38.40352039328175,39.40080039427633],[38.47184007791317,38.580964178699304],[39.35374802164581,38.227782840674124],[41.40079783177232,38.453207696033516],[43.39085282003438,39.34530131146134],[46.91063962828353,40.12977074857732]]]},"properties":{"NAME":"Armenia","SUBJECTO":"Armenia","PARTOF":"Armenia"}},
{"type":"Feature","geometry":{"type":"Polygon","coordinates":[[[44.825570748635116,40.76719408690471],[44.48397232547802,41.4503909332189],[41.68046859215046,41.79333838101091],[40.00671294639851,40.95632895107927],[41.76574613379374,40.19612868546025],[44.825570748635116,40.76719408690471]]]},"properties":{"NAME":"Colchis","SUBJECTO":"Colchis","PARTOF":"Colchis"}},
{"type":"Feature","geometry":{"type":"Polygon","coordinates":[[[29.848000612523414,40.73554737549379],[28.477719339831122,40.39510305996599],[31.63987161477128,39.94735787132768],[38.47184007791317,38.580964178699304],[38.40352039328175,39.40080039427633],[41.76574613379374,40.19612868546025],[40.00671294639851,40.95632895107927],[36.38289550255085,41.23751791592302],[33.55554107139851,41.982501589018725],[30.983062601559304,41.04726133422074],[29.848000612523414,40.73554737549379]]]},"properties":{"NAME":"Cappadocia","SUBJECTO":"Cappadocia","PARTOF":"Cappadocia"}},
{"type":"Feature","geometry":{"type":"Polygon","coordinates":[[[-14.50982440309849,28.050049749026638],[-13.880964773397412,28.19936673357924],[-14.147020770578637,28.391039461179965],[-14.50982440309849,28.050049749026638]]]},"properties":{"NAME":"Guanches","SUBJECTO":"Guanches","PARTOF":"Guanches"}},
{"type":"Feature","geometry":{"type":"Polygon","coordinates":[[[-68.195282,12.221109],[-68.363892,12.305277],[-68.285278,12.102221],[-68.195282,12.221109]]]},"properties":{"NAME":null,"SUBJECTO":null,"PARTOF":null}},
{"type":"Feature","geometry":{"type":"Polygon","coordinates":[[[-61.668892,17.084999],[-61.794449,17.16333],[-61.887222,17.033054000000106],[-61.73806,16.989719],[-61.668892,17.084999]]]},"properties":{"NAME":null,"SUBJECTO":null,"PARTOF":null}},
{"type":"Feature","geometry":{"type":"Polygon","coordinates":[[[-68.965561,12.198889],[-69.077789,12.34861],[-69.15834,12.311388],[-69.0625,12.188332000000116],[-68.83223,12.049444000000108],[-68.824173,12.160276000000124],[-68.965561,12.198889]]]},"properties":{"NAME":null,"SUBJECTO":null,"PARTOF":null}},
{"type":"Feature","geometry":{"type":"Polygon","coordinates":[[[-61.599724,12.186666000000116],[-61.724724,12.172222],[-61.789726,12.009165],[-61.642502,12.034166],[-61.599724,12.186666000000116]]]},"properties":{"NAME":null,"SUBJECTO":null,"PARTOF":null}},
{"type":"Feature","geometry":{"type":"Polygon","coordinates":[[[-62.171394,16.671387],[-62.137505,16.692776],[-62.176392,16.808609],[-62.236671,16.711941],[-62.171394,16.671387]]]},"properties":{"NAME":null,"SUBJECTO":null,"PARTOF":null}},
{"type":"Feature","geometry":{"type":"Polygon","coordinates":[[[-62.541389,17.176941],[-62.610001,17.191109],[-62.610558,17.095276],[-62.538612,17.108608000000117],[-62.541389,17.176941]]]},"properties":{"NAME":null,"SUBJECTO":null,"PARTOF":null}},
{"type":"Feature","geometry":{"type":"Polygon","coordinates":[[[-62.692505,17.278332],[-62.730003,17.365276],[-62.812782,17.409443000000124],[-62.863892,17.370831000000123],[-62.778336,17.292221],[-62.692505,17.278332]]]},"properties":{"NAME":null,"SUBJECTO":null,"PARTOF":null}},
{"type":"Feature","geometry":{"type":"Polygon","coordinates":[[[-61.085838,16.304722],[-61.037224,16.311108],[-60.990837,16.340832],[-61.015282,16.350277],[-61.085838,16.304722]]]},"properties":{"NAME":null,"SUBJECTO":null,"PARTOF":null}},
{"type":"Feature","geometry":{"type":"Polygon","coordinates":[[[-62.971947,17.458054],[-62.942505,17.493610000000103],[-62.98583999999988,17.519722],[-62.997505,17.494164000000126],[-62.971947,17.458054]]]},"properties":{"NAME":null,"SUBJECTO":null,"PARTOF":null}},
{"type":"Feature","geometry":{"type":"Polygon","coordinates":[[[41.137527822347096,32.83336061560979],[41.94977851818943,32.20855238803876],[47.61403945396687,29.272241197783373],[47.911360773546946,29.890292726714037],[50.13237288902546,30.06642874355974],[51.350134882433665,28.03613432522478],[52.89083388756062,27.05232390042009],[54.64605620811726,26.39131888027849],[56.79043105552937,26.97391279812517],[57.254771265490305,25.793286882597826],[61.34399321983601,25.026860796172045],[66.62050918052937,25.31748541470232],[67.48602584312702,23.928060136992357],[68.53250131573745,25.463584729466888],[68.19090289258035,27.3082162145152],[74.33967450940806,31.475716977031745],[73.7931170323567,34.34514373155134],[70.5137721700486,36.66801300901958],[68.53250131573745,39.810718502064844],[67.83374992198823,42.008663637257676],[65.81333595818968,42.210705033637524],[62.58067361611201,39.887228975269196],[59.24699057584441,38.776001295179995],[53.98521712730671,37.517726503569506],[53.79965499351765,36.67903860684099],[51.41704085777546,36.45569189663591],[50.9393372582698,36.188662364562894],[47.91994348297564,36.600397879375734],[44.69468195027504,36.66902046517788],[43.39085282003438,39.34530131146134],[41.65377382960369,38.56661072954413],[42.43755717192821,37.893163294516135],[41.137527822347096,32.83336061560979]]]},"properties":{"NAME":"Seleucid Kingdom","SUBJECTO":"Seleucid Kingdom","PARTOF":"Seleucid Kingdom"}},
{"type":"Feature","geometry":{"type":"Polygon","coordinates":[[[24.693467173083075,34.94047125454607],[24.388283762438544,35.37296637173357],[23.529439005358466,35.569625459868334],[23.567723307116278,35.25498160000505],[24.3243570656612,35.207789980132006],[24.693467173083075,34.94047125454607]]]},"properties":{"NAME":"Crete","SUBJECTO":"Crete","PARTOF":"Crete"}},
{"type":"Feature","geometry":{"type":"Polygon","coordinates":[[[35.189864191515696,24.39991911526384],[32.64934447716023,28.765781007964037],[32.81360534141804,29.477700792509935],[35.087519937975415,30.42436515718311],[35.091768761076366,30.43191862047369],[34.3408514996934,31.42069588522562],[33.557601007921946,30.967715822417162],[30.995955500109442,31.468850694853685],[29.248847040636786,30.753661714751146],[23.153338465197333,32.138812624174975],[21.673419031603583,32.8155895101613],[20.365721735461005,32.29824026699724],[20.11676886986042,30.957103334624193],[22.092117751695117,31.753927757099575],[25.44282994906524,30.681699853941133],[25.454770481600722,28.97753921542222],[28.406155989341126,27.743383003939627],[31.206054928541864,24.248332434990488],[31.0578537920065,22.68126038494451],[33.3453212836059,23.354044941297275],[33.69008329238944,23.54952842916048],[33.657230668213316,24.017988632918694],[35.18986419067511,24.399919114787224],[35.189864191515696,24.39991911526384]]]},"properties":{"NAME":"Ptolemaic Kingdom","SUBJECTO":"Ptolemaic Kingdom","PARTOF":"Ptolemaic Kingdom"}},
{"type":"Feature","geometry":{"type":"Polygon","coordinates":[[[37.21826842735554,25.166631303984545],[39.150966551977774,26.246866086032853],[36.80587587990826,30.316586303487384],[35.771098633933235,31.639616172219235],[35.087519937975415,30.42436515718311],[32.81360534141804,29.477700792509935],[34.0580053658321,27.79031332607927],[34.88559249351765,28.357480608183764],[37.21826842735554,25.166631303984545]]]},"properties":{"NAME":"Nabatean Kingdom","SUBJECTO":"Nabatean Kingdom","PARTOF":"Nabatean Kingdom"}},
{"type":"Feature","geometry":{"type":"Polygon","coordinates":[[[24.931010619777794,40.981554233931064],[26.613572153551825,40.39804037686052],[28.827807459337958,40.914699159819506],[27.501950296862372,42.51634558315935],[29.61591628502155,45.4102054464406],[28.22135703211819,45.48408289734172],[28.03655807489525,44.37528915400409],[26.31093621352061,44.31981768773849],[25.217821259417907,42.885104310478695],[23.98540222712575,42.537007459837284],[24.931010619777794,40.981554233931064]]]},"properties":{"NAME":"Kingdom of Lysimachus","SUBJECTO":"Kingdom of Lysimachus","PARTOF":"Kingdom of Lysimachus"}},
{"type":"Feature","geometry":{"type":"Polygon","coordinates":[[[22.717248867835348,38.79631922346962],[22.602265390856513,40.39723929043474],[24.931010619777794,40.981554233931064],[23.98540222712575,42.537007459837284],[21.72657724633245,41.89900216994664],[19.606965097887763,41.76153906460466],[19.369067224962958,40.260280214507006],[21.172404322130927,38.347838960844896],[22.402894882916666,38.39836385570725],[22.717248867835348,38.79631922346962]]]},"properties":{"NAME":"Kingdom of Kassander","SUBJECTO":"Kingdom of Kassander","PARTOF":"Kingdom of Kassander"}},
{"type":"Feature","geometry":{"type":"Polygon","coordinates":[[[30.983062601559304,41.04726133422074],[29.161208185656317,41.21636541958513],[29.848000612523414,40.73554737549379],[30.983062601559304,41.04726133422074]]]},"properties":{"NAME":"Bithynia","SUBJECTO":"Bithynia","PARTOF":"Bithynia"}},
{"type":"Feature","geometry":{"type":"Polygon","coordinates":[[[41.05768490276161,32.89477824606016],[41.137527822347096,32.83336061560979],[42.43755717192821,37.893163294516135],[41.65377382960369,38.56661072954413],[41.40079783177232,38.453207696033516],[39.35374802164581,38.227782840674124],[38.47184007791317,38.580964178699304],[31.63987161477128,39.94735787132768],[28.477719339831122,40.39510305996599],[26.76528266380573,40.37694128628435],[27.160407099230536,37.36008032437029],[30.472832712633856,36.18825491543474],[31.37069037864948,36.71234472866716],[33.171336206896555,35.97088202114763],[34.4851293892696,36.62678106899919],[35.70863250206257,36.21223410244646],[35.873065027697336,34.422286592680834],[34.3408514996934,31.42069588522562],[35.091768761076366,30.43191862047369],[35.771098633933235,31.639616172219235],[37.21482009784175,32.68891048865375],[41.05768490276161,32.89477824606016]]]},"properties":{"NAME":"Kingdom of Antigonus","SUBJECTO":"Kingdom of Antigonus","PARTOF":"Kingdom of Antigonus"}},
{"type":"Feature","geometry":{"type":"MultiPolygon","coordinates":[[[[-7.427515473859064,55.06380423184099],[-9.890640225903741,52.19443091030779],[-9.81910988380169,51.434554659087084],[-6.40597101737713,52.21443899746599],[-6.018187966840021,55.093001924712084],[-7.427515473859064,55.06380423184099]]],[[[-0.203663793103448,53.52328451748552],[-2.74213143874859,55.95718725796404],[-2.150362935559503,57.571979128081225],[-5.76296564628338,57.619777284819506],[-5.633057561413995,55.93986090298357],[-3.5766758589909,54.924483858305834],[-2.914475408093683,53.267142854887865],[-4.317542043225519,53.09120901699724],[-3.521466937558404,50.617431246001146],[0.191810223562964,50.73128470059099],[1.691691669924506,52.311420046049975],[-0.203663793103448,53.52328451748552]]]]},"properties":{"NAME":"Celts","SUBJECTO":"Celts","PARTOF":"Celts"}},
{"type":"Feature","geometry":{"type":"Polygon","coordinates":[[[15.940538153775282,41.047196159789685],[13.621086891075686,42.49402754965611],[14.050873789294013,40.76751288052263],[14.89867118309284,40.24145849819841],[15.940538153775282,41.047196159789685]]]},"properties":{"NAME":null,"SUBJECTO":null,"PARTOF":null}},
{"type":"Feature","geometry":{"type":"Polygon","coordinates":[[[14.050873789294013,40.76751288052263],[13.621086891075686,42.49402754965611],[15.940538153775282,41.047196159789685],[16.420268091662177,41.2787242757863],[14.922405275805243,41.97177084561052],[13.777394410283835,43.18279491137832],[12.345063311197979,42.65476316561672],[11.215296665692112,43.40794092928731],[11.10476306389118,42.54908331509294],[14.050873789294013,40.76751288052263]]]},"properties":{"NAME":"Roman Republic","SUBJECTO":"Roman Republic","PARTOF":"Roman Republic"}},
{"type":"Feature","geometry":{"type":"Polygon","coordinates":[[[-56.12695583342671,53.46584387832734],[-58.78822689960135,52.57259027862411],[-60.1714630701033,53.29857710058178],[-60.221656217027494,53.32492080384565],[-62.88947585561168,54.72511691082654],[-65.64317158321862,55.262874161982396],[-71.0333844968322,55.19604828321671],[-74.19720512004018,52.927225836668605],[-78.74176950876009,52.74413883037645],[-79.5943498282597,51.265792452055834],[-81.74736496497844,52.170096956450365],[-82.34120651771282,52.98082312222185],[-82.20208450843548,54.968871675688646],[-84.46836563636516,55.16687735195818],[-87.46717545081829,55.91202887173357],[-90.44457718421673,57.144347749907396],[-92.40409578747519,56.97508393725052],[-93.82461083808953,56.86329884105465],[-102.14428729171048,57.21394132630312],[-111.28421353653351,58.55314202309659],[-118.19774749095093,62.712635573894396],[-124.93551363296793,64.83463268032534],[-132.43494029538678,62.496969371290604],[-139.52424206220468,62.41569007667785],[-144.68009789261768,63.19218524961806],[-150.1289000770314,63.324002732781025],[-160.9394989447178,63.98492305338062],[-165.43123337318158,62.42954214688005],[-165.89809128333783,61.27033575649919],[-164.02740952064252,59.798244081694506],[-162.00392624427533,58.82661017056169],[-158.2914170890019,58.730208955962084],[-156.68457504798627,57.40069922085466],[-154.64931198646283,58.07648047085466],[-154.28227707435346,59.24877508755388],[-151.7829942374394,59.99495657559099],[-149.32562729408002,60.02748068447771],[-148.49261948158002,61.06433828945818],[-144.40642258216596,60.09257086392107],[-139.57256027747846,59.89999731655779],[-137.57666489173627,58.6041637289113],[-134.12349411536908,58.239215456206225],[-130.66179631968183,54.95945627584521],[-130.47570035171248,54.96824644247599],[-129.85166667284474,54.99772241705144],[-128.5879066342332,55.05741560353968],[-125.6971741533699,55.193958165256824],[-115.03392686774305,52.03295961287972],[-114.46737387359948,51.99955012922175],[-105.19092937331824,51.45252059422696],[-98.92187739770243,50.2317206620755],[-95.56635546846715,49.996303801904524],[-87.78991594567441,49.93094833834401],[-85.03622021806746,49.0940751201903],[-81.93098886565963,48.90187753952613],[-72.32234845443543,46.29511259543804],[-71.03368165476002,46.74621076936823],[-69.50712296058391,48.459212862212084],[-67.31770798255657,49.42533453579607],[-66.37273880531048,50.31387671108904],[-60.13784500648235,50.411700807768725],[-58.52433868934368,51.37948568936052],[-55.6590242057011,52.18734701748552],[-56.12695583342671,53.46584387832734]]]},"properties":{"NAME":"Subarctic forest hunter-gatherers","SUBJECTO":"Subarctic forest hunter-gatherers","PARTOF":"Subarctic forest hunter-gatherers"}},
{"type":"Feature","geometry":{"type":"MultiPolygon","coordinates":[[[[143.05691054771685,53.06198462124529],[141.76703933189654,53.2722659933156],[142.48990920494342,47.901603304106615],[143.6331434578731,50.234977327544115],[142.94391921470904,51.61730536099138],[143.05691054771685,53.06198462124529]]],[[[140.01261428306842,41.38180883999529],[140.24552443931842,42.2284427511281],[141.92812636802935,42.50126227017107],[143.2137556404903,41.926539980132006],[145.05938247154498,43.785766206938646],[143.50817397545123,44.155761324126146],[141.8753309578731,45.435424410063646],[141.30364516685748,43.187030397612475],[139.71174148033404,42.47759588833513],[140.01261428306842,41.38180883999529]]]]},"properties":{"NAME":"Ainu","SUBJECTO":"Ainu","PARTOF":"Ainu"}},
{"type":"Feature","geometry":{"type":"Polygon","coordinates":[[[105.40307092131953,72.748726095192],[98.45947004862771,69.79094730127832],[75.85638492783956,61.42677903286463],[62.80579411405116,56.95520024672745],[59.09429166962169,56.4318399506882],[65.31164209247186,55.04663307077481],[78.36223290626025,56.41019430623805],[93.70004066679506,56.48455609390737],[99.48535412032993,55.65854236961009],[107.9615110406255,59.8183896994711],[114.0159088408366,59.54672904426065],[116.70675230759709,54.659373183217475],[119.93576446770969,51.257643821866914],[127.33558400130104,49.977254198409234],[134.8699457082304,52.00920268938546],[141.0472980268994,52.68965608140495],[140.10245803306842,53.80170401211443],[134.98522475670123,54.853934847075365],[137.2290907234981,55.98272284146013],[142.84585097740435,59.27252539272966],[148.41608718345904,59.09739264126482],[151.14020827720904,59.43957098599138],[153.92443374107623,58.922347627837084],[154.31565383384967,59.98334845181169],[157.0979872078731,61.63339956875505],[158.84125808189654,61.78396948452654],[160.6449842781856,60.71775396938982],[163.32929519127154,60.69494970913591],[158.3262586922481,58.026820741850756],[156.77685073326373,57.58045538540544],[155.6275739998653,56.26791723843279],[155.46520522545123,54.91977270718279],[156.6963758797481,50.957748018462084],[161.50274184654498,55.287372194487475],[162.51240066002154,57.033492647368334],[161.80436232994342,58.1017223226613],[163.3886823983028,59.81406363125505],[165.7799940438106,60.35411413784685],[170.3368025154903,60.27710302944841],[170.34409823134902,60.27960975244485],[169.48091979943723,61.192640399715565],[172.4408476128738,63.07842210456581],[171.76813674618367,65.85917681241212],[168.13549806605704,67.45778023799447],[155.89216029229675,68.16901029658281],[130.86731605142418,69.90104204211539],[124.54383390453704,71.58610355723228],[123.5007008987776,73.50494943844788],[123.40985396812702,73.48077734585466],[111.76165297935749,73.65779455776872],[105.60022262047077,72.74426611538591],[105.40307092131953,72.748726095192]]]},"properties":{"NAME":"Paleo-Siberian hunter-gatherers","SUBJECTO":"Paleo-Siberian hunter-gatherers","PARTOF":"Paleo-Siberian hunter-gatherers"}},
{"type":"Feature","geometry":{"type":"Polygon","coordinates":[[[25.195617809103457,65.26795101619156],[34.72611897050977,65.78029310527337],[34.726172480089915,65.79697760220232],[39.19002822349812,66.03870733853044],[40.826052698595774,67.66004522915544],[35.43655303428913,69.15035589810076],[29.728575739367255,69.69756659146013],[28.30841353843952,70.94864996548357],[24.570508036120184,70.7413822042531],[23.203606638415106,69.9427753316945],[20.157650980456122,69.747829042632],[13.168647798998602,66.45833929653826],[12.112141642077216,65.12991675015154],[10.155425240070853,64.09932165034176],[11.528408300596416,61.89775715387968],[15.43013132739913,61.86605293654498],[17.93625548790241,62.54800375576677],[20.70065978477741,63.81812628384294],[22.645554575426825,65.93478735562029],[25.25150779197956,65.41688879604997],[25.195617809103457,65.26795101619156]]]},"properties":{"NAME":"Saami","SUBJECTO":"Saami","PARTOF":"Saami"}},
{"type":"Feature","geometry":{"type":"Polygon","coordinates":[[[25.195617809103457,65.26795101619156],[25.18612578819538,65.24265631313982],[21.200139078600653,62.43518408413591],[29.018890834539626,61.77074313018303],[32.51698734132826,60.9322458642223],[46.105746848468755,57.7086220534561],[53.97646398874319,57.7086220534561],[59.09429166962169,56.4318399506882],[62.80579411405116,56.95520024672745],[75.85638492783956,61.42677903286463],[98.45947004862771,69.79094730127832],[105.40307092131953,72.748726095192],[105.2788191170528,72.7515369283742],[113.62504867027546,75.27267035122576],[113.53300765465046,76.0936542379445],[108.24447158287312,76.64641913052263],[103.39330581138874,77.5577884542531],[99.46723464439656,75.96692236538591],[89.28468612144734,75.46612127896013],[87.69079116295124,73.90001257534685],[80.46401503990437,73.31357916470232],[79.22255996177937,72.2712894308156],[73.21685317466999,71.45773657437029],[74.74171737144734,67.68622168179216],[72.83769515465046,67.64564856167497],[72.7139997811153,72.76958807583513],[69.34311202476765,72.83426245327654],[66.81797316978718,71.10538061733904],[66.58425429771687,68.88553961392107],[62.2812719673946,69.7051273214406],[57.02422622154499,68.44890936489763],[53.889117273791086,68.78699835415544],[48.08066085289265,67.56245764370622],[43.8221655220821,68.3273197042531],[44.383608850939524,66.61201819058122],[39.9513273567989,65.58116491909685],[37.410540613634836,63.749496065337084],[35.081763300402415,64.28833349819841],[34.725588831408274,65.61499365444841],[34.72611897050977,65.78029310527337],[25.195617809103457,65.26795101619156]]]},"properties":{"NAME":"Finno-Ugric taiga hunter-gatherers","SUBJECTO":"Finno-Ugric taiga hunter-gatherers","PARTOF":"Finno-Ugric taiga hunter-gatherers"}},
{"type":"Feature","geometry":{"type":"MultiPolygon","coordinates":[[[[-75.62469955970501,69.10160406704607],[-72.30491348792766,67.26360663052263],[-75.78904434730266,65.19718512173357],[-73.16355606605266,64.57397040005388],[-71.31892105628704,63.06125982876482],[-65.94033524085735,61.789996706206225],[-66.49595352699016,63.07743414517107],[-64.47394272376751,63.74430426235857],[-67.61417099525188,65.91180761929216],[-62.84475418616985,65.61426123257341],[-61.21058365394329,66.63500555630388],[-68.66534897376751,68.71612890835466],[-71.25251480628704,71.35079535122576],[-73.27524277259563,71.16077002163591],[-75.32202621986126,72.54841955776872],[-80.48866745521282,73.03700598354997],[-81.53178116370891,73.68835791226091],[-88.09924789954876,73.63606604214372],[-89.9971818595097,71.541286073882],[-87.94801041175579,70.3849140035695],[-82.26922318031048,69.86035498257341],[-78.71291824866985,70.01144751187029],[-75.62469955970501,69.10160406704607]]],[[[-81.91070267249798,64.5216785299367],[-85.55754562904094,65.863551698882],[-86.24284073402141,64.54231604214372],[-85.46279617835735,63.20551642056169],[-81.91070267249798,64.5216785299367]]],[[[-60.221656217027494,53.32492080384565],[-57.51535126258587,54.46576651211443],[-61.92769333411907,56.27295645352068],[-62.886959996716726,58.65644415493669],[-64.6706208853886,60.18091925259294],[-65.86144730140423,58.795341097075365],[-67.77240463783001,58.24854239102068],[-69.2142228751347,58.74767645474138],[-70.02829453040813,60.883170686919115],[-73.39458176185344,62.354999147612475],[-77.36155411292766,62.5174938070363],[-77.50717636634563,60.414630495268725],[-78.33678909827923,58.551471315581225],[-76.43862625648235,56.80968817349138],[-77.23383804847454,55.60653647061052],[-79.54511734534954,54.69186361904802],[-78.74176950876009,52.74413883037645],[-74.19720512004018,52.927225836668605],[-71.0333844968322,55.19604828321671],[-65.64317158321862,55.262874161982396],[-62.88947585561168,54.72511691082654],[-60.221656217027494,53.32492080384565]]],[[[-95.05836960365032,72.28313788052263],[-92.00058456947063,72.8411365377492],[-90.45173355628704,73.9039798605031],[-95.06853958656048,74.06405218716326],[-95.05836960365032,72.28313788052263]]],[[[-123.49339005042766,74.44630011196794],[-125.61702438880657,71.9903827535695],[-120.8434953360722,71.53027685757341],[-117.685761580263,73.21545873829851],[-123.49339005042766,74.44630011196794]]],[[[-117.21970840980266,72.85729559536638],[-117.56819626380657,69.99218329067888],[-113.15218063880657,68.59556921597185],[-110.44822403480266,68.65314062710466],[-106.85383316566204,69.45092352505388],[-104.18777176429485,68.89776190396013],[-101.05518051673626,70.03077276821794],[-104.62044428584238,71.09253252294585],[-110.34678520373127,71.19655506982303],[-117.21970840980266,72.85729559536638]]],[[[-43.578778234021414,59.935687624174975],[-39.69494684817376,65.18696970170159],[-42.793355971161034,65.40311483729091],[-43.84796284556369,64.20612586086018],[-44.25808774116473,61.869878095613615],[-43.578778234021414,59.935687624174975]]],[[[-50.93936249305462,67.52581366177263],[-53.10253998328899,65.87324865933122],[-51.365765538708914,63.726012788969896],[-49.85748383094524,62.966544710356615],[-48.915463414685476,61.42103537197771],[-46.15809589644378,60.937403792612976],[-49.06240794677684,64.7863184095137],[-49.472532842377866,67.03273287353856],[-50.53911897259659,67.48805571153352],[-50.93936249305462,67.52581366177263]]],[[[-160.9394989447178,63.98492305338062],[-150.1289000770314,63.324002732781025],[-144.68009789261768,63.19218524961806],[-139.52424206220468,62.41569007667785],[-132.43494029538678,62.496969371290604],[-124.93551363296793,64.83463268032534],[-118.19774749095093,62.712635573894396],[-111.28421353653351,58.55314202309659],[-102.14428729171048,57.21394132630312],[-93.82461083808953,56.86329884105465],[-92.40409578747519,56.97508393725052],[-93.07417770911907,58.55101355190935],[-94.68383499671673,58.87849386807146],[-94.75318619300579,59.94999273892107],[-93.42261978675579,61.858031831938646],[-87.43523117591594,64.568873964507],[-85.9871492057011,66.16278418179216],[-83.13871475745891,66.37349279995622],[-81.29496475745891,67.4987293111867],[-84.31351944495891,69.82621344204607],[-86.48843857337688,67.37778814907732],[-89.7355851798222,68.53431280728044],[-93.27116867591594,71.5585437643117],[-96.69965073158001,70.83835943813982],[-96.12698074866985,69.9408450948781],[-92.95613571693157,69.08434637661638],[-96.20792862464641,68.07355078335466],[-101.91296860267376,67.70532568569841],[-105.6359758048222,68.35485418911638],[-112.5025300650761,67.69295843716326],[-115.28510757972454,68.89208563442888],[-117.83234116126751,69.00779303188982],[-122.32606216956829,69.88448675747576],[-125.97399612952923,69.43039282437029],[-127.35170456458782,70.38026007290544],[-131.67297836829877,69.27615698452654],[-135.4391984610722,69.52628668423357],[-137.72852036048627,69.01584204312029],[-143.30757614661908,70.19675024624529],[-145.27254196693158,70.1163822042531],[-156.90474411536908,71.34585913296404],[-160.24033066322065,70.85846289272966],[-164.06718918372846,69.06467779751482],[-166.84352585365033,68.40520819302263],[-163.73874374915815,67.21832617397966],[-168.1797990470097,65.69388922329607],[-166.58603378822065,64.73040350552263],[-160.9394989447178,63.98492305338062]]],[[[-62.81141255638844,81.15595684596342],[-66.52167984534954,80.71127661343279],[-65.48489090491985,79.15823706265154],[-72.38322922279094,78.52572973843279],[-71.18388077308391,77.25953253384294],[-67.03665634681438,75.93623694058122],[-62.44868119723538,76.33836403843989],[-63.35819002201287,78.2356337190557],[-62.81141255638844,81.15595684596342]]],[[[-102.27919479896282,73.14715918179216],[-98.93899246741985,71.39222296353044],[-96.68853470374798,72.81653936978044],[-102.27919479896282,73.14715918179216]]],[[[-88.32573410560344,74.68200262661638],[-80.34932419349407,74.61590155239763],[-81.70312210609173,75.8749500143117],[-86.61799332191204,75.432155214507],[-92.22411819984173,75.94715460415544],[-91.86679550697063,74.78889807339372],[-88.32573410560344,74.68200262661638]]],[[[-75.92493912269329,82.51744421597185],[-78.32092758704876,80.965358339507],[-83.6183747916386,80.20665320034685],[-87.27270981361126,76.50420721646013],[-78.21225449134563,76.54684790249529],[-78.36676498939251,78.03287085171404],[-71.45447250892376,79.84579046841326],[-62.4271020560429,82.633571230132],[-70.58430191566204,83.17604406948747],[-75.92493912269329,82.51744421597185]]],[[[-60.1714630701033,53.29857710058178],[-58.78822689960135,52.57259027862411],[-56.12695583342671,53.46584387832734],[-57.56114288856243,54.13071020718279],[-60.1714630701033,53.29857710058178]]],[[[123.5007008987776,73.50494943844788],[124.54383390453704,71.58610355723228],[130.86731605142418,69.90104204211539],[155.89216029229675,68.16901029658281],[168.13549806605704,67.45778023799447],[171.76813674618367,65.85917681241212],[172.4408476128738,63.07842210456581],[169.48091979943723,61.192640399715565],[170.34409823134902,60.27960975244485],[170.51969436119342,60.33994253750505],[173.48090651939654,61.601100527007006],[179.28769973228717,62.81507834072771],[178.14725783775592,64.15663488979997],[180,64.95347937222185],[180,65.05193670864763],[180,65.31103094692888],[180,65.38163336392107],[180,65.96313055630388],[180,66.96313055630388],[180,67.96313055630388],[180,68.91989477749529],[175.6109724373653,69.77942999478044],[170.45170119713092,70.0192142355031],[167.3200788826778,69.65857275601091],[159.4438124031856,69.76456030483904],[158.40867141197467,70.81418951626482],[152.13401320884967,70.66443213101091],[146.9151258797481,72.20190008755388],[141.29397109459185,72.78707464810076],[137.62967971275592,71.07541998501482],[132.28361037681842,71.66087683315935],[130.77927688072467,70.67834051724138],[126.2164411873653,72.38231238003435],[124.22215560386921,73.69691046353044],[123.5007008987776,73.50494943844788]]],[[[-170.4731340079472,66.29494055386247],[-173.87494370033002,67.1593280660695],[-180,68.91692694302263],[-180,67.96313055630388],[-180,66.96313055630388],[-180,65.96313055630388],[-180,65.381618105132],[-180,65.31103094692888],[-180,65.2592273580617],[-178.11627670814252,65.4824939596242],[-173.0770158438847,64.3839832174367],[-172.56233688880658,65.51480444546404],[-170.4731340079472,66.29494055386247]]]]},"properties":{"NAME":"Arctic marine mammal hunters","SUBJECTO":"Arctic marine mammal hunters","PARTOF":"Arctic marine mammal hunters"}},
{"type":"Feature","geometry":{"type":"Polygon","coordinates":[[[-80.23865738536159,-3.477803205286776],[-76.4528920458458,-5.044577272594906],[-73.08400897483732,-4.723506751045313],[-74.2264997554402,-2.267524873037758],[-77.30243647244795,-0.891233214410893],[-80.87031861604711,-1.204571850152081],[-80.80300613929485,-1.325063265603163],[-80.22890945960735,-3.471247113984205],[-80.23865738536159,-3.477803205286776]]]},"properties":{"NAME":"Chorrera","SUBJECTO":"Chorrera","PARTOF":"Chorrera"}},
{"type":"Feature","geometry":{"type":"Polygon","coordinates":[[[-48.796904749948716,-28.475548314302703],[-48.72837921668743,-28.367052472870924],[-48.72452255775188,-25.425621427338697],[-44.561295476453054,-22.989857114594557],[-43.236432647623026,-23.031526977456625],[-43.27671745526228,-21.589111335510133],[-45.94252927666899,-21.75245598059426],[-49.48718016007792,-24.553337158794967],[-49.83871578487881,-26.797313680361846],[-48.796904749948716,-28.475548314302703]]]},"properties":{"NAME":"Shellfish gatherers","SUBJECTO":"Shellfish gatherers","PARTOF":"Shellfish gatherers"}},
{"type":"Feature","geometry":{"type":"Polygon","coordinates":[[[-64.1940629085568,-14.694582386569342],[-60.26760598730509,-13.809999263181787],[-51.537804638083095,-14.378252212655624],[-48.31539474407497,-13.923762636310581],[-39.937129019653874,-8.292022806582523],[-37.88789123444673,-4.393015496284502],[-40.23088928748821,-2.8512109888011],[-42.31647202064251,-2.817604697983839],[-43.33403870155071,-2.432190097611524],[-44.549137999466566,-3.10260205994856],[-45.37494571579276,-3.165484550148441],[-49.06606977620206,-4.743578120004467],[-54.16333633581491,-4.626791146196514],[-56.33113935542037,-4.334740468715777],[-58.44035310422569,-2.287649024474563],[-57.97163893782451,-0.589157846288572],[-55.80383591821904,0.875529465609527],[-55.8624251890192,1.695565793857857],[-58.55753164582598,3.977596077854006],[-62.65878060183632,4.152921580887431],[-66.40849393304576,3.041936481420927],[-70.15820726425522,-5.735421450211085],[-69.04501111905242,-8.235853806057],[-64.1940629085568,-14.694582386569342]]]},"properties":{"NAME":"Amazon hunter-gatherers","SUBJECTO":"Amazon hunter-gatherers","PARTOF":"Amazon hunter-gatherers"}},
{"type":"Feature","geometry":{"type":"Polygon","coordinates":[[[-65.90622541609757,-18.31105888474315],[-66.09723843191973,-20.13835052013179],[-67.12255067092232,-25.032037581988202],[-68.6165770763261,-26.666495445378],[-69.31964832592786,-29.30477628067829],[-67.48158657100439,-31.655864143664434],[-63.563252469813456,-30.036561103144948],[-57.352789764997816,-29.680878909474107],[-54.36473695419029,-30.592916632921295],[-53.544487162988226,-31.446480334683482],[-52.14021349238029,-31.740936200871825],[-52.04218765784954,-31.556572355073072],[-48.85215473085459,-28.563025096783424],[-48.796904749948716,-28.475548314302703],[-49.83871578487881,-26.797313680361846],[-49.48718016007792,-24.553337158794967],[-45.94252927666899,-21.75245598059426],[-43.27671745526228,-21.589111335510133],[-43.236432647623026,-23.031526977456625],[-41.95784470130657,-22.92082253817854],[-39.69133850623821,-19.40879670504866],[-38.94815537025188,-16.001592077057936],[-39.126217809216726,-14.324533857148268],[-37.18652435828899,-10.844699300568678],[-35.5985994010136,-9.627626813691236],[-34.890675511853445,-7.611789144318678],[-35.464371648328054,-5.268277086060621],[-37.180600133435476,-4.954271711152174],[-37.88789123444673,-4.393015496284502],[-39.937129019653874,-8.292022806582523],[-48.31539474407497,-13.923762636310581],[-51.537804638083095,-14.378252212655624],[-60.26760598730509,-13.809999263181787],[-64.1940629085568,-14.694582386569342],[-64.66180129731615,-16.804676207468987],[-65.90622541609757,-18.31105888474315]]]},"properties":{"NAME":"Savanna hunter-gatherers","SUBJECTO":"Savanna hunter-gatherers","PARTOF":"Savanna hunter-gatherers"}},
{"type":"Feature","geometry":{"type":"Polygon","coordinates":[[[-69.11474151787864,-51.35236245613261],[-69.16695114661907,-51.14943734530745],[-67.57759567786907,-49.058533109467604],[-66.07773300697063,-48.142071164887525],[-65.77598282386516,-47.23012200717268],[-67.32806870033001,-46.531616605561354],[-66.69494339515423,-45.131103910248854],[-65.43618485023235,-44.88974038485823],[-64.93894669105266,-40.8274768960887],[-62.96398254920696,-41.137459195893385],[-61.360714879529226,-39.03129998568831],[-57.80888458778118,-38.386490262787916],[-56.69811340858196,-36.944073118012525],[-57.419239964978445,-35.99675027255354],[-56.33826157142376,-34.99545327548323],[-54.074337926404226,-34.647842801850416],[-52.35066696693157,-32.67519036654768],[-52.14362427283977,-31.747351087372877],[-52.14021349238029,-31.740936200871825],[-53.544487162988226,-31.446480334683482],[-54.36473695419029,-30.592916632921295],[-57.352789764997816,-29.680878909474107],[-63.563252469813456,-30.036561103144948],[-67.48158657100439,-31.655864143664434],[-67.64985410812366,-33.57694564055348],[-69.43682686752817,-37.15902614350158],[-72.0684836753677,-40.547229038878235],[-70.57931764813105,-40.57909976037915],[-71.6339245225337,-43.19554606268768],[-72.1905225951351,-45.990119696472405],[-72.04404941813473,-48.76638855343405],[-71.16521035613252,-51.561440909776984],[-69.11474151787864,-51.35236245613261]]]},"properties":{"NAME":"Pampas cultures","SUBJECTO":"Pampas cultures","PARTOF":"Pampas cultures"}},
{"type":"Feature","geometry":{"type":"Polygon","coordinates":[[[-67.48158657100439,-31.655864143664434],[-69.31964832592786,-29.30477628067829],[-68.6165770763261,-26.666495445378],[-67.12255067092232,-25.032037581988202],[-66.09723843191973,-20.13835052013179],[-65.90622541609757,-18.31105888474315],[-66.59524723372101,-19.145123826644383],[-68.13321559222494,-19.349095769782156],[-70.14768773668087,-20.268219769660544],[-70.11244675208782,-20.693352140229322],[-70.39814468909954,-25.24891320590315],[-71.43014999915813,-29.100479520600416],[-71.69539352943157,-30.85409013156233],[-71.61574265052532,-33.70565453891096],[-73.67253586341594,-37.500854886811354],[-73.19384476234173,-39.565369046967604],[-73.90523239661907,-40.83904305819807],[-72.72818067052704,-41.55336179549616],[-72.0684836753677,-40.547229038878235],[-69.43682686752817,-37.15902614350158],[-67.64985410812366,-33.57694564055348],[-67.48158657100439,-31.655864143664434]]]},"properties":{"NAME":"Andean hunter-gatherers","SUBJECTO":"Andean hunter-gatherers","PARTOF":"Andean hunter-gatherers"}},
{"type":"Feature","geometry":{"type":"MultiPolygon","coordinates":[[[[-69.21397110511516,-54.93401757602034],[-66.98282333900188,-54.34066430453596],[-68.30537888099407,-52.94305077914534],[-70.33333298255657,-53.47274438266096],[-69.21397110511516,-54.93401757602034]]],[[[-69.11474151787864,-51.35236245613261],[-71.16521035613252,-51.561440909776984],[-72.04404941813473,-48.76638855343405],[-72.1905225951351,-45.990119696472405],[-71.6339245225337,-43.19554606268768],[-70.57931764813105,-40.57909976037915],[-72.0684836753677,-40.547229038878235],[-72.72818067052704,-41.55336179549616],[-73.57108780433391,-46.26491204623518],[-74.31235214759563,-48.745132840912916],[-73.4080705313847,-52.023838437836744],[-71.8722810416386,-53.69564858798323],[-69.4830217032597,-52.360935605805494],[-69.07692429115032,-51.49934808139143],[-69.11474151787864,-51.35236245613261]]]]},"properties":{"NAME":"Patagonian shellfish and marine mammal hunters","SUBJECTO":"Patagonian shellfish and marine mammal hunters","PARTOF":"Patagonian shellfish and marine mammal hunters"}},
{"type":"Feature","geometry":{"type":"MultiPolygon","coordinates":[[[[-48.639821019665945,-1.058396257203199],[-48.40189072181438,-0.390650845807173],[-50.50141235877727,-0.261749692004301],[-50.4762849478886,-1.678760803979017],[-48.639821019665945,-1.058396257203199]]],[[[-61.695771781275944,8.610088933385873],[-61.530865636365164,9.850575052458666],[-64.06826111366009,10.626809679228685],[-64.8836564688847,10.135678850371264],[-66.4781160025761,10.678809725005053],[-67.97961136390423,10.542116724211596],[-68.69460007240032,11.379503809172533],[-69.74783798743938,11.53345926876726],[-71.49555679847454,10.646208368498705],[-71.09831711341594,9.327861391264818],[-71.181697710123,9.277051023594622],[-70.68184887203134,8.55721593295672],[-65.96541257261946,8.180441590467876],[-63.06524366801216,8.32539786170036],[-61.695771781275944,8.610088933385873]]],[[[-77.09872910072063,20.533275209624193],[-77.33981796790813,21.511664949614428],[-79.75995346595501,22.758782945830248],[-81.43114944984173,23.136655412871264],[-81.79230972816204,22.207803331572435],[-78.72787949134563,21.61678846951189],[-77.09872910072063,20.533275209624193]]],[[[-70.76542374183391,18.493663393217943],[-68.6568498282597,18.873176180083178],[-70.88160416175579,19.929931246001146],[-72.67646500159954,19.39217909451189],[-72.74589249183391,18.50850065823259],[-71.40075394202923,17.70413168545427],[-70.76542374183391,18.493663393217943]]]]},"properties":{"NAME":"Caribbean hunter-gatherers","SUBJECTO":"Caribbean hunter-gatherers","PARTOF":"Caribbean hunter-gatherers"}},
{"type":"Feature","geometry":{"type":"Polygon","coordinates":[[[-76.23806263671051,-13.567877577331435],[-76.23820969154094,-13.908625997346022],[-75.20014423930196,-15.243983765203449],[-74.6729887237908,-14.891901139624238],[-74.63054940031579,-13.905364551073353],[-75.56421451676609,-12.87323543403529],[-76.23806263671051,-13.567877577331435]]]},"properties":{"NAME":"Paracas","SUBJECTO":"Paracas","PARTOF":"Paracas"}},
{"type":"Feature","geometry":{"type":"Polygon","coordinates":[[[-74.6729887237908,-14.891901139624238],[-75.20014423930196,-15.243983765203449],[-71.61186691810344,-17.22145501498518],[-71.22404953529094,-17.80511895541487],[-70.58412643958782,-18.083280957978346],[-70.18984695960735,-19.75962869052229],[-70.14768773668087,-20.268219769660544],[-68.13321559222494,-19.349095769782156],[-66.59524723372101,-19.145123826644383],[-65.90622541609757,-18.31105888474315],[-64.66180129731615,-16.804676207468987],[-64.1940629085568,-14.694582386569342],[-69.04501111905242,-8.235853806057],[-70.15820726425522,-5.735421450211085],[-66.40849393304576,3.041936481420927],[-62.65878060183632,4.152921580887431],[-58.55753164582598,3.977596077854006],[-55.8624251890192,1.695565793857857],[-55.80383591821904,0.875529465609527],[-57.97163893782451,-0.589157846288572],[-58.44035310422569,-2.287649024474563],[-56.33113935542037,-4.334740468715777],[-54.16333633581491,-4.626791146196514],[-49.06606977620206,-4.743578120004467],[-45.37494571579276,-3.165484550148441],[-44.549137999466566,-3.10260205994856],[-44.79592606116985,-1.736357845109083],[-47.237137761609304,-0.680439270775892],[-48.042530980603445,-0.815624035637953],[-49.221146550671804,-2.108145631592848],[-50.64313980628704,-1.882471717637159],[-51.529381719128835,-0.429196335118391],[-49.88430496741985,1.21387108441057],[-50.68808075477337,2.216172300536059],[-51.20926758338665,4.070678793150805],[-53.02668091346477,5.426703058440111],[-54.28620621253704,5.881543241698168],[-56.746396031872976,6.00331839199724],[-58.57506653358196,6.984399877745531],[-59.83440491248821,8.440183244902514],[-61.695771781275944,8.610088933385873],[-63.06524366801216,8.32539786170036],[-65.96541257261946,8.180441590467876],[-70.68184887203134,8.55721593295672],[-71.181697710123,9.277051023594622],[-71.28671738197063,9.213054262358568],[-72.11403366615032,9.904005609709642],[-71.6879548697636,10.769269548613451],[-72.37965866615032,11.810100160796068],[-74.21892258216594,11.367601953703783],[-75.45044418861126,10.627693735319994],[-75.70266434241985,9.425959192473314],[-76.76352402259563,8.692807756621264],[-78.20720443218802,9.351689403269319],[-78.54664449118769,8.746009004013658],[-78.50551315833782,8.685937486845873],[-77.40016647865032,6.67044600125017],[-77.10599991370891,3.792188965041063],[-78.98431107093548,1.296987973410509],[-80.0855607657597,0.817998133856676],[-80.33884903480266,-0.663181163113691],[-80.96610733558391,-1.033107079308607],[-80.87031861604711,-1.204571850152081],[-77.30243647244795,-0.891233214410893],[-74.2264997554402,-2.267524873037758],[-73.08400897483732,-4.723506751045313],[-76.4528920458458,-5.044577272594906],[-80.23865738536159,-3.477803205286776],[-80.3715715079472,-3.567196286957838],[-81.41761490394329,-4.675080694001295],[-80.0659074454472,-6.756278909485914],[-79.79706284095501,-7.194126523774244],[-79.06024643470501,-8.215522207062818],[-76.35918137122844,-13.22907964114485],[-76.23803421546673,-13.502021230500318],[-76.23806263671051,-13.567877577331435],[-75.56421451676609,-12.87323543403529],[-74.63054940031579,-13.905364551073353],[-74.6729887237908,-14.891901139624238]],[[-73.95152022471555,-9.0407630464544],[-74.12127751861561,-10.462812066037433],[-76.04458771418042,-11.381268377272281],[-77.1611068276677,-10.557170936365004],[-77.42694471183134,-8.855808477717723],[-73.95152022471555,-9.0407630464544]],[[-70.34417772933934,-17.135322570668],[-68.79514242250131,-16.38355062490271],[-68.7314834372888,-17.682007910176438],[-70.34417772933934,-17.135322570668]]]},"properties":{"NAME":"Manioc farmers","SUBJECTO":"Manioc farmers","PARTOF":"Manioc farmers"}},
{"type":"Feature","geometry":{"type":"Polygon","coordinates":[[[-70.34417772933934,-17.135322570668],[-68.7314834372888,-17.682007910176438],[-68.79514242250131,-16.38355062490271],[-70.34417772933934,-17.135322570668]]]},"properties":{"NAME":"Wankarani","SUBJECTO":"Wankarani","PARTOF":"Wankarani"}},
{"type":"Feature","geometry":{"type":"Polygon","coordinates":[[[-94.11755719209039,29.69269900006508],[-94.11755719209039,31.93047980661485],[-95.8203078747199,32.71453265402474],[-97.13856646772321,34.47135574600093],[-96.40620058272137,35.6463101014922],[-94.11755719209039,35.87563266465669],[-94.11755719209039,39.73169383481236],[-94.23473573369067,46.72103383947717],[-95.56635546846715,49.996303801904524],[-98.92187739770243,50.2317206620755],[-105.19092937331824,51.45252059422696],[-114.46737387359948,51.99955012922175],[-114.12579317034083,47.95182480671353],[-111.66773503433551,41.93525523128791],[-111.54786525513434,41.64185091509596],[-104.51715275911663,33.873009655417874],[-98.18951151270068,29.180839383625194],[-97.20648541578431,28.073580382344584],[-97.11536881019329,28.10694845791521],[-96.83145615150188,28.15840109463396],[-94.11755719209039,29.69269900006508]]]},"properties":{"NAME":"Plain bison hunters","SUBJECTO":"Plain bison hunters","PARTOF":"Plain bison hunters"}},
{"type":"Feature","geometry":{"type":"Polygon","coordinates":[[[-120.13217009553428,34.518639095266465],[-119.78493210365032,34.45920523281755],[-117.49671646644329,33.325431429106615],[-115.60230728675579,29.685151659209154],[-114.06728836585735,28.42289312954607],[-114.47785660316204,27.243947588164232],[-112.41098496009563,26.19277151699724],[-112.16581436683391,25.010667406279467],[-110.79756638099407,24.8800483572072],[-112.86987015296673,28.334659181792162],[-114.68277451087688,30.14322432156267],[-114.83865067054485,31.815496050078295],[-113.05207535316204,31.13870009060564],[-111.69163223792766,28.49610289211931],[-110.60444351722454,27.856137834746264],[-109.93666030813027,28.204353485407555],[-107.5637948407243,27.76457612510461],[-104.22420640511586,25.115656057798073],[-100.35731453230613,23.969822801072763],[-97.82193741595154,24.14289165269257],[-97.25996109534954,25.811372362334154],[-97.44714829017376,27.985446535307787],[-97.20648541578431,28.073580382344584],[-98.18951151270068,29.180839383625194],[-104.51715275911663,33.873009655417874],[-111.54786525513434,41.64185091509596],[-111.66773503433551,41.93525523128791],[-119.01799728215308,43.11329780515409],[-120.47361831890835,43.5702362219749],[-121.36156811415898,39.68662126087367],[-120.13217009553428,34.518639095266465]]]},"properties":{"NAME":"Desert hunter-gatherers","SUBJECTO":"Desert hunter-gatherers","PARTOF":"Desert hunter-gatherers"}},
{"type":"Feature","geometry":{"type":"Polygon","coordinates":[[[-120.47361831890835,43.5702362219749],[-119.01799728215308,43.11329780515409],[-111.66773503433551,41.93525523128791],[-114.12579317034083,47.95182480671353],[-114.46737387359948,51.99955012922175],[-115.03392686774305,52.03295961287972],[-125.6971741533699,55.193958165256824],[-128.5879066342332,55.05741560353968],[-124.75974582056752,52.44778520770332],[-120.48272905215676,48.962018954129185],[-120.30696123975633,44.29914221354117],[-120.47361831890835,43.5702362219749]]]},"properties":{"NAME":"Plateau fichers and hunter gatherers","SUBJECTO":"Plateau fichers and hunter gatherers","PARTOF":"Plateau fichers and hunter gatherers"}},
{"type":"Feature","geometry":{"type":"Polygon","coordinates":[[[-120.20444199134563,34.53100927944841],[-120.13217009553428,34.518639095266465],[-121.36156811415898,39.68662126087367],[-120.47361831890835,43.5702362219749],[-120.30696123975633,44.29914221354117],[-120.48272905215676,48.962018954129185],[-124.75974582056752,52.44778520770332],[-128.5879066342332,55.05741560353968],[-129.85166667284474,54.99772241705144],[-130.00363632728315,53.93796118374529],[-127.55576798011516,52.16784247036638],[-127.24746414710735,50.96811636563005],[-122.60556503822063,48.83472784634294],[-124.6752824454472,48.38582571621599],[-123.99469467689251,45.76409491177263],[-124.1404924063847,44.7891116964406],[-124.23045217275275,44.45096392151133],[-124.62967392493938,43.013995729643725],[-124.15260788490032,41.58015020962419],[-124.36481186439251,40.33432348843279],[-123.79630753089641,39.03041037197771],[-121.93205734779094,37.00897558804216],[-121.92680069495891,36.33826788540544],[-120.20444199134563,34.53100927944841]]]},"properties":{"NAME":"North American Pacifi foraging, hunting and fishing peoples","SUBJECTO":"North American Pacifi foraging, hunting and fishing peoples","PARTOF":"North American Pacifi foraging, hunting and fishing peoples"}},
{"type":"Feature","geometry":{"type":"Polygon","coordinates":[[[32.87901205431842,12.47057777574944],[30.599761371261398,11.115971520296771],[24.074465964367207,11.181973046384048],[23.19994183767005,11.775300538947805],[20.441827284240546,11.972795349850172],[17.750983817480044,12.82691062976631],[8.26576059714931,12.367349972804174],[2.345904970276228,13.285633546771772],[-6.264794123357348,13.351095379469161],[-13.395529310272655,14.916671886604806],[-16.87041946937298,14.363524996001146],[-16.77209946204876,12.597077928740404],[-14.591384854809991,10.46654852505388],[-13.680051770703546,9.91564520474138],[-12.263942685620538,7.35138853665056],[-9.247899022595636,5.17188414211931],[-7.528605428235284,4.336791597563646],[-4.999971356885187,5.238270841795824],[-2.031221595303766,4.698200784880541],[1.557863506777533,6.237427316862963],[3.949497255785712,6.579388700682543],[5.44819215248371,5.476928793150805],[5.359488992633966,5.368345627897537],[12.604745687300603,7.731968465838291],[22.224511080969368,6.196195772852339],[33.92968016137751,2.843586349070006],[36.01508384811689,1.297408540251279],[38.773198401546395,-2.267256227148658],[39.479544811571024,-2.468897035586251],[40.4549755682717,-1.3595608910117],[40.85860208828577,0.322086976400683],[42.540379255011075,1.263781398355505],[44.136579672502506,1.151131692540679],[44.300696405871165,1.290809475142382],[46.36050322960163,2.667831026274584],[48.4715795845821,5.201433740813158],[50.77938369224812,9.36842020626726],[51.18070510338093,11.777448259550951],[49.3035002083614,11.246025644499682],[47.39071181724812,11.159307085234545],[44.28083709190632,10.396465860564135],[43.36809447716023,11.455634676176928],[43.3304777474239,12.434074007231615],[42.40844253013874,13.175496660429857],[38.30499949882727,13.221631095160145],[37.80425671953651,14.223116653741668],[38.30499949882727,15.057687952559606],[39.517928156359446,15.46304854031267],[39.23590702458268,16.248613143243993],[35.829265993318884,14.223975271975576],[35.3839999529645,12.80434544575118],[32.87901205431842,12.47057777574944]],[[38.605020684873864,6.597308569790442],[35.57782178476831,5.527006069275479],[33.02152049134584,6.864538013373648],[32.34880962465572,9.527647378549165],[34.23240005138806,11.70943726607304],[37.125056778155596,11.64355829727965],[39.14318937822596,9.06293447268527],[38.605020684873864,6.597308569790442]]]},"properties":{"NAME":"West African cereal farmers","SUBJECTO":"West African cereal farmers","PARTOF":"West African cereal farmers"}},
{"type":"Feature","geometry":{"type":"MultiPolygon","coordinates":[[[[45.196936640246165,-16.0374263894969],[44.45442870567585,-16.242399610322096],[43.97164824913288,-17.552675641816236],[44.47033599327351,-20.17013780001936],[43.50102523277546,-21.49418679599104],[43.67141250084187,-24.226787961762525],[44.425330194933665,-25.31205026034651],[45.576182398302805,-25.62107697848616],[47.25847915123249,-24.765831388276197],[48.087378534777415,-22.04376069430647],[49.34185317466999,-18.227621473115065],[49.42470839927937,-17.197809613984205],[50.503340754015696,-15.314229406159498],[49.81718734215046,-12.83071366671858],[48.75133803795124,-13.417710698884108],[46.92456725548054,-15.360046781342604],[45.196936640246165,-16.0374263894969]]],[[[44.136579672502506,1.151131692540679],[42.540379255011075,1.263781398355505],[40.85860208828577,0.322086976400683],[40.4549755682717,-1.3595608910117],[39.479544811571024,-2.468897035586251],[38.773198401546395,-2.267256227148658],[36.01508384811689,1.297408540251279],[33.92968016137751,2.843586349070006],[22.224511080969368,6.196195772852339],[12.604745687300603,7.731968465838291],[5.359488992633966,5.368345627897537],[5.354585680468329,5.362343393523119],[5.606589827044257,4.632113062102221],[6.844479593737372,4.291642271239184],[8.874658617480048,4.620119177061937],[9.923090013964423,2.824045501906298],[9.202508005602606,-0.634416438382246],[9.656445536120184,-2.419099487107374],[11.772603067858466,-4.536981023591139],[13.387093576891669,-8.15567819003401],[13.203851732714423,-9.636731542389967],[13.816288980944403,-10.976270116608717],[13.649036440356024,-12.196759618561842],[12.585389170153388,-13.463659681122877],[11.782002481920966,-15.867509282868483],[11.774609598620184,-17.59605256442366],[14.415466341479071,-22.267668165009596],[14.843331369860419,-25.62222329501448],[15.453804048998602,-27.61645928744612],[16.788300547106513,-29.138924039643385],[18.178561243517645,-31.805298246186354],[18.487156900866278,-34.39771691684065],[20.25607207725788,-34.62289086703596],[22.681775125963934,-34.10311547641096],[24.429938349230536,-34.33470193270979],[26.658656153185614,-33.84707299594221],[28.921853098376044,-32.29790917758284],[32.234744104845774,-28.74441758517561],[33.347266230089915,-25.303612149994947],[34.88371947716023,-24.72201577548323],[35.260760340197336,-22.274328626435377],[34.72620299766804,-19.860380567353346],[37.27531722496296,-17.713161863129713],[39.471255335314524,-16.717016614716627],[40.38579848716999,-15.73632661227522],[40.59920791099812,-14.401239789765455],[40.311343225939524,-11.344973005097486],[39.6576147408321,-9.795738614838697],[38.921526941759836,-6.340208925049879],[39.26727202842976,-4.776162542145826],[40.23441604088093,-3.191706575196363],[43.724307093127024,0.800251446921251],[44.136579672502506,1.151131692540679]]]]},"properties":{"NAME":"Khoiasan","SUBJECTO":"Khoiasan","PARTOF":"Khoiasan"}},
{"type":"Feature","geometry":{"type":"Polygon","coordinates":[[[33.345321283718846,23.354044941061307],[33.690083292409675,23.54952842887194],[33.69008329238944,23.54952842916048],[33.3453212836059,23.354044941297275],[33.345321283718846,23.354044941061307]]]},"properties":{"NAME":"Saharan Pastoral Nomads","SUBJECTO":"Saharan Pastoral Nomads","PARTOF":"Saharan Pastoral Nomads"}},
{"type":"Feature","geometry":{"type":"Polygon","coordinates":[[[37.12776854942585,21.227176271635912],[35.74630263756062,22.914340578276537],[35.468489679796946,23.720668398100756],[35.72469619224812,23.91181906338396],[35.189864191515696,24.39991911526384],[35.1898641916191,24.399919115022463],[33.657230668213316,24.017988632918694],[33.690083292409675,23.54952842887194],[33.345321283718846,23.354044941061307],[34.55125236699957,20.183338169133883],[37.12776854942585,21.227176271635912]]]},"properties":{"NAME":"Blemmyes","SUBJECTO":"Blemmyes","PARTOF":"Blemmyes"}},
{"type":"Feature","geometry":{"type":"Polygon","coordinates":[[[35.18986419067511,24.399919114787224],[35.1898641916191,24.399919115022463],[35.189864191515696,24.39991911526384],[35.18986419067511,24.399919114787224]]]},"properties":{"NAME":"Saharan Pastoral Nomads","SUBJECTO":"Saharan Pastoral Nomads","PARTOF":"Saharan Pastoral Nomads"}},
{"type":"Feature","geometry":{"type":"Polygon","coordinates":[[[39.517928156359446,15.46304854031267],[38.685671839220774,18.002805315215014],[37.39818480919148,18.91500052090349],[37.12776854942585,21.227176271635912],[34.55125236699957,20.183338169133883],[35.22911804139363,18.509996135557373],[35.969181053381675,15.482465631969934],[35.829265993318884,14.223975271975576],[39.23590702458268,16.248613143243993],[39.517928156359446,15.46304854031267]]]},"properties":{"NAME":"Saharan Pastoral Nomads","SUBJECTO":"Saharan Pastoral Nomads","PARTOF":"Saharan Pastoral Nomads"}},
{"type":"Feature","geometry":{"type":"Polygon","coordinates":[[[5.354585680468329,5.362343393523119],[5.359488992633966,5.368345627897537],[5.44819215248371,5.476928793150805],[5.354585680468329,5.362343393523119]]]},"properties":{"NAME":"Saharan Pastoral Nomads","SUBJECTO":"Saharan Pastoral Nomads","PARTOF":"Saharan Pastoral Nomads"}},
{"type":"Feature","geometry":{"type":"Polygon","coordinates":[[[44.136579672502506,1.151131692540679],[43.724307093127024,0.800251446921251],[44.300696405871165,1.290809475142382],[44.136579672502506,1.151131692540679]]]},"properties":{"NAME":"Saharan Pastoral Nomads","SUBJECTO":"Saharan Pastoral Nomads","PARTOF":"Saharan Pastoral Nomads"}},
{"type":"Feature","geometry":{"type":"Polygon","coordinates":[[[43.724307093127024,0.800251446921251],[44.136579672502506,1.151131692540679],[42.540379255011075,1.263781398355505],[40.85860208828577,0.322086976400683],[40.4549755682717,-1.3595608910117],[39.479544811571024,-2.468897035586251],[38.773198401546395,-2.267256227148658],[36.01508384811689,1.297408540251279],[33.92968016137751,2.843586349070006],[22.224511080969368,6.196195772852339],[12.604745687300603,7.731968465838291],[5.359488992633966,5.368345627897537],[5.354585680468329,5.362343393523119],[5.606589827044257,4.632113062102221],[6.844479593737372,4.291642271239184],[8.874658617480048,4.620119177061937],[9.923090013964423,2.824045501906298],[9.202508005602606,-0.634416438382246],[9.656445536120184,-2.419099487107374],[11.772603067858466,-4.536981023591139],[13.387093576891669,-8.15567819003401],[13.203851732714423,-9.636731542389967],[13.816288980944403,-10.976270116608717],[13.649036440356024,-12.196759618561842],[12.585389170153388,-13.463659681122877],[11.782002481920966,-15.867509282868483],[11.774609598620184,-17.59605256442366],[14.415466341479071,-22.267668165009596],[14.843331369860419,-25.62222329501448],[15.453804048998602,-27.61645928744612],[16.788300547106513,-29.138924039643385],[18.178561243517645,-31.805298246186354],[18.487156900866278,-34.39771691684065],[20.25607207725788,-34.62289086703596],[22.681775125963934,-34.10311547641096],[24.429938349230536,-34.33470193270979],[26.658656153185614,-33.84707299594221],[28.921853098376044,-32.29790917758284],[32.234744104845774,-28.74441758517561],[33.347266230089915,-25.303612149994947],[34.88371947716023,-24.72201577548323],[35.260760340197336,-22.274328626435377],[34.72620299766804,-19.860380567353346],[37.27531722496296,-17.713161863129713],[39.471255335314524,-16.717016614716627],[40.38579848716999,-15.73632661227522],[40.59920791099812,-14.401239789765455],[40.311343225939524,-11.344973005097486],[39.6576147408321,-9.795738614838697],[38.921526941759836,-6.340208925049879],[39.26727202842976,-4.776162542145826],[40.23441604088093,-3.191706575196363],[43.724307093127024,0.800251446921251]]]},"properties":{"NAME":null,"SUBJECTO":null,"PARTOF":null}},
{"type":"Feature","geometry":{"type":"Polygon","coordinates":[[[38.605020684873864,6.597308569790442],[39.14318937822596,9.06293447268527],[37.125056778155596,11.64355829727965],[34.23240005138806,11.70943726607304],[32.34880962465572,9.527647378549165],[33.02152049134584,6.864538013373648],[35.57782178476831,5.527006069275479],[38.605020684873864,6.597308569790442]]]},"properties":{"NAME":null,"SUBJECTO":null,"PARTOF":null}},
{"type":"Feature","geometry":{"type":"Polygon","coordinates":[[[31.0578537920065,22.68126038494451],[31.206054928541864,24.248332434990488],[28.406155989341126,27.743383003939627],[25.454770481600722,28.97753921542222],[25.44282994906524,30.681699853941133],[22.092117751695117,31.753927757099575],[20.11676886986042,30.957103334624193],[19.124539408190497,30.19894369717302],[18.828563585704636,29.798384134220665],[13.438640102509929,31.145865005019342],[10.002563881973302,32.42597183227809],[7.509724270995751,34.4471931384761],[3.399907615059783,34.4471931384761],[-1.585771606895321,33.23446035475729],[-4.01123717433294,33.301834398297224],[-6.75297447730755,34.123351656157396],[-9.21868607093548,32.5803600179738],[-9.81326672126507,31.289060198027514],[-9.662592854993097,29.95481642361345],[-11.576458898083917,28.228616319853685],[-12.866208997266046,27.857324205595873],[-14.367254224316827,26.119227968413256],[-14.820046391980402,24.73287733669939],[-15.714025464551202,23.873057924467943],[-17.051907506482355,21.00409849758806],[-16.34728142310833,20.522616945464037],[-15.982691731946222,18.178399645048998],[-16.87041946937298,14.363524996001146],[-13.395529310272655,14.916671886604806],[-6.264794123357348,13.351095379469161],[2.345904970276228,13.285633546771772],[8.26576059714931,12.367349972804174],[17.750983817480044,12.82691062976631],[20.441827284240546,11.972795349850172],[23.19994183767005,11.775300538947805],[24.074465964367207,11.181973046384048],[30.599761371261398,11.115971520296771],[32.87901205431842,12.47057777574944],[31.0578537920065,13.127719684735261],[30.267855513278224,15.536480721828159],[29.846841590571525,20.124679070804007],[31.0578537920065,22.68126038494451]]]},"properties":{"NAME":"Saharan Pastoral Nomads","SUBJECTO":"Saharan Pastoral Nomads","PARTOF":"Saharan Pastoral Nomads"}},
{"type":"Feature","geometry":{"type":"Polygon","coordinates":[[[-95.56635546846715,49.996303801904524],[-94.23473573369067,46.72103383947717],[-94.11755719209039,39.73169383481236],[-94.11755719209039,35.87563266465669],[-96.40620058272137,35.6463101014922],[-97.13856646772321,34.47135574600093],[-95.8203078747199,32.71453265402474],[-94.11755719209039,31.93047980661485],[-94.11755719209039,29.69269900006508],[-90.77903458167766,29.10867270107927],[-89.23280808021282,30.406005464751146],[-86.38868423988079,30.47271307583513],[-85.3047761588261,29.66390761013689],[-83.88618179847454,30.04834898586931],[-82.6469621329472,28.906501375395678],[-82.4292878775761,27.826148592192553],[-80.59153010156074,28.49188131613878],[-81.51154800941204,30.72724875088396],[-80.58063980628704,32.496783815581225],[-76.62176224281048,34.76295050259294],[-75.72924515296673,35.882125459868334],[-75.66752335120891,37.8981090414113],[-74.15280624915813,39.76523550625505],[-73.74050613929485,40.97749289150896],[-70.3020906119511,41.75944098110857],[-70.86807724525188,42.871425234038256],[-70.21647354652141,43.799621187407396],[-67.16887375404094,44.71121557827654],[-65.71257492591594,43.55995138760271],[-61.032086339490164,45.3788333761281],[-64.53479477454876,46.271659456450365],[-66.02990433265423,49.16588171597185],[-69.25392624427532,48.120055757719896],[-71.03368165476002,46.74621076936823],[-72.32234845443543,46.29511259543804],[-81.93098886565963,48.90187753952613],[-85.03622021806746,49.0940751201903],[-87.78991594567441,49.93094833834401],[-95.56635546846715,49.996303801904524]],[[-86.27588580000001,42.44202895],[-87.9083685,43.19183065],[-86.7200657,45.86716155],[-85.38184874999999,46.07483505],[-86.513782,43.68081785],[-86.27588580000001,42.44202895]],[[-84.63379335,45.750982525],[-83.793586075,46.2570047],[-80.8070809,45.954834575],[-81.807915275,43.3176176],[-83.3855778,44.3126677],[-84.63379335,45.750982525]],[[-92.25597275,46.6468545],[-89.5166857,48.003690725],[-88.09495135,49.0046085],[-85.026610175,47.939546825],[-84.442197375,46.817028875],[-87.27262622500001,46.51189025],[-90.831846925,46.94397755],[-92.25597275,46.6468545]],[[-85.56398944935161,37.55263867010867],[-85.97043607596554,40.059641447393545],[-79.8059955723213,41.445101928141334],[-78.31569127473693,40.65327411680445],[-79.97534833341042,37.57948619350637],[-82.14306367535126,36.95954975646751],[-85.56398944935161,37.55263867010867]]]},"properties":{"NAME":"Eastern North Amercian hunter-gatherers","SUBJECTO":"Eastern North Amercian hunter-gatherers","PARTOF":"Eastern North Amercian hunter-gatherers"}},
{"type":"Feature","geometry":{"type":"Polygon","coordinates":[[[-85.56398944935161,37.55263867010867],[-82.14306367535126,36.95954975646751],[-79.97534833341042,37.57948619350637],[-78.31569127473693,40.65327411680445],[-79.8059955723213,41.445101928141334],[-85.97043607596554,40.059641447393545],[-85.56398944935161,37.55263867010867]]]},"properties":{"NAME":"Adena Culture","SUBJECTO":"Adena Culture","PARTOF":"Adena Culture"}},
{"type":"Feature","geometry":{"type":"Polygon","coordinates":[[[-80.59153010156074,28.49188131613878],[-82.4292878775761,27.826148592192553],[-82.31009384681438,26.82493170376482],[-81.09792038490032,25.125047289091967],[-80.31409927894329,25.243880830962084],[-80.04998489906048,26.551089845854662],[-80.59153010156074,28.49188131613878]]]},"properties":{"NAME":"Glades Culture","SUBJECTO":"Glades Culture","PARTOF":"Glades Culture"}},
{"type":"Feature","geometry":{"type":"Polygon","coordinates":[[[-4.153334,53.225555],[-4.276945,53.398331],[-4.5675,53.273331],[-4.351389,53.124443],[-4.153334,53.225555]]]},"properties":{"NAME":null,"SUBJECTO":null,"PARTOF":null}},
{"type":"Feature","geometry":{"type":"Polygon","coordinates":[[[-5.103612,55.438606],[-5.154723,55.673332],[-5.400278,55.600555],[-5.103612,55.438606]]]},"properties":{"NAME":null,"SUBJECTO":null,"PARTOF":null}},
{"type":"Feature","geometry":{"type":"Polygon","coordinates":[[[-6.121667,55.878883],[-6.3275,55.589439],[-6.024723,55.68083200000012],[-6.121667,55.878883]]]},"properties":{"NAME":null,"SUBJECTO":null,"PARTOF":null}},
{"type":"Feature","geometry":{"type":"Polygon","coordinates":[[[-5.946945,55.829994],[-5.746112,56.06360600000011],[-5.968056,56.023605],[-6.078889,55.905548],[-5.946945,55.829994]]]},"properties":{"NAME":null,"SUBJECTO":null,"PARTOF":null}},
{"type":"Feature","geometry":{"type":"Polygon","coordinates":[[[-7.466945,56.940826],[-7.376112,56.978607],[-7.445556,57.05555],[-7.553612,56.966385],[-7.466945,56.940826]]]},"properties":{"NAME":null,"SUBJECTO":null,"PARTOF":null}},
{"type":"Feature","geometry":{"type":"Polygon","coordinates":[[[-7.223056,57.337494],[-7.425,57.382217],[-7.38139,57.108604],[-7.230278,57.09471900000011],[-7.223056,57.337494]]]},"properties":{"NAME":null,"SUBJECTO":null,"PARTOF":null}},
{"type":"Feature","geometry":{"type":"Polygon","coordinates":[[[-7.268889,57.39888800000011],[-7.204722,57.460831],[-7.351111,57.489441],[-7.388056,57.423882],[-7.268889,57.39888800000011]]]},"properties":{"NAME":null,"SUBJECTO":null,"PARTOF":null}},
{"type":"Feature","geometry":{"type":"Polygon","coordinates":[[[-7.188612,57.68721800000014],[-7.476945,57.562492],[-7.15389,57.509438],[-7.188612,57.68721800000014]]]},"properties":{"NAME":null,"SUBJECTO":null,"PARTOF":null}},
{"type":"Feature","geometry":{"type":"Polygon","coordinates":[[[-7.00639,57.881386000000134],[-6.993611,57.91861],[-7.073611,57.896111],[-7.00639,57.881386000000134]]]},"properties":{"NAME":null,"SUBJECTO":null,"PARTOF":null}},
{"type":"Feature","geometry":{"type":"Polygon","coordinates":[[[-6.802222,58.203049],[-6.794445,58.218048],[-6.854167,58.25],[-6.873056,58.206383],[-6.802222,58.203049]]]},"properties":{"NAME":null,"SUBJECTO":null,"PARTOF":null}},
{"type":"Feature","geometry":{"type":"Polygon","coordinates":[[[-6.204167,58.35611],[-7.031945,58.238052],[-6.473889,57.940277],[-6.204167,58.35611]]]},"properties":{"NAME":null,"SUBJECTO":null,"PARTOF":null}},
{"type":"Feature","geometry":{"type":"Polygon","coordinates":[[[-2.918334,58.731941],[-2.876667,58.820274],[-3.036945,58.818054],[-2.918334,58.731941]]]},"properties":{"NAME":null,"SUBJECTO":null,"PARTOF":null}},
{"type":"Feature","geometry":{"type":"Polygon","coordinates":[[[-3.231389,58.775551],[-3.136389,58.804161],[-3.335556,58.927498],[-3.431111,58.871384],[-3.231389,58.775551]]]},"properties":{"NAME":null,"SUBJECTO":null,"PARTOF":null}},
{"type":"Feature","geometry":{"type":"Polygon","coordinates":[[[-2.793056,58.951385],[-3.076945,59.121666],[-3.195,58.91111000000012],[-2.793056,58.951385]]]},"properties":{"NAME":null,"SUBJECTO":null,"PARTOF":null}},
{"type":"Feature","geometry":{"type":"Polygon","coordinates":[[[-2.681389,59.195831],[-2.620556,59.236107],[-2.495556,59.244995],[-2.414444,59.313606],[-2.592778,59.29055],[-2.681389,59.195831]]]},"properties":{"NAME":null,"SUBJECTO":null,"PARTOF":null}},
{"type":"Feature","geometry":{"type":"Polygon","coordinates":[[[-2.89,59.29527300000012],[-3.048889,59.329163],[-3.003334,59.263611],[-2.971945,59.287216],[-2.89,59.29527300000012]]]},"properties":{"NAME":null,"SUBJECTO":null,"PARTOF":null}},
{"type":"Feature","geometry":{"type":"Polygon","coordinates":[[[-1.296111,60.491104],[-1.320278,60.356384],[-1.655,60.226105],[-1.126111,60.151665],[-1.041389,60.446938],[-1.296111,60.491104]]]},"properties":{"NAME":null,"SUBJECTO":null,"PARTOF":null}},
{"type":"Feature","geometry":{"type":"Polygon","coordinates":[[[-1.029444,60.495827],[-0.991111,60.719994],[-1.177222,60.63666500000011],[-1.029444,60.495827]]]},"properties":{"NAME":null,"SUBJECTO":null,"PARTOF":null}},
{"type":"Feature","geometry":{"type":"Polygon","coordinates":[[[-0.819722,60.68888900000013],[-0.767778,60.82888800000012],[-0.938889,60.79444100000012],[-0.965556,60.688049],[-0.819722,60.68888900000013]]]},"properties":{"NAME":null,"SUBJECTO":null,"PARTOF":null}},
{"type":"Feature","geometry":{"type":"Polygon","coordinates":[[[-6.706944,61.937492000000134],[-6.718889,62.02861],[-7.192223,62.3077770000001],[-7.232223,62.172493],[-6.706944,61.937492000000134]]]},"properties":{"NAME":null,"SUBJECTO":null,"PARTOF":null}},
{"type":"Feature","geometry":{"type":"Polygon","coordinates":[[[-4.777779,54.05555],[-4.394444,54.186386],[-4.5275,54.367218],[-4.777779,54.05555]]]},"properties":{"NAME":null,"SUBJECTO":null,"PARTOF":null}},
{"type":"Feature","geometry":{"type":"Polygon","coordinates":[[[18.206108,56.911942],[18.711941,57.241661],[18.809166,57.703606],[18.111385,57.51944],[18.206108,56.911942]]]},"properties":{"NAME":null,"SUBJECTO":null,"PARTOF":null}},
{"type":"Feature","geometry":{"type":"Polygon","coordinates":[[[129.715515,28.451107],[129.157745,28.234993],[129.368561,28.116108],[129.715515,28.451107]]]},"properties":{"NAME":null,"SUBJECTO":null,"PARTOF":null}},
{"type":"Feature","geometry":{"type":"Polygon","coordinates":[[[129.963013,29.957218000000125],[129.94165,30],[129.92358400000012,29.983883],[129.963013,29.957218000000125]]]},"properties":{"NAME":null,"SUBJECTO":null,"PARTOF":null}},
{"type":"Feature","geometry":{"type":"Polygon","coordinates":[[[129.89636200000018,29.87416500000012],[129.877167,29.83083],[129.923309,29.824997],[129.89636200000018,29.87416500000012]]]},"properties":{"NAME":null,"SUBJECTO":null,"PARTOF":null}},
{"type":"Feature","geometry":{"type":"Polygon","coordinates":[[[130.906097,30.354717000000107],[131.074402,30.689163],[130.945251,30.683331000000123],[130.906097,30.354717000000107]]]},"properties":{"NAME":null,"SUBJECTO":null,"PARTOF":null}},
{"type":"Feature","geometry":{"type":"Polygon","coordinates":[[[130.558594,30.236382000000106],[130.671906,30.373329000000126],[130.510803,30.458885000000123],[130.387207,30.397217],[130.558594,30.236382000000106]]]},"properties":{"NAME":null,"SUBJECTO":null,"PARTOF":null}},
{"type":"Feature","geometry":{"type":"Polygon","coordinates":[[[121.734711,25.138885],[121.384987,25.157497],[121.00166300000012,25.001663],[120.697746,24.60083],[120.694702,24.59638600000011],[120.665817,24.533054],[120.642761,24.47916],[120.558868,24.385273],[120.4272,24.149998],[120.11554,23.631386],[120.328598,22.519444],[120.573036,22.366108],[120.674988,22.181938],[120.69303900000011,22.104443],[120.68637100000012,22.053608],[120.698318,21.945827],[120.88247700000011,22.039440000000127],[120.878593,22.341385000000116],[121.839706,24.476383000000112],[121.81694000000016,24.847775],[121.999153,25.01083],[121.734711,25.138885]]]},"properties":{"NAME":null,"SUBJECTO":null,"PARTOF":null}},
{"type":"Feature","geometry":{"type":"Polygon","coordinates":[[[128.900818,32.643051],[128.649414,32.777771],[128.610229,32.61166400000013],[128.900818,32.643051]]]},"properties":{"NAME":null,"SUBJECTO":null,"PARTOF":null}},
{"type":"Feature","geometry":{"type":"Polygon","coordinates":[[[128.532471,38.330551],[128.279694,38.43027500000011],[128.260529,38.411659],[128.2435610000001,38.395271],[128.150818,38.335266000000104],[128.01052900000013,38.30555],[127.133881,38.29916400000013],[126.54749300000015,37.647217],[126.766098,37.231934],[126.658867,37.248604000000114],[126.660812,37.161934],[126.661102,37.156097],[126.723038,37.131660000000124],[126.738586,37.14888],[126.75943,37.168884],[126.769989,37.174164],[126.869141,37.176384],[126.85942100000011,37.138885],[126.77304100000015,37.118599],[126.754173,37.054161000000136],[126.752777,37.04860700000012],[126.756104,37.044441],[126.865807,36.950546],[126.921654,36.916939],[126.99220300000013,36.91082],[126.846367,36.752495000000124],[126.823318,36.913879],[126.781097,36.963608],[126.76138300000014,36.969986],[126.499153,37.049721],[126.44914200000017,36.99137900000011],[126.33499100000017,36.9855500000001],[126.344994,36.95665700000012],[126.352768,36.948875],[126.38304100000016,36.929436],[126.32083100000011,36.8780440000001],[126.32166300000017,36.884438],[126.308868,36.942215],[126.304428,36.962212],[126.286102,36.959991],[126.184418,36.878326],[126.19166600000017,36.819885],[126.12359600000013,36.70916000000011],[126.49720800000011,36.72387700000013],[126.544418,36.136406],[126.75193800000011,35.778328],[126.479431,35.639992],[126.371368,34.789162],[126.620247,34.624161],[126.463318,34.484718],[126.478317,34.345268],[126.524986,34.316101],[126.556374,34.300545],[126.60027300000013,34.30027],[126.683868,34.434433000000126],[126.772491,34.582771],[126.800812,34.46305100000012],[126.81694,34.44249],[126.889427,34.412491],[126.896942,34.449158],[126.98552700000016,34.526382],[126.989433,34.537773],[127.00972000000013,34.602219],[127.21666000000016,34.707497],[127.27388,34.727486],[127.328598,34.74305],[127.352768,34.692764],[127.242203,34.569443],[127.315262,34.443604],[127.554153,34.656097],[128.451904,34.845543],[129.136932,35.11221300000011],[129.43942300000015,35.475822],[129.342468,37.257217],[128.532471,38.330551]]]},"properties":{"NAME":null,"SUBJECTO":null,"PARTOF":null}},
{"type":"Feature","geometry":{"type":"Polygon","coordinates":[[[123.870819,24.252499],[123.92192100000011,24.371109],[123.767212,24.41444],[123.678864,24.316109],[123.870819,24.252499]]]},"properties":{"NAME":null,"SUBJECTO":null,"PARTOF":null}},
{"type":"Feature","geometry":{"type":"Polygon","coordinates":[[[125.356369,24.776665],[125.261932,24.878883],[125.252213,24.737774],[125.356369,24.776665]]]},"properties":{"NAME":null,"SUBJECTO":null,"PARTOF":null}},
{"type":"Feature","geometry":{"type":"Polygon","coordinates":[[[124.26165800000012,24.457497],[124.077766,24.419994],[124.121918,24.344997],[124.22971300000017,24.338329],[124.26165800000012,24.457497]]]},"properties":{"NAME":null,"SUBJECTO":null,"PARTOF":null}},
{"type":"Feature","geometry":{"type":"Polygon","coordinates":[[[128.252777,26.63888500000013],[128.247192,26.839996],[127.958878,26.544441],[128.252777,26.63888500000013]]]},"properties":{"NAME":null,"SUBJECTO":null,"PARTOF":null}},
{"type":"Feature","geometry":{"type":"Polygon","coordinates":[[[126.76193200000012,26.38694],[126.701927,26.348606],[126.781097,26.29833200000013],[126.8099820000001,26.346943],[126.76193200000012,26.38694]]]},"properties":{"NAME":null,"SUBJECTO":null,"PARTOF":null}},
{"type":"Feature","geometry":{"type":"Polygon","coordinates":[[[128.95108,27.67582700000014],[129.029968,27.774441000000138],[128.89886500000011,27.89777400000014],[128.89721700000018,27.725826],[128.95108,27.67582700000014]]]},"properties":{"NAME":null,"SUBJECTO":null,"PARTOF":null}},
{"type":"Feature","geometry":{"type":"Polygon","coordinates":[[[128.609131,27.358887],[128.69635000000017,27.4486050000001],[128.52359000000013,27.413609],[128.609131,27.358887]]]},"properties":{"NAME":null,"SUBJECTO":null,"PARTOF":null}},
{"type":"Feature","geometry":{"type":"Polygon","coordinates":[[[129.992188,28.281666],[130.0324710000001,28.35305],[129.943024,28.32222],[129.992188,28.281666]]]},"properties":{"NAME":null,"SUBJECTO":null,"PARTOF":null}},
{"type":"Feature","geometry":{"type":"Polygon","coordinates":[[[129.33609000000013,28.075275],[129.3402400000001,28.110828],[129.223846,28.183605],[129.219116,28.097775],[129.33609000000013,28.075275]]]},"properties":{"NAME":null,"SUBJECTO":null,"PARTOF":null}},
{"type":"Feature","geometry":{"type":"Polygon","coordinates":[[[129.733032,29.609718],[129.75332600000013,29.64777400000014],[129.70968600000015,29.651661],[129.733032,29.609718]]]},"properties":{"NAME":null,"SUBJECTO":null,"PARTOF":null}},
{"type":"Feature","geometry":{"type":"Polygon","coordinates":[[[67.48602584312702,23.928060136992357],[68.79081252525593,23.028724275786303],[69.12606337974812,21.96850737209978],[71.0244474739864,20.657476030547045],[72.1208601326778,21.155339800078295],[73.11286452720906,20.827090822417162],[74.33967450940806,21.706002074738848],[75.22783040961649,21.296083966950334],[77.89229811024182,22.047600497895942],[78.30221621803034,21.50104302084459],[75.91102725593068,20.681206805267568],[75.9793469405621,19.79305090505912],[79.05373274897595,18.904895004850676],[80.62508549549858,20.134649328216213],[80.69340518013,22.320879236421618],[81.10332328791851,23.277354821261483],[82.60635634980973,23.209035136630064],[83.15291382686108,21.706002074738848],[84.24602878096378,21.364403651581753],[83.68471816490437,18.08344992275896],[85.11320784996296,19.442306123930834],[86.11916640709187,19.806542955595873],[87.64071944664265,21.563081346709154],[90.15706923912312,21.733573518950365],[91.57107070396687,22.543313585478685],[93.42350797799124,25.017016411441066],[93.77253089225793,26.500363797074517],[93.07448506372454,26.849386711341214],[89.75876737819094,25.976829425674474],[86.18128250695732,26.41310806850785],[83.24472307510071,27.38877756752422],[78.86872967974088,29.326403784348877],[74.33967450940806,31.475716977031745],[68.19090289258035,27.3082162145152],[68.53250131573745,25.463584729466888],[67.48602584312702,23.928060136992357]]]},"properties":{"NAME":"Mauryan Empire","SUBJECTO":"Mauryan Empire","PARTOF":"Mauryan Empire"}},
{"type":"Feature","geometry":{"type":"Polygon","coordinates":[[[25.25150779197956,65.41688879604997],[25.18612578819538,65.24265631313982],[25.195617809103457,65.26795101619156],[25.25150779197956,65.41688879604997]]]},"properties":{"NAME":null,"SUBJECTO":null,"PARTOF":null}},
{"type":"Feature","geometry":{"type":"Polygon","coordinates":[[[34.726172480089915,65.79697760220232],[34.72611897050977,65.78029310527337],[34.725588831408274,65.61499365444841],[34.726172480089915,65.79697760220232]]]},"properties":{"NAME":null,"SUBJECTO":null,"PARTOF":null}},
{"type":"Feature","geometry":{"type":"Polygon","coordinates":[[[105.60022262047077,72.74426611538591],[105.2788191170528,72.7515369283742],[105.40307092131953,72.748726095192],[105.60022262047077,72.74426611538591]]]},"properties":{"NAME":null,"SUBJECTO":null,"PARTOF":null}},
{"type":"Feature","geometry":{"type":"Polygon","coordinates":[[[170.34409823134902,60.27960975244485],[170.3368025154903,60.27710302944841],[170.51969436119342,60.33994253750505],[170.34409823134902,60.27960975244485]]]},"properties":{"NAME":null,"SUBJECTO":null,"PARTOF":null}},
{"type":"Feature","geometry":{"type":"Polygon","coordinates":[[[124.22215560386921,73.69691046353044],[123.40985396812702,73.48077734585466],[123.5007008987776,73.50494943844788],[124.22215560386921,73.69691046353044]]]},"properties":{"NAME":null,"SUBJECTO":null,"PARTOF":null}},
{"type":"Feature","geometry":{"type":"Polygon","coordinates":[[[11.528408300596416,61.89775715387968],[9.832105669482,63.683620058257006],[7.08818009804035,62.91019781704607],[5.148983511431464,61.7408824789113],[5.61548427055622,58.45521505947771],[8.153747591479071,58.08954580898943],[10.54927161644245,59.37863119717302],[13.301851305468329,55.3006969320363],[15.770541223986395,56.03321035977068],[16.744044336779364,58.311950288969896],[19.037323984606513,59.86324270840349],[17.14620879600788,60.95282705898943],[17.93625548790241,62.54800375576677],[15.43013132739913,61.86605293654498],[11.528408300596416,61.89775715387968]]]},"properties":{"NAME":null,"SUBJECTO":null,"PARTOF":null}},
{"type":"Feature","geometry":{"type":"Polygon","coordinates":[[[18.97383065981087,52.73651720819371],[19.40025287435172,54.28091894222511],[18.349998,54.833611],[15.085587000343935,54.004260266794844],[15.470547657955025,53.796035298635765],[17.563800220036708,52.59088304236021],[18.97383065981087,52.73651720819371]]]},"properties":{"NAME":"Pomeranian culture ","SUBJECTO":"Pomeranian culture ","PARTOF":"Baltic archeological cultures"}},
{"type":"Feature","geometry":{"type":"Polygon","coordinates":[[[21.163130710521042,54.899357283106404],[19.817505400323594,54.4619724075029],[19.913670163055254,54.394238522394225],[21.48165452666879,54.43566231453169],[21.163130710521042,54.899357283106404]]]},"properties":{"NAME":"Sambian-Nothangian culture","SUBJECTO":"Sambian-Nothangian culture","PARTOF":"Baltic archeological cultures"}},
{"type":"Feature","geometry":{"type":"Polygon","coordinates":[[[20.985529588134696,52.61572329987666],[18.97383065981087,52.73651720819371],[17.563800220036708,52.59088304236021],[15.470547657955025,53.796035298635765],[15.099014961352164,53.09157147740414],[16.44877831729847,51.27479516892307],[17.886569718197805,50.627822850395766],[18.414737987915924,49.55484370464976],[21.14360738145955,49.76378203628978],[22.434685374103847,50.53466230405623],[25.104869404345454,48.82614347004016],[25.721065719016593,49.61191586701183],[24.488673089674318,51.384801403199006],[23.314965823634015,51.20590721100519],[20.985529588134696,52.61572329987666]]]},"properties":{"NAME":"Bell-shaped burials culture","SUBJECTO":"Bell-shaped burials culture","PARTOF":"Baltic archeological cultures"}},
{"type":"Feature","geometry":{"type":"Polygon","coordinates":[[[21.48165452666879,54.43566231453169],[19.913670163055254,54.394238522394225],[19.817505400323594,54.4619724075029],[19.40025287435172,54.28091894222511],[18.97383065981087,52.73651720819371],[20.985529588134696,52.61572329987666],[21.862503081909193,53.069539100653806],[21.48165452666879,54.43566231453169]]]},"properties":{"NAME":"Western Masurian culture","SUBJECTO":"Western Masurian culture","PARTOF":"Baltic archeological cultures"}},
{"type":"Feature","geometry":{"type":"Polygon","coordinates":[[[24.488673089674318,51.384801403199006],[24.78209990618438,51.53106606872307],[25.05574229362601,51.9761341436252],[23.916490797479657,54.881204833264334],[21.979591270487724,54.99148323100261],[21.17252720186542,54.91899715141203],[21.163130710521042,54.899357283106404],[21.48165452666879,54.43566231453169],[21.862503081909193,53.069539100653806],[20.985529588134696,52.61572329987666],[23.314965823634015,51.20590721100519],[24.488673089674318,51.384801403199006]]]},"properties":{"NAME":"Eastern Masurian culture","SUBJECTO":"Eastern Masurian culture","PARTOF":"Baltic archeological cultures"}},
{"type":"Feature","geometry":{"type":"Polygon","coordinates":[[[21.863052,57.596657],[21.069996,56.845825],[21.17252720186542,54.91899715141203],[21.979591270487724,54.99148323100261],[22.816140235566905,56.143780961050076],[21.863052,57.596657]]]},"properties":{"NAME":"Curonians","SUBJECTO":"Curonians","PARTOF":"Baltic archeological cultures"}},
{"type":"Feature","geometry":{"type":"Polygon","coordinates":[[[29.699468343418623,55.657418463082564],[25.721065719016593,57.004449882959555],[24.309745156734483,57.100335371114525],[21.863052,57.596657],[22.816140235566905,56.143780961050076],[21.979591270487724,54.99148323100261],[23.916490797479657,54.881204833264334],[25.05574229362601,51.9761341436252],[27.775053434587036,52.313712174001026],[29.707330483904446,53.29722057045511],[28.978103382278313,54.618713409582675],[29.699468343418623,55.657418463082564]]]},"properties":{"NAME":"Brushed Pottery culture","SUBJECTO":"Brushed Pottery culture","PARTOF":"Baltic archeological cultures"}},
{"type":"Feature","geometry":{"type":"Polygon","coordinates":[[[29.707330483904446,53.29722057045511],[27.775053434587036,52.313712174001026],[25.05574229362601,51.9761341436252],[24.78209990618438,51.53106606872307],[30.591950873083714,50.16017551466333],[31.555996317925665,50.90291518585386],[31.795000820774952,52.875167628167254],[29.707330483904446,53.29722057045511]]]},"properties":{"NAME":"Milograd culture","SUBJECTO":"Milograd culture","PARTOF":"Baltic archeological cultures"}},
{"type":"Feature","geometry":{"type":"Polygon","coordinates":[[[31.555996317925665,50.90291518585386],[34.9053250757817,51.476271742537214],[38.30907614729848,53.6517686033654],[36.959312791352176,54.29034266662991],[38.455789555553515,55.93478950269306],[36.724571338144116,56.68348974373227],[33.73161780974143,56.73180931763887],[29.699468343418623,55.657418463082564],[28.978103382278313,54.618713409582675],[29.707330483904446,53.29722057045511],[31.795000820774952,52.875167628167254],[31.555996317925665,50.90291518585386]]]},"properties":{"NAME":"Plain-Pottery culture","SUBJECTO":"Plain-Pottery culture","PARTOF":"Baltic archeological cultures"}},
{"type":"Feature","geometry":{"type":"Polygon","coordinates":[[[-0.16062503744816,39.8860240804738],[0.879201921923407,41.02173575039568],[3.128878864748724,41.8572269308156],[3.001891169054755,42.77080877896013],[4.078196081621893,43.487086855132006],[6.523014101488837,43.15085180874529],[8.671724352343329,44.417403780180834],[10.339434099672971,45.02491797424572],[11.215296665692112,43.40794092928731],[12.345063311197979,42.65476316561672],[13.777394410283835,43.18279491137832],[12.345076593859442,44.30104025479021],[14.945532831652411,44.92658957119646],[15.412318262560614,43.93475683804216],[19.606965097887763,41.76153906460466],[21.72657724633245,41.89900216994664],[25.217821259417907,42.885104310478695],[26.31093621352061,44.31981768773849],[28.03655807489525,44.37528915400409],[28.22135703211819,45.48408289734172],[29.61591628502155,45.4102054464406],[30.832856211169013,46.576591097075365],[33.638838800890696,45.92677267666521],[33.55937865684773,44.93613775845232],[35.031897577746165,45.53427466030779],[35.21237472008015,46.63714178677263],[37.77345083538732,48.64151723184502],[40.31999210538861,48.23943176816061],[39.24776420223017,45.96094747394891],[37.774050745470774,44.74454077358904],[41.40974334190632,42.78824194546404],[41.68046859215046,41.79333838101091],[44.48397232547802,41.4503909332189],[44.825570748635116,40.76719408690471],[46.91063962828353,40.12977074857732],[49.66902068565632,40.24031027432146],[49.80730346153523,40.58070334072771],[47.56529525230671,43.007709108549975],[46.84594634483601,44.446410738188646],[47.55630401085163,45.45349844570818],[51.36885741661335,47.09002264614763],[53.185217890246165,46.865226350981615],[52.60973647545124,45.39955099697771],[50.874304804308665,44.626247011382006],[52.51981643150593,42.072555147368334],[53.98521712730671,42.10553701992693],[54.81849578331257,40.879569612700365],[52.84545043419148,40.18038138027849],[54.07141784141804,38.89694555874529],[53.98521712730671,37.517726503569506],[59.24699057584441,38.776001295179995],[62.58067361611201,39.887228975269196],[65.81333595818968,42.210705033637524],[67.83374992198823,42.008663637257676],[68.53250131573745,39.810718502064844],[70.5137721700486,36.66801300901958],[73.7931170323567,34.34514373155134],[74.33967450940806,31.475716977031745],[78.86872967974088,29.326403784348877],[76.60418434827025,31.041968429402388],[74.22724769332301,34.178867910941804],[74.75137453161247,36.5317752935736],[75.59966909604243,37.53716144400912],[80.53490417409674,36.167572953909854],[84.39731528858971,35.39440548108133],[83.24472307510071,27.38877756752422],[86.18128250695732,26.41310806850785],[89.75876737819094,25.976829425674474],[93.07448506372454,26.849386711341214],[93.77253089225793,26.500363797074517],[93.42350797799124,25.017016411441066],[91.57107070396687,22.543313585478685],[92.17629531334187,20.886634432036303],[94.05371383140827,19.061149202544115],[94.4648542733028,17.26426275845232],[94.14335921715046,16.215379320341967],[95.32981399009968,15.677930437285326],[96.4692488045528,16.512576662260912],[97.57322219322468,16.44506987209978],[97.82298568199421,14.616008363921068],[98.48591903160359,13.111775957304857],[98.73837569664265,11.43508108730974],[98.17717269371296,8.600222192961596],[100.13910964439656,6.177317224699877],[100.66430953453327,3.903745018202684],[101.33639815758015,2.780523143965624],[103.42773726890827,1.380763732153795],[103.34182265709187,4.805444799620531],[101.55989364097859,6.739531599242113],[100.61492446373249,6.978928648192309],[100.13154128502156,8.532050691801928],[99.07134536216999,9.898278795439623],[99.89526656578327,12.079245172697924],[100.87163070152546,12.678542696196459],[102.65849593590046,12.066133104521654],[103.03959182213093,10.897970758635424],[104.9785261483028,9.980911813933275],[104.74248031090046,8.493669115263842],[106.48202804039265,9.552120767790697],[109.07335189293171,11.635222040373705],[109.30712417076374,12.906332575041674],[108.78612044761921,15.090558611113451],[108.23614791343952,16.080380998808764],[106.43306258629109,17.550279222685717],[105.53258040855671,18.844211183745287],[106.8070402474239,20.905006014067553],[107.90002730797077,21.47900541897478],[110.07721999595906,20.867482744414232],[111.08559707115437,21.479402147490404],[112.7495222420528,21.756068788725756],[113.71678451011921,22.482215486723803],[116.4520597786739,23.250201784331225],[117.17611677330767,25.25862567557263],[114.96995895477552,26.009019491399894],[107.1331231324891,28.674609907143573],[105.23202996267236,27.999323375317164],[102.13178626666642,28.02257465410822],[101.65142816605145,29.532271541755307],[103.62026602801377,34.038722648024674],[104.73944452714774,36.60039787937575],[106.04327365738841,37.56111408060572],[106.79812210121196,39.13943355405494],[107.03595603111278,40.703682305064106],[107.62159313083764,42.09020474354697],[113.31781409119286,41.59560483910907],[118.5461715761446,41.42502313581561],[122.50021124129451,41.8095747806529],[124.0910137233513,41.26673371392129],[124.10407546470906,39.884784303862475],[125.29609206627156,39.36432608242693],[124.73619368980671,38.27978094692888],[126.20971969078327,37.75405081387224],[126.3918562264278,37.61432226772966],[126.44296554039265,37.47432669277849],[126.78633407066609,37.0739017355031],[126.79962447593952,36.94661673184099],[126.68535140465046,36.8381725179738],[126.39093306968952,36.95851095791521],[126.25480178306843,36.90731009121599],[125.96027663658406,36.722125612456225],[126.36143783043171,36.62746389980974],[126.43670180748249,36.13125952358904],[126.62643722008015,35.92805441494646],[126.22541335533406,35.163993440825365],[126.4095793099239,34.26900442715349],[126.61678603599812,34.40909155483904],[126.82445815513874,34.428554140288256],[127.35909560631062,34.80417975063982],[128.16448501060748,34.799464784819506],[129.0600233406856,35.169784151274584],[129.24999526451373,37.008876405913256],[128.4510603279903,38.255424104887865],[128.14414504478717,38.534633241850756],[127.95601943443562,38.69407232876482],[127.40455916832234,39.07533987637224],[127.2768888802364,39.22168692227068],[129.47782424400592,40.682025514799975],[129.64126113365435,41.655849062163256],[132.18178847740435,43.19463690396013],[134.13894179771685,42.99295385952654],[137.72051528404498,45.99668081875505],[140.08100417564654,48.50260504360857],[141.0472980268994,52.68965608140495],[134.8699457082304,52.00920268938546],[127.33558400130104,49.977254198409234],[119.93576446770969,51.257643821866914],[116.70675230759709,54.659373183217475],[114.0159088408366,59.54672904426065],[107.9615110406255,59.8183896994711],[99.48535412032993,55.65854236961009],[93.70004066679506,56.48455609390737],[78.36223290626025,56.41019430623805],[65.31164209247186,55.04663307077481],[59.09429166962169,56.4318399506882],[53.97646398874319,57.7086220534561],[46.105746848468755,57.7086220534561],[32.51698734132826,60.9322458642223],[29.018890834539626,61.77074313018303],[21.200139078600653,62.43518408413591],[21.560151133044013,60.51248510952654],[23.664656671984442,59.83555182095232],[28.43523124168659,60.33733709927263],[27.702038797838934,59.297504030424975],[23.415757212145575,59.11896475430193],[24.309745156734483,57.100335371114525],[25.721065719016593,57.004449882959555],[29.699468343418623,55.657418463082564],[33.73161780974143,56.73180931763887],[36.724571338144116,56.68348974373227],[38.455789555553515,55.93478950269306],[36.959312791352176,54.29034266662991],[38.30907614729848,53.6517686033654],[34.9053250757817,51.476271742537214],[31.555996317925665,50.90291518585386],[30.591950873083714,50.16017551466333],[24.78209990618438,51.53106606872307],[24.488673089674318,51.384801403199006],[25.721065719016593,49.61191586701183],[25.104869404345454,48.82614347004016],[22.434685374103847,50.53466230405623],[21.14360738145955,49.76378203628978],[18.414737987915924,49.55484370464976],[17.886569718197805,50.627822850395766],[16.44877831729847,51.27479516892307],[15.099014961352164,53.09157147740414],[15.470547657955025,53.796035298635765],[15.085587000343935,54.004260266794844],[14.472936663134345,53.87677725430193],[12.652518305285223,54.32142599697771],[11.407822641833075,53.8592906820363],[9.421020540697821,54.97648199673357],[10.147146257860907,55.764892183501146],[8.1834297509029,56.43146475430193],[8.848478350146063,53.749679170805834],[4.64101270149494,52.75569876309099],[4.264411482317694,52.07089193936052],[1.588920149309882,50.821883760649584],[0.032870042426833,49.333705507475756],[-1.891543593899957,49.526351534087084],[-3.954837766186944,47.90433844204607],[-2.004645553128473,47.04250296230974],[-1.075199690358392,46.01461752529802],[-1.561407771603815,43.52442511196794],[-3.417000499264947,43.37565191860857],[-7.636274781720392,43.72141226406755],[-8.644062963025323,42.41974981899919],[-8.694069829480402,40.992171846587084],[-9.549007382886163,38.77451666470232],[-8.667059865491144,37.12144049282732],[-7.227823701398126,37.225856386382006],[-3.337496738933601,39.230750229811406],[-0.16062503744816,39.8860240804738]]]},"properties":{"NAME":null,"SUBJECTO":null,"PARTOF":null}},
{"type":"Feature","geometry":{"type":"Polygon","coordinates":[[[-73.95152022471555,-9.0407630464544],[-77.42694471183134,-8.855808477717723],[-77.1611068276677,-10.557170936365004],[-76.04458771418042,-11.381268377272281],[-74.12127751861561,-10.462812066037433],[-73.95152022471555,-9.0407630464544]]]},"properties":{"NAME":"Chavin","SUBJECTO":"Chavin","PARTOF":"Chavin"}},
{"type":"Feature","geometry":{"type":"Polygon","coordinates":[[[83.24472307510071,27.38877756752422],[84.39731528858971,35.39440548108133],[80.53490417409674,36.167572953909854],[75.59966909604243,37.53716144400912],[74.75137453161247,36.5317752935736],[74.22724769332301,34.178867910941804],[76.60418434827025,31.041968429402388],[78.86872967974088,29.326403784348877],[83.24472307510071,27.38877756752422]]]},"properties":{"NAME":"Zhangzhung Kingdom","SUBJECTO":"Zhangzhung Kingdom","PARTOF":"Zhangzhung Kingdom"}}
]}