{"type":"FeatureCollection", "features": [
{"type":"Feature","geometry":{"type":"Polygon","coordinates":[[[-160.2403306631172,70.85846289248829],[-157.8119401601875,70.97140081973438],[-156.04321762600782,71.22303351016407],[-160.2403306631172,70.85846289248829]]]},"properties":{"NAME":null,"SUBJECTO":null,"PARTOF":null}},
{"type":"Feature","geometry":{"type":"MultiPolygon","coordinates":[[[[-83.75972458401563,65.21129187198048],[-86.24284073391797,64.54231604190235],[-85.46279617825391,63.205516420320315],[-82.10960861721875,64.6435733661211],[-83.75972458401563,65.21129187198048]]],[[[-98.96750351467969,73.72777136416798],[-101.6537370351875,72.37307318301563],[-98.93899246731641,71.39222296328907],[-96.68853470364454,72.81653936953907],[-98.96750351467969,73.72777136416798]]],[[[-92.00058456936719,72.84113653750782],[-90,73.99981268496876],[-95.06853958645704,74.06405218692188],[-95.05836960354688,72.28313788028126],[-92.00058456936719,72.84113653750782]]],[[[-84.43665787258985,75.79451330752735],[-90,75.95013006778126],[-89.69807907620313,74.61462744326954],[-80.34932419339063,74.61590155215626],[-79.49518295803907,75.27981146426563],[-84.43665787258985,75.79451330752735]]],[[[-107.59039017239454,71.89877661319142],[-111.7255372671211,72.3305850848711],[-114.64695450344922,73.35488470645313],[-118.98560806790235,72.03416784854298],[-117.31387802639844,71.47455175967579],[-117.56819626370313,69.99218329043751],[-113.15218063870313,68.59556921573048],[-110.44822403469922,68.65314062686329],[-106.8538331655586,69.45092352481251],[-104.18777176419141,68.89776190371876],[-101.80838486233594,69.13564642520313],[-101.05518051663282,70.03077276797657],[-103.86364456692579,70.70147284121876],[-105.31259628811719,72.65014227481251],[-107.59039017239454,71.89877661319142]]],[[[-156.13797470608594,70.92808111758595],[-156.04321762600782,71.22303351016407],[-157.8119401601875,70.97140081973438],[-160.2403306631172,70.85846289248829],[-159.86095443078094,70.54037132074728],[-143.60797110440964,68.64958656363149],[-128.3674944405715,66.87659139169848],[-112.027118757556,66.18860845464538],[-110.86015901801942,65.94354545380173],[-97.95280460166202,65.16020407877853],[-92.89387332847357,62.12595365067066],[-92.45530411282422,62.794105134919924],[-92.29017349758985,62.91521032901172],[-91.41749283352735,62.852889619783205],[-90,62.94618948550586],[-90,63.302386842683596],[-92.35104080716016,63.584834657625],[-93.31687637844922,63.97362097354297],[-90,63.609088502839846],[-87.4352311758125,64.56887396426563],[-88.17144485989454,65.13038214297657],[-85.98714920559766,66.16278418155079],[-83.13871475735547,66.37349279971485],[-81.29496475735547,67.49872931094532],[-84.31351944485547,69.8262134418047],[-86.48843857327344,67.37778814883595],[-88.32388016262891,67.81254919619923],[-88.90501877346875,69.22760351748829],[-91.65772720852735,70.28584631533985],[-93.2711686758125,71.55854376407032],[-96.69965073147657,70.83835943789845],[-96.12698074856641,69.94084509463673],[-92.95613571682813,69.08434637637501],[-96.20792862454297,68.07355078311329],[-101.91296860257032,67.70532568545704],[-105.63597580471875,68.35485418887501],[-107.66202255764844,67.96261938662892],[-112.50253006497266,67.69295843692188],[-115.2851075796211,68.89208563418751],[-120.22155472317579,69.41844519229298],[-122.32606216946485,69.88448675723438],[-124.60000320950391,69.46324499698048],[-124.70693680325391,69.9408145770586],[-125.13956924954297,69.83365210147267],[-125.38623520413282,69.81800421328907],[-125.18771072903516,69.4091983661211],[-125.97399612942579,69.43039282412892],[-126.618458714875,69.67914923282032],[-127.35170456448438,70.38026007266407],[-128.0110597280586,70.64079626651173],[-127.7255372671211,70.18759497256642],[-132.78897568264844,68.70905645938282],[-133.33893295803907,68.79822119326954],[-133.7195787099922,68.91787298770313],[-133.4131822256172,69.13702734561329],[-132.6178941396797,69.25174292178517],[-132.30321213284375,69.48670538516407],[-130.04979416409375,69.96887549014454],[-130.24182602444532,70.20590551944142],[-133.6476335195625,69.50691565127735],[-136.04396530667188,69.33598669619923],[-135.4957780508125,68.71902807803517],[-143.30757614651563,70.19675024600392],[-145.27254196682813,70.11638220401173],[-152.48952194729688,70.69520147891407],[-152.65120407620313,70.81853064151173],[-156.13797470608594,70.92808111758595]]],[[[-101.8056153921211,76.44272955508595],[-101.67547318020704,76.06351049991017],[-102.51604935208204,75.91925390811329],[-99.89571854153516,75.61497839541798],[-100.13029190579297,75.4896427020586],[-98.15904709378125,75.4435001239336],[-97.81654068508985,76.47571142764454],[-99.02444931546094,76.42261847110157],[-100.4976091055,76.64870794864063],[-99.91217514553907,76.16777380557423],[-101.8056153921211,76.44272955508595]]],[[[-75.92493912258985,82.51744421573048],[-78.69849106350782,83.00252112002735],[-90,82.01732977481251],[-85.8068132070625,78.90618475528126],[-87.27270981350782,76.50420721621876],[-78.21225449124219,76.54684790225392],[-78.36676498928907,78.03287085147267],[-71.45447250882032,79.84579046817188],[-62.42710205593946,82.63357122989063],[-70.5843019155586,83.1760440692461],[-75.92493912258985,82.51744421573048]]],[[[-72.54527756253125,78.32353552432423],[-69.04484268704297,76.29375799746876],[-63.65076920071485,76.37993963809376],[-58.63566299954297,75.79326208682423],[-55.988476767578724,73.92051855186065],[-52.05857718013286,74.70494368945548],[-58.829685071429104,78.23804477753517],[-65.1526866338127,79.31347612657545],[-72.54527756253125,78.32353552432423]]],[[[-79.08232442247031,70.64951014186083],[-79.07165606838333,72.00536463554361],[-81.53178116370891,73.68835791226091],[-88.09924789954876,73.63606604214372],[-89.9971818595097,71.541286073882],[-87.94801041175579,70.3849140035695],[-82.26922318031048,69.86035498257341],[-79.08232442247031,70.64951014186083]]]]},"properties":{"NAME":"Thule","SUBJECTO":"Thule","PARTOF":"Thule"}},
{"type":"Feature","geometry":{"type":"Polygon","coordinates":[[[-60.259755101697195,46.938312135893725],[-61.38057419349407,46.33138998623552],[-61.02502914954876,45.6699596273488],[-60.259755101697195,46.938312135893725]]]},"properties":{"NAME":null,"SUBJECTO":null,"PARTOF":null}},
{"type":"Feature","geometry":{"type":"Polygon","coordinates":[[[-58.127701726453054,49.49563940640154],[-59.15655609657024,47.67005118008318],[-56.0789460807011,47.865218721587084],[-52.72859665443157,47.45452459927263],[-54.12957855750774,48.83571585293474],[-56.66153427650188,50.05606039639177],[-58.127701726453054,49.49563940640154]]]},"properties":{"NAME":"Beothuk","SUBJECTO":"Beothuk","PARTOF":"Beothuk"}},
{"type":"Feature","geometry":{"type":"Polygon","coordinates":[[[-97.81654068508985,76.47571142764454],[-100.4976091055,76.64870794864063],[-99.02444931546094,76.42261847110157],[-97.81654068508985,76.47571142764454]]]},"properties":{"NAME":null,"SUBJECTO":null,"PARTOF":null}},
{"type":"Feature","geometry":{"type":"Polygon","coordinates":[[[-168.22346970130656,53.58995398159685],[-168.3743333487675,53.2352786886281],[-167.86543747474406,53.3234134542531],[-168.22346970130656,53.58995398159685]]]},"properties":{"NAME":null,"SUBJECTO":null,"PARTOF":null}},
{"type":"Feature","geometry":{"type":"Polygon","coordinates":[[[-132.35136887122846,53.36487158413591],[-132.08984848548624,53.398803316313646],[-131.99947067786906,53.793544374663256],[-131.89424606849406,53.89415320034685],[-132.0823106436894,54.02106054897966],[-131.99947067786908,53.793544374663256],[-132.08984848548627,53.398803316313646],[-132.35136887122846,53.36487158413591]]]},"properties":{"NAME":null,"SUBJECTO":null,"PARTOF":null}},
{"type":"Feature","geometry":{"type":"Polygon","coordinates":[[[-132.17720505286908,55.28475149746599],[-132.63325974036906,55.90010794277849],[-133.28069016029096,56.231566988188646],[-132.63325974036908,55.90010794277849],[-132.55470749427533,55.45311316128435],[-132.17720505286908,55.28475149746599]]]},"properties":{"NAME":null,"SUBJECTO":null,"PARTOF":null}},
{"type":"Feature","geometry":{"type":"Polygon","coordinates":[[[-135.4412278800175,57.42754706021013],[-135.46605392982218,57.22919806118669],[-134.94566818763468,56.45350226040544],[-134.76378342200968,56.79368170376482],[-135.0023393302128,57.325770937163256],[-135.4412278800175,57.42754706021013]]]},"properties":{"NAME":null,"SUBJECTO":null,"PARTOF":null}},
{"type":"Feature","geometry":{"type":"Polygon","coordinates":[[[-166.61009689857218,53.70682867642107],[-166.7705735831425,54.001239381987475],[-167.14842697669718,53.94021566982927],[-166.92722031165812,53.4589115011281],[-166.61009689857218,53.70682867642107]]]},"properties":{"NAME":null,"SUBJECTO":null,"PARTOF":null}},
{"type":"Feature","geometry":{"type":"Polygon","coordinates":[[[-164.94884201575968,54.42737539883318],[-164.56448837806437,54.33413656826677],[-164.07188889075968,54.657455049712084],[-164.5609330802128,54.831317506987475],[-164.94884201575968,54.42737539883318]]]},"properties":{"NAME":null,"SUBJECTO":null,"PARTOF":null}},
{"type":"Feature","geometry":{"type":"Polygon","coordinates":[[[-162.96799179603312,54.94873388882341],[-162.78760239173624,55.15161856289568],[-163.0908860831425,55.27271994229021],[-163.26241013099406,55.17098196621599],[-162.96799179603312,54.94873388882341]]]},"properties":{"NAME":null,"SUBJECTO":null,"PARTOF":null}},
{"type":"Feature","geometry":{"type":"Polygon","coordinates":[[[-161.60892197181437,55.844562135893725],[-162.58459946204874,55.38870581265154],[-162.21831223060343,55.13241537686052],[-161.57512375404093,55.47864111538591],[-161.60892197181437,55.844562135893725]]]},"properties":{"NAME":null,"SUBJECTO":null,"PARTOF":null}},
{"type":"Feature","geometry":{"type":"Polygon","coordinates":[[[-154.59257980872843,57.144836031157396],[-153.8777513175175,56.94134863491716],[-152.67949387122843,57.76453741665544],[-154.18864914466593,57.63143118496599],[-154.59257980872843,57.144836031157396]]]},"properties":{"NAME":null,"SUBJECTO":null,"PARTOF":null}},
{"type":"Feature","geometry":{"type":"Polygon","coordinates":[[[-171.97160812904093,63.72852667446794],[-169.90311142493937,63.07521017666521],[-169.33293625404093,63.39732702847185],[-170.48152634193156,63.688373171049975],[-171.97160812904093,63.72852667446794]]]},"properties":{"NAME":null,"SUBJECTO":null,"PARTOF":null}},
{"type":"Feature","geometry":{"type":"Polygon","coordinates":[[[-178.89124008704874,68.64245184536638],[-180,68.91692694302263],[-180,67.96313055630388],[-180,66.96313055630388],[-180,65.96313055630388],[-180,65.381618105132],[-180,65.31103094692888],[-180,65.2592273580617],[-178.1162767081425,65.4824939596242],[-173.07701584388468,64.3839832174367],[-172.56233688880656,65.51480444546404],[-170.61266037513468,66.03776129360857],[-178.89124008704874,68.64245184536638]]]},"properties":{"NAME":null,"SUBJECTO":null,"PARTOF":null}},
{"type":"Feature","geometry":{"type":"Polygon","coordinates":[[[-135.81644150306437,57.454207979399584],[-135.324894872205,58.09266623135271],[-136.59644028236124,57.90492209072771],[-135.81644150306437,57.454207979399584]]]},"properties":{"NAME":null,"SUBJECTO":null,"PARTOF":null}},
{"type":"Feature","geometry":{"type":"Polygon","coordinates":[[[-124.57726761390423,71.89828070278826],[-120.45359512855266,72.2985111105031],[-115.6536760001347,73.63253363247576],[-121.2387361197636,74.5800052511281],[-125.34129044105266,72.96895941372576],[-124.57726761390423,71.89828070278826]]]},"properties":{"NAME":null,"SUBJECTO":null,"PARTOF":null}},
{"type":"Feature","geometry":{"type":"Polygon","coordinates":[[[-114.94804092933391,76.44312628384294],[-115.18592545081829,75.1543460714406],[-112.20279404212688,74.49975927944841],[-105.77345749427532,75.23006781216326],[-105.9172029166386,76.02183874722185],[-111.38564011146282,75.65990790005388],[-114.94804092933391,76.44312628384294]]]},"properties":{"NAME":null,"SUBJECTO":null,"PARTOF":null}},
{"type":"Feature","geometry":{"type":"Polygon","coordinates":[[[-121.71133896400188,76.1769290792531],[-120.09985825111126,75.97814520474138],[-118.73600479652141,76.93774756069841],[-121.57771774818157,76.70210608120622],[-121.71133896400188,76.1769290792531]]]},"properties":{"NAME":null,"SUBJECTO":null,"PARTOF":null}},
{"type":"Feature","geometry":{"type":"Polygon","coordinates":[[[-113.02425095130657,77.60209234829607],[-110.61967178870891,77.53749426479997],[-109.66120621253704,77.94987066860857],[-113.00970169593548,77.92320593472185],[-113.02425095130657,77.60209234829607]]]},"properties":{"NAME":null,"SUBJECTO":null,"PARTOF":null}},
{"type":"Feature","geometry":{"type":"Polygon","coordinates":[[[-103.23246475745891,78.27368506069841],[-99.89162155677532,78.65814550991716],[-102.56874558021282,79.01609381313982],[-103.23246475745891,78.27368506069841]]]},"properties":{"NAME":null,"SUBJECTO":null,"PARTOF":null}},
{"type":"Feature","geometry":{"type":"Polygon","coordinates":[[[-98.43719955970501,78.66092260952654],[-97.45977493812298,78.10106238003435],[-95.09702774574016,78.4384036886281],[-98.43719955970501,78.66092260952654]]]},"properties":{"NAME":null,"SUBJECTO":null,"PARTOF":null}},
{"type":"Feature","geometry":{"type":"Polygon","coordinates":[[[-155.93127914954874,20.283723436552904],[-156.03416916419718,19.10568770046892],[-154.94768234779093,19.48286589260759],[-155.93127914954874,20.283723436552904]]]},"properties":{"NAME":"Polynesians","SUBJECTO":"Polynesians","PARTOF":"Polynesians"}},
{"type":"Feature","geometry":{"type":"Polygon","coordinates":[[[33.78049758384968,35.20813711758318],[32.81907180259968,35.28174551602068],[32.60339263389851,34.61473425503435],[33.92467406700398,34.95322760220232],[33.78049758384968,35.20813711758318]]]},"properties":{"NAME":"Cyprus","SUBJECTO":"Cyprus","PARTOF":"Cyprus"}},
{"type":"Feature","geometry":{"type":"MultiPolygon","coordinates":[[[[140.01261428306844,41.38180883999529],[140.24552443931844,42.2284427511281],[141.92812636802938,42.50126227017107],[143.21375564049032,41.926539980132006],[145.059382471545,43.785766206938646],[143.50817397545126,44.155761324126146],[141.87533095787313,45.435424410063646],[141.3036451668575,43.187030397612475],[139.71174148033407,42.47759588833513],[140.01261428306844,41.38180883999529]]],[[[143.05691054771688,53.06198462124529],[141.76703933189657,53.2722659933156],[142.48990920494344,47.901603304106615],[143.63314345787313,50.234977327544115],[142.94391921470907,51.61730536099138],[143.05691054771688,53.06198462124529]]]]},"properties":{"NAME":"Ainus","SUBJECTO":"Ainus","PARTOF":"Ainus"}},
{"type":"Feature","geometry":{"type":"Polygon","coordinates":[[[-75.7509050039375,21.12094458194141],[-77.33981796790813,21.511664949614428],[-79.75995346595501,22.758782945830248],[-81.43114944984173,23.136655412871264],[-82.95926376868938,23.025355898100756],[-84.2564363150761,22.53948553677263],[-84.58989426175,21.91581305117969],[-84.25643631497266,22.539485536531252],[-82.95926376858594,23.025355897859377],[-81.36276706801664,23.120923686012283],[-79.75995346585157,22.75878294558887],[-77.33981796780469,21.51166494937305],[-75.7509050039375,21.12094458194141]]]},"properties":{"NAME":null,"SUBJECTO":null,"PARTOF":null}},
{"type":"Feature","geometry":{"type":"Polygon","coordinates":[[[-68.47713181057813,18.714660249666018],[-70.88160416175579,19.929931246001146],[-73.47450729885938,19.835433565095705],[-70.88160416165235,19.929931245759768],[-68.47713181057813,18.714660249666018]]]},"properties":{"NAME":null,"SUBJECTO":null,"PARTOF":null}},
{"type":"Feature","geometry":{"type":"MultiPolygon","coordinates":[[[[120.36362746666218,14.530945383269213],[121.00936416099812,13.655685030180834],[121.7287931771114,14.108259760100267],[121.24220565269734,15.30783327694597],[122.39557937095906,17.114329897124193],[122.02781203697468,18.00917204495134],[121.03637221763874,18.527911745268725],[120.3930769295528,18.04379232998552],[120.30344680259968,16.41746290798845],[119.77184585045124,15.469834886748217],[120.36362746666218,14.530945383269213]]],[[[126.04523757408406,6.608192526060961],[126.27187636802937,8.425783716399096],[125.93394759605671,9.174750887114428],[123.46498397300984,7.790728651244066],[124.22405532310749,6.089605890471361],[126.04523757408406,6.608192526060961]]]]},"properties":{"NAME":null,"SUBJECTO":null,"PARTOF":null}},
{"type":"Feature","geometry":{"type":"Polygon","coordinates":[[[-76.42635056057813,18.1192642077959],[-77.1558503775761,18.397386156279467],[-78.08641525784375,18.478032670930666],[-76.42635056057813,18.1192642077959]]]},"properties":{"NAME":null,"SUBJECTO":null,"PARTOF":null}},
{"type":"Feature","geometry":{"type":"Polygon","coordinates":[[[44.672198328478586,-16.23558083895979],[43.97164824913288,-17.552675641816236],[44.47033599327351,-20.17013780001936],[43.50102523277546,-21.49418679599104],[43.67141250084187,-24.226787961762525],[44.425330194933665,-25.31205026034651],[45.576182398302805,-25.62107697848616],[47.25847915123249,-24.765831388276197],[48.087378534777415,-22.04376069430647],[49.34185317466999,-18.227621473115065],[49.42470839927937,-17.197809613984205],[50.503340754015696,-15.314229406159498],[49.81718734215046,-12.83071366671858],[48.75133803795124,-13.417710698884108],[46.92456725548054,-15.360046781342604],[44.672198328478586,-16.23558083895979]],[[48.01471769860454,-17.022773083630007],[48.48818384822952,-20.041119787489205],[47.18615193676085,-23.11864976005152],[45.52902041307344,-23.592115909676497],[45.292287338260955,-22.64518361042655],[46.65350251843276,-17.732972308067463],[48.01471769860454,-17.022773083630007]]]},"properties":{"NAME":"Madagascar","SUBJECTO":"Madagascar","PARTOF":"Madagascar"}},
{"type":"Feature","geometry":{"type":"MultiPolygon","coordinates":[[[[175.30768874595907,-37.32097665194807],[174.21686843345907,-35.336765683930494],[173.16649917076376,-35.420879758637525],[174.76465896080282,-37.296543515961744],[174.65473464439657,-38.983257688325025],[176.01143935631063,-41.255344785492994],[178.40819838951376,-38.771152890961744],[175.30768874595907,-37.32097665194807]]],[[[172.06266311119344,-43.92314187411604],[174.23354628990438,-42.01123467807112],[173.26403335045126,-41.543674863617994],[171.4583540291622,-41.99285165194807],[171.02405837486532,-42.886883176606275],[168.41573623131063,-44.2209095132762],[166.522761377795,-46.23272363070784],[169.39930251549032,-46.70957223300276],[170.61156753013876,-45.946060575287916],[171.3778639168575,-44.337749875825025],[172.06266311119344,-43.92314187411604]]]]},"properties":{"NAME":"Maori","SUBJECTO":"Maori","PARTOF":"Maori"}},
{"type":"Feature","geometry":{"type":"MultiPolygon","coordinates":[[[[-24.218850102917898,65.5337406026906],[-21.954796758191335,65.37804754849138],[-22.37291046668743,63.773185335356615],[-18.641863790051687,63.323817812163256],[-14.82120033790325,64.19502600308122],[-13.646900144116628,65.49534186001482],[-16.922141042248953,65.97755011196794],[-24.218850102917898,65.5337406026906]]],[[[19.82121375511433,69.36973150845232],[17.40691474388386,68.77154120083513],[13.168647798998606,66.45833929653826],[12.11214164207722,65.12991675015154],[9.832105669482004,63.683620058257006],[7.088180098040354,62.91019781704607],[5.148983511431467,61.7408824789113],[5.805763277514231,59.94925268765154],[5.615484270556223,58.45521505947771],[8.153747591479075,58.08954580898943],[10.549271616442454,59.37863119717302],[11.736376187990079,57.69820870971917],[12.487895457193446,58.56291949268917],[12.5973816246822,61.02862127896013],[15.049652873144248,63.52575508701183],[17.260903495737743,64.20605164855155],[18.53403073863764,66.43207948173215],[19.82121375511433,69.36973150845232]]],[[[13.252219233019602,79.8007312643117],[11.760330233080637,78.88018377896013],[15.098876032336008,77.11526831265154],[19.115822824938547,78.45454748745622],[17.834054026110422,79.80945166226091],[13.252219233019602,79.8007312643117]]]]},"properties":{"NAME":"Norway","SUBJECTO":"Norway","PARTOF":"Norway"}},
{"type":"Feature","geometry":{"type":"Polygon","coordinates":[[[-7.491503682629812,37.208156191069506],[-6.933383431927908,38.961349092680834],[-6.70870443870281,41.96004446621599],[-8.806055036084402,41.889178835112475],[-8.694069829480398,40.992171846587084],[-9.54900738288616,38.77451666470232],[-8.853651967541921,38.49964102383318],[-8.66705986549114,37.12144049282732],[-7.491503682629812,37.208156191069506]]]},"properties":{"NAME":"Portugal","SUBJECTO":"Portugal","PARTOF":"Portugal"}},
{"type":"Feature","geometry":{"type":"Polygon","coordinates":[[[-61.114247289197195,10.821682535368822],[-61.80907532264446,10.724968515593432],[-61.20665833045696,10.11822088833513],[-61.114247289197195,10.821682535368822]]]},"properties":{"NAME":null,"SUBJECTO":null,"PARTOF":null}},
{"type":"Feature","geometry":{"type":"Polygon","coordinates":[[[-72.54527756253125,78.32353552432423],[-65.1526866338127,79.31347612657545],[-58.829685071429104,78.23804477753517],[-52.05857718013286,74.70494368945548],[-55.988476767578724,73.92051855186065],[-54.73041245022657,73.03760107608204],[-55.62637039700391,71.73035009951954],[-51.720124211701176,71.58955725283985],[-50.572628941925785,69.8662525043047],[-50.47708984890821,67.48220404239063],[-52.30317017117383,66.9094653949297],[-51.36576553860547,63.72601278872852],[-49.85748383094524,62.966544710356615],[-48.915463414685476,61.42103537197771],[-43.143570867078054,59.81878241177263],[-42.27136322547649,62.19441946621599],[-40.51624771644329,63.782069765288256],[-39.99201675941204,65.53330572720232],[-35.97189804603313,65.84693487759294],[-32.9560212760136,67.64102514858904],[-26.96362396766399,68.50170477505388],[-22.732329335705984,69.7740741598195],[-27.606051412122,71.06815680142107],[-25.291254964368093,71.5688968526906],[-24.076420751111257,73.75567206021013],[-20.32958885719036,73.41964300747576],[-19.193547215955007,75.44353827114763],[-21.182682958142507,76.69747503872576],[-18.253375020520437,77.30013617153826],[-20.878828969495046,78.8179202901906],[-14.20194813300823,81.2101322042531],[-22.052880254285085,81.53975256558122],[-22.432360616223562,82.74334295864763],[-32.513173070447195,83.57699926968279],[-49.64758774329876,82.47806128140154],[-61.1224145560429,81.79757269497576],[-67.14280411292766,80.56214483853044],[-64.62318131019329,79.94921454067888],[-72.54527756253125,78.32353552432423]]]},"properties":{"NAME":null,"SUBJECTO":null,"PARTOF":null}},
{"type":"Feature","geometry":{"type":"MultiPolygon","coordinates":[[[[-73.11150833656048,-72.7494625223094],[-70.0207185416386,-72.6721920144969],[-68.39805313636516,-71.12679711703596],[-72.10699936439251,-71.04952660922346],[-75.27505966712688,-71.66768304232893],[-73.11150833656048,-72.7494625223094]]],[[[-102.55128189613079,-72.13130608920393],[-97.14239975501751,-72.6721920144969],[-97.21967026283001,-71.82222405795393],[-102.55128189613079,-72.13130608920393]]],[[[-55.18492981483196,-80.94006005648909],[-44.83078476478313,-80.32190362338362],[-44.2126245169804,-78.39015618686018],[-48.84880920936321,-78.08107415561018],[-55.18492981483196,-80.94006005648909]]],[[[169.7693891854122,-83.41788903598128],[162.01522353599813,-81.6598629129344],[159.31539443443563,-80.02740899447737],[163.64298537681844,-78.66061059359846],[162.3456373543575,-75.1068843973094],[164.61622146080282,-74.17193261508284],[168.97468093345907,-73.2389415872508],[170.72912124107626,-71.90427819613753],[167.63463881920126,-70.86511651400862],[160.59853652427938,-70.22093621615706],[157.3068647713497,-69.15642968539534],[151.09345534752157,-68.88582269076643],[146.87545302818563,-67.99737969760237],[145.58565810631063,-67.2234844339305],[141.15749648521688,-66.72243157748518],[134.20519545982626,-66.18008843783674],[130.27210524986532,-66.25291863803206],[129.0096235604122,-67.02982751254378],[122.45820907066609,-66.64516106967268],[118.28564742515827,-67.0701412332469],[113.01485732506062,-65.76308099154768],[109.40372756431843,-66.71026269320784],[102.63083938072468,-65.92616692904768],[99.65426162193562,-66.54946557406721],[90,-66.60652581576643],[81.81432631920124,-67.3019527566844],[78.2599211067989,-68.38373223666487],[76.86905959556843,-69.3109630716258],[72.54195693443562,-70.23820153598128],[70.30113509605671,-72.01540795687971],[67.36488631675984,-71.70632592562971],[67.51269057701374,-70.46442071322737],[68.95107558677937,-69.88906518344221],[69.37389663170124,-67.84283868197737],[62.805972132189524,-67.61102715853987],[56.62694838951374,-66.94232598666487],[55.14159301231648,-65.96285668734846],[52.45182326744343,-65.98836175326643],[48.96721557091023,-66.97347680453596],[47.30508330772663,-67.77486077670393],[44.79703811119343,-67.74518243197737],[39.64714339683796,-68.93355981234846],[38.332049402697336,-70.02947656039534],[33.54134276817585,-68.5421642435008],[32.74804213951374,-69.34959832553206],[23.70747855613972,-70.58591882113753],[17.603171381457102,-70.08366052035628],[12.657907518847239,-70.31547204379378],[8.485341104967844,-70.08366052035628],[0.68109378526951,-71.31997338656721],[-4.882327046887625,-71.28133813266096],[-7.200421777264822,-70.894993222993],[-11.141175237195242,-71.59042016391096],[-11.828483548657644,-72.32257501010237],[-16.395518270032156,-73.44488946322737],[-14.450941052930105,-74.0646480691844],[-18.404530492322195,-75.68571130160628],[-23.58160492469524,-75.91752282504378],[-33.1630525260136,-77.38564721469221],[-36.40837952186321,-79.16285363559065],[-29.56768127967571,-79.2243160379344],[-28.913218465344656,-80.47643700961409],[-38.031048741833914,-80.94006005648909],[-43.82627960731243,-81.79002801303206],[-60.20745941688274,-82.33091393832503],[-74.88871475745891,-80.70824853305159],[-76.58865067054485,-79.39465752963362],[-80.76121231605266,-78.23561517123518],[-74.50236984779094,-78.08107415561018],[-78.59766098548626,-76.61294976596174],[-70.56160446693157,-76.69022027377424],[-64.45729538490032,-75.68571130160628],[-61.366505589978445,-73.90851251010237],[-60.825619664685476,-72.7494625223094],[-61.675587621228445,-70.8177227151805],[-65.38453384925579,-67.34058038119612],[-61.134694066540945,-64.86795464877424],[-62.91190430213665,-64.71340600375471],[-66.85265823890423,-66.79969445590315],[-67.08446976234173,-68.65416375521956],[-68.78439804603313,-69.81321374301253],[-67.08446976234173,-71.82222405795393],[-67.6253556876347,-72.7494625223094],[-75.58414169837688,-73.75397149447737],[-81.76572128822063,-74.02441064242659],[-88.56545731116985,-73.25171319369612],[-99.7881974845097,-72.99776116732893],[-101.8801164298222,-74.09877435092268],[-100.04510208656048,-75.30987969760237],[-105.6420793204472,-75.0675548685008],[-110.55704971839641,-75.30289117221174],[-113.23789688636516,-74.32137719516096],[-128.97754379798624,-74.9130138528758],[-134.7727708487675,-74.64256707553206],[-140.56799789954874,-75.26072350863753],[-146.67230698158,-76.1106914651805],[-146.14586350013468,-77.45652428988753],[-149.99490829993937,-77.73335687045393],[-154.16746994544718,-77.11520043734846],[-158.18549057533,-77.81062737826643],[-154.55382248450968,-79.1242183816844],[-148.60405441810343,-79.66510430697737],[-145.6677903800175,-80.51507226352034],[-152.08118149329874,-82.60135308627424],[-153.30974289466593,-83.94192925814924],[-148.75858017493937,-85.07398644809065],[-156.56282517005656,-85.46033135775862],[-167.22606369544718,-84.76490441684065],[-180,-84.3223156106883],[-180,-85.3223156106883],[-180,-86.3223156106883],[-180,-87.3223156106883],[-180,-88.3223156106883],[-180,-89.3223156106883],[-180,-90],[-179.20366379310343,-90],[-178.20366379310343,-90],[-177.20366379310343,-90],[-176.20366379310343,-90],[-175.20366379310343,-90],[-174.20366379310343,-90],[-173.20366379310343,-90],[-172.20366379310343,-90],[-171.20366379310343,-90],[-170.20366379310343,-90],[-169.20366379310343,-90],[-168.20366379310343,-90],[-167.20366379310343,-90],[-166.20366379310343,-90],[-165.20366379310343,-90],[-164.20366379310343,-90],[-163.20366379310343,-90],[-162.20366379310343,-90],[-161.20366379310343,-90],[-160.20366379310343,-90],[-159.20366379310343,-90],[-158.20366379310343,-90],[-157.20366379310343,-90],[-156.20366379310343,-90],[-155.20366379310343,-90],[-154.20366379310343,-90],[-153.20366379310343,-90],[-152.20366379310343,-90],[-151.20366379310343,-90],[-150.20366379310343,-90],[-149.20366379310343,-90],[-148.20366379310343,-90],[-147.20366379310343,-90],[-146.20366379310343,-90],[-145.20366379310343,-90],[-144.20366379310343,-90],[-143.20366379310343,-90],[-142.20366379310343,-90],[-141.20366379310343,-90],[-140.20366379310343,-90],[-139.20366379310343,-90],[-138.20366379310343,-90],[-137.20366379310343,-90],[-136.20366379310343,-90],[-135.20366379310343,-90],[-134.20366379310343,-90],[-133.20366379310343,-90],[-132.20366379310343,-90],[-131.20366379310343,-90],[-130.20366379310343,-90],[-129.20366379310343,-90],[-128.20366379310343,-90],[-127.20366379310344,-90],[-126.20366379310344,-90],[-125.20366379310344,-90],[-124.20366379310344,-90],[-123.20366379310344,-90],[-122.20366379310344,-90],[-121.20366379310344,-90],[-120.20366379310344,-90],[-119.20366379310344,-90],[-118.20366379310344,-90],[-117.20366379310344,-90],[-116.20366379310344,-90],[-115.20366379310344,-90],[-114.20366379310344,-90],[-113.20366379310344,-90],[-112.20366379310344,-90],[-111.20366379310344,-90],[-110.20366379310344,-90],[-109.20366379310344,-90],[-108.20366379310344,-90],[-107.20366379310344,-90],[-106.20366379310344,-90],[-105.20366379310344,-90],[-104.20366379310344,-90],[-103.20366379310344,-90],[-102.20366379310344,-90],[-101.20366379310344,-90],[-100.20366379310344,-90],[-99.20366379310344,-90],[-98.20366379310344,-90],[-97.20366379310344,-90],[-96.20366379310344,-90],[-95.20366379310344,-90],[-94.20366379310344,-90],[-93.20366379310344,-90],[-92.20366379310344,-90],[-91.20366379310344,-90],[-90,-90],[-89.20366379310344,-90],[-88.20366379310344,-90],[-87.20366379310344,-90],[-86.20366379310344,-90],[-85.20366379310344,-90],[-84.20366379310344,-90],[-83.20366379310344,-90],[-82.20366379310344,-90],[-81.20366379310344,-90],[-80.20366379310344,-90],[-79.20366379310344,-90],[-78.20366379310344,-90],[-77.20366379310344,-90],[-76.20366379310344,-90],[-75.20366379310344,-90],[-74.20366379310344,-90],[-73.20366379310344,-90],[-72.20366379310344,-90],[-71.20366379310344,-90],[-70.20366379310344,-90],[-69.20366379310344,-90],[-68.20366379310344,-90],[-67.20366379310344,-90],[-66.20366379310344,-90],[-65.20366379310344,-90],[-64.20366379310344,-90],[-63.203663793103445,-90],[-62.203663793103445,-90],[-61.203663793103445,-90],[-60.203663793103445,-90],[-59.203663793103445,-90],[-58.203663793103445,-90],[-57.203663793103445,-90],[-56.203663793103445,-90],[-55.203663793103445,-90],[-54.203663793103445,-90],[-53.203663793103445,-90],[-52.203663793103445,-90],[-51.203663793103445,-90],[-50.203663793103445,-90],[-49.203663793103445,-90],[-48.203663793103445,-90],[-47.203663793103445,-90],[-46.203663793103445,-90],[-45.203663793103445,-90],[-44.203663793103445,-90],[-43.203663793103445,-90],[-42.203663793103445,-90],[-41.203663793103445,-90],[-40.203663793103445,-90],[-39.203663793103445,-90],[-38.203663793103445,-90],[-37.203663793103445,-90],[-36.203663793103445,-90],[-35.203663793103445,-90],[-34.203663793103445,-90],[-33.203663793103445,-90],[-32.203663793103445,-90],[-31.203663793103445,-90],[-30.203663793103445,-90],[-29.203663793103445,-90],[-28.203663793103445,-90],[-27.203663793103445,-90],[-26.203663793103445,-90],[-25.203663793103445,-90],[-24.203663793103445,-90],[-23.203663793103445,-90],[-22.203663793103445,-90],[-21.203663793103445,-90],[-20.203663793103445,-90],[-19.203663793103445,-90],[-18.203663793103445,-90],[-17.203663793103445,-90],[-16.203663793103445,-90],[-15.203663793103445,-90],[-14.203663793103445,-90],[-13.203663793103445,-90],[-12.203663793103445,-90],[-11.203663793103445,-90],[-10.203663793103445,-90],[-9.203663793103445,-90],[-8.203663793103445,-90],[-7.203663793103445,-90],[-6.203663793103445,-90],[-5.203663793103445,-90],[-4.203663793103445,-90],[-3.203663793103445,-90],[-2.203663793103445,-90],[-1.203663793103445,-90],[-0.203663793103445,-90],[0.77805617759968,-90],[1.77805617759968,-90],[2.77805617759968,-90],[3.77805617759968,-90],[4.77805617759968,-90],[5.77805617759968,-90],[6.77805617759968,-90],[7.77805617759968,-90],[8.77805617759968,-90],[9.77805617759968,-90],[10.77805617759968,-90],[11.77805617759968,-90],[12.77805617759968,-90],[13.77805617759968,-90],[14.77805617759968,-90],[15.77805617759968,-90],[16.77805617759968,-90],[17.77805617759968,-90],[18.77805617759968,-90],[19.77805617759968,-90],[20.77805617759968,-90],[21.77805617759968,-90],[22.77805617759968,-90],[23.77805617759968,-90],[24.77805617759968,-90],[25.77805617759968,-90],[26.77805617759968,-90],[27.77805617759968,-90],[28.77805617759968,-90],[29.77805617759968,-90],[30.77805617759968,-90],[31.77805617759968,-90],[32.77805617759968,-90],[33.77805617759968,-90],[34.77805617759968,-90],[35.77805617759968,-90],[36.77805617759968,-90],[37.77805617759968,-90],[38.77805617759968,-90],[39.77805617759968,-90],[40.77805617759968,-90],[41.77805617759968,-90],[42.77805617759968,-90],[43.77805617759968,-90],[44.77805617759968,-90],[45.77805617759968,-90],[46.77805617759968,-90],[47.77805617759968,-90],[48.77805617759968,-90],[49.77805617759968,-90],[50.77805617759968,-90],[51.77805617759968,-90],[52.77805617759968,-90],[53.77805617759968,-90],[54.77805617759968,-90],[55.77805617759968,-90],[56.77805617759968,-90],[57.77805617759968,-90],[58.77805617759968,-90],[59.77805617759968,-90],[60.77805617759968,-90],[61.77805617759968,-90],[62.77805617759968,-90],[63.77805617759968,-90],[64.77805617759968,-90],[65.77805617759968,-90],[66.77805617759968,-90],[67.77805617759968,-90],[68.77805617759968,-90],[69.77805617759968,-90],[70.77805617759968,-90],[71.77805617759968,-90],[72.77805617759968,-90],[73.77805617759968,-90],[74.77805617759968,-90],[75.77805617759968,-90],[76.77805617759968,-90],[77.77805617759968,-90],[78.77805617759968,-90],[79.77805617759968,-90],[80.77805617759968,-90],[81.77805617759968,-90],[82.77805617759968,-90],[83.77805617759968,-90],[84.77805617759968,-90],[85.77805617759968,-90],[86.77805617759968,-90],[87.77805617759968,-90],[88.77805617759968,-90],[89.77805617759968,-90],[89.79633620689656,-90],[90,-90],[91.77805617759968,-90],[92.77805617759968,-90],[93.77805617759968,-90],[94.77805617759968,-90],[95.77805617759968,-90],[96.77805617759968,-90],[97.77805617759968,-90],[98.77805617759968,-90],[99.77805617759968,-90],[100.77805617759968,-90],[101.77805617759968,-90],[102.77805617759968,-90],[103.77805617759968,-90],[104.77805617759968,-90],[105.77805617759968,-90],[106.77805617759968,-90],[107.77805617759968,-90],[108.77805617759968,-90],[109.77805617759968,-90],[110.77805617759968,-90],[111.77805617759968,-90],[112.77805617759968,-90],[113.77805617759968,-90],[114.77805617759968,-90],[115.77805617759968,-90],[116.77805617759968,-90],[117.77805617759968,-90],[118.77805617759968,-90],[119.77805617759968,-90],[120.77805617759968,-90],[121.77805617759968,-90],[122.77805617759968,-90],[123.77805617759968,-90],[124.77805617759968,-90],[125.77805617759968,-90],[126.77805617759968,-90],[127.77805617759968,-90],[128.7780561775997,-90],[129.7780561775997,-90],[130.7780561775997,-90],[131.7780561775997,-90],[132.7780561775997,-90],[133.7780561775997,-90],[134.7780561775997,-90],[135.7780561775997,-90],[136.7780561775997,-90],[137.7780561775997,-90],[138.7780561775997,-90],[139.7780561775997,-90],[140.7780561775997,-90],[141.7780561775997,-90],[142.7780561775997,-90],[143.7780561775997,-90],[144.7780561775997,-90],[145.7780561775997,-90],[146.7780561775997,-90],[147.7780561775997,-90],[148.7780561775997,-90],[149.7780561775997,-90],[150.7780561775997,-90],[151.7780561775997,-90],[152.7780561775997,-90],[153.7780561775997,-90],[154.7780561775997,-90],[155.7780561775997,-90],[156.7780561775997,-90],[157.7780561775997,-90],[158.7780561775997,-90],[159.7780561775997,-90],[160.7780561775997,-90],[161.7780561775997,-90],[162.7780561775997,-90],[163.7780561775997,-90],[164.7780561775997,-90],[165.7780561775997,-90],[166.7780561775997,-90],[167.7780561775997,-90],[168.7780561775997,-90],[169.7780561775997,-90],[170.7780561775997,-90],[171.7780561775997,-90],[172.7780561775997,-90],[173.7780561775997,-90],[174.7780561775997,-90],[175.7780561775997,-90],[176.7780561775997,-90],[177.7780561775997,-90],[178.7780561775997,-90],[180,-90],[180,-89.31921807650862],[180,-88.31921807650862],[180,-87.31921807650862],[180,-86.31921807650862],[180,-85.31921807650862],[180,-84.34037438754378],[169.7693891854122,-83.41788903598128]]]]},"properties":{"NAME":null,"SUBJECTO":null,"PARTOF":null}},
{"type":"Feature","geometry":{"type":"Polygon","coordinates":[[[48.01471769860454,-17.022773083630007],[46.65350251843276,-17.732972308067463],[45.292287338260955,-22.64518361042655],[45.52902041307344,-23.592115909676497],[47.18615193676085,-23.11864976005152],[48.48818384822952,-20.041119787489205],[48.01471769860454,-17.022773083630007]]]},"properties":{"NAME":"Expansionist Kingdom of Merina","SUBJECTO":"Expansionist Kingdom of Merina","PARTOF":"Expansionist Kingdom of Merina"}},
{"type":"Feature","geometry":{"type":"Polygon","coordinates":[[[8.819559130175364,38.976913057524584],[9.478920015795481,39.144157015044115],[9.793739351732981,40.56368216152849],[8.240707430346262,40.855338655669115],[8.819559130175364,38.976913057524584]]]},"properties":{"NAME":"Sardinia","SUBJECTO":"Sardinia","PARTOF":"Sardinia"}},
{"type":"Feature","geometry":{"type":"Polygon","coordinates":[[[109.42965224693562,18.096622072417162],[110.26251510093952,18.62562712307634],[110.61735061119343,20.017461382109545],[109.5503263802364,19.91355665798845],[108.57689956138874,19.187371813017748],[109.42965224693562,18.096622072417162]]]},"properties":{"NAME":"Hainan","SUBJECTO":"Hainan","PARTOF":"Hainan"}},
{"type":"Feature","geometry":{"type":"Polygon","coordinates":[[[80.5628996224239,5.931666456419848],[81.86616805504109,7.08456143017473],[80.66241744468952,9.299456201750658],[79.67463210533406,8.80493029232683],[79.85409072349812,7.061153494078539],[80.5628996224239,5.931666456419848]]]},"properties":{"NAME":"Sinhalese kingdom","SUBJECTO":"Sinhalese kingdom","PARTOF":"Sinhalese kingdom"}},
{"type":"Feature","geometry":{"type":"Polygon","coordinates":[[[27.37053292420636,55.71934336485123],[27.60590255435066,56.706888984107934],[27.663288210999713,58.95605697043894],[24.032107386095774,59.17574270840349],[24.346499475939524,57.159720979887865],[21.677331003649485,57.46365698452654],[20.964827570421946,56.60902365322771],[21.13734343956257,54.845458589751146],[18.684934699163794,54.25402242200741],[19.205657437266982,53.25444361330563],[21.464272222955863,53.81909730972785],[22.234254536258888,54.12709023504906],[21.90450131031612,56.350039320300105],[24.714955588599217,56.34042456522161],[27.37053292420636,55.71934336485123]]]},"properties":{"NAME":"Teutonic Knights","SUBJECTO":"Teutonic Knights","PARTOF":"Teutonic Knights"}},
{"type":"Feature","geometry":{"type":"Polygon","coordinates":[[[-2.142923348755842,43.331471028881836],[-2.130006796834982,41.81657040431949],[-0.907353666321981,42.88129767056169],[-1.914577808873403,43.30541571255388],[-2.142923348755842,43.331471028881836]]]},"properties":{"NAME":"Navarre","SUBJECTO":"Navarre","PARTOF":"Navarre"}},
{"type":"Feature","geometry":{"type":"Polygon","coordinates":[[[44.28083709190632,10.396465860564135],[42.8099584908321,11.778485857207201],[41.654002062665924,11.350155376377634],[41.570925555704534,10.291756102257501],[42.46479282000343,9.507449109701488],[44.28083709190632,10.396465860564135]]]},"properties":{"NAME":"Shoa","SUBJECTO":"Shoa","PARTOF":"Shoa"}},
{"type":"Feature","geometry":{"type":"Polygon","coordinates":[[[6.899720429053349,6.127803964515512],[7.365425056537486,7.912899567901853],[6.878752839859935,8.642907892918181],[5.337624153714358,8.724019929031105],[3.949497255785715,6.579388700682543],[5.448192152483713,5.476928793150805],[6.088779959185374,4.328133188444994],[6.899720429053349,6.127803964515512]]]},"properties":{"NAME":"Benin","SUBJECTO":"Benin","PARTOF":"Benin"}},
{"type":"Feature","geometry":{"type":"Polygon","coordinates":[[[10.46185646941483,12.47375118639364],[10.726510310701428,11.291084884233328],[12.354972422515246,11.202738875043536],[14.712640872177422,12.506980996133255],[15.819260203866392,13.119153392386728],[15.819260203866392,14.298485403059459],[15.008469446528892,15.035567909729917],[13.313265659723275,20.972940619143642],[11.986431169180012,20.342561957757212],[11.765306417178873,16.214899920402644],[10.807099158507285,14.593318405727643],[10.070016651836823,14.22477715239241],[10.46185646941483,12.47375118639364]]]},"properties":{"NAME":"Bornu-Kanem","SUBJECTO":"Bornu-Kanem","PARTOF":"Bornu-Kanem"}},
{"type":"Feature","geometry":{"type":"Polygon","coordinates":[[[46.877734106218426,13.473871601683081],[46.33527120463091,14.096846193905204],[46.659412505366426,15.424765841972887],[46.2768914091897,17.11782599107396],[45.24036913418436,17.693671699410253],[42.76366332481648,16.64545591946306],[42.79587844322468,15.47008093472185],[43.84059050987507,12.663913332182787],[45.825903925402415,13.405233942229174],[46.877734106218426,13.473871601683081]]]},"properties":{"NAME":"Yemen","SUBJECTO":"Yemen","PARTOF":"Yemen"}},
{"type":"Feature","geometry":{"type":"Polygon","coordinates":[[[85.37910750816609,19.60537489529314],[84.30392613648812,20.751919204121563],[81.86185280153937,18.730193974415585],[79.32813168485968,17.23299513274122],[79.43194022856,16.017480187767116],[80.45975783775593,15.773146234709642],[82.23458388756062,16.647302232939623],[85.37910750816609,19.60537489529314]]]},"properties":{"NAME":"Orissa","SUBJECTO":"Orissa","PARTOF":"Orissa"}},
{"type":"Feature","geometry":{"type":"Polygon","coordinates":[[[-90,19.38150557156267],[-88.87046624484404,18.693671566144136],[-89.92106812164835,16.974504858646174],[-88.74182602454876,16.26947935696306],[-88.24188705970501,17.01350363369646],[-87.65071579505657,20.18991049404802],[-87.20057388831829,21.528873048979662],[-88.33372208167766,21.59004171963396],[-90,21.160729967314623],[-90,19.38150557156267]]]},"properties":{"NAME":"Maya city-states","SUBJECTO":"Maya city-states","PARTOF":"Maya city-states"}},
{"type":"Feature","geometry":{"type":"Polygon","coordinates":[[[-98.6961842205076,19.00229192673535],[-101.97544254860313,21.01699965772214],[-102.61843437764146,20.588338438363238],[-102.18977315828258,19.516685389966014],[-99.10769899109214,17.493404434592033],[-98.6961842205076,19.00229192673535]]]},"properties":{"NAME":"Mixtec Empire","SUBJECTO":"Mixtec Empire","PARTOF":"Mixtec Empire"}},
{"type":"Feature","geometry":{"type":"Polygon","coordinates":[[[-95.13016983558391,16.29946859951677],[-96.8315079162964,18.230701731889333],[-98.6961842205076,19.00229192673535],[-99.10769899109214,17.493404434592033],[-99.20922562171673,16.71663054104509],[-97.88092514564251,16.052028261382006],[-96.33293625404094,15.750238977629564],[-95.13016983558391,16.29946859951677]]]},"properties":{"NAME":"Zapotec Empire","SUBJECTO":"Zapotec Empire","PARTOF":"Zapotec Empire"}},
{"type":"Feature","geometry":{"type":"Polygon","coordinates":[[[-76.71058365394329,-12.75967923526106],[-76.39853603251873,-10.495179954553407],[-77.9253603581163,-7.911323403542163],[-78.63004850839208,-7.20663525326637],[-80.0659074454472,-6.756278909485914],[-79.06024643470501,-8.215522207062818],[-76.71058365394329,-12.75967923526106]]]},"properties":{"NAME":"Chimú Empire","SUBJECTO":"Chimú Empire","PARTOF":"Chimú Empire"}},
{"type":"Feature","geometry":{"type":"Polygon","coordinates":[[[-71.61186691810344,-17.22145501498518],[-70.58412643958782,-18.083280957978346],[-70.20851608802532,-19.06719819430647],[-70.11063095618938,-21.74793664340315],[-70.49319168616985,-25.471443570893385],[-69.58655057985273,-26.9379034609886],[-68.05972625425517,-26.46811136080474],[-68.0338990208006,-26.029048392077136],[-67.82483020416323,-22.474878509241908],[-67.35618174619,-19.194339303429263],[-67.23759007893341,-18.364197632633108],[-67.94227822920921,-15.427997006483967],[-69.53613386666227,-13.823255942319332],[-71.61186691810344,-17.22145501498518]]]},"properties":{"NAME":"Aymara kingdoms","SUBJECTO":"Aymara kingdoms","PARTOF":"Aymara kingdoms"}},
{"type":"Feature","geometry":{"type":"Polygon","coordinates":[[[-71.61186691810344,-17.22145501498518],[-69.53613386666227,-13.823255942319332],[-71.23082293049625,-12.726692430426755],[-75.57639985719698,-10.61262797959937],[-77.33812023288645,-7.676427353450222],[-77.69046430802435,-6.267051052898637],[-78.74749653343805,-6.032155002806711],[-80.03942480894368,-4.270434627117226],[-81.04177567054485,-4.051563180726149],[-81.41761490394329,-4.675080694001295],[-80.61159225990032,-6.369872010987379],[-80.0659074454472,-6.756278909485914],[-78.63004850839208,-7.20663525326637],[-77.9253603581163,-7.911323403542163],[-76.39853603251873,-10.495179954553407],[-76.71058365394329,-12.75967923526106],[-76.24178024818157,-14.105595983307936],[-74.04964157630657,-16.044990934174635],[-71.61186691810344,-17.22145501498518]]]},"properties":{"NAME":"Andean states and chiefdoms","SUBJECTO":"Andean states and chiefdoms","PARTOF":"Andean states and chiefdoms"}},
{"type":"Feature","geometry":{"type":"Polygon","coordinates":[[[-2.192973938481558,35.0542484151906],[-4.592977490918386,35.15118750210466],[-5.928758588330496,35.72785910244646],[-7.004007783429373,33.874984346587084],[-9.218686070935476,32.5803600179738],[-9.813266721265066,31.289060198027514],[-9.62504383613323,30.406100832182787],[-1.802211619772074,32.42724029347477],[-1.738150325314749,34.605094515044115],[-2.192973938481558,35.0542484151906]]]},"properties":{"NAME":"Morocco","SUBJECTO":"Morocco","PARTOF":"Morocco"}},
{"type":"Feature","geometry":{"type":"Polygon","coordinates":[[[-15.32538887550091,11.926575266081713],[-6.829072900729209,10.112949384236067],[-3.477042960220825,10.289372012683884],[-1.35997141884711,10.818639898027314],[4.285552691482803,13.994247210087877],[5.167665833721848,15.052782980774737],[5.344088462169662,17.169854522148455],[4.285552691482803,18.05196766438751],[0.757100122526605,18.757658178178744],[-0.47785827660806,18.757658178178744],[-7.711186042968258,17.875545035939695],[-16.04107281257366,17.66987761135759],[-17.03325803864763,14.564789325170201],[-16.470890965955007,13.722545229155443],[-16.772099462048757,12.597077928740404],[-15.808596578137625,11.84292086239519],[-15.32538887550091,11.926575266081713]]]},"properties":{"NAME":"Mali","SUBJECTO":"Mali","PARTOF":"Mali"}},
{"type":"Feature","geometry":{"type":"Polygon","coordinates":[[[40.72049988346774,10.115313777249092],[40.50259798855459,11.624047549636868],[39.141623426242916,13.879188974143647],[37.629429468118836,14.523515095431307],[36.722113093244374,13.879188974143647],[35.51235792674511,10.013232246417736],[35.96601611418234,8.080253882554778],[37.32699067649401,7.113764700623299],[38.71774683719798,7.113764700623299],[40.200159196929775,8.080253882554778],[40.72049988346774,10.115313777249092]]]},"properties":{"NAME":"Ethiopia","SUBJECTO":"Ethiopia","PARTOF":"Ethiopia"}},
{"type":"Feature","geometry":{"type":"Polygon","coordinates":[[[33.395286385371406,-20.02211158283374],[32.68959587158015,-18.643939052756906],[31.278214843997684,-18.643939052756906],[29.6904111879674,-18.820361681204712],[28.63187541728054,-19.87889745189157],[28.27903016038492,-21.46670110792186],[28.45545278883273,-22.525236878608716],[29.33756593107178,-23.054504763952146],[31.101792215549874,-23.054504763952146],[32.86601850002798,-21.995968993265286],[33.395286385371406,-20.02211158283374]]]},"properties":{"NAME":"Great Zimbabwe","SUBJECTO":"Great Zimbabwe","PARTOF":"Great Zimbabwe"}},
{"type":"Feature","geometry":{"type":"Polygon","coordinates":[[[37.47998717735554,18.819871507841967],[33.123595537561776,20.592453514035974],[30.97829637563641,20.93118496065577],[29.510460106950635,20.027901103002982],[30.97829637563641,15.624392296945654],[32.78486409094198,15.285660850325858],[35.15598421728055,15.511481814739057],[38.90385722093653,17.364074841192043],[37.47998717735554,18.819871507841967]]]},"properties":{"NAME":"Makkura","SUBJECTO":"Makkura","PARTOF":"Makkura"}},
{"type":"Feature","geometry":{"type":"Polygon","coordinates":[[[30.97829637563641,15.624392296945654],[30.752475411223212,12.349988312954302],[31.20411734004961,11.785435901921314],[33.23650601976838,11.446704455301521],[33.91396891300796,12.01125686633451],[35.15598421728055,15.511481814739057],[32.78486409094198,15.285660850325858],[30.97829637563641,15.624392296945654]]]},"properties":{"NAME":"Alwa","SUBJECTO":"Alwa","PARTOF":"Alwa"}},
{"type":"Feature","geometry":{"type":"Polygon","coordinates":[[[46.659412505366426,15.424765841972887],[46.33527120463091,14.096846193905204],[46.877734106218426,13.473871601683081],[49.33384993980671,14.632695757109545],[52.135169062121165,15.687059961516283],[52.894324335558665,16.60995253201189],[55.19483855675007,17.148564897734545],[55.561072382433665,17.937171541411303],[57.83862975548054,19.03480681057634],[57.93127349327351,20.400937639433764],[56.94577797332251,20.635920153933014],[53.955028542110604,19.729632447505164],[50.511135257684785,17.146712484185798],[47.83758652372263,16.42168231904352],[46.659412505366426,15.424765841972887]]]},"properties":{"NAME":"Hadramaut","SUBJECTO":"Hadramaut","PARTOF":"Hadramaut"}},
{"type":"Feature","geometry":{"type":"Polygon","coordinates":[[[54.77081969688679,24.73348196621599],[56.78285797913236,22.290627166423207],[57.93127349327351,20.400937639433764],[58.51204970787312,20.421229921538256],[59.837283167345774,22.279178224760912],[58.62849334190632,23.4582954275197],[57.146197351916086,23.9824710714406],[56.01545623253132,25.771625124174975],[54.77081969688679,24.73348196621599]]]},"properties":{"NAME":"Muscat","SUBJECTO":"Muscat","PARTOF":"Muscat"}},
{"type":"Feature","geometry":{"type":"Polygon","coordinates":[[[40.81975844810749,19.68472059841814],[41.628558191759836,18.047204576689623],[42.76366332481648,16.64545591946306],[45.24036913418436,17.693671699410253],[46.2768914091897,17.11782599107396],[46.659412505366426,15.424765841972887],[47.83758652372263,16.42168231904352],[50.511135257684785,17.146712484185798],[53.955028542110604,19.729632447505164],[56.94577797332251,20.635920153933014],[57.93127349327351,20.400937639433764],[56.78285797913236,22.290627166423207],[54.77081969688679,24.73348196621599],[53.68676284263874,23.987481676298998],[51.58590224693562,24.003221117216967],[50.85731587293009,23.88040675589211],[48.61717190595118,25.686974471197686],[44.08318025137882,30.33699169344677],[40.0291220249877,34.3910499198379],[38.372162177518426,35.14088777601609],[37.211895121902344,33.56649570430072],[36.52476660895469,31.161545908983946],[36.593479460249455,29.78728888308865],[37.420911989940144,27.834118954335942],[40.179837049325016,24.0279744911095],[41.81245652795076,21.71258711091823],[41.922550674907015,20.766511713616357],[40.81975844810749,19.68472059841814]]]},"properties":{"NAME":null,"SUBJECTO":null,"PARTOF":null}},
{"type":"Feature","geometry":{"type":"MultiPolygon","coordinates":[[[[42.40844253013874,13.175496660429857],[40.739138636095774,14.919243417937182],[39.517928156359446,15.46304854031267],[38.90385722093653,17.364074841192043],[35.15598421728055,15.511481814739057],[33.91396891300796,12.01125686633451],[33.23650601976838,11.446704455301521],[31.20411734004961,11.785435901921314],[30.752475411223212,12.349988312954302],[30.97829637563641,15.624392296945654],[29.510460106950635,20.027901103002982],[30.97829637563641,20.93118496065577],[33.123595537561776,20.592453514035974],[37.47998717735554,18.819871507841967],[37.12776854942585,21.227176271635912],[35.74630263756062,22.914340578276537],[35.189864191515696,24.39991911526384],[32.51417897995226,23.73314148844132],[30.818889214610206,23.659433237774273],[29.344724201269287,24.0279744911095],[27.428309683926102,27.197429269792465],[25.438186915915864,28.00822002712997],[21.679066131896533,28.081928277797015],[17.970530295354642,28.61240420414305],[17.001952545304682,28.750951383364868],[12.532702649482994,30.804904526976536],[7.892289991693662,32.592604485305216],[5.681251390019595,32.815410169955875],[2.453117778055347,32.6686768239575],[-1.802211619772074,32.42724029347477],[-9.62504383613323,30.406100832182787],[-10.339312520520437,29.14631613369646],[-11.576458898083914,28.228616319853685],[-12.866208997266043,27.857324205595873],[-14.367254224316824,26.119227968413256],[-14.820046391980398,24.73287733669939],[-15.714025464551199,23.873057924467943],[-16.806021657483328,21.989650331694506],[-17.05190750648235,21.00409849758806],[-16.347281423108328,20.522616945464037],[-16.04107281257366,17.66987761135759],[-7.711186042968258,17.875545035939695],[-0.47785827660806,18.757658178178744],[0.757100122526605,18.757658178178744],[4.285552691482803,18.05196766438751],[5.344088462169662,17.169854522148455],[5.167665833721848,15.052782980774737],[4.285552691482803,13.994247210087877],[-1.35997141884711,10.818639898027314],[2.878831280503675,13.20296641641212],[8.26576059714931,12.367349972804174],[10.46185646941483,12.47375118639364],[10.070016651836823,14.22477715239241],[10.807099158507285,14.593318405727643],[11.765306417178873,16.214899920402644],[11.986431169180012,20.342561957757212],[13.313265659723275,20.972940619143642],[15.008469446528892,15.035567909729917],[15.819260203866392,14.298485403059459],[15.819260203866392,13.119153392386728],[14.712640872177422,12.506980996133255],[15.657358111202049,11.30618068591897],[18.627952846500676,10.169490738236744],[20.673287450301128,11.956221643123333],[23.19994183767005,11.775300538947805],[24.074465964367207,11.181973046384048],[30.599761371261398,11.115971520296771],[32.34880962465572,9.527647378549165],[33.02152049134584,6.864538013373648],[35.57782178476831,5.527006069275479],[38.605020684873864,6.597308569790442],[38.71774683719798,7.113764700623299],[37.32699067649401,7.113764700623299],[35.96601611418234,8.080253882554778],[35.51235792674511,10.013232246417736],[36.722113093244374,13.879188974143647],[37.629429468118836,14.523515095431307],[39.141623426242916,13.879188974143647],[40.50259798855459,11.624047549636868],[40.72049988346774,10.115313777249092],[41.570925555704534,10.291756102257501],[41.654002062665924,11.350155376377634],[42.8099584908321,11.778485857207201],[43.3304777474239,12.434074007231615],[42.40844253013874,13.175496660429857]]],[[[47.63646532348032,4.096041917326511],[47.63646532348033,4.096041917326511],[48.078196558459055,4.666824423033617],[47.63646532348032,4.096041917326511]]],[[[37.984852858084494,-6.933722993756492],[37.73218392318508,-4.575479601362019],[39.41664348918112,-1.375006425969531],[44.281409389217814,3.357797510020823],[43.41489377502695,2.514787056134711],[39.41664348918111,-1.375006425969531],[37.732183923185076,-4.575479601362019],[37.984852858084494,-6.933722993756492]]],[[[40.40044310997273,-11.230388082306959],[39.248197532581536,-11.144871908746616],[38.74285966278272,-10.21841914744879],[39.24819753258153,-11.144871908746616],[40.40044310997273,-11.230388082306959]]],[[[28.27903016038492,-21.46670110792186],[28.63187541728054,-19.87889745189157],[28.61662685468665,-19.947515983564067],[28.27903016038492,-21.46670110792186]]],[[[6.899720429053349,6.127803964515512],[6.088779959185374,4.328133188444994],[6.763964025938454,5.826528050402973],[6.899720429053349,6.127803964515512]]],[[[0.802637848360785,5.71471508618059],[1.557863506777537,6.237427316862963],[3.949497255785712,6.579388700682543],[1.557863506777533,6.237427316862963],[0.802637848360785,5.71471508618059]]],[[[-7.413408246533624,4.330689035612963],[-4.999971356885183,5.238270841795824],[-3.941593614117853,5.265976034361742],[-4.999971356885187,5.238270841795824],[-7.413408246533624,4.330689035612963]]],[[[26.3066511483028,-33.892288602631666],[28.921853098376047,-32.29790917758284],[32.234744104845774,-28.74441758517561],[28.921853098376044,-32.29790917758284],[26.3066511483028,-33.892288602631666]]],[[[28.27903016038492,-21.46670110792186],[28.455452788832716,-22.525236878608716],[29.33756593107178,-23.054504763952146],[28.45545278883273,-22.525236878608716],[28.27903016038492,-21.46670110792186]]]]},"properties":{"NAME":null,"SUBJECTO":null,"PARTOF":null}},
{"type":"Feature","geometry":{"type":"Polygon","coordinates":[[[40.40044310997273,-11.230388082306959],[39.6576147408321,-9.795738614838697],[39.270125421984446,-7.801093496125318],[39.5664282173946,-7.044216073792555],[38.921526941759836,-6.340208925049879],[39.26727202842976,-4.776162542145826],[40.23441604088093,-3.191706575196363],[42.440066370470774,-0.511580146592237],[43.724307093127024,0.800251446921251],[46.22544175888997,2.552302650726347],[46.36050322960163,2.667831026274584],[47.63646532348033,4.096041917326511],[47.63646532348032,4.096041917326511],[46.449290647584505,4.080424596143054],[44.281409389217814,3.357797510020823],[39.41664348918112,-1.375006425969531],[37.73218392318508,-4.575479601362019],[37.984852858084494,-6.933722993756492],[38.23752179298391,-9.291966386150964],[38.74285966278272,-10.21841914744879],[39.248197532581536,-11.144871908746616],[40.40044310997273,-11.230388082306959]]]},"properties":{"NAME":"Islamic city-states","SUBJECTO":"Islamic city-states","PARTOF":"Islamic city-states"}},
{"type":"Feature","geometry":{"type":"Polygon","coordinates":[[[76.07506087730671,10.553955637175463],[76.70353225181843,8.706356607634447],[77.89976027916218,8.257814966399096],[79.82626632164265,10.358728014189623],[79.71073440025593,11.44494207974138],[78.1596335770094,11.06481724294239],[76.07506087730671,10.553955637175463]]]},"properties":{"NAME":"Pandya state","SUBJECTO":"Pandya state","PARTOF":"Pandya state"}},
{"type":"Feature","geometry":{"type":"Polygon","coordinates":[[[79.71073440025593,11.44494207974138],[80.31988051841999,13.33321341152849],[80.0870695442989,14.94643362637224],[77.44999264222808,14.197203801854247],[77.30546722500364,13.76362755018091],[78.1596335770094,11.06481724294239],[79.71073440025593,11.44494207974138]]]},"properties":{"NAME":"Chola state","SUBJECTO":"Chola state","PARTOF":"Chola state"}},
{"type":"Feature","geometry":{"type":"Polygon","coordinates":[[[84.30392613648812,20.751919204121563],[83.1587466225937,21.568000080300976],[82.00254328479814,22.868728835320994],[80.70181452977812,22.796466126708765],[79.4010857747581,23.374567795606545],[79.11203494030921,21.85705091474987],[75.13758596663696,21.206686537239868],[73.54780637716806,21.784788206137648],[74.19817075467806,23.952669464504332],[73.18649283410694,24.675296550626562],[68.88241103599812,22.99714811917009],[69.12606337974812,21.96850737209978],[71.0244474739864,20.657476030547045],[72.1208601326778,21.155339800078295],[72.75949386070515,20.057649217802904],[73.06422713707234,18.031716905791185],[73.84143355797077,15.390475832182787],[74.73362258384968,13.68335875149431],[75.21094039390827,12.10236796017351],[76.07506087730671,10.553955637175463],[78.1596335770094,11.06481724294239],[77.30546722500364,13.76362755018091],[77.44999264222808,14.197203801854247],[80.0870695442989,14.94643362637224],[80.45975783775593,15.773146234709642],[79.43194022856,16.017480187767116],[79.32813168485968,17.23299513274122],[81.86185280153937,18.730193974415585],[84.30392613648812,20.751919204121563]]]},"properties":{"NAME":"minor Hindu kingdoms","SUBJECTO":"minor Hindu kingdoms","PARTOF":"minor Hindu kingdoms"}},
{"type":"Feature","geometry":{"type":"Polygon","coordinates":[[[98.63722518394734,27.47874220486345],[98.55070355699716,28.2884319812377],[97.61128834503826,28.938796358747705],[95.08209354361047,28.722008232911037],[91.83027165606045,27.276754060666583],[88.66374230840769,26.414279106455098],[90,25.686974471197676],[90,22.979495607573412],[91.41017440269734,22.72083433743181],[92.03401788582516,25.426228247251167],[94.72078000054935,25.97602530564657],[98.59203139454138,25.75815164462812],[98.63722518394734,27.47874220486345]]]},"properties":{"NAME":null,"SUBJECTO":null,"PARTOF":null}},
{"type":"Feature","geometry":{"type":"Polygon","coordinates":[[[91.41017440269734,22.72083433743181],[92.17629531334187,20.886634432036303],[94.05371383140827,19.061149202544115],[94.4648542733028,17.26426275845232],[94.14335921715046,16.215379320341967],[95.32981399009968,15.677930437285326],[96.4692488045528,16.512576662260912],[97.57322219322468,16.44506987209978],[99.84117787222739,20.481864939730535],[100.22794265390873,20.389056301173344],[101.00763564981274,21.423474663076533],[100.14048314646607,23.37456779560655],[100.50179668952718,24.313983007565444],[98.59203139454138,25.75815164462812],[94.72078000054935,25.97602530564657],[92.03401788582516,25.426228247251167],[91.41017440269734,22.72083433743181]]]},"properties":{"NAME":"Pagan","SUBJECTO":"Pagan","PARTOF":"Pagan"}},
{"type":"Feature","geometry":{"type":"Polygon","coordinates":[[[107.01773418125487,15.022454240537204],[107.00507535871475,17.037970481707667],[105.53258040855671,18.844211183745287],[106.8070402474239,20.905006014067553],[107.46579268883015,20.976270281035326],[105.41238593274157,21.902014389521984],[101.85148057957011,20.532435407532958],[101.657367324407,19.661170456991734],[101.64604373227175,17.998714290853265],[104.111285899852,17.998714290853265],[104.93303328904541,17.45088269805765],[105.77697441821945,15.425669848262032],[105.87574433746508,14.46367893449936],[107.01773418125487,15.022454240537204]]]},"properties":{"NAME":"Đại Việt","SUBJECTO":"Đại Việt","PARTOF":"Đại Việt"}},
{"type":"Feature","geometry":{"type":"Polygon","coordinates":[[[108.94330729750659,11.41220059964261],[107.5112794249128,11.668009000426444],[107.51459029625202,13.421952806670092],[107.01773418125487,15.022454240537204],[105.87574433746508,14.46367893449936],[101.80252544454719,13.980415676017579],[100.90870955894734,13.447337709624193],[100.87163070152546,12.678542696196459],[102.65849593590046,12.066133104521654],[103.03959182213093,10.897970758635424],[104.9785261483028,9.980911813933275],[104.74248031090046,8.493669115263842],[106.48202804039265,9.552120767790697],[108.94330729750659,11.41220059964261]]]},"properties":{"NAME":"Khmer Empire","SUBJECTO":"Khmer Empire","PARTOF":"Khmer Empire"}},
{"type":"Feature","geometry":{"type":"Polygon","coordinates":[[[108.94330729750659,11.41220059964261],[109.30712417076374,12.906332575041674],[108.78612044761921,15.090558611113451],[108.23614791343952,16.080380998808764],[107.00507535871475,17.037970481707667],[107.01773418125487,15.022454240537204],[107.51459029625202,13.421952806670092],[107.5112794249128,11.668009000426444],[108.94330729750659,11.41220059964261]]]},"properties":{"NAME":"Champa","SUBJECTO":"Champa","PARTOF":"Champa"}},
{"type":"Feature","geometry":{"type":"Polygon","coordinates":[[[100.90870955894734,13.447337709624193],[100.2127458550783,14.197203801854247],[99.9303312630489,13.261001192290209],[100.90870955894734,13.447337709624193]]]},"properties":{"NAME":"Luva","SUBJECTO":"Luva","PARTOF":"Luva"}},
{"type":"Feature","geometry":{"type":"Polygon","coordinates":[[[80.05398091946621,29.981535549447877],[83.73995815744011,28.204841485100737],[86.23137003639518,27.003945111791463],[88.66374230840769,26.414279106455098],[91.83027165606045,27.276754060666583],[95.08209354361047,28.722008232911037],[97.61128834503826,28.938796358747705],[98.55070355699716,28.2884319812377],[98.63722518394734,27.47874220486345],[100.68162876825185,28.690961624015074],[102.40610101767813,33.720672351508384],[101.68757091375052,36.3073807256478],[95.51860962044294,37.10197545317673],[91.68578058575658,36.36489294650627],[90,36.51230944784036],[89.91678256974747,35.185560935833536],[86.82103604173155,35.1118526851665],[81.79462389462604,34.76804767338405],[81.25281768294633,34.05138299306247],[79.89789189646716,34.05138299306247],[80.05398091946621,29.981535549447877]]]},"properties":{"NAME":"Tibet","SUBJECTO":"Tibet","PARTOF":"Tibet"}},
{"type":"Feature","geometry":{"type":"Polygon","coordinates":[[[69.82627688363858,31.757041994624394],[68.23649729416968,29.37237261042104],[66.30008986900593,25.494687639433764],[67.31589034508015,24.092885576445482],[68.88241103599812,22.99714811917009],[73.18649283410694,24.675296550626562],[74.19817075467806,23.952669464504332],[73.54780637716806,21.784788206137648],[75.13758596663696,21.206686537239868],[79.11203494030921,21.85705091474987],[79.4010857747581,23.374567795606545],[80.70181452977812,22.796466126708765],[82.00254328479814,22.868728835320994],[83.1587466225937,21.568000080300976],[84.30392613648812,20.751919204121563],[85.37910750816609,19.60537489529314],[86.11916640709187,19.806542955595873],[87.64071944664265,21.563081346709154],[90,21.93025358792009],[90,22.979495607573412],[90,25.686974471197676],[88.66374230840769,26.414279106455098],[86.23137003639518,27.003945111791463],[83.73995815744011,28.204841485100737],[80.05398091946621,29.981535549447877],[73.47554366855583,32.98550804103219],[72.79127117046276,34.22479658505415],[71.66897595325027,33.78039783576664],[69.82627688363858,31.757041994624394]]]},"properties":{"NAME":"Sultanate of Delhi","SUBJECTO":"Sultanate of Delhi","PARTOF":"Sultanate of Delhi"}},
{"type":"Feature","geometry":{"type":"Polygon","coordinates":[[[72.79127117046276,34.22479658505415],[73.47554366855583,32.98550804103219],[80.05398091946621,29.981535549447877],[79.89789189646716,34.05138299306247],[81.25281768294633,34.05138299306247],[81.79462389462604,34.76804767338405],[81.25281768294633,35.31598039377637],[78.4526377242227,35.135323622245814],[76.01377130856017,35.49663716530693],[72.79127117046276,34.22479658505415]]]},"properties":{"NAME":"Kashmir and Ladakh","SUBJECTO":"Kashmir and Ladakh","PARTOF":"Kashmir and Ladakh"}},
{"type":"Feature","geometry":{"type":"Polygon","coordinates":[[[60.025647028105865,42.361594483468096],[62.103199900707274,40.37436999663197],[64.63239470213507,38.838787438622234],[66.52929080320592,38.1161603525],[66.70994757473647,37.21287649484722],[67.8842165896851,36.85156295178611],[69.82627688363858,31.757041994624394],[71.66897595325027,33.78039783576664],[72.79127117046276,34.22479658505415],[76.01377130856017,35.49663716530693],[78.4526377242227,35.135323622245814],[81.25281768294633,35.31598039377637],[92.00189558901448,41.909952554641706],[90,43.89717704147783],[90,46.42637184290564],[93.80846330432006,48.05228278668065],[93.80846330432006,49.67819373045566],[90,50.07330645934762],[88.38876015840334,50.4008208165779],[85.67890858544497,50.310492430812616],[82.42708669789495,49.587865344690385],[79.17526481034493,49.40720857315983],[70.50373977687818,50.129835659282065],[63.54845407295173,45.25210282795702],[60.025647028105865,42.361594483468096]]]},"properties":{"NAME":"Chagatai Khanate","SUBJECTO":"Mongol Empire","PARTOF":"Mongol Empire"}},
{"type":"Feature","geometry":{"type":"Polygon","coordinates":[[[52.61114028404499,72.74000128384294],[51.482134851916086,71.8446765768117],[54.30786803673054,71.20566137905779],[55.51757720421101,72.47799261685076],[52.61114028404499,72.74000128384294]]]},"properties":{"NAME":null,"SUBJECTO":null,"PARTOF":null}},
{"type":"Feature","geometry":{"type":"Polygon","coordinates":[[[21.768063558826285,49.74367772256412],[21.42368930592792,51.49933300123518],[21.464272222955863,53.81909730972785],[19.205657437266982,53.25444361330563],[18.684934699163794,54.25402242200741],[17.65761283348347,54.6854625570363],[16.203755181044727,53.70638782317607],[15.764534780902293,52.265471213805796],[18.64603658024246,50.64451035817146],[18.926706865198327,49.62196029694568],[21.768063558826285,49.74367772256412]]]},"properties":{"NAME":"Poland","SUBJECTO":"Poland","PARTOF":"Poland"}},
{"type":"Feature","geometry":{"type":"Polygon","coordinates":[[[22.234254536258888,54.12709023504906],[23.38283875394511,52.34829776204263],[25.79912307316631,52.28299278044206],[27.039917723577197,52.936042596447784],[27.692967539582924,54.503362154861534],[27.37053292420636,55.71934336485123],[24.714955588599217,56.34042456522161],[21.90450131031612,56.350039320300105],[22.234254536258888,54.12709023504906]]]},"properties":{"NAME":"Lithuania","SUBJECTO":"Lithuania","PARTOF":"Lithuania"}},
{"type":"Feature","geometry":{"type":"Polygon","coordinates":[[[20.99418346540108,44.70007972459091],[21.4889942875285,42.87907542995954],[24.297108496353133,42.030110669152094],[26.060342999568604,42.09541565075267],[27.887320551378977,43.0635257589406],[28.686247858507883,44.48805197354021],[29.710764917834055,45.25833471890154],[28.01860651185924,45.3154810971337],[27.954187465985218,44.250480043571585],[24.231803514752556,43.79334517236757],[22.664483956338806,44.64230993317502],[20.99418346540108,44.70007972459091]]]},"properties":{"NAME":"Bulgar Khanate","SUBJECTO":"Bulgar Khanate","PARTOF":"Bulgar Khanate"}},
{"type":"Feature","geometry":{"type":"Polygon","coordinates":[[[27.60590255435066,56.706888984107934],[30.73811447292015,56.98223657748532],[34.28877068124079,57.833916216490756],[36.11731016605684,56.72373152928101],[37.74993470607116,56.98495145568331],[38.860119393280904,58.35635606929534],[38.40298452207689,59.27062581170336],[36.24792012925798,60.1195905725108],[37.09688489006543,61.16447027811998],[39.8396941172895,60.1195905725108],[41.211098730901526,61.16447027811998],[46.04366736934393,62.078740020527995],[45.96480886560179,57.734515685377644],[54.92163183184503,58.11297299381046],[53.09660538220581,61.49099518612284],[51.26806589738977,63.25422968933831],[48.00281681736112,64.95215921095321],[44.052840265734446,66.04050024624529],[42.21078780601765,66.41000708218279],[39.9513273567989,65.58116491909685],[39.19344237755085,64.5110355245656],[37.410540613634836,63.749496065337084],[35.081763300402415,64.28833349819841],[34.293414148791086,65.39624365444841],[30.603998127121553,64.93804540067741],[27.231594534992126,63.35447998456054],[28.665709168978292,62.20874538664886],[29.68729690025593,60.131000124174975],[27.702038797838938,59.297504030424975],[27.663288210999713,58.95605697043894],[27.60590255435066,56.706888984107934]]]},"properties":{"NAME":"Novgorod","SUBJECTO":"Novgorod","PARTOF":"Novgorod"}},
{"type":"Feature","geometry":{"type":"Polygon","coordinates":[[[21.768063558826285,49.74367772256412],[24.297108496353133,48.756523774011114],[27.170527686778343,47.97286399480424],[27.42832177808028,47.38362035754267],[29.456202042798395,48.36469388440768],[29.84803193240183,49.278963626815695],[34.680600570844234,48.56060882920939],[37.03157990846486,49.73609849801971],[38.27237455887575,50.91158816683002],[40.688658878096945,50.97689314843059],[43.62738305012273,52.21768779884148],[43.62738305012273,54.96049702606554],[45.71714246134106,55.287021934068406],[45.96480886560179,57.734515685377644],[46.04366736934393,62.078740020527995],[41.211098730901526,61.16447027811998],[39.8396941172895,60.1195905725108],[37.09688489006543,61.16447027811998],[36.24792012925798,60.1195905725108],[38.40298452207689,59.27062581170336],[38.860119393280904,58.35635606929534],[37.74993470607116,56.98495145568331],[36.11731016605684,56.72373152928101],[34.28877068124079,57.833916216490756],[30.73811447292015,56.98223657748532],[27.60590255435066,56.706888984107934],[27.37053292420636,55.71934336485123],[27.692967539582924,54.503362154861534],[27.039917723577197,52.936042596447784],[25.79912307316631,52.28299278044206],[23.38283875394511,52.34829776204263],[22.234254536258888,54.12709023504906],[21.464272222955863,53.81909730972785],[21.42368930592792,51.49933300123518],[21.768063558826285,49.74367772256412]],[[36.98114829531505,55.895352217783845],[37.79589884931856,56.23952795857335],[38.6767102590521,55.84593313880959],[37.83993941980523,55.323226464907194],[36.98114829531505,55.895352217783845]]]},"properties":{"NAME":"Ryazan","SUBJECTO":"Khanate of the Golden Horde","PARTOF":"Ryazan"}},
{"type":"Feature","geometry":{"type":"MultiPolygon","coordinates":[[[[56.96043685386921,73.35708960171404],[60.88701919029499,75.24749334927263],[66.54819014976765,75.97989233608904],[65.9260588021114,76.50735815640154],[59.01763060997273,75.79893072720232],[54.01755050133015,73.73358496304216],[56.96043685386921,73.35708960171404]]],[[[136.48705581138876,53.65484198208513],[136.49160293052938,54.4554935323781],[134.98522475670126,54.853934847075365],[137.22909072349813,55.98272284146013],[140.58739760826376,58.239310823637865],[142.84585097740438,59.27252539272966],[148.41608718345907,59.09739264126482],[151.14020827720907,59.43957098599138],[153.92443374107626,58.922347627837084],[154.3156538338497,59.98334845181169],[157.09798720787313,61.63339956875505],[158.84125808189657,61.78396948452654],[160.64498427818563,60.71775396938982],[164.1376753182247,62.532653413969896],[163.32929519127157,60.69494970913591],[158.32625869224813,58.026820741850756],[156.77685073326376,57.58045538540544],[155.62757399986532,56.26791723843279],[155.46520522545126,54.91977270718279],[156.69637587974813,50.957748018462084],[157.89777663658407,51.66602285977068],[158.4613600106075,52.82596167202654],[159.89686110924032,53.24057730313005],[159.93114760826376,54.086356722075365],[161.502741846545,55.287372194487475],[162.51240066002157,57.033492647368334],[161.80436232994344,58.1017223226613],[163.38868239830282,59.81406363125505],[165.77999404381063,60.35411413784685],[170.33680251549032,60.27710302944841],[173.48090651939657,61.601100527007006],[179.2876997322872,62.81507834072771],[178.14725783775594,64.15663488979997],[180,64.95347937222185],[180,65.05193670864763],[180,65.31103094692888],[180,65.38163336392107],[180,65.96313055630388],[180,66.96313055630388],[180,67.96313055630388],[180,68.91989477749529],[175.61097243736532,69.77942999478044],[170.45170119713094,70.0192142355031],[167.32007888267782,69.65857275601091],[161.96099379967,69.52816351528826],[159.44381240318563,69.76456030483904],[158.4086714119747,70.81418951626482],[152.1340132088497,70.66443213101091],[146.91512587974813,72.20190008755388],[141.29397109459188,72.78707464810076],[137.62967971275594,71.07541998501482],[132.28361037681844,71.66087683315935],[130.7792768807247,70.67834051724138],[126.2164411873653,72.38231238003435],[125.71732619713093,73.39780005093279],[120.57851699302937,72.83511694546404],[118.46038344810749,73.51922949429216],[108.33986190269734,73.69124182339372],[113.62504867027546,75.27267035122576],[113.53300765465046,76.0936542379445],[108.24447158287312,76.64641913052263],[103.39330581138874,77.5577884542531],[99.46723464439656,75.96692236538591],[90,75.60154303188982],[86.95832351158406,74.78206213589372],[87.69079116295124,73.90001257534685],[80.46401503990437,73.31357916470232],[79.22255996177937,72.2712894308156],[73.21685317466999,71.45773657437029],[74.24957564781452,70.5729480611867],[73.91452315758015,69.15427740688982],[74.74171737144734,67.68622168179216],[72.20881179283406,66.17345770474138],[70.83993056724812,66.55140265103044],[72.83769515465046,67.64564856167497],[72.7139997811153,72.76958807583513],[69.34311202476765,72.83426245327654],[66.81797316978718,71.10538061733904],[66.58425429771687,68.88553961392107],[62.2812719673946,69.7051273214406],[57.02422622154499,68.44890936489763],[53.889117273791086,68.78699835415544],[48.08066085289265,67.56245764370622],[45.8634367317989,68.3833499776906],[43.8221655220821,68.3273197042531],[44.052840265734446,66.04050024624529],[48.00281681736112,64.95215921095321],[51.26806589738977,63.25422968933831],[53.09660538220581,61.49099518612284],[54.92163183184503,58.11297299381046],[58.293141299587475,58.42450462459385],[61.881311869416805,59.851680200893746],[70.6872193104639,62.538697653787196],[77.03843393458506,61.974145242754204],[85.08330579180519,58.16341646828151],[93.97500626557478,56.89317354345729],[109.07678326070727,57.59886405724852],[118.10962183723511,56.89317354345729],[126.43676989997174,54.917240104841824],[136.48705581138876,53.65484198208513]]]]},"properties":{"NAME":"Siberians","SUBJECTO":"Siberians","PARTOF":"Siberians"}},
{"type":"Feature","geometry":{"type":"Polygon","coordinates":[[[16.639813456042063,43.389735780913256],[19.606965097887766,41.76153906460466],[21.4889942875285,42.87907542995954],[20.99418346540108,44.70007972459091],[16.865100977066206,44.24473664179024],[16.639813456042063,43.389735780913256]]]},"properties":{"NAME":"Raška","SUBJECTO":"Raška","PARTOF":"Raška"}},
{"type":"Feature","geometry":{"type":"Polygon","coordinates":[[[13.36769584129597,45.69448813076677],[12.144820791307122,45.762766549782334],[12.176189455492747,45.21429022427263],[13.36769584129597,45.69448813076677]]]},"properties":{"NAME":"Venice","SUBJECTO":"Venice","PARTOF":"Venice"}},
{"type":"Feature","geometry":{"type":"Polygon","coordinates":[[[9.432161364062082,42.79413565273943],[8.609300646288645,42.48734625454607],[8.726921114428293,41.56056936855974],[9.452508959276926,42.048305116850756],[9.432161364062082,42.79413565273943]]]},"properties":{"NAME":"Corsica","SUBJECTO":"Corsica","PARTOF":"Corsica"}},
{"type":"Feature","geometry":{"type":"Polygon","coordinates":[[[12.697230371935618,43.93475683804216],[11.960132972273152,42.00737273979235],[13.760507236067037,41.20669841656926],[14.076401988771629,42.633776395633475],[12.697230371935618,43.93475683804216]]]},"properties":{"NAME":"Papal States","SUBJECTO":"Papal States","PARTOF":"Papal States"}},
{"type":"Feature","geometry":{"type":"MultiPolygon","coordinates":[[[[14.076401988771629,42.633776395633475],[13.760507236067037,41.20669841656926],[15.666200670702707,40.09186133022966],[17.08408072899128,40.525111757475756],[14.076401988771629,42.633776395633475]]],[[[14.942398104174387,36.7385631429738],[15.386741671068918,38.20554693813982],[12.454147371752512,37.766009889799975],[14.942398104174387,36.7385631429738]]]]},"properties":{"NAME":"Sicily","SUBJECTO":"Sicily","PARTOF":"Sicily"}},
{"type":"Feature","geometry":{"type":"Polygon","coordinates":[[[27.42832177808028,47.38362035754267],[27.170527686778343,47.97286399480424],[24.297108496353133,48.756523774011114],[21.768063558826285,49.74367772256412],[18.926706865198327,49.62196029694568],[16.55703797474184,47.495365569695004],[16.535293701650023,46.364663368920475],[14.354488405688059,45.32289084072771],[15.412318262560618,43.93475683804216],[16.639813456042063,43.389735780913256],[16.865100977066206,44.24473664179024],[20.99418346540108,44.70007972459091],[22.664483956338806,44.64230993317502],[23.056313845942245,45.03413982277846],[26.517477870772616,45.81779960198533],[27.42832177808028,47.38362035754267]]]},"properties":{"NAME":"Hungary","SUBJECTO":"Hungary","PARTOF":"Hungary"}},
{"type":"Feature","geometry":{"type":"Polygon","coordinates":[[[7.397118601305735,43.76409491177263],[6.942603620989573,44.868651949126146],[5.53343105388978,46.096995468969524],[6.015196937097659,48.65303066910338],[5.36112920249578,49.69675577751063],[1.825507855816062,50.24268837050297],[1.796177011821849,50.92141446466973],[0.032870042426836,49.333705507475756],[-1.891543593899954,49.526351534087084],[-4.761963334473389,48.55200155825977],[-1.999109269065851,48.67695685862887],[-2.010361521016347,47.745650369834415],[-1.256056633488882,46.30683096523943],[1.29012292365228,46.30331014928663],[1.637846457178183,45.80104282308255],[-0.409914609687078,42.785567842680834],[1.320455842331889,42.60500633270461],[1.45631185806913,42.61895371848023],[2.948875128434636,42.882970675163364],[4.078196081621897,43.487086855132006],[5.828570398791086,43.02081640835466],[7.397118601305735,43.76409491177263]]]},"properties":{"NAME":"France","SUBJECTO":"France","PARTOF":"France"}},
{"type":"Feature","geometry":{"type":"Polygon","coordinates":[[[-2.624331441418875,36.811297975737475],[-5.200716368831257,37.53294991479995],[-6.632153954999197,37.02175100918474],[-5.660587277905691,36.00800665493669],[-4.446585622327078,36.72201880093279],[-2.624331441418875,36.811297975737475]]]},"properties":{"NAME":"Granada","SUBJECTO":"Granada","PARTOF":"Granada"}},
{"type":"Feature","geometry":{"type":"Polygon","coordinates":[[[-8.806055036084402,41.889178835112475],[-6.70870443870281,41.96004446621599],[-6.933383431927908,38.961349092680834],[-7.491503682629812,37.208156191069506],[-6.632153954999197,37.02175100918474],[-5.200716368831257,37.53294991479995],[-2.624331441418875,36.811297975737475],[-1.940475192563284,36.951598726469896],[-1.806933186472564,39.85751282659835],[-2.130006796834982,41.81657040431949],[-2.142923348755842,43.331471028881836],[-7.636274781720388,43.72141226406755],[-9.270803418652761,43.048690401274584],[-8.806055036084402,41.889178835112475]]]},"properties":{"NAME":"Castile","SUBJECTO":"Castile","PARTOF":"Castile"}},
{"type":"Feature","geometry":{"type":"Polygon","coordinates":[[[35.189864191515696,24.39991911526384],[33.928809198839915,26.56382330532732],[34.0580053658321,27.79031332607927],[34.88559249351765,28.357480608183764],[37.21826842735554,25.166631303984545],[39.1021948189571,22.400445543486498],[39.16673949669148,21.218801103789232],[40.81975844810749,19.68472059841814],[41.922550674907015,20.766511713616357],[41.81245652795076,21.71258711091823],[40.179837049325016,24.0279744911095],[37.420911989940144,27.834118954335942],[36.593479460249455,29.78728888308865],[36.52476660895469,31.161545908983946],[37.211895121902344,33.56649570430072],[38.372162177518426,35.14088777601609],[35.8141377527435,36.29849189880415],[35.873065027697336,34.422286592680834],[34.50065902183796,31.621099077422045],[33.557601007921946,30.967715822417162],[32.07651046226765,31.013650499541185],[30.995955500109446,31.468850694853685],[29.24884704063679,30.753661714751146],[23.153338465197336,32.138812624174975],[21.673419031603586,32.8155895101613],[20.36572173546101,32.29824026699724],[20.116768869860422,30.957103334624193],[18.91502669761921,30.204860292632006],[17.957158121569407,30.768363558012865],[17.970530295354642,28.61240420414305],[21.679066131896533,28.081928277797015],[25.438186915915864,28.00822002712997],[27.428309683926102,27.197429269792465],[29.344724201269287,24.0279744911095],[30.818889214610206,23.659433237774273],[32.51417897995226,23.73314148844132],[35.189864191515696,24.39991911526384]]]},"properties":{"NAME":"Mamluke Sultanate","SUBJECTO":"Mamluke Sultanate","PARTOF":"Mamluke Sultanate"}},
{"type":"Feature","geometry":{"type":"Polygon","coordinates":[[[-1.802211619772074,32.42724029347477],[2.453117778055347,32.6686768239575],[5.681251390019595,32.815410169955875],[7.892289991693662,32.592604485305216],[12.532702649482994,30.804904526976536],[17.001952545304682,28.750951383364868],[17.970530295354642,28.61240420414305],[17.957158121569407,30.768363558012865],[15.843325647814524,31.28500326748552],[15.009786638720286,32.3634410726613],[12.564756426317942,32.73963888760271],[10.019480738146555,34.081473909575365],[11.125108751757395,35.24060782070818],[10.13273433159138,37.10474737759294],[5.144465002520334,36.66767843838396],[1.057602915270579,36.46185644741716],[-2.192973938481558,35.0542484151906],[-1.738150325314749,34.605094515044115],[-1.802211619772074,32.42724029347477]]]},"properties":{"NAME":"Hafsid Caliphate","SUBJECTO":"Hafsid Caliphate","PARTOF":"Hafsid Caliphate"}},
{"type":"Feature","geometry":{"type":"Polygon","coordinates":[[[37.252825769884836,41.02772101040544],[38.81112237911529,40.150774943705784],[40.761755490366085,40.56876775325952],[41.48396209190632,41.436542116362475],[40.36101439903523,40.96344336147966],[37.252825769884836,41.02772101040544]]]},"properties":{"NAME":"Trebizond","SUBJECTO":"Trebizond","PARTOF":"Trebizond"}},
{"type":"Feature","geometry":{"type":"Polygon","coordinates":[[[35.89087584923054,36.77111395474138],[36.49442451597273,37.36916786184477],[39.14792153998637,38.62220812318456],[41.21175255866366,40.243789637859564],[41.48396209190632,41.436542116362475],[40.761755490366085,40.56876775325952],[38.81112237911529,40.150774943705784],[37.252825769884836,41.02772101040544],[34.66290954063679,41.87558325405779],[34.491863347059976,40.91709509455431],[31.983906489737542,39.663116665893085],[30.729928061076322,39.663116665893085],[30.59059712455841,37.78214902290126],[29.00225165794636,36.69479712124529],[30.47283271263386,36.18825491543474],[31.370690378649485,36.71234472866716],[33.171336206896555,35.97088202114763],[34.4851293892696,36.62678106899919],[35.89087584923054,36.77111395474138]]]},"properties":{"NAME":"Seljuk Caliphate","SUBJECTO":"Seljuk Caliphate","PARTOF":"Seljuk Caliphate"}},
{"type":"Feature","geometry":{"type":"Polygon","coordinates":[[[47.84404281090046,42.621059023100756],[45.25983714902755,42.43851801493287],[44.454025308090785,42.03174258669762],[41.48396209190632,41.436542116362475],[41.21175255866366,40.243789637859564],[39.14792153998637,38.62220812318456],[36.49442451597273,37.36916786184477],[35.89087584923054,36.77111395474138],[35.8141377527435,36.29849189880415],[38.372162177518426,35.14088777601609],[40.0291220249877,34.3910499198379],[44.08318025137882,30.33699169344677],[48.61717190595118,25.686974471197686],[50.85731587293009,23.88040675589211],[51.58590224693562,24.003221117216967],[50.77828124473835,24.47092970486345],[49.93686202476765,25.955783449370287],[50.12176421592976,26.737586580473803],[48.85502150963093,27.522691332060717],[47.911360773546946,29.890292726714037],[50.13237288902546,30.06642874355974],[51.350134882433665,28.03613432522478],[52.89083388756062,27.05232390042009],[54.64605620811726,26.39131888027849],[55.89973357628132,27.104804598051928],[56.79043105552937,26.97391279812517],[57.254771265490305,25.793286882597826],[59.03145888756062,25.307866655547045],[61.34399321983601,25.026860796172045],[64.42497542808796,25.173116289336107],[66.30008986900593,25.494687639433764],[68.23649729416968,29.37237261042104],[69.82627688363858,31.757041994624394],[67.8842165896851,36.85156295178611],[66.70994757473647,37.21287649484722],[66.52929080320592,38.1161603525],[64.63239470213507,38.838787438622234],[62.103199900707274,40.37436999663197],[60.025647028105865,42.361594483468096],[56.76865970461873,41.37238242621869],[55.6424460095712,40.05030547985856],[54.07141784141804,38.89694555874529],[53.79965499351765,36.67903860684099],[51.79552367637898,36.43234976406755],[48.837229761584055,37.51097448940935],[48.824954065783274,38.30957754727068],[49.80730346153523,40.58070334072771],[47.84404281090046,42.621059023100756]]]},"properties":{"NAME":"Ilkhanate","SUBJECTO":"Ilkhanate","PARTOF":"Ilkhanate"}},
{"type":"Feature","geometry":{"type":"Polygon","coordinates":[[[41.48396209190632,41.436542116362475],[44.454025308090785,42.03174258669762],[45.25983714902755,42.43851801493287],[41.12255385826374,43.019088350493334],[41.48396209190632,41.436542116362475]]]},"properties":{"NAME":"Georgia","SUBJECTO":"Georgia","PARTOF":"Georgia"}},
{"type":"Feature","geometry":{"type":"Polygon","coordinates":[[[29.710764917834055,45.25833471890154],[30.832856211169016,46.576591097075365],[33.638838800890696,45.92677267666521],[33.39549544761921,44.600490175444506],[35.06732085655476,44.86172445889177],[34.906809839709055,46.27302130337419],[37.42214492271687,47.07688101406755],[37.970171961291086,46.441283785063646],[37.47389129112507,44.69235952969255],[41.12255385826374,43.019088350493334],[45.25983714902755,42.43851801493287],[47.84404281090046,42.621059023100756],[46.84594634483601,44.446410738188646],[47.55630401085163,45.45349844570818],[49.53451446007038,46.54151877041521],[51.36885741661335,47.09002264614763],[53.185217890246165,46.865226350981615],[52.60973647545124,45.39955099697771],[50.874304804308665,44.626247011382006],[51.17103484581257,43.7180667745656],[52.51981643150593,42.072555147368334],[53.98521712730671,42.10553701992693],[54.81849578331257,40.879569612700365],[53.257300409777415,40.764632784087084],[52.84545043419148,40.18038138027849],[54.07141784141804,38.89694555874529],[55.6424460095712,40.05030547985856],[56.76865970461873,41.37238242621869],[60.025647028105865,42.361594483468096],[63.54845407295173,45.25210282795702],[70.50373977687818,50.129835659282065],[79.17526481034493,49.40720857315983],[82.42708669789495,49.587865344690385],[85.67890858544497,50.310492430812616],[88.38876015840334,50.4008208165779],[90,50.07330645934762],[93.97500626557478,56.89317354345729],[85.08330579180519,58.16341646828151],[77.03843393458506,61.974145242754204],[70.6872193104639,62.538697653787196],[61.881311869416805,59.851680200893746],[58.293141299587475,58.42450462459385],[54.92163183184503,58.11297299381046],[45.96480886560179,57.734515685377644],[45.71714246134106,55.287021934068406],[43.62738305012273,54.96049702606554],[43.62738305012273,52.21768779884148],[40.688658878096945,50.97689314843059],[38.27237455887575,50.91158816683002],[37.03157990846486,49.73609849801971],[34.680600570844234,48.56060882920939],[29.84803193240183,49.278963626815695],[29.456202042798395,48.36469388440768],[27.42832177808028,47.38362035754267],[26.517477870772616,45.81779960198533],[23.056313845942245,45.03413982277846],[22.664483956338806,44.64230993317502],[24.231803514752556,43.79334517236757],[27.954187465985218,44.250480043571585],[28.01860651185924,45.3154810971337],[29.710764917834055,45.25833471890154]]]},"properties":{"NAME":"Khanate of the Golden Horde","SUBJECTO":"Mongol Empire","PARTOF":"Mongol Empire"}},
{"type":"Feature","geometry":{"type":"Polygon","coordinates":[[[98.62529281090046,3.657878957945726],[97.38407424400593,5.180140577513598],[96.18733504722859,5.145788274962328],[95.5609236092403,4.534462534148119],[96.72036269615437,3.704589210707567],[97.59714797447468,2.251384102064989],[98.60055068443562,1.707089506346605],[99.40104964683796,0.088420264679812],[99.68061635208952,1.517779301029223],[98.64567350539076,2.759710717067742],[98.62529281090046,3.657878957945726]]]},"properties":{"NAME":"Aceh","SUBJECTO":"Aceh","PARTOF":"Aceh"}},
{"type":"Feature","geometry":{"type":"MultiPolygon","coordinates":[[[[109.21701476418451,-7.014384389671774],[106.94509414146687,-6.0259837282115],[105.63347152183796,-6.755237497132399],[106.48369887779499,-7.503360189240553],[109.1153493180568,-7.738750693331721],[109.21701476418451,-7.014384389671774]]],[[[110.96831038902546,1.225523196417711],[109.28236678550984,1.882722817618273],[108.81431106041218,0.807816826064013],[109.17891982506062,-0.869010366242506],[109.94090560386921,-1.642648614686109],[110.1023054451778,-3.078540958207228],[111.33287483668917,-1.369844138632381],[110.6362201540996,0.162796163064666],[111.26320936843021,0.789785377395276],[110.96831038902546,1.225523196417711]]],[[[99.40104964683796,0.088420264679812],[100.6503019661739,-1.630999959748365],[100.81207564781452,-2.336048044007399],[102.46222976158406,-4.181821740906813],[104.56848433922077,-6.071165479462721],[105.72847274254109,-5.827141679566481],[105.94282058189656,-3.214655078690626],[103.23762038658406,-0.659467495720961],[103.72215560386921,0.0151834192461],[102.47178176353718,0.622509859759234],[101.05975631187702,2.080969177443407],[98.62529281090046,3.657878957945726],[98.64567350539076,2.759710717067742],[99.68061635208952,1.517779301029223],[99.40104964683796,0.088420264679812]]],[[[98.54462722252156,8.2642675268239],[100.13910964439656,6.177317224699877],[100.66430953453327,3.903745018202684],[101.33639815758015,2.780523143965624],[103.42773726890827,1.380763732153795],[103.34182265709187,4.805444799620531],[101.55989364097859,6.739531599242113],[100.61492446373249,6.978928648192309],[99.72404769371296,9.257984720427416],[98.54462722252156,8.2642675268239]]]]},"properties":{"NAME":"Srivijaya Empire","SUBJECTO":"Srivijaya Empire","PARTOF":"Srivijaya Empire"}},
{"type":"Feature","geometry":{"type":"MultiPolygon","coordinates":[[[[115.95590499351765,-3.199323333542921],[114.63467687314419,-1.659178846363348],[112.80111307678969,-1.87489223416976],[111.33287483668917,-1.369844138632381],[110.1023054451778,-3.078540958207228],[112.79538253258015,-2.971020854752638],[114.7124128670528,-4.206153310578443],[115.95590499351765,-3.199323333542921]]],[[[109.21701476418451,-7.014384389671774],[109.1153493180568,-7.738750693331721],[110.77773574302937,-8.320307172577955],[113.07378676841999,-8.347123540680983],[112.2747907967403,-7.026889718812086],[109.21701476418451,-7.014384389671774]]]]},"properties":{"NAME":"Kediri","SUBJECTO":"Kediri","PARTOF":"Kediri"}},
{"type":"Feature","geometry":{"type":"Polygon","coordinates":[[[114.63467687314419,-1.659178846363348],[116.01955682286133,0.187327753259529],[116.43372652744965,1.360808582926406],[115.32927398188083,3.086515685377693],[114.56996285680225,3.500685389966002],[112.4991143338607,2.258176276201075],[111.26320936843021,0.789785377395276],[110.6362201540996,0.162796163064666],[111.33287483668917,-1.369844138632381],[112.80111307678969,-1.87489223416976],[114.63467687314419,-1.659178846363348]]]},"properties":{"NAME":null,"SUBJECTO":null,"PARTOF":null}},
{"type":"Feature","geometry":{"type":"MultiPolygon","coordinates":[[[[110.96831038902546,1.225523196417711],[111.26320936843021,0.789785377395276],[112.4991143338607,2.258176276201075],[114.56996285680225,3.500685389966002],[115.32927398188083,3.086515685377693],[116.43372652744965,1.360808582926406],[116.01955682286133,0.187327753259529],[114.63467687314419,-1.659178846363348],[115.95590499351765,-3.199323333542921],[116.0462751717403,-1.934458292763807],[117.04563430259968,-0.934580959122755],[117.53428939293171,0.610662959772966],[118.51726058433796,1.165625892836474],[117.07397750328327,3.507199846465014],[119.04260543297077,5.169805132109545],[116.59562972496296,6.899092756468676],[114.87784865806843,4.855816923338793],[113.81483748863484,4.262612425047777],[112.75924972008015,3.008589826781176],[111.37182906578327,2.598927341658495],[110.96831038902546,1.225523196417711]]],[[[120.43191054771687,0.636000238615892],[119.91373732994343,0.539560459811113],[118.6836042733028,-2.901070750992872],[119.46113112877156,-3.808197892945387],[119.4768400521114,-5.80376807574568],[120.24806502769734,-5.586007512848951],[120.4188768810121,-2.875300726781753],[120.10934737633015,-0.985140777867414],[120.45365410653346,0.384119658456928],[120.43191054771687,0.636000238615892]]]]},"properties":{"NAME":"minor Hindu and Buddhist kingdoms","SUBJECTO":"minor Hindu and Buddhist kingdoms","PARTOF":"minor Hindu and Buddhist kingdoms"}},
{"type":"Feature","geometry":{"type":"MultiPolygon","coordinates":[[[[140.86977675865438,-2.794752515595533],[137.85431960533407,-1.613961375992872],[136.27088454674032,-2.418122447770216],[135.2464399666622,-3.538871921341993],[134.2830610604122,-2.854586995881178],[133.90731337974813,-1.006078935902693],[132.2540083260372,-0.52669767264662],[131.21142104576376,-1.024637974541761],[132.71871474693563,-2.934237636368849],[132.7128248543575,-3.887547172349073],[134.0406294197872,-3.948230661194899],[137.8235884041622,-5.427235997956373],[139.15613845299032,-7.725116647523024],[140.9476118416622,-9.273864187043287],[142.6074018807247,-9.376576818268873],[144.37983230064657,-7.758321679871656],[145.819636377795,-8.098442472260572],[146.6460981697872,-9.278875745576002],[147.87362197349813,-10.178817189972975],[149.78336623619344,-10.40988961581526],[149.82990554283407,-9.710580266755201],[148.58870986412313,-9.160280622284986],[146.90914443443563,-6.894825376313307],[147.37649062584188,-6.124768174927809],[145.59342482994344,-5.423136152070143],[145.72822097252157,-4.99702922229109],[143.44550612877157,-3.610096133988478],[140.86977675865438,-2.794752515595533]]],[[[149.55416396568563,-6.406063951294996],[152.05868056724813,-5.498135484498121],[151.5876264900997,-4.901724733155348],[149.55416396568563,-6.406063951294996]]],[[[120.10934737633015,-0.985140777867414],[120.4188768810121,-2.875300726781753],[121.87277511070515,-4.959664739411451],[122.64091018150593,-4.284319795411207],[122.25816634605671,-3.211096681397535],[121.05537703941609,-1.548669613640882],[120.10934737633015,-0.985140777867414]]]]},"properties":{"NAME":null,"SUBJECTO":null,"PARTOF":null}},
{"type":"Feature","geometry":{"type":"Polygon","coordinates":[[[100.22794265390873,20.389056301173344],[99.84117787222739,20.481864939730535],[97.57322219322468,16.44506987209978],[97.82298568199421,14.616008363921068],[98.48591903160359,13.111775957304857],[98.73837569664265,11.43508108730974],[98.17717269371296,8.600222192961596],[98.54462722252156,8.2642675268239],[99.72404769371296,9.257984720427416],[99.07134536216999,9.898278795439623],[99.89526656578327,12.079245172697924],[99.9303312630489,13.261001192290209],[100.2127458550783,14.197203801854247],[100.90870955894734,13.447337709624193],[101.80252544454719,13.980415676017579],[105.87574433746508,14.46367893449936],[105.77697441821945,15.425669848262032],[104.93303328904541,17.45088269805765],[104.111285899852,17.998714290853265],[101.64604373227175,17.998714290853265],[101.657367324407,19.661170456991734],[100.22794265390873,20.389056301173344]]]},"properties":{"NAME":"Sukhothai","SUBJECTO":"Sukhothai","PARTOF":"Sukhothai"}},
{"type":"Feature","geometry":{"type":"Polygon","coordinates":[[[-3.152525153653372,54.838058077055834],[-2.245011058346975,55.810966097075365],[-2.1503629355595,57.571979128081225],[-5.762965646283376,57.619777284819506],[-5.633057561413992,55.93986090298357],[-3.152525153653372,54.838058077055834]]]},"properties":{"NAME":"Scotland","SUBJECTO":"Scotland","PARTOF":"Scotland"}},
{"type":"Feature","geometry":{"type":"MultiPolygon","coordinates":[[[[-0.409914609687078,42.785567842680834],[1.637846457178183,45.80104282308255],[1.29012292365228,46.30331014928663],[-1.256056633488882,46.30683096523943],[-1.314379182355154,44.55896338101091],[-1.914577808873403,43.30541571255388],[-0.907353666321981,42.88129767056169],[-0.409914609687078,42.785567842680834]]],[[[-3.152525153653372,54.838058077055834],[-2.914475408093679,53.267142854887865],[-4.317542043225515,53.09120901699724],[-3.521466937558401,50.617431246001146],[0.191810223562968,50.73128470059099],[1.691691669924509,52.311420046049975],[-0.319215585188616,53.57891424771013],[-2.245011058346975,55.810966097075365],[-3.152525153653372,54.838058077055834]]],[[[-6.206393208997,53.95674856777849],[-6.018187966840017,55.093001924712084],[-8.34538075019573,55.09528311367693],[-9.890640225903738,52.19443091030779],[-9.819109883801687,51.434554659087084],[-6.405971017377126,52.21443899746599],[-6.206393208997,53.95674856777849]]]]},"properties":{"NAME":"English territory","SUBJECTO":"English territory","PARTOF":"English territory"}},
{"type":"Feature","geometry":{"type":"Polygon","coordinates":[[[8.884012255175364,54.229449831206225],[4.641012701494944,52.75569876309099],[4.264411482317698,52.07089193936052],[1.796177011821849,50.92141446466973],[1.825507855816062,50.24268837050297],[5.36112920249578,49.69675577751063],[6.015196937097659,48.65303066910338],[5.53343105388978,46.096995468969524],[6.942603620989573,44.868651949126146],[7.397118601305735,43.76409491177263],[8.896585497362864,44.437186800200365],[9.909300837023508,44.11047705288591],[10.742755922777903,42.850509248930834],[11.960132972273152,42.00737273979235],[12.697230371935618,43.93475683804216],[12.176189455492747,45.21429022427263],[12.144820791307122,45.762766549782334],[13.36769584129597,45.69448813076677],[13.799984011156809,45.566371523100756],[14.174608263476145,45.01038702603044],[14.354488405688059,45.32289084072771],[16.535293701650023,46.364663368920475],[16.55703797474184,47.495365569695004],[18.926706865198327,49.62196029694568],[18.64603658024246,50.64451035817146],[15.764534780902293,52.265471213805796],[16.203755181044727,53.70638782317607],[17.65761283348347,54.6854625570363],[14.472936663134348,53.87677725430193],[12.652518305285227,54.32142599697771],[11.407822641833079,53.8592906820363],[10.141728434069407,54.33675345059099],[8.884012255175364,54.229449831206225]]]},"properties":{"NAME":"Holy Roman Empire","SUBJECTO":"Holy Roman Empire","PARTOF":"Holy Roman Empire"}},
{"type":"Feature","geometry":{"type":"Polygon","coordinates":[[[-14.50982440309849,28.050049749026638],[-13.880964773397412,28.19936673357924],[-14.147020770578637,28.391039461179965],[-14.50982440309849,28.050049749026638]]]},"properties":{"NAME":"Guanches","SUBJECTO":"Guanches","PARTOF":"Guanches"}},
{"type":"Feature","geometry":{"type":"MultiPolygon","coordinates":[[[[130.5541334481075,30.969977937895678],[131.31928542564657,31.51120527859392],[131.66982558677938,33.308532320219896],[130.426569971545,33.67417105313005],[129.34337905357626,33.15138968105974],[130.5541334481075,30.969977937895678]]],[[[137.30964187095907,37.43265112515154],[135.9778852791622,35.97254904385271],[132.66285232017782,35.38062628384294],[130.89904311607626,33.90366705532732],[134.42731765220907,34.62817724819841],[135.755671534045,33.34231527920427],[136.73385146568563,34.87408789272966],[138.14905837486532,34.5278812276906],[139.42260268638876,35.165511690337084],[140.31661513756063,35.03381689663591],[140.87221816490438,37.91744955654802],[141.99811843345907,39.671989046294115],[141.15255263756063,40.865417085844896],[139.91515639732626,40.57495459194841],[140.030085596545,39.48317679043474],[139.1979322762325,37.92043264980974],[138.3172407479122,37.20550879116716],[137.30964187095907,37.43265112515154]]]]},"properties":{"NAME":"Shogun Japan (Kamakura)","SUBJECTO":"Shogun Japan (Kamakura)","PARTOF":"Shogun Japan (Kamakura)"}},
{"type":"Feature","geometry":{"type":"Polygon","coordinates":[[[17.260903495737743,64.20605164855155],[20.873273399290948,64.03282247139006],[22.64555457542683,65.93478735562029],[25.251507791979563,65.41688879604997],[23.130561750232246,63.78342849447229],[27.231594534992126,63.35447998456054],[30.603998127121553,64.93804540067741],[34.293414148791086,65.39624365444841],[35.771746668322336,66.25886877651872],[39.19002822349812,66.03870733853044],[41.25529769371296,66.93697699185076],[40.826052698595774,67.66004522915544],[35.43655303428913,69.15035589810076],[29.72857573936726,69.69756659146013],[28.308413538439524,70.94864996548357],[24.570508036120188,70.7413822042531],[23.20360663841511,69.9427753316945],[19.82121375511433,69.36973150845232],[18.53403073863764,66.43207948173215],[17.260903495737743,64.20605164855155]]]},"properties":{"NAME":"Samis","SUBJECTO":"Samis","PARTOF":"Samis"}},
{"type":"Feature","geometry":{"type":"Polygon","coordinates":[[[-68.195282,12.221109],[-68.363892,12.305277],[-68.285278,12.102221],[-68.195282,12.221109]]]},"properties":{"NAME":null,"SUBJECTO":null,"PARTOF":null}},
{"type":"Feature","geometry":{"type":"Polygon","coordinates":[[[-68.965561,12.198889],[-69.077789,12.34861],[-69.15834,12.311388],[-69.0625,12.188332000000116],[-68.83223,12.049444000000108],[-68.824173,12.160276000000124],[-68.965561,12.198889]]]},"properties":{"NAME":null,"SUBJECTO":null,"PARTOF":null}},
{"type":"Feature","geometry":{"type":"Polygon","coordinates":[[[-60.940834,14.740833],[-61.231674,14.809444],[-61.03389,14.465832],[-60.940834,14.740833]]]},"properties":{"NAME":"Arawaks","SUBJECTO":"Arawaks","PARTOF":"Arawaks"}},
{"type":"Feature","geometry":{"type":"MultiPolygon","coordinates":[[[[-68.04789852035601,65.83345854656963],[-73.47867730740903,66.45676959727514],[-73.41992661048626,65.5288806783742],[-78.12671371986126,64.65100439663591],[-76.52609726478313,64.23010595913591],[-73.16355606605266,64.57397040005388],[-71.31892105628704,63.06125982876482],[-65.94033524085735,61.789996706206225],[-66.49595352699016,63.07743414517107],[-64.47394272376751,63.74430426235857],[-68.04789852035601,65.83345854656963]]],[[[-76.46228683413294,56.57751271564082],[-62.509727645274545,57.9717281924346],[-64.6706208853886,60.18091925259294],[-65.86144730140423,58.795341097075365],[-67.77240463783001,58.24854239102068],[-69.2142228751347,58.74767645474138],[-70.02829453040813,60.883170686919115],[-73.39458176185344,62.354999147612475],[-77.36155411292766,62.5174938070363],[-77.50717636634563,60.414630495268725],[-78.33678909827923,58.551471315581225],[-76.77238174964641,57.662501894194506],[-76.46228683413294,56.57751271564082]]]]},"properties":{"NAME":"Dorset","SUBJECTO":"Dorset","PARTOF":"Dorset"}},
{"type":"Feature","geometry":{"type":"Polygon","coordinates":[[[-94.2718171744511,76.89894446011247],[-96.80946823646282,76.91969641323747],[-95.87341782142376,76.51327856655779],[-93.93760391761516,76.398463808257],[-94.2718171744511,76.89894446011247]]]},"properties":{"NAME":null,"SUBJECTO":null,"PARTOF":null}},
{"type":"Feature","geometry":{"type":"Polygon","coordinates":[[[-88.33642288734173,80.11980780239763],[-92.02487656165813,81.25921972866716],[-96.43336960365032,79.9334216939992],[-92.70153519202923,78.43416937466326],[-86.99668594886516,79.44534643765154],[-88.33642288734173,80.11980780239763]]]},"properties":{"NAME":null,"SUBJECTO":null,"PARTOF":null}},
{"type":"Feature","geometry":{"type":"Polygon","coordinates":[[[-68.04789852035601,65.83345854656963],[-66.91284653236126,66.59490545864763],[-62.84475418616985,65.61426123257341],[-61.21058365394329,66.63500555630388],[-68.66534897376751,68.71612890835466],[-71.25251480628704,71.35079535122576],[-73.27524277259563,71.16077002163591],[-75.32202621986126,72.54841955776872],[-79.07165606838333,72.00536463554361],[-79.08232442247031,70.64951014186083],[-73.18491837074016,68.2958026754445],[-72.30491348792766,67.26360663052263],[-73.47867730740903,66.45676959727514],[-68.04789852035601,65.83345854656963]]]},"properties":{"NAME":null,"SUBJECTO":null,"PARTOF":null}},
{"type":"Feature","geometry":{"type":"Polygon","coordinates":[[[-61.85367382119192,56.23228776926461],[-62.80620269024577,54.68141127185644],[-62.593886961730774,54.56997808041503],[-64.3259172110722,50.304671846587084],[-60.13784500648235,50.411700807768725],[-58.52433868934368,51.37948568936052],[-56.96410461951946,51.4884410726613],[-55.6590242057011,52.18734701748552],[-55.88126083900188,53.35193213101091],[-57.51535126258587,54.46576651211443],[-59.69376083900188,55.15365942593279],[-61.85367382119192,56.23228776926461]]]},"properties":{"NAME":"Innu","SUBJECTO":"Innu","PARTOF":"Innu"}},
{"type":"Feature","geometry":{"type":"Polygon","coordinates":[[[-77.8998559610522,-3.112543263869829],[-77.2535000266561,-2.759051555925397],[-77.8536876800239,-1.66723383131634],[-78.5616013224577,-2.128662113961151],[-77.8998559610522,-3.112543263869829]]]},"properties":{"NAME":"Shuar","SUBJECTO":"Shuar","PARTOF":"Shuar"}},
{"type":"Feature","geometry":{"type":"Polygon","coordinates":[[[19.334442,57.955826],[19.104721,57.975273],[19.1416660000001,57.907776],[19.334442,57.955826]]]},"properties":{"NAME":null,"SUBJECTO":null,"PARTOF":null}},
{"type":"Feature","geometry":{"type":"Polygon","coordinates":[[[142.33755019615435,-10.91538277987776],[141.67852309654498,-12.467817701142408],[141.4681501717403,-14.75677625064192],[141.71129897545123,-15.226692594330885],[140.80094436119342,-17.561829007905104],[139.24831679771685,-17.431642926972486],[135.38805678795123,-14.896969236176588],[135.8308973641231,-13.484774030488111],[136.66369155357623,-12.624820150178053],[135.4445448250606,-12.17612496737776],[133.55918410728717,-11.951347745698072],[130.46349624107623,-12.758938230317213],[129.1964216561153,-14.992895520966627],[127.96256545494343,-14.703128255646803],[126.8534269661739,-13.783772863190748],[124.42450240562702,-15.657898343842604],[124.27727034996296,-16.5227836740428],[122.73833754966999,-16.58328477267561],[122.08547500084187,-17.398397840302565],[122.19645217369343,-18.243687070649244],[120.87214950035359,-19.676941312592604],[117.59692672203327,-20.75833360080061],[116.41879561851765,-20.83712235812483],[113.62543014000202,-22.56592980746565],[113.43258956383015,-24.874161161225416],[114.18252089927937,-26.0170406473094],[113.43298629234577,-26.572010434907057],[114.63039687584187,-28.90295831088362],[115.0582609505489,-30.80351296786604],[115.74726394127156,-32.20761147860823],[115.04692367027546,-34.42245522860823],[116.56097701500202,-35.18929711703596],[118.20707992027546,-35.090340055268385],[119.77148726890827,-34.12017098788557],[123.62303451011921,-33.915073789399244],[124.24838546226765,-33.1441272867137],[126.05894759605671,-32.43436471347151],[129.1853895516231,-31.798204816620924],[131.2801618904903,-31.634849942963697],[133.83703139732623,-32.34197274569807],[135.15310195396685,-34.05044213656721],[135.52807143638873,-35.054886258881666],[137.45717910240435,-33.31413308505354],[139.36791518638873,-35.614273465912916],[140.01201919029498,-37.64163247470198],[140.6521864266231,-38.16391030673323],[143.36480239341998,-38.96973077182112],[144.96982863853717,-38.0657581460887],[145.93387893150592,-38.881470121186354],[148.0369978279903,-38.09787026767073],[149.50414565513873,-37.928848661225416],[150.22150710533404,-35.694107450287916],[151.36449721763873,-33.52090112094221],[152.17618850181842,-32.87666741732893],[152.97185805748248,-31.418175138276197],[153.4934950203731,-28.840868390839674],[152.94622329185748,-27.340992368500807],[153.06907180259967,-26.227749265473463],[151.73014357994342,-24.15748826388655],[150.80247024009967,-23.599888242524244],[150.7544050545528,-22.811520017426588],[149.55675795982623,-22.432550824921705],[149.10148147056842,-21.06012383822737],[148.1904402108028,-20.171909726899244],[146.32175734947467,-19.082291044037916],[145.86948684166217,-17.194960035126783],[145.32554152916217,-16.4904293191844],[145.1843366951778,-15.047596372407057],[143.7431745858028,-14.465823568146803],[143.17309096763873,-12.12133923892317],[142.33755019615435,-10.91538277987776]]]},"properties":{"NAME":"Australian aboriginal hunter-gatherers","SUBJECTO":"Australian aboriginal hunter-gatherers","PARTOF":"Australian aboriginal hunter-gatherers"}},
{"type":"Feature","geometry":{"type":"Polygon","coordinates":[[[146.7127333016231,-43.721809781830885],[147.8153181404903,-42.96535149936018],[148.26952651451373,-41.09258309726057],[146.3822126717403,-41.30834618930159],[144.7761335701778,-40.84276238803206],[145.72265151451373,-43.24016610507307],[146.7127333016231,-43.721809781830885]]]},"properties":{"NAME":"Tasmanian hunter-gatherers","SUBJECTO":"Tasmanian hunter-gatherers","PARTOF":"Tasmanian hunter-gatherers"}},
{"type":"Feature","geometry":{"type":"Polygon","coordinates":[[[-81.36276706801664,23.120923686012283],[-82.95926376858594,23.025355897859377],[-84.25643631497266,22.539485536531252],[-84.58989426175,21.91581305117969],[-82.85274216214063,22.637816987947268],[-81.66258713284375,22.506841264680666],[-82.04057022610547,22.38526877017383],[-81.35133888616838,22.150710712300835],[-81.36276706801664,23.120923686012283]]]},"properties":{"NAME":"Guanahatabeyes","SUBJECTO":"Guanahatabeyes","PARTOF":"Guanahatabeyes"}},
{"type":"Feature","geometry":{"type":"MultiPolygon","coordinates":[[[[-68.47713181057813,18.714660249666018],[-70.88160416165235,19.929931245759768],[-73.47450729885938,19.835433565095705],[-72.6764650014961,19.39217909427051],[-72.29777237454297,18.66201552005176],[-74.4240007070625,18.612981401399416],[-71.97817703762891,18.262244783357424],[-68.47713181057813,18.714660249666018]]],[[[-65.77500626126172,18.39626082034473],[-67.21057602444183,18.437686525306134],[-67.16167923499897,18.329742037005953],[-67.15195175694825,17.986524187280757],[-65.77500626126172,18.39626082034473]]],[[[-76.42635056057813,18.1192642077959],[-78.08641525784375,18.478032670930666],[-77.29082962551954,17.805966936067385],[-76.42635056057813,18.1192642077959]]],[[[-75.7509050039375,21.12094458194141],[-77.33981796780469,21.51166494937305],[-79.75995346585157,22.75878294558887],[-81.36276706801664,23.120923686012283],[-81.35133888616838,22.150710712300835],[-78.51363083401563,21.30576666446094],[-77.09872910061719,20.533275209382815],[-77.5041017202461,20.07475432010059],[-75.51905533352735,19.907353959993166],[-74.34484573880079,20.32301291079883],[-75.75852676907422,20.752248369172854],[-75.7509050039375,21.12094458194141]]]]},"properties":{"NAME":"Taino","SUBJECTO":"Taino","PARTOF":"Taino"}},
{"type":"Feature","geometry":{"type":"Polygon","coordinates":[[[-141.58554550697065,60.139754854399584],[-141.13538171825076,59.839352102827355],[-140.05179264318338,62.49514157669758],[-144.68009789261768,63.19218524961806],[-150.1289000770314,63.324002732781025],[-160.9394989447178,63.98492305338062],[-163.3086290030644,63.03774222012224],[-163.5270127921269,63.08008154507341],[-163.96799179603315,63.20044668789568],[-165.83408066322065,61.834289156157396],[-165.51204392005658,61.257003389555834],[-165.42334457923627,61.26419409390154],[-164.30165573646283,60.943168245512865],[-164.05811020423627,61.041915498930834],[-163.8948869376347,61.042228304106615],[-163.62695786048627,60.601031862456225],[-163.93779465247846,60.614459596831225],[-164.52809616615033,60.75341375942888],[-163.53639694740033,59.84078940029802],[-162.37810226966596,60.16311606045427],[-161.11713120033002,58.745528780180834],[-160.82761093665815,58.89784201260271],[-160.84013840247846,58.95994146938982],[-160.4305314688847,59.00216635342302],[-158.85645004798627,58.45356711025896],[-158.97314926673627,58.770289980132006],[-158.51666733314252,58.99888189907732],[-157.98740097572065,58.716998659331225],[-157.13942429115033,58.85578878994646],[-157.66533371497846,57.60424383755388],[-160.45729538490033,56.19991263027849],[-159.61395737220502,55.88911017056169],[-156.4957627921269,57.10023077603044],[-153.45496079017377,58.877338014799975],[-152.8777207999394,60.27886541958513],[-150.31123825599408,61.31387671108904],[-149.42468735267377,60.85911902065935],[-149.91281601478315,60.91427954312029],[-151.7829942374394,59.99495657559099],[-151.38795944740033,59.21278341885271],[-150.50098129798627,59.61584051724138],[-149.32562729408002,60.02748068447771],[-148.4935197501347,59.90396460171404],[-148.83966538001752,60.54507788296404],[-148.49261948158002,61.06433828945818],[-147.94012924720502,61.20585211392107],[-145.13838669349408,60.454215608794115],[-145.00285812904096,60.552360140044115],[-141.95845505286908,60.041461549956225],[-141.74712082435346,60.132499300200365],[-141.58554550697065,60.139754854399584]]]},"properties":{"NAME":"Thule","SUBJECTO":"Thule","PARTOF":"Thule"}},
{"type":"Feature","geometry":{"type":"Polygon","coordinates":[[[-128.81406113197065,53.76392706509294],[-127.86647743746704,52.41254897736534],[-125.757913379286,53.13079169844382],[-122.49112572639841,54.243561521059334],[-111.28421353653351,58.55314202309659],[-118.19774749095093,62.712635573894396],[-124.93551363296793,64.83463268032534],[-132.43494029538678,62.496969371290604],[-140.05179264318338,62.49514157669758],[-141.13538171825076,59.839352102827355],[-140.13290878822065,59.76717337246599],[-139.92891403724408,59.82994421597185],[-139.57256027747846,59.89999731655779],[-139.20009323646283,59.27733954067888],[-136.35608383704877,58.52386816616716],[-136.37030502845502,58.62023504849138],[-136.93880173255658,58.94317968960466],[-136.39011093665815,58.84076651211443],[-136.14838120033002,58.90328177090349],[-135.27911850501752,58.44331320400896],[-135.3257188468144,58.58088644619646],[-135.51483627845502,58.97349890347185],[-135.46945663978315,59.33973654385271],[-135.30861374427533,59.3469615804738],[-132.10095688392377,56.349383913237475],[-132.0324601798222,55.89350088711443],[-131.9636125235722,55.966090761382006],[-131.7670030265019,56.01000555630388],[-131.19051071693158,56.03476294155779],[-130.4128770499394,55.020736299712084],[-130.26733871986127,55.07184179897966],[-130.06500717689252,55.10212286587419],[-130.00269028236127,55.288539491850756],[-130.00363632728315,53.93796118374529],[-129.06042954017377,53.738971315581225],[-128.81406113197065,53.76392706509294]]]},"properties":{"NAME":"Athabaskan","SUBJECTO":"Athabaskan","PARTOF":"Athabaskan"}},
{"type":"Feature","geometry":{"type":"Polygon","coordinates":[[[-64.3259172110722,50.304671846587084],[-62.593886961730774,54.56997808041503],[-62.88947585561168,54.72511691082654],[-65.64317158321862,55.262874161982396],[-71.0333844968322,55.19604828321671],[-74.19720512004018,52.927225836668605],[-78.74176950876009,52.74413883037645],[-79.5943498282597,51.265792452055834],[-81.74736496497844,52.170096956450365],[-82.34120651771282,52.98082312222185],[-82.20208450843548,54.968871675688646],[-84.46836563636516,55.16687735195818],[-87.46717545081829,55.91202887173357],[-89.72552200843548,56.93423422451677],[-90.44457718421673,57.144347749907396],[-92.40409578747519,56.97508393725052],[-93.82461083808953,56.86329884105465],[-102.14428729171048,57.21394132630312],[-111.28421353653351,58.55314202309659],[-122.49112572639841,54.243561521059334],[-115.03392686774305,52.03295961287972],[-114.46737387359948,51.99955012922175],[-105.19092937331824,51.45252059422696],[-98.92187739770243,50.2317206620755],[-95.56635546846715,49.996303801904524],[-87.78991594567441,49.93094833834401],[-85.03622021806746,49.0940751201903],[-81.93098886565963,48.90187753952613],[-72.32234845443543,46.29511259543804],[-71.03368165476002,46.74621076936823],[-69.50712296058391,48.459212862212084],[-67.31770798255657,49.42533453579607],[-66.37273880531048,50.31387671108904],[-64.3259172110722,50.304671846587084]]]},"properties":{"NAME":"Subarctic forest hunter-gatherers","SUBJECTO":"Subarctic forest hunter-gatherers","PARTOF":"Subarctic forest hunter-gatherers"}},
{"type":"Feature","geometry":{"type":"MultiPolygon","coordinates":[[[[-65.90622541609757,-18.31105888474315],[-66.09723843191973,-20.13835052013179],[-67.12255067092232,-25.032037581988202],[-68.0338990208006,-26.029048392077136],[-68.05972625425517,-26.46811136080474],[-69.28299898778518,-29.352258637737357],[-67.48158657100439,-31.655864143664434],[-63.563252469813456,-30.036561103144948],[-57.352789764997816,-29.680878909474107],[-54.36473695419029,-30.592916632921295],[-53.544487162988226,-31.446480334683482],[-52.14021349238029,-31.740936200871825],[-52.04218765784954,-31.556572355073072],[-50.58172699500774,-30.41646806124983],[-48.85215473085459,-28.563025096783424],[-49.83871578487881,-26.797313680361846],[-49.48718016007792,-24.553337158794967],[-48.46896037885509,-23.748769173313708],[-53.123378851919725,-14.275041705614404],[-60.26760598730509,-13.809999263181787],[-64.1940629085568,-14.694582386569342],[-64.66180129731615,-16.804676207468987],[-65.90622541609757,-18.31105888474315]]],[[[-37.73482224036907,-4.529729284089186],[-37.88789123444673,-4.393015496284502],[-37.88789123444673,-4.393015496284503],[-37.73482224036907,-4.529729284089186]]]]},"properties":{"NAME":"Savanna hunter-gatherers","SUBJECTO":"Savanna hunter-gatherers","PARTOF":"Savanna hunter-gatherers"}},
{"type":"Feature","geometry":{"type":"MultiPolygon","coordinates":[[[[-69.21397110511516,-54.93401757602034],[-66.98282333900188,-54.34066430453596],[-68.30537888099407,-52.94305077914534],[-70.33333298255657,-53.47274438266096],[-69.21397110511516,-54.93401757602034]]],[[[-69.11474151787864,-51.35236245613261],[-71.16521035613252,-51.561440909776984],[-72.04404941813473,-48.76638855343405],[-72.1905225951351,-45.990119696472405],[-71.6339245225337,-43.19554606268768],[-70.57931764813105,-40.57909976037915],[-72.0684836753677,-40.547229038878235],[-72.72818067052704,-41.55336179549616],[-73.57108780433391,-46.26491204623518],[-74.31235214759563,-48.745132840912916],[-73.4080705313847,-52.023838437836744],[-71.8722810416386,-53.69564858798323],[-69.4830217032597,-52.360935605805494],[-69.07692429115032,-51.49934808139143],[-69.11474151787864,-51.35236245613261]]]]},"properties":{"NAME":"Patagonian shellfish and marine mammal hunters","SUBJECTO":"Patagonian shellfish and marine mammal hunters","PARTOF":"Patagonian shellfish and marine mammal hunters"}},
{"type":"Feature","geometry":{"type":"MultiPolygon","coordinates":[[[[-68.0338990208006,-26.029048392077136],[-67.12255067092232,-25.032037581988202],[-66.09723843191973,-20.13835052013179],[-65.90622541609757,-18.31105888474315],[-67.35618174619,-19.194339303429263],[-67.82483020416323,-22.474878509241908],[-67.95249314419908,-24.64514848985134],[-68.0338990208006,-26.029048392077136]]],[[[-67.48158657100439,-31.655864143664434],[-69.28299898778518,-29.352258637737357],[-70.0274937150467,-30.677772143654593],[-71.51984879066204,-32.18117562655745],[-71.61574265052532,-33.70565453891096],[-73.67253586341594,-37.500854886811354],[-73.19384476234173,-39.565369046967604],[-73.90523239661907,-40.83904305819807],[-72.72818067052704,-41.55336179549616],[-72.0684836753677,-40.547229038878235],[-69.43682686752817,-37.15902614350158],[-67.64985410812366,-33.57694564055348],[-67.48158657100439,-31.655864143664434]]]]},"properties":{"NAME":"Andean hunter-gatherers","SUBJECTO":"Andean hunter-gatherers","PARTOF":"Andean hunter-gatherers"}},
{"type":"Feature","geometry":{"type":"MultiPolygon","coordinates":[[[[-53.123378851919725,-14.275041705614404],[-46.280890913956334,-3.552810001275475],[-49.06606977620206,-4.743578120004467],[-54.16333633581491,-4.626791146196514],[-56.33113935542037,-4.334740468715777],[-58.44035310422569,-2.287649024474563],[-57.97163893782451,-0.589157846288572],[-55.80383591821904,0.875529465609527],[-55.8624251890192,1.695565793857857],[-58.55753164582598,3.977596077854006],[-62.65878060183632,4.152921580887431],[-66.40849393304576,3.041936481420927],[-70.15820726425522,-5.735421450211085],[-69.04501111905242,-8.235853806057],[-64.1940629085568,-14.694582386569342],[-60.26760598730509,-13.809999263181787],[-53.123378851919725,-14.275041705614404]]],[[[-37.88789123444673,-4.393015496284502],[-38.06839844276165,-4.231795228760816],[-37.88789123444673,-4.393015496284503],[-37.88789123444673,-4.393015496284502]]]]},"properties":{"NAME":"Amazon hunter-gatherers","SUBJECTO":"Amazon hunter-gatherers","PARTOF":"Amazon hunter-gatherers"}},
{"type":"Feature","geometry":{"type":"MultiPolygon","coordinates":[[[[-49.13813110877727,-1.567843951027967],[-48.40189072181438,-0.390650845807173],[-50.50141235877727,-0.261749692004301],[-50.4762849478886,-1.678760803979017],[-49.13813110877727,-1.567843951027967]]],[[[-71.09831711341594,9.327861391264818],[-70.68184887203134,8.55721593295672],[-65.96541257261946,8.180441590467876],[-63.06524366801216,8.32539786170036],[-61.695771781275944,8.610088933385873],[-61.530865636365164,9.850575052458666],[-64.06826111366009,10.626809679228685],[-64.8836564688847,10.135678850371264],[-66.4781160025761,10.678809725005053],[-67.97961136390423,10.542116724211596],[-68.69460007240032,11.379503809172533],[-69.74783798743938,11.53345926876726],[-71.49555679847454,10.646208368498705],[-71.09831711341594,9.327861391264818]]]]},"properties":{"NAME":"Caribbean hunter-gatherers","SUBJECTO":"Caribbean hunter-gatherers","PARTOF":"Caribbean hunter-gatherers"}},
{"type":"Feature","geometry":{"type":"Polygon","coordinates":[[[-69.11474151787864,-51.35236245613261],[-69.16695114661907,-51.14943734530745],[-67.83347031165813,-49.9682125223094],[-67.57759567786907,-49.058533109467604],[-66.07773300697063,-48.142071164887525],[-65.77598282386516,-47.23012200717268],[-67.32806870033001,-46.531616605561354],[-66.69494339515423,-45.131103910248854],[-65.43618485023235,-44.88974038485823],[-65.30717178870891,-43.6014026773387],[-63.599965062634695,-42.70437280062971],[-64.9920320182011,-42.19338647250471],[-64.93894669105266,-40.8274768960887],[-62.96398254920696,-41.137459195893385],[-61.360714879529226,-39.03129998568831],[-57.80888458778118,-38.386490262787916],[-56.69811340858196,-36.944073118012525],[-57.419239964978445,-35.99675027255354],[-56.33826157142376,-34.99545327548323],[-54.074337926404226,-34.647842801850416],[-52.35066696693157,-32.67519036654768],[-52.14362427283977,-31.747351087372877],[-52.14021349238029,-31.740936200871825],[-53.544487162988226,-31.446480334683482],[-54.36473695419029,-30.592916632921295],[-57.352789764997816,-29.680878909474107],[-63.563252469813456,-30.036561103144948],[-67.48158657100439,-31.655864143664434],[-67.64985410812366,-33.57694564055348],[-69.43682686752817,-37.15902614350158],[-72.0684836753677,-40.547229038878235],[-70.57931764813105,-40.57909976037915],[-71.6339245225337,-43.19554606268768],[-72.1905225951351,-45.990119696472405],[-72.04404941813473,-48.76638855343405],[-71.16521035613252,-51.561440909776984],[-69.11474151787864,-51.35236245613261]]]},"properties":{"NAME":"Pampas cultures","SUBJECTO":"Pampas cultures","PARTOF":"Pampas cultures"}},
{"type":"Feature","geometry":{"type":"MultiPolygon","coordinates":[[[[-132.17720505286908,55.28475149746599],[-132.55470749427533,55.45311316128435],[-132.63325974036908,55.90010794277849],[-133.28069016029096,56.231566988188646],[-133.27101608802533,55.62097891445818],[-132.17720505286908,55.28475149746599]]],[[[-124.23045217275275,44.45096392151133],[-124.62967392493938,43.013995729643725],[-124.15260788490032,41.58015020962419],[-124.36481186439251,40.33432348843279],[-123.6484726898424,38.880148963177184],[-121.16971848831042,38.880148963177184],[-121.36156811415898,39.68662126087367],[-120.47361831890835,43.5702362219749],[-120.30696123975633,44.29914221354117],[-120.48272905215676,48.962018954129185],[-125.757913379286,53.13079169844382],[-127.86647743746704,52.41254897736534],[-127.24746414710735,50.96811636563005],[-124.93922134925579,50.595809541899584],[-124.79498764564251,50.03529318447771],[-122.60556503822063,48.83472784634294],[-122.8260392813847,48.023482881743334],[-124.6752824454472,48.38582571621599],[-123.99469467689251,45.76409491177263],[-124.1404924063847,44.7891116964406],[-124.15713846161013,44.726541207842374],[-124.23045217275275,44.45096392151133]]],[[[-132.0823106436894,54.02106054897966],[-132.3785295157597,53.9869876730031],[-132.72987839271283,54.066711031157396],[-132.35136887122846,53.36487158413591],[-132.08984848548627,53.398803316313646],[-131.99947067786908,53.793544374663256],[-132.0823106436894,54.02106054897966]]]]},"properties":{"NAME":"North American Pacifi foraging, hunting and fishing peoples","SUBJECTO":"North American Pacifi foraging, hunting and fishing peoples","PARTOF":"North American Pacifi foraging, hunting and fishing peoples"}},
{"type":"Feature","geometry":{"type":"Polygon","coordinates":[[[-94.11755719209039,29.69269900006508],[-94.11755719209039,31.93047980661485],[-95.8203078747199,32.71453265402474],[-97.13856646772321,34.47135574600093],[-96.40620058272137,35.6463101014922],[-94.11755719209039,35.87563266465669],[-94.11755719209039,39.73169383481236],[-94.23473573369067,46.72103383947717],[-95.56635546846715,49.996303801904524],[-98.92187739770243,50.2317206620755],[-105.19092937331824,51.45252059422696],[-114.46737387359948,51.99955012922175],[-114.12579317034083,47.95182480671353],[-111.66773503433551,41.93525523128791],[-109.04855657130156,38.880148963177184],[-102.5682060899621,38.880148963177184],[-102.5682060899621,32.42779661849105],[-98.18951151270068,29.180839383625194],[-97.75841820818601,28.695265355313026],[-96.68452927161907,28.2477298605031],[-94.11755719209039,29.69269900006508]]]},"properties":{"NAME":"Plain bison hunters","SUBJECTO":"Plain bison hunters","PARTOF":"Plain bison hunters"}},
{"type":"Feature","geometry":{"type":"Polygon","coordinates":[[[-125.757913379286,53.13079169844382],[-120.48272905215676,48.962018954129185],[-120.30696123975633,44.29914221354117],[-120.47361831890835,43.5702362219749],[-119.01799728215308,43.11329780515409],[-111.66773503433551,41.93525523128791],[-114.12579317034083,47.95182480671353],[-114.46737387359948,51.99955012922175],[-115.03392686774305,52.03295961287972],[-122.49112572639841,54.243561521059334],[-125.757913379286,53.13079169844382]]]},"properties":{"NAME":"Plateau fichers and hunter gatherers","SUBJECTO":"Plateau fichers and hunter gatherers","PARTOF":"Plateau fichers and hunter gatherers"}},
{"type":"Feature","geometry":{"type":"MultiPolygon","coordinates":[[[[-120.47361831890835,43.5702362219749],[-121.36156811415898,39.68662126087367],[-121.16971848831042,38.880148963177184],[-109.04855657130156,38.880148963177184],[-111.66773503433551,41.93525523128791],[-119.01799728215308,43.11329780515409],[-120.47361831890835,43.5702362219749]]],[[[-97.75841820818601,28.695265355313026],[-98.18951151270068,29.180839383625194],[-102.5682060899621,32.42779661849105],[-102.5682060899621,29.99225368312217],[-97.75841820818601,28.695265355313026]]]]},"properties":{"NAME":"Desert hunter-gatherers","SUBJECTO":"Desert hunter-gatherers","PARTOF":"Desert hunter-gatherers"}},
{"type":"Feature","geometry":{"type":"MultiPolygon","coordinates":[[[[38.71774683719798,7.113764700623299],[38.605020684873864,6.597308569790442],[35.57782178476831,5.527006069275479],[33.02152049134584,6.864538013373648],[32.34880962465572,9.527647378549165],[30.599761371261398,11.115971520296771],[24.074465964367207,11.181973046384048],[23.19994183767005,11.775300538947805],[20.673287450301128,11.956221643123333],[18.627952846500676,10.169490738236744],[15.657358111202049,11.30618068591897],[14.712640872177422,12.506980996133255],[12.354972422515246,11.202738875043536],[10.726510310701428,11.291084884233328],[10.46185646941483,12.47375118639364],[8.26576059714931,12.367349972804174],[2.878831280503675,13.20296641641212],[-1.35997141884711,10.818639898027314],[-3.477042960220825,10.289372012683884],[-6.829072900729209,10.112949384236067],[-15.32538887550091,11.926575266081713],[-15.341422048108331,11.221154772002123],[-13.680051770703546,9.91564520474138],[-12.263942685620538,7.35138853665056],[-9.93726345588421,5.863056265074633],[-9.247899022595636,5.17188414211931],[-7.413408246533624,4.330689035612963],[-4.999971356885187,5.238270841795824],[-3.941593614117853,5.265976034361742],[-3.134569135205499,5.140627466399096],[-2.933519568936578,5.274515234190844],[-1.600233045117609,4.95330675717058],[0.536134216292151,5.720493398863695],[0.802637848360785,5.71471508618059],[1.557863506777533,6.237427316862963],[3.949497255785712,6.579388700682543],[5.448192152483713,5.476928793150805],[3.949497255785715,6.579388700682543],[5.337624153714358,8.724019929031105],[6.878752839859935,8.642907892918181],[7.365425056537486,7.912899567901853],[6.899720429053349,6.127803964515512],[6.763964025938454,5.826528050402973],[12.604745687300603,7.731968465838291],[22.224511080969368,6.196195772852339],[33.92968016137751,2.843586349070006],[34.405956738036096,2.490461302647428],[43.41489377502695,2.514787056134711],[44.281409389217814,3.357797510020823],[46.449290647584505,4.080424596143054],[47.63646532348032,4.096041917326511],[48.078196558459055,4.666824423033617],[50.77938369224812,9.36842020626726],[51.18070510338093,11.777448259550951],[49.3035002083614,11.246025644499682],[47.39071181724812,11.159307085234545],[44.28083709190632,10.396465860564135],[42.46479282000343,9.507449109701488],[41.570925555704534,10.291756102257501],[40.72049988346774,10.115313777249092],[40.200159196929775,8.080253882554778],[38.71774683719798,7.113764700623299]]],[[[-17.03325803864763,14.564789325170201],[-16.47089096595501,13.722545229155443],[-16.77209946204876,12.597077928740404],[-15.808596578137625,11.84292086239519],[-16.772099462048757,12.597077928740404],[-16.470890965955007,13.722545229155443],[-17.03325803864763,14.564789325170201]]]]},"properties":{"NAME":"West African cereal farmers","SUBJECTO":"West African cereal farmers","PARTOF":"West African cereal farmers"}},
{"type":"Feature","geometry":{"type":"Polygon","coordinates":[[[32.91596892784382,-26.518461622040846],[33.347266230089915,-25.303612149994947],[34.88371947716023,-24.72201577548323],[35.29743102501179,-23.825008786957838],[35.260760340197336,-22.274328626435377],[34.719489671813776,-20.042782596759878],[33.395286385371406,-20.02211158283374],[32.86601850002798,-21.995968993265286],[31.101792215549874,-23.054504763952146],[29.33756593107178,-23.054504763952146],[28.455452788832716,-22.525236878608716],[28.27903016038492,-21.46670110792186],[28.61662685468665,-19.947515983564067],[12.905971244193594,-19.70227026922537],[12.52433207939411,-19.062439359467604],[14.415466341479071,-22.267668165009596],[14.843331369860419,-25.62222329501448],[15.453804048998602,-27.61645928744612],[16.788300547106513,-29.138924039643385],[18.178561243517645,-31.805298246186354],[18.487156900866278,-34.39771691684065],[18.57026771019245,-34.19417230014143],[18.966362986071356,-34.396728910248854],[19.883807215197333,-34.99228707675276],[20.846911463244208,-34.500923551362135],[21.345505747301825,-34.5443958414012],[22.681775125963934,-34.10311547641096],[23.188918146593817,-34.241897977631666],[23.499220880968817,-34.06966058139143],[24.592217478258856,-34.35978738192854],[25.064669641955145,-34.07280007724104],[25.51585868309284,-34.17357674960432],[25.865729364855536,-33.88682977084456],[26.3066511483028,-33.892288602631666],[28.921853098376044,-32.29790917758284],[32.234744104845774,-28.74441758517561],[32.849036249621165,-26.978884137909986],[32.91596892784382,-26.518461622040846]]]},"properties":{"NAME":"Khoiasan","SUBJECTO":"Khoiasan","PARTOF":"Khoiasan"}},
{"type":"Feature","geometry":{"type":"Polygon","coordinates":[[[-95.56635546846715,49.996303801904524],[-94.23473573369067,46.72103383947717],[-94.11755719209039,39.73169383481236],[-94.11755719209039,35.87563266465669],[-96.40620058272137,35.6463101014922],[-97.13856646772321,34.47135574600093],[-95.8203078747199,32.71453265402474],[-94.11755719209039,31.93047980661485],[-94.11755719209039,29.69269900006508],[-90.65007492591594,29.239488207060717],[-90.43607803870891,29.325677477080248],[-90.09218308021282,29.222343050200365],[-90.29798599769329,29.37374838467302],[-90.07866379310344,29.501367174345873],[-90.10844131995891,30.038699709135912],[-90.43051621009563,30.142039858061693],[-90.16053482581829,30.390046678740404],[-87.77458664466594,30.262803636748217],[-86.38868423988079,30.47271307583513],[-85.3047761588261,29.66390761013689],[-83.88618179847454,30.04834898586931],[-82.6469621329472,28.906501375395678],[-82.4292878775761,27.826148592192553],[-80.59153010156074,28.49188131613878],[-81.51154800941204,30.72724875088396],[-80.58063980628704,32.496783815581225],[-76.62176224281048,34.76295050259294],[-75.72924515296673,35.882125459868334],[-75.66752335120891,37.8981090414113],[-74.15280624915813,39.76523550625505],[-73.74050613929485,40.97749289150896],[-70.3020906119511,41.75944098110857],[-70.86807724525188,42.871425234038256],[-70.21647354652141,43.799621187407396],[-67.16887375404094,44.71121557827654],[-65.71257492591594,43.55995138760271],[-61.032086339490164,45.3788333761281],[-64.53479477454876,46.271659456450365],[-66.02990433265423,49.16588171597185],[-69.25392624427532,48.120055757719896],[-71.03368165476002,46.74621076936823],[-72.32234845443543,46.29511259543804],[-81.93098886565963,48.90187753952613],[-85.03622021806746,49.0940751201903],[-87.78991594567441,49.93094833834401],[-95.56635546846715,49.996303801904524]],[[-86.27588580000001,42.44202895],[-87.224453225,41.634622675],[-87.9083685,43.19183065],[-86.7200657,45.86716155],[-85.38184874999999,46.07483505],[-86.513782,43.68081785],[-86.27588580000001,42.44202895]],[[-84.63379335,45.750982525],[-83.793586075,46.2570047],[-80.8070809,45.954834575],[-81.807915275,43.3176176],[-83.3855778,44.3126677],[-83.43090175,45.27498137500001],[-84.63379335,45.750982525]],[[-92.25597275,46.6468545],[-89.5166857,48.003690725],[-88.09495135,49.0046085],[-86.38397137499999,48.7253306],[-85.026610175,47.939546825],[-84.442197375,46.817028875],[-87.27262622500001,46.51189025],[-87.76048219999998,46.8639025],[-90.831846925,46.94397755],[-92.25597275,46.6468545]]]},"properties":{"NAME":"Eastern North Amercian hunter-gatherers","SUBJECTO":"Eastern North Amercian hunter-gatherers","PARTOF":"Eastern North Amercian hunter-gatherers"}},
{"type":"Feature","geometry":{"type":"MultiPolygon","coordinates":[[[[34.66290954063679,41.87558325405779],[32.418982538683665,41.74916800137224],[30.74480536888386,41.04032477017107],[26.127575907213938,39.878558717924975],[26.707943949206125,39.182128511626146],[27.16040709923054,37.36008032437029],[29.00225165794636,36.69479712124529],[30.59059712455841,37.78214902290126],[30.729928061076322,39.663116665893085],[31.983906489737542,39.663116665893085],[34.491863347059976,40.91709509455431],[34.66290954063679,41.87558325405779]]],[[[19.606965097887766,41.76153906460466],[19.36906722496296,40.260280214507006],[21.228430780871165,37.904906831938646],[22.638745340807688,37.49228628750505],[23.55576613853718,38.351764284331225],[22.720257791979563,39.2872691976613],[22.602265390856516,40.39723929043474],[23.88595298240925,40.732894502837084],[28.82780745933796,40.914699159819506],[27.501950296862375,42.51634558315935],[27.887320551378977,43.0635257589406],[26.060342999568604,42.09541565075267],[24.297108496353133,42.030110669152094],[21.4889942875285,42.87907542995954],[19.606965097887766,41.76153906460466]]]]},"properties":{"NAME":"Byzantine Empire","SUBJECTO":"Byzantine Empire","PARTOF":"Byzantine Empire"}},
{"type":"Feature","geometry":{"type":"Polygon","coordinates":[[[-2.010361521016347,47.745650369834415],[-1.999109269065851,48.67695685862887],[-4.761963334473389,48.55200155825977],[-4.350201573761719,48.390506349519534],[-4.388901677521485,48.298438631013674],[-4.350984063538331,48.204566560701174],[-4.312866177948731,48.10133322329883],[-4.390935388001221,47.94184836001758],[-2.465543475540894,47.49438437075977],[-2.010361521016347,47.745650369834415]]]},"properties":{"NAME":"Britany","SUBJECTO":"Britany","PARTOF":"Britany"}},
{"type":"Feature","geometry":{"type":"Polygon","coordinates":[[[-135.4957780508125,68.71902807803517],[-143.30757614661906,70.19675024624529],[-145.27254196693156,70.1163822042531],[-152.48952194729688,70.69520147891407],[-145.27254196682813,70.11638220401173],[-143.30757614651563,70.19675024600392],[-135.4957780508125,68.71902807803517]]]},"properties":{"NAME":null,"SUBJECTO":null,"PARTOF":null}},
{"type":"Feature","geometry":{"type":"Polygon","coordinates":[[[-156.13797470608594,70.92808111758595],[-152.65120407620313,70.81853064151173],[-155.09985825111124,71.07726629849138],[-156.13797470608594,70.92808111758595]]]},"properties":{"NAME":null,"SUBJECTO":null,"PARTOF":null}},
{"type":"Feature","geometry":{"type":"Polygon","coordinates":[[[-130.24182602444532,70.20590551944142],[-136.04396530667188,69.33598669619923],[-133.6476335195625,69.50691565127735],[-130.24182602444532,70.20590551944142]]]},"properties":{"NAME":null,"SUBJECTO":null,"PARTOF":null}},
{"type":"Feature","geometry":{"type":"Polygon","coordinates":[[[-127.7255372671211,70.18759497256642],[-131.67297836829874,69.27615698452654],[-132.78897568264844,68.70905645938282],[-127.7255372671211,70.18759497256642]]]},"properties":{"NAME":null,"SUBJECTO":null,"PARTOF":null}},
{"type":"Feature","geometry":{"type":"Polygon","coordinates":[[[-133.7195787099922,68.91787298770313],[-133.33893295803907,68.79822119326954],[-133.3389329581425,68.79822119351091],[-133.71957870978935,68.91787298784823],[-133.7195787099922,68.91787298770313]]]},"properties":{"NAME":null,"SUBJECTO":null,"PARTOF":null}},
{"type":"Feature","geometry":{"type":"Polygon","coordinates":[[[-125.18771072903516,69.4091983661211],[-126.618458714875,69.67914923282032],[-125.97399612942579,69.43039282412892],[-125.18771072903516,69.4091983661211]]]},"properties":{"NAME":null,"SUBJECTO":null,"PARTOF":null}},
{"type":"Feature","geometry":{"type":"Polygon","coordinates":[[[-128.0110597280586,70.64079626651173],[-127.35170456448438,70.38026007266407],[-127.66734024574016,70.51815374966326],[-128.0110597280586,70.64079626651173]]]},"properties":{"NAME":null,"SUBJECTO":null,"PARTOF":null}},
{"type":"Feature","geometry":{"type":"Polygon","coordinates":[[[-125.38623520413282,69.81800421328907],[-125.13956924954297,69.83365210147267],[-124.70693680325391,69.9408145770586],[-125.38623520413282,69.81800421328907]]]},"properties":{"NAME":null,"SUBJECTO":null,"PARTOF":null}},
{"type":"Feature","geometry":{"type":"Polygon","coordinates":[[[-120.22155472317579,69.41844519229298],[-122.32606216956829,69.88448675747576],[-124.60000320950391,69.46324499698048],[-122.32606216946485,69.88448675723438],[-120.22155472317579,69.41844519229298]]]},"properties":{"NAME":null,"SUBJECTO":null,"PARTOF":null}},
{"type":"Feature","geometry":{"type":"Polygon","coordinates":[[[-93.31687637844922,63.97362097354297],[-92.35104080716016,63.584834657625],[-90,63.302386842683596],[-93.31687637844922,63.97362097354297]]]},"properties":{"NAME":null,"SUBJECTO":null,"PARTOF":null}},
{"type":"Feature","geometry":{"type":"Polygon","coordinates":[[[-92.45530411282422,62.794105134919924],[-91.89085861748805,62.60355337719834],[-91.8908586173222,62.6035533773488],[-92.45530411263145,62.7941051350613],[-92.45530411282422,62.794105134919924]]]},"properties":{"NAME":null,"SUBJECTO":null,"PARTOF":null}},
{"type":"Feature","geometry":{"type":"Polygon","coordinates":[[[-96.68452927161907,28.2477298605031],[-97.75841820818601,28.695265355313026],[-102.5682060899621,29.99225368312217],[-102.5682060899621,32.42779661849105],[-102.5682060899621,38.880148963177184],[-109.04855657130156,38.880148963177184],[-121.16971848831042,38.880148963177184],[-123.6484726898424,38.880148963177184],[-121.93205734779094,37.00897558804216],[-121.92680069495891,36.33826788540544],[-120.52868362952923,34.50833090420427],[-118.60435196449016,34.096419893462084],[-117.49671646644329,33.325431429106615],[-115.60230728675579,29.685151659209154],[-114.06728836585735,28.42289312954607],[-114.47785660316204,27.243947588164232],[-112.41098496009563,26.19277151699724],[-112.16581436683391,25.010667406279467],[-110.79756638099407,24.8800483572072],[-112.86987015296673,28.334659181792162],[-114.68277451087688,30.14322432156267],[-114.83865067054485,31.815496050078295],[-113.05207535316204,31.13870009060564],[-112.90797897865032,30.41401632900896],[-112.7371492057011,30.109120928007982],[-111.69163223792766,28.49610289211931],[-109.13188644935344,26.288686357695482],[-105.53994461585735,22.284598909575365],[-104.94791122962688,19.437839113432787],[-103.49393936683391,18.353892885405443],[-101.99260422279094,18.02653082485857],[-101.22077652503704,17.41792257900896],[-99.20922562171673,16.71663054104509],[-99.10769899109214,17.493404434592033],[-102.18977315828258,19.516685389966014],[-102.61843437764146,20.588338438363238],[-101.97544254860313,21.01699965772214],[-98.6961842205076,19.00229192673535],[-96.8315079162964,18.230701731889333],[-95.13016983558391,16.29946859951677],[-94.07539078284954,16.11115988369646],[-91.5157136588261,14.058868013579271],[-87.94866653968548,13.171761118132494],[-86.01414200355266,11.367618166167162],[-85.77779099036907,10.138352953154467],[-83.61494156409954,9.151563249785326],[-82.95613571693157,8.256755434233568],[-81.6642732291386,8.16464766140642],[-80.81377121497844,7.270063482481859],[-79.71689316322063,8.883091531950853],[-79.06764694740032,9.034267984587572],[-77.40016647865032,6.67044600125017],[-77.50037857581829,5.51357754345598],[-77.10599991370891,3.792188965041063],[-77.80209824134563,2.576873623091601],[-78.46819778968548,2.467397295195482],[-78.98431107093548,1.296987973410509],[-80.0855607657597,0.817998133856676],[-80.33884903480266,-0.663181163113691],[-80.96610733558391,-1.033107079308607],[-80.1441545157597,-3.414210237305738],[-81.04177567054485,-4.051563180726149],[-80.03942480894368,-4.270434627117226],[-78.74749653343805,-6.032155002806711],[-77.69046430802435,-6.267051052898637],[-77.33812023288645,-7.676427353450222],[-75.57639985719698,-10.61262797959937],[-71.23082293049625,-12.726692430426755],[-69.53613386666227,-13.823255942319332],[-67.94227822920921,-15.427997006483967],[-67.23759007893341,-18.364197632633108],[-67.35618174619,-19.194339303429263],[-65.90622541609757,-18.31105888474315],[-64.66180129731615,-16.804676207468987],[-64.1940629085568,-14.694582386569342],[-69.04501111905242,-8.235853806057],[-70.15820726425522,-5.735421450211085],[-66.40849393304576,3.041936481420927],[-62.65878060183632,4.152921580887431],[-58.55753164582598,3.977596077854006],[-55.8624251890192,1.695565793857857],[-55.80383591821904,0.875529465609527],[-57.97163893782451,-0.589157846288572],[-58.44035310422569,-2.287649024474563],[-56.33113935542037,-4.334740468715777],[-54.16333633581491,-4.626791146196514],[-49.06606977620206,-4.743578120004467],[-46.280890913956334,-3.552810001275475],[-53.123378851919725,-14.275041705614404],[-48.46896037885509,-23.748769173313708],[-49.48718016007792,-24.553337158794967],[-49.83871578487881,-26.797313680361846],[-48.85215473085459,-28.563025096783424],[-48.56390854408001,-27.68059388522444],[-48.72452255775188,-25.425621427338697],[-44.561295476453054,-22.989857114594557],[-41.95784470130657,-22.92082253817854],[-40.983502355115164,-22.08642999057112],[-40.932816472546804,-21.279411710541822],[-39.69133850623821,-19.40879670504866],[-39.142498937146414,-17.77471772555647],[-38.94815537025188,-16.001592077057936],[-39.126217809216726,-14.324533857148268],[-37.18652435828899,-10.844699300568678],[-35.5985994010136,-9.627626813691236],[-34.890675511853445,-7.611789144318678],[-35.464371648328054,-5.268277086060621],[-37.180600133435476,-4.954271711152174],[-37.73482224036907,-4.529729284089186],[-38.06839844276165,-4.231795228760816],[-40.23088928748821,-2.8512109888011],[-42.31647202064251,-2.817604697983839],[-43.33403870155071,-2.432190097611524],[-44.222123113171804,-2.777243770402052],[-44.79592606116985,-1.736357845109083],[-47.237137761609304,-0.680439270775892],[-48.042530980603445,-0.815624035637953],[-49.221146550671804,-2.108145631592848],[-50.64313980628704,-1.882471717637159],[-51.529381719128835,-0.429196335118391],[-49.88430496741985,1.21387108441057],[-50.68808075477337,2.216172300536059],[-51.20926758338665,4.070678793150805],[-53.02668091346477,5.426703058440111],[-54.28620621253704,5.881543241698168],[-56.746396031872976,6.00331839199724],[-58.57506653358196,6.984399877745531],[-59.83440491248821,8.440183244902514],[-61.695771781275944,8.610088933385873],[-63.06524366801216,8.32539786170036],[-65.96541257261946,8.180441590467876],[-70.68184887203134,8.55721593295672],[-71.09831711341594,9.327861391264818],[-72.11403366615032,9.904005609709642],[-71.6879548697636,10.769269548613451],[-72.37965866615032,11.810100160796068],[-74.21892258216594,11.367601953703783],[-75.45044418861126,10.627693735319994],[-75.70266434241985,9.425959192473314],[-76.76352402259563,8.692807756621264],[-79.50042435218548,9.638376795012377],[-80.96249863197063,8.864939295012377],[-82.22958847572063,9.046509348112963],[-83.91412827064251,11.251382433134935],[-83.66236588050579,13.705296121794603],[-83.31351944495891,14.767507158476732],[-84.65045639564251,15.933375917632006],[-88.66434189368938,15.725766740996264],[-88.74182602454876,16.26947935696306],[-89.92106812164835,16.974504858646174],[-88.87046624484404,18.693671566144136],[-90,19.38150557156267],[-94.24197098304485,18.240150057036303],[-96.01226517249798,18.92925604458513],[-97.50419327308391,21.189153276640795],[-97.88202377845501,22.33262213345232],[-97.82254501868938,24.20810469265642],[-97.25996109534954,25.811372362334154],[-97.63798996497844,26.846942506987475],[-96.68452927161907,28.2477298605031]],[[-77.8998559610522,-3.112543263869829],[-78.5616013224577,-2.128662113961151],[-77.8536876800239,-1.66723383131634],[-77.2535000266561,-2.759051555925397],[-77.8998559610522,-3.112543263869829]]]},"properties":{"NAME":null,"SUBJECTO":null,"PARTOF":null}},
{"type":"Feature","geometry":{"type":"Polygon","coordinates":[[[-124.23045217275275,44.45096392151133],[-124.15713846161013,44.726541207842374],[-124.1404924063847,44.7891116964406],[-124.23045217275275,44.45096392151133]]]},"properties":{"NAME":null,"SUBJECTO":null,"PARTOF":null}},
{"type":"Feature","geometry":{"type":"Polygon","coordinates":[[[-68.0338990208006,-26.029048392077136],[-67.95249314419908,-24.64514848985134],[-67.82483020416323,-22.474878509241908],[-68.0338990208006,-26.029048392077136]]]},"properties":{"NAME":null,"SUBJECTO":null,"PARTOF":null}},
{"type":"Feature","geometry":{"type":"Polygon","coordinates":[[[-52.04218765784954,-31.556572355073072],[-52.14021349238029,-31.740936200871825],[-52.14362427283977,-31.747351087372877],[-52.04218765784954,-31.556572355073072]]]},"properties":{"NAME":null,"SUBJECTO":null,"PARTOF":null}},
{"type":"Feature","geometry":{"type":"Polygon","coordinates":[[[-69.16695114661907,-51.14943734530745],[-69.11474151787864,-51.35236245613261],[-69.07692429115032,-51.49934808139143],[-69.16695114661907,-51.14943734530745]]]},"properties":{"NAME":null,"SUBJECTO":null,"PARTOF":null}},
{"type":"Feature","geometry":{"type":"Polygon","coordinates":[[[-71.51984879066204,-32.18117562655745],[-70.0274937150467,-30.677772143654593],[-69.28299898778518,-29.352258637737357],[-68.05972625425517,-26.46811136080474],[-69.58655057985273,-26.9379034609886],[-70.49319168616985,-25.471443570893385],[-71.68157669593548,-30.60000077609358],[-71.51984879066204,-32.18117562655745]]]},"properties":{"NAME":null,"SUBJECTO":null,"PARTOF":null}},
{"type":"Feature","geometry":{"type":"Polygon","coordinates":[[[-128.81406113197065,53.76392706509294],[-129.06042954017377,53.738971315581225],[-129.43387314368937,53.51753576870623],[-129.43387314368937,53.517535768706225],[-129.06042954017374,53.738971315581225],[-128.81406113197065,53.76392706509294]]]},"properties":{"NAME":null,"SUBJECTO":null,"PARTOF":null}},
{"type":"Feature","geometry":{"type":"Polygon","coordinates":[[[-130.4128770499394,55.020736299712084],[-130.0650071768925,55.10212286587419],[-130.00269028236127,55.288539491850756],[-130.06500717689252,55.10212286587419],[-130.26733871986127,55.07184179897966],[-130.4128770499394,55.020736299712084]]]},"properties":{"NAME":null,"SUBJECTO":null,"PARTOF":null}},
{"type":"Feature","geometry":{"type":"Polygon","coordinates":[[[-131.19051071693158,56.03476294155779],[-131.7670030265019,56.01000555630388],[-131.9636125235722,55.966090761382006],[-132.0324601798222,55.89350088711443],[-132.03246017982218,55.89350088711443],[-131.96361252357218,55.966090761382006],[-131.76700302650187,56.01000555630388],[-131.19051071693158,56.03476294155779]]]},"properties":{"NAME":null,"SUBJECTO":null,"PARTOF":null}},
{"type":"Feature","geometry":{"type":"Polygon","coordinates":[[[-135.30861374427533,59.3469615804738],[-135.46945663978315,59.33973654385271],[-135.51483627845502,58.97349890347185],[-135.3257188468144,58.58088644619646],[-135.27911850501752,58.44331320400896],[-135.3003282218144,58.374492250639825],[-135.2791185050175,58.44331320400896],[-135.32571884681437,58.58088644619646],[-135.514836278455,58.97349890347185],[-135.46945663978312,59.33973654385271],[-135.30861374427533,59.3469615804738]]]},"properties":{"NAME":null,"SUBJECTO":null,"PARTOF":null}},
{"type":"Feature","geometry":{"type":"Polygon","coordinates":[[[-136.39011093665815,58.84076651211443],[-136.39011093665812,58.84076651211443],[-136.14838120033002,58.90328177090349],[-136.39011093665815,58.84076651211443]]]},"properties":{"NAME":null,"SUBJECTO":null,"PARTOF":null}},
{"type":"Feature","geometry":{"type":"Polygon","coordinates":[[[-136.35608383704877,58.52386816616716],[-136.35608383704874,58.52386816616716],[-136.370305028455,58.62023504849138],[-136.93880173255656,58.943179689604655],[-136.93880173255658,58.94317968960466],[-136.37030502845502,58.62023504849138],[-136.35608383704877,58.52386816616716]]]},"properties":{"NAME":null,"SUBJECTO":null,"PARTOF":null}},
{"type":"Feature","geometry":{"type":"Polygon","coordinates":[[[-140.13290878822065,59.76717337246599],[-140.4283647208378,59.75967749233904],[-140.13290878822062,59.76717337246599],[-139.92891403724406,59.82994421597185],[-139.57256027747846,59.89999731655779],[-139.92891403724408,59.82994421597185],[-140.13290878822065,59.76717337246599]]]},"properties":{"NAME":null,"SUBJECTO":null,"PARTOF":null}},
{"type":"Feature","geometry":{"type":"Polygon","coordinates":[[[-140.05179264318338,62.49514157669758],[-132.43494029538678,62.496969371290604],[-124.93551363296793,64.83463268032534],[-118.19774749095093,62.712635573894396],[-111.28421353653351,58.55314202309659],[-102.14428729171048,57.21394132630312],[-93.82461083808953,56.86329884105465],[-92.40409578747519,56.97508393725052],[-93.07417770911907,58.55101355190935],[-94.68383499671673,58.87849386807146],[-94.37603470374798,60.79513510342302],[-92.89387332874693,62.12595365083462],[-97.95280460166202,65.16020407877853],[-110.86015901801942,65.94354545380173],[-112.027118757556,66.18860845464538],[-128.3674944405715,66.87659139169848],[-143.60797110440964,68.64958656363149],[-159.8609544306924,70.54037132073698],[-162.17723557044718,70.28422125454607],[-164.06718918372843,69.06467779751482],[-166.8435258536503,68.40520819302263],[-163.73874374915812,67.21832617397966],[-168.17979904700968,65.69388922329607],[-166.58603378822062,64.73040350552263],[-160.93949894471777,63.98492305338062],[-150.1289000770314,63.324002732781025],[-144.68009789261768,63.19218524961806],[-140.05179264318338,62.49514157669758]]]},"properties":{"NAME":null,"SUBJECTO":null,"PARTOF":null}},
{"type":"Feature","geometry":{"type":"Polygon","coordinates":[[[-89.72552200843548,56.93423422451677],[-90,57.07395132656755],[-90.44457718421673,57.144347749907396],[-89.72552200843548,56.93423422451677]]]},"properties":{"NAME":null,"SUBJECTO":null,"PARTOF":null}},
{"type":"Feature","geometry":{"type":"Polygon","coordinates":[[[-76.46228683413294,56.57751271564082],[-77.23383804847454,55.60653647061052],[-79.54511734534954,54.69186361904802],[-78.74176950876007,52.74413883037645],[-74.19720512004018,52.927225836668605],[-71.0333844968322,55.19604828321671],[-65.64317158321862,55.262874161982396],[-62.88947585561168,54.72511691082654],[-62.80620269024577,54.68141127185644],[-61.85367382119192,56.23228776926461],[-61.476098027722585,57.104064546782396],[-62.50972764527455,57.9717281924346],[-76.46228683413294,56.57751271564082]]]},"properties":{"NAME":null,"SUBJECTO":null,"PARTOF":null}},
{"type":"Feature","geometry":{"type":"Polygon","coordinates":[[[-141.58554550697065,60.139754854399584],[-141.74712082435346,60.132499300200365],[-141.95845505286908,60.041461549956225],[-141.58554550697065,60.139754854399584]]]},"properties":{"NAME":null,"SUBJECTO":null,"PARTOF":null}},
{"type":"Feature","geometry":{"type":"Polygon","coordinates":[[[-145.13838669349408,60.454215608794115],[-145.4926957755253,60.38364752407732],[-145.13838669349406,60.454215608794115],[-145.00285812904096,60.5523601400441],[-145.00285812904096,60.552360140044115],[-145.13838669349408,60.454215608794115]]]},"properties":{"NAME":null,"SUBJECTO":null,"PARTOF":null}},
{"type":"Feature","geometry":{"type":"Polygon","coordinates":[[[-148.4935197501347,59.90396460171404],[-148.8396653800175,60.54507788296404],[-147.94012924720502,61.20585211392107],[-148.49261948158002,61.06433828945818],[-148.83966538001752,60.54507788296404],[-148.4935197501347,59.90396460171404]]]},"properties":{"NAME":null,"SUBJECTO":null,"PARTOF":null}},
{"type":"Feature","geometry":{"type":"Polygon","coordinates":[[[-151.38795944740033,59.21278341885271],[-149.32562729408002,60.02748068447771],[-150.50098129798627,59.61584051724138],[-151.38795944740033,59.21278341885271]]]},"properties":{"NAME":null,"SUBJECTO":null,"PARTOF":null}},
{"type":"Feature","geometry":null,"properties":{"NAME":null,"SUBJECTO":null,"PARTOF":null}},
{"type":"Feature","geometry":{"type":"Polygon","coordinates":[[[-150.31123825599408,61.31387671108904],[-152.8777207999394,60.27886541958513],[-153.45496079017377,58.877338014799975],[-156.4957627921269,57.10023077603044],[-159.61395737220502,55.88911017056169],[-156.49576279212687,57.10023077603044],[-153.45496079017374,58.877338014799975],[-152.87772079993937,60.27886541958513],[-150.31123825599408,61.31387671108904]]]},"properties":{"NAME":null,"SUBJECTO":null,"PARTOF":null}},
{"type":"Feature","geometry":{"type":"Polygon","coordinates":[[[-157.98740097572065,58.716998659331225],[-157.42422958900187,58.8008190023488],[-157.13942429115033,58.85578878994646],[-157.98740097572065,58.716998659331225]]]},"properties":{"NAME":null,"SUBJECTO":null,"PARTOF":null}},
{"type":"Feature","geometry":{"type":"Polygon","coordinates":[[[-158.85645004798627,58.45356711025896],[-158.51666733314252,58.99888189907732],[-158.97314926673627,58.770289980132006],[-158.85645004798627,58.45356711025896]]]},"properties":{"NAME":null,"SUBJECTO":null,"PARTOF":null}},
{"type":"Feature","geometry":{"type":"Polygon","coordinates":[[[-160.4305314688847,59.00216635342302],[-160.84013840247846,58.95994146938982],[-160.82761093665815,58.89784201260271],[-161.11713120033002,58.745528780180834],[-160.82761093665812,58.89784201260271],[-160.4305314688847,59.00216635342302]]]},"properties":{"NAME":null,"SUBJECTO":null,"PARTOF":null}},
{"type":"Feature","geometry":{"type":"Polygon","coordinates":[[[-163.53639694740033,59.84078940029802],[-163.0217942862675,59.96670874233904],[-162.37810226966596,60.16311606045427],[-163.53639694740033,59.84078940029802]]]},"properties":{"NAME":null,"SUBJECTO":null,"PARTOF":null}},
{"type":"Feature","geometry":{"type":"Polygon","coordinates":[[[-163.62695786048627,60.601031862456225],[-163.93779465247843,60.614459596831225],[-164.5280961661503,60.75341375942888],[-164.84467026283,60.81589468594255],[-164.52809616615033,60.75341375942888],[-163.93779465247846,60.614459596831225],[-163.62695786048627,60.601031862456225]]]},"properties":{"NAME":null,"SUBJECTO":null,"PARTOF":null}},
{"type":"Feature","geometry":{"type":"Polygon","coordinates":[[[-163.8948869376347,61.042228304106615],[-164.05811020423627,61.041915498930834],[-164.30165573646283,60.943168245512865],[-164.3016557364628,60.943168245512865],[-164.05811020423624,61.041915498930834],[-163.8948869376347,61.042228304106615]]]},"properties":{"NAME":null,"SUBJECTO":null,"PARTOF":null}},
{"type":"Feature","geometry":{"type":"Polygon","coordinates":[[[-165.42334457923627,61.26419409390154],[-165.51204392005658,61.257003389555834],[-165.51204392005656,61.257003389555834],[-165.42334457923627,61.26419409390154]]]},"properties":{"NAME":null,"SUBJECTO":null,"PARTOF":null}},
{"type":"Feature","geometry":{"type":"Polygon","coordinates":[[[-163.3086290030644,63.03774222012224],[-163.30862900306437,63.03774222012224],[-163.52701279212687,63.08008154507341],[-163.96799179603312,63.20044668789568],[-164.2917680411503,63.24977072354021],[-163.96799179603315,63.20044668789568],[-163.5270127921269,63.08008154507341],[-163.3086290030644,63.03774222012224]]]},"properties":{"NAME":null,"SUBJECTO":null,"PARTOF":null}},
{"type":"Feature","geometry":{"type":"Polygon","coordinates":[[[-90.10844131995891,30.038699709135912],[-90.16053482581829,30.390046678740404],[-90.43051621009563,30.142039858061693],[-90.10844131995891,30.038699709135912]]]},"properties":{"NAME":null,"SUBJECTO":null,"PARTOF":null}},
{"type":"Feature","geometry":{"type":"Polygon","coordinates":[[[-90.09218308021282,29.222343050200365],[-90.07866379310344,29.501367174345873],[-90.29798599769329,29.37374838467302],[-90.09218308021282,29.222343050200365]]]},"properties":{"NAME":null,"SUBJECTO":null,"PARTOF":null}},
{"type":"Feature","geometry":{"type":"Polygon","coordinates":[[[-90.65007492591594,29.239488207060717],[-90.26970628117526,29.154822865400444],[-90.43607803870891,29.325677477080248],[-90.65007492591594,29.239488207060717]]]},"properties":{"NAME":null,"SUBJECTO":null,"PARTOF":null}},
{"type":"Feature","geometry":{"type":"Polygon","coordinates":[[[34.719489671813776,-20.042782596759878],[37.27531722496296,-17.713161863129713],[39.471255335314524,-16.717016614716627],[40.38579848716999,-15.73632661227522],[40.848616632921946,-14.578646100800611],[40.40044310997273,-11.230388082306959],[39.24819753258153,-11.144871908746616],[38.23752179298391,-9.291966386150964],[37.732183923185076,-4.575479601362019],[39.41664348918111,-1.375006425969531],[43.41489377502695,2.514787056134711],[34.405956738036096,2.490461302647428],[33.92968016137751,2.843586349070006],[22.224511080969368,6.196195772852339],[12.604745687300603,7.731968465838291],[6.763964025938454,5.826528050402973],[6.088779959185374,4.328133188444994],[6.92367986152912,4.342650972563646],[7.175744089586981,4.527480684477709],[7.888258966906317,4.452766023833178],[8.327965769274481,4.841343008238695],[9.542992624743231,4.043305479246996],[9.923090013964423,2.824045501906298],[9.370391878588446,1.170653425413988],[9.883252176745184,0.078766025859736],[9.660363230211981,0.084639795381449],[8.815209421618231,-0.895802534859754],[9.656445536120184,-2.419099487107374],[11.772603067858466,-4.536981023591139],[12.371690783007391,-6.257806695740797],[13.387093576891669,-8.15567819003401],[13.203851732714423,-9.636731542389967],[13.816288980944403,-10.976270116608717],[13.649036440356024,-12.196759618561842],[12.585389170153388,-13.463659681122877],[11.782002481920966,-15.867509282868483],[11.774609598620184,-17.59605256442366],[12.52433207939411,-19.062439359467604],[12.905971244193594,-19.70227026922537],[28.61662685468665,-19.947515983564067],[28.63187541728054,-19.87889745189157],[29.6904111879674,-18.820361681204712],[31.278214843997684,-18.643939052756906],[32.68959587158015,-18.643939052756906],[33.395286385371406,-20.02211158283374],[34.719489671813776,-20.042782596759878]]]},"properties":{"NAME":"Bantou","SUBJECTO":"Bantou","PARTOF":"Bantou"}},
{"type":"Feature","geometry":{"type":"Polygon","coordinates":[[[-80.59153010156074,28.49188131613878],[-82.4292878775761,27.826148592192553],[-82.31009384681438,26.82493170376482],[-81.09792038490032,25.125047289091967],[-80.31409927894329,25.243880830962084],[-80.04998489906048,26.551089845854662],[-80.59153010156074,28.49188131613878]]]},"properties":{"NAME":"Caloosahatchee cultureure","SUBJECTO":"Caloosahatchee cultureure","PARTOF":"Caloosahatchee cultureure"}},
{"type":"Feature","geometry":{"type":"Polygon","coordinates":[[[-4.153334,53.225555],[-4.276945,53.398331],[-4.5675,53.273331],[-4.351389,53.124443],[-4.153334,53.225555]]]},"properties":{"NAME":null,"SUBJECTO":null,"PARTOF":null}},
{"type":"Feature","geometry":{"type":"Polygon","coordinates":[[[-5.103612,55.438606],[-5.154723,55.673332],[-5.400278,55.600555],[-5.103612,55.438606]]]},"properties":{"NAME":null,"SUBJECTO":null,"PARTOF":null}},
{"type":"Feature","geometry":{"type":"Polygon","coordinates":[[[-6.121667,55.878883],[-6.3275,55.589439],[-6.024723,55.68083200000012],[-6.121667,55.878883]]]},"properties":{"NAME":null,"SUBJECTO":null,"PARTOF":null}},
{"type":"Feature","geometry":{"type":"Polygon","coordinates":[[[-5.946945,55.829994],[-5.746112,56.06360600000011],[-5.968056,56.023605],[-6.078889,55.905548],[-5.946945,55.829994]]]},"properties":{"NAME":null,"SUBJECTO":null,"PARTOF":null}},
{"type":"Feature","geometry":{"type":"Polygon","coordinates":[[[-7.466945,56.940826],[-7.376112,56.978607],[-7.445556,57.05555],[-7.553612,56.966385],[-7.466945,56.940826]]]},"properties":{"NAME":null,"SUBJECTO":null,"PARTOF":null}},
{"type":"Feature","geometry":{"type":"Polygon","coordinates":[[[-7.223056,57.337494],[-7.425,57.382217],[-7.38139,57.108604],[-7.230278,57.09471900000011],[-7.223056,57.337494]]]},"properties":{"NAME":null,"SUBJECTO":null,"PARTOF":null}},
{"type":"Feature","geometry":{"type":"Polygon","coordinates":[[[-7.268889,57.39888800000011],[-7.204722,57.460831],[-7.351111,57.489441],[-7.388056,57.423882],[-7.268889,57.39888800000011]]]},"properties":{"NAME":null,"SUBJECTO":null,"PARTOF":null}},
{"type":"Feature","geometry":{"type":"Polygon","coordinates":[[[-7.188612,57.68721800000014],[-7.476945,57.562492],[-7.15389,57.509438],[-7.188612,57.68721800000014]]]},"properties":{"NAME":null,"SUBJECTO":null,"PARTOF":null}},
{"type":"Feature","geometry":{"type":"Polygon","coordinates":[[[-7.00639,57.881386000000134],[-6.993611,57.91861],[-7.073611,57.896111],[-7.00639,57.881386000000134]]]},"properties":{"NAME":null,"SUBJECTO":null,"PARTOF":null}},
{"type":"Feature","geometry":{"type":"Polygon","coordinates":[[[-6.802222,58.203049],[-6.794445,58.218048],[-6.854167,58.25],[-6.873056,58.206383],[-6.802222,58.203049]]]},"properties":{"NAME":null,"SUBJECTO":null,"PARTOF":null}},
{"type":"Feature","geometry":{"type":"Polygon","coordinates":[[[-6.204167,58.35611],[-7.031945,58.238052],[-6.473889,57.940277],[-6.204167,58.35611]]]},"properties":{"NAME":null,"SUBJECTO":null,"PARTOF":null}},
{"type":"Feature","geometry":{"type":"Polygon","coordinates":[[[-2.918334,58.731941],[-2.876667,58.820274],[-3.036945,58.818054],[-2.918334,58.731941]]]},"properties":{"NAME":null,"SUBJECTO":null,"PARTOF":null}},
{"type":"Feature","geometry":{"type":"Polygon","coordinates":[[[-3.231389,58.775551],[-3.136389,58.804161],[-3.335556,58.927498],[-3.431111,58.871384],[-3.231389,58.775551]]]},"properties":{"NAME":null,"SUBJECTO":null,"PARTOF":null}},
{"type":"Feature","geometry":{"type":"Polygon","coordinates":[[[-2.793056,58.951385],[-3.076945,59.121666],[-3.195,58.91111000000012],[-2.793056,58.951385]]]},"properties":{"NAME":null,"SUBJECTO":null,"PARTOF":null}},
{"type":"Feature","geometry":{"type":"Polygon","coordinates":[[[-2.681389,59.195831],[-2.620556,59.236107],[-2.495556,59.244995],[-2.414444,59.313606],[-2.592778,59.29055],[-2.681389,59.195831]]]},"properties":{"NAME":null,"SUBJECTO":null,"PARTOF":null}},
{"type":"Feature","geometry":{"type":"Polygon","coordinates":[[[-2.89,59.29527300000012],[-3.048889,59.329163],[-3.003334,59.263611],[-2.971945,59.287216],[-2.89,59.29527300000012]]]},"properties":{"NAME":null,"SUBJECTO":null,"PARTOF":null}},
{"type":"Feature","geometry":{"type":"Polygon","coordinates":[[[-1.296111,60.491104],[-1.320278,60.356384],[-1.655,60.226105],[-1.126111,60.151665],[-1.041389,60.446938],[-1.296111,60.491104]]]},"properties":{"NAME":null,"SUBJECTO":null,"PARTOF":null}},
{"type":"Feature","geometry":{"type":"Polygon","coordinates":[[[-1.029444,60.495827],[-0.991111,60.719994],[-1.177222,60.63666500000011],[-1.029444,60.495827]]]},"properties":{"NAME":null,"SUBJECTO":null,"PARTOF":null}},
{"type":"Feature","geometry":{"type":"Polygon","coordinates":[[[-0.819722,60.68888900000013],[-0.767778,60.82888800000012],[-0.938889,60.79444100000012],[-0.965556,60.688049],[-0.819722,60.68888900000013]]]},"properties":{"NAME":null,"SUBJECTO":null,"PARTOF":null}},
{"type":"Feature","geometry":{"type":"Polygon","coordinates":[[[-6.706944,61.937492000000134],[-6.718889,62.02861],[-7.192223,62.3077770000001],[-7.232223,62.172493],[-6.706944,61.937492000000134]]]},"properties":{"NAME":null,"SUBJECTO":null,"PARTOF":null}},
{"type":"Feature","geometry":{"type":"Polygon","coordinates":[[[-4.777779,54.05555],[-4.394444,54.186386],[-4.5275,54.367218],[-4.777779,54.05555]]]},"properties":{"NAME":null,"SUBJECTO":null,"PARTOF":null}},
{"type":"Feature","geometry":{"type":"Polygon","coordinates":[[[129.715515,28.451107],[129.157745,28.234993],[129.368561,28.116108],[129.715515,28.451107]]]},"properties":{"NAME":null,"SUBJECTO":null,"PARTOF":null}},
{"type":"Feature","geometry":{"type":"Polygon","coordinates":[[[129.963013,29.957218000000125],[129.94165,30],[129.92358400000012,29.983883],[129.963013,29.957218000000125]]]},"properties":{"NAME":null,"SUBJECTO":null,"PARTOF":null}},
{"type":"Feature","geometry":{"type":"Polygon","coordinates":[[[129.89636200000018,29.87416500000012],[129.877167,29.83083],[129.923309,29.824997],[129.89636200000018,29.87416500000012]]]},"properties":{"NAME":null,"SUBJECTO":null,"PARTOF":null}},
{"type":"Feature","geometry":{"type":"Polygon","coordinates":[[[130.906097,30.354717000000107],[131.074402,30.689163],[130.945251,30.683331000000123],[130.906097,30.354717000000107]]]},"properties":{"NAME":null,"SUBJECTO":null,"PARTOF":null}},
{"type":"Feature","geometry":{"type":"Polygon","coordinates":[[[130.558594,30.236382000000106],[130.671906,30.373329000000126],[130.510803,30.458885000000123],[130.387207,30.397217],[130.558594,30.236382000000106]]]},"properties":{"NAME":null,"SUBJECTO":null,"PARTOF":null}},
{"type":"Feature","geometry":{"type":"Polygon","coordinates":[[[121.734711,25.138885],[121.00166300000012,25.001663],[120.11554,23.631386],[120.878593,22.341385000000116],[121.839706,24.476383000000112],[121.734711,25.138885]]]},"properties":{"NAME":null,"SUBJECTO":null,"PARTOF":null}},
{"type":"Feature","geometry":{"type":"Polygon","coordinates":[[[128.900818,32.643051],[128.649414,32.777771],[128.610229,32.61166400000013],[128.900818,32.643051]]]},"properties":{"NAME":null,"SUBJECTO":null,"PARTOF":null}},
{"type":"Feature","geometry":{"type":"Polygon","coordinates":[[[123.870819,24.252499],[123.92192100000011,24.371109],[123.767212,24.41444],[123.678864,24.316109],[123.870819,24.252499]]]},"properties":{"NAME":null,"SUBJECTO":null,"PARTOF":null}},
{"type":"Feature","geometry":{"type":"Polygon","coordinates":[[[125.356369,24.776665],[125.261932,24.878883],[125.252213,24.737774],[125.356369,24.776665]]]},"properties":{"NAME":null,"SUBJECTO":null,"PARTOF":null}},
{"type":"Feature","geometry":{"type":"Polygon","coordinates":[[[124.26165800000012,24.457497],[124.077766,24.419994],[124.121918,24.344997],[124.22971300000017,24.338329],[124.26165800000012,24.457497]]]},"properties":{"NAME":null,"SUBJECTO":null,"PARTOF":null}},
{"type":"Feature","geometry":{"type":"Polygon","coordinates":[[[128.252777,26.63888500000013],[128.247192,26.839996],[127.958878,26.544441],[128.252777,26.63888500000013]]]},"properties":{"NAME":null,"SUBJECTO":null,"PARTOF":null}},
{"type":"Feature","geometry":{"type":"Polygon","coordinates":[[[126.76193200000012,26.38694],[126.701927,26.348606],[126.781097,26.29833200000013],[126.8099820000001,26.346943],[126.76193200000012,26.38694]]]},"properties":{"NAME":null,"SUBJECTO":null,"PARTOF":null}},
{"type":"Feature","geometry":{"type":"Polygon","coordinates":[[[128.95108,27.67582700000014],[129.029968,27.774441000000138],[128.89886500000011,27.89777400000014],[128.89721700000018,27.725826],[128.95108,27.67582700000014]]]},"properties":{"NAME":null,"SUBJECTO":null,"PARTOF":null}},
{"type":"Feature","geometry":{"type":"Polygon","coordinates":[[[128.609131,27.358887],[128.69635000000017,27.4486050000001],[128.52359000000013,27.413609],[128.609131,27.358887]]]},"properties":{"NAME":null,"SUBJECTO":null,"PARTOF":null}},
{"type":"Feature","geometry":{"type":"Polygon","coordinates":[[[129.992188,28.281666],[130.0324710000001,28.35305],[129.943024,28.32222],[129.992188,28.281666]]]},"properties":{"NAME":null,"SUBJECTO":null,"PARTOF":null}},
{"type":"Feature","geometry":{"type":"Polygon","coordinates":[[[129.33609000000013,28.075275],[129.3402400000001,28.110828],[129.223846,28.183605],[129.219116,28.097775],[129.33609000000013,28.075275]]]},"properties":{"NAME":null,"SUBJECTO":null,"PARTOF":null}},
{"type":"Feature","geometry":{"type":"Polygon","coordinates":[[[129.733032,29.609718],[129.75332600000013,29.64777400000014],[129.70968600000015,29.651661],[129.733032,29.609718]]]},"properties":{"NAME":null,"SUBJECTO":null,"PARTOF":null}},
{"type":"Feature","geometry":{"type":"Polygon","coordinates":[[[36.98114829531505,55.895352217783845],[37.83993941980523,55.323226464907194],[38.6767102590521,55.84593313880959],[37.79589884931856,56.23952795857335],[36.98114829531505,55.895352217783845]]]},"properties":{"NAME":"Grand Duchy of Moscow","SUBJECTO":"Grand Duchy of Moscow","PARTOF":"Grand Duchy of Moscow"}},
{"type":"Feature","geometry":{"type":"MultiPolygon","coordinates":[[[[27.702038797838938,59.297504030424975],[24.032107386095774,59.17574270840349],[27.663288210999713,58.95605697043894],[27.702038797838938,59.297504030424975]]],[[[10.141728434069407,54.33675345059099],[10.835,55.294],[9.311874422533762,56.481124483305834],[8.183429750902903,56.43146475430193],[8.884012255175364,54.229449831206225],[10.141728434069407,54.33675345059099]]],[[[16.063150608488804,56.39623928230259],[12.812482381214837,56.58401885178842],[13.301851305468332,55.3006969320363],[16.063150608488804,56.39623928230259]]]]},"properties":{"NAME":"Denmark","SUBJECTO":"Denmark","PARTOF":"Denmark"}},
{"type":"Feature","geometry":{"type":"Polygon","coordinates":[[[16.063150608488804,56.39623928230259],[16.744044336779368,58.311950288969896],[19.037323984606516,59.86324270840349],[17.146208796007883,60.95282705898943],[18.486624750597727,62.98124273892107],[20.873273399290948,64.03282247139006],[17.260903495737743,64.20605164855155],[15.049652873144248,63.52575508701183],[12.5973816246822,61.02862127896013],[12.487895457193446,58.56291949268917],[11.736376187990079,57.69820870971917],[12.812482381214837,56.58401885178842],[16.063150608488804,56.39623928230259]]]},"properties":{"NAME":"Sweden","SUBJECTO":"Sweden","PARTOF":"Sweden"}},
{"type":"Feature","geometry":{"type":"Polygon","coordinates":[[[-0.907353666321981,42.88129767056169],[-2.130006796834982,41.81657040431949],[-1.806933186472564,39.85751282659835],[-1.940475192563284,36.951598726469896],[0.172570082648051,38.73834570522966],[-0.39484843303417,39.43445929165544],[0.879201921923411,41.02173575039568],[3.128878864748728,41.8572269308156],[2.948875128434636,42.882970675163364],[1.45631185806913,42.61895371848023],[1.320455842331889,42.60500633270461],[-0.409914609687078,42.785567842680834],[-0.907353666321981,42.88129767056169]]]},"properties":{"NAME":"Aragón","SUBJECTO":"Aragón","PARTOF":"Aragón"}},
{"type":"Feature","geometry":{"type":"Polygon","coordinates":[[[178.175537,-18.241665],[178.170532,-17.342499],[177.510254,-17.509445],[177.333313,-18.119446],[178.175537,-18.241665]]]},"properties":{"NAME":"Tuʻi Tonga Empire","SUBJECTO":"Tuʻi Tonga Empire","PARTOF":"Tuʻi Tonga Empire"}},
{"type":"Feature","geometry":{"type":"Polygon","coordinates":[[[-109.241386,-27.133057],[-109.365837,-27.063335],[-109.42778,-27.201946],[-109.241386,-27.133057]]]},"properties":{"NAME":"Polynesians","SUBJECTO":"Polynesians","PARTOF":"Polynesians"}},
{"type":"Feature","geometry":{"type":"Polygon","coordinates":[[[107.46579268883015,20.976270281035326],[109.11740401695515,21.39900930996599],[110.07721999595906,20.867482744414232],[111.08559707115437,21.479402147490404],[112.7495222420528,21.756068788725756],[113.71678451011921,22.482215486723803],[116.34061721275593,22.91333159084978],[118.81294539879109,24.8494144308156],[119.42890456627156,26.590831361967943],[121.35852340172077,28.3856635915822],[121.77031997154499,29.834281526762865],[121.60595992515827,31.827626787382982],[120.66086104820515,32.543117128569506],[119.97359755943562,34.13522299404802],[119.02086165855671,34.6919322835988],[120.13933852623249,36.19480093594255],[121.84669784019734,36.86017569180193],[120.6581144661739,37.73646505947771],[119.59885695884968,37.11661871548357],[118.87524703453327,37.949428163725756],[117.58946517418171,38.28448065396013],[117.75288680504109,39.20253714199724],[118.97764113853718,39.22413595791521],[121.01060775230671,40.85068091030779],[122.10791305015827,40.35372122402849],[122.02749160240437,39.25575979824724],[124.10407546470906,39.884784303862475],[125.39759881555155,39.37634162815059],[124.73619368991015,38.2797809466875],[126.62915,37.591377000000136],[126.371368,34.789162],[128.451904,34.845543],[129.43942300000015,35.475822],[129.342468,37.257217],[127.44079879244921,39.62365683169727],[129.7595665696344,40.885779823913026],[129.82471755465625,41.861365877107424],[132.18178847740438,43.19463690396013],[134.13894179771688,42.99295385952654],[136.03397658775594,44.39840658779802],[137.720515284045,45.99668081875505],[140.08100417564657,48.50260504360857],[141.1211958260372,53.05163153286638],[138.416804346545,54.091910921294115],[136.48705581138876,53.65484198208513],[126.43676989997174,54.917240104841824],[118.10962183723511,56.89317354345729],[109.07678326070727,57.59886405724852],[93.97500626557478,56.89317354345729],[90,50.07330645934762],[93.80846330432006,49.67819373045566],[93.80846330432006,48.05228278668065],[90,46.42637184290564],[90,43.89717704147783],[92.00189558901448,41.909952554641706],[81.25281768294633,35.31598039377637],[81.79462389462604,34.76804767338405],[86.82103604173155,35.1118526851665],[89.91678256974747,35.185560935833536],[90,36.51230944784036],[91.68578058575658,36.36489294650627],[95.51860962044294,37.10197545317673],[101.68757091375052,36.3073807256478],[102.40610101767813,33.720672351508384],[100.68162876825185,28.690961624015074],[98.63722518394734,27.47874220486345],[98.59203139454138,25.75815164462812],[100.50179668952718,24.313983007565444],[100.14048314646607,23.37456779560655],[101.00763564981274,21.423474663076533],[100.22794265390873,20.389056301173344],[101.657367324407,19.661170456991734],[101.85148057957011,20.532435407532958],[105.41238593274157,21.902014389521984],[107.46579268883015,20.976270281035326]]]},"properties":{"NAME":"Great Khanate","SUBJECTO":"Mongol Empire","PARTOF":"Mongol Empire"}}
]}