{"type":"FeatureCollection", "features": [
{"type":"Feature","geometry":{"type":"Polygon","coordinates":[[[5.82350018939136,49.50710638614063],[6.43304303607105,49.4453311786211],[6.1085133882439,50.11745413394336],[5.82350018939136,49.50710638614063]]]},"properties":{"NAME":"Luxembourg","SUBJECTO":"Luxembourg","PARTOF":"Luxembourg"}},
{"type":"Feature","geometry":{"type":"Polygon","coordinates":[[[10.39569953402637,46.88741263003711],[9.53932315928003,47.4872009429331],[8.98348728377247,47.67961875929942],[7.50658181628345,47.60370596499805],[6.38371663070597,46.34157620481557],[6.74609449114785,46.48710250305781],[6.77651667016019,46.47343742783546],[6.807361283529,46.3939942785789],[6.9552831979668,45.93890341372852],[9.88495734652637,46.40253027530078],[10.39569953402637,46.88741263003711]]]},"properties":{"NAME":"Switzerland","SUBJECTO":"Switzerland","PARTOF":"Switzerland"}},
{"type":"Feature","geometry":{"type":"Polygon","coordinates":[[[2.52213195284961,51.09112127871875],[0.03287004253028,49.33370550723438],[-1.89154359379651,49.52635153384571],[-3.9548377660835,47.90433844180469],[-2.00464555302502,47.04250296206836],[-1.07519969025494,46.01461752505664],[-1.56140777150037,43.52442511172657],[-1.91457780876996,43.3054157123125],[-0.61198213377835,42.73087652774219],[3.0870814653313,42.36864431949024],[4.07819608172534,43.48708685489063],[5.82857039889453,43.02081640811329],[7.55281022509692,43.8674503192461],[6.78291753253101,44.54787405581836],[6.9552831979668,45.93890341372852],[6.807361283529,46.3939942785789],[6.38371663070597,46.34157620481557],[7.50658181628345,47.60370596499805],[7.72907784899829,48.6156192645586],[6.43304303607105,49.4453311786211],[5.82350018939136,49.50710638614063],[2.87505987605212,50.68182333560352],[2.52213195284961,51.09112127871875]]]},"properties":{"NAME":"France","SUBJECTO":"France","PARTOF":"France"}},
{"type":"Feature","geometry":{"type":"MultiPolygon","coordinates":[[[[-6.3431467680061,53.93964346499805],[-6.01818796673657,55.09300192447071],[-8.34538075009229,55.09528311343555],[-9.89064022580029,52.19443091006641],[-9.81910988369824,51.43455465884571],[-6.40597101727368,52.21443899722461],[-6.3431467680061,53.93964346499805]]],[[[0.08101585826038,53.3862262591875],[-1.71901055851819,55.4537425860918],[-2.74213143864514,55.95718725772266],[-2.15036293545606,57.57197912783985],[-5.76296564617993,57.61977728457813],[-5.63305756131055,55.93986090274219],[-3.57667585888745,54.92448385806446],[-2.91447540799023,53.26714285464649],[-4.31754204312207,53.09120901675586],[-3.52146693745496,50.61743124575977],[0.19181022366641,50.73128470034961],[1.69169167002795,52.3114200458086],[0.08101585826038,53.3862262591875]]]]},"properties":{"NAME":"United Kingdom of Great Britain and Ireland","SUBJECTO":"United Kingdom of Great Britain and Ireland","PARTOF":"United Kingdom of Great Britain and Ireland"}},
{"type":"Feature","geometry":{"type":"Polygon","coordinates":[[[91.60775283297656,27.64145048709278],[91.1522474618828,28.0323673114336],[89.36553481539843,27.8761287555254],[88.80257705172656,27.18099173159961],[90,26.77874525637989],[91.90890029391406,26.80530127139454],[91.60775283297656,27.64145048709278]]]},"properties":{"NAME":"Bhutan","SUBJECTO":"Bhutan","PARTOF":"Bhutan"}},
{"type":"Feature","geometry":{"type":"Polygon","coordinates":[[[51.28782561740039,24.41077765078907],[50.9683332773125,24.43624456973438],[51.11975005587695,24.39866026492481],[51.28782561740039,24.41077765078907]]]},"properties":{"NAME":"Qatar","SUBJECTO":"United Kingdom of Great Britain and Ireland","PARTOF":"Qatar"}},
{"type":"Feature","geometry":{"type":"Polygon","coordinates":[[[51.11975005587695,24.39866026492481],[51.95289901217578,22.48418959231739],[55.367381128875,22.06571348758106],[55.69875243624804,22.30269964785938],[55.65806106051562,23.74446638675098],[56.40525725802539,24.91874846072559],[56.16130736788867,25.47334440799122],[56.15673354586718,25.96647986026172],[54.34709838351367,24.15445288272266],[51.58590224703906,24.00322111697559],[51.28782561740039,24.41077765078907],[51.11975005587695,24.39866026492481]]]},"properties":{"NAME":"Trucial Oman","SUBJECTO":"United Kingdom of Great Britain and Ireland","PARTOF":"Trucial Oman"}},
{"type":"Feature","geometry":{"type":"Polygon","coordinates":[[[56.40525725802539,24.91874846072559],[55.65806106051562,23.74446638675098],[55.69875243624804,22.30269964785938],[56.03019240817187,21.23739584536914],[51.80605224093554,18.98287542910938],[53.02094939669726,16.65376814456348],[55.19483855685351,17.14856489749317],[55.56107238253711,17.93717154116993],[57.83862975558398,19.03480681033496],[57.80608275851367,20.17196043582325],[58.51204970797656,20.42122992129688],[59.83728316744921,22.27917822451953],[58.62849334200976,23.45829542727833],[57.14619735201953,23.98247107119922],[56.40525725802539,24.91874846072559]]]},"properties":{"NAME":"Muscat and Oman","SUBJECTO":"United Kingdom of Great Britain and Ireland","PARTOF":"Muscat and Oman"}},
{"type":"Feature","geometry":{"type":"Polygon","coordinates":[[[-82.17722794094922,22.36591108889942],[-79.7345475820625,21.67185362429981],[-77.29118057766797,20.70449598880176],[-77.46084305325391,19.87143477054004],[-75.51905533352735,19.90735395999317],[-75.60392471829297,21.01319464297657],[-77.33981796780469,21.51166494937305],[-79.75995346585157,22.75878294558887],[-81.43114944973829,23.13665541262989],[-82.17722794094922,22.36591108889942]]]},"properties":{"NAME":"Cuba","SUBJECTO":"Cuba","PARTOF":"Cuba"}},
{"type":"Feature","geometry":{"type":"Polygon","coordinates":[[[-71.77705856839063,19.77100523562793],[-72.6764650014961,19.39217909427051],[-72.74589249173047,18.50850065799121],[-71.67702957669141,18.00250204654102],[-71.77705856839063,19.77100523562793]]]},"properties":{"NAME":"Haiti","SUBJECTO":"Haiti","PARTOF":"Haiti"}},
{"type":"Feature","geometry":{"type":"Polygon","coordinates":[[[-71.67702957669141,18.00250204654102],[-70.62097641507032,18.50667723269825],[-68.65684982815625,18.8731761798418],[-70.88160416165235,19.92993124575977],[-71.77705856839063,19.77100523562793],[-71.67702957669141,18.00250204654102]]]},"properties":{"NAME":"Dominican Republic","SUBJECTO":"Dominican Republic","PARTOF":"Dominican Republic"}},
{"type":"Feature","geometry":{"type":"MultiPolygon","coordinates":[[[[120.36362746676562,14.53094538302784],[121.00936416110156,13.65568502993946],[121.72879317721484,14.10825975985889],[121.24220565280078,15.30783327670459],[122.3955793710625,17.11432989688282],[122.02781203707812,18.00917204470996],[121.03637221774218,18.52791174502735],[120.39307692965625,18.04379232974414],[120.30344680270312,16.41746290774707],[119.77184585055468,15.46983488650684],[120.36362746676562,14.53094538302784]]],[[[126.0452375741875,6.60819252581958],[126.2718763681328,8.42578371615772],[125.93394759616017,9.17475088687305],[123.46498397311328,7.79072865100269],[124.22405532321093,6.08960589022998],[126.0452375741875,6.60819252581958]]]]},"properties":{"NAME":"Philippines","SUBJECTO":"Philippines","PARTOF":"Philippines"}},
{"type":"Feature","geometry":{"type":"Polygon","coordinates":[[[-66.90559860745313,17.93620833011036],[-65.96735092678907,18.02719458194141],[-65.95150467434766,18.47215612979297],[-67.05517288723829,18.54607542605762],[-66.90559860745313,17.93620833011036]]]},"properties":{"NAME":"Puerto Rico","SUBJECTO":"Puerto Rico","PARTOF":"Puerto Rico"}},
{"type":"Feature","geometry":{"type":"Polygon","coordinates":[[[-77.29082962551954,17.80596693606739],[-76.42635056057813,18.1192642077959],[-77.76949783841016,18.51049765200977],[-77.29082962551954,17.80596693606739]]]},"properties":{"NAME":"Jamaica","SUBJECTO":"Jamaica","PARTOF":"Jamaica"}},
{"type":"Feature","geometry":{"type":"Polygon","coordinates":[[[-85.83965775051954,11.07758291812305],[-83.74664017239454,10.87845953555469],[-83.91412827053907,11.25138243289356],[-83.41719528714063,15.00085886569385],[-84.83382126370313,14.77143629641895],[-85.73531052151563,13.85657080264453],[-86.68932816067579,13.76824720950489],[-87.40427109280469,13.02987345309619],[-85.83965775051954,11.07758291812305]]]},"properties":{"NAME":"Nicaragua","SUBJECTO":"Nicaragua","PARTOF":"Nicaragua"}},
{"type":"Feature","geometry":{"type":"Polygon","coordinates":[[[-83.74664017239454,10.87845953555469],[-85.83965775051954,11.07758291812305],[-85.77779099026563,10.13835295291309],[-85.0887956289375,9.58311232180957],[-83.6149415639961,9.15156324954395],[-82.95746323147657,8.04721029849414],[-82.55992600003125,9.58311232180957],[-83.74664017239454,10.87845953555469]]]},"properties":{"NAME":"Costa Rica","SUBJECTO":"Costa Rica","PARTOF":"Costa Rica"}},
{"type":"Feature","geometry":{"type":"Polygon","coordinates":[[[-13.16425224820019,8.85076578708057],[-13.21249100247266,8.3470359668291],[-11.46540352383496,6.84390123935108],[-10.37703033963086,8.07561167331104],[-11.29003616848828,9.89786490054492],[-12.38555141964795,9.79602297397022],[-13.16425224820019,8.85076578708057]]]},"properties":{"NAME":"Sierra Leone","SUBJECTO":"Sierra Leone","PARTOF":"Sierra Leone"}},
{"type":"Feature","geometry":{"type":"Polygon","coordinates":[[[80.56289962252734,5.93166645617847],[81.86616805514453,7.08456142993335],[80.66241744479296,9.29945620150928],[79.6746321054375,8.80493029208545],[79.85409072360156,7.06115349383716],[80.56289962252734,5.93166645617847]]]},"properties":{"NAME":"Ceylon","SUBJECTO":"Ceylon","PARTOF":"Ceylon"}},
{"type":"Feature","geometry":{"type":"Polygon","coordinates":[[[-82.55992600003125,9.58311232180957],[-82.95746323147657,8.04721029849414],[-82.38439652005079,8.32122953982715],[-80.813771214875,7.27006348224048],[-79.71689316311719,8.88309153170948],[-78.18370529690625,8.41334017367725],[-77.89673325100782,7.17175301165943],[-77.12526413479688,7.98043116183643],[-77.4947023061836,8.66148432345752],[-78.26649185696485,9.38554915042285],[-79.50042435208204,9.638376794771],[-80.96249863186719,8.864939294771],[-82.22958847561719,9.04650934787158],[-82.55992600003125,9.58311232180957]]]},"properties":{"NAME":"Panama","SUBJECTO":"Panama","PARTOF":"Panama"}},
{"type":"Feature","geometry":{"type":"Polygon","coordinates":[[[-60.55301758328321,5.00910862536792],[-59.51294037381055,3.96629794688587],[-59.93537231961133,2.73047574611072],[-59.62485214749219,1.73427339644794],[-58.85273834744336,1.15405245871906],[-56.70962616482618,1.89148040862445],[-57.24637695828321,3.25505097957019],[-57.9950570730293,3.96261366458301],[-57.06514069119336,5.83739861102466],[-58.57506653347852,6.98439987750415],[-58.61663528958204,7.49908121676807],[-59.83440491238477,8.44018324466114],[-60.56390091458204,7.56482704730396],[-61.25475021878125,5.8695608005083],[-60.55301758328321,5.00910862536792]]]},"properties":{"NAME":"Guyana","SUBJECTO":"Guyana","PARTOF":"Guyana"}},
{"type":"Feature","geometry":{"type":"Polygon","coordinates":[[[-10.37703033963086,8.07561167331104],[-11.46540352383496,6.84390123935108],[-9.24789902249219,5.17188414187793],[-7.56249329129102,4.35118445010547],[-7.41868874112012,5.73182400317554],[-10.37703033963086,8.07561167331104]]]},"properties":{"NAME":"Liberia","SUBJECTO":"Liberia","PARTOF":"Liberia"}},
{"type":"Feature","geometry":{"type":"Polygon","coordinates":[[[13.01719764193652,-4.76824466137524],[12.1996622415459,-5.7513527050459],[12.33937648257373,-6.1898178234541],[14.0492716165459,-5.93173543362256],[16.41151717623828,-5.96855346111889],[17.60324004611133,-8.116430677458],[19.31035140475391,-8.0427288189375],[19.54929069003223,-7.03056517986889],[21.60903457125781,-7.33618441967602],[21.69291785678027,-9.42077390102978],[22.54927352389453,-11.15755216030713],[23.94049743136524,-11.04124013332959],[24.57473090609668,-11.43799725918408],[27.45051291903613,-12.19023267178173],[29.0056810708916,-13.42077008633252],[29.78291228732227,-13.46704903988476],[29.77412703951953,-12.2209867611372],[28.91610053500293,-12.29599992184277],[28.31491569003223,-11.51121655850048],[28.46553328951953,-9.3043197765791],[29.04946616610645,-8.54435769466992],[30.65949920138477,-8.28902951626416],[29.51704314669727,-6.43839303402539],[29.34552672824024,-4.75449744610425],[28.8940039010918,-2.76677433399792],[29.52845290621875,-1.43445936588879],[29.76945403536914,0.44213520737056],[31.15856650790332,1.80428823085193],[30.73715117892383,3.50520619006519],[29.69307807406543,4.51594170184497],[28.05823806246875,4.27104815097217],[27.24372771700977,5.16238173098926],[25.48817733248828,5.31084736438159],[22.41739371737598,4.06589754672412],[20.56206229647754,4.34087332339649],[19.57827094515918,5.07867725940113],[18.61234191378711,4.3229299411333],[17.96028045138477,2.08803351970081],[17.45471290072559,-0.84525028614636],[16.09792426547168,-2.3280390873396],[15.99358085116504,-3.66990748791333],[13.01719764193652,-4.76824466137524]]]},"properties":{"NAME":"Zaire (Belgium)","SUBJECTO":"Belgium","PARTOF":"Zaire (Belgium)"}},
{"type":"Feature","geometry":{"type":"Polygon","coordinates":[[[30.59596160372852,-1.15476480869885],[30.46376708468555,-2.48409644512768],[30.83805373629688,-3.30824414639111],[29.90910628756641,-4.59787026791211],[29.34552672824024,-4.75449744610425],[29.51704314669727,-6.43839303402539],[30.65949920138477,-8.28902951626416],[33.20460036715625,-9.6577715053999],[34.26077559908984,-10.3195728435957],[34.49440673312305,-11.60422459988232],[36.41663268527148,-11.76843778042431],[38.60662368258594,-11.43758908657666],[40.46619323214648,-10.47525540737744],[39.65761474093555,-9.79573861508008],[39.27012542208789,-7.8010934963667],[39.56642821749805,-7.04421607403393],[38.92152694186328,-6.34020892529126],[39.22912124117969,-4.8448938503706],[37.6568212839043,-3.69359556583996],[37.61619475802539,-3.16620079426404],[33.91916945895312,-1.11734215168591],[33.26720717867969,-1.13211194424267],[30.59596160372852,-1.15476480869885]]]},"properties":{"NAME":"Tanzania, United Republic of","SUBJECTO":"Tanzania, United Republic of","PARTOF":"Tanzania, United Republic of"}},
{"type":"Feature","geometry":{"type":"Polygon","coordinates":[[[28.8940039010918,-2.76677433399792],[30.46376708468555,-2.48409644512768],[30.59596160372852,-1.15476480869885],[29.52845290621875,-1.43445936588879],[28.8940039010918,-2.76677433399792]]]},"properties":{"NAME":"Rwanda (Belgium)","SUBJECTO":"Belgium","PARTOF":"Rwanda (Belgium)"}},
{"type":"Feature","geometry":{"type":"Polygon","coordinates":[[[29.34552672824024,-4.75449744610425],[29.90910628756641,-4.59787026791211],[30.83805373629688,-3.30824414639111],[30.46376708468555,-2.48409644512768],[28.8940039010918,-2.76677433399792],[29.34552672824024,-4.75449744610425]]]},"properties":{"NAME":"Burundi","SUBJECTO":"Burundi","PARTOF":"Burundi"}},
{"type":"Feature","geometry":{"type":"MultiPolygon","coordinates":[[[[11.99968818148731,-5.00410691647168],[12.1996622415459,-5.7513527050459],[13.01719764193652,-4.76824466137524],[11.99968818148731,-5.00410691647168]]],[[[12.33937648257373,-6.1898178234541],[13.38709357699512,-8.15567819027539],[13.20385173281787,-9.63673154263134],[13.81628898104785,-10.97627011685009],[13.64903644045947,-12.19675961880322],[12.58538917025684,-13.46365968136425],[11.78128150424121,-17.33601609615918],[13.00799849948047,-17.03073159603711],[13.77560618838428,-17.38222161678906],[18.44972327670215,-17.50734368710156],[19.04725173434375,-17.88529244808789],[21.45908454379199,-18.02371446041699],[23.22916129550098,-17.66365090756054],[21.99454406222461,-16.38028375057812],[21.95912269076465,-13.07459775356884],[23.78190902194141,-13.01297036556836],[23.94049743136524,-11.04124013332959],[22.54927352389453,-11.15755216030713],[21.69291785678027,-9.42077390102978],[21.60903457125781,-7.33618441967602],[19.54929069003223,-7.03056517986889],[19.31035140475391,-8.0427288189375],[17.60324004611133,-8.116430677458],[16.41151717623828,-5.96855346111889],[14.0492716165459,-5.93173543362256],[12.33937648257373,-6.1898178234541]]]]},"properties":{"NAME":"Angola","SUBJECTO":"Angola","PARTOF":"Angola"}},
{"type":"Feature","geometry":{"type":"Polygon","coordinates":[[[23.22916129550098,-17.66365090756054],[25.00001243075488,-17.81219903378125],[25.34529021700977,-18.01362649349804],[26.88873389681934,-18.10629311947461],[28.00019744357227,-16.77094117550488],[29.08195403536914,-16.00796452908154],[30.4021654458916,-15.66957608608838],[30.38242248019336,-14.98302880673047],[33.10760024508594,-14.04505196957226],[32.7230711313164,-13.58955422787304],[33.22782805880664,-11.94625607876416],[33.20460036715625,-9.6577715053999],[30.65949920138477,-8.28902951626416],[29.04946616610645,-8.54435769466992],[28.46553328951953,-9.3043197765791],[28.31491569003223,-11.51121655850048],[28.91610053500293,-12.29599992184277],[29.77412703951953,-12.2209867611372],[29.78291228732227,-13.46704903988476],[29.0056810708916,-13.42077008633252],[27.45051291903613,-12.19023267178173],[24.57473090609668,-11.43799725918408],[23.94049743136524,-11.04124013332959],[23.78190902194141,-13.01297036556836],[21.95912269076465,-13.07459775356884],[21.99454406222461,-16.38028375057812],[23.22916129550098,-17.66365090756054]]]},"properties":{"NAME":"Zambia","SUBJECTO":"Zambia","PARTOF":"Zambia"}},
{"type":"Feature","geometry":{"type":"Polygon","coordinates":[[[34.49440673312305,-11.60422459988232],[34.26077559908984,-10.3195728435957],[33.20460036715625,-9.6577715053999],[33.22782805880664,-11.94625607876416],[32.7230711313164,-13.58955422787304],[33.10760024508594,-14.04505196957226],[34.47820571383594,-14.74270383267041],[34.23509887179492,-15.86317960171338],[34.88533309420703,-16.89576188473339],[35.78822234591601,-16.07021752743359],[35.87636855563281,-14.82983533291455],[34.7126951547539,-13.52693978695507],[34.49440673312305,-11.60422459988232]]]},"properties":{"NAME":"Malawi","SUBJECTO":"Malawi","PARTOF":"Malawi"}},
{"type":"Feature","geometry":{"type":"Polygon","coordinates":[[[-69.58987900296094,-10.9022316112959],[-68.63990494290235,-12.58035890011425],[-69.24475571194532,-14.73768273739453],[-69.01231857815625,-16.61673776058789],[-69.43009659329297,-17.60381738094922],[-68.43294235745313,-19.45914689449902],[-68.6399659780586,-20.44490090756054],[-67.78257462063672,-22.9044002666914],[-67.1888932851875,-22.98351708798046],[-66.14585587063672,-21.92306367306347],[-62.61002060452344,-22.15654603390332],[-62.13927170315625,-20.4641098156416],[-61.55079742947461,-19.64121858029004],[-59.05629059353711,-19.32806435970898],[-58.13773056546094,-19.81183663754101],[-57.59640976467969,-18.04261437801953],[-58.40169617215039,-17.13251153378125],[-58.33348557034375,-16.36973039059277],[-60.03219315091016,-16.32890168575879],[-60.36294647732618,-13.90386430172558],[-62.0785531667793,-13.10071698574658],[-64.26138016262891,-12.47187844662304],[-65.27307602444532,-11.36593381313916],[-65.30872818508985,-9.81572762875195],[-66.30597397366407,-9.84070626644726],[-68.50223251858594,-11.0864071026289],[-69.58987900296094,-10.9022316112959]]]},"properties":{"NAME":"Bolivia","SUBJECTO":"Bolivia","PARTOF":"Bolivia"}},
{"type":"Feature","geometry":{"type":"Polygon","coordinates":[[[32.84903624972461,-26.97888413815136],[32.49971297701953,-26.06808701901074],[33.34726623019336,-25.30361215023632],[34.88371947726367,-24.7220157757246],[35.29743102511523,-23.82500878719921],[35.26076034030078,-22.27432862667675],[34.72620299777148,-19.86038056759472],[37.2753172250664,-17.71316186337109],[39.47125533541797,-16.717016614958],[40.38579848727344,-15.7363266125166],[40.59920791110156,-14.40123979000683],[40.31134322604297,-11.34497300533886],[40.46619323214648,-10.47525540737744],[38.60662368258594,-11.43758908657666],[36.41663268527148,-11.76843778042431],[34.49440673312305,-11.60422459988232],[34.7126951547539,-13.52693978695507],[35.87636855563281,-14.82983533291455],[35.78822234591601,-16.07021752743359],[34.88533309420703,-16.89576188473339],[34.23509887179492,-15.86317960171338],[34.47820571383594,-14.74270383267041],[33.10760024508594,-14.04505196957226],[30.38242248019336,-14.98302880673047],[30.4021654458916,-15.66957608608838],[32.64874938449023,-16.61006966976757],[33.03959182223437,-18.38175622372265],[33.0610838266289,-19.92676965145703],[32.41409209689258,-21.43116799740429],[31.27840522250293,-22.55690614132519],[31.91113952120899,-24.34002343563671],[32.01336959323047,-26.08180848507519],[32.16332152804492,-27.00941888241406],[32.84903624972461,-26.97888413815136]]]},"properties":{"NAME":"Mozambique","SUBJECTO":"Mozambique","PARTOF":"Mozambique"}},
{"type":"Feature","geometry":{"type":"Polygon","coordinates":[[[44.67219832858203,-16.23558083920117],[43.97164824923633,-17.55267564205761],[44.47033599337695,-20.17013780026074],[43.5010252328789,-21.49418679623242],[43.67141250094531,-24.2267879620039],[44.42533019503711,-25.31205026058789],[45.57618239840625,-25.62107697872753],[47.25847915133593,-24.76583138851757],[48.08737853488086,-22.04376069454785],[49.34185317477343,-18.22762147335644],[49.42470839938281,-17.19780961422558],[50.50334075411914,-15.31422940640088],[49.8171873422539,-12.83071366695996],[48.75133803805468,-13.41771069912548],[46.92456725558398,-15.36004678158398],[44.67219832858203,-16.23558083920117]]]},"properties":{"NAME":"Madagascar (France)","SUBJECTO":"Madagascar (France)","PARTOF":"Madagascar (France)"}},
{"type":"Feature","geometry":{"type":"Polygon","coordinates":[[[30.4021654458916,-15.66957608608838],[29.08195403536914,-16.00796452908154],[28.00019744357227,-16.77094117550488],[26.88873389681934,-18.10629311947461],[25.34529021700977,-18.01362649349804],[26.35727027377246,-19.75616303829785],[27.61789420565723,-20.56899491695996],[27.97002509554981,-21.57791177181836],[29.23344710787891,-22.18731347469922],[31.27840522250293,-22.55690614132519],[32.41409209689258,-21.43116799740429],[33.0610838266289,-19.92676965145703],[33.03959182223437,-18.38175622372265],[32.64874938449023,-16.61006966976757],[30.4021654458916,-15.66957608608838]]]},"properties":{"NAME":"Zimbabwe","SUBJECTO":"Zimbabwe","PARTOF":"Zimbabwe"}},
{"type":"Feature","geometry":{"type":"MultiPolygon","coordinates":[[[[-68.45589920559766,-52.42018166927929],[-71.79449936428907,-52.08840600399609],[-72.2487077383125,-50.80414239315625],[-73.51265427151563,-49.76077691464062],[-72.45835587063672,-48.85429803280469],[-72.38230606594922,-47.57801095394726],[-71.69322678128125,-46.69147912411328],[-71.32415482083204,-44.81411019711132],[-71.78705307522657,-44.10882607845898],[-71.86021133938672,-40.74824944882031],[-71.36279770413282,-39.02880517391796],[-70.84412857571485,-38.72652474789257],[-71.09505173245313,-36.80521813778515],[-69.84002396145704,-33.7608455791914],[-70.5048112539375,-31.68907205013867],[-69.85181900540235,-30.35863152889843],[-69.95096298733594,-29.35612527279492],[-68.82346054592969,-27.2670826092207],[-68.25426956692579,-26.97806779293652],[-68.39349838772657,-24.60378686337109],[-67.25753494778516,-24.082739271208],[-67.1888932851875,-22.98351708798046],[-67.78257462063672,-22.9044002666914],[-68.6399659780586,-20.44490090756054],[-68.43294235745313,-19.45914689449902],[-69.43009659329297,-17.60381738094922],[-70.36356827298047,-18.45498315243359],[-70.11063095608594,-21.74793664364453],[-70.57323929348829,-23.16559449581738],[-70.3981446889961,-25.24891320614453],[-71.43014999905469,-29.10047952084179],[-71.69539352932813,-30.85409013180371],[-71.41605087796094,-32.752567686125],[-71.61574265042188,-33.70565453915234],[-73.6725358633125,-37.50085488705273],[-73.19384476223829,-39.56536904720898],[-73.90523239651563,-40.83904305843945],[-72.43805405178907,-42.30451623348828],[-72.99853226223829,-43.33366052059765],[-73.57108780423047,-46.26491204647656],[-74.31235214749219,-48.74513284115429],[-73.40807053128125,-52.02383843807812],[-71.87228104153516,-53.69564858822461],[-70.73358627835157,-52.8015064373457],[-68.45589920559766,-52.42018166927929]]],[[[-68.74939438382032,-54.88858453182812],[-68.70525833645704,-53.23463097958203],[-68.70133682766797,-52.72009316830273],[-70.33333298245313,-53.47274438290234],[-68.74939438382032,-54.88858453182812]]]]},"properties":{"NAME":"Chile","SUBJECTO":"Chile","PARTOF":"Chile"}},
{"type":"Feature","geometry":{"type":"Polygon","coordinates":[[[25.00001243075488,-17.81219903378125],[20.94997695407031,-18.39545098690625],[20.91899589022754,-22.05772439388867],[19.88604072054981,-22.11461297421093],[19.84275535067676,-24.94410935787792],[20.40288642367481,-25.32870141415234],[20.77331450900195,-26.95427934078808],[22.17236617526172,-26.5583480968916],[22.93836310824512,-25.44754640011425],[25.37594703158496,-25.84038773922558],[25.86497786959766,-24.87105790524121],[28.21540549716113,-22.71462289242382],[29.23344710787891,-22.18731347469922],[27.97002509554981,-21.57791177181836],[27.61789420565723,-20.56899491695996],[26.35727027377246,-19.75616303829785],[25.34529021700977,-18.01362649349804],[25.00001243075488,-17.81219903378125]]]},"properties":{"NAME":"Botswana","SUBJECTO":"Botswana","PARTOF":"Botswana"}},
{"type":"Feature","geometry":{"type":"Polygon","coordinates":[[[-54.58040710965039,-25.74334565548535],[-54.21879288235547,-24.12146798519726],[-55.3491716055,-23.77863351254101],[-55.62278458157422,-22.44621316341992],[-57.80576416531446,-22.15399400143261],[-57.75164124050977,-20.68623963741894],[-58.13773056546094,-19.81183663754101],[-59.05629059353711,-19.32806435970898],[-61.55079742947461,-19.64121858029004],[-62.13927170315625,-20.4641098156416],[-62.61002060452344,-22.15654603390332],[-61.24046036282422,-23.61590997128125],[-57.70992752591016,-25.33588258175488],[-58.27678772488477,-26.38076058773632],[-58.07206055203321,-27.19250527767773],[-55.73177811184766,-27.45212785153027],[-54.58040710965039,-25.74334565548535]]]},"properties":{"NAME":"Paraguay","SUBJECTO":"Paraguay","PARTOF":"Paraguay"}},
{"type":"Feature","geometry":{"type":"Polygon","coordinates":[[[32.01336959323047,-26.08180848507519],[30.81177810153125,-26.75012437252636],[31.33123687228321,-27.40850106625195],[32.16332152804492,-27.00941888241406],[32.01336959323047,-26.08180848507519]]]},"properties":{"NAME":"Swaziland","SUBJECTO":"Swaziland","PARTOF":"Swaziland"}},
{"type":"Feature","geometry":{"type":"Polygon","coordinates":[[[27.84791854342578,-30.78634873776074],[29.43618491610645,-29.42901269344921],[28.61561110934375,-28.72145120052929],[27.07080558261035,-29.79869691280957],[27.84791854342578,-30.78634873776074]]]},"properties":{"NAME":"Lesotho","SUBJECTO":"Lesotho","PARTOF":"Lesotho"}},
{"type":"Feature","geometry":{"type":"MultiPolygon","coordinates":[[[[175.3076887460625,-37.32097665218945],[174.2168684335625,-35.33676568417187],[173.16649917086718,-35.4208797588789],[174.76465896090625,-37.29654351620312],[174.6547346445,-38.9832576885664],[176.01143935641406,-41.25534478573437],[178.40819838961718,-38.77115289120312],[175.3076887460625,-37.32097665218945]]],[[[172.06266311129687,-43.92314187435742],[174.2335462900078,-42.0112346783125],[173.26403335055468,-41.54367486385937],[171.45835402926562,-41.99285165218945],[171.02405837496875,-42.88688317684765],[168.41573623141406,-44.22090951351757],[167.13749221285937,-45.19984856991406],[166.52276137789843,-46.23272363094922],[169.39930251559375,-46.70957223324414],[170.61156753024218,-45.94606057552929],[171.37786391696093,-44.3377498760664],[172.06266311129687,-43.92314187435742]]]]},"properties":{"NAME":"New Zealand","SUBJECTO":"New Zealand","PARTOF":"New Zealand"}},
{"type":"Feature","geometry":{"type":"MultiPolygon","coordinates":[[[[-68.45589920559766,-52.42018166927929],[-69.04092117825391,-50.56240121273633],[-67.83347031155469,-49.96821252255078],[-67.57759567776563,-49.05853310970898],[-66.07773300686719,-48.1420711651289],[-65.77598282376172,-47.23012200741406],[-67.32806870022657,-46.53161660580273],[-66.69494339505079,-45.13110391049023],[-65.43618485012891,-44.8897403850996],[-65.30717178860547,-43.60140267758007],[-63.59996506253125,-42.70437280087109],[-64.99203201809766,-42.19338647274609],[-64.93894669094922,-40.82747689633007],[-62.96398254910352,-41.13745919613476],[-62.06776520291211,-39.55577508358593],[-61.36071487942579,-39.03129998592968],[-57.80888458767774,-38.38649026302929],[-56.69811340847852,-36.9440731182539],[-57.22550674954297,-35.43626443295117],[-58.33968063870313,-34.21614495663281],[-58.11836716214063,-32.13938943295117],[-57.57566925564649,-30.40291825680371],[-54.75472351590039,-27.69419900326367],[-53.73108002224805,-27.21832505612011],[-53.61647507229688,-26.27130738644238],[-54.58040710965039,-25.74334565548535],[-55.73177811184766,-27.45212785153027],[-58.07206055203321,-27.19250527767773],[-58.27678772488477,-26.38076058773632],[-57.70992752591016,-25.33588258175488],[-61.24046036282422,-23.61590997128125],[-62.61002060452344,-22.15654603390332],[-66.14585587063672,-21.92306367306347],[-67.1888932851875,-22.98351708798046],[-67.25753494778516,-24.082739271208],[-68.39349838772657,-24.60378686337109],[-68.25426956692579,-26.97806779293652],[-68.82346054592969,-27.2670826092207],[-69.95096298733594,-29.35612527279492],[-69.85181900540235,-30.35863152889843],[-70.5048112539375,-31.68907205013867],[-69.84002396145704,-33.7608455791914],[-71.09505173245313,-36.80521813778515],[-70.84412857571485,-38.72652474789257],[-71.36279770413282,-39.02880517391796],[-71.86021133938672,-40.74824944882031],[-71.78705307522657,-44.10882607845898],[-71.32415482083204,-44.81411019711132],[-71.69322678128125,-46.69147912411328],[-72.38230606594922,-47.57801095394726],[-72.45835587063672,-48.85429803280469],[-73.51265427151563,-49.76077691464062],[-72.2487077383125,-50.80414239315625],[-71.79449936428907,-52.08840600399609],[-68.45589920559766,-52.42018166927929]]],[[[-68.70525833645704,-53.23463097958203],[-68.74939438382032,-54.88858453182812],[-66.98282333889844,-54.34066430477734],[-68.70525833645704,-53.23463097958203]]]]},"properties":{"NAME":"Argentina","SUBJECTO":"Argentina","PARTOF":"Argentina"}},
{"type":"Feature","geometry":{"type":"Polygon","coordinates":[[[-24.21885010281445,65.53374060244923],[-21.95479675808789,65.37804754825001],[-22.37291046658398,63.77318533511524],[-18.64186378994824,63.32381781192188],[-14.8212003377998,64.19502600283985],[-13.64690014401318,65.49534185977345],[-16.92214104214551,65.97755011172657],[-24.21885010281445,65.53374060244923]]]},"properties":{"NAME":"Iceland","SUBJECTO":"Iceland","PARTOF":"Iceland"}},
{"type":"Feature","geometry":{"type":"Polygon","coordinates":[[[28.01309302767871,59.45822104068164],[23.41575721224903,59.11896475406055],[24.34564879855274,57.86221655459766],[27.34886268099903,57.52635916324024],[28.01309302767871,59.45822104068164]]]},"properties":{"NAME":"Estonia","SUBJECTO":"Estonia","PARTOF":"Estonia"}},
{"type":"Feature","geometry":{"type":"Polygon","coordinates":[[[27.34886268099903,57.52635916324024],[24.34564879855274,57.86221655459766],[23.21544936617969,56.98066671939258],[21.67733100375293,57.46365698428516],[20.94544890841602,56.06995733828906],[24.81312659701465,56.40556295962696],[26.362030636933024,55.66338448774661],[27.58046821078418,55.78117712588672],[28.18977645358203,56.25098761172656],[27.34886268099903,57.52635916324024]]]},"properties":{"NAME":"Latvia","SUBJECTO":"Latvia","PARTOF":"Latvia"}},
{"type":"Feature","geometry":{"type":"Polygon","coordinates":[[[22.69903663119434,54.41490133853321],[23.88040259799121,53.91572531314258],[26.362030636933024,55.66338448774661],[24.81312659701465,56.40556295962696],[20.94544890841602,56.06995733828906],[21.16232207736133,55.22138174624805],[22.69903663119434,54.41490133853321]]]},"properties":{"NAME":"Lithuania","SUBJECTO":"Lithuania","PARTOF":"Lithuania"}},
{"type":"Feature","geometry":{"type":"Polygon","coordinates":[[[119.76784041842578,46.74552115054492],[118.77115920504689,47.86196478457813],[115.5963621469414,48.10479696841602],[116.75977614840625,49.92989309878711],[114.098338160125,50.27434881778125],[112.52449325045701,49.46202047915821],[109.42404464205858,49.2955394610918],[106.322947535125,50.41669043155078],[105.1551008554375,50.44330938907031],[102.63903335055468,50.4561839923418],[102.11743453463671,51.36111029239063],[98.91755965670701,52.03695639224414],[97.93963149508593,51.2269359454668],[97.42278579196093,49.78633841128711],[94.69996932467578,50.02679785342578],[94.21045974215625,50.54928549380664],[92.15972426852343,50.75528677554492],[90,50.30670126529102],[87.86840346774218,49.23288687320117],[88.22992232760546,48.53742178531055],[90,47.84468420596485],[90,45.32849463076953],[93.5071058603203,44.94291647525196],[95.24398330172656,44.27702673526172],[96.33866025508883,42.78884234223151],[98.21802047213671,42.59848364444141],[101.7360105844414,42.54075964541797],[105.02496627291796,41.5852352008379],[107.35880568942189,42.41124304385547],[109.37953475436328,42.43508490176563],[111.94530013522267,43.86007269473438],[112.10167983492968,45.14022406192188],[113.76871016940234,44.86583288760547],[115.62134841403125,45.49479254336719],[116.47667220553517,46.30715521426563],[119.58138564547656,46.64740332217578],[119.76784041842578,46.74552115054492]]]},"properties":{"NAME":"Mongolia","SUBJECTO":"Mongolia","PARTOF":"Mongolia"}},
{"type":"Feature","geometry":{"type":"Polygon","coordinates":[[[2.52213195284961,51.09112127871875],[2.87505987605212,50.68182333560352],[5.82350018939136,49.50710638614063],[6.1085133882439,50.11745413394336],[5.99957564791797,50.74159964175586],[3.77504685839771,51.38774450869922],[2.52213195284961,51.09112127871875]]]},"properties":{"NAME":"Belgium","SUBJECTO":"Belgium","PARTOF":"Belgium"}},
{"type":"Feature","geometry":{"type":"Polygon","coordinates":[[[-8.80605503598096,41.8891788348711],[-6.70870443859937,41.96004446597461],[-6.93338343182446,38.96134909243946],[-7.49150368252637,37.20815619082813],[-6.63215395489575,37.02175100894336],[-5.66058727780225,36.00800665469532],[-4.44658562222363,36.72201880069141],[-2.23879739323499,36.72839697451954],[-0.91827228346707,37.5703426227129],[0.1725700827515,38.73834570498829],[-0.39484843293073,39.43445929141407],[0.87920192202686,41.0217357501543],[3.12887886485217,41.85722693057422],[3.0870814653313,42.36864431949024],[-0.61198213377835,42.73087652774219],[-1.91457780876996,43.3054157123125],[-7.63627478161694,43.72141226382618],[-9.27080341854932,43.04869040103321],[-8.80605503598096,41.8891788348711]]]},"properties":{"NAME":"Spain","SUBJECTO":"Spain","PARTOF":"Spain"}},
{"type":"Feature","geometry":{"type":"Polygon","coordinates":[[[20.12238219699024,39.55100973697071],[21.03163817843555,40.72679098697071],[20.57498076876758,41.92991217227344],[19.36771300753711,41.84637030215625],[19.36906722506641,40.26028021426563],[20.12238219699024,39.55100973697071]]]},"properties":{"NAME":"Albania","SUBJECTO":"Albania","PARTOF":"Albania"}},
{"type":"Feature","geometry":{"type":"Polygon","coordinates":[[[-7.49150368252637,37.20815619082813],[-6.93338343182446,38.96134909243946],[-6.70870443859937,41.96004446597461],[-8.80605503598096,41.8891788348711],[-8.69406982937695,40.99217184634571],[-9.54900738278271,38.77451666446094],[-8.85365196743848,38.4996410235918],[-8.6670598653877,37.12144049258594],[-7.49150368252637,37.20815619082813]]]},"properties":{"NAME":"Portugal","SUBJECTO":"Portugal","PARTOF":"Portugal"}},
{"type":"Feature","geometry":{"type":"Polygon","coordinates":[[[61.22134307345507,35.58161505313282],[60.54009536227343,32.99317511172657],[60.79381469210742,31.578881822542],[61.77916625460742,30.9051528796709],[60.82045653781054,29.83334501834278],[62.36863997897265,29.38470038028125],[64.08925918063281,29.3945327624834],[66.09057143649218,29.73614080996875],[66.46658614596484,30.84295233340625],[68.24271682223437,31.76717909427051],[69.20640853366015,31.79803808780079],[69.50792220553515,32.94862326236133],[70.28924087008593,33.28308065982227],[71.65887740573046,35.12511023135547],[71.32484725436328,36.05156668277149],[72.37272170504687,36.71772345157032],[74.52053359469531,37.00458105655079],[74.73327163180468,37.20940359683399],[73.04716018160937,37.32828863711719],[71.84756759127734,36.7160716876543],[71.44410994967578,37.8340144977129],[67.8555403085625,36.85289343448047],[65.72472670992968,37.49027975650196],[64.540720972625,36.33809240908985],[62.67759231051562,35.26546057315235],[61.22134307345507,35.58161505313282]]]},"properties":{"NAME":"Afghanistan","SUBJECTO":"Afghanistan","PARTOF":"Afghanistan"}},
{"type":"Feature","geometry":{"type":"Polygon","coordinates":[[[11.47068694552539,33.14409216494922],[10.01948073825,34.08147390933399],[11.12510875186084,35.2406078204668],[10.13273433169482,37.10474737735157],[8.63670924624561,36.88525732608204],[8.21767905673145,34.58479269595508],[7.5812015863335,34.04101523013477],[7.81742099246143,33.06362494082813],[9.00647643527148,31.90734251590137],[9.57486060580371,30.20736464114551],[10.13242057284473,31.48158224673633],[11.41642573794482,32.32773932071094],[11.47068694552539,33.14409216494922]]]},"properties":{"NAME":"Tunisia","SUBJECTO":"Tunisia","PARTOF":"Tunisia"}},
{"type":"Feature","geometry":{"type":"Polygon","coordinates":[[[-8.62915035763623,27.17267759890918],[-5.50198074856641,25.40440901370411],[-1.65115663090588,22.84594496341114],[1.08736875971912,21.13296469302539],[1.83947876414417,20.16483648867969],[3.18709186038135,19.74685629458789],[3.22516873797534,18.95255240054493],[5.77546933611987,19.44418676944141],[7.53844788989185,20.91636236758594],[11.9590149255669,23.47169073672657],[11.44787887057422,24.25680121035938],[10.31472876986621,24.4663272723711],[9.37672999819873,26.03706892581348],[9.85737517794727,26.43388899417286],[9.57486060580371,30.20736464114551],[9.00647643527148,31.90734251590137],[7.81742099246143,33.06362494082813],[7.5812015863335,34.04101523013477],[8.21767905673145,34.58479269595508],[8.63670924624561,36.88525732608204],[5.14446500262378,36.66767843814258],[1.05760291537402,36.46185644717579],[-2.19297393837811,35.05424841494922],[-1.23428889790417,31.98903997989063],[-2.81710859814526,31.99276693911915],[-3.7294046548927,30.89420088382129],[-5.60297819653394,29.87275465579395],[-7.17047974148633,29.47601088137989],[-8.59321018734814,28.64141043277149],[-8.64120956936719,27.56676252932911],[-8.62915035763623,27.17267759890918]]]},"properties":{"NAME":"Algeria","SUBJECTO":"Algeria","PARTOF":"Algeria"}},
{"type":"Feature","geometry":{"type":"Polygon","coordinates":[[[-2.19297393837811,35.05424841494922],[-4.59297749081494,35.15118750186329],[-5.92875858822705,35.72785910220508],[-7.00400778332593,33.87498434634571],[-9.21868607083203,32.58036001773243],[-9.81326672116162,31.28906019778614],[-9.66259285488965,29.95481642337208],[-11.57645889798047,28.22861631961231],[-13.12364002743603,27.54634436221485],[-8.64120956936719,27.56676252932911],[-8.59321018734814,28.64141043277149],[-7.17047974148633,29.47601088137989],[-5.60297819653394,29.87275465579395],[-3.7294046548927,30.89420088382129],[-2.81710859814526,31.99276693911915],[-1.23428889790417,31.98903997989063],[-2.19297393837811,35.05424841494922]]]},"properties":{"NAME":"Morocco","SUBJECTO":"Morocco","PARTOF":"Morocco"}},
{"type":"Feature","geometry":{"type":"Polygon","coordinates":[[[-97.2599610952461,25.81137236209278],[-99.09998795071483,26.40879400821094],[-101.03329178372266,29.32622679324512],[-102.44769760647657,29.68744238467579],[-103.5860108999336,29.05687864871387],[-104.57434555569532,29.5797305926836],[-105.12630936184766,30.61462744326954],[-106.54451462307811,31.70205839724903],[-108.37103745022657,31.277612291292],[-111.08886429348829,31.30669935794239],[-114.62180801907422,32.42695578189258],[-117.1736802724922,32.52055319400196],[-115.60230728665233,29.68515165896778],[-114.06728836575392,28.42289312930469],[-114.4778566030586,27.24394758792286],[-112.4109849599922,26.19277151675586],[-112.16581436673049,25.01066740603809],[-110.79756638089061,24.88004835696583],[-112.86987015286329,28.33465918155079],[-114.68277451077344,30.14322432132129],[-114.83865067044142,31.81549604983692],[-113.0520753530586,31.13870009036426],[-112.65433212796094,29.91851194949512],[-111.69163223782422,28.49610289187793],[-109.13188644925,26.28868635745411],[-105.53994461575392,22.28459890933399],[-104.94791122952344,19.43783911319141],[-103.49393936673049,18.35389288516407],[-101.9926042226875,18.02653082461719],[-101.2207765249336,17.41792257876758],[-97.88092514553907,16.05202826114063],[-96.3329362539375,15.75023897738819],[-95.13016983548049,16.29946859927539],[-94.0753907827461,16.11115988345508],[-92.15540024319532,14.54279669375782],[-91.7594957021797,16.09778174014453],[-91.0760011343086,16.92049940677051],[-91.00987717190625,17.83622511477832],[-89.15433975735547,17.83118780703907],[-88.32046219387891,18.49439962954883],[-87.20057388821485,21.52887304873828],[-88.33372208157422,21.59004171939258],[-90,21.16072996707325],[-90,19.38150557132129],[-94.24197098294142,18.24015005679493],[-96.01226517239454,18.92925604434375],[-97.50419327298049,21.18915327639942],[-97.88202377835157,22.33262213321094],[-97.82254501858594,24.20810469241504],[-97.2599610952461,25.81137236209278]]]},"properties":{"NAME":"Mexico","SUBJECTO":"Mexico","PARTOF":"Mexico"}},
{"type":"Feature","geometry":{"type":"Polygon","coordinates":[[[100.1587400766289,6.34009846301441],[101.7625990243828,5.58618267627124],[102.0738020273125,6.15424069018726],[100.61492446383593,6.97892864795093],[100.131541285125,8.53205069156055],[99.07134536227343,9.89827879519825],[99.89526656588671,12.07924517245655],[100.8716307016289,12.67854269595508],[102.67077926119921,12.03772410006885],[102.33450606783984,13.23258455844287],[103.08302596530078,14.29136999698047],[105.05652907809375,14.23949678988819],[105.47315505465625,15.15017469973926],[103.9275617929375,18.27823790164356],[102.66148665866017,17.84536512942676],[101.8646498056328,18.10740431399707],[100.5004148813164,19.43925627322559],[100.00115493258593,20.45865019412403],[97.78882125338671,19.39800413699512],[97.78759292086718,17.57546957583789],[98.82361129244921,16.31774672122364],[98.1370344491875,15.18955095858936],[99.00300887545701,13.88622721286182],[99.58108809908984,11.88870962710743],[98.59324172457812,10.12048300357227],[98.1771726938164,8.60022219272022],[100.1587400766289,6.34009846301441]]]},"properties":{"NAME":"Rattanakosin Kingdom","SUBJECTO":"Rattanakosin Kingdom","PARTOF":"Rattanakosin Kingdom"}},
{"type":"Feature","geometry":{"type":"Polygon","coordinates":[[[-88.32046219387891,18.49439962954883],[-89.15433975735547,17.83118780703907],[-88.94077774563672,15.90461882205371],[-88.44453903714063,16.44117697329883],[-88.32046219387891,18.49439962954883]]]},"properties":{"NAME":"Belize","SUBJECTO":"Belize","PARTOF":"Belize"}},
{"type":"Feature","geometry":{"type":"Polygon","coordinates":[[[-92.15540024319532,14.54279669375782],[-91.24203201809766,13.9515567645586],[-90,13.8728624209917],[-89.3803224233711,14.46664866061573],[-88.27393051663282,15.74723013491993],[-88.94077774563672,15.90461882205371],[-89.15433975735547,17.83118780703907],[-91.00987717190625,17.83622511477832],[-91.0760011343086,16.92049940677051],[-91.7594957021797,16.09778174014453],[-92.15540024319532,14.54279669375782]]]},"properties":{"NAME":"Guatemala","SUBJECTO":"Guatemala","PARTOF":"Guatemala"}},
{"type":"Feature","geometry":{"type":"Polygon","coordinates":[[[-88.27393051663282,15.74723013491993],[-89.3803224233711,14.46664866061573],[-87.7705812124336,13.500850282625],[-87.40427109280469,13.02987345309619],[-86.68932816067579,13.76824720950489],[-85.73531052151563,13.85657080264453],[-84.83382126370313,14.77143629641895],[-83.41719528714063,15.00085886569385],[-84.65045639553907,15.93337591739063],[-88.27393051663282,15.74723013491993]]]},"properties":{"NAME":"Honduras","SUBJECTO":"Honduras","PARTOF":"Honduras"}},
{"type":"Feature","geometry":{"type":"Polygon","coordinates":[[[-87.7705812124336,13.500850282625],[-89.3803224233711,14.46664866061573],[-90,13.8728624209917],[-88.63806625882032,13.25522955508594],[-87.7705812124336,13.500850282625]]]},"properties":{"NAME":"El Salvador","SUBJECTO":"El Salvador","PARTOF":"El Salvador"}},
{"type":"Feature","geometry":{"type":"Polygon","coordinates":[[[-71.18874832669141,11.91160353274707],[-71.69791122952344,12.42806681247119],[-73.36232468167188,11.32496031375293],[-74.2189225820625,11.36760195346241],[-75.45044418850782,10.62769373507862],[-75.70266434231641,9.42595919223194],[-77.4947023061836,8.66148432345752],[-77.12526413479688,7.98043116183643],[-77.89673325100782,7.17175301165943],[-77.40016647854688,6.67044600100879],[-77.50037857571485,5.5135775432146],[-77.10599991360547,3.79218896479969],[-77.80209824124219,2.57687362285022],[-78.46819778958204,2.4673972949541],[-78.94347855130079,1.38080319018726],[-76.85013290921094,0.13790818305377],[-75.5255632070625,-0.14024145154591],[-74.4741716055,-0.57257673887845],[-72.95909592190625,-2.45126525311108],[-70.92306992092969,-2.3183943405592],[-70.0522966055,-2.82166186718579],[-70.58789536038282,-3.79087177662488],[-69.87801071682813,-4.18703166393872],[-69.32078262844922,-1.29827276615735],[-69.9838380483711,-0.26616235820885],[-69.73657700100782,1.65501209349994],[-68.18302628079297,1.60704752059345],[-67.17973038235547,2.07072409243946],[-67.22301956692579,3.33553823085193],[-67.81290909329297,4.30473145099048],[-67.76554581204297,6.24412115664844],[-69.3031739858711,6.00609882922534],[-70.54106613675,7.05415638537769],[-71.81207748928907,6.97030743213062],[-73.01743790188672,9.73536261172657],[-72.05103012600782,11.72180517764453],[-71.18874832669141,11.91160353274707]]]},"properties":{"NAME":"Colombia","SUBJECTO":"Colombia","PARTOF":"Colombia"}},
{"type":"Feature","geometry":{"type":"Polygon","coordinates":[[[0.06400722583888,11.06482370944385],[-2.70245214978101,10.92766340823535],[-2.52490588703992,8.27805956454639],[-3.19360348263623,6.60234459491138],[-2.74973889866712,5.09555824847583],[-2.03122159520032,4.69820078463916],[1.16572717150806,6.06632383914356],[0.53591189107059,6.81518944354419],[0.71942690333484,8.32910021396045],[-0.02612527886273,10.56848677249317],[0.06400722583888,11.06482370944385]]]},"properties":{"NAME":"Ghana","SUBJECTO":"Ghana","PARTOF":"Ghana"}},
{"type":"Feature","geometry":{"type":"Polygon","coordinates":[[[0.06400722583888,11.06482370944385],[-0.02612527886273,10.56848677249317],[0.71942690333484,8.32910021396045],[0.53591189107059,6.81518944354419],[1.16572717150806,6.06632383914356],[1.76100877246021,6.25322588534717],[1.58696213683246,9.08429487796192],[0.92512420138477,10.89829596133594],[0.06400722583888,11.06482370944385]]]},"properties":{"NAME":"Togo","SUBJECTO":"Togo","PARTOF":"Togo"}},
{"type":"Feature","geometry":{"type":"MultiPolygon","coordinates":[[[[102.0738020273125,6.15424069018726],[101.7625990243828,5.58618267627124],[100.1587400766289,6.34009846301441],[100.66430953463671,3.90374501796131],[101.33639815768358,2.78052314372425],[103.42773726901171,1.38076373191242],[103.3418226571953,4.80544479937915],[102.0738020273125,6.15424069018726]]],[[[109.5175047250664,1.82052060218219],[110.54860213717578,0.72600253672962],[111.56202224215625,0.76381375642185],[112.39998153170701,1.42980714888935],[113.6767835946953,1.14505168052082],[114.65887740573046,1.59579356761341],[115.53003982028125,3.17072137446765],[115.70677474459767,4.1567283496416],[117.55868819674608,3.98072107882862],[119.04260543307421,5.16980513186817],[116.5956297250664,6.8990927562273],[114.96151259860156,4.87651594729785],[115.16134170016406,4.30938538165454],[114.43372634371875,3.99834354968433],[114.07372573336718,4.45502480121021],[112.75924972018358,3.0085898265398],[111.37182906588671,2.59892734141712],[110.81756118258593,1.24426122756366],[109.5175047250664,1.82052060218219]]]]},"properties":{"NAME":"Malaysia","SUBJECTO":"Malaysia","PARTOF":"Malaysia"}},
{"type":"Feature","geometry":{"type":"Polygon","coordinates":[[[-56.70962616482618,1.89148040862445],[-54.86057755032422,2.48096617312793],[-54.38832947293164,2.26128681750659],[-53.97731110134961,3.35714205356006],[-54.36608978787305,4.6898733005083],[-53.83686157742383,5.68947132678394],[-54.56969543972852,5.96354158969287],[-57.06514069119336,5.83739861102466],[-57.9950570730293,3.96261366458301],[-57.24637695828321,3.25505097957019],[-56.70962616482618,1.89148040862445]]]},"properties":{"NAME":"Suriname","SUBJECTO":"Suriname","PARTOF":"Suriname"}},
{"type":"Feature","geometry":{"type":"Polygon","coordinates":[[[-51.62341782132032,4.21593626590137],[-53.02668091336133,5.42670305819873],[-53.83686157742383,5.68947132678394],[-54.36608978787305,4.6898733005083],[-53.97731110134961,3.35714205356006],[-54.38832947293164,2.26128681750659],[-52.8463868764961,2.09247501941089],[-51.62341782132032,4.21593626590137]]]},"properties":{"NAME":"French Guiana","SUBJECTO":"French Guiana","PARTOF":"French Guiana"}},
{"type":"Feature","geometry":{"type":"Polygon","coordinates":[[[9.88123038729785,2.05826624484424],[9.62897971591113,0.8895296082056],[11.23875812014697,0.91024496407871],[11.21765998324512,2.05425675959949],[9.88123038729785,2.05826624484424]]]},"properties":{"NAME":"Equatorial Guinea","SUBJECTO":"Equatorial Guinea","PARTOF":"Equatorial Guinea"}},
{"type":"Feature","geometry":{"type":"Polygon","coordinates":[[[-80.22890945950391,-3.47124711422558],[-80.25851913967969,-4.41398183254834],[-78.87804886380079,-4.86967555431958],[-78.43368240872266,-3.74220959095593],[-76.65721603909375,-2.65758196262951],[-75.20670029202344,-0.83753464369412],[-75.5255632070625,-0.14024145154591],[-76.85013290921094,0.13790818305377],[-78.94347855130079,1.38080319018726],[-80.08556076565625,0.8179981336153],[-80.33884903469922,-0.66318116335507],[-80.96610733548047,-1.03310707954998],[-80.22890945950391,-3.47124711422558]]]},"properties":{"NAME":"Ecuador","SUBJECTO":"Ecuador","PARTOF":"Ecuador"}},
{"type":"Feature","geometry":{"type":"Polygon","coordinates":[[[-69.58987900296094,-10.9022316112959],[-70.61307236233594,-10.73037854580517],[-71.32430740872266,-10.01658574490185],[-72.15386673489454,-10.00244084744092],[-73.84206100979688,-7.57869855312939],[-73.06186386624219,-6.51918069271679],[-72.76932236233594,-5.14476148037549],[-71.43378159085157,-4.52038566021557],[-69.87801071682813,-4.18703166393872],[-70.58789536038282,-3.79087177662488],[-70.0522966055,-2.82166186718579],[-70.92306992092969,-2.3183943405592],[-72.95909592190625,-2.45126525311108],[-74.4741716055,-0.57257673887845],[-75.5255632070625,-0.14024145154591],[-75.20670029202344,-0.83753464369412],[-76.65721603909375,-2.65758196262951],[-78.43368240872266,-3.74220959095593],[-78.87804886380079,-4.86967555431958],[-80.25851913967969,-4.41398183254834],[-80.22890945950391,-3.47124711422558],[-81.41761490383985,-4.67508069424267],[-80.61159225979688,-6.36987201122876],[-79.06024643460157,-8.2155222073042],[-76.23803421536329,-13.5020212307417],[-76.24178024807813,-14.10559598354931],[-74.04964157620313,-16.04499093441601],[-71.611866918,-17.22145501522656],[-70.36356827298047,-18.45498315243359],[-69.43009659329297,-17.60381738094922],[-69.01231857815625,-16.61673776058789],[-69.24475571194532,-14.73768273739453],[-68.63990494290235,-12.58035890011425],[-69.58987900296094,-10.9022316112959]]]},"properties":{"NAME":"Peru","SUBJECTO":"Peru","PARTOF":"Peru"}},
{"type":"Feature","geometry":{"type":"MultiPolygon","coordinates":[[[[-54.58040710965039,-25.74334565548535],[-53.61647507229688,-26.27130738644238],[-53.73108002224805,-27.21832505612011],[-54.75472351590039,-27.69419900326367],[-57.57566925564649,-30.40291825680371],[-56.74638077298047,-30.24580041317578],[-55.87414642849805,-31.17425004391308],[-53.89394470730664,-32.04559747128125],[-53.23585220852735,-32.93714562801953],[-53.40556427517774,-33.87947503475781],[-52.35066696682813,-32.67519036678906],[-52.0421876577461,-31.55657235531445],[-48.93729492703321,-28.69782678036328],[-48.56390854397657,-27.68059388546582],[-48.72452255764844,-25.42562142758007],[-46.20621201077344,-23.88282243160839],[-45.45921036282422,-23.85583154110546],[-44.56129547634961,-22.98985711483593],[-41.95784470120313,-22.92082253841992],[-40.98350235501172,-22.0864299908125],[-40.93281647244336,-21.2794117107832],[-39.69133850613477,-19.40879670529004],[-39.66613480130078,-18.22695771603222],[-39.14249893704297,-17.77471772579785],[-38.94815537014844,-16.00159207729931],[-39.12621780911328,-14.32453385738964],[-37.18652435818555,-10.84469930081006],[-35.59859940091016,-9.62762681393261],[-34.89067551175,-7.61178914456006],[-35.46437164822461,-5.268277086302],[-37.18060013333203,-4.95427171139355],[-38.78636261502149,-3.6042579784834],[-40.23088928738477,-2.85121098904248],[-42.31647202053906,-2.81760469822522],[-43.33403870144727,-2.4321900978529],[-44.22212311306836,-2.77724377064343],[-44.79592606106641,-1.73635784535046],[-47.23713776150586,-0.68043927101727],[-48.0425309805,-0.81562403587933],[-49.22114655056836,-2.10814563183423],[-50.6431398061836,-1.88247171787854],[-51.52938171902539,-0.42919633535977],[-49.88430496731641,1.21387108416919],[-50.68808075466993,2.21617230029468],[-51.20926758328321,4.07067879290943],[-51.62341782132032,4.21593626590137],[-52.8463868764961,2.09247501941089],[-54.38832947293164,2.26128681750659],[-54.86057755032422,2.48096617312793],[-56.70962616482618,1.89148040862445],[-58.85273834744336,1.15405245871906],[-59.62485214749219,1.73427339644794],[-59.93537231961133,2.73047574611072],[-59.51294037381055,3.96629794688587],[-60.55301758328321,5.00910862536792],[-61.62936874905469,4.20800551028614],[-64.14781281033399,3.41741760821704],[-63.87599274197461,1.88059886546497],[-65.35591599026563,0.56229742617969],[-66.93929001370313,1.20761831851367],[-67.17973038235547,2.07072409243946],[-68.18302628079297,1.60704752059345],[-69.73657700100782,1.65501209349994],[-69.9838380483711,-0.26616235820885],[-69.32078262844922,-1.29827276615735],[-69.87801071682813,-4.18703166393872],[-71.43378159085157,-4.52038566021557],[-72.76932236233594,-5.14476148037549],[-73.06186386624219,-6.51918069271679],[-73.84206100979688,-7.57869855312939],[-72.15386673489454,-10.00244084744092],[-71.32430740872266,-10.01658574490185],[-70.61307236233594,-10.73037854580517],[-69.58987900296094,-10.9022316112959],[-68.50223251858594,-11.0864071026289],[-66.30597397366407,-9.84070626644726],[-65.30872818508985,-9.81572762875195],[-65.27307602444532,-11.36593381313916],[-64.26138016262891,-12.47187844662304],[-62.0785531667793,-13.10071698574658],[-60.36294647732618,-13.90386430172558],[-60.03219315091016,-16.32890168575879],[-58.33348557034375,-16.36973039059277],[-58.40169617215039,-17.13251153378125],[-57.59640976467969,-18.04261437801953],[-58.13773056546094,-19.81183663754101],[-57.75164124050977,-20.68623963741894],[-57.80576416531446,-22.15399400143261],[-55.62278458157422,-22.44621316341992],[-55.3491716055,-23.77863351254101],[-54.21879288235547,-24.12146798519726],[-54.58040710965039,-25.74334565548535]]],[[[-50.22498795071485,-1.73541537670727],[-48.8856935171211,-1.42113951592083],[-48.40189072171094,-0.39065084604855],[-50.50141235867383,-0.26174969224568],[-50.22498795071485,-1.73541537670727]]]]},"properties":{"NAME":"Brazil","SUBJECTO":"Brazil","PARTOF":"Brazil"}},
{"type":"Feature","geometry":{"type":"MultiPolygon","coordinates":[[[[149.55416396578906,-6.40606395153637],[152.05868056735156,-5.4981354847395],[151.58762649020312,-4.90172473339673],[149.55416396578906,-6.40606395153637]]],[[[140.94761184176562,-9.27386418728467],[142.60740188082812,-9.37657681851025],[144.37983230075,-7.75832168011303],[145.81963637789843,-8.09844247250195],[146.64609816989062,-9.27887574581738],[147.87362197360156,-10.17881719021435],[149.78336623629687,-10.40988961605664],[149.8299055429375,-9.71058026699658],[148.58870986422656,-9.16028062252636],[146.90914443453906,-6.89482537655468],[147.3764906259453,-6.12476817516919],[145.59342483004687,-5.42313615231152],[145.728220972625,-4.99702922253247],[143.445506128875,-3.61009613422986],[140.8697767587578,-2.79475251583691],[140.94549087008593,-6.37922278790112],[140.94761184176562,-9.27386418728467]]]]},"properties":{"NAME":"Papua New Guinea","SUBJECTO":"Papua New Guinea","PARTOF":"Papua New Guinea"}},
{"type":"Feature","geometry":{"type":"MultiPolygon","coordinates":[[[[146.71273330172656,-43.72180978207226],[147.81531814059375,-42.96535149960156],[148.26952651461718,-41.09258309750195],[146.38221267184375,-41.30834618954296],[144.77613357028125,-40.84276238827343],[145.72265151461718,-43.24016610531445],[146.71273330172656,-43.72180978207226]]],[[[142.3375501962578,-10.91538278011914],[141.67852309664843,-12.46781770138379],[141.46815017184375,-14.7567762508833],[141.71129897555468,-15.22669259457226],[140.80094436129687,-17.56182900814648],[139.2483167978203,-17.43164292721386],[135.38805678805468,-14.89696923641797],[135.83089736422656,-13.48477403072949],[136.66369155367968,-12.62482015041943],[135.44454482516406,-12.17612496761914],[133.55918410739062,-11.95134774593945],[130.46349624117968,-12.75893823055859],[129.19642165621875,-14.992895521208],[127.96256545504689,-14.70312825588818],[126.85342696627734,-13.78377286343213],[124.42450240573046,-15.65789834408398],[124.2772703500664,-16.52278367428418],[122.73833754977343,-16.58328477291699],[122.0854750009453,-17.39839784054394],[122.19645217379689,-18.24368707089062],[120.87214950045701,-19.67694131283398],[117.59692672213671,-20.75833360104199],[116.41879561862108,-20.83712235836621],[113.62543014010546,-22.56592980770703],[113.43258956393358,-24.87416116146679],[114.1825208993828,-26.01704064755078],[113.43298629244921,-26.57201043514843],[114.6303968759453,-28.902958311125],[115.05826095065234,-30.80351296810742],[115.747263941375,-32.2076114788496],[115.0469236703789,-34.4224552288496],[116.56097701510546,-35.18929711727734],[118.2070799203789,-35.09034005550976],[119.77148726901171,-34.12017098812695],[123.62303451022267,-33.91507378964062],[124.24838546237108,-33.14412728695507],[126.05894759616017,-32.43436471371289],[129.18538955172656,-31.7982048168623],[131.28016189059375,-31.63484994320507],[133.83703139742968,-32.34197274593945],[135.1531019540703,-34.05044213680859],[135.52807143649218,-35.05488625912304],[137.4571791025078,-33.31413308529492],[139.36791518649218,-35.61427346615429],[140.01201919039843,-37.64163247494335],[140.65218642672656,-38.1639103069746],[143.36480239352343,-38.9697307720625],[144.96982863864062,-38.06575814633007],[145.93387893160937,-38.88147012142773],[148.03699782809375,-38.0978702679121],[149.50414565524218,-37.92884866146679],[150.2215071054375,-35.69410745052929],[150.76197341403125,-35.25312844662304],[151.36449721774218,-33.52090112118359],[152.17618850192187,-32.87666741757031],[152.97185805758593,-31.41817513851757],[153.49349502047656,-28.84086839108105],[152.94622329196093,-27.34099236874218],[153.06907180270312,-26.22774926571484],[151.73014358004687,-24.15748826412792],[150.80247024020312,-23.59988824276562],[150.75440505465625,-22.81152001766796],[149.55675795992968,-22.43255082516308],[149.10148147067187,-21.06012383846875],[148.19044021090625,-20.17190972714062],[146.32175734957812,-19.08229104427929],[145.86948684176562,-17.19496003536816],[145.32554152926562,-16.49042931942578],[145.18433669528125,-15.04759637264843],[143.74317458590625,-14.46582356838818],[143.17309096774218,-12.12133923916455],[142.3375501962578,-10.91538278011914]]]]},"properties":{"NAME":"Australia","SUBJECTO":"Australia","PARTOF":"Australia"}},
{"type":"Feature","geometry":{"type":"Polygon","coordinates":[[[-58.33968063870313,-34.21614495663281],[-56.33826157132032,-34.9954532757246],[-54.62150665799024,-34.92208138851757],[-53.40556427517774,-33.87947503475781],[-53.23585220852735,-32.93714562801953],[-53.89394470730664,-32.04559747128125],[-55.87414642849805,-31.17425004391308],[-56.74638077298047,-30.24580041317578],[-57.57566925564649,-30.40291825680371],[-58.11836716214063,-32.13938943295117],[-58.33968063870313,-34.21614495663281]]]},"properties":{"NAME":"Uruguay","SUBJECTO":"Uruguay","PARTOF":"Uruguay"}},
{"type":"Feature","geometry":{"type":"Polygon","coordinates":[[[7.15993884524463,53.16400106997852],[4.64101270159839,52.75569876284961],[3.77504685839771,51.38774450869922],[5.99957564791797,50.74159964175586],[7.15993884524463,53.16400106997852]]]},"properties":{"NAME":"Netherlands","SUBJECTO":"Netherlands","PARTOF":"Netherlands"}},
{"type":"Feature","geometry":{"type":"Polygon","coordinates":[[[13.94668296298145,48.65510138125781],[12.70007899722217,47.69024618716602],[9.66547071927504,47.55624011404333],[9.53932315928003,47.4872009429331],[10.39569953402637,46.88741263003711],[12.07475379428027,46.92750509829883],[14.14074573558689,46.43325753192397],[16.25957396945117,46.88880499453906],[17.0789082,48.0782442],[16.98896506747363,48.24063452334766],[16.66915420016406,48.79378470034961],[13.94668296298145,48.65510138125781]]]},"properties":{"NAME":"Austria","SUBJECTO":"Austria","PARTOF":"Austria"}},
{"type":"Feature","geometry":{"type":"Polygon","coordinates":[[[14.03343680819629,13.06061895938282],[13.53872874697803,13.65514525027637],[12.25196555575488,13.07552488894825],[10.41347030123828,13.30618914218311],[9.05742076357959,12.82148321719532],[8.09526732882617,13.27978571505909],[6.86370948275684,13.06275995822315],[5.50139144381641,13.79202707858448],[4.19021323641895,13.47918280215625],[3.72241428813098,12.53569944949512],[3.8306117387688,10.70573767276172],[2.76420453509448,8.86245401950244],[2.76680806597827,6.3481140956438],[3.94949725588916,6.57938870044117],[5.15288785418628,5.6415129527605],[6.08877995928882,4.32813318820362],[8.59181121310352,4.71204145999317],[8.83786109408496,5.70766600222949],[10.07355311831592,6.89090403170948],[11.57929900607227,6.79178770633106],[12.82805255374072,9.44968851657276],[13.78783992251514,11.08885820956592],[14.50592902621387,11.48081358523731],[14.03343680819629,13.06061895938282]]]},"properties":{"NAME":"Nigeria","SUBJECTO":"Nigeria","PARTOF":"Nigeria"}},
{"type":"Feature","geometry":{"type":"Polygon","coordinates":[[[11.21765998324512,2.05425675959949],[14.891231569854,1.98713501544361],[16.0767374368584,2.12768086047534],[15.12370971163867,3.60935672374134],[14.4029674859917,5.82972391696338],[15.4634390207207,7.58393963427906],[15.00443175753711,8.54097517581348],[13.91085818728565,9.55145510287647],[15.16351035555957,10.37243422122364],[15.00175384005664,12.01764448733692],[14.03343680819629,13.06061895938282],[14.50592902621387,11.48081358523731],[13.78783992251514,11.08885820956592],[12.82805255374072,9.44968851657276],[11.57929900607227,6.79178770633106],[10.07355311831592,6.89090403170948],[8.83786109408496,5.70766600222949],[8.59181121310352,4.71204145999317],[9.5856542917168,3.67483314128284],[9.88123038729785,2.05826624484424],[11.21765998324512,2.05425675959949]]]},"properties":{"NAME":"French Cameroons","SUBJECTO":"France","PARTOF":"French Cameroons"}},
{"type":"Feature","geometry":{"type":"Polygon","coordinates":[[[24.95290091952442,21.88223799319629],[24.93749717196582,24.92600210757618],[24.94439414462207,29.17052229495411],[24.71190932711719,30.14764555545215],[25.10655311068653,31.51384123416309],[21.67341903170703,32.81558950991993],[20.36572173556445,32.29824026675586],[20.11676886996387,30.95710333438282],[18.91502669772266,30.20486029239063],[17.42162993868945,30.99598654361133],[15.84332564791797,31.28500326724415],[15.00978663882373,32.36344107241993],[12.56475642642139,32.73963888736133],[11.47068694552539,33.14409216494922],[11.41642573794482,32.32773932071094],[10.13242057284473,31.48158224673633],[9.57486060580371,30.20736464114551],[9.85737517794727,26.43388899417286],[9.37672999819873,26.03706892581348],[10.31472876986621,24.4663272723711],[11.44787887057422,24.25680121035938],[11.9590149255669,23.47169073672657],[14.18009761294482,22.56940992923145],[14.9677114816582,22.9680305347002],[15.97051719149707,23.38058813662891],[20.54801467379688,21.16387327762012],[23.94972327670215,19.47427710147266],[24.95791343173145,20.04574736209278],[24.95290091952442,21.88223799319629]]]},"properties":{"NAME":"Libya (IT)","SUBJECTO":"Italy","PARTOF":"Libya (IT)"}},
{"type":"Feature","geometry":{"type":"Polygon","coordinates":[[[34.93554213961719,29.41809424014454],[34.9846792550957,29.46721991153125],[35.68798907835729,32.71063290125933],[34.9720068307793,32.93840750308399],[34.14630416354297,31.20857962222461],[34.93554213961719,29.41809424014454]]]},"properties":{"NAME":"Mandatory Palestine (GB)","SUBJECTO":"United Kingdom of Great Britain and Ireland","PARTOF":"Mandatory Palestine (GB)"}},
{"type":"Feature","geometry":{"type":"Polygon","coordinates":[[[34.14630416354297,31.20857962222461],[32.07651046237109,31.01365049929981],[30.99595550021289,31.46885069461231],[29.24884704074024,30.75366171450977],[26.14333442172168,31.49057730288868],[25.10655311068653,31.51384123416309],[24.71190932711719,30.14764555545215],[24.94439414462207,29.17052229495411],[24.93749717196582,24.92600210757618],[24.95290091952442,21.88223799319629],[28.78687194308399,21.91093405337696],[32.1281347604668,21.91768225283985],[36.80011275729297,21.91489943118457],[35.74630263766406,22.91434057803516],[35.18986419161914,24.39991911502247],[33.92880919894336,26.56382330508594],[34.05800536593555,27.7903133258379],[34.93554213961719,29.41809424014454],[34.14630416354297,31.20857962222461]]]},"properties":{"NAME":"Egypt","SUBJECTO":"United Kingdom of Great Britain and Ireland","PARTOF":"Egypt"}},
{"type":"Feature","geometry":{"type":"Polygon","coordinates":[[[88.19726088961718,27.87575491519336],[87.21436599215625,27.84329374881153],[85.14416793307421,28.34179457278614],[81.65574935397265,30.45483358950977],[81.02130416354296,30.24651106448536],[80.09826949557421,28.9519000873125],[82.81183150729296,27.53824385257129],[86.7765379281914,26.46684416385059],[88.09216597994921,26.44451864810352],[88.19726088961718,27.87575491519336]]]},"properties":{"NAME":"Nepal","SUBJECTO":"Nepal","PARTOF":"Nepal"}},
{"type":"Feature","geometry":{"type":"Polygon","coordinates":[[[33.9914160104668,4.02667959781055],[34.42759231051562,4.53137644381885],[35.80223372897265,4.56498154254322],[34.60752013644336,6.63618906588916],[33.13901046237109,8.34348829837207],[34.04175857028125,8.4314676150835],[34.35270217379687,10.67675455661182],[34.94869903048633,10.82009180636768],[35.4795751901543,12.45648821444873],[36.13399032076953,12.77174528689746],[36.47670272311328,14.2664981708086],[37.02432158908008,16.95193823428516],[38.64174178561328,18.06071051211719],[37.39818480929492,18.91500052066211],[37.1277685495293,21.22717627139453],[36.80011275729297,21.91489943118457],[32.1281347604668,21.91768225283985],[28.78687194308399,21.91093405337696],[24.95290091952442,21.88223799319629],[24.95791343173145,20.04574736209278],[23.94972327670215,19.47427710147266],[23.95093825778125,15.69943007083301],[23.01307395419238,15.68120058627491],[21.77804473361133,12.80131109805469],[22.26095679720996,12.67705210299854],[22.81895163973926,10.90716799350147],[23.6336164804375,9.66629179568653],[23.52215865573047,8.61057718844776],[25.28798583468555,7.72488888354663],[25.29912093600391,7.33088978381519],[26.94538787325977,5.87246569247608],[27.24372771700977,5.16238173098926],[28.05823806246875,4.27104815097217],[29.69307807406543,4.51594170184497],[30.73715117892383,3.50520619006519],[33.29096892794726,3.63481029124622],[33.9914160104668,4.02667959781055]]]},"properties":{"NAME":"Sudan","SUBJECTO":"Sudan","PARTOF":"Sudan"}},
{"type":"Feature","geometry":{"type":"Polygon","coordinates":[[[42.32784942111133,12.35711439700489],[43.0480223031914,12.70231398196582],[40.73913863619922,14.9192434176958],[39.51792815646289,15.46304854007129],[38.64174178561328,18.06071051211719],[37.02432158908008,16.95193823428516],[36.47670272311328,14.2664981708086],[37.72025207003711,14.80165346713428],[40.58897689303515,14.12456282229786],[42.32784942111133,12.35711439700489]]]},"properties":{"NAME":"Eritrea","SUBJECTO":"Eritrea","PARTOF":"Eritrea"}},
{"type":"Feature","geometry":{"type":"Polygon","coordinates":[[[42.92759993991015,10.89275129886035],[41.87144378146289,10.8547321185625],[42.32784942111133,12.35711439700489],[40.58897689303515,14.12456282229786],[37.72025207003711,14.80165346713428],[36.47670272311328,14.2664981708086],[36.13399032076953,12.77174528689746],[35.4795751901543,12.45648821444873],[34.94869903048633,10.82009180636768],[34.35270217379687,10.67675455661182],[34.04175857028125,8.4314676150835],[33.13901046237109,8.34348829837207],[34.60752013644336,6.63618906588916],[35.80223372897265,4.56498154254322],[36.75715545138476,4.37998350711231],[38.08753493746875,3.56165059657459],[39.53868010958789,3.35417874904041],[40.73295119723437,4.14939220996265],[41.7652197214043,3.82503803820972],[43.87238982638476,4.83539541812305],[44.9946775766289,4.81664427371387],[47.90248015841601,7.87817295642261],[46.95213607272265,7.92972954364185],[43.85603240450976,9.02988203616504],[42.80173018893359,10.34548529239063],[42.92759993991015,10.89275129886035]]]},"properties":{"NAME":"Ethiopia","SUBJECTO":"Ethiopia","PARTOF":"Ethiopia"}},
{"type":"Feature","geometry":{"type":"Polygon","coordinates":[[[-16.45510384121777,13.57107409091358],[-16.77557274380566,13.14534338565235],[-16.0130014089668,13.13888128848438],[-15.30197521725537,13.57107409091358],[-16.45510384121777,13.57107409091358]]]},"properties":{"NAME":"Gambia, The","SUBJECTO":"Gambia, The","PARTOF":"Gambia, The"}},
{"type":"Feature","geometry":{"type":"Polygon","coordinates":[[[42.92759993991015,10.89275129886035],[43.29847625216601,11.47555216403369],[43.0480223031914,12.70231398196582],[42.32784942111133,12.35711439700489],[41.87144378146289,10.8547321185625],[42.92759993991015,10.89275129886035]]]},"properties":{"NAME":"French Somaliland","SUBJECTO":"France","PARTOF":"French Somaliland"}},
{"type":"Feature","geometry":{"type":"Polygon","coordinates":[[[-16.56660553494336,12.30981119723682],[-15.32538887539746,11.92657526584034],[-15.00829502621533,11.1017442569292],[-13.69176384487988,11.88605555148487],[-13.69385716000439,12.62344225497608],[-16.56660553494336,12.30981119723682]]]},"properties":{"NAME":"Guinea-Bissau","SUBJECTO":"Guinea-Bissau","PARTOF":"Guinea-Bissau"}},
{"type":"Feature","geometry":{"type":"Polygon","coordinates":[[[-60.55301758328321,5.00910862536792],[-61.25475021878125,5.8695608005083],[-60.56390091458204,7.56482704730396],[-59.83440491238477,8.44018324466114],[-61.28992935696485,8.77069338412647],[-61.53086563626172,9.85057505221729],[-64.06826111355664,10.62680967898731],[-64.88365646878125,10.13567885012989],[-66.47811600247266,10.67880972476367],[-67.97961136380079,10.54211672397022],[-68.69460007229688,11.37950380893116],[-69.74783798733594,11.53345926852588],[-71.68795486966016,10.76926954837207],[-71.18874832669141,11.91160353274707],[-72.05103012600782,11.72180517764453],[-73.01743790188672,9.73536261172657],[-71.81207748928907,6.97030743213062],[-70.54106613675,7.05415638537769],[-69.3031739858711,6.00609882922534],[-67.76554581204297,6.24412115664844],[-67.81290909329297,4.30473145099048],[-67.22301956692579,3.33553823085193],[-67.17973038235547,2.07072409243946],[-66.93929001370313,1.20761831851367],[-65.35591599026563,0.56229742617969],[-63.87599274197461,1.88059886546497],[-64.14781281033399,3.41741760821704],[-61.62936874905469,4.20800551028614],[-60.55301758328321,5.00910862536792]]]},"properties":{"NAME":"Venezuela","SUBJECTO":"Venezuela","PARTOF":"Venezuela"}},
{"type":"Feature","geometry":{"type":"Polygon","coordinates":[[[-61.11424728909375,10.82168253512744],[-61.80907532254102,10.72496851535205],[-61.20665833035352,10.11822088809375],[-61.11424728909375,10.82168253512744]]]},"properties":{"NAME":"Trinidad","SUBJECTO":"Trinidad","PARTOF":"Trinidad"}},
{"type":"Feature","geometry":{"type":"Polygon","coordinates":[[[114.07372573336718,4.45502480121021],[114.43372634371875,3.99834354968433],[115.16134170016406,4.30938538165454],[114.96151259860156,4.87651594729785],[114.07372573336718,4.45502480121021]]]},"properties":{"NAME":"Brunei","SUBJECTO":"Brunei","PARTOF":"Brunei"}},
{"type":"Feature","geometry":{"type":"Polygon","coordinates":[[[41.60989287814258,-1.8767404928648],[41.05956176241992,-1.07975438980694],[41.023142847625,2.71471222491626],[41.7652197214043,3.82503803820972],[40.73295119723437,4.14939220996265],[39.53868010958789,3.35417874904041],[38.08753493746875,3.56165059657459],[36.75715545138476,4.37998350711231],[35.80223372897265,4.56498154254322],[34.42759231051562,4.53137644381885],[33.9914160104668,4.02667959781055],[35.04019835909961,1.6875631436861],[33.82932570895312,0.08574777098064],[33.26720717867969,-1.13211194424267],[33.91916945895312,-1.11734215168591],[37.61619475802539,-3.16620079426404],[37.6568212839043,-3.69359556583996],[39.22912124117969,-4.8448938503706],[40.23441604098437,-3.19170657543774],[41.60989287814258,-1.8767404928648]]]},"properties":{"NAME":"Kenya","SUBJECTO":"Kenya","PARTOF":"Kenya"}},
{"type":"Feature","geometry":{"type":"Polygon","coordinates":[[[29.52845290621875,-1.43445936588879],[30.59596160372852,-1.15476480869885],[33.26720717867969,-1.13211194424267],[33.82932570895312,0.08574777098064],[35.04019835909961,1.6875631436861],[33.9914160104668,4.02667959781055],[33.29096892794726,3.63481029124622],[30.73715117892383,3.50520619006519],[31.15856650790332,1.80428823085193],[29.76945403536914,0.44213520737056],[29.52845290621875,-1.43445936588879]]]},"properties":{"NAME":"Uganda","SUBJECTO":"Uganda","PARTOF":"Uganda"}},
{"type":"Feature","geometry":{"type":"MultiPolygon","coordinates":[[[[140.8697767587578,-2.79475251583691],[137.8543196054375,-1.61396137623425],[136.27088454684375,-2.41812244801159],[135.24643996676562,-3.53887192158337],[134.28306106051562,-2.85458699612256],[133.90731337985156,-1.00607893614407],[132.25400832614062,-0.526697672888],[131.21142104586718,-1.02463797478314],[132.71871474703906,-2.93423763661023],[132.71282485446093,-3.88754717259045],[134.04062941989062,-3.94823066143628],[137.38517287692187,-5.12312594799634],[137.82358840426562,-5.42723599819775],[139.15613845309375,-7.7251166477644],[140.94761184176562,-9.27386418728467],[140.94549087008593,-6.37922278790112],[140.8697767587578,-2.79475251583691]]],[[[103.71359542330858,-0.016971983],[102.47178176364062,0.62250985951786],[101.05975631198046,2.08096917720203],[98.14550307711718,4.06985434146289],[97.38407424410939,5.18014057727222],[96.18733504733201,5.14578827472095],[95.56092360934375,4.53446253390674],[96.7203626962578,3.70458921046619],[97.59714797457812,2.25138410182361],[98.60055068453906,1.70708950610523],[99.11331466158984,0.22124772520427],[99.69655135592578,-0.15240957586403],[100.81207564791796,-2.33604804424878],[102.4622297616875,-4.18182174114819],[104.56848433932421,-6.0711654797041],[105.72847274264451,-5.82714167980786],[105.942820582,-3.214655078932],[103.2376203866875,-0.65946749596234],[103.71359542330858,-0.016971983]]],[[[105.18477920016406,-6.8656686916792],[106.48369887789843,-7.50336018948193],[108.1602278085625,-7.85564271359082],[109.03720382174608,-7.72028676418896],[110.7777357431328,-8.32030717281933],[113.07378676852343,-8.34712354092236],[112.27479079684375,-7.02688971905346],[111.04471877535939,-6.85159150509472],[108.55577376803517,-6.92052642254467],[106.9450941415703,-6.02598372845288],[106.02416518649218,-6.08072368054028],[105.18477920016406,-6.8656686916792]]],[[[117.55868819674608,3.98072107882862],[115.70677474459767,4.1567283496416],[115.53003982028125,3.17072137446765],[114.65887740573046,1.59579356761341],[113.6767835946953,1.14505168052082],[112.39998153170701,1.42980714888935],[111.56202224215625,0.76381375642185],[110.54860213717578,0.72600253672962],[109.5175047250664,1.82052060218219],[108.81431106051562,0.80781682582263],[109.17891982516406,-0.86901036648388],[109.94090560397267,-1.64264861492749],[110.10230544528125,-3.07854095844861],[112.79538253268358,-2.97102085499402],[114.71241286715625,-4.20615331081982],[115.5681410165703,-3.80390993504162],[116.34913161715625,-2.4167932644331],[116.04627517184375,-1.93445829300519],[117.04563430270312,-0.93458095936413],[117.53428939303517,0.61066295953159],[118.5172605844414,1.1656258925951],[117.07397750338671,3.50719984622364],[117.55868819674608,3.98072107882862]]],[[[119.69212630709767,-0.016971983],[119.17457107028125,-2.1755286827528],[118.68360427340625,-2.90107075123425],[119.461131128875,-3.80819789318676],[119.47684005221484,-5.80376807598706],[120.24806502780078,-5.58600751309033],[120.1441908212578,-3.07586423306103],[121.87277511080858,-4.95966473965283],[122.64091018160939,-4.28431979565259],[122.25816634616017,-3.21109668163891],[120.50657180270312,-1.44818083195324],[119.69212630709767,-0.016971983]]]]},"properties":{"NAME":"Dutch East Indies","SUBJECTO":"Dutch East Indies","PARTOF":"Dutch East Indies"}},
{"type":"Feature","geometry":{"type":"MultiPolygon","coordinates":[[[[-76.13288973210058,44.32666667189694],[-74.78240677395704,45.0122257098711],[-71.53464981594922,44.95860632510547],[-70.5894288686836,45.29462011905078],[-69.04906937161329,47.46438177676563],[-67.698536839875,47.0410114154375],[-67.18675705471875,45.25231894107227],[-64.90547653714063,45.46319922061328],[-66.18949600735547,44.14130743594532],[-65.7125749258125,43.55995138736133],[-61.03208633938672,45.37883337588672],[-64.53479477444532,46.27165945620899],[-65.2130860952461,48.12142523379688],[-64.95240494290235,49.20725592227344],[-68.34129044094922,48.54645880313281],[-66.37273880520704,50.31387671084766],[-61.64020630398633,50.27692373843555],[-60.13784500637891,50.41170080752735],[-58.52433868924024,51.37948568911914],[-57.00560551157145,51.48669020190501],[-56.9715587377043,51.94123221206046],[-63.41088108200332,51.91091934101501],[-64.5414491271856,51.57612524899599],[-66.75343008515091,52.66261279379946],[-67.44160193874012,54.78516989958713],[-63.75496700879793,54.75681496226473],[-64.42470390597458,60.0444390492594],[-65.86144730130079,58.79534109683399],[-67.77240463772657,58.2485423907793],[-69.21422287503125,58.7476764545],[-70.02829453030469,60.88317068667774],[-73.39458176175,62.3549991473711],[-77.36155411282422,62.51749380679492],[-77.50717636624219,60.41463049502735],[-78.33678909817579,58.55147131533985],[-76.77238174954297,57.66250189395313],[-76.43862625637891,56.80968817325],[-77.2338380483711,55.60653647036914],[-79.5451173452461,54.69186361880664],[-78.49098679104688,52.25613745303516],[-79.59434982815625,51.26579245181446],[-81.747364964875,52.17009695620899],[-82.34120651760938,52.98082312198047],[-82.20208450833204,54.96887167544727],[-84.46836563626172,55.1668773517168],[-87.46717545071485,55.91202887149219],[-90,57.17785605044727],[-92.48305222073438,56.97671469302539],[-93.07417770901561,58.55101355166797],[-94.68383499661329,58.87849386783008],[-94.75318619290233,59.94999273867969],[-93.42261978665233,61.85803183169727],[-87.4352311758125,64.56887396426563],[-88.17144485989454,65.13038214297657],[-85.98714920559766,66.16278418155079],[-83.13871475735547,66.37349279971485],[-81.29496475735547,67.49872931094532],[-84.31351944485547,69.8262134418047],[-86.48843857327344,67.37778814883595],[-88.32388016262891,67.81254919619923],[-88.90501877346875,69.22760351748829],[-91.65772720852733,70.28584631533985],[-93.2711686758125,71.55854376407032],[-96.69965073147657,70.83835943789845],[-96.12698074856642,69.94084509463673],[-92.95613571682811,69.08434637637501],[-96.20792862454299,68.07355078311329],[-101.91296860257032,67.70532568545704],[-105.63597580471875,68.35485418887501],[-107.66202255764844,67.96261938662892],[-112.50253006497266,67.69295843692188],[-115.2851075796211,68.89208563418751],[-117.83234116116407,69.00779303164845],[-122.32606216946483,69.88448675723438],[-125.97399612942579,69.43039282412892],[-127.35170456448438,70.38026007266407],[-131.67297836819532,69.27615698428517],[-135.43919846096875,69.5262866839922],[-136.20306870022657,68.87561377139454],[-141.0592546133125,69.59546240420704],[-140.97377487698438,66.0257984027422],[-140.89491745510938,60.38881643863086],[-139.00514694729688,60.25838049502735],[-137.22333237210157,58.88222845645313],[-135.85481735745313,59.64631994815235],[-133.50284287014844,58.42426260562305],[-131.72487350979688,56.60519369693164],[-130.00269028225782,55.28853949160938],[-130.0036363271797,53.93796118350391],[-127.55576798001172,52.167842470125],[-127.24746414700392,50.96811636538867],[-124.93922134915233,50.59580954165821],[-124.79498764553907,50.03529318423633],[-122.90025040188672,49.06718023867969],[-115.164601293,49.05619009585742],[-110.6702623037422,49.05406530948047],[-104.26153275051954,49.05566366763477],[-100.45978256741407,49.04325064273242],[-94.81984421292188,49.05071219058399],[-91.6821031240547,48.03871878238086],[-89.62202966765464,47.96837637116081],[-88.09495135,49.0046085],[-86.38397137499999,48.7253306],[-85.026610175,47.939546825],[-84.7436376579549,46.4684444370234],[-83.82065216736616,46.15038273949706],[-80.8070809,45.954834575],[-81.094857375,44.79918825],[-82.29783905825836,43.02869867471761],[-83.05604489302539,42.02697781506356],[-81.439461875,42.5870946],[-79.05015837548426,42.85225896744753],[-79.14004738860244,43.22208175207458],[-79.152904575,43.772410875],[-76.13288973210058,44.32666667189694]]],[[[-101.6537370351875,72.37307318301563],[-98.93899246731642,71.39222296328907],[-96.84962173977733,71.87977179141407],[-96.68853470364454,72.81653936953907],[-99.95504471341016,73.26287420840626],[-101.6537370351875,72.37307318301563]]],[[[-95.32336136380079,73.75862463565235],[-95.05836960354688,72.28313788028126],[-92.0005845693672,72.84113653750782],[-90,73.99981268496876],[-95.32336136380079,73.75862463565235]]],[[[-125.77978226223829,49.08870657534961],[-123.86136337796094,49.15797003360156],[-125.71859451809766,50.40942724795703],[-125.77978226223829,49.08870657534961]]],[[[-111.4936265615547,72.36252173037892],[-114.64695450344922,73.35488470645313],[-118.98560806790233,72.03416784854298],[-117.31387802639844,71.47455175967579],[-117.56819626370311,69.99218329043751],[-113.15218063870311,68.59556921573048],[-110.44822403469922,68.65314062686329],[-106.8538331655586,69.45092352481251],[-104.18777176419142,68.89776190371876],[-101.80838486233594,69.13564642520313],[-101.05518051663282,70.03077276797657],[-103.86364456692579,70.70147284121876],[-105.3125962881172,72.65014227481251],[-111.4936265615547,72.36252173037892]]],[[[-125.61702438870311,71.99038275332813],[-123.46767136135938,71.19864233584767],[-115.65367600003125,73.63253363223438],[-121.23873611966016,74.58000525088673],[-124.06482407132032,73.86521490664845],[-125.61702438870311,71.99038275332813]]],[[[-114.13768478909375,76.38546331973438],[-115.18592545071483,75.15434607119923],[-112.20279404202344,74.49975927920704],[-105.77345749417188,75.23006781192188],[-105.91720291653516,76.02183874698048],[-111.38564011135938,75.65990789981251],[-114.13768478909375,76.38546331973438]]],[[[-86.80083939114454,63.88837011905078],[-84.65469070950391,63.31390341372852],[-82.10960861721875,64.6435733661211],[-85.5575456289375,65.86355169864063],[-86.80083939114454,63.88837011905078]]],[[[-71.87857529202344,63.80190237613086],[-71.3189210561836,63.06125982852344],[-65.94033524075391,61.78999670596485],[-66.49595352688672,63.07743414492969],[-64.47394272366407,63.74430426211719],[-67.61417099514844,65.91180761905079],[-62.84475418606641,65.61426123233204],[-61.21058365383985,66.63500555606251],[-68.66534897366407,68.71612890811329],[-71.2525148061836,71.35079535098438],[-73.27524277249219,71.16077002139454],[-75.32202621975782,72.54841955752735],[-80.48866745510938,73.0370059833086],[-81.53178116360547,73.68835791201954],[-88.09924789944532,73.63606604190235],[-89.99718185940625,71.54128607364063],[-87.94801041165235,70.38491400332813],[-82.26922318020704,69.86035498233204],[-78.71291824856641,70.01144751162892],[-73.18491837063672,68.29580267520313],[-72.30491348782422,67.26360663028126],[-75.78904434719922,65.1971851214922],[-71.87857529202344,63.80190237613086]]],[[[-89.59354874173047,75.85998877139454],[-89.69807907620313,74.61462744326954],[-80.34932419339063,74.61590155215626],[-81.70312210598829,75.87495001407032],[-86.6179933218086,75.43215521426563],[-89.59354874173047,75.85998877139454]]],[[[-88.07137772122266,82.12784155459767],[-89.19254776516797,81.09640844912892],[-85.8068132070625,78.90618475528126],[-87.27270981350782,76.50420721621876],[-78.21225449124219,76.54684790225392],[-78.36676498928907,78.03287085147267],[-71.45447250882032,79.84579046817188],[-62.42710205593946,82.63357122989063],[-76.38208481350782,83.15191229434376],[-88.07137772122266,82.12784155459767]]],[[[-88.34770676175,80.41079290957813],[-92.0248765615547,81.25921972842579],[-96.43336960354688,79.93342169375782],[-92.70153519192579,78.43416937442188],[-86.99668594876172,79.44534643741017],[-88.34770676175,80.41079290957813]]]]},"properties":{"NAME":"Canada","SUBJECTO":"Canada","PARTOF":"Canada"}},
{"type":"Feature","geometry":{"type":"MultiPolygon","coordinates":[[[[13.25221923312305,79.80073126407032],[11.76033023318408,78.88018377871876],[15.09887603243945,77.11526831241017],[19.11582282504199,78.45454748721485],[17.83405402621387,79.80945166201954],[13.25221923312305,79.80073126407032]]],[[[11.17885497531055,59.07028921695117],[12.42277244052051,60.03877981753711],[11.93265250643848,62.5539737567461],[16.20604613741992,67.30725439639454],[18.17948821505664,68.4687915668047],[20.79064467867969,68.9322696551836],[25.62536910494922,68.80706366153126],[26.50725081881641,69.81245001407032],[29.11325171908496,69.48603399844532],[28.69715407809375,68.69552954287892],[31.0537824960625,69.63959082217579],[28.30841353854297,70.9486499652422],[24.57050803622363,70.74138220401173],[23.20360663851856,69.94277533145313],[20.15765098055957,69.74782904239063],[13.16864779910205,66.45833929629688],[12.11214164218066,65.12991674991017],[9.83210566958545,63.68362005801563],[7.0881800981438,62.91019781680469],[5.14898351153491,61.74088247866992],[5.80576327761768,59.94925268741016],[5.61548427065967,58.45521505923633],[8.15374759158252,58.08954580874805],[11.17885497531055,59.07028921695117]]]]},"properties":{"NAME":"Norway","SUBJECTO":"Norway","PARTOF":"Norway"}},
{"type":"Feature","geometry":{"type":"Polygon","coordinates":[[[28.69715407809375,68.69552954287892],[29.11325171908496,69.48603399844532],[26.50725081881641,69.81245001407032],[25.62536910494922,68.80706366153126],[20.79064467867969,68.9322696551836],[23.48765281161426,67.83432348819142],[23.94773200472949,65.79668005557423],[24.47009376010059,64.63552435489063],[21.03372863253711,62.47729834170703],[21.56015113314746,60.51248510928516],[23.66465667208789,59.83555182071094],[28.43177512606738,60.60346945376758],[30.90184691866992,62.12546881289844],[31.13995078524707,63.12374075503711],[29.61822226962207,64.97341497989063],[29.02291396578906,66.88741644473438],[29.94611457308887,67.53390844912892],[28.69715407809375,68.69552954287892]]]},"properties":{"NAME":"Finland","SUBJECTO":"Finland","PARTOF":"Finland"}},
{"type":"Feature","geometry":{"type":"Polygon","coordinates":[[[12.605972,56.02950875000006],[15.77054122408984,56.0332103595293],[16.74404433688281,58.31195028872852],[19.03732398470996,59.86324270816211],[17.14620879611133,60.95282705874805],[18.48662475070117,62.98124273867969],[20.70065978488086,63.81812628360156],[22.64555457553028,65.93478735537892],[23.94773200472949,65.79668005557423],[23.48765281161426,67.83432348819142],[20.79064467867969,68.9322696551836],[18.17948821505664,68.4687915668047],[16.20604613741992,67.30725439639454],[11.93265250643848,62.5539737567461],[12.42277244052051,60.03877981753711],[11.17885497531055,59.07028921695117],[11.22135833224414,58.30832251162891],[12.605972,56.02950875000006]]]},"properties":{"NAME":"Sweden","SUBJECTO":"Sweden","PARTOF":"Sweden"}},
{"type":"Feature","geometry":{"type":"MultiPolygon","coordinates":[[[[-73.11150833645704,-72.74946252255077],[-70.02071854153516,-72.67219201473827],[-68.39805313626172,-71.12679711727733],[-70.32980057278516,-68.96324578671093],[-71.7979249624336,-69.7359432354414],[-72.10699936428907,-71.04952660946483],[-75.27505966702344,-71.6676830425703],[-73.11150833645704,-72.74946252255077]]],[[[-102.55128189602733,-72.1313060894453],[-97.14239975491407,-72.67219201473827],[-97.21967026272657,-71.8222240581953],[-102.55128189602733,-72.1313060894453]]],[[[-55.18492981472852,-80.94006005673046],[-44.83078476467969,-80.32190362362499],[-44.21262451687695,-78.39015618710155],[-48.84880920925977,-78.08107415585155],[-55.18492981472852,-80.94006005673046]]],[[[169.76938918551562,-83.41788903622265],[162.01522353610156,-81.65986291317577],[159.31539443453906,-80.02740899471874],[163.64298537692187,-78.66061059383983],[162.34563735446093,-75.10688439755077],[164.61622146090625,-74.17193261532421],[168.9746809335625,-73.23894158749218],[170.72912124117968,-71.9042781963789],[167.63463881930468,-70.86511651424999],[160.5985365243828,-70.22093621639843],[157.30686477145312,-69.15642968563671],[151.093455347625,-68.8858226910078],[146.87545302828906,-67.99737969784374],[145.58565810641406,-67.22348443417187],[141.1574964853203,-66.72243157772655],[134.20519545992968,-66.18008843807812],[130.27210524996875,-66.25291863827343],[129.00962356051562,-67.02982751278515],[122.45820907076951,-66.64516106991405],[118.28564742526171,-67.07014123348827],[113.01485732516406,-65.76308099178905],[109.40372756442189,-66.71026269344921],[102.63083938082812,-65.92616692928905],[99.65426162203906,-66.54946557430858],[90,-66.6065258160078],[81.81432631930468,-67.30195275692577],[78.25992110690234,-68.38373223690624],[76.86905959567187,-69.31096307186718],[72.54195693453906,-70.23820153622265],[70.30113509616015,-72.01540795712108],[67.36488631686328,-71.70632592587108],[67.51269057711718,-70.46442071346874],[68.95107558688281,-69.88906518368358],[69.37389663180468,-67.84283868221874],[62.80597213229296,-67.61102715878124],[56.62694838961718,-66.94232598690624],[55.14159301241992,-65.96285668758983],[52.45182326754687,-65.9883617535078],[48.96721557101367,-66.97347680477733],[47.30508330783007,-67.7748607769453],[44.79703811129687,-67.74518243221874],[39.6471433969414,-68.93355981258983],[38.33204940280078,-70.02947656063671],[33.5413427682793,-68.54216424374218],[32.74804213961719,-69.34959832577343],[23.70747855624317,-70.5859188213789],[17.60317138156055,-70.08366052059765],[12.65790751895068,-70.31547204403515],[10.33981612643359,-70.70181695370312],[8.48534110507129,-70.08366052059765],[0.68109378537295,-71.31997338680858],[-4.88232704678418,-71.28133813290233],[-7.20042177716138,-70.89499322323437],[-11.1411752370918,-71.59042016415233],[-11.8284835485542,-72.32257501034374],[-16.39551826992871,-73.44488946346874],[-14.45094105282666,-74.06464806942577],[-18.40453049221875,-75.68571130184765],[-23.58160492459179,-75.91752282528515],[-33.16305252591016,-77.38564721493358],[-36.40837952175977,-79.16285363583202],[-29.56768127957226,-79.22431603817577],[-28.91321846524121,-80.47643700985546],[-38.03104874173047,-80.94006005673046],[-43.82627960720899,-81.79002801327343],[-60.2074594167793,-82.3309139385664],[-74.88871475735547,-80.70824853329296],[-76.58865067044141,-79.39465752987499],[-80.76121231594922,-78.23561517147655],[-74.5023698476875,-78.08107415585155],[-78.59766098538282,-76.61294976620312],[-70.56160446682813,-76.69022027401562],[-64.45729538479688,-75.68571130184765],[-61.366505589875,-73.90851251034374],[-60.82561966458204,-72.74946252255077],[-61.675587621125,-70.81772271542187],[-65.38453384915235,-67.34058038143749],[-61.1346940664375,-64.86795464901562],[-62.91190430203321,-64.71340600399608],[-66.85265823880079,-66.79969445614452],[-67.08446976223829,-68.65416375546093],[-68.78439804592969,-69.8132137432539],[-67.08446976223829,-71.8222240581953],[-67.62535568753125,-72.74946252255077],[-75.58414169827344,-73.75397149471874],[-81.76572128811719,-74.02441064266796],[-88.56545731106641,-73.25171319393749],[-99.78819748440625,-72.9977611675703],[-101.88011642971875,-74.09877435116405],[-100.04510208645704,-75.30987969784374],[-105.64207932034375,-75.06755486874218],[-110.55704971829299,-75.30289117245312],[-113.23789688626172,-74.32137719540233],[-128.97754379788282,-74.91301385311718],[-134.77277084866407,-74.64256707577343],[-140.56799789944532,-75.2607235088789],[-146.67230698147657,-76.11069146542187],[-146.14586350003125,-77.4565242901289],[-149.99490829983594,-77.7333568706953],[-154.16746994534375,-77.11520043758983],[-158.18549057522657,-77.8106273785078],[-154.55382248440625,-79.12421838192577],[-148.604054418,-79.66510430721874],[-145.66779037991407,-80.51507226376171],[-152.08118149319532,-82.60135308651562],[-153.3097428945625,-83.94192925839062],[-148.75858017483594,-85.07398644833202],[-156.56282516995313,-85.460331358],[-167.22606369534375,-84.76490441708202],[-180,-84.32231561092968],[-180,-85.32231561092968],[-180,-86.32231561092968],[-180,-87.32231561092968],[-180,-88.32231561092968],[-180,-89.32231561092968],[-180,-90],[-179.203663793,-90],[-178.203663793,-90],[-177.203663793,-90],[-176.203663793,-90],[-175.203663793,-90],[-174.203663793,-90],[-173.203663793,-90],[-172.203663793,-90],[-171.203663793,-90],[-170.203663793,-90],[-169.203663793,-90],[-168.203663793,-90],[-167.203663793,-90],[-166.203663793,-90],[-165.203663793,-90],[-164.203663793,-90],[-163.203663793,-90],[-162.203663793,-90],[-161.203663793,-90],[-160.203663793,-90],[-159.203663793,-90],[-158.203663793,-90],[-157.203663793,-90],[-156.203663793,-90],[-155.203663793,-90],[-154.203663793,-90],[-153.203663793,-90],[-152.203663793,-90],[-151.203663793,-90],[-150.203663793,-90],[-149.203663793,-90],[-148.203663793,-90],[-147.203663793,-90],[-146.203663793,-90],[-145.203663793,-90],[-144.203663793,-90],[-143.203663793,-90],[-142.203663793,-90],[-141.203663793,-90],[-140.203663793,-90],[-139.203663793,-90],[-138.203663793,-90],[-137.203663793,-90],[-136.203663793,-90],[-135.203663793,-90],[-134.203663793,-90],[-133.203663793,-90],[-132.203663793,-90],[-131.203663793,-90],[-130.203663793,-90],[-129.203663793,-90],[-128.203663793,-90],[-127.203663793,-90],[-126.203663793,-90],[-125.203663793,-90],[-124.203663793,-90],[-123.203663793,-90],[-122.203663793,-90],[-121.203663793,-90],[-120.203663793,-90],[-119.203663793,-90],[-118.203663793,-90],[-117.203663793,-90],[-116.203663793,-90],[-115.203663793,-90],[-114.203663793,-90],[-113.203663793,-90],[-112.203663793,-90],[-111.203663793,-90],[-110.203663793,-90],[-109.203663793,-90],[-108.203663793,-90],[-107.203663793,-90],[-106.203663793,-90],[-105.203663793,-90],[-104.203663793,-90],[-103.203663793,-90],[-102.203663793,-90],[-101.203663793,-90],[-100.203663793,-90],[-99.203663793,-90],[-98.203663793,-90],[-97.203663793,-90],[-96.203663793,-90],[-95.203663793,-90],[-94.203663793,-90],[-93.203663793,-90],[-92.203663793,-90],[-91.203663793,-90],[-90,-90],[-89.203663793,-90],[-88.203663793,-90],[-87.203663793,-90],[-86.203663793,-90],[-85.203663793,-90],[-84.203663793,-90],[-83.203663793,-90],[-82.203663793,-90],[-81.203663793,-90],[-80.203663793,-90],[-79.203663793,-90],[-78.203663793,-90],[-77.203663793,-90],[-76.203663793,-90],[-75.203663793,-90],[-74.203663793,-90],[-73.203663793,-90],[-72.203663793,-90],[-71.203663793,-90],[-70.203663793,-90],[-69.203663793,-90],[-68.203663793,-90],[-67.203663793,-90],[-66.203663793,-90],[-65.203663793,-90],[-64.203663793,-90],[-63.203663793,-90],[-62.203663793,-90],[-61.203663793,-90],[-60.203663793,-90],[-59.203663793,-90],[-58.203663793,-90],[-57.203663793,-90],[-56.203663793,-90],[-55.203663793,-90],[-54.203663793,-90],[-53.203663793,-90],[-52.203663793,-90],[-51.203663793,-90],[-50.203663793,-90],[-49.203663793,-90],[-48.203663793,-90],[-47.203663793,-90],[-46.203663793,-90],[-45.203663793,-90],[-44.203663793,-90],[-43.203663793,-90],[-42.203663793,-90],[-41.203663793,-90],[-40.203663793,-90],[-39.203663793,-90],[-38.203663793,-90],[-37.203663793,-90],[-36.203663793,-90],[-35.203663793,-90],[-34.203663793,-90],[-33.203663793,-90],[-32.203663793,-90],[-31.203663793,-90],[-30.203663793,-90],[-29.203663793,-90],[-28.203663793,-90],[-27.203663793,-90],[-26.203663793,-90],[-25.203663793,-90],[-24.203663793,-90],[-23.203663793,-90],[-22.203663793,-90],[-21.203663793,-90],[-20.203663793,-90],[-19.203663793,-90],[-18.203663793,-90],[-17.203663793,-90],[-16.203663793,-90],[-15.203663793,-90],[-14.203663793,-90],[-13.203663793,-90],[-12.203663793,-90],[-11.203663793,-90],[-10.203663793,-90],[-9.203663793,-90],[-8.203663793,-90],[-7.203663793,-90],[-6.203663793,-90],[-5.203663793,-90],[-4.203663793,-90],[-3.203663793,-90],[-2.203663793,-90],[-1.203663793,-90],[-0.203663793,-90],[0.77805617770313,-90],[1.77805617770313,-90],[2.77805617770313,-90],[3.77805617770313,-90],[4.77805617770313,-90],[5.77805617770313,-90],[6.77805617770313,-90],[7.77805617770313,-90],[8.77805617770313,-90],[9.77805617770313,-90],[10.77805617770313,-90],[11.77805617770313,-90],[12.77805617770313,-90],[13.77805617770313,-90],[14.77805617770313,-90],[15.77805617770313,-90],[16.77805617770313,-90],[17.77805617770313,-90],[18.77805617770313,-90],[19.77805617770313,-90],[20.77805617770313,-90],[21.77805617770313,-90],[22.77805617770313,-90],[23.77805617770313,-90],[24.77805617770313,-90],[25.77805617770313,-90],[26.77805617770313,-90],[27.77805617770313,-90],[28.77805617770313,-90],[29.77805617770313,-90],[30.77805617770313,-90],[31.77805617770313,-90],[32.77805617770312,-90],[33.77805617770312,-90],[34.77805617770312,-90],[35.77805617770312,-90],[36.77805617770312,-90],[37.77805617770312,-90],[38.77805617770312,-90],[39.77805617770312,-90],[40.77805617770312,-90],[41.77805617770312,-90],[42.77805617770312,-90],[43.77805617770312,-90],[44.77805617770312,-90],[45.77805617770312,-90],[46.77805617770312,-90],[47.77805617770312,-90],[48.77805617770312,-90],[49.77805617770312,-90],[50.77805617770312,-90],[51.77805617770312,-90],[52.77805617770312,-90],[53.77805617770312,-90],[54.77805617770312,-90],[55.77805617770312,-90],[56.77805617770312,-90],[57.77805617770312,-90],[58.77805617770312,-90],[59.77805617770312,-90],[60.77805617770312,-90],[61.77805617770312,-90],[62.77805617770312,-90],[63.77805617770312,-90],[64.77805617770312,-90],[65.77805617770312,-90],[66.77805617770312,-90],[67.77805617770312,-90],[68.77805617770312,-90],[69.77805617770312,-90],[70.77805617770312,-90],[71.77805617770312,-90],[72.77805617770312,-90],[73.77805617770312,-90],[74.77805617770312,-90],[75.77805617770312,-90],[76.77805617770312,-90],[77.77805617770312,-90],[78.77805617770312,-90],[79.77805617770312,-90],[80.77805617770312,-90],[81.77805617770312,-90],[82.77805617770312,-90],[83.77805617770312,-90],[84.77805617770312,-90],[85.77805617770312,-90],[86.77805617770312,-90],[87.77805617770312,-90],[88.77805617770312,-90],[89.77805617770312,-90],[89.796336207,-90],[90,-90],[91.77805617770312,-90],[92.77805617770312,-90],[93.77805617770312,-90],[94.77805617770312,-90],[95.77805617770312,-90],[96.77805617770312,-90],[97.77805617770312,-90],[98.77805617770312,-90],[99.77805617770312,-90],[100.77805617770312,-90],[101.77805617770312,-90],[102.77805617770312,-90],[103.77805617770312,-90],[104.77805617770312,-90],[105.77805617770312,-90],[106.77805617770312,-90],[107.77805617770312,-90],[108.77805617770312,-90],[109.77805617770312,-90],[110.77805617770312,-90],[111.77805617770312,-90],[112.77805617770312,-90],[113.77805617770312,-90],[114.77805617770312,-90],[115.77805617770312,-90],[116.77805617770312,-90],[117.77805617770312,-90],[118.77805617770312,-90],[119.77805617770312,-90],[120.77805617770312,-90],[121.77805617770312,-90],[122.77805617770312,-90],[123.77805617770312,-90],[124.77805617770312,-90],[125.77805617770312,-90],[126.77805617770312,-90],[127.77805617770312,-90],[128.77805617770312,-90],[129.77805617770312,-90],[130.77805617770312,-90],[131.77805617770312,-90],[132.77805617770312,-90],[133.77805617770312,-90],[134.77805617770312,-90],[135.77805617770312,-90],[136.77805617770312,-90],[137.77805617770312,-90],[138.77805617770312,-90],[139.77805617770312,-90],[140.77805617770312,-90],[141.77805617770312,-90],[142.77805617770312,-90],[143.77805617770312,-90],[144.77805617770312,-90],[145.77805617770312,-90],[146.77805617770312,-90],[147.77805617770312,-90],[148.77805617770312,-90],[149.77805617770312,-90],[150.77805617770312,-90],[151.77805617770312,-90],[152.77805617770312,-90],[153.77805617770312,-90],[154.77805617770312,-90],[155.77805617770312,-90],[156.77805617770312,-90],[157.77805617770312,-90],[158.77805617770312,-90],[159.77805617770312,-90],[160.77805617770312,-90],[161.77805617770312,-90],[162.77805617770312,-90],[163.77805617770312,-90],[164.77805617770312,-90],[165.77805617770312,-90],[166.77805617770312,-90],[167.77805617770312,-90],[168.77805617770312,-90],[169.77805617770312,-90],[170.77805617770312,-90],[171.77805617770312,-90],[172.77805617770312,-90],[173.77805617770312,-90],[174.77805617770312,-90],[175.77805617770312,-90],[176.77805617770312,-90],[177.77805617770312,-90],[178.77805617770312,-90],[180,-90],[180,-89.31921807674999],[180,-88.31921807674999],[180,-87.31921807674999],[180,-86.31921807674999],[180,-85.31921807674999],[180,-84.34037438778515],[169.76938918551562,-83.41788903622265]]]]},"properties":{"NAME":null,"SUBJECTO":null,"PARTOF":null}},
{"type":"Feature","geometry":{"type":"Polygon","coordinates":[[[14.52419024141788,45.26641617040649],[15.41231826266406,43.93475683780079],[16.99226287325977,43.32271536441211],[19.36771300753711,41.84637030215625],[20.57498076876758,41.92991217227344],[21.03163817843555,40.72679098697071],[22.9202432962334,41.23068960757618],[22.32635024508594,42.29267462344532],[22.91516402682422,43.17640265078907],[22.69400123080371,44.2630916461504],[21.36748794039844,44.80874975772266],[20.31473449191211,46.13150747866992],[17.79440787753223,45.80665167422656],[16.25957396945117,46.88880499453906],[14.14074573558689,46.43325753192397],[14.52419024141788,45.26641617040649]]]},"properties":{"NAME":"Yugoslavia","SUBJECTO":"Yugoslavia","PARTOF":"Yugoslavia"}},
{"type":"Feature","geometry":{"type":"Polygon","coordinates":[[[22.69400123080371,44.2630916461504],[22.91516402682422,43.17640265078907],[22.32635024508594,42.29267462344532],[22.9202432962334,41.23068960757618],[26.03642180880664,41.29269751162891],[27.91795257052539,41.97767218203907],[28.03463843783496,43.39190252871875],[26.5728607660635,44.21320992721194],[25.37810615023731,43.78062399478321],[22.69400123080371,44.2630916461504]]]},"properties":{"NAME":"Bulgaria","SUBJECTO":"Bulgaria","PARTOF":"Bulgaria"}},
{"type":"Feature","geometry":{"type":"Polygon","coordinates":[[[101.96785262545701,22.533715806917],[102.99293807467578,20.93963202090625],[104.12909224948046,20.93991049380664],[104.71581557711718,20.20043905825977],[103.89931014498828,19.31308706851368],[104.8121595712578,18.7215705737627],[106.63819411715625,16.48433836551075],[107.46341231783984,14.99676188083057],[107.38450149020312,12.35407599063282],[108.82047885164695,11.2673114024118],[109.30712417086718,12.9063325748003],[108.78612044772267,15.09055861087207],[108.23614791354296,16.08038099856739],[106.43306258639451,17.55027922244434],[105.53258040866017,18.84421118350391],[106.80704024752734,20.90500601382618],[107.87561324557421,21.46206816287403],[107.09811690768358,21.649287782625],[105.31343368014451,23.29600485415821],[104.47811416110156,22.78323134036426],[101.96785262545701,22.533715806917]]]},"properties":{"NAME":"Annam","SUBJECTO":"Annam","PARTOF":"Annam"}},
{"type":"Feature","geometry":{"type":"Polygon","coordinates":[[[108.82047885164695,11.2673114024118],[107.38450149020312,12.35407599063282],[105.84254744967578,11.5827070102251],[105.49370864352343,10.88821848483448],[104.38717940768358,10.31441267581348],[104.97852614840625,9.9809118136919],[104.7424803110039,8.49366911502246],[106.48202804049608,9.55212076754932],[108.82047885164695,11.2673114024118]]]},"properties":{"NAME":"Cochin China","SUBJECTO":"Cochin China","PARTOF":"Cochin China"}},
{"type":"Feature","geometry":{"type":"Polygon","coordinates":[[[53.02094939669726,16.65376814456348],[51.80605224093554,18.98287542910938],[47.5233641000664,17.51555975528125],[45.77568454620093,15.34491936237136],[43.87023393922843,12.65719346068946],[46.60119918307421,13.40054567904834],[49.33384993991015,14.63269575686817],[52.13516906222461,15.68705996127491],[53.02094939669726,16.65376814456348]]]},"properties":{"NAME":"Yemen","SUBJECTO":"Yemen","PARTOF":"Yemen"}},
{"type":"Feature","geometry":{"type":"Polygon","coordinates":[[[41.60989287814258,-1.8767404928648],[42.44006637057422,-0.51158014683362],[43.72430709323047,0.80025144667987],[46.36050322970507,2.66783102603321],[48.47157958468554,5.20143374057178],[50.77938369235156,9.36842020602588],[51.18070510348437,11.77744825930957],[49.30350020846484,11.2460256442583],[48.44251190816117,11.2964660873048],[48.67703710943231,8.39047880963701],[47.90248015841601,7.87817295642261],[44.9946775766289,4.81664427371387],[43.87238982638476,4.83539541812305],[41.7652197214043,3.82503803820972],[41.023142847625,2.71471222491626],[41.05956176241992,-1.07975438980694],[41.60989287814258,-1.8767404928648]]]},"properties":{"NAME":"Italian Somaliland","SUBJECTO":"Italy","PARTOF":"Italian Somaliland"}},
{"type":"Feature","geometry":{"type":"Polygon","coordinates":[[[47.90248015841601,7.87817295642261],[48.67703710943231,8.39047880963701],[48.44251190816117,11.2964660873048],[46.67734435519336,10.70027597995166],[45.90936568698046,10.83206423373584],[44.28083709200976,10.39646586032276],[43.29847625216601,11.47555216403369],[42.92759993991015,10.89275129886035],[42.80173018893359,10.34548529239063],[43.85603240450976,9.02988203616504],[46.95213607272265,7.92972954364185],[47.90248015841601,7.87817295642261]]]},"properties":{"NAME":"British Somaliland","SUBJECTO":"United Kingdom of Great Britain and Ireland","PARTOF":"British Somaliland"}},
{"type":"Feature","geometry":{"type":"Polygon","coordinates":[[[-16.56660553494336,12.30981119723682],[-13.69385716000439,12.62344225497608],[-13.69176384487988,11.88605555148487],[-15.00829502621533,11.1017442569292],[-13.6800517706001,9.9156452045],[-13.16425224820019,8.85076578708057],[-12.38555141964795,9.79602297397022],[-11.29003616848828,9.89786490054492],[-10.37703033963086,8.07561167331104],[-7.41868874112012,5.73182400317554],[-7.56249329129102,4.35118445010547],[-4.99997135678174,5.23827084155445],[-2.74973889866712,5.09555824847583],[-3.19360348263623,6.60234459491138],[-2.52490588703992,8.27805956454639],[-2.70245214978101,10.92766340823535],[0.06400722583888,11.06482370944385],[0.92512420138477,10.89829596133594],[1.58696213683246,9.08429487796192],[1.76100877246021,6.25322588534717],[2.76680806597827,6.3481140956438],[2.76420453509448,8.86245401950244],[3.8306117387688,10.70573767276172],[3.72241428813098,12.53569944949512],[4.19021323641895,13.47918280215625],[5.50139144381641,13.79202707858448],[6.86370948275684,13.06275995822315],[8.09526732882617,13.27978571505909],[9.05742076357959,12.82148321719532],[10.41347030123828,13.30618914218311],[12.25196555575488,13.07552488894825],[13.53872874697803,13.65514525027637],[13.48041442355274,14.4047809466875],[15.48862937411426,16.88894232364063],[15.66840842684863,19.55293043704395],[15.96227744540332,20.32363852115039],[15.2076082559502,21.41871794314746],[14.9677114816582,22.9680305347002],[14.18009761294482,22.56940992923145],[11.9590149255669,23.47169073672657],[7.53844788989185,20.91636236758594],[5.77546933611987,19.44418676944141],[3.22516873797534,18.95255240054493],[3.18709186038135,19.74685629458789],[1.83947876414417,20.16483648867969],[1.08736875971912,21.13296469302539],[-1.65115663090588,22.84594496341114],[-5.50198074856641,25.40440901370411],[-8.62915035763623,27.17267759890918],[-8.68841263333203,25.91361769290333],[-11.64272209683301,25.92831953616504],[-11.91697321791246,25.58712812194179],[-11.99052521267773,23.47873838992481],[-13.11656090298535,22.78560408206348],[-13.02439972439648,21.27945669741993],[-17.01608368435742,21.31414755435352],[-16.34728142300488,20.52261694522266],[-15.98269173184277,18.17839964480762],[-16.45005508938672,16.11839064212207],[-17.05006500759961,14.58556231112842],[-16.45510384121777,13.57107409091358],[-15.30197521725537,13.57107409091358],[-16.0130014089668,13.13888128848438],[-16.77557274380566,13.14534338565235],[-16.56660553494336,12.30981119723682]]]},"properties":{"NAME":"French West Africa","SUBJECTO":"France","PARTOF":"French West Africa"}},
{"type":"Feature","geometry":{"type":"Polygon","coordinates":[[[11.21765998324512,2.05425675959949],[11.23875812014697,0.91024496407871],[9.62897971591113,0.8895296082056],[8.81520942172168,-0.89580253510113],[9.65644553622363,-2.41909948734875],[11.77260306796191,-4.53698102383252],[11.99968818148731,-5.00410691647168],[13.01719764193652,-4.76824466137524],[15.99358085116504,-3.66990748791333],[16.09792426547168,-2.3280390873396],[17.45471290072559,-0.84525028614636],[17.96028045138477,2.08803351970081],[18.61234191378711,4.3229299411333],[19.57827094515918,5.07867725940113],[20.56206229647754,4.34087332339649],[22.41739371737598,4.06589754672412],[25.48817733248828,5.31084736438159],[27.24372771700977,5.16238173098926],[26.94538787325977,5.87246569247608],[25.29912093600391,7.33088978381519],[25.28798583468555,7.72488888354663],[23.52215865573047,8.61057718844776],[23.6336164804375,9.66629179568653],[22.81895163973926,10.90716799350147],[22.26095679720996,12.67705210299854],[21.77804473361133,12.80131109805469],[23.01307395419238,15.68120058627491],[23.95093825778125,15.69943007083301],[23.94972327670215,19.47427710147266],[20.54801467379688,21.16387327762012],[15.97051719149707,23.38058813662891],[14.9677114816582,22.9680305347002],[15.2076082559502,21.41871794314746],[15.96227744540332,20.32363852115039],[15.66840842684863,19.55293043704395],[15.48862937411426,16.88894232364063],[13.48041442355274,14.4047809466875],[13.53872874697803,13.65514525027637],[14.03343680819629,13.06061895938282],[15.00175384005664,12.01764448733692],[15.16351035555957,10.37243422122364],[13.91085818728565,9.55145510287647],[15.00443175753711,8.54097517581348],[15.4634390207207,7.58393963427906],[14.4029674859917,5.82972391696338],[15.12370971163867,3.60935672374134],[16.0767374368584,2.12768086047534],[14.891231569854,1.98713501544361],[11.21765998324512,2.05425675959949]]]},"properties":{"NAME":"French Equatorial Africa","SUBJECTO":"France","PARTOF":"French Equatorial Africa"}},
{"type":"Feature","geometry":{"type":"Polygon","coordinates":[[[-14.67117087176083,25.59595864917842],[-11.91697321791246,25.58712812194179],[-11.64272209683301,25.92831953616504],[-8.68841263333203,25.91361769290333],[-8.62915035763623,27.17267759890918],[-8.64120956936719,27.56676252932911],[-13.12364002743603,27.54634436221485],[-14.67117087176083,25.59595864917842]]]},"properties":{"NAME":"Spanish Sahara","SUBJECTO":"Spanish Sahara","PARTOF":"Spanish Sahara"}},
{"type":"Feature","geometry":{"type":"Polygon","coordinates":[[[-17.01608368435742,21.31414755435352],[-13.02439972439648,21.27945669741993],[-13.11656090298535,22.78560408206348],[-11.99052521267773,23.47873838992481],[-11.91697321791246,25.58712812194179],[-14.67117087176083,25.59595864917842],[-14.82004639187695,24.73287733645801],[-15.71402546444775,23.87305792422657],[-17.01608368435742,21.31414755435352]]]},"properties":{"NAME":"Rio De Oro","SUBJECTO":"Rio De Oro","PARTOF":"Rio De Oro"}},
{"type":"Feature","geometry":{"type":"Polygon","coordinates":[[[11.78128150424121,-17.33601609615918],[12.07951262911914,-18.49144021420117],[14.41546634158252,-22.26766816525097],[14.84333136996387,-25.62222329525585],[15.45380404910205,-27.6164592876875],[16.78830054720996,-29.13892403988476],[18.17856124362109,-31.80529824642773],[18.48715690096973,-34.39771691708203],[20.25607207736133,-34.62289086727734],[22.68177512606738,-34.10311547665234],[24.42993834933399,-34.33470193295117],[26.65865615328906,-33.84707299618359],[28.92185309847949,-32.29790917782421],[32.23474410494922,-28.74441758541699],[32.84903624972461,-26.97888413815136],[32.16332152804492,-27.00941888241406],[31.33123687228321,-27.40850106625195],[30.81177810153125,-26.75012437252636],[32.01336959323047,-26.08180848507519],[31.91113952120899,-24.34002343563671],[31.27840522250293,-22.55690614132519],[29.23344710787891,-22.18731347469922],[28.21540549716113,-22.71462289242382],[25.86497786959766,-24.87105790524121],[25.37594703158496,-25.84038773922558],[22.93836310824512,-25.44754640011425],[22.17236617526172,-26.5583480968916],[20.77331450900195,-26.95427934078808],[20.40288642367481,-25.32870141415234],[19.84275535067676,-24.94410935787792],[19.88604072054981,-22.11461297421093],[20.91899589022754,-22.05772439388867],[20.94997695407031,-18.39545098690625],[25.00001243075488,-17.81219903378125],[23.22916129550098,-17.66365090756054],[21.45908454379199,-18.02371446041699],[19.04725173434375,-17.88529244808789],[18.44972327670215,-17.50734368710156],[13.77560618838428,-17.38222161678906],[13.00799849948047,-17.03073159603711],[11.78128150424121,-17.33601609615918]],[[27.84791854342578,-30.78634873776074],[27.07080558261035,-29.79869691280957],[28.61561110934375,-28.72145120052929],[29.43618491610645,-29.42901269344921],[27.84791854342578,-30.78634873776074]]]},"properties":{"NAME":"Union of South Africa","SUBJECTO":"Union of South Africa","PARTOF":"Union of South Africa"}},
{"type":"Feature","geometry":{"type":"Polygon","coordinates":[[[91.60775283297656,27.64145048709278],[94.57171157321093,29.20070990176563],[96.2545652719414,28.38531263919239],[98.00866225680468,28.09075506778125],[98.9547292919813,28.96054984968332],[98.92514716941388,31.09347049532121],[97.70344489796338,32.55011551128145],[95.52630879884,31.73564733031443],[95.27570320469631,32.4248127142096],[92.95203306986112,32.69623170730459],[90.41952531096003,33.2414243498458],[89.8244041566891,34.19330564056868],[89.8335701623006,34.89908807265492],[89.56634295279787,36.05746181310546],[89.56634295279785,36.05746181310546],[88.52206235539614,36.50017951780404],[86.24796657894365,36.15857714795067],[84.09831478307095,35.35555185108775],[82.58687285875473,35.74907774196795],[81.69217848547466,35.2572278847569],[80.4470681468025,35.42448151233973],[79.83720520687247,34.50647205116811],[78.80669692477343,34.1997371539629],[78.62453750094531,33.50422628970508],[79.56532576998828,32.70180853457813],[79.10879043063281,31.45927771182422],[81.02130416354296,30.24651106448536],[81.65574935397265,30.45483358950977],[85.14416793307421,28.34179457278614],[87.21436599215625,27.84329374881153],[88.19726088961718,27.87575491519336],[88.80257705172656,27.18099173159961],[89.36553481539843,27.8761287555254],[91.1522474618828,28.0323673114336],[91.60775283297656,27.64145048709278]]]},"properties":{"NAME":"Tibet","SUBJECTO":"Tibet","PARTOF":"Tibet"}},
{"type":"Feature","geometry":{"type":"MultiPolygon","coordinates":[[[[101.0139875741875,21.44242056460743],[101.96785262545701,22.533715806917],[104.47811416110156,22.78323134036426],[105.31343368014451,23.29600485415821],[107.09811690768358,21.649287782625],[107.87561324557421,21.46206816287403],[109.11740401705858,21.39900930972461],[110.0772199960625,20.86748274417286],[111.0855970712578,21.47940214724903],[112.74952224215625,21.75606878848438],[113.71678451022267,22.48221548648243],[116.34061721285939,22.9133315906084],[118.81294539889451,24.84941443057422],[119.428904566375,26.59083136172657],[121.35852340182421,28.38566359134083],[121.77031997164843,29.83428152652149],[121.60595992526171,31.82762678714161],[120.66086104830858,32.54311712832813],[119.97359755953906,34.13522299380665],[119.02086165866017,34.69193228335743],[120.13933852633593,36.19480093570118],[121.84669784030078,36.86017569156055],[120.65811446627734,37.73646505923633],[119.59885695895312,37.11661871524219],[118.87524703463671,37.94942816348438],[117.58946517428517,38.28448065371875],[117.75288680514451,39.20253714175586],[119.3365138687486,39.78616418758407],[119.65965725165864,41.05377231206475],[121.3077260977982,42.6359184043587],[121.76918537471725,44.15214174280708],[119.5278117439675,44.61360101972614],[119.71468408221509,46.71754876780269],[119.58138564547656,46.64740332217578],[116.47667220553517,46.30715521426563],[115.62134841403125,45.49479254336719],[113.76871016940234,44.86583288760547],[112.10167983492968,45.14022406192188],[111.94530013522267,43.86007269473438],[109.37953475436328,42.43508490176563],[107.35880568942189,42.41124304385547],[105.02496627291796,41.5852352008379],[101.7360105844414,42.54075964541797],[98.21802047213671,42.59848364444141],[96.33866025508883,42.78884234223151],[96.09402888609944,41.9971271161585],[94.15113253014836,41.40260795564343],[93.00450517253788,40.58525561158661],[92.39934073379902,38.9945673567829],[90.1060860185781,38.4728141468336],[91.34826565598944,37.08833732454092],[91.25271337618857,36.11672049090093],[89.56634295279787,36.05746181310546],[89.8335701623006,34.89908807265492],[89.8244041566891,34.19330564056868],[90.41952531096003,33.2414243498458],[92.95203306986112,32.69623170730459],[95.27570320469631,32.4248127142096],[95.52630879884,31.73564733031443],[97.70344489796338,32.55011551128145],[98.92514716941388,31.09347049532121],[98.9547292919813,28.96054984968332],[98.00866225680468,28.09075506778125],[98.63722518405078,27.47874220462208],[98.73374465426562,26.34318121524219],[97.52405074557421,24.79999693484668],[98.76916030367968,24.08975752444629],[99.15594008883593,22.30784376712207],[101.0139875741875,21.44242056460743]]],[[[108.5604734750664,19.06029661746387],[109.42965224703906,18.09662207217578],[110.26251510104296,18.62562712283496],[110.61735061129689,20.01746138186817],[109.55032638033984,19.91355665774707],[108.5604734750664,19.06029661746387]]]]},"properties":{"NAME":"Chinese Warlords","SUBJECTO":"Chinese Warlords","PARTOF":"Chinese Warlords"}},
{"type":"Feature","geometry":{"type":"Polygon","coordinates":[[[119.71468408221509,46.71754876780269],[119.5278117439675,44.61360101972614],[121.76918537471725,44.15214174280708],[121.3077260977982,42.6359184043587],[119.65965725165864,41.05377231206475],[119.3365138687486,39.78616418758407],[121.01060775241017,40.85068091006641],[122.10791305026171,40.35372122378711],[122.0274916025078,39.25575979800586],[124.13388350924608,39.84314306826954],[126.47417739352343,41.6515079364336],[128.09849074801562,41.44936331363086],[130.22588637789843,42.65130194278125],[131.13964370211718,43.22656210513477],[130.99053481539843,44.81742819400196],[132.7776136728203,44.98773916812305],[134.16527846774218,47.3346019610918],[134.11167434176562,48.24926718325977],[130.92454055270312,47.73228796573047],[130.47582534274218,48.89962347598438],[127.71199325045701,49.69929464908008],[126.18638900241017,52.51814612002735],[125.5091810556328,53.15678747744922],[123.3526106210625,53.51029928775196],[121.18775466403125,53.31972845645313],[119.18234542330858,50.70172079654102],[119.29120162448046,50.12498434634571],[117.4905271860039,49.58627661319141],[116.75977614840625,49.92989309878711],[115.5963621469414,48.10479696841602],[118.77115920504689,47.86196478457813],[119.76784041842578,46.74552115054492],[119.71468408221509,46.71754876780269]]]},"properties":{"NAME":"Manchuria","SUBJECTO":"Manchuria","PARTOF":"Manchuria"}},
{"type":"Feature","geometry":{"type":"Polygon","coordinates":[[[16.25957396945117,46.88880499453906],[17.79440787753223,45.80665167422656],[20.31473449191211,46.13150747866992],[21.33972266635059,46.52524527163867],[23.02892783602832,48.0122257098711],[21.37954429110645,48.59650381656055],[17.7629444,47.7493611],[17.0789082,48.0782442],[16.25957396945117,46.88880499453906]]]},"properties":{"NAME":"Hungary","SUBJECTO":"Hungary","PARTOF":"Hungary"}},
{"type":"Feature","geometry":{"type":"MultiPolygon","coordinates":[[[[27.34886268099903,57.52635916324024],[28.18977645358203,56.25098761172656],[27.58046821078418,55.78117712588672],[26.8135067,53.0639134],[27.6113878,52.5780198],[27.2103868,50.6085181],[26.3060759,50.1994296],[26.3695906,48.5417279],[28.41541579684375,48.08221014590625],[28.90822219965315,47.81838816108358],[30.43284740345622,46.17574956961106],[33.63883880099414,45.92677267642383],[34.01372436007617,44.49212225528125],[35.5709811,45.296145],[34.8141986,46.1499444],[37.42214492282031,47.07688101382617],[37.97017196139453,46.44128378482227],[37.47389129122851,44.69235952945118],[40.09806350192187,43.37755163760547],[40.80813888033984,43.5272403583086],[44.9779653879082,42.7719913348711],[46.55577758273242,41.87845572085743],[47.98832610568164,41.21894415469532],[48.68323806246875,41.83590658755665],[47.56529525241015,43.0077091083086],[46.84594634493945,44.44641073794727],[47.55630401095507,45.4534984454668],[49.53451446017382,46.54151877017383],[51.36885741671679,47.09002264590625],[53.18521789034961,46.86522635074024],[52.60973647555468,45.39955099673633],[50.87430480441211,44.62624701114063],[51.17103484591601,43.71806677432422],[52.51981643160937,42.07255514712696],[53.98521712741015,42.10553701968555],[54.81849578341601,40.87956961245899],[53.25730040988086,40.76463278384571],[52.84545043429492,40.18038138003711],[54.07141784152148,38.89694555850391],[54.01511290988086,37.34832724185352],[55.35565856417773,38.03765066714649],[57.22546676119921,38.18818625064258],[59.24048140963671,37.44784124942188],[61.22134307345507,35.58161505313282],[62.67759231051562,35.26546057315235],[64.540720972625,36.33809240908985],[65.72472670992968,37.49027975650196],[67.8555403085625,36.85289343448047],[71.44410994967578,37.8340144977129],[71.84756759127734,36.7160716876543],[73.04716018160937,37.32828863711719],[74.73327163180468,37.20940359683399],[74.57975295504687,38.59007986636524],[73.8270750375664,39.78373297305469],[75.42999556979296,40.6102367267168],[78.40125564059375,41.22801550479297],[80.10927871188281,41.99955328555469],[80.77205947360156,43.38245733828907],[80.23662856539843,45.12263449283008],[82.4398908945,45.73547705264453],[83.25171187838671,47.29487570376758],[85.47764876803515,47.09266241641406],[85.60924819430468,48.1003375873125],[87.86840346774218,49.23288687320117],[90,50.30670126529102],[92.15972426852343,50.75528677554492],[94.21045974215625,50.54928549380664],[94.69996932467578,50.02679785342578],[97.42278579196093,49.78633841128711],[97.93963149508593,51.2269359454668],[98.91755965670701,52.03695639224414],[102.11743453463671,51.36111029239063],[102.63903335055468,50.4561839923418],[105.1551008554375,50.44330938907031],[104.46365136926588,51.46992210493305],[108.30031061291854,53.57389652887161],[109.53794262700004,55.18281814717755],[109.4141794255919,56.5442133626672],[110.28052183544897,57.41055577252425],[111.8894434537549,57.65808217534055],[114.8597602875505,55.80163415421831],[118.44889312838686,55.0590549457694],[123.52318438612102,55.18281814717755],[130.57768686638556,54.68776534154495],[134.89373305758593,54.71992453189258],[137.22909072360156,55.98272284121875],[140.58739760836718,58.23931082339649],[142.8458509775078,59.27252539248828],[148.4160871835625,59.09739264102344],[151.1402082773125,59.43957098575],[153.92443374117968,58.92234762759571],[154.31565383395312,59.98334845157031],[157.09798720797656,61.63339956851367],[158.841258082,61.78396948428516],[160.64498427828906,60.71775396914844],[164.13767531832812,62.53265341372852],[163.329295191375,60.69494970889453],[158.32625869235156,58.02682074160938],[156.77685073336718,57.58045538516406],[155.62757399996875,56.26791723819141],[155.46520522555468,54.91977270694141],[156.69637587985156,50.95774801822071],[157.8977766366875,51.6660228595293],[158.46136001071093,52.82596167178516],[159.89686110934375,53.24057730288867],[159.93114760836718,54.08635672183399],[162.0082044931328,54.73822363467578],[161.50274184664843,55.2873721942461],[162.512400660125,57.03349264712696],[161.80436233004687,58.10172232241992],[163.38868239840625,59.81406363101367],[165.77999404391406,60.35411413760547],[170.33680251559375,60.27710302920703],[173.4809065195,61.60110052676563],[179.28769973239062,62.81507834048633],[178.14725783785937,64.1566348895586],[180,64.95347937198048],[180,65.05193670840626],[180,65.31103094668751],[180,65.3816333636797],[180,65.96313055606251],[180,66.96313055606251],[180,67.96313055606251],[180,68.91989477725392],[175.61097243746875,69.77942999453907],[170.45170119723437,70.01921423526173],[167.32007888278125,69.65857275576954],[161.96099379977343,69.52816351504688],[159.44381240328906,69.76456030459767],[158.40867141207812,70.81418951602345],[152.13401320895312,70.66443213076954],[146.91512587985156,72.20190008731251],[141.2939710946953,72.78707464785938],[137.62967971285937,71.07541998477345],[132.28361037692187,71.66087683291798],[130.77927688082812,70.678340517],[126.21644118746875,72.38231237979298],[125.71732619723439,73.39780005069142],[120.5785169931328,72.83511694522267],[118.46038344821093,73.51922949405079],[108.33986190280078,73.69124182315235],[113.6250486703789,75.27267035098438],[113.5330076547539,76.09365423770313],[108.24447158297656,76.64641913028126],[103.39330581149218,77.55778845401173],[99.4672346445,75.96692236514454],[90,75.60154303164845],[86.9583235116875,74.78206213565235],[87.69079116305468,73.90001257510548],[80.46401504000781,73.31357916446095],[79.22255996188281,72.27128943057423],[73.21685317477343,71.45773657412892],[74.24957564791796,70.57294806094532],[73.91452315768359,69.15427740664845],[74.74171737155078,67.68622168155079],[72.2088117929375,66.17345770450001],[70.83993056735156,66.55140265078907],[72.8376951547539,67.6456485614336],[72.67970565280078,70.82351263614063],[71.797556910125,71.4318042621172],[72.71399978121875,72.76958807559376],[69.34311202487109,72.83426245303517],[66.81797316989062,71.10538061709767],[67.42175582369921,70.2234302386797],[66.58425429782031,68.8855396136797],[62.28127196749804,69.70512732119923],[57.02422622164843,68.44890936465626],[53.88911727389453,68.78699835391407],[48.08066085299609,67.56245764346485],[45.86343673190234,68.38334997744923],[43.82216552218555,68.32731970401173],[44.38360885104297,66.61201819033985],[39.95132735690234,65.58116491885548],[39.1934423776543,64.51103552432423],[37.41054061373828,63.74949606509571],[35.08176330050586,64.28833349795704],[34.29341414889453,65.39624365420704],[35.77174666842578,66.25886877627735],[39.19002822360156,66.03870733828907],[41.2552976938164,66.93697699160938],[40.82605269869922,67.66004522891407],[37.24586394747851,68.7934985980547],[31.0537824960625,69.63959082217579],[28.69715407809375,68.69552954287892],[29.94611457308887,67.53390844912892],[29.02291396578906,66.88741644473438],[29.61822226962207,64.97341497989063],[31.13995078524707,63.12374075503711],[30.90184691866992,62.12546881289844],[28.43177512606738,60.60346945376758],[28.01309302767871,59.45822104068164],[27.34886268099903,57.52635916324024]]],[[[-175.99059006253125,67.84674414248829],[-180,68.91692694278126],[-180,67.96313055606251],[-180,66.96313055606251],[-180,65.96313055606251],[-180,65.38161810489063],[-180,65.31103094668751],[-180,65.25922735782032],[-178.11627670803907,65.48249395938282],[-173.07701584378125,64.38398321719532],[-172.56233688870313,65.51480444522267],[-170.61266037503125,66.0377612933672],[-171.95799728909375,66.95566900821095],[-175.00623032132032,66.95733221621876],[-175.99059006253125,67.84674414248829]]],[[[54.73616317233203,73.25771673770313],[51.48213485201953,71.84467657657032],[55.72066405734179,71.64242132754688],[54.73616317233203,73.25771673770313]]],[[[54.99362472018359,73.53622778506642],[56.96043685397265,73.35708960147267],[60.88701919039843,75.24749334903126],[66.54819014987109,75.97989233584767],[65.92605880221484,76.50735815616017],[59.01763061007617,75.79893072696095],[54.01755050143359,73.73358496280079],[54.99362472018359,73.53622778506642]]]]},"properties":{"NAME":"White Russia","SUBJECTO":"White Russia","PARTOF":"White Russia"}},
{"type":"Feature","geometry":{"type":"Polygon","coordinates":[[[26.3695906,48.5417279],[24.9576115,47.8009191],[24.0437962234269,47.95392466347582],[23.02892783602832,48.0122257098711],[21.33972266635059,46.52524527163867],[20.31473449191211,46.13150747866992],[21.36748794039844,44.80874975772266],[22.69400123080371,44.2630916461504],[25.37810615023731,43.78062399478321],[26.5728607660635,44.21320992721194],[28.03463843783496,43.39190252871875],[28.68624785861133,44.48805197329883],[30.43284740345622,46.17574956961106],[28.90822219965315,47.81838816108358],[28.41541579684375,48.08221014590625],[26.3695906,48.5417279]]]},"properties":{"NAME":"Romania","SUBJECTO":"Romania","PARTOF":"Romania"}},
{"type":"Feature","geometry":{"type":"Polygon","coordinates":[[[22.53068931859967,49.01079471358621],[22.19643119296191,49.21503790469531],[19.78216079196094,49.24430044741992],[18.54872039279102,49.96172674746875],[18.18776801547168,50.02125509829883],[16.72802260836719,50.14862402530078],[14.59638312777637,51.02297552676563],[12.2353592248833,50.24080618472461],[13.94668296298145,48.65510138125781],[16.66915420016406,48.79378470034961],[16.98896506747363,48.24063452334766],[17.0789082,48.0782442],[17.7629444,47.7493611],[21.37954429110645,48.59650381656055],[23.02892783602832,48.0122257098711],[24.0437962234269,47.95392466347582],[22.53068931859967,49.01079471358621]]]},"properties":{"NAME":"Czechoslovakia","SUBJECTO":"Czechoslovakia","PARTOF":"Czechoslovakia"}},
{"type":"Feature","geometry":{"type":"Polygon","coordinates":[[[40.09806350192187,43.37755163760547],[41.40974334200976,42.78824194522266],[41.48396209200976,41.4365421161211],[43.48926833590625,41.07472952456836],[46.55577758273242,41.87845572085743],[44.9779653879082,42.7719913348711],[40.80813888033984,43.5272403583086],[40.09806350192187,43.37755163760547]]]},"properties":{"NAME":"Georgia","SUBJECTO":"USSR","PARTOF":"Georgia"}},
{"type":"Feature","geometry":{"type":"Polygon","coordinates":[[[44.20520690402148,37.8674274310625],[44.79458907565234,37.13180502505665],[46.18439391574023,35.05844458194141],[45.50621322116015,33.79725226016407],[47.7930403085625,31.79717024417286],[47.68874648532031,30.882104478792],[48.5536489816582,29.99462278933887],[50.1323728891289,30.06642874331836],[51.35013488253711,28.0361343249834],[52.89083388766406,27.05232390017872],[54.6460562082207,26.39131888003711],[55.89973357638476,27.10480459781055],[56.79043105563281,26.97391279788379],[57.25477126559375,25.79328688235645],[59.03145888766406,25.30786665530567],[61.56996444186328,25.03957136721973],[61.94130996188281,26.15635260196094],[63.24054244479296,26.665551744417],[62.67098144015429,28.20536573977833],[61.65926650485156,28.656762681917],[60.82045653781054,29.83334501834278],[61.77916625460742,30.9051528796709],[60.79381469210742,31.578881822542],[60.54009536227343,32.99317511172657],[61.22134307345507,35.58161505313282],[59.24048140963671,37.44784124942188],[57.22546676119921,38.18818625064258],[55.35565856417773,38.03765066714649],[54.01511290988086,37.34832724185352],[53.79965499362109,36.67903860659961],[51.79552367648242,36.43234976382618],[48.8372297616875,37.51097448916797],[48.82495406588671,38.3095775470293],[48.05175689181445,38.68711050601368],[45.40878203829882,39.02770193667774],[45.06317012903871,37.91412418066838],[44.20520690402148,37.8674274310625]]]},"properties":{"NAME":"Iran","SUBJECTO":"Iran","PARTOF":"Iran"}},
{"type":"Feature","geometry":{"type":"Polygon","coordinates":[[[45.40878203829882,39.02770193667774],[43.81239226779101,40.01388128848438],[43.48926833590625,41.07472952456836],[41.48396209200976,41.4365421161211],[40.36101439913867,40.96344336123829],[38.87874702483161,40.97887310348781],[39.35078980078584,39.07146608418057],[41.35678217349879,37.82924506718273],[44.20520690402148,37.8674274310625],[45.06317012903871,37.91412418066838],[45.40878203829882,39.02770193667774]]]},"properties":{"NAME":"Armenia","SUBJECTO":"USSR","PARTOF":"Armenia"}},
{"type":"Feature","geometry":{"type":"Polygon","coordinates":[[[45.40878203829882,39.02770193667774],[48.05175689181445,38.68711050601368],[48.82495406588671,38.3095775470293],[49.80730346163867,40.58070334048633],[48.68323806246875,41.83590658755665],[47.98832610568164,41.21894415469532],[46.55577758273242,41.87845572085743],[43.48926833590625,41.07472952456836],[43.81239226779101,40.01388128848438],[45.40878203829882,39.02770193667774]]]},"properties":{"NAME":"Azerbaijan","SUBJECTO":"USSR","PARTOF":"Azerbaijan"}},
{"type":"Feature","geometry":{"type":"Polygon","coordinates":[[[107.38450149020312,12.35407599063282],[107.46341231783984,14.99676188083057],[106.63819411715625,16.48433836551075],[104.8121595712578,18.7215705737627],[103.89931014498828,19.31308706851368],[104.71581557711718,20.20043905825977],[104.12909224948046,20.93991049380664],[102.99293807467578,20.93963202090625],[101.96785262545701,22.533715806917],[101.0139875741875,21.44242056460743],[100.00115493258593,20.45865019412403],[100.5004148813164,19.43925627322559],[101.8646498056328,18.10740431399707],[102.66148665866017,17.84536512942676],[103.9275617929375,18.27823790164356],[105.47315505465625,15.15017469973926],[105.05652907809375,14.23949678988819],[103.08302596530078,14.29136999698047],[102.33450606783984,13.23258455844287],[102.67077926119921,12.03772410006885],[103.03959182223439,10.89797075839405],[104.38717940768358,10.31441267581348],[105.49370864352343,10.88821848483448],[105.84254744967578,11.5827070102251],[107.38450149020312,12.35407599063282]]]},"properties":{"NAME":"French Indo-China","SUBJECTO":"French Indo-China","PARTOF":"French Indo-China"}},
{"type":"Feature","geometry":{"type":"Polygon","coordinates":[[[7.50658181628345,47.60370596499805],[8.98348728377247,47.67961875929942],[9.11814244473489,47.67853423872031],[9.21605731265623,47.67100283816657],[9.66547071927504,47.55624011404333],[12.70007899722217,47.69024618716602],[13.94668296298145,48.65510138125781],[12.2353592248833,50.24080618472461],[14.59638312777637,51.02297552676563],[16.72802260836719,50.14862402530078],[18.18776801547168,50.02125509829883],[18.26788250473882,50.00804259791558],[18.5508012,50.9889355],[16.1075449,51.9957945],[15.9584999,52.8119968],[17.2850989,53.3944873],[18.0569744,54.8333992],[14.47293666323779,53.87677725406055],[12.65251830538867,54.32142599673633],[11.40782264193652,53.85929068179492],[9.64972075000009,54.84839600000012],[9.61861,54.87353475000012],[9.5452777500001,54.898399],[8.85027674999996,54.87631825000007],[8.84847835024951,53.74967917056446],[7.15993884524463,53.16400106997852],[5.99957564791797,50.74159964175586],[6.1085133882439,50.11745413394336],[6.43304303607105,49.4453311786211],[7.72907784899829,48.6156192645586],[7.50658181628345,47.60370596499805]]]},"properties":{"NAME":"Germany","SUBJECTO":"Germany","PARTOF":"Germany"}},
{"type":"Feature","geometry":{"type":"Polygon","coordinates":[[[105.1551008554375,50.44330938907031],[106.322947535125,50.41669043155078],[109.42404464205858,49.2955394610918],[112.52449325045701,49.46202047915821],[114.098338160125,50.27434881778125],[116.75977614840625,49.92989309878711],[117.4905271860039,49.58627661319141],[119.29120162448046,50.12498434634571],[119.18234542330858,50.70172079654102],[121.18775466403125,53.31972845645313],[123.3526106210625,53.51029928775196],[125.5091810556328,53.15678747744922],[126.18638900241017,52.51814612002735],[127.71199325045701,49.69929464908008],[130.47582534274218,48.89962347598438],[130.92454055270312,47.73228796573047],[134.11167434176562,48.24926718325977],[134.16527846774218,47.3346019610918],[132.7776136728203,44.98773916812305],[130.99053481539843,44.81742819400196],[131.13964370211718,43.22656210513477],[130.22588637789843,42.65130194278125],[130.43509963473437,42.27675970645313],[132.1817884775078,43.19463690371875],[134.1389417978203,42.99295385928516],[136.03397658785937,44.39840658755665],[137.72051528414843,45.99668081851367],[140.08100417575,48.50260504336719],[141.12119582614062,53.051631532625],[140.10245803317187,53.80170401187305],[134.89373305758593,54.71992453189258],[130.57768686638556,54.68776534154495],[123.52318438612102,55.18281814717755],[118.44889312838686,55.0590549457694],[114.8597602875505,55.80163415421831],[111.8894434537549,57.65808217534055],[109.4141794255919,56.5442133626672],[109.53794262700004,55.18281814717755],[108.30031061291854,53.57389652887161],[104.46365136926588,51.46992210493305],[105.1551008554375,50.44330938907031]]]},"properties":{"NAME":"Far Eastern SSR","SUBJECTO":"Far Eastern SSR","PARTOF":"Far Eastern SSR"}},
{"type":"Feature","geometry":{"type":"Polygon","coordinates":[[[-61.686668,17.02444100000014],[-61.794449,17.16333],[-61.887222,17.03305400000011],[-61.686668,17.02444100000014]]]},"properties":{"NAME":"Antigua and Barbuda","SUBJECTO":"Antigua and Barbuda","PARTOF":"Antigua and Barbuda"}},
{"type":"Feature","geometry":{"type":"Polygon","coordinates":[[[91.25271337618857,36.11672049090093],[91.34826565598944,37.08833732454092],[90.1060860185781,38.4728141468336],[92.39934073379902,38.9945673567829],[93.00450517253788,40.58525561158661],[94.15113253014836,41.40260795564343],[96.09402888609944,41.9971271161585],[96.33866025508883,42.78884234223151],[95.24398330172656,44.27702673526172],[93.5071058603203,44.94291647525196],[90,45.32849463076953],[90,47.84468420596485],[88.22992232760546,48.53742178531055],[87.86840346774218,49.23288687320117],[85.60924819430468,48.1003375873125],[85.47764876803515,47.09266241641406],[83.25171187838671,47.29487570376758],[82.4398908945,45.73547705264453],[80.23662856539843,45.12263449283008],[80.77205947360156,43.38245733828907],[80.10927871188281,41.99955328555469],[78.40125564059375,41.22801550479297],[75.42999556979296,40.6102367267168],[73.8270750375664,39.78373297305469],[74.57975295504687,38.59007986636524],[74.73327163180468,37.20940359683399],[74.52053359469531,37.00458105655079],[75.88974288424609,36.02323874087696],[77.84622481783984,35.24300345034961],[78.80669692477343,34.1997371539629],[79.83720520687247,34.50647205116811],[80.4470681468025,35.42448151233973],[81.69217848547466,35.2572278847569],[82.58687285875473,35.74907774196795],[84.09831478307095,35.35555185108775],[86.24796657894365,36.15857714795067],[88.52206235539614,36.50017951780404],[89.56634295279785,36.05746181310546],[91.25271337618857,36.11672049090093]]]},"properties":{"NAME":"Xinjiang","SUBJECTO":"Xinjiang","PARTOF":"Xinjiang"}},
{"type":"Feature","geometry":{"type":"Polygon","coordinates":[[[-59.533058,13.050554],[-59.429169,13.164999],[-59.659447,13.287777],[-59.643333,13.149166],[-59.533058,13.050554]]]},"properties":{"NAME":"Barbados","SUBJECTO":"Barbados","PARTOF":"Barbados"}},
{"type":"Feature","geometry":{"type":"Polygon","coordinates":[[[-61.363617,15.198055],[-61.25528,15.285],[-61.304169,15.57361],[-61.474724,15.486387],[-61.363617,15.198055]]]},"properties":{"NAME":"Dominica","SUBJECTO":"Dominica","PARTOF":"Dominica"}},
{"type":"Feature","geometry":{"type":"Polygon","coordinates":[[[-61.746948,11.997499],[-61.59639,12.125555],[-61.724724,12.172222],[-61.746948,11.997499]]]},"properties":{"NAME":"Grenada","SUBJECTO":"Grenada","PARTOF":"Grenada"}},
{"type":"Feature","geometry":{"type":"Polygon","coordinates":[[[-60.86084,14.402777],[-60.829727,14.57],[-61.034447,14.829166],[-61.231674,14.809444],[-61.03389,14.465832],[-60.86084,14.402777]]]},"properties":{"NAME":"Martinique","SUBJECTO":"Martinique","PARTOF":"Martinique"}},
{"type":"Feature","geometry":{"type":"Polygon","coordinates":[[[-62.171394,16.671387],[-62.137505,16.692776],[-62.176392,16.808609],[-62.236671,16.711941],[-62.171394,16.671387]]]},"properties":{"NAME":"Montserrat","SUBJECTO":"Montserrat","PARTOF":"Montserrat"}},
{"type":"Feature","geometry":{"type":"Polygon","coordinates":[[[-63.167778,18.164444],[-62.993057,18.227219],[-63.057503,18.256386],[-63.167778,18.164444]]]},"properties":{"NAME":"Anguilla","SUBJECTO":"Anguilla","PARTOF":"Anguilla"}},
{"type":"Feature","geometry":{"type":"Polygon","coordinates":[[[-62.701668,17.336941],[-62.812782,17.40944300000013],[-62.863892,17.37083100000012],[-62.778336,17.292221],[-62.701668,17.336941]]]},"properties":{"NAME":"Saint Kitts and Nevis","SUBJECTO":"Saint Kitts and Nevis","PARTOF":"Saint Kitts and Nevis"}},
{"type":"Feature","geometry":{"type":"Polygon","coordinates":[[[-60.954727,13.709444],[-60.878059,13.956665],[-61.075005,13.896944],[-60.954727,13.709444]]]},"properties":{"NAME":"Saint Lucia","SUBJECTO":"Saint Lucia","PARTOF":"Saint Lucia"}},
{"type":"Feature","geometry":{"type":"Polygon","coordinates":[[[-61.173058,13.1325],[-61.123337,13.24888800000014],[-61.208893,13.367777],[-61.278061,13.250277],[-61.173058,13.1325]]]},"properties":{"NAME":"Saint Vincent and the Grenadines","SUBJECTO":"Saint Vincent and the Grenadines","PARTOF":"Saint Vincent and the Grenadines"}},
{"type":"Feature","geometry":{"type":"Polygon","coordinates":[[[-64.761948,17.774166],[-64.870834,17.774719],[-64.888901,17.686943],[-64.738892,17.708054],[-64.761948,17.774166]]]},"properties":{"NAME":"United States Virgin Islands","SUBJECTO":"United States Virgin Islands","PARTOF":"United States Virgin Islands"}},
{"type":"Feature","geometry":{"type":"Polygon","coordinates":[[[-61.346115,16.334164],[-61.49889399999989,16.34861000000012],[-61.793892,16.24194300000011],[-61.695007,15.949165],[-61.55277999999987,16.05444300000011],[-61.581116,16.20472000000012],[-61.346115,16.334164]]]},"properties":{"NAME":"Guadeloupe","SUBJECTO":"Guadeloupe","PARTOF":"Guadeloupe"}},
{"type":"Feature","geometry":{"type":"Polygon","coordinates":[[[-68.965561,12.198889],[-69.077789,12.34861],[-69.15834,12.311388],[-69.0625,12.18833200000012],[-68.83223,12.04944400000011],[-68.824173,12.16027600000013],[-68.965561,12.198889]]]},"properties":{"NAME":"Netherlands Antilles","SUBJECTO":"Netherlands Antilles","PARTOF":"Netherlands Antilles"}},
{"type":"Feature","geometry":{"type":"Polygon","coordinates":[[[-63.011459,18.067276],[-63.045006,18.121387],[-63.139839,18.058601],[-63.011459,18.067276]]]},"properties":{"NAME":"Saint Martin","SUBJECTO":"Saint Martin","PARTOF":"Saint Martin"}},
{"type":"Feature","geometry":{"type":"Polygon","coordinates":[[[-63.139839,18.058601],[-63.03334,18.015553],[-63.011459,18.067276],[-63.139839,18.058601]]]},"properties":{"NAME":"Saint Barthelemy","SUBJECTO":"Saint Barthelemy","PARTOF":"Saint Barthelemy"}},
{"type":"Feature","geometry":{"type":"Polygon","coordinates":[[[19.334442,57.955826],[19.104721,57.975273],[19.1416660000001,57.907776],[19.334442,57.955826]]]},"properties":{"NAME":null,"SUBJECTO":null,"PARTOF":null}},
{"type":"Feature","geometry":{"type":"Polygon","coordinates":[[[18.206108,56.911942],[18.711941,57.241661],[18.809166,57.703606],[18.111385,57.51944],[18.206108,56.911942]]]},"properties":{"NAME":null,"SUBJECTO":null,"PARTOF":null}},
{"type":"Feature","geometry":{"type":"MultiPolygon","coordinates":[[[[14.52419024141788,45.26641617040649],[14.14074573558689,46.43325753192397],[12.07475379428027,46.92750509829883],[10.39569953402637,46.88741263003711],[9.88495734652637,46.40253027530078],[6.9552831979668,45.93890341372852],[6.78291753253101,44.54787405581836],[7.55281022509692,43.8674503192461],[8.89658549746631,44.43718679995899],[9.90930083712695,44.11047705264454],[10.74275592288135,42.85050924868946],[12.64151671847461,41.53109701724415],[15.66620067080615,40.09186132998829],[17.08408072909473,40.52511175723438],[14.0927696557915,42.6095271930254],[13.60087111910938,43.53480490298633],[12.34507659396289,44.30104025454883],[12.17618945559619,45.21429022403125],[13.15616515597461,45.72652395816211],[14.52419024141788,45.26641617040649]]],[[[8.6960993142998,38.99581106753711],[9.47892001589893,39.14415701480274],[9.79373935183643,40.56368216128711],[8.24070743044971,40.85533865542774],[8.6960993142998,38.99581106753711]]],[[[14.62202266177295,36.7761417254961],[15.38674167117236,38.20554693789844],[12.45414737185596,37.7660098895586],[14.62202266177295,36.7761417254961]]]]},"properties":{"NAME":"Italy","SUBJECTO":"Italy","PARTOF":"Italy"}},
{"type":"Feature","geometry":{"type":"Polygon","coordinates":[[[-74.220001,40.51166500000011],[-74.057495,40.59971600000012],[-74.176941,40.641937],[-74.220001,40.51166500000011]]]},"properties":{"NAME":"United States","SUBJECTO":"United States","PARTOF":"United States"}},
{"type":"Feature","geometry":{"type":"MultiPolygon","coordinates":[[[[-122.90025040188672,49.06718023867969],[-122.82603928128125,48.02348288150196],[-124.67528244534375,48.38582571597461],[-123.99469467678907,45.76409491153125],[-124.62967392483594,43.01399572940235],[-124.15260788479688,41.58015020938282],[-124.36481186428907,40.33432348819141],[-123.79630753079299,39.03041037173633],[-121.9320573476875,37.00897558780079],[-121.92680069485549,36.33826788516407],[-120.67728897610549,35.18933447451954],[-120.52868362942579,34.5083309039629],[-118.60435196438672,34.09641989322071],[-117.1736802724922,32.52055319400196],[-114.62180801907422,32.42695578189258],[-111.08886429348829,31.30669935794239],[-108.37103745022657,31.277612291292],[-106.54451462307811,31.70205839724903],[-105.12630936184766,30.61462744326954],[-104.57434555569532,29.5797305926836],[-103.5860108999336,29.05687864871387],[-102.44769760647657,29.68744238467579],[-101.03329178372266,29.32622679324512],[-99.09998795071483,26.40879400821094],[-97.2599610952461,25.81137236209278],[-97.6322984365547,27.22843130679493],[-96.83145615139844,28.15840109439258],[-94.1415300039375,29.69002112002735],[-93.44552322903516,29.76776846499805],[-90,29.1086727008379],[-89.23280808010938,30.40600546450977],[-86.38868423977735,30.47271307559375],[-85.30477615872266,29.66390760989551],[-83.8861817983711,30.04834898562793],[-82.64696213284375,28.9065013751543],[-82.84134384671094,27.83800276370411],[-81.09792038479688,25.12504728885059],[-80.31409927883985,25.24388083072071],[-80.04998489895704,26.55108984561329],[-80.60545822659375,28.56099089236622],[-81.5115480093086,30.72724875064258],[-80.5806398061836,32.49678381533985],[-76.62176224270704,34.76295050235157],[-75.72924515286329,35.88212545962696],[-75.66752335110547,37.89810904116993],[-74.15280624905469,39.76523550601368],[-73.74050613919141,40.97749289126758],[-70.30209061184766,41.75944098086719],[-70.86807724514844,42.87142523379688],[-70.21647354641797,43.79962118716602],[-66.93893906155469,44.87928732486133],[-67.18675705471875,45.25231894107227],[-67.698536839875,47.0410114154375],[-69.04906937161329,47.46438177676563],[-70.5894288686836,45.29462011905078],[-71.53464981594922,44.95860632510547],[-74.78240677395704,45.0122257098711],[-76.13288973210058,44.32666667189694],[-76.937494,43.2370318],[-79.14004738860244,43.22208175207458],[-79.05015837548426,42.85225896744753],[-80.073365375,42.15337705000001],[-82.56755615,41.404496975],[-83.05604489302539,42.02697781506356],[-82.29783905825836,43.02869867471761],[-83.3855778,44.3126677],[-83.82065216736616,46.15038273949706],[-84.7436376579549,46.4684444370234],[-87.76048219999998,46.8639025],[-90.27661125,46.624989925],[-91.15034487499997,47.3676057],[-89.62202966765464,47.96837637116081],[-91.6821031240547,48.03871878238086],[-94.81984421292188,49.05071219058399],[-100.45978256741407,49.04325064273242],[-104.26153275051954,49.05566366763477],[-110.6702623037422,49.05406530948047],[-115.164601293,49.05619009585742],[-122.90025040188672,49.06718023867969]],[[-87.783217775,42.2036053],[-87.9083685,43.19183065],[-86.7200657,45.86716155],[-85.38184874999999,46.07483505],[-86.513782,43.68081785],[-86.2300562,42.61661005],[-87.783217775,42.2036053]]],[[[-141.0592546133125,69.59546240420704],[-149.28632065335157,70.53923376651173],[-156.90474411526563,71.34585913272267],[-160.2403306631172,70.85846289248829],[-164.067189183625,69.06467779727345],[-166.84352585354688,68.40520819278126],[-163.7387437490547,67.21832617373829],[-168.17979904690625,65.6938892230547],[-166.5860337881172,64.73040350528126],[-163.02521225491407,64.44165381045704],[-161.13301559964063,63.56284292788867],[-165.43123337307813,62.42954214663867],[-165.89809128323438,61.27033575625781],[-164.02740952053907,59.79824408145313],[-162.3781022695625,60.16311606021289],[-162.00392624417188,58.82661017032031],[-158.29141708889844,58.73020895572071],[-157.665333714875,57.6042438373125],[-160.45729538479688,56.19991263003711],[-159.07692429104688,55.9919620379961],[-156.68457504788282,57.40069922061328],[-154.64931198635938,58.07648047061328],[-154.28227707425,59.2487750873125],[-151.78299423733594,59.99495657534961],[-149.32562729397657,60.02748068423633],[-148.49261948147657,61.0643382892168],[-144.4064225820625,60.09257086367969],[-139.572560277375,59.89999731631641],[-137.57666489163282,58.60416372866992],[-134.12349411526563,58.23921545596485],[-131.76700302639844,56.0100055560625],[-130.00269028225782,55.28853949160938],[-131.72487350979688,56.60519369693164],[-133.50284287014844,58.42426260562305],[-135.85481735745313,59.64631994815235],[-137.22333237210157,58.88222845645313],[-139.00514694729688,60.25838049502735],[-140.89491745510938,60.38881643863086],[-140.97377487698438,66.0257984027422],[-141.0592546133125,69.59546240420704]]]]},"properties":{"NAME":"United States","SUBJECTO":"United States","PARTOF":"United States"}},
{"type":"Feature","geometry":{"type":"MultiPolygon","coordinates":[[[[-55.55651947537305,51.32566031070117],[-57.35559937039258,50.59522970767383],[-59.1565560964668,47.6700511798418],[-56.07894608059766,47.86521872134571],[-52.72859665432813,47.45452459903125],[-54.1295785574043,48.83571585269336],[-56.66153427639844,50.05606039615039],[-55.55651947537305,51.32566031070117]]],[[[-64.42470390597458,60.0444390492594],[-63.75496700879793,54.75681496226473],[-67.44160193874012,54.78516989958713],[-66.75343008515091,52.66261279379946],[-64.5414491271856,51.57612524899599],[-63.41088108200332,51.91091934101501],[-56.9715587377043,51.94123221206046],[-57.00560551157145,51.48669020190501],[-55.65902420559766,52.18734701724414],[-55.88126083889844,53.35193213076953],[-57.51535126248243,54.46576651187305],[-59.69376083889844,55.15365942569141],[-61.92769333401563,56.2729564532793],[-62.88695999661329,58.65644415469531],[-64.42470390597458,60.0444390492594]]]]},"properties":{"NAME":"Dominion of Newfoundland","SUBJECTO":"United Kingdom of Great Britain and Ireland","PARTOF":"United Kingdom of Great Britain and Ireland"}},
{"type":"Feature","geometry":{"type":"Polygon","coordinates":[[[14.465694,44.80921600000011],[14.400276,44.915276],[14.316195,44.886822],[14.38944400000014,44.695],[14.465694,44.80921600000011]]]},"properties":{"NAME":null,"SUBJECTO":null,"PARTOF":null}},
{"type":"Feature","geometry":{"type":"Polygon","coordinates":[[[61.56996444186328,25.03957136721973],[66.62050918063281,25.31748541446094],[66.70171645602343,24.75227888675098],[68.79081252535937,23.02872427554493],[69.12606337985156,21.9685073718584],[71.02444747408984,20.65747603030567],[72.12086013278125,21.15533979983692],[72.75949386080859,20.05764921756153],[73.06422713717578,18.03171690554981],[73.84143355807421,15.39047583194141],[74.73362258395312,13.68335875125293],[75.21094039401171,12.10236795993213],[76.07506087741015,10.55395563693408],[76.70353225192187,8.70635660739307],[77.89976027926562,8.25781496615772],[79.82626632174609,10.35872801394825],[79.71073440035937,11.4449420795],[80.22375777682421,12.83109148593311],[80.0894041391289,15.17515524478321],[81.36909774264453,16.34686430545215],[84.26272872408984,18.45584066958789],[85.1132078500664,19.44230612368946],[86.11916640719531,19.8065429553545],[87.64071944674609,21.56308134646778],[90,21.93025358767871],[90,22.56095846743946],[91.41017440280078,22.72083433719043],[92.1762953134453,20.88663443179493],[94.05371383151171,19.06114920230274],[94.46485427340625,17.26426275821094],[94.1433592172539,16.21537932010059],[95.32981399020312,15.67793043704395],[96.46924880465625,16.51257666201953],[97.57322219332812,16.4450698718584],[97.82298568209767,14.61600836367969],[98.48591903170701,13.11177595706348],[98.73837569674608,11.43508108706836],[98.59324172457812,10.12048300357227],[99.58108809908984,11.88870962710743],[99.00300887545701,13.88622721286182],[98.1370344491875,15.18955095858936],[98.82361129244921,16.31774672122364],[97.78759292086718,17.57546957583789],[97.78882125338671,19.39800413699512],[100.00115493258593,20.45865019412403],[101.0139875741875,21.44242056460743],[99.15594008883593,22.30784376712207],[98.76916030367968,24.08975752444629],[97.52405074557421,24.79999693484668],[98.73374465426562,26.34318121524219],[98.63722518405078,27.47874220462208],[98.00866225680468,28.09075506778125],[96.2545652719414,28.38531263919239],[94.57171157321093,29.20070990176563],[91.60775283297656,27.64145048709278],[91.90890029391406,26.80530127139454],[90,26.77874525637989],[88.80257705172656,27.18099173159961],[88.19726088961718,27.87575491519336],[88.09216597994921,26.44451864810352],[86.7765379281914,26.46684416385059],[82.81183150729296,27.53824385257129],[80.09826949557421,28.9519000873125],[81.02130416354296,30.24651106448536],[79.10879043063281,31.45927771182422],[79.56532576998828,32.70180853457813],[78.62453750094531,33.50422628970508],[78.80669692477343,34.1997371539629],[77.84622481783984,35.24300345034961],[75.88974288424609,36.02323874087696],[74.52053359469531,37.00458105655079],[72.37272170504687,36.71772345157032],[71.32484725436328,36.05156668277149],[71.65887740573046,35.12511023135547],[70.28924087008593,33.28308065982227],[69.50792220553515,32.94862326236133],[69.20640853366015,31.79803808780079],[68.24271682223437,31.76717909427051],[66.46658614596484,30.84295233340625],[66.09057143649218,29.73614080996875],[64.08925918063281,29.3945327624834],[62.36863997897265,29.38470038028125],[60.82045653781054,29.83334501834278],[61.65926650485156,28.656762681917],[62.67098144015429,28.20536573977833],[63.24054244479296,26.665551744417],[61.94130996188281,26.15635260196094],[61.56996444186328,25.03957136721973]]]},"properties":{"NAME":"British Raj","SUBJECTO":"United Kingdom","PARTOF":"British Raj"}},
{"type":"Feature","geometry":{"type":"Polygon","coordinates":[[[35.68798907835729,32.71063290125933],[36.83574134638448,32.27142181748867],[41.1190672250664,34.42664679141407],[41.2930288644707,36.19542654605274],[42.94979766329883,37.3282771930254],[44.79458907565234,37.13180502505665],[44.20520690402148,37.8674274310625],[41.35678217349879,37.82924506718273],[39.35078980078584,39.07146608418057],[36.93394489858057,38.72535527429905],[36.73979464590442,38.32942047428863],[35.96168002345125,36.74259453314459],[35.87306502780078,34.42228659243946],[34.9720068307793,32.93840750308399],[35.68798907835729,32.71063290125933]]]},"properties":{"NAME":"Syria (France)","SUBJECTO":"France","PARTOF":"Syria (France)"}},
{"type":"Feature","geometry":{"type":"Polygon","coordinates":[[[48.44353393038867,28.44023474307422],[48.5536489816582,29.99462278933887],[47.68874648532031,30.882104478792],[47.7930403085625,31.79717024417286],[45.50621322116015,33.79725226016407],[46.18439391574023,35.05844458194141],[44.79458907565234,37.13180502505665],[42.94979766329883,37.3282771930254],[41.2930288644707,36.19542654605274],[41.1190672250664,34.42664679141407],[36.83574134638448,32.27142181748867],[35.68798907835729,32.71063290125933],[34.9846792550957,29.46721991153125],[35.0721044870293,29.21136053653125],[36.65648111290936,29.6068802713197],[37.94301131686328,30.3692699298418],[37.11301330050586,31.36179312320118],[39.32646850070117,32.13654287906055],[43.53986266574023,30.2932144031084],[43.62164977511523,29.46798475833301],[44.68786147555469,29.02947958560352],[47.2040116905677,28.86164576744927],[48.44353393038867,28.44023474307422]]]},"properties":{"NAME":"Mesopotamia (GB)","SUBJECTO":"United Kingdom of Great Britain and Ireland","PARTOF":"Mesopotamia (GB)"}},
{"type":"Feature","geometry":{"type":"Polygon","coordinates":[[[26.02981438301413,40.66347398045036],[26.61357215365528,40.39804037661915],[28.07004130722518,41.6247813652632],[26.02981438301413,40.66347398045036]]]},"properties":{"NAME":null,"SUBJECTO":null,"PARTOF":null}},
{"type":"Feature","geometry":{"type":"Polygon","coordinates":[[[36.65648111290936,29.6068802713197],[39.13051495792412,26.20702216500162],[39.54775021639648,27.61698329762098],[40.97822290110251,27.99656922047841],[42.87359920833801,27.04513285654906],[42.9028727677701,26.47511281428816],[47.2040116905677,28.86164576744927],[44.68786147555469,29.02947958560352],[43.62164977511523,29.46798475833301],[43.53986266574023,30.2932144031084],[39.32646850070117,32.13654287906055],[37.11301330050586,31.36179312320118],[37.94301131686328,30.3692699298418],[36.65648111290936,29.6068802713197]]]},"properties":{"NAME":null,"SUBJECTO":null,"PARTOF":null}},
{"type":"Feature","geometry":{"type":"Polygon","coordinates":[[[40.02387499330237,24.87767009407586],[39.88122273095834,24.79851795994633],[45.77568454620093,15.34491936237136],[47.5233641000664,17.51555975528125],[51.80605224093554,18.98287542910938],[56.03019240817187,21.23739584536914],[55.69875243624804,22.30269964785938],[55.367381128875,22.06571348758106],[51.95289901217578,22.48418959231739],[51.11975005587695,24.39866026492481],[50.9683332773125,24.43624456973438],[49.93686202487109,25.95578344912891],[50.1217642160332,26.73758658023243],[48.85502150973437,27.52269133181934],[48.44353393038867,28.44023474307422],[47.2040116905677,28.86164576744927],[42.9028727677701,26.47511281428816],[42.98088465969095,24.95605114935021],[40.28086746730831,24.68014976008692],[40.02387499330237,24.87767009407586]]]},"properties":{"NAME":"Emirate of Bin Shal'an","SUBJECTO":"Emirate of Bin Shal'an","PARTOF":"Emirate of Bin Shal'an"}},
{"type":"Feature","geometry":{"type":"Polygon","coordinates":[[[43.87023393922843,12.65719346068946],[45.77568454620093,15.34491936237136],[39.88122273095834,24.79851795994633],[40.02387499330237,24.87767009407586],[38.97556114251405,25.68338747056278],[39.13051495792412,26.20702216500162],[36.65648111290936,29.6068802713197],[35.0721044870293,29.21136053653125],[34.88559249362109,28.35748060794239],[37.21826842745898,25.16663130374317],[39.10219481906055,22.40044554324512],[39.16673949679492,21.21880110354786],[40.69382003268359,19.86870726199512],[41.62855819186328,18.04720457644825],[42.76366332491992,16.64545591922168],[42.79587844332812,15.47008093448047],[43.87023393922843,12.65719346068946]]]},"properties":{"NAME":"Hejaz","SUBJECTO":"Hejaz","PARTOF":"Hejaz"}},
{"type":"Feature","geometry":{"type":"Polygon","coordinates":[[[40.28086746730831,24.68014976008692],[42.98088465969095,24.95605114935021],[42.87359920833801,27.04513285654906],[40.97822290110251,27.99656922047841],[39.54775021639648,27.61698329762098],[38.97556114251405,25.68338747056278],[40.28086746730831,24.68014976008692]]]},"properties":{"NAME":"Hail","SUBJECTO":"Hail","PARTOF":"Hail"}},
{"type":"Feature","geometry":{"type":"MultiPolygon","coordinates":[[[[26.02981438301413,40.66347398045036],[28.07004130722518,41.6247813652632],[27.91795257052539,41.97767218203907],[26.03642180880664,41.29269751162891],[22.9202432962334,41.23068960757618],[21.03163817843555,40.72679098697071],[20.12238219699024,39.55100973697071],[21.22843078097461,37.90490683169727],[22.63874534091113,37.49228628726368],[23.55576613864063,38.35176428408985],[22.72025779208301,39.28726919741993],[22.60226539095996,40.39723929019336],[25.04631713351367,40.95227392764454],[26.02981438301413,40.66347398045036]]],[[[27.18399270013948,37.35644841518752],[28.38932928952847,38.00809181283531],[28.36274002728768,38.92409540660316],[27.51285001852148,39.5638428867787],[26.94473127798084,39.5190644916004],[27.18399270013948,37.35644841518752]]]]},"properties":{"NAME":"Greece","SUBJECTO":"Greece","PARTOF":"Greece"}},
{"type":"Feature","geometry":{"type":"Polygon","coordinates":[[[30.30467947850868,41.17031383005895],[27.76389411410449,40.28725393863086],[26.94473127798084,39.5190644916004],[27.51285001852148,39.5638428867787],[28.55605946844283,40.03745644503963],[29.59515595539886,40.17507684515804],[30.30467947850868,41.17031383005895]]]},"properties":{"NAME":null,"SUBJECTO":null,"PARTOF":null}},
{"type":"Feature","geometry":{"type":"Polygon","coordinates":[[[28.55605946844283,40.03745644503963],[29.31366959336815,39.52800210612833],[33.21722257781126,38.31053118669922],[36.73979464590442,38.32942047428863],[36.93394489858057,38.72535527429905],[39.35078980078584,39.07146608418057],[38.87874702483161,40.97887310348781],[37.25282576998828,41.02772101016407],[35.95779326876758,41.68564566226368],[33.55554107150195,41.98250158877735],[31.21768287142871,41.05409201236133],[30.30467947850868,41.17031383005895],[29.59515595539886,40.17507684515804],[28.55605946844283,40.03745644503963]]]},"properties":{"NAME":"Ottoman Sultanate","SUBJECTO":"Ottoman Sultanate","PARTOF":"Ottoman Sultanate"}},
{"type":"Feature","geometry":{"type":"Polygon","coordinates":[[[36.73979464590442,38.32942047428863],[33.21722257781126,38.31053118669922],[29.31366959336815,39.52800210612833],[28.55605946844283,40.03745644503963],[27.51285001852148,39.5638428867787],[28.36274002728768,38.92409540660316],[28.38932928952847,38.00809181283531],[27.18399270013948,37.35644841518752],[30.47283271273731,36.18825491519336],[31.37069037875293,36.71234472842579],[33.17133620700001,35.97088202090625],[34.48512938937305,36.62678106875782],[35.96168002345125,36.74259453314459],[36.73979464590442,38.32942047428863]]]},"properties":{"NAME":"Italy","SUBJECTO":"Italy","PARTOF":"Italy"}},
{"type":"Feature","geometry":{"type":"Polygon","coordinates":[[[-4.153334,53.225555],[-4.276945,53.398331],[-4.5675,53.273331],[-4.351389,53.124443],[-4.153334,53.225555]]]},"properties":{"NAME":null,"SUBJECTO":null,"PARTOF":null}},
{"type":"Feature","geometry":{"type":"Polygon","coordinates":[[[-5.103612,55.438606],[-5.154723,55.673332],[-5.400278,55.600555],[-5.103612,55.438606]]]},"properties":{"NAME":null,"SUBJECTO":null,"PARTOF":null}},
{"type":"Feature","geometry":{"type":"Polygon","coordinates":[[[-6.121667,55.878883],[-6.3275,55.589439],[-6.024723,55.68083200000012],[-6.121667,55.878883]]]},"properties":{"NAME":null,"SUBJECTO":null,"PARTOF":null}},
{"type":"Feature","geometry":{"type":"Polygon","coordinates":[[[-5.946945,55.829994],[-5.746112,56.06360600000011],[-5.968056,56.023605],[-6.078889,55.905548],[-5.946945,55.829994]]]},"properties":{"NAME":null,"SUBJECTO":null,"PARTOF":null}},
{"type":"Feature","geometry":{"type":"Polygon","coordinates":[[[-7.466945,56.940826],[-7.376112,56.978607],[-7.445556,57.05555],[-7.553612,56.966385],[-7.466945,56.940826]]]},"properties":{"NAME":null,"SUBJECTO":null,"PARTOF":null}},
{"type":"Feature","geometry":{"type":"Polygon","coordinates":[[[-7.223056,57.337494],[-7.425,57.382217],[-7.38139,57.108604],[-7.230278,57.09471900000011],[-7.223056,57.337494]]]},"properties":{"NAME":null,"SUBJECTO":null,"PARTOF":null}},
{"type":"Feature","geometry":{"type":"Polygon","coordinates":[[[-7.268889,57.39888800000011],[-7.204722,57.460831],[-7.351111,57.489441],[-7.388056,57.423882],[-7.268889,57.39888800000011]]]},"properties":{"NAME":null,"SUBJECTO":null,"PARTOF":null}},
{"type":"Feature","geometry":{"type":"Polygon","coordinates":[[[-7.188612,57.68721800000014],[-7.476945,57.562492],[-7.15389,57.509438],[-7.188612,57.68721800000014]]]},"properties":{"NAME":null,"SUBJECTO":null,"PARTOF":null}},
{"type":"Feature","geometry":{"type":"Polygon","coordinates":[[[-7.00639,57.88138600000013],[-6.993611,57.91861],[-7.073611,57.896111],[-7.00639,57.88138600000013]]]},"properties":{"NAME":null,"SUBJECTO":null,"PARTOF":null}},
{"type":"Feature","geometry":{"type":"Polygon","coordinates":[[[-6.802222,58.203049],[-6.794445,58.218048],[-6.854167,58.25],[-6.873056,58.206383],[-6.802222,58.203049]]]},"properties":{"NAME":null,"SUBJECTO":null,"PARTOF":null}},
{"type":"Feature","geometry":{"type":"Polygon","coordinates":[[[-6.204167,58.35611],[-7.031945,58.238052],[-6.473889,57.940277],[-6.204167,58.35611]]]},"properties":{"NAME":null,"SUBJECTO":null,"PARTOF":null}},
{"type":"Feature","geometry":{"type":"Polygon","coordinates":[[[-2.918334,58.731941],[-2.876667,58.820274],[-3.036945,58.818054],[-2.918334,58.731941]]]},"properties":{"NAME":null,"SUBJECTO":null,"PARTOF":null}},
{"type":"Feature","geometry":{"type":"Polygon","coordinates":[[[-3.231389,58.775551],[-3.136389,58.804161],[-3.335556,58.927498],[-3.431111,58.871384],[-3.231389,58.775551]]]},"properties":{"NAME":null,"SUBJECTO":null,"PARTOF":null}},
{"type":"Feature","geometry":{"type":"Polygon","coordinates":[[[-2.793056,58.951385],[-3.076945,59.121666],[-3.195,58.91111000000012],[-2.793056,58.951385]]]},"properties":{"NAME":null,"SUBJECTO":null,"PARTOF":null}},
{"type":"Feature","geometry":{"type":"Polygon","coordinates":[[[-2.681389,59.195831],[-2.620556,59.236107],[-2.495556,59.244995],[-2.414444,59.313606],[-2.592778,59.29055],[-2.681389,59.195831]]]},"properties":{"NAME":null,"SUBJECTO":null,"PARTOF":null}},
{"type":"Feature","geometry":{"type":"Polygon","coordinates":[[[-2.89,59.29527300000012],[-3.048889,59.329163],[-3.003334,59.263611],[-2.971945,59.287216],[-2.89,59.29527300000012]]]},"properties":{"NAME":null,"SUBJECTO":null,"PARTOF":null}},
{"type":"Feature","geometry":{"type":"Polygon","coordinates":[[[-1.296111,60.491104],[-1.320278,60.356384],[-1.655,60.226105],[-1.126111,60.151665],[-1.041389,60.446938],[-1.296111,60.491104]]]},"properties":{"NAME":null,"SUBJECTO":null,"PARTOF":null}},
{"type":"Feature","geometry":{"type":"Polygon","coordinates":[[[-1.029444,60.495827],[-0.991111,60.719994],[-1.177222,60.63666500000011],[-1.029444,60.495827]]]},"properties":{"NAME":null,"SUBJECTO":null,"PARTOF":null}},
{"type":"Feature","geometry":{"type":"Polygon","coordinates":[[[-0.819722,60.68888900000013],[-0.767778,60.82888800000012],[-0.938889,60.79444100000012],[-0.965556,60.688049],[-0.819722,60.68888900000013]]]},"properties":{"NAME":null,"SUBJECTO":null,"PARTOF":null}},
{"type":"Feature","geometry":{"type":"Polygon","coordinates":[[[-6.706944,61.93749200000013],[-6.718889,62.02861],[-7.192223,62.3077770000001],[-7.232223,62.172493],[-6.706944,61.93749200000013]]]},"properties":{"NAME":null,"SUBJECTO":null,"PARTOF":null}},
{"type":"Feature","geometry":{"type":"Polygon","coordinates":[[[-4.777779,54.05555],[-4.394444,54.186386],[-4.5275,54.367218],[-4.777779,54.05555]]]},"properties":{"NAME":null,"SUBJECTO":null,"PARTOF":null}},
{"type":"Feature","geometry":{"type":"MultiPolygon","coordinates":[[[[124.13388350924608,39.84314306826954],[125.296092066375,39.36432608218555],[124.73619368991017,38.2797809466875],[126.62915,37.59137700000014],[126.371368,34.789162],[128.451904,34.845543],[129.43942300000015,35.475822],[129.342468,37.257217],[127.27688888033984,39.2216869220293],[127.67152694186328,39.86643560977344],[129.47782424410937,40.6820255145586],[130.43509963473437,42.27675970645313],[130.22588637789843,42.65130194278125],[128.09849074801562,41.44936331363086],[126.47417739352343,41.6515079364336],[124.13388350924608,39.84314306826954]]],[[[138.31724074801562,37.20550879092579],[136.66849807223437,36.66749533267383],[135.15697768649218,35.64646872134571],[132.66285232028125,35.38062628360157],[130.89904311617968,33.90366705508594],[134.4273176523125,34.62817724795704],[135.75567153414843,33.3423152789629],[136.73385146578906,34.87408789248829],[138.14905837496875,34.52788122744922],[139.42260268649218,35.16551169009571],[140.31661513766406,35.03381689639454],[140.8722181650078,37.91744955630665],[141.9981184335625,39.67198904605274],[141.15255263766406,40.86541708560352],[139.91515639742968,40.57495459170704],[140.03008559664843,39.48317679019336],[139.19793227633593,37.92043264956836],[138.31724074801562,37.20550879092579]]],[[[121.947197,24.976383],[121.00166300000012,25.001663],[120.11554,23.631386],[120.328598,22.519444],[121.453049,23.327221],[121.947197,24.976383]]],[[[140.12449172457812,41.79215200991993],[141.9281263681328,42.50126226992969],[143.21375564059375,41.92653997989063],[145.05938247164843,43.78576620669727],[143.50817397555468,44.15576132388477],[141.87533095797656,45.43542440982227],[141.30364516696093,43.1870303973711],[139.7117414804375,42.47759588809375],[140.12449172457812,41.79215200991993]]],[[[143.138865503875,52.85624655337696],[141.767039332,53.27226599307422],[141.6432142587578,51.81308706851367],[142.15287307223437,50.89004477115039],[142.48990920504687,47.90160330386524],[143.63314345797656,50.23497732730274],[142.9439192148125,51.61730536075],[143.138865503875,52.85624655337696]]]]},"properties":{"NAME":"Empire of Japan","SUBJECTO":"Empire of Japan","PARTOF":"Empire of Japan"}},
{"type":"Feature","geometry":{"type":"MultiPolygon","coordinates":[[[[-25.69489761868359,71.27300604434376],[-21.72596260586621,71.40459021182423],[-25.07295509854199,72.63444861026173],[-24.07642075100781,73.75567205996876],[-20.32958885708691,73.41964300723438],[-19.19354721585156,75.44353827090626],[-21.18268295803906,76.69747503848438],[-18.25337502041699,77.30013617129688],[-20.8788289693916,78.81792028994923],[-14.20194813290478,81.21013220401173],[-22.05288025418164,81.53975256533985],[-22.43236061612012,82.74334295840626],[-32.51317307034375,83.57699926944142],[-49.64758774319532,82.47806128116017],[-61.12241455593946,81.79757269473438],[-67.14280411282422,80.56214483828907],[-65.48489090481641,79.15823706241017],[-72.3832292226875,78.52572973819142],[-71.18388077298047,77.25953253360157],[-67.03665634671094,75.93623694033985],[-63.65076920071485,76.37993963809376],[-58.63566299954297,75.79326208682423],[-54.73041245022657,73.03760107608204],[-55.62637039700391,71.73035009951954],[-51.72012421170118,71.58955725283985],[-50.57262894192579,69.8662525043047],[-50.47708984890821,67.48220404239063],[-52.30317017117383,66.9094653949297],[-51.36576553860547,63.72601278872852],[-49.8574838308418,62.96654471011524],[-48.91546341458204,61.42103537173633],[-43.14357086697461,59.81878241153125],[-42.27136322537305,62.19441946597461],[-40.51624771633985,63.78206976504688],[-39.9920167593086,65.53330572696095],[-35.97189804592969,65.84693487735157],[-32.95602127591016,67.64102514834767],[-26.96362396756054,68.50170477481251],[-22.73232933560254,69.77407415957813],[-25.69489761868359,71.27300604434376]]],[[[9.64972075000009,54.84839600000012],[10.05867825000007,57.0491250000001],[8.179235,56.66735650000011],[8.85027674999996,54.87631825000007],[9.5452777500001,54.898399],[9.61861,54.87353475000012],[9.64972075000009,54.84839600000012]]]]},"properties":{"NAME":"Denmark","SUBJECTO":"Denmark","PARTOF":"Denmark"}},
{"type":"Feature","geometry":{"type":"Polygon","coordinates":[[[-170.74942,-14.373888],[-170.637268,-14.289446],[-170.681671,-14.258059],[-170.795013,-14.298058],[-170.74942,-14.373888]]]},"properties":{"NAME":"American Samoa","SUBJECTO":"American Samoa","PARTOF":"American Samoa"}},
{"type":"Feature","geometry":{"type":"Polygon","coordinates":[[[178.693298,-18.025002],[178.170532,-17.342499],[177.510254,-17.509445],[177.86413600000014,-18.263889],[178.693298,-18.025002]]]},"properties":{"NAME":"Fiji","SUBJECTO":"Fiji","PARTOF":"Fiji"}},
{"type":"Feature","geometry":{"type":"Polygon","coordinates":[[[-169.89389,-19.145557],[-169.781708,-19.062778],[-169.884766,-18.963333],[-169.953064,-19.070278],[-169.89389,-19.145557]]]},"properties":{"NAME":"Niue","SUBJECTO":"Niue","PARTOF":"Niue"}},
{"type":"Feature","geometry":{"type":"Polygon","coordinates":[[[-175.123322,-21.134998],[-175.186401,-21.252785],[-175.118042,-21.260284],[-175.051697,-21.161671],[-175.123322,-21.134998]]]},"properties":{"NAME":"Tonga","SUBJECTO":"Tonga","PARTOF":"Tonga"}},
{"type":"Feature","geometry":{"type":"Polygon","coordinates":[[[-178.042511,-14.319447],[-178.129974,-14.246944],[-178.134216,-14.31778],[-178.042511,-14.319447]]]},"properties":{"NAME":"Wallis and Futuna Islands","SUBJECTO":"Wallis and Futuna Islands","PARTOF":"Wallis and Futuna Islands"}},
{"type":"Feature","geometry":{"type":"Polygon","coordinates":[[[-172.285858,-13.486387],[-172.779724,-13.539722],[-172.532501,-13.800835],[-172.210541,-13.805281],[-172.285858,-13.486387]]]},"properties":{"NAME":"Samoa","SUBJECTO":"Samoa","PARTOF":"Samoa"}},
{"type":"Feature","geometry":{"type":"Polygon","coordinates":[[[-109.241386,-27.133057],[-109.365837,-27.063335],[-109.42778,-27.201946],[-109.241386,-27.133057]]]},"properties":{"NAME":"Rapa Nui","SUBJECTO":"Chile","PARTOF":"Rapa Nui"}},
{"type":"Feature","geometry":{"type":"Polygon","coordinates":[[[114.02923402719802,22.50845782271296],[114.32911931029123,22.27230831994378],[114.30903130089744,22.55351933328556],[114.02923402719802,22.50845782271296]]]},"properties":{"NAME":"Hong Kong","SUBJECTO":"United Kingdom","PARTOF":null}},
{"type":"Feature","geometry":{"type":"Polygon","coordinates":[[[22.19643119296191,49.21503790469531],[22.53068931859967,49.01079471358621],[24.0437962234269,47.95392466347582],[24.9576115,47.8009191],[26.3695906,48.5417279],[26.3060759,50.1994296],[27.2103868,50.6085181],[27.6113878,52.5780198],[26.8135067,53.0639134],[27.58046821078418,55.78117712588672],[26.362030636933024,55.66338448774661],[23.88040259799121,53.91572531314258],[22.69903663119434,54.41490133853321],[22.5054931640625,54.19779692488548],[22.21435546875,53.59250480903938],[20.4730224609375,53.24549522839598],[18.8930511,53.9343635],[18.55865478515625,54.45567003421753],[18.0569744,54.8333992],[17.2850989,53.3944873],[15.9584999,52.8119968],[16.1075449,51.9957945],[18.5508012,50.9889355],[18.26788250473882,50.00804259791558],[18.54872039279102,49.96172674746875],[19.78216079196094,49.24430044741992],[22.19643119296191,49.21503790469531]]]},"properties":{"NAME":"Poland","SUBJECTO":"Poland","PARTOF":"Poland"}},
{"type":"Feature","geometry":{"type":"Polygon","coordinates":[[[22.69903663119434,54.41490133853321],[21.16232207736133,55.22138174624805],[19.23206237277149,54.22207220645313],[18.8930511,53.9343635],[20.4730224609375,53.24549522839598],[22.21435546875,53.59250480903938],[22.5054931640625,54.19779692488548],[22.69903663119434,54.41490133853321]]]},"properties":{"NAME":"East Prussia","SUBJECTO":"East Prussia","PARTOF":"East Prussia"}},
{"type":"Feature","geometry":{"type":"Polygon","coordinates":[[[19.23206237277149,54.22207220645313],[18.55865478515625,54.45567003421753],[18.8930511,53.9343635],[19.23206237277149,54.22207220645313]]]},"properties":{"NAME":"Danzig","SUBJECTO":null,"PARTOF":null}}
]}