{"type":"FeatureCollection", "features": [
{"type":"Feature","geometry":{"type":"Polygon","coordinates":[[[33.78049758384968,35.20813711758318],[32.81907180259968,35.28174551602068],[32.60339263389851,34.61473425503435],[33.92467406700398,34.95322760220232],[33.78049758384968,35.20813711758318]]]},"properties":{"NAME":"Cyprus","SUBJECTO":"Cyprus","PARTOF":"Cyprus"}},
{"type":"Feature","geometry":{"type":"MultiPolygon","coordinates":[[[[130.57931045006063,30.906545244414232],[131.31928542564657,31.51120527859392],[131.66982558677938,33.308532320219896],[130.426569971545,33.67417105313005],[129.34337905357626,33.15138968105974],[130.57931045006063,30.906545244414232]]],[[[136.810847315295,37.31068380947771],[135.9778852791622,35.97254904385271],[135.15697768638876,35.646468721587084],[132.66285232017782,35.38062628384294],[130.89904311607626,33.90366705532732],[134.42731765220907,34.62817724819841],[135.755671534045,33.34231527920427],[136.73385146568563,34.87408789272966],[138.14905837486532,34.5278812276906],[139.42260268638876,35.165511690337084],[140.31661513756063,35.03381689663591],[140.87221816490438,37.91744955654802],[141.99811843345907,39.671989046294115],[141.15255263756063,40.865417085844896],[139.91515639732626,40.57495459194841],[140.030085596545,39.48317679043474],[139.1979322762325,37.92043264980974],[137.1762037606075,36.643066011626146],[136.810847315295,37.31068380947771]]]]},"properties":{"NAME":"Imperial Japan (Fujiwara)","SUBJECTO":"Imperial Japan (Fujiwara)","PARTOF":"Imperial Japan (Fujiwara)"}},
{"type":"Feature","geometry":{"type":"Polygon","coordinates":[[[-75.7509050039375,21.12094458194141],[-77.33981796790813,21.511664949614428],[-79.75995346595501,22.758782945830248],[-81.43114944984173,23.136655412871264],[-82.95926376868938,23.025355898100756],[-84.2564363150761,22.53948553677263],[-84.58989426175,21.91581305117969],[-84.25643631497266,22.539485536531252],[-82.95926376858594,23.025355897859377],[-81.36276706801664,23.120923686012283],[-79.75995346585157,22.75878294558887],[-77.33981796780469,21.51166494937305],[-75.7509050039375,21.12094458194141]]]},"properties":{"NAME":null,"SUBJECTO":null,"PARTOF":null}},
{"type":"Feature","geometry":{"type":"Polygon","coordinates":[[[-68.47713181057813,18.714660249666018],[-70.88160416175579,19.929931246001146],[-73.47450729885938,19.835433565095705],[-70.88160416165235,19.929931245759768],[-68.47713181057813,18.714660249666018]]]},"properties":{"NAME":null,"SUBJECTO":null,"PARTOF":null}},
{"type":"Feature","geometry":{"type":"MultiPolygon","coordinates":[[[[120.36362746666221,14.530945383269213],[121.00936416099815,13.655685030180834],[121.72879317711143,14.108259760100267],[121.24220565269736,15.30783327694597],[122.39557937095908,17.114329897124193],[122.02781203697471,18.00917204495134],[121.03637221763877,18.527911745268725],[120.39307692955283,18.04379232998552],[120.30344680259971,16.41746290798845],[119.77184585045127,15.469834886748217],[120.36362746666221,14.530945383269213]]],[[[126.04523757408408,6.608192526060961],[126.2718763680294,8.425783716399096],[125.93394759605674,9.174750887114428],[123.46498397300986,7.790728651244066],[124.22405532310752,6.089605890471361],[126.04523757408408,6.608192526060961]]]]},"properties":{"NAME":null,"SUBJECTO":null,"PARTOF":null}},
{"type":"Feature","geometry":{"type":"Polygon","coordinates":[[[-76.42635056057813,18.1192642077959],[-77.1558503775761,18.397386156279467],[-78.08641525784375,18.478032670930666],[-76.42635056057813,18.1192642077959]]]},"properties":{"NAME":null,"SUBJECTO":null,"PARTOF":null}},
{"type":"Feature","geometry":{"type":"Polygon","coordinates":[[[44.672198328478586,-16.23558083895979],[43.97164824913288,-17.552675641816236],[44.47033599327351,-20.17013780001936],[43.50102523277546,-21.49418679599104],[43.3763647408321,-22.63212624911604],[43.67141250084187,-24.226787961762525],[44.425330194933665,-25.31205026034651],[45.576182398302805,-25.62107697848616],[47.25847915123249,-24.765831388276197],[48.087378534777415,-22.04376069430647],[49.34185317466999,-18.227621473115065],[49.42470839927937,-17.197809613984205],[50.503340754015696,-15.314229406159498],[49.81718734215046,-12.83071366671858],[48.75133803795124,-13.417710698884108],[46.92456725548054,-15.360046781342604],[44.672198328478586,-16.23558083895979]],[[48.01471769860454,-17.022773083630007],[48.488183848229525,-20.041119787489205],[47.18615193676085,-23.11864976005152],[45.52902041307344,-23.592115909676497],[45.29228733826095,-22.64518361042655],[46.653502518432745,-17.732972308067463],[48.01471769860454,-17.022773083630007]]]},"properties":{"NAME":"Madagascar","SUBJECTO":"Madagascar","PARTOF":"Madagascar"}},
{"type":"Feature","geometry":{"type":"MultiPolygon","coordinates":[[[[175.30768874595907,-37.32097665194807],[174.21686843345907,-35.336765683930494],[173.16649917076376,-35.420879758637525],[174.76465896080282,-37.296543515961744],[174.65473464439657,-38.983257688325025],[173.80480483482626,-39.41970483187971],[175.35358718345907,-40.29998055819807],[176.01143935631063,-41.255344785492994],[178.40819838951376,-38.771152890961744],[175.30768874595907,-37.32097665194807]]],[[[172.06266311119344,-43.92314187411604],[174.23354628990438,-42.01123467807112],[173.26403335045126,-41.543674863617994],[171.4583540291622,-41.99285165194807],[171.02405837486532,-42.886883176606275],[168.41573623131063,-44.2209095132762],[167.13749221275594,-45.19984856967268],[166.522761377795,-46.23272363070784],[169.39930251549032,-46.70957223300276],[170.61156753013876,-45.946060575287916],[171.3778639168575,-44.337749875825025],[172.06266311119344,-43.92314187411604]]]]},"properties":{"NAME":null,"SUBJECTO":null,"PARTOF":null}},
{"type":"Feature","geometry":{"type":"Polygon","coordinates":[[[-61.114247289197195,10.821682535368822],[-61.80907532264446,10.724968515593432],[-61.20665833045696,10.11822088833513],[-61.114247289197195,10.821682535368822]]]},"properties":{"NAME":null,"SUBJECTO":null,"PARTOF":null}},
{"type":"Feature","geometry":{"type":"MultiPolygon","coordinates":[[[[-38.58720490028118,83.382350527007],[-37.39664932766797,83.47525366397267],[-36.4871225027168,83.51127966494923],[-35.32196518460157,83.46865423770313],[-34.4269418386543,83.40296515078907],[-33.57840439358594,83.48393591494923],[-32.513173070343754,83.57699926944142],[-31.59369179287793,83.57906683535938],[-31.593691792981375,83.57906683560076],[-32.513173070447195,83.57699926968279],[-33.57840439368938,83.4839359151906],[-34.42694183875774,83.40296515103044],[-35.32196518470501,83.4686542379445],[-36.48712250282024,83.5112796651906],[-37.396649327771414,83.47525366421404],[-38.58720490028118,83.382350527007]]],[[[-50.53911897259659,67.48805571153352],[-50.53911897259658,67.48805571153352],[-50.93936249305462,67.52581366177263],[-50.53911897259659,67.48805571153352]]]]},"properties":{"NAME":null,"SUBJECTO":null,"PARTOF":null}},
{"type":"Feature","geometry":{"type":"MultiPolygon","coordinates":[[[[-73.11150833656048,-72.7494625223094],[-70.0207185416386,-72.6721920144969],[-68.39805313636516,-71.12679711703596],[-70.3298005728886,-68.96324578646956],[-71.79792496253704,-69.73594323520003],[-72.10699936439251,-71.04952660922346],[-75.27505966712688,-71.66768304232893],[-73.11150833656048,-72.7494625223094]]],[[[-102.55128189613079,-72.13130608920393],[-97.14239975501751,-72.6721920144969],[-97.21967026283001,-71.82222405795393],[-102.55128189613079,-72.13130608920393]]],[[[-55.18492981483196,-80.94006005648909],[-44.83078476478313,-80.32190362338362],[-44.2126245169804,-78.39015618686018],[-48.84880920936321,-78.08107415561018],[-55.18492981483196,-80.94006005648909]]],[[[169.7693891854122,-83.41788903598128],[162.01522353599813,-81.6598629129344],[159.31539443443563,-80.02740899447737],[163.64298537681844,-78.66061059359846],[162.3456373543575,-75.1068843973094],[164.61622146080282,-74.17193261508284],[168.97468093345907,-73.2389415872508],[170.72912124107626,-71.90427819613753],[167.63463881920126,-70.86511651400862],[160.59853652427938,-70.22093621615706],[157.3068647713497,-69.15642968539534],[151.09345534752157,-68.88582269076643],[146.87545302818563,-67.99737969760237],[145.58565810631063,-67.2234844339305],[141.15749648521688,-66.72243157748518],[134.20519545982626,-66.18008843783674],[130.27210524986532,-66.25291863803206],[129.0096235604122,-67.02982751254378],[122.45820907066611,-66.64516106967268],[118.2856474251583,-67.0701412332469],[113.01485732506065,-65.76308099154768],[109.40372756431846,-66.71026269320784],[102.63083938072471,-65.92616692904768],[99.65426162193565,-66.54946557406721],[90,-66.60652581576643],[81.81432631920127,-67.3019527566844],[78.25992110679893,-68.38373223666487],[76.86905959556846,-69.3109630716258],[72.54195693443562,-70.23820153598128],[70.30113509605671,-72.01540795687971],[67.36488631675984,-71.70632592562971],[67.51269057701374,-70.46442071322737],[68.95107558677937,-69.88906518344221],[69.37389663170124,-67.84283868197737],[62.805972132189524,-67.61102715853987],[56.62694838951374,-66.94232598666487],[55.14159301231648,-65.96285668734846],[52.45182326744343,-65.98836175326643],[48.96721557091023,-66.97347680453596],[47.30508330772663,-67.77486077670393],[44.79703811119343,-67.74518243197737],[39.64714339683796,-68.93355981234846],[38.332049402697336,-70.02947656039534],[33.54134276817585,-68.5421642435008],[32.74804213951374,-69.34959832553206],[23.70747855613972,-70.58591882113753],[17.603171381457102,-70.08366052035628],[12.657907518847239,-70.31547204379378],[10.339816126330149,-70.70181695346174],[8.485341104967844,-70.08366052035628],[0.68109378526951,-71.31997338656721],[-4.882327046887625,-71.28133813266096],[-7.200421777264822,-70.894993222993],[-11.141175237195242,-71.59042016391096],[-11.828483548657644,-72.32257501010237],[-16.395518270032156,-73.44488946322737],[-14.450941052930105,-74.0646480691844],[-18.404530492322195,-75.68571130160628],[-23.58160492469524,-75.91752282504378],[-33.1630525260136,-77.38564721469221],[-36.40837952186321,-79.16285363559065],[-29.56768127967571,-79.2243160379344],[-28.913218465344656,-80.47643700961409],[-38.031048741833914,-80.94006005648909],[-43.82627960731243,-81.79002801303206],[-60.20745941688274,-82.33091393832503],[-74.88871475745891,-80.70824853305159],[-76.58865067054485,-79.39465752963362],[-80.76121231605266,-78.23561517123518],[-74.50236984779094,-78.08107415561018],[-78.59766098548626,-76.61294976596174],[-70.56160446693157,-76.69022027377424],[-64.45729538490032,-75.68571130160628],[-61.366505589978445,-73.90851251010237],[-60.825619664685476,-72.7494625223094],[-61.675587621228445,-70.8177227151805],[-65.38453384925579,-67.34058038119612],[-61.134694066540945,-64.86795464877424],[-62.91190430213665,-64.71340600375471],[-66.85265823890423,-66.79969445590315],[-67.08446976234173,-68.65416375521956],[-68.78439804603313,-69.81321374301253],[-67.08446976234173,-71.82222405795393],[-67.6253556876347,-72.7494625223094],[-75.58414169837688,-73.75397149447737],[-81.76572128822063,-74.02441064242659],[-88.56545731116985,-73.25171319369612],[-99.7881974845097,-72.99776116732893],[-101.8801164298222,-74.09877435092268],[-100.04510208656048,-75.30987969760237],[-105.6420793204472,-75.0675548685008],[-110.55704971839641,-75.30289117221174],[-113.23789688636516,-74.32137719516096],[-128.97754379798624,-74.9130138528758],[-134.7727708487675,-74.64256707553206],[-140.56799789954874,-75.26072350863753],[-146.67230698158,-76.1106914651805],[-146.14586350013468,-77.45652428988753],[-149.99490829993937,-77.73335687045393],[-154.16746994544718,-77.11520043734846],[-158.18549057533,-77.81062737826643],[-154.55382248450968,-79.1242183816844],[-148.60405441810343,-79.66510430697737],[-145.6677903800175,-80.51507226352034],[-152.08118149329874,-82.60135308627424],[-153.30974289466593,-83.94192925814924],[-148.75858017493937,-85.07398644809065],[-156.56282517005656,-85.46033135775862],[-167.22606369544718,-84.76490441684065],[-180,-84.3223156106883],[-180,-85.3223156106883],[-180,-86.3223156106883],[-180,-87.3223156106883],[-180,-88.3223156106883],[-180,-89.3223156106883],[-180,-90],[-179.20366379310343,-90],[-178.20366379310343,-90],[-177.20366379310343,-90],[-176.20366379310343,-90],[-175.20366379310343,-90],[-174.20366379310343,-90],[-173.20366379310343,-90],[-172.20366379310343,-90],[-171.20366379310343,-90],[-170.20366379310343,-90],[-169.20366379310343,-90],[-168.20366379310343,-90],[-167.20366379310343,-90],[-166.20366379310343,-90],[-165.20366379310343,-90],[-164.20366379310343,-90],[-163.20366379310343,-90],[-162.20366379310343,-90],[-161.20366379310343,-90],[-160.20366379310343,-90],[-159.20366379310343,-90],[-158.20366379310343,-90],[-157.20366379310343,-90],[-156.20366379310343,-90],[-155.20366379310343,-90],[-154.20366379310343,-90],[-153.20366379310343,-90],[-152.20366379310343,-90],[-151.20366379310343,-90],[-150.20366379310343,-90],[-149.20366379310343,-90],[-148.20366379310343,-90],[-147.20366379310343,-90],[-146.20366379310343,-90],[-145.20366379310343,-90],[-144.20366379310343,-90],[-143.20366379310343,-90],[-142.20366379310343,-90],[-141.20366379310343,-90],[-140.20366379310343,-90],[-139.20366379310343,-90],[-138.20366379310343,-90],[-137.20366379310343,-90],[-136.20366379310343,-90],[-135.20366379310343,-90],[-134.20366379310343,-90],[-133.20366379310343,-90],[-132.20366379310343,-90],[-131.20366379310343,-90],[-130.20366379310343,-90],[-129.20366379310343,-90],[-128.20366379310343,-90],[-127.20366379310344,-90],[-126.20366379310344,-90],[-125.20366379310344,-90],[-124.20366379310344,-90],[-123.20366379310344,-90],[-122.20366379310344,-90],[-121.20366379310344,-90],[-120.20366379310344,-90],[-119.20366379310344,-90],[-118.20366379310344,-90],[-117.20366379310344,-90],[-116.20366379310344,-90],[-115.20366379310344,-90],[-114.20366379310344,-90],[-113.20366379310344,-90],[-112.20366379310344,-90],[-111.20366379310344,-90],[-110.20366379310344,-90],[-109.20366379310344,-90],[-108.20366379310344,-90],[-107.20366379310344,-90],[-106.20366379310344,-90],[-105.20366379310344,-90],[-104.20366379310344,-90],[-103.20366379310344,-90],[-102.20366379310344,-90],[-101.20366379310344,-90],[-100.20366379310344,-90],[-99.20366379310344,-90],[-98.20366379310344,-90],[-97.20366379310344,-90],[-96.20366379310344,-90],[-95.20366379310344,-90],[-94.20366379310344,-90],[-93.20366379310344,-90],[-92.20366379310344,-90],[-91.20366379310344,-90],[-90,-90],[-89.20366379310344,-90],[-88.20366379310344,-90],[-87.20366379310344,-90],[-86.20366379310344,-90],[-85.20366379310344,-90],[-84.20366379310344,-90],[-83.20366379310344,-90],[-82.20366379310344,-90],[-81.20366379310344,-90],[-80.20366379310344,-90],[-79.20366379310344,-90],[-78.20366379310344,-90],[-77.20366379310344,-90],[-76.20366379310344,-90],[-75.20366379310344,-90],[-74.20366379310344,-90],[-73.20366379310344,-90],[-72.20366379310344,-90],[-71.20366379310344,-90],[-70.20366379310344,-90],[-69.20366379310344,-90],[-68.20366379310344,-90],[-67.20366379310344,-90],[-66.20366379310344,-90],[-65.20366379310344,-90],[-64.20366379310344,-90],[-63.203663793103445,-90],[-62.203663793103445,-90],[-61.203663793103445,-90],[-60.203663793103445,-90],[-59.203663793103445,-90],[-58.203663793103445,-90],[-57.203663793103445,-90],[-56.203663793103445,-90],[-55.203663793103445,-90],[-54.203663793103445,-90],[-53.203663793103445,-90],[-52.203663793103445,-90],[-51.203663793103445,-90],[-50.203663793103445,-90],[-49.203663793103445,-90],[-48.203663793103445,-90],[-47.203663793103445,-90],[-46.203663793103445,-90],[-45.203663793103445,-90],[-44.203663793103445,-90],[-43.203663793103445,-90],[-42.203663793103445,-90],[-41.203663793103445,-90],[-40.203663793103445,-90],[-39.203663793103445,-90],[-38.203663793103445,-90],[-37.203663793103445,-90],[-36.203663793103445,-90],[-35.203663793103445,-90],[-34.203663793103445,-90],[-33.203663793103445,-90],[-32.203663793103445,-90],[-31.203663793103445,-90],[-30.203663793103445,-90],[-29.203663793103445,-90],[-28.203663793103445,-90],[-27.203663793103445,-90],[-26.203663793103445,-90],[-25.203663793103445,-90],[-24.203663793103445,-90],[-23.203663793103445,-90],[-22.203663793103445,-90],[-21.203663793103445,-90],[-20.203663793103445,-90],[-19.203663793103445,-90],[-18.203663793103445,-90],[-17.203663793103445,-90],[-16.203663793103445,-90],[-15.203663793103445,-90],[-14.203663793103445,-90],[-13.203663793103445,-90],[-12.203663793103445,-90],[-11.203663793103445,-90],[-10.203663793103445,-90],[-9.203663793103445,-90],[-8.203663793103445,-90],[-7.203663793103445,-90],[-6.203663793103445,-90],[-5.203663793103445,-90],[-4.203663793103445,-90],[-3.203663793103445,-90],[-2.203663793103445,-90],[-1.203663793103445,-90],[-0.203663793103445,-90],[0.77805617759968,-90],[1.77805617759968,-90],[2.77805617759968,-90],[3.77805617759968,-90],[4.77805617759968,-90],[5.77805617759968,-90],[6.77805617759968,-90],[7.77805617759968,-90],[8.77805617759968,-90],[9.77805617759968,-90],[10.77805617759968,-90],[11.77805617759968,-90],[12.77805617759968,-90],[13.77805617759968,-90],[14.77805617759968,-90],[15.77805617759968,-90],[16.77805617759968,-90],[17.77805617759968,-90],[18.77805617759968,-90],[19.77805617759968,-90],[20.77805617759968,-90],[21.77805617759968,-90],[22.77805617759968,-90],[23.77805617759968,-90],[24.77805617759968,-90],[25.77805617759968,-90],[26.77805617759968,-90],[27.77805617759968,-90],[28.77805617759968,-90],[29.77805617759968,-90],[30.77805617759968,-90],[31.77805617759968,-90],[32.77805617759968,-90],[33.77805617759968,-90],[34.77805617759968,-90],[35.77805617759968,-90],[36.77805617759968,-90],[37.77805617759968,-90],[38.77805617759968,-90],[39.77805617759968,-90],[40.77805617759968,-90],[41.77805617759968,-90],[42.77805617759968,-90],[43.77805617759968,-90],[44.77805617759968,-90],[45.77805617759968,-90],[46.77805617759968,-90],[47.77805617759968,-90],[48.77805617759968,-90],[49.77805617759968,-90],[50.77805617759968,-90],[51.77805617759968,-90],[52.77805617759968,-90],[53.77805617759968,-90],[54.77805617759968,-90],[55.77805617759968,-90],[56.77805617759968,-90],[57.77805617759968,-90],[58.77805617759968,-90],[59.77805617759968,-90],[60.77805617759968,-90],[61.77805617759968,-90],[62.77805617759968,-90],[63.77805617759968,-90],[64.77805617759968,-90],[65.77805617759968,-90],[66.77805617759968,-90],[67.77805617759968,-90],[68.77805617759968,-90],[69.77805617759968,-90],[70.77805617759968,-90],[71.77805617759968,-90],[72.77805617759968,-90],[73.77805617759971,-90],[74.77805617759971,-90],[75.77805617759971,-90],[76.77805617759971,-90],[77.77805617759971,-90],[78.77805617759971,-90],[79.77805617759971,-90],[80.77805617759971,-90],[81.77805617759971,-90],[82.77805617759971,-90],[83.77805617759971,-90],[84.77805617759971,-90],[85.77805617759971,-90],[86.77805617759971,-90],[87.77805617759971,-90],[88.77805617759971,-90],[89.77805617759971,-90],[89.79633620689658,-90],[90,-90],[91.77805617759971,-90],[92.77805617759971,-90],[93.77805617759971,-90],[94.77805617759971,-90],[95.77805617759971,-90],[96.77805617759971,-90],[97.77805617759971,-90],[98.77805617759971,-90],[99.77805617759971,-90],[100.77805617759971,-90],[101.77805617759971,-90],[102.77805617759971,-90],[103.77805617759971,-90],[104.77805617759971,-90],[105.77805617759971,-90],[106.77805617759971,-90],[107.77805617759971,-90],[108.77805617759971,-90],[109.77805617759971,-90],[110.77805617759971,-90],[111.77805617759971,-90],[112.77805617759971,-90],[113.77805617759971,-90],[114.77805617759971,-90],[115.77805617759971,-90],[116.77805617759971,-90],[117.77805617759971,-90],[118.77805617759971,-90],[119.77805617759971,-90],[120.77805617759971,-90],[121.77805617759971,-90],[122.77805617759971,-90],[123.77805617759971,-90],[124.77805617759971,-90],[125.77805617759971,-90],[126.77805617759971,-90],[127.77805617759971,-90],[128.7780561775997,-90],[129.7780561775997,-90],[130.7780561775997,-90],[131.7780561775997,-90],[132.7780561775997,-90],[133.7780561775997,-90],[134.7780561775997,-90],[135.7780561775997,-90],[136.7780561775997,-90],[137.7780561775997,-90],[138.7780561775997,-90],[139.7780561775997,-90],[140.7780561775997,-90],[141.7780561775997,-90],[142.7780561775997,-90],[143.7780561775997,-90],[144.7780561775997,-90],[145.7780561775997,-90],[146.7780561775997,-90],[147.7780561775997,-90],[148.7780561775997,-90],[149.7780561775997,-90],[150.7780561775997,-90],[151.7780561775997,-90],[152.7780561775997,-90],[153.7780561775997,-90],[154.7780561775997,-90],[155.7780561775997,-90],[156.7780561775997,-90],[157.7780561775997,-90],[158.7780561775997,-90],[159.7780561775997,-90],[160.7780561775997,-90],[161.7780561775997,-90],[162.7780561775997,-90],[163.7780561775997,-90],[164.7780561775997,-90],[165.7780561775997,-90],[166.7780561775997,-90],[167.7780561775997,-90],[168.7780561775997,-90],[169.7780561775997,-90],[170.7780561775997,-90],[171.7780561775997,-90],[172.7780561775997,-90],[173.7780561775997,-90],[174.7780561775997,-90],[175.7780561775997,-90],[176.7780561775997,-90],[177.7780561775997,-90],[178.7780561775997,-90],[180,-90],[180,-89.31921807650862],[180,-88.31921807650862],[180,-87.31921807650862],[180,-86.31921807650862],[180,-85.31921807650862],[180,-84.34037438754378],[169.7693891854122,-83.41788903598128]]]]},"properties":{"NAME":null,"SUBJECTO":null,"PARTOF":null}},
{"type":"Feature","geometry":{"type":"Polygon","coordinates":[[[48.01471769860454,-17.022773083630007],[46.653502518432745,-17.732972308067463],[45.29228733826095,-22.64518361042655],[45.52902041307344,-23.592115909676497],[47.18615193676085,-23.11864976005152],[48.488183848229525,-20.041119787489205],[48.01471769860454,-17.022773083630007]]]},"properties":{"NAME":"Expansionist Kingdom of Merina","SUBJECTO":"Expansionist Kingdom of Merina","PARTOF":"Expansionist Kingdom of Merina"}},
{"type":"Feature","geometry":{"type":"MultiPolygon","coordinates":[[[[139.97774795006063,41.5034671651906],[141.92812636802938,42.50126227017107],[143.21375564049032,41.926539980132006],[145.059382471545,43.785766206938646],[143.50817397545126,44.155761324126146],[141.87533095787313,45.435424410063646],[141.3036451668575,43.187030397612475],[139.71174148033407,42.47759588833513],[139.97774795006063,41.5034671651906]]],[[[143.05691054771688,53.06198462124529],[141.76703933189657,53.2722659933156],[141.64321425865438,51.81308706875505],[142.15287307213094,50.89004477139177],[142.48990920494344,47.901603304106615],[143.63314345787313,50.234977327544115],[142.94391921470907,51.61730536099138],[143.05691054771688,53.06198462124529]]]]},"properties":{"NAME":"Ainu","SUBJECTO":"Ainu","PARTOF":"Ainu"}},
{"type":"Feature","geometry":{"type":"Polygon","coordinates":[[[8.819559130175364,38.976913057524584],[9.478920015795481,39.144157015044115],[9.793739351732981,40.56368216152849],[8.240707430346262,40.855338655669115],[8.819559130175364,38.976913057524584]]]},"properties":{"NAME":"Sardinia","SUBJECTO":"Sardinia","PARTOF":"Sardinia"}},
{"type":"Feature","geometry":{"type":"Polygon","coordinates":[[[109.42965224693565,18.096622072417162],[110.26251510093955,18.62562712307634],[110.61735061119346,20.017461382109545],[109.55032638023643,19.91355665798845],[108.57689956138877,19.187371813017748],[109.42965224693565,18.096622072417162]]]},"properties":{"NAME":"Hainan","SUBJECTO":"Hainan","PARTOF":"Hainan"}},
{"type":"Feature","geometry":{"type":"Polygon","coordinates":[[[33.39528638537139,-20.02211158283374],[32.68959587158015,-18.643939052756906],[29.6904111879674,-18.820361681204712],[28.63187541728054,-19.87889745189157],[28.27903016038492,-21.46670110792186],[28.455452788832716,-22.525236878608716],[29.33756593107178,-23.054504763952146],[31.101792215549878,-23.054504763952146],[32.86601850002798,-21.995968993265286],[33.39528638537139,-20.02211158283374]]]},"properties":{"NAME":"Great Zimbabwe","SUBJECTO":"Great Zimbabwe","PARTOF":"Great Zimbabwe"}},
{"type":"Feature","geometry":{"type":"Polygon","coordinates":[[[40.40044310997273,-11.230388082306959],[39.6576147408321,-9.795738614838697],[39.270125421984446,-7.801093496125318],[39.5664282173946,-7.044216073792555],[38.921526941759836,-6.340208925049879],[39.26727202842976,-4.776162542145826],[40.23441604088093,-3.191706575196363],[42.440066370470774,-0.511580146592237],[43.724307093127024,0.800251446921251],[46.22544175888997,2.552302650726347],[46.36050322960163,2.667831026274584],[47.63646532348032,4.096041917326509],[46.449290647584505,4.080424596143054],[44.281409389217814,3.357797510020823],[39.41664348918111,-1.375006425969531],[37.732183923185076,-4.575479601362019],[38.23752179298391,-9.291966386150964],[39.24819753258153,-11.144871908746616],[40.40044310997273,-11.230388082306959]]]},"properties":{"NAME":"Islamic city-states","SUBJECTO":"Islamic city-states","PARTOF":"Islamic city-states"}},
{"type":"Feature","geometry":{"type":"Polygon","coordinates":[[[18.47847432057335,49.49988824463957],[18.25037324176715,49.180546734310894],[18.223192900402367,48.99028434475747],[18.11447153494329,48.99028434475747],[18.11447153494329,48.85438263793361],[17.869848462660357,48.80002195520407],[17.353421976729678,48.963104003392715],[16.48161604547856,48.19584933203984],[16.644015067109123,47.299667111868644],[16.44831660928274,46.930014469307736],[16.44831660928274,46.77780455766501],[16.513549428558193,46.62559464602229],[16.29610669764004,46.40815191510411],[16.53529370165002,46.364663368920475],[16.44831660928274,46.10373209181867],[16.209129605272764,46.147220638002295],[16.078663966721834,45.88628936090049],[16.209129605272764,45.73407944925776],[16.122152512905487,45.581869537615034],[15.911678518060839,45.63098013641212],[16.80769549190238,44.935054867801526],[19.785081820473508,44.93614220642296],[22.07673912193364,44.4463949883733],[22.337959048335946,44.772919896376166],[22.6644839563388,44.64230993317503],[23.056313845942228,45.03413982277846],[26.517477870772623,45.81779960198533],[27.366442631580057,46.34023945478992],[27.61532130563534,46.90021647141428],[27.62766255798236,46.92798428919508],[27.170654277631343,47.97257464428307],[24.131951941103054,48.811120856545],[21.7706786242032,49.591705278232865],[19.380532145890598,49.803490409222576],[18.47847432057335,49.49988824463957]]]},"properties":{"NAME":"Magyars","SUBJECTO":"Magyars","PARTOF":"Magyars"}},
{"type":"Feature","geometry":{"type":"Polygon","coordinates":[[[13.36769584129597,45.69448813076677],[13.080858860915342,45.98044982178425],[12.144820791307112,45.76276654978233],[12.448155436022532,45.394286714751146],[13.36769584129597,45.69448813076677]]]},"properties":{"NAME":"Venice","SUBJECTO":"Venice","PARTOF":"Venice"}},
{"type":"Feature","geometry":{"type":"Polygon","coordinates":[[[9.432161364062082,42.79413565273943],[8.609300646288645,42.48734625454607],[8.726921114428293,41.56056936855974],[9.452508959276926,42.048305116850756],[9.432161364062082,42.79413565273943]]]},"properties":{"NAME":"Corsica","SUBJECTO":"Corsica","PARTOF":"Corsica"}},
{"type":"Feature","geometry":{"type":"MultiPolygon","coordinates":[[[[110.10231,-3.07854],[112.79538,-2.97102],[114.71241,-4.20615],[115.9559,-3.19932],[114.63468,-1.65918],[112.80111,-1.87489],[111.33287,-1.36984],[110.10231,-3.07854]]],[[[109.11535,-7.73875],[110.77774,-8.32031],[113.07379,-8.34712],[112.27479,-7.02689],[111.04472,-6.85159],[109.21701,-7.01438],[109.11535,-7.73875]]]]},"properties":{"NAME":"East Java","SUBJECTO":"East Java","PARTOF":"East Java"}},
{"type":"Feature","geometry":{"type":"Polygon","coordinates":[[[111.33287,-1.36984],[112.80111,-1.87489],[114.63468,-1.65918],[116.01956,0.18733],[116.43373,1.36081],[115.32927,3.08652],[114.56996,3.50069],[112.49911,2.25818],[111.26321,0.78979],[110.70589,-0.60352],[111.33287,-1.36984]]]},"properties":{"NAME":null,"SUBJECTO":null,"PARTOF":null}},
{"type":"Feature","geometry":{"type":"Polygon","coordinates":[[[102.04374844726028,37.738080025488514],[108.97183371760362,37.738080025488514],[109.8887861798549,37.94184723932214],[110.50008782135582,39.877635770741605],[109.37936814527087,41.202122660660194],[108.36053207610276,41.507773481410624],[103.0625845164284,41.202122660660194],[101.43244680575937,41.202122660660194],[98.98724023975582,41.81342430216107],[96.23638285300184,41.507773481410624],[91.3459697209948,42.11907512291151],[88.18757790657351,41.40588987449382],[85.94613855440362,41.40588987449382],[85.1310696990691,40.18328659149205],[85.84425494748679,39.57198494999116],[88.28946151349034,38.960683308490275],[92.56857300399652,38.756916094656646],[96.23638285300184,38.756916094656646],[97.45898613600362,38.55314888082302],[99.80230909509034,37.83996363240533],[102.04374844726028,37.738080025488514]]]},"properties":{"NAME":"Xixia","SUBJECTO":"Xixia","PARTOF":"Xixia"}},
{"type":"Feature","geometry":{"type":"MultiPolygon","coordinates":[[[[80.5629,5.93167],[81.86617,7.08456],[80.66242,9.29946],[79.67463,8.80493],[79.85409,7.06115],[80.5629,5.93167]]],[[[75.43987,11.7498],[76.70353,8.70636],[77.89976,8.25781],[79.82627,10.35873],[79.71073,11.44494],[80.22376,12.83109],[80.0894,15.17516],[80.45976,15.77315],[78.20298,14.81427],[77.71674,14.32803],[75.43987,11.7498]]]]},"properties":{"NAME":"Chola state","SUBJECTO":"Chola state","PARTOF":"Chola state"}},
{"type":"Feature","geometry":{"type":"Polygon","coordinates":[[[100.68163,28.69096],[100.493,30.08834],[100.68659,31.39508],[103.15487,33.28259],[103.20326,34.10535],[102.08804,34.86569],[101.68757,36.30738],[102.04375,37.73808],[99.80231,37.83996],[97.45899,38.55315],[96.23638,38.75692],[92.56857,38.75692],[88.28946,38.96068],[87.67816,38.65503],[88.08569,38.14561],[79.83312,35.49664],[79.89789,34.05138],[79.80756,33.05777],[79.80756,31.16087],[79.80756,30.70923],[80.05398,29.98154],[84.42849,27.87296],[86.40928,27.32968],[88.1541,27.31264],[91.43788,27.28058],[91.83027,27.27675],[94.1529,27.66846],[94.68028,26.52578],[96.42759,26.70051],[98.63723,27.47874],[100.68163,28.69096]]]},"properties":{"NAME":"Tibet","SUBJECTO":"Tibet","PARTOF":"Tibet"}},
{"type":"Feature","geometry":{"type":"Polygon","coordinates":[[[101.21896020065596,26.990895370621487],[102.9612753970534,26.79730479324399],[105.18756703689463,25.829351906356514],[106.58540025991904,22.91894011470515],[107.41781142662315,21.18578680630388],[109.11740401695518,21.39900930996599],[110.07721999595908,20.867482744414232],[111.0855970711544,21.479402147490404],[112.74952224205283,21.756068788725756],[113.71678451011924,22.482215486723803],[116.34061721275596,22.91333159084978],[118.81294539879111,24.8494144308156],[119.42890456627158,26.590831361967943],[121.3585234017208,28.3856635915822],[121.77031997154502,29.834281526762865],[121.6059599251583,31.827626787382982],[120.66086104820518,32.543117128569506],[119.97359755943565,34.13522299404802],[119.02086165855674,34.6919322835988],[120.13933852623252,36.19480093594255],[121.84669784019736,36.86017569180193],[120.65811446617393,37.73646505947771],[119.59885695884971,37.11661871548357],[117.51010318821041,38.76556942634748],[115.69615177411335,39.57198494999116],[111.41704028360716,39.57198494999116],[110.50008782135582,39.877635770741605],[109.8887861798549,37.94184723932214],[108.97183371760362,37.738080025488514],[102.04374844726028,37.738080025488514],[101.68757091375052,36.3073807256478],[102.08804040560331,34.86569055497782],[103.2032636187753,34.10534908924444],[103.15486597443096,33.28258913539008],[100.68658611286783,31.395081005959504],[100.49299553549038,30.08834460866141],[100.68162876825188,28.690961624015074],[101.21896020065596,26.990895370621487]]]},"properties":{"NAME":"Song Empire","SUBJECTO":"Song Empire","PARTOF":"Song Empire"}},
{"type":"Feature","geometry":{"type":"Polygon","coordinates":[[[101.21896020065596,26.990895370621487],[98.58264716014988,25.400880760258403],[99.42824735991412,21.66715449274036],[101.00763564981271,21.423474663076533],[103.78688826983235,20.22182356891365],[104.55839766041778,20.16682751806477],[104.84878352648401,21.763949781429105],[106.58540025991904,22.91894011470515],[105.18756703689463,25.829351906356514],[102.9612753970534,26.79730479324399],[101.21896020065596,26.990895370621487]]]},"properties":{"NAME":"Nan Chao","SUBJECTO":"Nan Chao","PARTOF":"Nan Chao"}},
{"type":"Feature","geometry":{"type":"Polygon","coordinates":[[[103.78688826983235,20.22182356891365],[103.05807068574218,17.998714290853265],[104.11128589985204,17.998714290853265],[104.93303328904541,17.450882698057654],[105.39971637868003,16.33097923887283],[106.2039175681265,16.053027748793],[106.4514972658936,16.18796129096556],[107.37534490539612,16.691467982144694],[105.53258040855674,18.844211183745287],[105.8433866829708,19.70240934963884],[107.41781142662315,21.18578680630388],[106.58540025991904,22.91894011470515],[104.84878352648401,21.763949781429105],[104.55839766041778,20.16682751806477],[103.78688826983235,20.22182356891365]]]},"properties":{"NAME":"Annam","SUBJECTO":"Annam","PARTOF":"Annam"}},
{"type":"Feature","geometry":{"type":"Polygon","coordinates":[[[106.4514972658936,16.18796129096556],[107.4622563210802,14.988279573216772],[107.89783512017955,12.56839735599808],[106.92988223329208,11.842432690832474],[106.77315810631065,10.63917215939226],[107.41204360435752,10.3673587667531],[109.07335189293174,11.635222040373705],[109.30712417076377,12.906332575041674],[108.78612044761924,15.090558611113451],[107.37534490539612,16.691467982144694],[106.4514972658936,16.18796129096556]]]},"properties":{"NAME":"Champa","SUBJECTO":"Champa","PARTOF":"Champa"}},
{"type":"Feature","geometry":{"type":"MultiPolygon","coordinates":[[[[140.86977675865438,-2.794752515595533],[137.85431960533407,-1.613961375992872],[136.27088454674032,-2.418122447770216],[135.2464399666622,-3.538871921341993],[134.2830610604122,-2.854586995881178],[133.90731337974813,-1.006078935902693],[132.2540083260372,-0.52669767264662],[131.21142104576376,-1.024637974541761],[132.71871474693563,-2.934237636368849],[132.7128248543575,-3.887547172349073],[134.0406294197872,-3.948230661194899],[137.38517287681844,-5.123125947754957],[137.8235884041622,-5.427235997956373],[139.15613845299032,-7.725116647523024],[140.9476118416622,-9.273864187043287],[142.6074018807247,-9.376576818268873],[144.37983230064657,-7.758321679871656],[145.819636377795,-8.098442472260572],[146.6460981697872,-9.278875745576002],[147.87362197349813,-10.178817189972975],[149.78336623619344,-10.40988961581526],[149.82990554283407,-9.710580266755201],[148.58870986412313,-9.160280622284986],[146.90914443443563,-6.894825376313307],[147.37649062584188,-6.124768174927809],[145.59342482994344,-5.423136152070143],[145.72822097252157,-4.99702922229109],[143.44550612877157,-3.610096133988478],[140.86977675865438,-2.794752515595533]]],[[[149.55416396568563,-6.406063951294996],[152.05868056724813,-5.498135484498121],[151.5876264900997,-4.901724733155348],[149.55416396568563,-6.406063951294996]]],[[[120.4319105477169,0.636000238615892],[119.91373732994346,0.539560459811113],[118.68360427330283,-2.901070750992872],[119.46113112877158,-3.808197892945387],[119.47684005211143,-5.80376807574568],[120.24806502769736,-5.586007512848951],[120.1441908211544,-3.075864232819654],[121.87277511070518,-4.959664739411451],[122.64091018150596,-4.284319795411207],[122.25816634605674,-3.211096681397535],[120.50657180259971,-1.448180831711866],[119.87274459312705,-0.464555866759397],[120.4319105477169,0.636000238615892]]]]},"properties":{"NAME":null,"SUBJECTO":null,"PARTOF":null}},
{"type":"Feature","geometry":{"type":"Polygon","coordinates":[[[129.82471755455282,41.8613658773488],[124.1107912821878,39.87540244263934],[125.29609206627158,39.36432608242693],[124.73619368980674,38.27978094692888],[126.2097196907833,37.75405081387224],[126.39185622642783,37.61432226772966],[126.44296554039268,37.47432669277849],[126.78633407066611,37.0739017355031],[126.79962447593955,36.94661673184099],[126.68535140465049,36.8381725179738],[126.39093306968955,36.95851095791521],[126.25480178306846,36.90731009121599],[125.96027663658408,36.722125612456225],[126.36143783043174,36.62746389980974],[126.43670180748252,36.13125952358904],[126.62643722008018,35.92805441494646],[126.22541335533408,35.163993440825365],[126.40957930992393,34.26900442715349],[126.61678603599815,34.40909155483904],[126.82445815513877,34.428554140288256],[127.35909560631065,34.80417975063982],[128.1644850106075,34.799464784819506],[129.06002334068563,35.169784151274584],[129.24999526451376,37.008876405913256],[128.45106032799032,38.255424104887865],[128.1441450447872,38.534633241850756],[127.95601943443565,38.69407232876482],[127.40455916832236,39.07533987637224],[127.27688888023643,39.22168692227068],[127.67152694175986,39.86643561001482],[129.47782424400594,40.682025514799975],[129.82471755455282,41.8613658773488]]]},"properties":{"NAME":"Korea","SUBJECTO":"Korea","PARTOF":"Korea"}},
{"type":"Feature","geometry":{"type":"Polygon","coordinates":[[[131.86515334556844,43.29038199063005],[133.39928863603922,44.67121082457935],[133.70895636437257,45.414413372579475],[133.0276873620391,46.52921719457966],[131.91288354003893,46.52921719457966],[127.57753534337151,44.42347664191263],[123.61378842070424,43.989941822245896],[120.08357631770362,43.80414118524587],[113.82828820536925,43.24673927424578],[108.36053207610276,41.507773481410624],[109.37936814527087,41.202122660660194],[110.50008782135582,39.877635770741605],[111.41704028360716,39.57198494999116],[115.69615177411335,39.57198494999116],[117.51010318821041,38.76556942634748],[118.97764113853721,39.22413595791521],[121.01060775230674,40.85068091030779],[122.1079130501583,40.35372122402849],[122.0274916024044,39.25575979824724],[124.1107912821878,39.87540244263934],[129.82471755455282,41.8613658773488],[131.86515334556844,43.29038199063005]]]},"properties":{"NAME":"Liao","SUBJECTO":"Liao","PARTOF":"Liao"}},
{"type":"Feature","geometry":{"type":"Polygon","coordinates":[[[95.64811,4.43286],[96.72036,3.70459],[97.59715,2.25138],[98.71031,2.85368],[97.14706,4.41576],[95.64811,4.43286]]]},"properties":{"NAME":"minor Hindu and Buddhist states","SUBJECTO":"minor Hindu and Buddhist states","PARTOF":"minor Hindu and Buddhist states"}},
{"type":"Feature","geometry":{"type":"Polygon","coordinates":[[[42.76366332481648,16.64545591946306],[42.79587844322468,15.47008093472185],[43.84059050987507,12.663913332182787],[44.963572535021555,12.825172029692553],[48.87929629770282,14.168719980766738],[47.06392597669141,15.748244998241177],[46.2768914091897,17.117825991073957],[45.24036913418435,17.693671699410253],[42.76366332481648,16.64545591946306]]]},"properties":{"NAME":"Yemen","SUBJECTO":"Yemen","PARTOF":"Yemen"}},
{"type":"Feature","geometry":{"type":"Polygon","coordinates":[[[47.06392597669141,15.748244998241177],[48.87929629770282,14.168719980766738],[49.33384993980671,14.632695757109545],[52.135169062121165,15.687059961516283],[52.894324335558665,16.60995253201189],[55.19483855675007,17.148564897734545],[57.18620971153523,18.938108049590014],[56.72555910069305,19.154590009908418],[53.93854954569257,19.154590009908418],[51.81540992800966,18.124918486929445],[50.511135257684785,17.146712484185798],[47.837586523722635,16.42168231904352],[47.06392597669141,15.748244998241177]]]},"properties":{"NAME":"Hadramaut","SUBJECTO":"Hadramaut","PARTOF":"Hadramaut"}},
{"type":"Feature","geometry":{"type":"Polygon","coordinates":[[[59.837283167345774,22.279178224760912],[58.62849334190632,23.4582954275197],[57.146197351916086,23.9824710714406],[56.01545623253132,25.771625124174975],[54.77081969688679,24.73348196621599],[55.554391932724585,23.519093212830995],[57.716495831359865,22.18933374757559],[59.837283167345774,22.279178224760912]]]},"properties":{"NAME":"Muscat","SUBJECTO":"Muscat","PARTOF":"Muscat"}},
{"type":"Feature","geometry":{"type":"Polygon","coordinates":[[[54.77081969688679,24.73348196621599],[53.68676284263874,23.987481676298998],[51.58590224693562,24.003221117216967],[50.8573158729301,23.88040675589211],[48.617171905951196,25.686974471197686],[44.083180251378806,30.33699169344677],[40.0291220249877,34.3910499198379],[38.37216217751843,35.140887776016086],[37.211895121902344,33.56649570430072],[36.52476660895469,31.161545908983946],[36.59347946024947,29.78728888308865],[37.42091198994014,27.834118954335942],[40.179837049325,24.027974491109504],[41.81245652795077,21.71258711091823],[41.922550674907015,20.766511713616353],[40.81975844810749,19.68472059841814],[41.628558191759836,18.047204576689623],[42.76366332481648,16.64545591946306],[45.24036913418435,17.693671699410253],[46.2768914091897,17.117825991073957],[47.06392597669141,15.748244998241177],[47.837586523722635,16.42168231904352],[50.511135257684785,17.146712484185798],[51.81540992800966,18.124918486929445],[53.93854954569257,19.154590009908418],[56.72555910069305,19.154590009908418],[57.18620971153523,18.938108049590014],[57.80608275841023,20.171960436064623],[58.51204970787312,20.421229921538256],[59.837283167345774,22.279178224760912],[57.716495831359865,22.18933374757559],[55.554391932724585,23.519093212830995],[54.77081969688679,24.73348196621599]]]},"properties":{"NAME":null,"SUBJECTO":null,"PARTOF":null}},
{"type":"Feature","geometry":{"type":"Polygon","coordinates":[[[72.70661,21.50432],[73.06423,18.03172],[73.84143,15.39048],[74.73362,13.68336],[75.43987,11.7498],[77.71674,14.32803],[77.65417,16.50198],[78.7369,17.832],[81.36636,19.48058],[81.26855,19.82944],[80.97968,20.85983],[78.46621,21.50883],[75.41139,21.86814],[72.70661,21.50432]]]},"properties":{"NAME":"Chalukya Empire","SUBJECTO":"Chalukya Empire","PARTOF":"Chalukya Empire"}},
{"type":"Feature","geometry":{"type":"Polygon","coordinates":[[[64.05922225425984,25.401034914214037],[66.62050918052937,25.31748541470232],[66.70171645591999,24.752278886992357],[68.0721769661739,23.67518766995134],[68.86453405136173,24.48087493724264],[70.28900560169531,27.577552220576486],[71.15607524102877,28.878156679576705],[71.40380942369548,32.53223587391065],[67.37812895536148,30.11682759291024],[65.02465422002776,28.320754768576613],[63.60018266969418,28.0730205859099],[64.15758458069429,26.77241612690969],[64.05922225425984,25.401034914214037]]]},"properties":{"NAME":"Buyid Emirate","SUBJECTO":"Buyid Emirate","PARTOF":"Buyid Emirate"}},
{"type":"Feature","geometry":{"type":"Polygon","coordinates":[[[72.21038249693608,33.372102743188705],[67.8842165896851,36.85156295178611],[66.70994757473649,37.21287649484722],[66.52929080320594,38.1161603525],[64.63239470213507,38.838787438622234],[63.12148843168218,39.80865414609036],[55.4868881873595,39.34492589724512],[54.92948627635941,39.15912526024509],[54.86755273069271,36.80565052491136],[55.61075527869285,35.93858088557788],[56.53975846369299,35.93858088557788],[61.927976936693895,29.745226318910184],[62.856980121694065,28.444621859909965],[63.60018266969418,28.0730205859099],[65.02465422002776,28.320754768576613],[67.37812895536148,30.11682759291024],[71.40380942369548,32.53223587391065],[72.21038249693608,33.372102743188705]]]},"properties":{"NAME":"Ghaznavid Emirate","SUBJECTO":"Ghaznavid Emirate","PARTOF":"Ghaznavid Emirate"}},
{"type":"Feature","geometry":{"type":"Polygon","coordinates":[[[44.78217985176953,41.30306486223932],[44.89118164269644,41.32922529206178],[44.811470027098224,41.34978827042802],[44.78217985176953,41.303064862239324],[44.78217985176953,41.30306486223932]]]},"properties":{"NAME":"Georgia","SUBJECTO":"Georgia","PARTOF":"Georgia"}},
{"type":"Feature","geometry":{"type":"Polygon","coordinates":[[[44.552020482529834,40.93591683267785],[42.671128696774815,40.65932502760655],[41.808029699960755,38.67787417150237],[41.00740142765578,38.34076753053185],[42.01872135056733,38.13007587992527],[44.841989468695445,36.781649316043186],[46.82249098439725,37.6665542485908],[46.14827770245621,39.68919409441392],[45.43192609039387,41.45900395950916],[44.89118164269644,41.32922529206178],[44.78217985176953,41.30306486223932],[44.552020482529834,40.93591683267785]]]},"properties":{"NAME":"Armenia","SUBJECTO":"Armenia","PARTOF":"Armenia"}},
{"type":"Feature","geometry":{"type":"MultiPolygon","coordinates":[[[[46.14827770245621,39.68919409441392],[46.82249098439725,37.6665542485908],[44.841989468695445,36.781649316043186],[42.01872135056733,38.13007587992527],[41.00740142765578,38.34076753053185],[37.59419668782927,37.16089428713502],[37.026331897552225,35.74992757468766],[38.37216217751843,35.140887776016086],[40.0291220249877,34.3910499198379],[44.083180251378806,30.33699169344677],[48.617171905951196,25.686974471197686],[50.8573158729301,23.88040675589211],[51.58590224693562,24.003221117216967],[50.77828124473835,24.47092970486345],[49.93686202476765,25.955783449370287],[50.12176421592976,26.737586580473803],[48.85502150963093,27.522691332060717],[47.911360773546946,29.890292726714037],[50.13237288902546,30.06642874355974],[51.350134882433665,28.03613432522478],[52.89083388756062,27.05232390042009],[54.64605620811726,26.39131888027849],[55.89973357628132,27.104804598051928],[56.79043105552937,26.97391279812517],[57.254771265490305,25.793286882597826],[59.03145888756062,25.307866655547045],[61.34399321983601,25.026860796172045],[64.05922225425984,25.401034914214037],[64.15758458069429,26.77241612690969],[63.60018266969418,28.0730205859099],[62.856980121694065,28.444621859909965],[61.927976936693895,29.745226318910184],[56.53975846369299,35.93858088557788],[55.61075527869285,35.93858088557788],[54.86755273069271,36.80565052491136],[54.06743911216999,36.94152411099138],[51.79552367637898,36.43234976406755],[50.56095412681843,36.686427675444506],[48.837229761584055,37.51097448940935],[49.445635828478586,39.655257784087084],[48.37319249040053,39.96656083940032],[46.858675192452104,40.447913774425594],[46.14827770245621,39.68919409441392]]],[[[48.2217016548946,42.27936895962419],[46.73821432415464,41.71183394023706],[46.872508760369264,40.856049546977154],[46.87250876036927,40.856049546977154],[47.849258060544926,41.17912009668831],[49.658504770637414,40.659019180286904],[48.2217016548946,42.27936895962419]]]]},"properties":{"NAME":"Buwayhid Emirates","SUBJECTO":"Buwayhid Emirates","PARTOF":"Buwayhid Emirates"}},
{"type":"Feature","geometry":{"type":"Polygon","coordinates":[[[15.448605570299875,41.8567272054738],[13.797006639940989,41.193446718413256],[15.666200670702707,40.09186133022966],[15.448605570299875,41.8567272054738]]]},"properties":{"NAME":"Dutchy of Benevento","SUBJECTO":"Dutchy of Benevento","PARTOF":"Dutchy of Benevento"}},
{"type":"Feature","geometry":{"type":"Polygon","coordinates":[[[1.237401925164406,35.886350229540184],[0.87056254793761,33.07391500413463],[0.457803183031373,32.54744071220753],[2.453117778055358,32.6686768239575],[5.681251390019597,32.81541016995587],[7.892289991693659,32.592604485305216],[12.532702649483,30.804904526976536],[17.00195254530469,28.750951383364864],[17.970530295354635,28.612404204143047],[21.679066131896533,28.08192827779702],[25.438186915915864,28.008220027129966],[27.428309683926116,27.197429269792465],[29.3447242012693,24.027974491109504],[30.818889214610195,23.659433237774273],[32.51417897995226,23.73314148844132],[35.189864191515696,24.39991911526384],[33.928809198839915,26.56382330532732],[34.0580053658321,27.79031332607927],[34.88559249351765,28.357480608183764],[37.21826842735554,25.166631303984545],[38.329417261584055,23.83471830959978],[39.1021948189571,22.400445543486498],[39.16673949669148,21.218801103789232],[40.81975844810749,19.68472059841814],[41.922550674907015,20.766511713616353],[41.81245652795077,21.71258711091823],[40.179837049325,24.027974491109504],[37.42091198994014,27.834118954335942],[36.59347946024947,29.78728888308865],[36.52476660895469,31.161545908983946],[37.211895121902344,33.56649570430072],[38.37216217751843,35.140887776016086],[37.026331897552225,35.74992757468766],[35.85191634605671,34.492946230132006],[34.50065902183796,31.621099077422045],[33.557601007921946,30.967715822417162],[32.07651046226765,31.013650499541185],[30.995955500109446,31.468850694853685],[29.24884704063679,30.753661714751146],[23.153338465197336,32.138812624174975],[21.673419031603586,32.8155895101613],[20.36572173546101,32.29824026699724],[20.116768869860422,30.957103334624193],[18.91502669761921,30.204860292632006],[17.42162993858601,30.99598654385271],[15.843325647814524,31.28500326748552],[15.009786638720286,32.3634410726613],[12.564756426317942,32.73963888760271],[10.412600550158274,33.63112600918474],[10.019480738146555,34.081473909575365],[11.125108751757395,35.24060782070818],[10.13273433159138,37.10474737759294],[5.144465002520334,36.66767843838396],[3.741224560244333,36.83686789150896],[1.579693111880076,36.51388891812029],[1.237401925164406,35.886350229540184]]]},"properties":{"NAME":"Fatimid Caliphate","SUBJECTO":"Fatimid Caliphate","PARTOF":"Fatimid Caliphate"}},
{"type":"Feature","geometry":{"type":"Polygon","coordinates":[[[6.25177,47.95721],[5.66729,47.10832],[5.64572,46.45672],[5.53343,46.097],[5.53343,46.00861],[5.35667,46.0528],[5.35667,45.87604],[5.60708,45.84658],[5.82336,45.39624],[6.9426,44.86865],[6.92469,44.71502],[6.78292,44.54787],[6.86978,44.34917],[6.78691,44.29681],[6.78691,44.19799],[6.83632,44.11151],[6.93514,44.13622],[6.9722,44.0621],[6.99691,44.04975],[6.92279,43.81504],[7.35515,43.90151],[7.55281,43.86745],[7.97953,43.96492],[8.34279,44.22019],[7.51443,45.38341],[8.47501,46.40849],[7.81339,47.46217],[6.25177,47.95721]]]},"properties":{"NAME":"Burgandy","SUBJECTO":"Burgandy","PARTOF":"Burgandy"}},
{"type":"Feature","geometry":{"type":"Polygon","coordinates":[[[14.35449,45.32289],[15.41232,43.93476],[16.63981,43.38974],[16.81725,44.8202],[16.8077,44.93505],[15.91168,45.63098],[15.46982,45.73408],[15.42362,45.42966],[14.35449,45.32289]]]},"properties":{"NAME":"Croatia","SUBJECTO":"Croatia","PARTOF":"Croatia"}},
{"type":"Feature","geometry":{"type":"Polygon","coordinates":[[[17.097154687995427,16.219046743184023],[12.877864975968308,16.05982826348489],[12.639037256419599,15.661782064237052],[12.639037256419599,14.467643466493527],[13.833175854163116,13.432723348449137],[15.819260203866392,13.119153392386728],[17.654419366942406,13.193895628900435],[18.768948724836363,13.512332588298705],[19.405822643632902,14.467643466493527],[18.450511765438094,15.74139130408662],[17.097154687995427,16.219046743184023]]]},"properties":{"NAME":"Kanem","SUBJECTO":"Kanem","PARTOF":"Kanem"}},
{"type":"Feature","geometry":{"type":"Polygon","coordinates":[[[35.32767061354657,15.42295434468835],[37.07907389023707,17.094748381529286],[37.89511991723812,18.56012241001322],[37.39818480919148,18.91500052090349],[37.12776854942585,21.227176271635912],[35.74630263756062,22.914340578276537],[35.189864191515696,24.39991911526384],[32.51417897995226,23.73314148844132],[30.818889214610195,23.659433237774273],[29.3447242012693,24.027974491109504],[29.27736838497937,18.84615165821978],[29.516196104528078,17.652013060476257],[30.789943942121184,15.50256358453791],[31.665645580466432,16.617092942431867],[33.81509505640476,16.776311422131002],[35.32767061354657,15.42295434468835]]]},"properties":{"NAME":"Makkura","SUBJECTO":"Makkura","PARTOF":"Makkura"}},
{"type":"Feature","geometry":{"type":"Polygon","coordinates":[[[35.32767061354657,15.42295434468835],[33.81509505640476,16.776311422131002],[31.665645580466432,16.617092942431867],[30.789943942121184,15.50256358453791],[30.471506982722886,14.308424986794392],[30.471506982722886,13.512332588298705],[30.789943942121184,11.203664632661223],[31.745254820315992,10.248353754466407],[33.57626733685608,10.009526034917698],[34.4519689752013,10.248353754466407],[35.40727985339613,11.28327387251079],[35.64610757294484,12.795849429652591],[35.32767061354657,15.42295434468835]]]},"properties":{"NAME":"Alwa","SUBJECTO":"Alwa","PARTOF":"Alwa"}},
{"type":"Feature","geometry":{"type":"Polygon","coordinates":[[[30.78994,11.20366],[30.47151,13.51233],[30.47151,14.30842],[30.78994,15.50256],[29.5162,17.65201],[29.27737,18.84615],[29.34472,24.02797],[27.42831,27.19743],[25.43819,28.00822],[21.67907,28.08193],[17.97053,28.6124],[17.00195,28.75095],[12.5327,30.8049],[7.89229,32.5926],[5.68125,32.81541],[2.45312,32.66868],[0.4578,32.54744],[-1.80221,32.42724],[-9.62504,30.4061],[-10.33931,29.14632],[-11.57646,28.22862],[-12.86621,27.85732],[-13.62873,26.59106],[-14.36725,26.11923],[-14.82005,24.73288],[-15.71403,23.87306],[-16.80602,21.98965],[-17.05191,21.0041],[-16.34728,20.52262],[-15.98269,18.1784],[-16.45006,16.11839],[-17.03326,14.56479],[-16.11072,14.65403],[-16.04024,15.97003],[-14.38565,16.52156],[-14.10988,16.33772],[-13.83411,16.15387],[-13.65027,15.78618],[-13.55835,15.14273],[-13.6203,14.89493],[-13.39553,14.91667],[-8.73964,13.89446],[-7.78335,13.89446],[-5.01366,13.4227],[-4.56452,12.76224],[-4.95821,13.34116],[2.3459,13.28563],[8.26576,12.36735],[14.58174,12.67336],[15.65736,11.30618],[18.62795,10.16949],[20.67329,11.95622],[23.19994,11.7753],[24.07447,11.18197],[30.59976,11.11597],[30.78994,11.20366],[31.74525,10.24835],[32.34881,9.52765],[33.02152,6.86454],[35.57782,5.52701],[38.60502,6.59731],[38.87938,7.85431],[39.75203,7.95127],[40.19073,10.0072],[41.52688,10.27988],[43.10357,11.53131],[42.95915,11.53736],[42.66877,11.51131],[42.80996,11.77849],[43.47482,12.09762],[42.07898,13.86101],[40.73914,14.91924],[39.51793,15.46305],[38.68567,18.00281],[37.89512,18.56012],[37.07907,17.09475],[35.32767,15.42295],[35.64611,12.79585],[35.40728,11.28327],[34.45197,10.24835],[33.57627,10.00953],[31.74525,10.24835],[30.78994,11.20366]],[[-11.6995,17.11366],[-7.83347,17.63609],[-5.01232,16.69571],[-4.80335,15.54635],[-6.99758,14.39699],[-8.87835,14.2925],[-11.80398,15.75532],[-11.90847,16.38225],[-11.6995,17.11366]],[[14.66743,16.23005],[17.09715,16.21905],[18.45051,15.74139],[19.40582,14.46764],[18.76895,13.51233],[17.65442,13.1939],[15.81926,13.11915],[13.83318,13.43272],[12.63904,14.46764],[12.63904,15.66178],[12.87786,16.05983],[14.66743,16.23005]]]},"properties":{"NAME":null,"SUBJECTO":null,"PARTOF":null}},
{"type":"Feature","geometry":{"type":"Polygon","coordinates":[[[-13.742191081889743,14.407352735514124],[-13.55834681066382,15.14272982041787],[-13.650268946276796,15.786184769708647],[-13.834113217502718,16.15387331216052],[-14.109879624341616,16.33771758338645],[-14.385646031180542,16.5215618546124],[-16.040244472213956,15.970029040934591],[-16.224088743439907,15.050807684804909],[-16.040244472213956,14.407352735514124],[-14.66141243801944,13.763897786223353],[-13.742191081889743,14.407352735514124]]]},"properties":{"NAME":"Takrur","SUBJECTO":"Takrur","PARTOF":"Takrur"}},
{"type":"Feature","geometry":{"type":"Polygon","coordinates":[[[-11.699497596589666,17.113655575993548],[-11.90847185119479,16.38224568487565],[-11.803984723892242,15.75532292106029],[-8.878345159420618,14.292503138824479],[-6.997576867974558,14.396990266127034],[-4.803347194620827,15.546348666455174],[-5.012321449225951,16.69570706678332],[-7.833473886395026,17.636091212506344],[-11.699497596589666,17.113655575993548]]]},"properties":{"NAME":"Ghana","SUBJECTO":"Ghana","PARTOF":"Ghana"}},
{"type":"Feature","geometry":{"type":"Polygon","coordinates":[[[-8.739644364285152,13.894456939576635],[-9.579901585594925,13.32834678953526],[-9.130762889130196,11.913071414431826],[-7.633633900914433,11.346961264390451],[-5.088514620947635,11.535664647737576],[-4.564519475072117,12.762236639493885],[-5.013658171536846,13.422698481208826],[-7.783346799736009,13.894456939576635],[-8.739644364285152,13.894456939576635]]]},"properties":{"NAME":"Mali","SUBJECTO":"Mali","PARTOF":"Mali"}},
{"type":"Feature","geometry":{"type":"Polygon","coordinates":[[[-77.99172997938516,-10.234450054395033],[-77.29200263149461,-8.983159556286537],[-77.71674779479613,-8.264360049160892],[-79.14755189281526,-8.092909334779115],[-77.99172997938516,-10.234450054395033]]]},"properties":{"NAME":"Chimú Empire","SUBJECTO":"Chimú Empire","PARTOF":"Chimú Empire"}},
{"type":"Feature","geometry":{"type":"Polygon","coordinates":[[[-77.99172997938516,-10.234450054395033],[-76.23803421546673,-13.502021230500318],[-76.24178024818157,-14.105595983307936],[-74.04964157630657,-16.044990934174635],[-71.61186691810344,-17.22145501498518],[-69.53613386666227,-13.823255942319332],[-71.23082293049625,-12.726692430426755],[-75.57639985719698,-10.61262797959937],[-77.33812023288645,-7.676427353450222],[-77.5146800419541,-6.970188117179617],[-78.83994025471937,-6.644726941611992],[-79.39720493366634,-6.087462262665014],[-80.34278098141169,-6.52611556736435],[-79.14755189281526,-8.092909334779115],[-77.71674779479613,-8.264360049160892],[-77.29200263149461,-8.983159556286537],[-77.99172997938516,-10.234450054395033]]]},"properties":{"NAME":"Huari Empire","SUBJECTO":"Huari Empire","PARTOF":"Huari Empire"}},
{"type":"Feature","geometry":{"type":"Polygon","coordinates":[[[-71.61186691810344,-17.22145501498518],[-70.58412643958782,-18.083280957978346],[-70.20851608802532,-19.06719819430647],[-70.11063095618938,-21.74793664340315],[-70.57323929359173,-23.165594495576002],[-70.39814468909954,-25.24891320590315],[-71.68157669593548,-30.60000077609358],[-71.51984879066204,-32.18117562655745],[-70.0274937150467,-30.677772143654593],[-69.40554769037634,-29.641195435870635],[-68.05972625425517,-26.46811136080474],[-68.0338990208006,-26.029048392077136],[-67.82483020416323,-22.474878509241908],[-67.35618174619,-19.194339303429263],[-67.23759007893341,-18.364197632633108],[-67.94227822920921,-15.427997006483967],[-69.53613386666227,-13.823255942319332],[-71.61186691810344,-17.22145501498518]]]},"properties":{"NAME":"Tiahuanaco Empire","SUBJECTO":"Tiahuanaco Empire","PARTOF":"Tiahuanaco Empire"}},
{"type":"Feature","geometry":{"type":"Polygon","coordinates":[[[-88.32700821449016,17.15658339138689],[-87.87709518958782,18.380864702422045],[-87.20057388831829,21.528873048979662],[-88.33372208167766,21.59004171963396],[-90,21.160729967314623],[-90,19.38150557156267],[-92.1070222525761,18.515859209257982],[-88.32700821449016,17.15658339138689]]]},"properties":{"NAME":"Maya city-states","SUBJECTO":"Maya city-states","PARTOF":"Maya city-states"}},
{"type":"Feature","geometry":{"type":"MultiPolygon","coordinates":[[[[-88.32700821449016,17.15658339138689],[-92.1070222525761,18.515859209257982],[-94.24197098304485,18.240150057036303],[-93.58785745357416,15.741059799706633],[-91.5157136588261,14.058868013579271],[-87.94866653968548,13.171761118132494],[-86.01414200355266,11.367618166167162],[-85.77779099036907,10.138352953154467],[-85.08879562904094,9.583112322050951],[-83.61494156409954,9.151563249785326],[-82.95613571693157,8.256755434233568],[-81.6642732291386,8.16464766140642],[-80.81377121497844,7.270063482481859],[-79.71689316322063,8.883091531950853],[-79.06764694740032,9.034267984587572],[-77.40016647865032,6.67044600125017],[-77.50037857581829,5.51357754345598],[-77.10599991370891,3.792188965041063],[-77.80209824134563,2.576873623091601],[-78.46819778968548,2.467397295195482],[-78.98431107093548,1.296987973410509],[-80.0855607657597,0.817998133856676],[-80.33884903480266,-0.663181163113691],[-80.96610733558391,-1.033107079308607],[-80.1441545157597,-3.414210237305738],[-81.30361649085735,-4.331714547913649],[-80.34278098141169,-6.52611556736435],[-79.39720493366634,-6.087462262665014],[-78.83994025471937,-6.644726941611992],[-77.5146800419541,-6.970188117179617],[-77.33812023288645,-7.676427353450222],[-75.57639985719698,-10.61262797959937],[-71.23082293049625,-12.726692430426755],[-69.53613386666227,-13.823255942319332],[-67.94227822920921,-15.427997006483967],[-67.23759007893341,-18.364197632633108],[-67.35618174619,-19.194339303429263],[-66.59524723372101,-19.145123826644383],[-65.90622541609757,-18.31105888474315],[-64.66180129731615,-16.804676207468987],[-64.1940629085568,-14.694582386569342],[-69.04501111905242,-8.235853806057],[-70.15820726425522,-5.735421450211085],[-66.40849393304576,3.041936481420927],[-62.65878060183632,4.152921580887431],[-58.55753164582598,3.977596077854006],[-55.8624251890192,1.695565793857857],[-55.80383591821904,0.875529465609527],[-57.97163893782451,-0.589157846288572],[-58.44035310422569,-2.287649024474563],[-56.33113935542037,-4.334740468715777],[-54.16333633581491,-4.626791146196514],[-49.06606977620206,-4.743578120004467],[-46.280890913956334,-3.552810001275475],[-53.123378851919725,-14.275041705614404],[-48.46896037885509,-23.748769173313708],[-49.48718016007792,-24.553337158794967],[-49.83871578487881,-26.797313680361846],[-48.85215473085459,-28.563025096783424],[-48.56390854408001,-27.68059388522444],[-48.72452255775188,-25.425621427338697],[-46.20621201087688,-23.882822431367018],[-45.459210362927664,-23.855831540864088],[-44.561295476453054,-22.989857114594557],[-41.95784470130657,-22.92082253817854],[-40.983502355115164,-22.08642999057112],[-40.932816472546804,-21.279411710541822],[-39.69133850623821,-19.40879670504866],[-39.666134801404226,-18.226957715790846],[-39.142498937146414,-17.77471772555647],[-38.94815537025188,-16.001592077057936],[-39.126217809216726,-14.324533857148268],[-37.18652435828899,-10.844699300568678],[-35.5985994010136,-9.627626813691236],[-34.890675511853445,-7.611789144318678],[-35.464371648328054,-5.268277086060621],[-37.180600133435476,-4.954271711152174],[-37.73482224036907,-4.529729284089186],[-38.06839844276165,-4.231795228760816],[-40.23088928748821,-2.8512109888011],[-42.31647202064251,-2.817604697983839],[-43.33403870155071,-2.432190097611524],[-44.222123113171804,-2.777243770402052],[-44.79592606116985,-1.736357845109083],[-47.237137761609304,-0.680439270775892],[-48.042530980603445,-0.815624035637953],[-49.221146550671804,-2.108145631592848],[-50.64313980628704,-1.882471717637159],[-51.529381719128835,-0.429196335118391],[-49.88430496741985,1.21387108441057],[-50.68808075477337,2.216172300536059],[-51.20926758338665,4.070678793150805],[-53.02668091346477,5.426703058440111],[-54.28620621253704,5.881543241698168],[-56.746396031872976,6.00331839199724],[-58.57506653358196,6.984399877745531],[-58.616635289685476,7.499081217009447],[-59.83440491248821,8.440183244902514],[-61.695771781275944,8.610088933385873],[-63.06524366801216,8.32539786170036],[-65.96541257261946,8.180441590467876],[-70.68184887203134,8.55721593295672],[-71.09831711341594,9.327861391264818],[-72.11403366615032,9.904005609709642],[-71.6879548697636,10.769269548613451],[-72.37965866615032,11.810100160796068],[-74.21892258216594,11.367601953703783],[-75.45044418861126,10.627693735319994],[-75.70266434241985,9.425959192473314],[-76.76352402259563,8.692807756621264],[-79.50042435218548,9.638376795012377],[-80.96249863197063,8.864939295012377],[-82.22958847572063,9.046509348112963],[-83.91412827064251,11.251382433134935],[-83.66236588050579,13.705296121794603],[-83.31351944495891,14.767507158476732],[-84.65045639564251,15.933375917632006],[-88.66434189368938,15.725766740996264],[-88.32700821449016,17.15658339138689]]],[[[-68.05972625425517,-26.46811136080474],[-69.40554769037634,-29.641195435870635],[-69.28299898778518,-29.352258637737357],[-68.05972625425517,-26.46811136080474]]],[[[-69.07692429115032,-51.49934808139143],[-69.16695114661907,-51.14943734530745],[-69.11474151787864,-51.35236245613261],[-69.07692429115032,-51.49934808139143]]],[[[-52.14021349238029,-31.740936200871825],[-52.14362427283977,-31.747351087372877],[-52.04218765784954,-31.556572355073072],[-52.14021349238029,-31.740936200871825]]]]},"properties":{"NAME":null,"SUBJECTO":null,"PARTOF":null}},
{"type":"Feature","geometry":{"type":"Polygon","coordinates":[[[-105.29104324866985,20.67039068813982],[-104.94791122962688,19.437839113432787],[-103.49393936683391,18.353892885405443],[-101.99260422279094,18.02653082485857],[-101.22077652503704,17.41792257900896],[-97.88092514564251,16.052028261382006],[-96.33293625404094,15.750238977629564],[-95.13016983558391,16.29946859951677],[-93.58785745357416,15.741059799706633],[-94.24197098304485,18.240150057036303],[-96.01226517249798,18.92925604458513],[-97.70927879907207,21.801006985850215],[-100.25482577425323,22.571864083179577],[-100.89169969304979,20.740851566639506],[-105.29104324866985,20.67039068813982]],[[-100.01599805470454,21.298116245586485],[-99.06068717650972,21.616553204984754],[-97.54811161936792,20.58163308694037],[-97.78693933891662,19.467103729046414],[-99.29951489605843,18.352574371152457],[-100.65287197350108,18.909839050099436],[-100.01599805470454,21.298116245586485]]]},"properties":{"NAME":"Mesoamerican city-states and chiefdoms","SUBJECTO":"Mesoamerican city-states and chiefdoms","PARTOF":"Mesoamerican city-states and chiefdoms"}},
{"type":"Feature","geometry":{"type":"Polygon","coordinates":[[[-100.01599805470454,21.298116245586485],[-100.65287197350108,18.909839050099436],[-99.29951489605843,18.352574371152457],[-97.78693933891662,19.467103729046414],[-97.54811161936792,20.58163308694037],[-99.06068717650972,21.616553204984754],[-100.01599805470454,21.298116245586485]]]},"properties":{"NAME":"Toltec Empire","SUBJECTO":"Toltec Empire","PARTOF":"Toltec Empire"}},
{"type":"Feature","geometry":{"type":"MultiPolygon","coordinates":[[[[-2.750154700772512,51.644027315337084],[-2.914475408093679,53.267142854887865],[-4.123608317868459,52.37326391812029],[-2.750154700772512,51.644027315337084]]],[[[-7.42751547385906,55.06380423184099],[-8.590084996716726,54.20284994717302],[-9.890640225903738,52.19443091030779],[-9.819109883801687,51.434554659087084],[-6.405971017377126,52.21443899746599],[-6.018187966840017,55.093001924712084],[-7.42751547385906,55.06380423184099]]]]},"properties":{"NAME":"Celtic kingdoms","SUBJECTO":"Celtic kingdoms","PARTOF":"Celtic kingdoms"}},
{"type":"Feature","geometry":{"type":"Polygon","coordinates":[[[-2.750154700772512,51.644027315337084],[-3.521466937558401,50.617431246001146],[0.191810223562968,50.73128470059099],[1.691691669924509,52.311420046049975],[-0.319215585188616,53.57891424771013],[-1.941995468632925,55.55607184048357],[-1.896904541783826,54.33615232553669],[-2.885938134686697,54.168666444975756],[-2.914475408093679,53.267142854887865],[-2.750154700772512,51.644027315337084]]]},"properties":{"NAME":"England","SUBJECTO":"England","PARTOF":"England"}},
{"type":"Feature","geometry":{"type":"Polygon","coordinates":[[[-2.885938134686697,54.168666444975756],[-1.896904541783826,54.33615232553669],[-1.941995468632925,55.55607184048357],[-2.742131438748586,55.95718725796404],[-2.1503629355595,57.571979128081225],[-4.15045568038677,57.83481558438005],[-4.915203215168972,56.93524284984056],[-4.121606317059744,54.762435518462084],[-2.885938134686697,54.168666444975756]]]},"properties":{"NAME":"Scotland","SUBJECTO":"Scotland","PARTOF":"Scotland"}},
{"type":"Feature","geometry":{"type":"Polygon","coordinates":[[[-4.121606317059744,54.762435518462084],[-4.915203215168972,56.93524284984056],[-4.15045568038677,57.83481558438005],[-5.762965646283376,57.619777284819506],[-5.633057561413992,55.93986090298357],[-4.638357129590261,55.42791327114763],[-4.121606317059744,54.762435518462084]]]},"properties":{"NAME":null,"SUBJECTO":null,"PARTOF":null}},
{"type":"Feature","geometry":{"type":"Polygon","coordinates":[[[13.252219233019602,79.8007312643117],[11.760330233080637,78.88018377896013],[15.098876032336008,77.11526831265154],[19.115822824938547,78.45454748745622],[17.834054026110422,79.80945166226091],[13.252219233019602,79.8007312643117]]]},"properties":{"NAME":null,"SUBJECTO":null,"PARTOF":null}},
{"type":"Feature","geometry":{"type":"Polygon","coordinates":[[[22.869903425427715,38.83716368115139],[23.120776847909273,38.86676557896794],[23.63772814271976,38.52262680680808],[23.78977264119343,38.71863293758614],[23.242412446688213,39.04411813294447],[22.869903425427715,38.83716368115139]]]},"properties":{"NAME":null,"SUBJECTO":null,"PARTOF":null}},
{"type":"Feature","geometry":{"type":"Polygon","coordinates":[[[24.65642628249336,37.901413077728705],[25.31781985085383,37.40184103098311],[25.27220650131173,37.56472113091166],[24.76285743142493,38.003319956303606],[24.65642628249336,37.901413077728705]]]},"properties":{"NAME":null,"SUBJECTO":null,"PARTOF":null}},
{"type":"Feature","geometry":{"type":"Polygon","coordinates":[[[-14.50982440309849,28.050049749026638],[-13.880964773397412,28.19936673357924],[-14.147020770578637,28.391039461179965],[-14.50982440309849,28.050049749026638]]]},"properties":{"NAME":"Guanches","SUBJECTO":"Guanches","PARTOF":"Guanches"}},
{"type":"Feature","geometry":{"type":"Polygon","coordinates":[[[19.334442,57.955826],[19.104721,57.975273],[19.1416660000001,57.907776],[19.334442,57.955826]]]},"properties":{"NAME":"Sweden","SUBJECTO":"Sweden","PARTOF":"Sweden"}},
{"type":"Feature","geometry":{"type":"Polygon","coordinates":[[[-68.195282,12.221109],[-68.363892,12.305277],[-68.285278,12.102221],[-68.195282,12.221109]]]},"properties":{"NAME":null,"SUBJECTO":null,"PARTOF":null}},
{"type":"Feature","geometry":{"type":"Polygon","coordinates":[[[-60.940834,14.740833],[-61.231674,14.809444],[-61.03389,14.465832],[-60.940834,14.740833]]]},"properties":{"NAME":"Arawaks","SUBJECTO":"Arawaks","PARTOF":"Arawaks"}},
{"type":"Feature","geometry":{"type":"Polygon","coordinates":[[[-68.965561,12.198889],[-69.077789,12.34861],[-69.15834,12.311388],[-69.0625,12.188332000000116],[-68.83223,12.049444000000108],[-68.824173,12.160276000000124],[-68.965561,12.198889]]]},"properties":{"NAME":null,"SUBJECTO":null,"PARTOF":null}},
{"type":"Feature","geometry":{"type":"Polygon","coordinates":[[[-168.22346970130656,53.58995398159685],[-168.3743333487675,53.2352786886281],[-167.86543747474406,53.3234134542531],[-168.22346970130656,53.58995398159685]]]},"properties":{"NAME":null,"SUBJECTO":null,"PARTOF":null}},
{"type":"Feature","geometry":{"type":"Polygon","coordinates":[[[-97.70927879907207,21.801006985850215],[-97.82254501868938,24.20810469265642],[-97.25996109534954,25.811372362334154],[-97.63798996497844,26.846942506987475],[-96.68452927161907,28.2477298605031],[-97.75841820818601,28.695265355313026],[-102.5682060899621,29.99225368312217],[-102.5682060899621,32.42779661849105],[-102.5682060899621,38.880148963177184],[-109.04855657130156,38.880148963177184],[-121.16971848831042,38.880148963177184],[-123.6484726898424,38.880148963177184],[-121.93205734779094,37.00897558804216],[-121.92680069495891,36.33826788540544],[-120.67728897620891,35.18933447476091],[-120.52868362952923,34.50833090420427],[-118.60435196449016,34.096419893462084],[-117.49671646644329,33.325431429106615],[-115.60230728675579,29.685151659209154],[-114.06728836585735,28.42289312954607],[-114.47785660316204,27.243947588164232],[-112.41098496009563,26.19277151699724],[-112.16581436683391,25.010667406279467],[-110.79756638099407,24.8800483572072],[-112.86987015296673,28.334659181792162],[-114.68277451087688,30.14322432156267],[-114.83865067054485,31.815496050078295],[-113.05207535316204,31.13870009060564],[-112.90797897865032,30.41401632900896],[-112.7371492057011,30.109120928007982],[-111.69163223792766,28.49610289211931],[-109.13188644935344,26.288686357695482],[-105.53994461585735,22.284598909575365],[-105.29104324866985,20.67039068813982],[-100.89169969304979,20.740851566639506],[-100.25482577425323,22.571864083179577],[-97.70927879907207,21.801006985850215]]]},"properties":{"NAME":null,"SUBJECTO":null,"PARTOF":null}},
{"type":"Feature","geometry":{"type":"Polygon","coordinates":[[[-132.35136887122846,53.36487158413591],[-132.08984848548624,53.398803316313646],[-131.99947067786906,53.793544374663256],[-131.89424606849406,53.89415320034685],[-132.0823106436894,54.02106054897966],[-131.99947067786908,53.793544374663256],[-132.08984848548627,53.398803316313646],[-132.35136887122846,53.36487158413591]]]},"properties":{"NAME":null,"SUBJECTO":null,"PARTOF":null}},
{"type":"Feature","geometry":{"type":"Polygon","coordinates":[[[-132.17720505286908,55.28475149746599],[-132.63325974036906,55.90010794277849],[-133.28069016029096,56.231566988188646],[-132.63325974036908,55.90010794277849],[-132.55470749427533,55.45311316128435],[-132.17720505286908,55.28475149746599]]]},"properties":{"NAME":null,"SUBJECTO":null,"PARTOF":null}},
{"type":"Feature","geometry":{"type":"Polygon","coordinates":[[[-166.61009689857218,53.70682867642107],[-166.7705735831425,54.001239381987475],[-167.14842697669718,53.94021566982927],[-166.92722031165812,53.4589115011281],[-166.61009689857218,53.70682867642107]]]},"properties":{"NAME":null,"SUBJECTO":null,"PARTOF":null}},
{"type":"Feature","geometry":{"type":"Polygon","coordinates":[[[-164.94884201575968,54.42737539883318],[-164.56448837806437,54.33413656826677],[-164.07188889075968,54.657455049712084],[-164.5609330802128,54.831317506987475],[-164.94884201575968,54.42737539883318]]]},"properties":{"NAME":null,"SUBJECTO":null,"PARTOF":null}},
{"type":"Feature","geometry":{"type":"Polygon","coordinates":[[[-162.96799179603312,54.94873388882341],[-162.78760239173624,55.15161856289568],[-163.0908860831425,55.27271994229021],[-163.26241013099406,55.17098196621599],[-162.96799179603312,54.94873388882341]]]},"properties":{"NAME":null,"SUBJECTO":null,"PARTOF":null}},
{"type":"Feature","geometry":{"type":"Polygon","coordinates":[[[-161.60892197181437,55.844562135893725],[-162.58459946204874,55.38870581265154],[-162.21831223060343,55.13241537686052],[-161.57512375404093,55.47864111538591],[-161.60892197181437,55.844562135893725]]]},"properties":{"NAME":null,"SUBJECTO":null,"PARTOF":null}},
{"type":"Feature","geometry":{"type":"Polygon","coordinates":[[[-135.4412278800175,57.42754706021013],[-135.46605392982218,57.22919806118669],[-134.94566818763468,56.45350226040544],[-134.76378342200968,56.79368170376482],[-135.0023393302128,57.325770937163256],[-135.4412278800175,57.42754706021013]]]},"properties":{"NAME":null,"SUBJECTO":null,"PARTOF":null}},
{"type":"Feature","geometry":{"type":"Polygon","coordinates":[[[-154.66135117103312,57.2335697042531],[-153.49213120033,57.0513072835988],[-152.67949387122843,57.76453741665544],[-154.18864914466593,57.63143118496599],[-154.66135117103312,57.2335697042531]]]},"properties":{"NAME":null,"SUBJECTO":null,"PARTOF":null}},
{"type":"Feature","geometry":{"type":"Polygon","coordinates":[[[-136.23701950599406,57.727313600737475],[-135.11499496986124,57.67462881680193],[-135.324894872205,58.09266623135271],[-136.30008408118937,58.1800914632863],[-136.23701950599406,57.727313600737475]]]},"properties":{"NAME":null,"SUBJECTO":null,"PARTOF":null}},
{"type":"Feature","geometry":{"type":"Polygon","coordinates":[[[-117.685761580263,73.21545873829851],[-117.33621689368938,74.16727789517107],[-123.49339005042766,74.44630011196794],[-117.685761580263,73.21545873829851]]]},"properties":{"NAME":null,"SUBJECTO":null,"PARTOF":null}},
{"type":"Feature","geometry":{"type":"Polygon","coordinates":[[[-60.259755101697195,46.938312135893725],[-61.38057419349407,46.33138998623552],[-61.02502914954876,45.6699596273488],[-60.259755101697195,46.938312135893725]]]},"properties":{"NAME":null,"SUBJECTO":null,"PARTOF":null}},
{"type":"Feature","geometry":{"type":"Polygon","coordinates":[[[-58.127701726453054,49.49563940640154],[-59.15655609657024,47.67005118008318],[-56.0789460807011,47.865218721587084],[-52.72859665443157,47.45452459927263],[-54.12957855750774,48.83571585293474],[-56.66153427650188,50.05606039639177],[-58.127701726453054,49.49563940640154]]]},"properties":{"NAME":"Boethuk","SUBJECTO":"Boethuk","PARTOF":"Boethuk"}},
{"type":"Feature","geometry":{"type":"Polygon","coordinates":[[[-100.61935898353313,75.78890570278826],[-98.00159164954876,75.16206701870622],[-97.81654068519329,76.47571142788591],[-101.88489243079876,76.3326679098195],[-100.61935898353313,75.78890570278826]]]},"properties":{"NAME":null,"SUBJECTO":null,"PARTOF":null}},
{"type":"Feature","geometry":{"type":"Polygon","coordinates":[[[-113.16021439124798,77.79247625942888],[-110.61967178870891,77.53749426479997],[-110.71011826087688,78.02342566128435],[-113.16021439124798,77.79247625942888]]]},"properties":{"NAME":null,"SUBJECTO":null,"PARTOF":null}},
{"type":"Feature","geometry":{"type":"Polygon","coordinates":[[[-97.30984207679485,78.82218512173357],[-97.45977493812298,78.10106238003435],[-95.09702774574016,78.4384036886281],[-97.30984207679485,78.82218512173357]]]},"properties":{"NAME":null,"SUBJECTO":null,"PARTOF":null}},
{"type":"Feature","geometry":{"type":"Polygon","coordinates":[[[-171.85837265540812,63.49976309414568],[-169.90311142493937,63.07521017666521],[-169.33293625404093,63.39732702847185],[-170.48152634193156,63.688373171049975],[-171.85837265540812,63.49976309414568]]]},"properties":{"NAME":null,"SUBJECTO":null,"PARTOF":null}},
{"type":"Feature","geometry":{"type":"Polygon","coordinates":[[[-174.19333359290815,66.28795965786638],[-175.5139817862675,67.66881140347185],[-180,68.91692694302263],[-175.51398178626752,67.66881140347185],[-174.19333359290815,66.28795965786638]]]},"properties":{"NAME":null,"SUBJECTO":null,"PARTOF":null}},
{"type":"Feature","geometry":{"type":"Polygon","coordinates":[[[-115.37674423743938,76.38309057827654],[-115.18592545081829,75.1543460714406],[-112.20279404212688,74.49975927944841],[-105.77345749427532,75.23006781216326],[-105.9172029166386,76.02183874722185],[-111.38564011146282,75.65990790005388],[-115.37674423743938,76.38309057827654]]]},"properties":{"NAME":null,"SUBJECTO":null,"PARTOF":null}},
{"type":"Feature","geometry":{"type":"Polygon","coordinates":[[[-121.71133896400188,76.1769290792531],[-120.09985825111126,75.97814520474138],[-118.73600479652141,76.93774756069841],[-121.57771774818157,76.70210608120622],[-121.71133896400188,76.1769290792531]]]},"properties":{"NAME":null,"SUBJECTO":null,"PARTOF":null}},
{"type":"Feature","geometry":{"type":"Polygon","coordinates":[[[-101.16788193275188,78.2688709127492],[-99.89162155677532,78.65814550991716],[-102.56874558021282,79.01609381313982],[-104.16248032142376,78.29821356411638],[-101.16788193275188,78.2688709127492]]]},"properties":{"NAME":null,"SUBJECTO":null,"PARTOF":null}},
{"type":"Feature","geometry":{"type":"Polygon","coordinates":[[[-155.93127914954874,20.283723436552904],[-156.03416916419718,19.10568770046892],[-154.94768234779093,19.48286589260759],[-155.93127914954874,20.283723436552904]]]},"properties":{"NAME":"Polynesians","SUBJECTO":"Polynesians","PARTOF":"Polynesians"}},
{"type":"Feature","geometry":{"type":"Polygon","coordinates":[[[-60.12421127845501,53.51734503384294],[-60.221656217027494,53.32492080384565],[-62.4855338033173,54.513109291987426],[-64.35688598810621,50.306306422737876],[-64.3259172110722,50.304671846587084],[-60.13784500648235,50.411700807768725],[-58.52433868934368,51.37948568936052],[-56.96410461951946,51.4884410726613],[-55.6590242057011,52.18734701748552],[-56.12695583342671,53.46584387832734],[-58.78822689960135,52.57259027862411],[-59.71703430701946,53.4313121664113],[-60.12421127845501,53.51734503384294]]]},"properties":{"NAME":"Innu","SUBJECTO":"Innu","PARTOF":"Innu"}},
{"type":"Feature","geometry":{"type":"Polygon","coordinates":[[[-0.524120412124032,42.75779810968423],[-1.914577808873403,43.30541571255388],[-3.356120708930975,43.39527132213779],[-2.583406756168917,41.358525234869326],[-1.004394268999434,41.918819988381074],[-0.524120412124032,42.75779810968423]]]},"properties":{"NAME":"Navarre","SUBJECTO":"Navarre","PARTOF":"Navarre"}},
{"type":"Feature","geometry":{"type":"Polygon","coordinates":[[[-5.086395964452465,43.49485683221599],[-7.636274781720388,43.72141226406755],[-9.270803418652761,43.048690401274584],[-8.64406296302532,42.41974981899919],[-8.694069829480398,40.992171846587084],[-7.770542782293958,40.53298234107979],[-4.444320770188968,40.89430799991886],[-5.086395964452465,43.49485683221599]]]},"properties":{"NAME":"León","SUBJECTO":"León","PARTOF":"León"}},
{"type":"Feature","geometry":{"type":"Polygon","coordinates":[[[-3.356120708930975,43.39527132213779],[-5.086395964452465,43.49485683221599],[-4.444320770188968,40.89430799991886],[-2.583406756168917,41.358525234869326],[-3.356120708930975,43.39527132213779]]]},"properties":{"NAME":"Castilla","SUBJECTO":"Castilla","PARTOF":"Castilla"}},
{"type":"Feature","geometry":{"type":"Polygon","coordinates":[[[-0.524120412124032,42.75779810968423],[1.307450088961374,42.63517340298357],[0.94167853178931,41.894281893935776],[1.442095519139158,41.17999861944361],[3.128878864748728,41.8572269308156],[3.001891169054758,42.77080877896013],[4.078196081621897,43.487086855132006],[5.828570398791086,43.02081640835466],[6.922790372380419,43.815038976412524],[6.885730933099936,43.90151100140032],[6.996909250941385,44.04974875852227],[6.972202958087749,44.0621019049491],[6.935143518807266,44.13622078351008],[6.885730933099936,44.1485739299369],[6.836318347392606,44.11151449065642],[6.786905761685304,44.19798651564423],[6.786905761685304,44.29681168705886],[6.869778189165842,44.3491702901906],[6.782917532427561,44.54787405605974],[6.924694094164622,44.715018831450365],[6.942603620989573,44.868651949126146],[5.823360340392597,45.39624171904667],[5.533431053889771,46.096995468969524],[5.268283473245404,46.31795178617317],[5.645716162473704,46.45672279658608],[5.667288567628574,47.10831750866063],[5.917782593646322,47.59538922591736],[5.959531597982604,47.985046599722736],[6.098694945770248,48.02679560405903],[6.251774628336634,47.95721393016521],[6.237858293557863,48.29120596485552],[5.945615263203834,48.34687130397059],[6.015196937097656,48.65303066910337],[5.83428458497373,48.77827768211225],[6.001280602318886,48.90352469512112],[5.876033589310012,49.070520712466276],[5.722953906743626,48.95919003423617],[5.611623228513523,49.20968406025392],[5.903866258867552,49.19576772547515],[5.909256214630872,49.20085986849827],[5.361129202495775,49.69675577751063],[3.820330011209577,50.039445521437685],[2.995262178881418,51.31347998257341],[1.588920149309885,50.821883760649584],[1.27451888035084,50.00430258389177],[0.032870042426836,49.333705507475756],[-1.891543593899954,49.526351534087084],[-4.761963334473389,48.55200155825977],[-1.999109269065851,48.67695685862887],[-2.010361521016347,47.745650369834415],[-2.575529757355312,47.32396831567053],[-1.075199690358389,46.01461752529802],[-1.561407771603811,43.52442511196794],[-1.914577808873403,43.30541571255388],[-0.524120412124032,42.75779810968423]]]},"properties":{"NAME":"Kingdom of France","SUBJECTO":"France","PARTOF":"Kingdom of France"}},
{"type":"Feature","geometry":{"type":"Polygon","coordinates":[[[-1.004394268999434,41.918819988381074],[0.94167853178931,41.894281893935776],[1.307450088961374,42.63517340298357],[-0.524120412124032,42.75779810968423],[-1.004394268999434,41.918819988381074]]]},"properties":{"NAME":"Aragón","SUBJECTO":"Aragón","PARTOF":"Aragón"}},
{"type":"Feature","geometry":{"type":"MultiPolygon","coordinates":[[[[1.237401925164406,35.886350229540184],[-1.146667149560205,35.62936743374529],[-2.035251822964899,35.05456884976091],[-4.59297749091839,35.15118750210466],[-5.928758588330499,35.72785910244646],[-7.004007783429376,33.874984346587084],[-9.21868607093548,32.5803600179738],[-9.81326672126507,31.289060198027514],[-9.625043836133234,30.406100832182787],[-4.772797416149872,31.659747394463647],[-1.802211619772081,32.42724029347477],[0.45780318303137,32.54744071220754],[0.870562547937594,33.07391500413463],[1.237401925164406,35.886350229540184]]],[[[-8.694069829480398,40.992171846587084],[-9.54900738288616,38.77451666470232],[-8.853651967541921,38.49964102383318],[-8.66705986549114,37.12144049282732],[-6.632153954999197,37.02175100918474],[-5.660587277905691,36.00800665493669],[-4.446585622327078,36.72201880093279],[-2.23879739333843,36.72839697476091],[-0.918272283570516,37.57034262295427],[0.172570082648051,38.73834570522966],[-0.39484843303417,39.43445929165544],[1.442095519139158,41.17999861944361],[0.94167853178931,41.894281893935776],[-1.004394268999434,41.918819988381074],[-2.583406756168917,41.358525234869326],[-4.444320770188968,40.89430799991886],[-7.770542782293958,40.53298234107979],[-8.694069829480398,40.992171846587084]]]]},"properties":{"NAME":"Caliphate of Córdoba","SUBJECTO":"Caliphate of Córdoba","PARTOF":"Caliphate of Córdoba"}},
{"type":"Feature","geometry":{"type":"Polygon","coordinates":[[[142.33755019615435,-10.91538277987776],[141.67852309654498,-12.467817701142408],[141.4681501717403,-14.75677625064192],[141.71129897545123,-15.226692594330885],[140.80094436119342,-17.561829007905104],[139.24831679771685,-17.431642926972486],[135.38805678795123,-14.896969236176588],[135.8308973641231,-13.484774030488111],[136.66369155357623,-12.624820150178053],[135.4445448250606,-12.17612496737776],[133.55918410728717,-11.951347745698072],[130.46349624107623,-12.758938230317213],[129.1964216561153,-14.992895520966627],[127.96256545494343,-14.703128255646803],[126.8534269661739,-13.783772863190748],[124.42450240562702,-15.657898343842604],[124.27727034996296,-16.5227836740428],[122.73833754966999,-16.58328477267561],[122.08547500084187,-17.398397840302565],[122.19645217369343,-18.243687070649244],[120.87214950035359,-19.676941312592604],[117.59692672203327,-20.75833360080061],[116.41879561851765,-20.83712235812483],[113.62543014000202,-22.56592980746565],[113.43258956383015,-24.874161161225416],[114.18252089927937,-26.0170406473094],[113.43298629234577,-26.572010434907057],[114.63039687584187,-28.90295831088362],[115.0582609505489,-30.80351296786604],[115.74726394127156,-32.20761147860823],[115.04692367027546,-34.42245522860823],[116.56097701500202,-35.18929711703596],[118.20707992027546,-35.090340055268385],[119.77148726890827,-34.12017098788557],[123.62303451011921,-33.915073789399244],[124.24838546226765,-33.1441272867137],[126.05894759605671,-32.43436471347151],[129.1853895516231,-31.798204816620924],[131.2801618904903,-31.634849942963697],[133.83703139732623,-32.34197274569807],[135.15310195396685,-34.05044213656721],[135.52807143638873,-35.054886258881666],[137.45717910240435,-33.31413308505354],[139.36791518638873,-35.614273465912916],[140.01201919029498,-37.64163247470198],[140.6521864266231,-38.16391030673323],[143.36480239341998,-38.96973077182112],[144.96982863853717,-38.0657581460887],[145.93387893150592,-38.881470121186354],[148.0369978279903,-38.09787026767073],[149.50414565513873,-37.928848661225416],[149.98484328697467,-37.34688226107893],[150.22150710533404,-35.694107450287916],[150.7619734139278,-35.253128446381666],[151.36449721763873,-33.52090112094221],[152.17618850181842,-32.87666741732893],[152.97185805748248,-31.418175138276197],[153.4934950203731,-28.840868390839674],[152.94622329185748,-27.340992368500807],[153.06907180259967,-26.227749265473463],[151.73014357994342,-24.15748826388655],[150.80247024009967,-23.599888242524244],[150.7544050545528,-22.811520017426588],[149.55675795982623,-22.432550824921705],[149.10148147056842,-21.06012383822737],[148.1904402108028,-20.171909726899244],[146.32175734947467,-19.082291044037916],[145.86948684166217,-17.194960035126783],[145.32554152916217,-16.4904293191844],[145.1843366951778,-15.047596372407057],[143.7431745858028,-14.465823568146803],[143.17309096763873,-12.12133923892317],[142.33755019615435,-10.91538277987776]]]},"properties":{"NAME":"Australian aboriginal hunter-gatherers","SUBJECTO":"Australian aboriginal hunter-gatherers","PARTOF":"Australian aboriginal hunter-gatherers"}},
{"type":"Feature","geometry":{"type":"Polygon","coordinates":[[[146.7127333016231,-43.721809781830885],[147.8153181404903,-42.96535149936018],[148.26952651451373,-41.09258309726057],[146.3822126717403,-41.30834618930159],[144.7761335701778,-40.84276238803206],[145.72265151451373,-43.24016610507307],[146.7127333016231,-43.721809781830885]]]},"properties":{"NAME":"Tasmanian hunter-gatherers","SUBJECTO":"Tasmanian hunter-gatherers","PARTOF":"Tasmanian hunter-gatherers"}},
{"type":"Feature","geometry":{"type":"Polygon","coordinates":[[[105.40307092131953,72.748726095192],[98.45947004862771,69.79094730127832],[75.85638492783956,61.42677903286463],[62.80579411405116,56.95520024672745],[59.09429166962169,56.4318399506882],[65.31164209247186,55.04663307077481],[78.36223290626025,56.41019430623805],[93.70004066679506,56.48455609390737],[98.38454408182852,55.51880503133128],[99.48535412032993,55.65854236961009],[107.9615110406255,59.8183896994711],[114.0159088408366,59.54672904426065],[115.20548227520561,57.386117039726635],[116.96157547350965,59.88266776324234],[127.80939535096982,61.80384030510338],[137.17796706332177,61.33433849362306],[142.35776809166217,59.140956484038256],[145.4041395516231,59.32550390835466],[148.41608718345904,59.09739264126482],[151.14020827720904,59.43957098599138],[152.50420669029498,58.76871832485857],[153.92443374107623,58.922347627837084],[154.31565383384967,59.98334845181169],[157.0979872078731,61.63339956875505],[158.84125808189654,61.78396948452654],[160.6449842781856,60.71775396938982],[164.13767531822467,62.532653413969896],[163.32929519127154,60.69494970913591],[158.3262586922481,58.026820741850756],[156.77685073326373,57.58045538540544],[155.6275739998653,56.26791723843279],[155.46520522545123,54.91977270718279],[156.6963758797481,50.957748018462084],[157.89777663658404,51.66602285977068],[158.46136001060748,52.82596167202654],[159.8968611092403,53.24057730313005],[159.93114760826373,54.086356722075365],[162.00820449302935,54.73822363491716],[161.50274184654498,55.287372194487475],[162.51240066002154,57.033492647368334],[161.80436232994342,58.1017223226613],[163.3886823983028,59.81406363125505],[165.7799940438106,60.35411413784685],[170.34409823134902,60.27960975244485],[169.48091979943723,61.192640399715565],[172.4408476128738,63.07842210456581],[171.76813674618367,65.85917681241212],[168.13549806605704,67.45778023799447],[155.89216029229675,68.16901029658281],[130.86731605142418,69.90104204211539],[124.54383390453704,71.58610355723228],[123.5007008987776,73.50494943844788],[120.57851699302937,72.83511694546404],[118.46038344810749,73.51922949429216],[111.76165297935749,73.65779455776872],[105.40307092131953,72.748726095192]]]},"properties":{"NAME":"Paleo-Siberian hunter-gatherers","SUBJECTO":"Paleo-Siberian hunter-gatherers","PARTOF":"Paleo-Siberian hunter-gatherers"}},
{"type":"Feature","geometry":{"type":"Polygon","coordinates":[[[-81.35133888616838,22.150710712300835],[-81.36276706801664,23.120923686012283],[-82.95926376858594,23.025355897859377],[-84.25643631497266,22.539485536531252],[-84.58989426175,21.91581305117969],[-82.85274216214063,22.637816987947268],[-81.66258713284375,22.506841264680666],[-82.04057022610547,22.38526877017383],[-81.35133888616838,22.150710712300835]]]},"properties":{"NAME":"Guanahatabeyes","SUBJECTO":"Guanahatabeyes","PARTOF":"Guanahatabeyes"}},
{"type":"Feature","geometry":{"type":"MultiPolygon","coordinates":[[[[-68.47713181057813,18.714660249666018],[-70.88160416165235,19.929931245759768],[-73.47450729885938,19.835433565095705],[-72.6764650014961,19.39217909427051],[-72.29777237454297,18.66201552005176],[-74.4240007070625,18.612981401399416],[-71.97817703762891,18.262244783357424],[-68.47713181057813,18.714660249666018]]],[[[-65.77500626126172,18.39626082034473],[-67.21057602444183,18.437686525306134],[-67.16167923499897,18.329742037005953],[-67.15195175694825,17.986524187280757],[-65.77500626126172,18.39626082034473]]],[[[-76.42635056057813,18.1192642077959],[-78.08641525784375,18.478032670930666],[-77.29082962551954,17.805966936067385],[-76.42635056057813,18.1192642077959]]],[[[-75.7509050039375,21.12094458194141],[-77.33981796780469,21.51166494937305],[-79.75995346585157,22.75878294558887],[-81.36276706801664,23.120923686012283],[-81.35133888616838,22.150710712300835],[-78.51363083401563,21.30576666446094],[-77.09872910061719,20.533275209382815],[-77.5041017202461,20.07475432010059],[-75.51905533352735,19.907353959993166],[-74.34484573880079,20.32301291079883],[-75.75852676907422,20.752248369172854],[-75.7509050039375,21.12094458194141]]]]},"properties":{"NAME":"Taino","SUBJECTO":"Taino","PARTOF":"Taino"}},
{"type":"Feature","geometry":{"type":"Polygon","coordinates":[[[32.50469510305382,61.10369722772446],[35.81679017081891,64.22566772716998],[34.293414148791086,65.39624365444841],[30.603998127121553,64.93804540067741],[27.231594534992126,63.35447998456054],[23.130561750232243,63.78342849447229],[21.225993499342607,62.4179537846397],[29.018890834539626,61.77074313018303],[30.227236874468524,61.48110136391141],[32.50469510305382,61.10369722772446]]]},"properties":{"NAME":"Karelians","SUBJECTO":"Karelians","PARTOF":"Karelians"}},
{"type":"Feature","geometry":{"type":"MultiPolygon","coordinates":[[[[-76.46228683413294,56.57751271564082],[-77.23383804847454,55.60653647061052],[-79.54511734534954,54.69186361904802],[-78.74176950876009,52.74413883037645],[-74.19720512004018,52.927225836668605],[-71.0333844968322,55.19604828321671],[-65.64317158321862,55.262874161982396],[-62.593886961730774,54.56997808041503],[-60.221656217027494,53.32492080384565],[-60.12421127845501,53.51734503384294],[-57.51535126258587,54.46576651211443],[-59.69376083900188,55.15365942593279],[-61.92769333411907,56.27295645352068],[-61.476098027722585,57.104064546782396],[-62.50972764527455,57.9717281924346],[-76.46228683413294,56.57751271564082]]],[[[-123.49339005042766,74.44630011196794],[-125.61702438880657,71.9903827535695],[-123.46767136146282,71.19864233608904],[-120.8434953360722,71.53027685757341],[-117.685761580263,73.21545873829851],[-123.49339005042766,74.44630011196794]]],[[[-161.29062363197065,64.96410711880388],[-160.9394989447178,63.98492305338062],[-150.1289000770314,63.324002732781025],[-144.68009789261768,63.19218524961806],[-140.05179264318338,62.49514157669758],[-132.43494029538678,62.496969371290604],[-124.93551363296793,64.83463268032534],[-118.19774749095093,62.712635573894396],[-118.19565657401094,62.711419272008236],[-114.56521270134176,60.59956315497872],[-111.28421353653351,58.55314202309659],[-102.14428729171048,57.21394132630312],[-93.82461083808953,56.86329884105465],[-92.40409578747519,56.97508393725052],[-93.07417770911907,58.55101355190935],[-94.68383499671673,58.87849386807146],[-94.75318619300579,59.94999273892107],[-93.42261978675579,61.858031831938646],[-91.41749283363079,62.852889620024584],[-91.02674576331829,63.39461477871599],[-89.87039658118938,63.57521780605974],[-89.86152359534954,63.6466556417531],[-90.00580307533001,63.9038577901906],[-89.99451157142376,64.03280218716326],[-88.3770646720097,64.0573230611867],[-87.9917878775761,64.25168188687029],[-87.43523117591594,64.568873964507],[-87.82447739136254,64.34703526339813],[-97.36110989181023,65.12429440026054],[-110.86015901801942,65.94354545380173],[-120.4025902968914,67.94746792457464],[-119.97896171213529,69.37805753048482],[-122.32606216956829,69.88448675747576],[-125.97399612952923,69.43039282437029],[-127.66734024574016,70.51815374966326],[-128.01105972816205,70.6407962667531],[-127.93980118324016,70.07992132778826],[-132.71330734779096,68.8670917379445],[-132.69037338783002,68.46158941860857],[-133.71957871009565,68.9178729879445],[-130.24182602454877,70.20590551968279],[-133.99483200599408,69.5062518941945],[-135.61018845130658,68.70377691860857],[-136.20306870033002,68.87561377163591],[-137.72852036048627,69.01584204312029],[-138.27507492591596,69.13548620815935],[-138.99545761634565,69.36829718228044],[-140.33456894447065,69.6232410299367],[-140.73939987708783,69.58456762905779],[-141.16135117103315,69.59894140835466],[-141.7039689688847,69.73443945522966],[-142.8024797110722,70.09034308071794],[-143.30757614661908,70.19675024624529],[-145.27254196693158,70.1163822042531],[-147.7235459952519,70.32667120571794],[-149.28632065345502,70.5392337667531],[-150.63855454017377,70.47509344692888],[-151.1442002921269,70.48183020229997],[-151.91501328040815,70.4957767355031],[-154.4612931876347,70.99315985317888],[-155.47481247474408,70.85190161343279],[-156.1379747061894,70.92808111782732],[-156.14545151283002,71.08307226772966],[-156.04321762611127,71.22303351040544],[-156.47401901771283,71.3544422018117],[-159.90466782142377,70.42692144985857],[-160.71655746986127,70.45616491909685],[-164.06718918372846,69.06467779751482],[-166.84352585365033,68.40520819302263],[-163.73874374915815,67.21832617397966],[-160.58469101478315,66.316432558257],[-160.9229631095097,66.36724432583513],[-162.75850388099408,66.06275519009294],[-163.84308334876752,66.17811163540544],[-163.78244492103315,66.53848608608904],[-166.1386613516972,65.35480078335466],[-165.17119308997846,64.54565008755388],[-164.59991928626752,64.61876257534685],[-162.80194565345502,64.47088202114763],[-162.13664719154096,64.78921850796404],[-161.29062363197065,64.96410711880388]]],[[[-56.12695583342671,53.46584387832734],[-57.56114288856243,54.13071020718279],[-59.71703430701946,53.4313121664113],[-58.78822689960135,52.57259027862411],[-56.12695583342671,53.46584387832734]]],[[[123.5007008987776,73.50494943844788],[124.54383390453704,71.58610355723228],[130.86731605142418,69.90104204211539],[155.89216029229675,68.16901029658281],[168.13549806605704,67.45778023799447],[171.76813674618367,65.85917681241212],[172.4408476128738,63.07842210456581],[169.48091979943723,61.192640399715565],[170.34409823134902,60.27960975244485],[173.48090651939654,61.601100527007006],[179.28769973228717,62.81507834072771],[178.14725783775592,64.15663488979997],[180,64.95347937222185],[180,65.05193670864763],[180,65.31103094692888],[180,65.38163336392107],[180,65.96313055630388],[180,66.96313055630388],[180,67.96313055630388],[180,68.91989477749529],[175.6109724373653,69.77942999478044],[170.45170119713092,70.0192142355031],[167.3200788826778,69.65857275601091],[161.96099379966998,69.52816351528826],[159.4438124031856,69.76456030483904],[158.40867141197467,70.81418951626482],[152.13401320884967,70.66443213101091],[146.9151258797481,72.20190008755388],[141.29397109459185,72.78707464810076],[137.62967971275592,71.07541998501482],[132.28361037681842,71.66087683315935],[130.77927688072467,70.67834051724138],[126.2164411873653,72.38231238003435],[127.71956160972859,73.4015384542531],[123.5007008987776,73.50494943844788]]],[[[-170.97617050697065,65.67843969937029],[-170.44873520423627,66.05273779507341],[-169.98691269447065,66.00963934536638],[-172.3779649405644,67.01405676479997],[-172.82922836829877,66.96141394253435],[-173.87494370033002,67.1593280660695],[-174.19333359290815,66.28795965786638],[-175.51398178626752,67.66881140347185],[-180,68.91692694302263],[-180,65.2592273580617],[-178.9750871329472,66.05139502163591],[-177.51186081458783,65.52012213345232],[-176.7827500968144,65.63828619595232],[-175.18715378333783,64.84854467983904],[-173.72377487708783,64.38278540249529],[-173.54488083411908,64.4190936910695],[-173.0770158438847,64.3839832174367],[-172.8146867423222,65.63114508267107],[-172.85268112708783,65.63107641812029],[-173.04314133216596,65.80616339321794],[-171.2003068595097,65.56117590542497],[-171.6685685782597,65.88923987026872],[-170.97617050697065,65.67843969937029]]]]},"properties":{"NAME":"Arctic marine mammal hunters","SUBJECTO":"Arctic marine mammal hunters","PARTOF":"Arctic marine mammal hunters"}},
{"type":"Feature","geometry":{"type":"MultiPolygon","coordinates":[[[[-90,68.36909826870622],[-90,69.4889636861867],[-93.27116867591594,71.5585437643117],[-96.69965073158001,70.83835943813982],[-96.12698074866985,69.9408450948781],[-92.95613571693157,69.08434637661638],[-96.20792862464641,68.07355078335466],[-101.91296860267376,67.70532568569841],[-105.6359758048222,68.35485418911638],[-107.66202255775188,67.96261938687029],[-112.5025300650761,67.69295843716326],[-115.28510757972454,68.89208563442888],[-119.97896171213529,69.37805753048482],[-120.4025902968914,67.94746792457464],[-110.86015901801942,65.94354545380173],[-97.36110989181023,65.12429440026054],[-87.82447739136254,64.34703526339813],[-87.43523117591594,64.568873964507],[-88.17144485999798,65.13038214321794],[-85.9871492057011,66.16278418179216],[-83.13871475745891,66.37349279995622],[-81.29496475745891,67.4987293111867],[-84.31351944495891,69.82621344204607],[-86.48843857337688,67.37778814907732],[-89.7355851798222,68.53431280728044],[-90,68.36909826870622]]],[[[-76.46228683413294,56.57751271564082],[-62.509727645274545,57.9717281924346],[-64.6706208853886,60.18091925259294],[-65.86144730140423,58.795341097075365],[-67.77240463783001,58.24854239102068],[-69.2142228751347,58.74767645474138],[-70.02829453040813,60.883170686919115],[-73.39458176185344,62.354999147612475],[-77.36155411292766,62.5174938070363],[-77.50717636634563,60.414630495268725],[-78.33678909827923,58.551471315581225],[-76.77238174964641,57.662501894194506],[-76.46228683413294,56.57751271564082]]],[[[-85.05792709876751,65.60906561489763],[-86.24284073402141,64.54231604214372],[-85.46279617835735,63.20551642056169],[-82.1096086173222,64.64357336636247],[-85.05792709876751,65.60906561489763]]],[[[-110.07939621497844,72.56222876187029],[-114.64695450355266,73.3548847066945],[-118.98560806800579,72.03416784878435],[-117.31387802650188,71.47455175991716],[-117.56819626380657,69.99218329067888],[-113.15218063880657,68.59556921597185],[-110.44822403480266,68.65314062710466],[-106.85383316566204,69.45092352505388],[-104.18777176429485,68.89776190396013],[-101.80838486243938,69.1356464254445],[-101.05518051673626,70.03077276821794],[-103.86364456702923,70.70147284146013],[-105.31259628822063,72.65014227505388],[-110.07939621497844,72.56222876187029]]],[[[-101.04201981116985,72.76880987759294],[-98.93899246741985,71.39222296353044],[-96.84962173988079,71.87977179165544],[-96.68853470374798,72.81653936978044],[-101.04201981116985,72.76880987759294]]],[[[-95.06853958656048,74.06405218716326],[-95.05836960365032,72.28313788052263],[-92.00058456947063,72.8411365377492],[-90,73.99981268521013],[-95.06853958656048,74.06405218716326]]],[[[-72.72998520423626,64.01499518032732],[-71.31892105628704,63.06125982876482],[-65.94033524085735,61.789996706206225],[-66.49595352699016,63.07743414517107],[-64.47394272376751,63.74430426235857],[-67.61417099525188,65.91180761929216],[-62.84475418616985,65.61426123257341],[-61.21058365394329,66.63500555630388],[-68.66534897376751,68.71612890835466],[-71.25251480628704,71.35079535122576],[-73.27524277259563,71.16077002163591],[-75.32202621986126,72.54841955776872],[-80.48866745521282,73.03700598354997],[-81.53178116370891,73.68835791226091],[-88.09924789954876,73.63606604214372],[-89.9971818595097,71.541286073882],[-87.94801041175579,70.3849140035695],[-82.26922318031048,69.86035498257341],[-78.71291824866985,70.01144751187029],[-73.18491837074016,68.2958026754445],[-72.30491348792766,67.26360663052263],[-75.78904434730266,65.19718512173357],[-72.72998520423626,64.01499518032732]]],[[[-89.69807907630657,74.61462744351091],[-80.34932419349407,74.61590155239763],[-81.70312210609173,75.8749500143117],[-91.05400558997844,74.97726782437029],[-89.69807907630657,74.61462744351091]]],[[[-87.45332809974407,82.13975103970232],[-89.19254776527141,81.09640844937029],[-85.80681320716594,78.90618475552263],[-87.27270981361126,76.50420721646013],[-78.21225449134563,76.54684790249529],[-78.36676498939251,78.03287085171404],[-71.45447250892376,79.84579046841326],[-62.4271020560429,82.633571230132],[-76.38208481361126,83.15191229458513],[-87.45332809974407,82.13975103970232]]],[[[-89.0419816641972,80.16660650845232],[-92.02487656165813,81.25921972866716],[-96.43336960365032,79.9334216939992],[-92.70153519202923,78.43416937466326],[-86.99668594886516,79.44534643765154],[-89.0419816641972,80.16660650845232]]]]},"properties":{"NAME":"Dorset","SUBJECTO":"Dorset","PARTOF":"Dorset"}},
{"type":"Feature","geometry":{"type":"Polygon","coordinates":[[[-128.81406113197065,53.76392706509294],[-127.86647743746704,52.41254897736534],[-125.757913379286,53.13079169844382],[-122.49112572639841,54.243561521059334],[-111.28421353653351,58.55314202309659],[-118.19565657401094,62.711419272008236],[-118.19774749095093,62.712635573894396],[-124.93551363296793,64.83463268032534],[-132.43494029538678,62.496969371290604],[-140.05179264318338,62.49514157669758],[-141.13538171825076,59.839352102827355],[-140.13290878822065,59.76717337246599],[-139.92891403724408,59.82994421597185],[-139.57256027747846,59.89999731655779],[-139.20009323646283,59.27733954067888],[-136.35608383704877,58.52386816616716],[-136.37030502845502,58.62023504849138],[-136.93880173255658,58.94317968960466],[-136.39011093665815,58.84076651211443],[-136.14838120033002,58.90328177090349],[-135.27911850501752,58.44331320400896],[-135.3257188468144,58.58088644619646],[-135.51483627845502,58.97349890347185],[-135.46945663978315,59.33973654385271],[-135.30861374427533,59.3469615804738],[-132.10095688392377,56.349383913237475],[-132.0324601798222,55.89350088711443],[-131.9636125235722,55.966090761382006],[-131.7670030265019,56.01000555630388],[-131.19051071693158,56.03476294155779],[-130.4128770499394,55.020736299712084],[-130.26733871986127,55.07184179897966],[-130.06500717689252,55.10212286587419],[-130.00269028236127,55.288539491850756],[-130.00363632728315,53.93796118374529],[-129.06042954017377,53.738971315581225],[-128.81406113197065,53.76392706509294]]]},"properties":{"NAME":"Athabaskan","SUBJECTO":"Athabaskan","PARTOF":"Athabaskan"}},
{"type":"Feature","geometry":{"type":"Polygon","coordinates":[[[-141.58554550697065,60.139754854399584],[-141.13538171825076,59.839352102827355],[-140.05179264318338,62.49514157669758],[-144.68009789261768,63.19218524961806],[-150.1289000770314,63.324002732781025],[-160.9394989447178,63.98492305338062],[-163.3086290030644,63.03774222012224],[-163.5270127921269,63.08008154507341],[-163.96799179603315,63.20044668789568],[-165.83408066322065,61.834289156157396],[-165.51204392005658,61.257003389555834],[-165.42334457923627,61.26419409390154],[-164.30165573646283,60.943168245512865],[-164.05811020423627,61.041915498930834],[-163.8948869376347,61.042228304106615],[-163.62695786048627,60.601031862456225],[-163.93779465247846,60.614459596831225],[-164.52809616615033,60.75341375942888],[-163.53639694740033,59.84078940029802],[-162.37810226966596,60.16311606045427],[-161.11713120033002,58.745528780180834],[-160.82761093665815,58.89784201260271],[-160.84013840247846,58.95994146938982],[-160.4305314688847,59.00216635342302],[-158.85645004798627,58.45356711025896],[-158.97314926673627,58.770289980132006],[-158.51666733314252,58.99888189907732],[-157.98740097572065,58.716998659331225],[-157.13942429115033,58.85578878994646],[-157.66533371497846,57.60424383755388],[-160.45729538490033,56.19991263027849],[-159.61395737220502,55.88911017056169],[-156.4957627921269,57.10023077603044],[-153.45496079017377,58.877338014799975],[-152.8777207999394,60.27886541958513],[-150.31123825599408,61.31387671108904],[-149.42468735267377,60.85911902065935],[-149.91281601478315,60.91427954312029],[-151.7829942374394,59.99495657559099],[-151.38795944740033,59.21278341885271],[-150.50098129798627,59.61584051724138],[-149.32562729408002,60.02748068447771],[-148.4935197501347,59.90396460171404],[-148.83966538001752,60.54507788296404],[-148.49261948158002,61.06433828945818],[-147.94012924720502,61.20585211392107],[-145.13838669349408,60.454215608794115],[-145.00285812904096,60.552360140044115],[-141.95845505286908,60.041461549956225],[-141.74712082435346,60.132499300200365],[-141.58554550697065,60.139754854399584]]]},"properties":{"NAME":"Thule","SUBJECTO":"Thule","PARTOF":"Thule"}},
{"type":"Feature","geometry":{"type":"Polygon","coordinates":[[[-129.06042954017377,53.738971315581225],[-129.43387314368937,53.51753576870623],[-129.43387314368937,53.517535768706225],[-129.06042954017374,53.738971315581225],[-128.81406113197065,53.76392706509294],[-129.06042954017377,53.738971315581225]]]},"properties":{"NAME":null,"SUBJECTO":null,"PARTOF":null}},
{"type":"Feature","geometry":{"type":"Polygon","coordinates":[[[-130.4128770499394,55.020736299712084],[-130.0650071768925,55.10212286587419],[-130.00269028236127,55.288539491850756],[-130.06500717689252,55.10212286587419],[-130.26733871986127,55.07184179897966],[-130.4128770499394,55.020736299712084]]]},"properties":{"NAME":null,"SUBJECTO":null,"PARTOF":null}},
{"type":"Feature","geometry":{"type":"Polygon","coordinates":[[[-132.0324601798222,55.89350088711443],[-132.03246017982218,55.89350088711443],[-131.96361252357218,55.966090761382006],[-131.76700302650187,56.01000555630388],[-131.19051071693158,56.03476294155779],[-131.7670030265019,56.01000555630388],[-131.9636125235722,55.966090761382006],[-132.0324601798222,55.89350088711443]]]},"properties":{"NAME":null,"SUBJECTO":null,"PARTOF":null}},
{"type":"Feature","geometry":{"type":"Polygon","coordinates":[[[-135.27911850501752,58.44331320400896],[-135.3003282218144,58.374492250639825],[-135.2791185050175,58.44331320400896],[-135.32571884681437,58.58088644619646],[-135.514836278455,58.97349890347185],[-135.46945663978312,59.33973654385271],[-135.30861374427533,59.3469615804738],[-135.46945663978315,59.33973654385271],[-135.51483627845502,58.97349890347185],[-135.3257188468144,58.58088644619646],[-135.27911850501752,58.44331320400896]]]},"properties":{"NAME":null,"SUBJECTO":null,"PARTOF":null}},
{"type":"Feature","geometry":{"type":"Polygon","coordinates":[[[-136.14838120033002,58.90328177090349],[-136.39011093665815,58.84076651211443],[-136.39011093665812,58.84076651211443],[-136.14838120033002,58.90328177090349]]]},"properties":{"NAME":null,"SUBJECTO":null,"PARTOF":null}},
{"type":"Feature","geometry":{"type":"Polygon","coordinates":[[[-136.35608383704877,58.52386816616716],[-136.35608383704874,58.52386816616716],[-136.370305028455,58.62023504849138],[-136.93880173255656,58.943179689604655],[-136.93880173255658,58.94317968960466],[-136.37030502845502,58.62023504849138],[-136.35608383704877,58.52386816616716]]]},"properties":{"NAME":null,"SUBJECTO":null,"PARTOF":null}},
{"type":"Feature","geometry":{"type":"Polygon","coordinates":[[[-140.13290878822065,59.76717337246599],[-140.4283647208378,59.75967749233904],[-140.13290878822062,59.76717337246599],[-139.92891403724406,59.82994421597185],[-139.57256027747846,59.89999731655779],[-139.92891403724408,59.82994421597185],[-140.13290878822065,59.76717337246599]]]},"properties":{"NAME":null,"SUBJECTO":null,"PARTOF":null}},
{"type":"Feature","geometry":{"type":"Polygon","coordinates":[[[-118.19774749095093,62.712635573894396],[-118.19565657401094,62.711419272008236],[-111.28421353653351,58.55314202309659],[-114.56521270134176,60.59956315497872],[-118.19774749095093,62.712635573894396]]]},"properties":{"NAME":null,"SUBJECTO":null,"PARTOF":null}},
{"type":"Feature","geometry":{"type":"Polygon","coordinates":[[[-89.72552200843548,56.93423422451677],[-90,57.07395132656755],[-90.44457718421673,57.144347749907396],[-89.72552200843548,56.93423422451677]]]},"properties":{"NAME":null,"SUBJECTO":null,"PARTOF":null}},
{"type":"Feature","geometry":{"type":"Polygon","coordinates":[[[-141.58554550697065,60.139754854399584],[-141.74712082435346,60.132499300200365],[-141.95845505286908,60.041461549956225],[-141.58554550697065,60.139754854399584]]]},"properties":{"NAME":null,"SUBJECTO":null,"PARTOF":null}},
{"type":"Feature","geometry":{"type":"Polygon","coordinates":[[[-145.13838669349408,60.454215608794115],[-145.4926957755253,60.38364752407732],[-145.13838669349406,60.454215608794115],[-145.00285812904096,60.5523601400441],[-145.00285812904096,60.552360140044115],[-145.13838669349408,60.454215608794115]]]},"properties":{"NAME":null,"SUBJECTO":null,"PARTOF":null}},
{"type":"Feature","geometry":{"type":"Polygon","coordinates":[[[-148.4935197501347,59.90396460171404],[-148.8396653800175,60.54507788296404],[-147.94012924720502,61.20585211392107],[-148.49261948158002,61.06433828945818],[-148.83966538001752,60.54507788296404],[-148.4935197501347,59.90396460171404]]]},"properties":{"NAME":null,"SUBJECTO":null,"PARTOF":null}},
{"type":"Feature","geometry":{"type":"Polygon","coordinates":[[[-151.38795944740033,59.21278341885271],[-149.32562729408002,60.02748068447771],[-150.50098129798627,59.61584051724138],[-151.38795944740033,59.21278341885271]]]},"properties":{"NAME":null,"SUBJECTO":null,"PARTOF":null}},
{"type":"Feature","geometry":null,"properties":{"NAME":null,"SUBJECTO":null,"PARTOF":null}},
{"type":"Feature","geometry":{"type":"Polygon","coordinates":[[[-159.61395737220502,55.88911017056169],[-156.49576279212687,57.10023077603044],[-153.45496079017374,58.877338014799975],[-152.87772079993937,60.27886541958513],[-150.31123825599408,61.31387671108904],[-152.8777207999394,60.27886541958513],[-153.45496079017377,58.877338014799975],[-156.4957627921269,57.10023077603044],[-159.61395737220502,55.88911017056169]]]},"properties":{"NAME":null,"SUBJECTO":null,"PARTOF":null}},
{"type":"Feature","geometry":{"type":"Polygon","coordinates":[[[-157.13942429115033,58.85578878994646],[-157.98740097572065,58.716998659331225],[-157.42422958900187,58.8008190023488],[-157.13942429115033,58.85578878994646]]]},"properties":{"NAME":null,"SUBJECTO":null,"PARTOF":null}},
{"type":"Feature","geometry":{"type":"Polygon","coordinates":[[[-158.85645004798627,58.45356711025896],[-158.51666733314252,58.99888189907732],[-158.97314926673627,58.770289980132006],[-158.85645004798627,58.45356711025896]]]},"properties":{"NAME":null,"SUBJECTO":null,"PARTOF":null}},
{"type":"Feature","geometry":{"type":"Polygon","coordinates":[[[-161.11713120033002,58.745528780180834],[-160.82761093665812,58.89784201260271],[-160.4305314688847,59.00216635342302],[-160.84013840247846,58.95994146938982],[-160.82761093665815,58.89784201260271],[-161.11713120033002,58.745528780180834]]]},"properties":{"NAME":null,"SUBJECTO":null,"PARTOF":null}},
{"type":"Feature","geometry":{"type":"Polygon","coordinates":[[[-163.53639694740033,59.84078940029802],[-163.0217942862675,59.96670874233904],[-162.37810226966596,60.16311606045427],[-163.53639694740033,59.84078940029802]]]},"properties":{"NAME":null,"SUBJECTO":null,"PARTOF":null}},
{"type":"Feature","geometry":{"type":"Polygon","coordinates":[[[-164.52809616615033,60.75341375942888],[-163.93779465247846,60.614459596831225],[-163.62695786048627,60.601031862456225],[-163.93779465247843,60.614459596831225],[-164.5280961661503,60.75341375942888],[-164.84467026283,60.81589468594255],[-164.52809616615033,60.75341375942888]]]},"properties":{"NAME":null,"SUBJECTO":null,"PARTOF":null}},
{"type":"Feature","geometry":{"type":"Polygon","coordinates":[[[-163.8948869376347,61.042228304106615],[-164.05811020423627,61.041915498930834],[-164.30165573646283,60.943168245512865],[-164.3016557364628,60.943168245512865],[-164.05811020423624,61.041915498930834],[-163.8948869376347,61.042228304106615]]]},"properties":{"NAME":null,"SUBJECTO":null,"PARTOF":null}},
{"type":"Feature","geometry":{"type":"Polygon","coordinates":[[[-165.51204392005658,61.257003389555834],[-165.51204392005656,61.257003389555834],[-165.42334457923627,61.26419409390154],[-165.51204392005658,61.257003389555834]]]},"properties":{"NAME":null,"SUBJECTO":null,"PARTOF":null}},
{"type":"Feature","geometry":{"type":"Polygon","coordinates":[[[-163.96799179603315,63.20044668789568],[-163.5270127921269,63.08008154507341],[-163.3086290030644,63.03774222012224],[-163.30862900306437,63.03774222012224],[-163.52701279212687,63.08008154507341],[-163.96799179603312,63.20044668789568],[-164.2917680411503,63.24977072354021],[-163.96799179603315,63.20044668789568]]]},"properties":{"NAME":null,"SUBJECTO":null,"PARTOF":null}},
{"type":"Feature","geometry":{"type":"Polygon","coordinates":[[[-161.29062363197065,64.96410711880388],[-162.13664719154096,64.78921850796404],[-162.80194565345502,64.47088202114763],[-161.29062363197065,64.96410711880388]]]},"properties":{"NAME":null,"SUBJECTO":null,"PARTOF":null}},
{"type":"Feature","geometry":{"type":"Polygon","coordinates":[[[-165.17119308997846,64.54565008755388],[-165.17119308997843,64.54565008755388],[-164.5999192862675,64.61876257534685],[-164.59991928626752,64.61876257534685],[-165.17119308997846,64.54565008755388]]]},"properties":{"NAME":null,"SUBJECTO":null,"PARTOF":null}},
{"type":"Feature","geometry":{"type":"Polygon","coordinates":[[[-162.75850388099408,66.06275519009294],[-163.78244492103315,66.53848608608904],[-163.84308334876752,66.17811163540544],[-162.75850388099408,66.06275519009294]]]},"properties":{"NAME":null,"SUBJECTO":null,"PARTOF":null}},
{"type":"Feature","geometry":{"type":"Polygon","coordinates":[[[-160.58469101478315,66.316432558257],[-160.58469101478312,66.316432558257],[-160.92296310950968,66.36724432583513],[-160.9229631095097,66.36724432583513],[-160.58469101478315,66.316432558257]]]},"properties":{"NAME":null,"SUBJECTO":null,"PARTOF":null}},
{"type":"Feature","geometry":{"type":"Polygon","coordinates":[[[-160.71655746986127,70.45616491909685],[-159.90466782142377,70.42692144985857],[-160.71655746986124,70.45616491909685],[-160.71655746986127,70.45616491909685]]]},"properties":{"NAME":null,"SUBJECTO":null,"PARTOF":null}},
{"type":"Feature","geometry":{"type":"Polygon","coordinates":[[[-155.47481247474408,70.85190161343279],[-156.13797470618937,70.92808111782732],[-156.14545151283,71.08307226772966],[-155.9729203849003,71.14548071499529],[-156.04321762611124,71.22303351040544],[-156.47401901771283,71.3544422018117],[-156.04321762611127,71.22303351040544],[-156.14545151283002,71.08307226772966],[-156.1379747061894,70.92808111782732],[-155.47481247474408,70.85190161343279]]]},"properties":{"NAME":null,"SUBJECTO":null,"PARTOF":null}},
{"type":"Feature","geometry":{"type":"Polygon","coordinates":[[[-151.91501328040815,70.4957767355031],[-152.97116562415812,70.9340091573781],[-154.4612931876347,70.99315985317888],[-151.91501328040815,70.4957767355031]]]},"properties":{"NAME":null,"SUBJECTO":null,"PARTOF":null}},
{"type":"Feature","geometry":{"type":"Polygon","coordinates":[[[-150.63855454017377,70.47509344692888],[-151.14420029212687,70.48183020229997],[-151.7256059317753,70.53467138882341],[-151.1442002921269,70.48183020229997],[-150.63855454017377,70.47509344692888]]]},"properties":{"NAME":null,"SUBJECTO":null,"PARTOF":null}},
{"type":"Feature","geometry":{"type":"Polygon","coordinates":[[[-145.27254196693158,70.1163822042531],[-149.28632065345502,70.5392337667531],[-147.7235459952519,70.32667120571794],[-145.27254196693158,70.1163822042531]]]},"properties":{"NAME":null,"SUBJECTO":null,"PARTOF":null}},
{"type":"Feature","geometry":{"type":"Polygon","coordinates":[[[-140.73939987708783,69.58456762905779],[-141.70396896888468,69.73443945522966],[-142.80247971107218,70.09034308071794],[-143.30757614661908,70.19675024624529],[-142.8024797110722,70.09034308071794],[-141.7039689688847,69.73443945522966],[-141.16135117103315,69.59894140835466],[-140.73939987708783,69.58456762905779]]]},"properties":{"NAME":null,"SUBJECTO":null,"PARTOF":null}},
{"type":"Feature","geometry":{"type":"Polygon","coordinates":[[[-135.61018845130658,68.70377691860857],[-136.20306870033,68.87561377163591],[-137.72852036048624,69.01584204312029],[-138.27507492591593,69.13548620815935],[-138.99545761634562,69.36829718228044],[-139.9006547599003,69.57098730679216],[-140.33456894447065,69.6232410299367],[-138.99545761634565,69.36829718228044],[-138.27507492591596,69.13548620815935],[-137.72852036048627,69.01584204312029],[-136.20306870033002,68.87561377163591],[-135.61018845130658,68.70377691860857]]]},"properties":{"NAME":null,"SUBJECTO":null,"PARTOF":null}},
{"type":"Feature","geometry":null,"properties":{"NAME":null,"SUBJECTO":null,"PARTOF":null}},
{"type":"Feature","geometry":{"type":"Polygon","coordinates":[[[-132.69037338783002,68.46158941860857],[-133.71957871009562,68.9178729879445],[-130.24182602454877,70.20590551968279],[-133.71957871009565,68.9178729879445],[-132.69037338783002,68.46158941860857]]]},"properties":{"NAME":null,"SUBJECTO":null,"PARTOF":null}},
{"type":"Feature","geometry":{"type":"Polygon","coordinates":[[[-127.66734024574016,70.51815374966326],[-128.01105972816202,70.6407962667531],[-128.41585251380656,70.686305605132],[-128.01105972816205,70.6407962667531],[-127.66734024574016,70.51815374966326]]]},"properties":{"NAME":null,"SUBJECTO":null,"PARTOF":null}},
{"type":"Feature","geometry":{"type":"Polygon","coordinates":[[[-89.86152359534954,63.6466556417531],[-89.99451157142376,64.03280218716326],[-90.00580307533001,63.9038577901906],[-89.86152359534954,63.6466556417531]]]},"properties":{"NAME":null,"SUBJECTO":null,"PARTOF":null}},
{"type":"Feature","geometry":{"type":"Polygon","coordinates":[[[-89.87039658118938,63.57521780605974],[-90,63.569825328295714],[-90,63.56135138149919],[-89.87039658118938,63.57521780605974]]]},"properties":{"NAME":null,"SUBJECTO":null,"PARTOF":null}},
{"type":"Feature","geometry":{"type":"Polygon","coordinates":[[[-91.02674576331829,63.39461477871599],[-91.41749283363079,62.852889620024584],[-90,62.94618948574724],[-91.02674576331829,63.39461477871599]]]},"properties":{"NAME":null,"SUBJECTO":null,"PARTOF":null}},
{"type":"Feature","geometry":{"type":"Polygon","coordinates":[[[-74.29292770911907,40.63159521694841],[-74.23124110312521,40.54190620142641],[-74.23124110312521,40.541906201426414],[-74.29292770911907,40.63159521694841]]]},"properties":{"NAME":null,"SUBJECTO":null,"PARTOF":null}},
{"type":"Feature","geometry":{"type":"Polygon","coordinates":[[[-77.96291824866985,33.93281134243669],[-78.25297918136813,33.888361006521144],[-78.38355728675579,33.86835058804216],[-78.25297918136813,33.88836100652114],[-77.96291824866985,33.93281134243669]]]},"properties":{"NAME":null,"SUBJECTO":null,"PARTOF":null}},
{"type":"Feature","geometry":{"type":"Polygon","coordinates":[[[-90.16053482581829,30.390046678740404],[-90.43051621009563,30.142039858061693],[-90.10844131995891,30.038699709135912],[-90.16053482581829,30.390046678740404]]]},"properties":{"NAME":null,"SUBJECTO":null,"PARTOF":null}},
{"type":"Feature","geometry":{"type":"Polygon","coordinates":[[[-90.09218308021282,29.222343050200365],[-90.07866379310344,29.501367174345873],[-90.29798599769329,29.37374838467302],[-90.09218308021282,29.222343050200365]]]},"properties":{"NAME":null,"SUBJECTO":null,"PARTOF":null}},
{"type":"Feature","geometry":{"type":"Polygon","coordinates":[[[-90.43607803870891,29.325677477080248],[-90.65007492591594,29.239488207060717],[-90.26970628117526,29.154822865400444],[-90.43607803870891,29.325677477080248]]]},"properties":{"NAME":null,"SUBJECTO":null,"PARTOF":null}},
{"type":"Feature","geometry":{"type":"Polygon","coordinates":[[[-64.3259172110722,50.304671846587084],[-64.35688598810621,50.306306422737876],[-62.4855338033173,54.513109291987426],[-62.593886961730774,54.56997808041503],[-65.64317158321862,55.262874161982396],[-71.0333844968322,55.19604828321671],[-74.19720512004018,52.927225836668605],[-78.74176950876009,52.74413883037645],[-79.5943498282597,51.265792452055834],[-81.74736496497844,52.170096956450365],[-82.34120651771282,52.98082312222185],[-82.20208450843548,54.968871675688646],[-84.46836563636516,55.16687735195818],[-87.46717545081829,55.91202887173357],[-89.72552200843548,56.93423422451677],[-90.44457718421673,57.144347749907396],[-92.40409578747519,56.97508393725052],[-93.82461083808953,56.86329884105465],[-102.14428729171048,57.21394132630312],[-111.28421353653351,58.55314202309659],[-122.49112572639841,54.243561521059334],[-115.03392686774305,52.03295961287972],[-114.46737387359948,51.99955012922175],[-105.19092937331824,51.45252059422696],[-98.92187739770243,50.2317206620755],[-95.56635546846715,49.996303801904524],[-87.78991594567441,49.93094833834401],[-85.03622021806746,49.0940751201903],[-81.93098886565963,48.90187753952613],[-72.32234845443543,46.29511259543804],[-71.03368165476002,46.74621076936823],[-69.50712296058391,48.459212862212084],[-67.31770798255657,49.42533453579607],[-66.37273880531048,50.31387671108904],[-64.3259172110722,50.304671846587084]]]},"properties":{"NAME":"Subarctic forest hunter-gatherers","SUBJECTO":"Subarctic forest hunter-gatherers","PARTOF":"Subarctic forest hunter-gatherers"}},
{"type":"Feature","geometry":{"type":"Polygon","coordinates":[[[-72.0684836753677,-40.547229038878235],[-70.57931764813105,-40.57909976037915],[-71.6339245225337,-43.19554606268768],[-72.1905225951351,-45.990119696472405],[-72.04404941813473,-48.76638855343405],[-71.16521035613252,-51.561440909776984],[-69.11474151787864,-51.35236245613261],[-69.16695114661907,-51.14943734530745],[-67.83347031165813,-49.9682125223094],[-67.57759567786907,-49.058533109467604],[-66.07773300697063,-48.142071164887525],[-65.77598282386516,-47.23012200717268],[-67.32806870033001,-46.531616605561354],[-66.69494339515423,-45.131103910248854],[-65.43618485023235,-44.88974038485823],[-65.30717178870891,-43.6014026773387],[-63.599965062634695,-42.70437280062971],[-64.9920320182011,-42.19338647250471],[-64.93894669105266,-40.8274768960887],[-62.96398254920696,-41.137459195893385],[-62.067765203015554,-39.55577508334456],[-61.360714879529226,-39.03129998568831],[-57.80888458778118,-38.386490262787916],[-56.69811340858196,-36.944073118012525],[-57.419239964978445,-35.99675027255354],[-57.34773727943157,-34.508438504975416],[-56.33826157142376,-34.99545327548323],[-54.074337926404226,-34.647842801850416],[-52.35066696693157,-32.67519036654768],[-52.14362427283977,-31.747351087372877],[-52.14021349238029,-31.740936200871825],[-53.544487162988226,-31.446480334683482],[-54.36473695419029,-30.592916632921295],[-57.352789764997816,-29.680878909474107],[-63.563252469813456,-30.036561103144948],[-67.48158657100439,-31.655864143664434],[-67.64985410812366,-33.57694564055348],[-69.43682686752817,-37.15902614350158],[-72.0684836753677,-40.547229038878235]]]},"properties":{"NAME":"Pampas cultures","SUBJECTO":"Pampas cultures","PARTOF":"Pampas cultures"}},
{"type":"Feature","geometry":{"type":"MultiPolygon","coordinates":[[[[-49.13813110877727,-1.567843951027967],[-48.40189072181438,-0.390650845807173],[-50.50141235877727,-0.261749692004301],[-50.4762849478886,-1.678760803979017],[-49.13813110877727,-1.567843951027967]]],[[[-71.09831711341594,9.327861391264818],[-70.68184887203134,8.55721593295672],[-65.96541257261946,8.180441590467876],[-63.06524366801216,8.32539786170036],[-61.695771781275944,8.610088933385873],[-61.530865636365164,9.850575052458666],[-64.06826111366009,10.626809679228685],[-64.8836564688847,10.135678850371264],[-66.4781160025761,10.678809725005053],[-67.97961136390423,10.542116724211596],[-68.69460007240032,11.379503809172533],[-69.74783798743938,11.53345926876726],[-71.49555679847454,10.646208368498705],[-71.09831711341594,9.327861391264818]]]]},"properties":{"NAME":"Caribbean hunter-gatherers","SUBJECTO":"Caribbean hunter-gatherers","PARTOF":"Caribbean hunter-gatherers"}},
{"type":"Feature","geometry":{"type":"MultiPolygon","coordinates":[[[[-69.21397110511516,-54.93401757602034],[-66.98282333900188,-54.34066430453596],[-68.30537888099407,-52.94305077914534],[-69.40672012855266,-52.56648675326643],[-70.33333298255657,-53.47274438266096],[-69.21397110511516,-54.93401757602034]]],[[[-69.11474151787864,-51.35236245613261],[-71.16521035613252,-51.561440909776984],[-72.04404941813473,-48.76638855343405],[-72.1905225951351,-45.990119696472405],[-71.6339245225337,-43.19554606268768],[-70.57931764813105,-40.57909976037915],[-72.0684836753677,-40.547229038878235],[-72.72818067052704,-41.55336179549616],[-73.57108780433391,-46.26491204623518],[-74.31235214759563,-48.745132840912916],[-73.4080705313847,-52.023838437836744],[-71.8722810416386,-53.69564858798323],[-69.4830217032597,-52.360935605805494],[-69.07692429115032,-51.49934808139143],[-69.11474151787864,-51.35236245613261]]]]},"properties":{"NAME":"Patagonian shellfish and marine mammal hunters","SUBJECTO":"Patagonian shellfish and marine mammal hunters","PARTOF":"Patagonian shellfish and marine mammal hunters"}},
{"type":"Feature","geometry":{"type":"MultiPolygon","coordinates":[[[[-65.90622541609757,-18.31105888474315],[-66.09723843191973,-20.13835052013179],[-67.12255067092232,-25.032037581988202],[-68.0338990208006,-26.029048392077136],[-68.05972625425517,-26.46811136080474],[-69.28299898778518,-29.352258637737357],[-67.48158657100439,-31.655864143664434],[-63.563252469813456,-30.036561103144948],[-57.352789764997816,-29.680878909474107],[-54.36473695419029,-30.592916632921295],[-53.544487162988226,-31.446480334683482],[-52.14021349238029,-31.740936200871825],[-52.04218765784954,-31.556572355073072],[-50.58172699500774,-30.41646806124983],[-48.85215473085459,-28.563025096783424],[-49.83871578487881,-26.797313680361846],[-49.48718016007792,-24.553337158794967],[-48.46896037885509,-23.748769173313708],[-53.123378851919725,-14.275041705614404],[-60.26760598730509,-13.809999263181787],[-64.1940629085568,-14.694582386569342],[-64.66180129731615,-16.804676207468987],[-65.90622541609757,-18.31105888474315]]],[[[-37.88789123444673,-4.393015496284502],[-37.88789123444673,-4.393015496284503],[-37.73482224036907,-4.529729284089186],[-37.88789123444673,-4.393015496284502]]]]},"properties":{"NAME":"Savanna hunter-gatherers","SUBJECTO":"Savanna hunter-gatherers","PARTOF":"Savanna hunter-gatherers"}},
{"type":"Feature","geometry":{"type":"MultiPolygon","coordinates":[[[[-53.123378851919725,-14.275041705614404],[-46.280890913956334,-3.552810001275475],[-49.06606977620206,-4.743578120004467],[-54.16333633581491,-4.626791146196514],[-56.33113935542037,-4.334740468715777],[-58.44035310422569,-2.287649024474563],[-57.97163893782451,-0.589157846288572],[-55.80383591821904,0.875529465609527],[-55.8624251890192,1.695565793857857],[-58.55753164582598,3.977596077854006],[-62.65878060183632,4.152921580887431],[-66.40849393304576,3.041936481420927],[-70.15820726425522,-5.735421450211085],[-69.04501111905242,-8.235853806057],[-64.1940629085568,-14.694582386569342],[-60.26760598730509,-13.809999263181787],[-53.123378851919725,-14.275041705614404]]],[[[-37.88789123444673,-4.393015496284502],[-38.06839844276165,-4.231795228760816],[-37.88789123444673,-4.393015496284503],[-37.88789123444673,-4.393015496284502]]]]},"properties":{"NAME":"Amazon hunter-gatherers","SUBJECTO":"Amazon hunter-gatherers","PARTOF":"Amazon hunter-gatherers"}},
{"type":"Feature","geometry":{"type":"MultiPolygon","coordinates":[[[[-67.82483020416323,-22.474878509241908],[-68.0338990208006,-26.029048392077136],[-67.12255067092232,-25.032037581988202],[-66.09723843191973,-20.13835052013179],[-65.90622541609757,-18.31105888474315],[-66.59524723372101,-19.145123826644383],[-67.35618174619,-19.194339303429263],[-67.82483020416323,-22.474878509241908]]],[[[-67.48158657100439,-31.655864143664434],[-69.28299898778518,-29.352258637737357],[-69.40554769037634,-29.641195435870635],[-70.0274937150467,-30.677772143654593],[-71.51984879066204,-32.18117562655745],[-71.61574265052532,-33.70565453891096],[-73.67253586341594,-37.500854886811354],[-73.19384476234173,-39.565369046967604],[-73.90523239661907,-40.83904305819807],[-72.72818067052704,-41.55336179549616],[-72.0684836753677,-40.547229038878235],[-69.43682686752817,-37.15902614350158],[-67.64985410812366,-33.57694564055348],[-67.48158657100439,-31.655864143664434]]]]},"properties":{"NAME":"Andean hunter-gatherers","SUBJECTO":"Andean hunter-gatherers","PARTOF":"Andean hunter-gatherers"}},
{"type":"Feature","geometry":{"type":"MultiPolygon","coordinates":[[[[-132.17720505286908,55.28475149746599],[-132.55470749427533,55.45311316128435],[-132.63325974036908,55.90010794277849],[-133.28069016029096,56.231566988188646],[-133.27101608802533,55.62097891445818],[-132.17720505286908,55.28475149746599]]],[[[-124.23045217275275,44.45096392151133],[-124.62967392493938,43.013995729643725],[-124.15260788490032,41.58015020962419],[-124.36481186439251,40.33432348843279],[-123.6484726898424,38.880148963177184],[-121.16971848831042,38.880148963177184],[-121.36156811415898,39.68662126087367],[-120.47361831890835,43.5702362219749],[-120.30696123975633,44.29914221354117],[-120.48272905215676,48.962018954129185],[-125.757913379286,53.13079169844382],[-127.86647743746704,52.41254897736534],[-127.24746414710735,50.96811636563005],[-124.93922134925579,50.595809541899584],[-124.79498764564251,50.03529318447771],[-122.60556503822063,48.83472784634294],[-122.8260392813847,48.023482881743334],[-124.6752824454472,48.38582571621599],[-123.99469467689251,45.76409491177263],[-124.1404924063847,44.7891116964406],[-124.23045217275275,44.45096392151133]]],[[[-132.0823106436894,54.02106054897966],[-132.3785295157597,53.9869876730031],[-132.72987839271283,54.066711031157396],[-132.35136887122846,53.36487158413591],[-132.08984848548627,53.398803316313646],[-131.99947067786908,53.793544374663256],[-132.0823106436894,54.02106054897966]]],[[[-126.52219864417766,49.82167013760271],[-125.96683975745891,49.1735111105031],[-123.86136337806438,49.15797003384294],[-125.7185945182011,50.40942724819841],[-126.52219864417766,49.82167013760271]]]]},"properties":{"NAME":"North American Pacifi foraging, hunting and fishing peoples","SUBJECTO":"North American Pacifi foraging, hunting and fishing peoples","PARTOF":"North American Pacifi foraging, hunting and fishing peoples"}},
{"type":"Feature","geometry":{"type":"Polygon","coordinates":[[[-94.11755719209039,29.69269900006508],[-94.11755719209039,31.93047980661485],[-95.8203078747199,32.71453265402474],[-97.13856646772321,34.47135574600093],[-96.40620058272137,35.6463101014922],[-94.11755719209039,35.87563266465669],[-94.11755719209039,39.73169383481236],[-94.23473573369067,46.72103383947717],[-95.56635546846715,49.996303801904524],[-98.92187739770243,50.2317206620755],[-105.19092937331824,51.45252059422696],[-114.46737387359948,51.99955012922175],[-114.12579317034083,47.95182480671353],[-111.66773503433551,41.93525523128791],[-109.04855657130156,38.880148963177184],[-102.5682060899621,38.880148963177184],[-102.5682060899621,32.42779661849105],[-98.18951151270068,29.180839383625194],[-97.75841820818601,28.695265355313026],[-96.68452927161907,28.2477298605031],[-94.11755719209039,29.69269900006508]]]},"properties":{"NAME":"Plain bison hunters","SUBJECTO":"Plain bison hunters","PARTOF":"Plain bison hunters"}},
{"type":"Feature","geometry":{"type":"Polygon","coordinates":[[[-125.757913379286,53.13079169844382],[-120.48272905215676,48.962018954129185],[-120.30696123975633,44.29914221354117],[-120.47361831890835,43.5702362219749],[-119.01799728215308,43.11329780515409],[-111.66773503433551,41.93525523128791],[-114.12579317034083,47.95182480671353],[-114.46737387359948,51.99955012922175],[-115.03392686774305,52.03295961287972],[-122.49112572639841,54.243561521059334],[-125.757913379286,53.13079169844382]]]},"properties":{"NAME":"Plateau fichers and hunter gatherers","SUBJECTO":"Plateau fichers and hunter gatherers","PARTOF":"Plateau fichers and hunter gatherers"}},
{"type":"Feature","geometry":{"type":"MultiPolygon","coordinates":[[[[-120.47361831890835,43.5702362219749],[-121.36156811415898,39.68662126087367],[-121.16971848831042,38.880148963177184],[-109.04855657130156,38.880148963177184],[-111.66773503433551,41.93525523128791],[-119.01799728215308,43.11329780515409],[-120.47361831890835,43.5702362219749]]],[[[-97.75841820818601,28.695265355313026],[-98.18951151270068,29.180839383625194],[-102.5682060899621,32.42779661849105],[-102.5682060899621,29.99225368312217],[-97.75841820818601,28.695265355313026]]]]},"properties":{"NAME":"Desert hunter-gatherers","SUBJECTO":"Desert hunter-gatherers","PARTOF":"Desert hunter-gatherers"}},
{"type":"Feature","geometry":{"type":"Polygon","coordinates":[[[12.52433207939411,-19.062439359467604],[14.415466341479071,-22.267668165009596],[14.843331369860419,-25.62222329501448],[15.453804048998602,-27.61645928744612],[16.788300547106513,-29.138924039643385],[18.178561243517645,-31.805298246186354],[18.487156900866278,-34.39771691684065],[20.25607207725788,-34.62289086703596],[22.681775125963934,-34.10311547641096],[24.429938349230536,-34.33470193270979],[26.658656153185614,-33.84707299594221],[28.921853098376044,-32.29790917758284],[32.234744104845774,-28.74441758517561],[33.347266230089915,-25.303612149994947],[34.88371947716023,-24.72201577548323],[35.29743102501179,-23.825008786957838],[35.260760340197336,-22.274328626435377],[34.719489671813776,-20.042782596759878],[33.39528638537139,-20.02211158283374],[32.86601850002798,-21.995968993265286],[31.101792215549878,-23.054504763952146],[29.33756593107178,-23.054504763952146],[28.455452788832716,-22.525236878608716],[28.27903016038492,-21.46670110792186],[28.61662685468665,-19.947515983564067],[12.905971244193594,-19.70227026922537],[12.52433207939411,-19.062439359467604]]]},"properties":{"NAME":"Khoiasan","SUBJECTO":"Khoiasan","PARTOF":"Khoiasan"}},
{"type":"Feature","geometry":{"type":"Polygon","coordinates":[[[47.63646532348032,4.096041917326509],[49.04607299278523,6.41633804913225],[50.77938369224812,9.36842020626726],[51.18070510338093,11.777448259550951],[50.69729140709187,11.94795950527849],[49.3035002083614,11.246025644499682],[47.39071181724812,11.159307085234545],[44.28083709190632,10.396465860564135],[43.10357192466999,11.53131254788103],[41.52688195216976,10.279881546371954],[40.190731525570996,10.007197785841594],[39.75203095278518,7.951267816510082],[38.879383970829274,7.854307040737202],[38.605020684873864,6.597308569790442],[35.57782178476831,5.527006069275479],[33.02152049134584,6.864538013373648],[32.34880962465572,9.527647378549165],[32.84695298113419,10.104653994359682],[31.74525482031599,10.248353754466404],[30.78994394212117,11.203664632661223],[30.78671404375713,11.227081395800525],[30.599761371261398,11.115971520296771],[24.074465964367207,11.181973046384048],[23.19994183767005,11.775300538947805],[20.673287450301128,11.956221643123333],[18.627952846500676,10.169490738236744],[15.657358111202049,11.30618068591897],[14.581743588107965,12.67336040874892],[8.26576059714931,12.367349972804174],[2.345904970276228,13.285633546771772],[-4.958210478409045,13.34116223013475],[-4.564519475072117,12.762236639493885],[-5.088514620947635,11.535664647737576],[-7.633633900914433,11.346961264390451],[-9.130762889130196,11.913071414431826],[-9.579901585594925,13.32834678953526],[-8.739644364285152,13.894456939576635],[-13.395529310272655,14.916671886604806],[-13.620296812423263,14.894929813380081],[-13.742191081889743,14.407352735514124],[-14.66141243801944,13.763897786223353],[-16.040244472213956,14.407352735514124],[-16.77209946204876,12.597077928740404],[-14.591384854809991,10.46654852505388],[-13.680051770703546,9.91564520474138],[-12.263942685620538,7.35138853665056],[-9.93726345588421,5.863056265074633],[-9.247899022595636,5.17188414211931],[-7.528605428235284,4.336791597563646],[-4.999971356885187,5.238270841795824],[-3.941593614117853,5.265976034361742],[-2.031221595303766,4.698200784880541],[1.557863506777533,6.237427316862963],[3.949497255785712,6.579388700682543],[5.359488992633966,5.368345627897537],[12.604745687300603,7.731968465838291],[22.224511080969368,6.196195772852339],[33.92968016137751,2.843586349070006],[34.405956738036096,2.490461302647428],[43.41489377502695,2.514787056134711],[44.281409389217814,3.357797510020823],[46.449290647584505,4.080424596143054],[47.63646532348032,4.096041917326509]]]},"properties":{"NAME":"West African cereal farmers","SUBJECTO":"West African cereal farmers","PARTOF":"West African cereal farmers"}},
{"type":"Feature","geometry":{"type":"Polygon","coordinates":[[[-71.03368165476002,46.74621076936823],[-72.32234845443543,46.29511259543804],[-81.93098886565963,48.90187753952613],[-85.03622021806746,49.0940751201903],[-87.78991594567441,49.93094833834401],[-95.56635546846715,49.996303801904524],[-94.23473573369067,46.72103383947717],[-94.11755719209039,39.73169383481236],[-94.11755719209039,35.87563266465669],[-96.40620058272137,35.6463101014922],[-97.13856646772321,34.47135574600093],[-95.8203078747199,32.71453265402474],[-94.11755719209039,31.93047980661485],[-94.11755719209039,29.69269900006508],[-90.65007492591594,29.239488207060717],[-90.43607803870891,29.325677477080248],[-90.09218308021282,29.222343050200365],[-90.29798599769329,29.37374838467302],[-90.07866379310344,29.501367174345873],[-90.10844131995891,30.038699709135912],[-90.43051621009563,30.142039858061693],[-90.16053482581829,30.390046678740404],[-87.77458664466594,30.262803636748217],[-86.38868423988079,30.47271307583513],[-85.3047761588261,29.66390761013689],[-83.88618179847454,30.04834898586931],[-82.6469621329472,28.906501375395678],[-82.4292878775761,27.826148592192553],[-80.59153010156074,28.49188131613878],[-81.51154800941204,30.72724875088396],[-80.58063980628704,32.496783815581225],[-78.38355728675579,33.86835058804216],[-78.25297918136813,33.888361006521144],[-77.96291824866985,33.93281134243669],[-76.62176224281048,34.76295050259294],[-75.72924515296673,35.882125459868334],[-75.66752335120891,37.8981090414113],[-74.15280624915813,39.76523550625505],[-74.29292770911907,40.63159521694841],[-72.85444351722454,41.29373510952654],[-70.3020906119511,41.75944098110857],[-70.86807724525188,42.871425234038256],[-70.21647354652141,43.799621187407396],[-67.16887375404094,44.71121557827654],[-65.71257492591594,43.55995138760271],[-61.032086339490164,45.3788333761281],[-64.53479477454876,46.271659456450365],[-65.21308609534954,48.121425234038256],[-66.02990433265423,49.16588171597185],[-69.25392624427532,48.120055757719896],[-71.03368165476002,46.74621076936823]],[[-86.2300562,42.61661005],[-87.224453225,41.634622675],[-87.9083685,43.19183065],[-86.7200657,45.86716155],[-85.38184874999999,46.07483505],[-86.513782,43.68081785],[-86.2300562,42.61661005]],[[-84.35523665,45.673846975],[-83.793586075,46.2570047],[-80.8070809,45.954834575],[-81.807915275,43.3176176],[-83.3855778,44.3126677],[-83.43090175,45.27498137500001],[-84.35523665,45.673846975]],[[-92.239518,46.64635425],[-89.5166857,48.003690725],[-88.09495135,49.0046085],[-86.38397137499999,48.7253306],[-85.026610175,47.939546825],[-84.442197375,46.817028875],[-87.27262622500001,46.51189025],[-87.76048219999998,46.8639025],[-90.831846925,46.94397755],[-92.239518,46.64635425]]]},"properties":{"NAME":"Eastern North Amercian hunter-gatherers","SUBJECTO":"Eastern North Amercian hunter-gatherers","PARTOF":"Eastern North Amercian hunter-gatherers"}},
{"type":"Feature","geometry":{"type":"Polygon","coordinates":[[[-2.010361521016347,47.745650369834415],[-1.999109269065851,48.67695685862887],[-4.761963334473389,48.55200155825977],[-4.350201573761719,48.390506349519534],[-4.388901677521485,48.298438631013674],[-4.350984063538331,48.204566560701174],[-4.312866177948731,48.10133322329883],[-4.390935388001221,47.94184836001758],[-2.465543475540894,47.49438437075977],[-2.010361521016347,47.745650369834415]]]},"properties":{"NAME":"Britany","SUBJECTO":"Britany","PARTOF":"Britany"}},
{"type":"Feature","geometry":{"type":"Polygon","coordinates":[[[34.719489671813776,-20.042782596759878],[37.27531722496296,-17.713161863129713],[39.471255335314524,-16.717016614716627],[40.38579848716999,-15.73632661227522],[40.848616632921946,-14.578646100800611],[40.40044310997273,-11.230388082306959],[39.24819753258153,-11.144871908746616],[38.23752179298391,-9.291966386150964],[37.732183923185076,-4.575479601362019],[39.41664348918111,-1.375006425969531],[43.41489377502695,2.514787056134711],[34.405956738036096,2.490461302647428],[33.92968016137751,2.843586349070006],[22.224511080969368,6.196195772852339],[12.604745687300603,7.731968465838291],[5.359488992633966,5.368345627897537],[5.606589827044257,4.632113062102221],[6.844479593737372,4.291642271239184],[8.874658617480048,4.620119177061937],[9.923090013964423,2.824045501906298],[9.202508005602606,-0.634416438382246],[8.815209421618231,-0.895802534859754],[9.656445536120184,-2.419099487107374],[11.772603067858466,-4.536981023591139],[12.371690783007391,-6.257806695740797],[13.387093576891669,-8.15567819003401],[13.203851732714423,-9.636731542389967],[13.816288980944403,-10.976270116608717],[13.649036440356024,-12.196759618561842],[12.585389170153388,-13.463659681122877],[11.782002481920966,-15.867509282868483],[11.774609598620184,-17.59605256442366],[12.52433207939411,-19.062439359467604],[12.905971244193594,-19.70227026922537],[28.61662685468665,-19.947515983564067],[28.63187541728054,-19.87889745189157],[29.6904111879674,-18.820361681204712],[32.68959587158015,-18.643939052756906],[33.39528638537139,-20.02211158283374],[34.719489671813776,-20.042782596759878]]]},"properties":{"NAME":"Bantou","SUBJECTO":"Bantou","PARTOF":"Bantou"}},
{"type":"Feature","geometry":{"type":"Polygon","coordinates":[[[-80.59153010156074,28.49188131613878],[-82.4292878775761,27.826148592192553],[-82.31009384681438,26.82493170376482],[-81.09792038490032,25.125047289091967],[-80.31409927894329,25.243880830962084],[-80.04998489906048,26.551089845854662],[-80.59153010156074,28.49188131613878]]]},"properties":{"NAME":"Caloosahatchee cultureure","SUBJECTO":"Caloosahatchee cultureure","PARTOF":"Caloosahatchee cultureure"}},
{"type":"Feature","geometry":{"type":"Polygon","coordinates":[[[13.065952333910712,38.0669322835988],[15.027343782885321,36.745116792876146],[15.453687700732,38.16741522427263],[13.809530291064032,37.966415010649584],[13.627963098986395,38.02980764980974],[13.065952333910712,38.0669322835988]]]},"properties":{"NAME":"Emirate of Sicily","SUBJECTO":"Emirate of Sicily","PARTOF":"Emirate of Sicily"}},
{"type":"Feature","geometry":{"type":"Polygon","coordinates":[[[90.88617232750202,75.60154303188982],[90,75.60154303188982],[90.03131392906452,75.55852850552263],[90.88617232750202,75.60154303188982]]]},"properties":{"NAME":null,"SUBJECTO":null,"PARTOF":null}},
{"type":"Feature","geometry":{"type":"Polygon","coordinates":[[[54.66363051841999,73.4719959127492],[56.96043685386921,73.35708960171404],[60.88701919029499,75.24749334927263],[66.54819014976765,75.97989233608904],[65.9260588021114,76.50735815640154],[59.01763060997273,75.79893072720232],[54.01755050133015,73.73358496304216],[54.66363051841999,73.4719959127492]]]},"properties":{"NAME":null,"SUBJECTO":null,"PARTOF":null}},
{"type":"Feature","geometry":{"type":"Polygon","coordinates":[[[55.18068984459187,73.26649817104997],[51.482134851916086,71.8446765768117],[55.72066405723835,71.64242132778826],[55.18068984459187,73.26649817104997]]]},"properties":{"NAME":null,"SUBJECTO":null,"PARTOF":null}},
{"type":"Feature","geometry":{"type":"Polygon","coordinates":[[[30.040464598661448,61.12303217968336],[30.227236874468524,61.48110136391141],[29.018890834539626,61.77074313018303],[21.225993499342607,62.4179537846397],[21.560151133044016,60.51248510952654],[23.664656671984446,59.83555182095232],[28.53752375822092,60.57446140152255],[30.040464598661448,61.12303217968336]]]},"properties":{"NAME":"Suomi","SUBJECTO":"Suom","PARTOF":"Suomi"}},
{"type":"Feature","geometry":{"type":"Polygon","coordinates":[[[30.040464598661448,61.12303217968336],[28.53752375822092,60.57446140152255],[29.995443754341427,59.94159990566773],[31.006570010003042,60.18704439613204],[30.040464598661448,61.12303217968336]]]},"properties":{"NAME":"Chuds","SUBJECTO":"Chuds","PARTOF":"Chuds"}},
{"type":"Feature","geometry":{"type":"Polygon","coordinates":[[[35.29283191796468,61.41979295293436],[36.407411096494556,61.31173342729653],[41.23911572686134,59.88481241972218],[48.60792522187434,57.7086220534561],[53.97646398874319,57.7086220534561],[55.70905991815804,57.19766715162802],[59.09429166962169,56.4318399506882],[62.80579411405116,56.95520024672745],[75.85638492783956,61.42677903286463],[98.45947004862771,69.79094730127832],[105.40307092131953,72.748726095192],[113.62504867027546,75.27267035122576],[113.53300765465046,76.0936542379445],[108.24447158287312,76.64641913052263],[103.39330581138874,77.5577884542531],[99.46723464439656,75.96692236538591],[94.69433883140827,76.18358191128435],[90.88617232750202,75.60154303188982],[90.03131392906452,75.55852850552263],[86.95832351158406,74.78206213589372],[87.69079116295124,73.90001257534685],[80.46401503990437,73.31357916470232],[79.22255996177937,72.2712894308156],[73.21685317466999,71.45773657437029],[74.24957564781452,70.5729480611867],[73.91452315758015,69.15427740688982],[74.74171737144734,67.68622168179216],[72.20881179283406,66.17345770474138],[70.83993056724812,66.55140265103044],[72.83769515465046,67.64564856167497],[72.67970565269734,70.823512636382],[71.79755691002156,71.43180426235857],[72.7139997811153,72.76958807583513],[69.34311202476765,72.83426245327654],[66.81797316978718,71.10538061733904],[67.42175582359577,70.22343023892107],[66.58425429771687,68.88553961392107],[62.2812719673946,69.7051273214406],[57.02422622154499,68.44890936489763],[53.889117273791086,68.78699835415544],[48.08066085289265,67.56245764370622],[45.8634367317989,68.3833499776906],[43.8221655220821,68.3273197042531],[44.383608850939524,66.61201819058122],[39.9513273567989,65.58116491909685],[39.19344237755085,64.5110355245656],[36.88390639732624,65.0676990377492],[35.81679017081891,64.22566772716998],[32.50469510305382,61.10369722772446],[32.6294669702271,60.96228932119715],[35.29283191796468,61.41979295293436]]]},"properties":{"NAME":"Finno-Ugric taiga hunter-gatherers","SUBJECTO":"Finno-Ugric taiga hunter-gatherers","PARTOF":"Finno-Ugric taiga hunter-gatherers"}},
{"type":"Feature","geometry":{"type":"Polygon","coordinates":[[[23.525993247131186,56.884039834294704],[21.677331003649485,57.46365698452654],[20.919519468945918,56.13669941147423],[23.525993247131186,56.884039834294704]]]},"properties":{"NAME":"Kurs","SUBJECTO":"Kurs","PARTOF":"Kurs"}},
{"type":"Feature","geometry":{"type":"Polygon","coordinates":[[[13.43473455620156,54.0310937961782],[11.407822641833079,53.8592906820363],[10.141728434069407,54.33675345059099],[10.204586701819792,53.69843999044201],[10.571426079046589,53.046281097594346],[11.753464072332989,52.842481443579445],[11.671944210727034,52.3533622739437],[13.60711570693274,52.31603148843025],[13.43473455620156,54.0310937961782]]]},"properties":{"NAME":"Pomerania","SUBJECTO":"Pomerania","PARTOF":"Pomerania"}},
{"type":"Feature","geometry":{"type":"Polygon","coordinates":[[[-4.153334,53.225555],[-4.276945,53.398331],[-4.5675,53.273331],[-4.351389,53.124443],[-4.153334,53.225555]]]},"properties":{"NAME":null,"SUBJECTO":null,"PARTOF":null}},
{"type":"Feature","geometry":{"type":"Polygon","coordinates":[[[-5.103612,55.438606],[-5.154723,55.673332],[-5.400278,55.600555],[-5.103612,55.438606]]]},"properties":{"NAME":null,"SUBJECTO":null,"PARTOF":null}},
{"type":"Feature","geometry":{"type":"Polygon","coordinates":[[[-6.121667,55.878883],[-6.3275,55.589439],[-6.024723,55.68083200000012],[-6.121667,55.878883]]]},"properties":{"NAME":null,"SUBJECTO":null,"PARTOF":null}},
{"type":"Feature","geometry":{"type":"Polygon","coordinates":[[[-5.946945,55.829994],[-5.746112,56.06360600000011],[-5.968056,56.023605],[-6.078889,55.905548],[-5.946945,55.829994]]]},"properties":{"NAME":null,"SUBJECTO":null,"PARTOF":null}},
{"type":"Feature","geometry":{"type":"Polygon","coordinates":[[[-7.466945,56.940826],[-7.376112,56.978607],[-7.445556,57.05555],[-7.553612,56.966385],[-7.466945,56.940826]]]},"properties":{"NAME":null,"SUBJECTO":null,"PARTOF":null}},
{"type":"Feature","geometry":{"type":"Polygon","coordinates":[[[-7.223056,57.337494],[-7.425,57.382217],[-7.38139,57.108604],[-7.230278,57.09471900000011],[-7.223056,57.337494]]]},"properties":{"NAME":null,"SUBJECTO":null,"PARTOF":null}},
{"type":"Feature","geometry":{"type":"Polygon","coordinates":[[[-7.268889,57.39888800000011],[-7.204722,57.460831],[-7.351111,57.489441],[-7.388056,57.423882],[-7.268889,57.39888800000011]]]},"properties":{"NAME":null,"SUBJECTO":null,"PARTOF":null}},
{"type":"Feature","geometry":{"type":"Polygon","coordinates":[[[-7.188612,57.68721800000014],[-7.476945,57.562492],[-7.15389,57.509438],[-7.188612,57.68721800000014]]]},"properties":{"NAME":null,"SUBJECTO":null,"PARTOF":null}},
{"type":"Feature","geometry":{"type":"Polygon","coordinates":[[[-7.00639,57.881386000000134],[-6.993611,57.91861],[-7.073611,57.896111],[-7.00639,57.881386000000134]]]},"properties":{"NAME":null,"SUBJECTO":null,"PARTOF":null}},
{"type":"Feature","geometry":{"type":"Polygon","coordinates":[[[-6.802222,58.203049],[-6.794445,58.218048],[-6.854167,58.25],[-6.873056,58.206383],[-6.802222,58.203049]]]},"properties":{"NAME":null,"SUBJECTO":null,"PARTOF":null}},
{"type":"Feature","geometry":{"type":"Polygon","coordinates":[[[-6.204167,58.35611],[-7.031945,58.238052],[-6.473889,57.940277],[-6.204167,58.35611]]]},"properties":{"NAME":null,"SUBJECTO":null,"PARTOF":null}},
{"type":"Feature","geometry":{"type":"Polygon","coordinates":[[[-2.918334,58.731941],[-2.876667,58.820274],[-3.036945,58.818054],[-2.918334,58.731941]]]},"properties":{"NAME":null,"SUBJECTO":null,"PARTOF":null}},
{"type":"Feature","geometry":{"type":"Polygon","coordinates":[[[-3.231389,58.775551],[-3.136389,58.804161],[-3.335556,58.927498],[-3.431111,58.871384],[-3.231389,58.775551]]]},"properties":{"NAME":null,"SUBJECTO":null,"PARTOF":null}},
{"type":"Feature","geometry":{"type":"Polygon","coordinates":[[[-2.793056,58.951385],[-3.076945,59.121666],[-3.195,58.91111000000012],[-2.793056,58.951385]]]},"properties":{"NAME":null,"SUBJECTO":null,"PARTOF":null}},
{"type":"Feature","geometry":{"type":"Polygon","coordinates":[[[-2.681389,59.195831],[-2.620556,59.236107],[-2.495556,59.244995],[-2.414444,59.313606],[-2.592778,59.29055],[-2.681389,59.195831]]]},"properties":{"NAME":null,"SUBJECTO":null,"PARTOF":null}},
{"type":"Feature","geometry":{"type":"Polygon","coordinates":[[[-2.89,59.29527300000012],[-3.048889,59.329163],[-3.003334,59.263611],[-2.971945,59.287216],[-2.89,59.29527300000012]]]},"properties":{"NAME":null,"SUBJECTO":null,"PARTOF":null}},
{"type":"Feature","geometry":{"type":"Polygon","coordinates":[[[-1.296111,60.491104],[-1.320278,60.356384],[-1.655,60.226105],[-1.126111,60.151665],[-1.041389,60.446938],[-1.296111,60.491104]]]},"properties":{"NAME":null,"SUBJECTO":null,"PARTOF":null}},
{"type":"Feature","geometry":{"type":"Polygon","coordinates":[[[-1.029444,60.495827],[-0.991111,60.719994],[-1.177222,60.63666500000011],[-1.029444,60.495827]]]},"properties":{"NAME":null,"SUBJECTO":null,"PARTOF":null}},
{"type":"Feature","geometry":{"type":"Polygon","coordinates":[[[-0.819722,60.68888900000013],[-0.767778,60.82888800000012],[-0.938889,60.79444100000012],[-0.965556,60.688049],[-0.819722,60.68888900000013]]]},"properties":{"NAME":null,"SUBJECTO":null,"PARTOF":null}},
{"type":"Feature","geometry":{"type":"Polygon","coordinates":[[[-6.706944,61.937492000000134],[-6.718889,62.02861],[-7.192223,62.3077770000001],[-7.232223,62.172493],[-6.706944,61.937492000000134]]]},"properties":{"NAME":null,"SUBJECTO":null,"PARTOF":null}},
{"type":"Feature","geometry":{"type":"Polygon","coordinates":[[[-4.777779,54.05555],[-4.394444,54.186386],[-4.5275,54.367218],[-4.777779,54.05555]]]},"properties":{"NAME":null,"SUBJECTO":null,"PARTOF":null}},
{"type":"Feature","geometry":{"type":"Polygon","coordinates":[[[129.715515,28.451107],[129.157745,28.234993],[129.368561,28.116108],[129.715515,28.451107]]]},"properties":{"NAME":null,"SUBJECTO":null,"PARTOF":null}},
{"type":"Feature","geometry":{"type":"Polygon","coordinates":[[[129.963013,29.957218000000125],[129.94165,30],[129.92358400000012,29.983883],[129.963013,29.957218000000125]]]},"properties":{"NAME":null,"SUBJECTO":null,"PARTOF":null}},
{"type":"Feature","geometry":{"type":"Polygon","coordinates":[[[129.89636200000018,29.87416500000012],[129.877167,29.83083],[129.923309,29.824997],[129.89636200000018,29.87416500000012]]]},"properties":{"NAME":null,"SUBJECTO":null,"PARTOF":null}},
{"type":"Feature","geometry":{"type":"Polygon","coordinates":[[[130.906097,30.354717000000107],[131.074402,30.689163],[130.945251,30.683331000000123],[130.906097,30.354717000000107]]]},"properties":{"NAME":null,"SUBJECTO":null,"PARTOF":null}},
{"type":"Feature","geometry":{"type":"Polygon","coordinates":[[[130.558594,30.236382000000106],[130.671906,30.373329000000126],[130.510803,30.458885000000123],[130.387207,30.397217],[130.558594,30.236382000000106]]]},"properties":{"NAME":null,"SUBJECTO":null,"PARTOF":null}},
{"type":"Feature","geometry":{"type":"Polygon","coordinates":[[[121.734711,25.138885],[121.00166300000012,25.001663],[120.11554,23.631386],[120.878593,22.341385000000116],[121.839706,24.476383000000112],[121.734711,25.138885]]]},"properties":{"NAME":null,"SUBJECTO":null,"PARTOF":null}},
{"type":"Feature","geometry":{"type":"Polygon","coordinates":[[[128.900818,32.643051],[128.649414,32.777771],[128.610229,32.61166400000013],[128.900818,32.643051]]]},"properties":{"NAME":null,"SUBJECTO":null,"PARTOF":null}},
{"type":"Feature","geometry":{"type":"Polygon","coordinates":[[[128.532471,38.330551],[128.279694,38.43027500000011],[128.260529,38.411659],[128.2435610000001,38.395271],[128.150818,38.335266000000104],[128.01052900000013,38.30555],[127.133881,38.29916400000013],[126.54749300000015,37.647217],[126.766098,37.231934],[126.658867,37.248604000000114],[126.660812,37.161934],[126.661102,37.156097],[126.723038,37.131660000000124],[126.738586,37.14888],[126.75943,37.168884],[126.769989,37.174164],[126.869141,37.176384],[126.85942100000011,37.138885],[126.77304100000015,37.118599],[126.754173,37.054161000000136],[126.752777,37.04860700000012],[126.756104,37.044441],[126.865807,36.950546],[126.921654,36.916939],[126.99220300000013,36.91082],[126.846367,36.752495000000124],[126.823318,36.913879],[126.781097,36.963608],[126.76138300000014,36.969986],[126.499153,37.049721],[126.44914200000017,36.99137900000011],[126.33499100000017,36.9855500000001],[126.344994,36.95665700000012],[126.352768,36.948875],[126.38304100000016,36.929436],[126.32083100000011,36.8780440000001],[126.32166300000017,36.884438],[126.308868,36.942215],[126.304428,36.962212],[126.286102,36.959991],[126.184418,36.878326],[126.19166600000017,36.819885],[126.12359600000013,36.70916000000011],[126.49720800000011,36.72387700000013],[126.544418,36.136406],[126.75193800000011,35.778328],[126.479431,35.639992],[126.371368,34.789162],[126.620247,34.624161],[126.463318,34.484718],[126.478317,34.345268],[126.524986,34.316101],[126.556374,34.300545],[126.60027300000013,34.30027],[126.683868,34.434433000000126],[126.772491,34.582771],[126.800812,34.46305100000012],[126.81694,34.44249],[126.889427,34.412491],[126.896942,34.449158],[126.98552700000016,34.526382],[126.989433,34.537773],[127.00972000000013,34.602219],[127.21666000000016,34.707497],[127.27388,34.727486],[127.328598,34.74305],[127.352768,34.692764],[127.242203,34.569443],[127.315262,34.443604],[127.554153,34.656097],[128.451904,34.845543],[129.136932,35.11221300000011],[129.43942300000015,35.475822],[129.342468,37.257217],[128.532471,38.330551]]]},"properties":{"NAME":null,"SUBJECTO":null,"PARTOF":null}},
{"type":"Feature","geometry":{"type":"Polygon","coordinates":[[[123.870819,24.252499],[123.92192100000011,24.371109],[123.767212,24.41444],[123.678864,24.316109],[123.870819,24.252499]]]},"properties":{"NAME":null,"SUBJECTO":null,"PARTOF":null}},
{"type":"Feature","geometry":{"type":"Polygon","coordinates":[[[125.356369,24.776665],[125.261932,24.878883],[125.252213,24.737774],[125.356369,24.776665]]]},"properties":{"NAME":null,"SUBJECTO":null,"PARTOF":null}},
{"type":"Feature","geometry":{"type":"Polygon","coordinates":[[[124.26165800000012,24.457497],[124.077766,24.419994],[124.121918,24.344997],[124.22971300000017,24.338329],[124.26165800000012,24.457497]]]},"properties":{"NAME":null,"SUBJECTO":null,"PARTOF":null}},
{"type":"Feature","geometry":{"type":"Polygon","coordinates":[[[128.252777,26.63888500000013],[128.247192,26.839996],[127.958878,26.544441],[128.252777,26.63888500000013]]]},"properties":{"NAME":null,"SUBJECTO":null,"PARTOF":null}},
{"type":"Feature","geometry":{"type":"Polygon","coordinates":[[[126.76193200000012,26.38694],[126.701927,26.348606],[126.781097,26.29833200000013],[126.8099820000001,26.346943],[126.76193200000012,26.38694]]]},"properties":{"NAME":null,"SUBJECTO":null,"PARTOF":null}},
{"type":"Feature","geometry":{"type":"Polygon","coordinates":[[[128.95108,27.67582700000014],[129.029968,27.774441000000138],[128.89886500000011,27.89777400000014],[128.89721700000018,27.725826],[128.95108,27.67582700000014]]]},"properties":{"NAME":null,"SUBJECTO":null,"PARTOF":null}},
{"type":"Feature","geometry":{"type":"Polygon","coordinates":[[[128.609131,27.358887],[128.69635000000017,27.4486050000001],[128.52359000000013,27.413609],[128.609131,27.358887]]]},"properties":{"NAME":null,"SUBJECTO":null,"PARTOF":null}},
{"type":"Feature","geometry":{"type":"Polygon","coordinates":[[[129.992188,28.281666],[130.0324710000001,28.35305],[129.943024,28.32222],[129.992188,28.281666]]]},"properties":{"NAME":null,"SUBJECTO":null,"PARTOF":null}},
{"type":"Feature","geometry":{"type":"Polygon","coordinates":[[[129.33609000000013,28.075275],[129.3402400000001,28.110828],[129.223846,28.183605],[129.219116,28.097775],[129.33609000000013,28.075275]]]},"properties":{"NAME":null,"SUBJECTO":null,"PARTOF":null}},
{"type":"Feature","geometry":{"type":"Polygon","coordinates":[[[129.733032,29.609718],[129.75332600000013,29.64777400000014],[129.70968600000015,29.651661],[129.733032,29.609718]]]},"properties":{"NAME":null,"SUBJECTO":null,"PARTOF":null}},
{"type":"Feature","geometry":{"type":"Polygon","coordinates":[[[61.634183704881025,47.20904720790691],[69.6576365265519,42.79156925207047],[73.57440763825377,45.86353774491871],[74.83788219041568,46.3889390564459],[79.13369566776612,46.64976100650964],[99.86873506800536,48.608881273167626],[98.38454408182852,55.51880503133128],[93.70004066679506,56.48455609390737],[78.36223290626025,56.41019430623805],[65.31164209247186,55.04663307077481],[59.09429166962169,56.4318399506882],[55.70905991815804,57.19766715162802],[55.06188193288802,51.14984849060609],[55.754296579451,51.08424778868504],[61.95933869049523,48.88136314819538],[61.634183704881025,47.20904720790691]]]},"properties":{"NAME":"Kimek-Kipchak khaganate","SUBJECTO":"Kimek-Kipchak khaganate","PARTOF":"Kimek-Kipchak khaganate"}},
{"type":"Feature","geometry":{"type":"MultiPolygon","coordinates":[[[[27.72253325889851,42.316215120512865],[27.494702372057688,42.40090139980974],[23.730686077916616,42.175355571571515],[23.26716444658213,42.048940581207574],[22.49206641624714,40.498290621001146],[22.701254877550852,40.57744940396013],[22.769967112047922,40.66717108364763],[22.851946863634836,40.65133627529802],[22.748055490954172,40.482467256743334],[22.960160288317454,40.31470831509294],[23.595772776110422,40.19231756802263],[23.88595298240925,40.732894502837084],[25.992875132067454,40.85245855923357],[26.61357215355183,40.39804037686052],[27.47416976402546,40.96283300991716],[28.82780745933796,40.914699159819506],[27.72253325889851,42.316215120512865]]],[[[41.51625822046989,41.46200694552765],[40.36101439903523,40.96344336147966],[38.65118316124226,40.921569429594896],[36.38289550255085,41.23751791592302],[35.95779326866413,41.68564566250505],[33.55554107139851,41.982501589018725],[30.74480536888386,41.04032477017107],[26.127575907213938,39.878558717924975],[26.707943949206125,39.182128511626146],[27.16040709923054,37.36008032437029],[30.47283271263386,36.18825491543474],[31.370690378649485,36.71234472866716],[33.171336206896555,35.97088202114763],[34.4851293892696,36.62678106899919],[35.70863250206257,36.21223410244646],[35.85191634605671,34.492946230132006],[37.026331897552225,35.74992757468766],[37.59419668782927,37.16089428713502],[41.00740142765578,38.34076753053185],[41.808029699960755,38.67787417150237],[42.671128696774815,40.65932502760655],[41.51625822046989,41.46200694552765]]],[[[22.813431772692454,39.602740846831225],[22.754473719103586,39.81834753628435],[22.695097956164133,39.83448370571794],[21.58163124172954,39.68919409441392],[20.090828928454172,39.602531038481615],[20.211808237536204,39.404925905424975],[20.677752527697336,39.08042486782732],[21.17240432213093,38.347838960844896],[21.228430780871165,37.904906831938646],[22.638745340807688,37.49228628750505],[23.55576613853718,38.351764284331225],[23.169491800768625,38.6670413839406],[22.602313074572336,38.8562389242238],[22.871062311632883,39.02434881802263],[22.720257791979563,39.2872691976613],[22.813431772692454,39.602740846831225]]],[[[15.666200670702707,40.09186133022966],[17.08408072899128,40.525111757475756],[15.448605570299875,41.8567272054738],[15.666200670702707,40.09186133022966]]]]},"properties":{"NAME":"Byzantine Empire","SUBJECTO":"Byzantine Empire","PARTOF":"Byzantine Empire"}},
{"type":"Feature","geometry":{"type":"Polygon","coordinates":[[[41.23911572686134,59.88481241972218],[42.17080041598191,56.39902282214345],[40.02833937701965,52.47757448840467],[45.40194318408457,52.06504975849007],[50.86510099928831,51.5474596278338],[55.06188193288802,51.14984849060609],[55.70905991815804,57.19766715162802],[53.97646398874319,57.7086220534561],[48.60792522187434,57.7086220534561],[41.23911572686134,59.88481241972218]]]},"properties":{"NAME":"Volga Bulgars","SUBJECTO":"Volga Bulgars","PARTOF":"Bulgars"}},
{"type":"Feature","geometry":{"type":"Polygon","coordinates":[[[7.81339,47.46217],[8.47501,46.40849],[10.06282,46.47558],[10.65991,47.69365],[9.99117,48.81617],[8.51039,48.72064],[7.81339,47.46217]]]},"properties":{"NAME":"Duchy of Swabia","SUBJECTO":"Holy Roman Empire","PARTOF":"Holy Roman Empire"}},
{"type":"Feature","geometry":{"type":"Polygon","coordinates":[[[13.60711570693274,52.31603148843025],[14.134137326119102,52.408925709401345],[14.679755978926874,50.90924066074824],[18.47847432057335,49.49988824463957],[19.380532145890598,49.803490409222576],[21.7706786242032,49.591705278232865],[24.131951941103054,48.811120856545],[24.348282690453473,51.90500303511092],[24.169444165923593,54.280238884479104],[19.431387729364744,53.38343235164721],[19.117781112019074,54.253722181331696],[18.279448542101633,54.724120699126146],[14.472936663134348,53.87677725430193],[13.43473455620156,54.0310937961782],[13.60711570693274,52.31603148843025]]]},"properties":{"NAME":"Poland","SUBJECTO":"Poland","PARTOF":"Poland"}},
{"type":"Feature","geometry":{"type":"Polygon","coordinates":[[[21.031875840944984,55.61430821955151],[19.117781112019074,54.253722181331696],[19.431387729364744,53.38343235164721],[24.169444165923593,54.280238884479104],[25.197573127585738,54.83114502075262],[21.031875840944984,55.61430821955151]]]},"properties":{"NAME":"Prussians","SUBJECTO":"Prussians","PARTOF":"Prussians"}},
{"type":"Feature","geometry":{"type":"Polygon","coordinates":[[[20.919519468945918,56.13669941147423],[21.031875840944984,55.61430821955151],[25.197573127585738,54.83114502075262],[27.95932683246563,56.31098570186206],[27.713273038097707,58.01056330516736],[27.57017734727372,58.998974119472024],[27.524574479228292,59.3139687058209],[23.41575721214558,59.11896475430193],[24.346499475939524,57.159720979887865],[23.525993247131186,56.884039834294704],[20.919519468945918,56.13669941147423]]]},"properties":{"NAME":"Baltic Tribes","SUBJECTO":"Baltic Tribes","PARTOF":"Baltic Tribes"}},
{"type":"Feature","geometry":{"type":"Polygon","coordinates":[[[23.173607000000118,58.675827],[23.07111,58.588326],[23.227219000000105,58.529716],[23.347218,58.6386030000001],[23.173607000000118,58.675827]]]},"properties":{"NAME":null,"SUBJECTO":null,"PARTOF":null}},
{"type":"Feature","geometry":{"type":"Polygon","coordinates":[[[22.948330000000112,58.844437],[22.575829000000113,59.068604],[22.229439000000127,58.878044],[22.469715,58.703606],[22.948330000000112,58.844437]]]},"properties":{"NAME":null,"SUBJECTO":null,"PARTOF":null}},
{"type":"Feature","geometry":{"type":"Polygon","coordinates":[[[23.206104,58.444992],[22.112495000000138,58.492218],[22.197216,58.137497],[23.206104,58.444992]]]},"properties":{"NAME":null,"SUBJECTO":null,"PARTOF":null}},
{"type":"Feature","geometry":{"type":"Polygon","coordinates":[[[34.293414148791086,65.39624365444841],[35.771746668322336,66.25886877651872],[39.19002822349812,66.03870733853044],[41.25529769371296,66.93697699185076],[40.826052698595774,67.66004522915544],[35.43655303428913,69.15035589810076],[29.72857573936726,69.69756659146013],[28.308413538439524,70.94864996548357],[24.570508036120188,70.7413822042531],[23.20360663841511,69.9427753316945],[20.157650980456125,69.747829042632],[17.009382981781513,67.24776331723984],[14.536054902202025,63.09760264133526],[14.34372061271587,62.94812856407893],[17.868168863756907,62.788619600493334],[20.700659784777415,63.81812628384294],[20.921193155749094,64.71382483120622],[22.64555457542683,65.93478735562029],[25.251507791979563,65.41688879604997],[23.130561750232246,63.78342849447229],[27.231594534992126,63.35447998456054],[30.603998127121553,64.93804540067741],[34.293414148791086,65.39624365444841]]]},"properties":{"NAME":"Samis","SUBJECTO":"Samis","PARTOF":"Samis"}},
{"type":"Feature","geometry":{"type":"Polygon","coordinates":[[[27.170654277631343,47.97257464428307],[29.879924963897498,48.32072246596741],[32.92443605530745,49.355410882130734],[39.3019845997576,51.709020503380565],[39.765641208516065,52.497174703816725],[40.02833937701965,52.47757448840467],[42.17080041598191,56.39902282214345],[41.23911572686134,59.88481241972218],[36.407411096494556,61.31173342729653],[35.29283191796468,61.41979295293436],[32.6294669702271,60.96228932119715],[31.006570010003042,60.18704439613204],[29.995443754341427,59.94159990566773],[27.524574479228292,59.3139687058209],[27.57017734727372,58.998974119472024],[27.713273038097707,58.01056330516736],[27.95932683246563,56.31098570186206],[25.197573127585738,54.83114502075262],[24.169444165923593,54.280238884479104],[24.348282690453473,51.90500303511092],[24.131951941103054,48.811120856545],[27.170654277631343,47.97257464428307]]]},"properties":{"NAME":"Kyivan Rus","SUBJECTO":"Kyivan Rus","PARTOF":"Rus"}},
{"type":"Feature","geometry":{"type":"Polygon","coordinates":[[[14.34372061271587,62.94812856407893],[12.5973816246822,61.02862127896013],[12.422772440417063,60.03877981777849],[12.487895457193432,58.56291949268916],[11.736376187990075,57.69820870971917],[12.318003044479624,57.67959385494633],[14.175412094711518,56.81280296483813],[16.65867904136921,57.442950807768725],[16.744044336779368,58.311950288969896],[19.037323984606516,59.86324270840349],[17.146208796007883,60.95282705898943],[17.868168863756907,62.788619600493334],[14.34372061271587,62.94812856407893]]]},"properties":{"NAME":"Sweden","SUBJECTO":"Sweden","PARTOF":"Sweden"}},
{"type":"Feature","geometry":{"type":"Polygon","coordinates":[[[42.671128696774815,40.65932502760655],[44.552020482529834,40.93591683267785],[44.78217985176953,41.303064862239324],[44.811470027098224,41.34978827042802],[44.89118164269644,41.32922529206178],[45.43192609039387,41.45900395950916],[45.97921541387585,42.42427711087371],[42.47840255284036,43.13324743801728],[41.39004381416987,43.334450124362114],[41.51625822046989,41.46200694552765],[42.671128696774815,40.65932502760655]]]},"properties":{"NAME":"Kingdom of Georgia","SUBJECTO":"Kingdom of Georgia","PARTOF":"Kingdom of Georgia"}},
{"type":"Feature","geometry":{"type":"Polygon","coordinates":[[[46.8157837811249,40.87789817177294],[46.858675192452104,40.447913774425594],[48.37319249040053,39.96656083940032],[46.87250876036927,40.856049546977154],[46.8157837811249,40.87789817177294]]]},"properties":{"NAME":"Arran","SUBJECTO":"Arran","PARTOF":"Arran"}},
{"type":"Feature","geometry":{"type":"Polygon","coordinates":[[[49.658504770637414,40.659019180286904],[47.849258060544926,41.17912009668831],[46.87250876036927,40.856049546977154],[48.37319249040053,39.96656083940032],[49.445635828478586,39.655257784087084],[49.658504770637414,40.659019180286904]]]},"properties":{"NAME":"Shirvan","SUBJECTO":"Shirvan","PARTOF":"Shirvan"}},
{"type":"Feature","geometry":{"type":"MultiPolygon","coordinates":[[[[29.879924963897498,48.32072246596741],[27.170654277631343,47.97257464428307],[27.62766255798236,46.92798428919508],[27.61532130563534,46.90021647141428],[28.931750446802884,47.15814547755882],[29.637080086823826,47.29634127356918],[29.879924963897498,48.32072246596741]]],[[[45.97921541387585,42.42427711087371],[47.09913950026506,42.964233332008874],[46.06416612336488,43.968912347501686],[42.40003004178486,44.30604478525667],[42.47840255284036,43.13324743801728],[45.97921541387585,42.42427711087371]]]]},"properties":{"NAME":"Alans","SUBJECTO":"","PARTOF":""}},
{"type":"Feature","geometry":{"type":"Polygon","coordinates":[[[48.2217016548946,42.27936895962419],[47.56529525230671,43.84395559902849],[46.84594634483601,44.446410738188646],[47.67319777916218,45.75023230190935],[45.088147460011804,48.121776437819385],[41.84685680157885,48.475061922671415],[39.20202990719807,47.22776380063948],[39.282359156115305,47.07403143521013],[38.40109160850788,46.7213512289113],[37.89264357824039,45.835963238864416],[38.26882228939438,44.42664604807007],[39.737947346721874,43.634036209076456],[41.39004381416987,43.334450124362114],[42.47840255284036,43.13324743801728],[42.40003004178486,44.30604478525667],[46.06416612336488,43.968912347501686],[47.09913950026506,42.964233332008874],[45.97921541387585,42.42427711087371],[45.43192609039387,41.45900395950916],[46.14827770245621,39.68919409441392],[46.858675192452104,40.447913774425594],[46.8157837811249,40.87789817177294],[46.872508760369264,40.856049546977154],[46.73821432415464,41.71183394023706],[48.2217016548946,42.27936895962419]]]},"properties":{"NAME":"Khazars","SUBJECTO":"Khazars","PARTOF":"Khazars"}},
{"type":"Feature","geometry":{"type":"Polygon","coordinates":[[[16.81725,44.8202],[16.63981,43.38974],[19.52026,41.78279],[18.89974,42.48164],[18.88873,44.47077],[16.81725,44.8202]]]},"properties":{"NAME":"Serbia","SUBJECTO":"Serbia","PARTOF":"Serbia"}},
{"type":"Feature","geometry":{"type":"Polygon","coordinates":[[[98.38454408182852,55.51880503133128],[99.86873506800536,48.608881273167626],[79.13369566776612,46.64976100650964],[74.83788219041568,46.3889390564459],[73.57440763825377,45.86353774491871],[69.6576365265519,42.79156925207047],[61.634183704881025,47.20904720790691],[61.50034390503692,46.52069106813709],[61.23913333123519,45.17724986112193],[61.72735953274841,44.933769350611186],[61.15253719696396,44.73187426451043],[60.84798786463656,43.165535977882996],[54.20581771422468,41.463664384549],[54.35875609825398,41.38719519253435],[54.751448664171946,41.13817175503435],[54.81849578331257,40.879569612700365],[53.257300409777415,40.764632784087084],[52.84545043419148,40.18038138027849],[54.07141784141804,38.89694555874529],[54.06743911216999,36.94152411099138],[54.86755273069271,36.80565052491136],[54.92948627635941,39.15912526024509],[55.4868881873595,39.34492589724512],[63.12148843168218,39.80865414609036],[64.63239470213507,38.838787438622234],[66.52929080320594,38.1161603525],[66.70994757473649,37.21287649484722],[67.8842165896851,36.85156295178611],[72.21038249693608,33.372102743188705],[79.80756351070188,33.057770749644405],[79.89789189646713,34.051382993062475],[79.8331221393948,35.49664067331861],[88.08569429965674,38.14561445315576],[87.67815987198948,38.655032487739845],[88.28946151349034,38.960683308490275],[85.84425494748679,39.57198494999116],[85.1310696990691,40.18328659149205],[85.94613855440362,41.40588987449382],[88.18757790657351,41.40588987449382],[91.3459697209948,42.11907512291151],[96.23638285300184,41.507773481410624],[98.98724023975582,41.81342430216107],[101.43244680575937,41.202122660660194],[103.0625845164284,41.202122660660194],[108.36053207610276,41.507773481410624],[113.82828820536925,43.24673927424578],[120.08357631770362,43.80414118524587],[123.61378842070424,43.989941822245896],[127.57753534337151,44.42347664191263],[131.91288354003893,46.52921719457966],[133.0276873620391,46.52921719457966],[133.70895636437257,45.414413372579475],[133.39928863603922,44.67121082457935],[131.86515334556844,43.29038199063005],[132.95279982994344,42.669540010649584],[134.13894179771688,42.99295385952654],[136.03397658775594,44.39840658779802],[137.720515284045,45.99668081875505],[140.08100417564657,48.50260504360857],[141.1211958260372,53.05163153286638],[140.10245803306844,53.80170401211443],[134.98522475670126,54.853934847075365],[137.22909072349813,55.98272284146013],[142.35776809166217,59.140956484038256],[137.17796706332177,61.33433849362306],[127.80939535096982,61.80384030510338],[116.96157547350965,59.88266776324234],[115.20548227520561,57.386117039726635],[114.0159088408366,59.54672904426065],[107.9615110406255,59.8183896994711],[99.48535412032993,55.65854236961009],[98.38454408182852,55.51880503133128]]]},"properties":{"NAME":null,"SUBJECTO":null,"PARTOF":null}},
{"type":"Feature","geometry":{"type":"Polygon","coordinates":[[[61.23913333123519,45.17724986112193],[61.50034390503692,46.52069106813709],[60.99888748626755,45.92159094381482],[61.23913333123519,45.17724986112193]]]},"properties":{"NAME":"Peshemegs","SUBJECTO":"Peshemegs","PARTOF":"Peshemegs"}},
{"type":"Feature","geometry":{"type":"Polygon","coordinates":[[[8.47501,46.40849],[7.51443,45.38341],[8.34279,44.22019],[9.9093,44.11048],[10.74276,42.85051],[12.64152,41.5311],[14.43918,41.8787],[13.60087,43.5348],[12.34508,44.30104],[11.97067,45.43624],[12.14482,45.76277],[12.64549,45.91514],[13.08086,45.98045],[14.35449,45.32289],[15.42362,45.42966],[15.46982,45.73408],[15.91168,45.63098],[16.12215,45.58187],[16.20913,45.73408],[16.07866,45.88629],[16.20913,46.14722],[16.44832,46.10373],[16.53529,46.36466],[16.29611,46.40815],[16.51355,46.62559],[16.44832,46.7778],[16.44832,46.93001],[16.64402,47.29967],[16.48162,48.19585],[17.35342,48.9631],[17.86985,48.80002],[18.11447,48.85438],[18.22319,48.99028],[18.25037,49.18055],[18.47847,49.49989],[14.67976,50.90924],[14.13414,52.40893],[13.60712,52.31603],[13.58766,52.3126],[11.67194,52.35336],[10.57143,53.04628],[10.20459,53.69844],[10.14173,54.33675],[9.8848,54.2541],[9.73943,54.27591],[9.67401,54.18869],[9.44868,54.18869],[8.88401,54.22945],[4.64101,52.7557],[3.52032,51.57914],[3.82033,50.03945],[5.36113,49.69676],[5.90926,49.20086],[5.90387,49.19577],[5.61162,49.20968],[5.72295,48.95919],[5.87603,49.07052],[6.00128,48.90352],[5.83428,48.77828],[6.0152,48.65303],[5.94562,48.34687],[6.23786,48.29121],[6.25177,47.95721],[7.81339,47.46217],[8.51039,48.72064],[9.99117,48.81617],[10.65991,47.69365],[10.06282,46.47558],[8.47501,46.40849]]]},"properties":{"NAME":"Holy Roman Empire","SUBJECTO":"Holy Roman Empire","PARTOF":"Holy Roman Empire"}},
{"type":"Feature","geometry":{"type":"Polygon","coordinates":[[[30.44365,46.18508],[29.57919,46.6149],[28.93175,47.15815],[27.61532,46.90022],[27.36644,46.34024],[26.51748,45.8178],[23.05631,45.03414],[22.66448,44.64231],[22.07674,44.44639],[19.78508,44.93614],[16.8077,44.93505],[16.81725,44.8202],[18.88873,44.47077],[18.89974,42.48164],[19.52026,41.78279],[19.36907,40.26028],[20.02856,39.81378],[20.09083,39.60253],[21.58163,39.68919],[22.6951,39.83448],[22.55513,39.98665],[22.46736,40.11848],[22.49207,40.49829],[23.26716,42.04894],[23.73069,42.17536],[27.4947,42.4009],[27.50195,42.51635],[27.65404,42.68374],[27.83616,42.73552],[28.03464,43.3919],[28.44569,43.47636],[28.68625,44.48805],[30.44365,46.18508]]]},"properties":{"NAME":"Bulgar Khanate","SUBJECTO":"Bulgar Khanate","PARTOF":"Bulgar Khanate"}},
{"type":"Feature","geometry":{"type":"Polygon","coordinates":[[[-24.21885,65.53374],[-21.9548,65.37805],[-22.37291,63.77319],[-18.64186,63.32382],[-14.8212,64.19503],[-13.6469,65.49534],[-16.92214,65.97755],[-24.21885,65.53374]]]},"properties":{"NAME":"Icelandic Commonwealth","SUBJECTO":"Icelandic Commonwealth","PARTOF":"Icelandic Commonwealth"}},
{"type":"Feature","geometry":{"type":"MultiPolygon","coordinates":[[[[12.73076,57.43194],[12.87158,56.51152],[11.03528,55.6802],[11.74757,55.19166],[14.28635,55.51549],[12.73076,57.43194]]],[[[10.14173,54.33675],[10.06493,54.43389],[9.97801,54.49015],[9.98669,54.59244],[9.52625,55.09027],[10.05868,57.04913],[8.17924,56.66736],[8.88401,54.22945],[9.44868,54.18869],[9.67401,54.18869],[9.73943,54.27591],[9.8848,54.2541],[10.14173,54.33675]]],[[[-26.32942,71.1324],[-23.75374,70.58956],[-21.72596,71.40459],[-25.07296,72.63445],[-24.07642,73.75567],[-20.32959,73.41964],[-19.19355,75.44354],[-21.18268,76.69748],[-18.25338,77.30014],[-20.87883,78.81792],[-14.20195,81.21013],[-22.05288,81.53975],[-22.43236,82.74334],[-26.42075,83.34231],[-29.93602,83.50347],[-30.75719,83.47898],[-31.59369,83.57907],[-32.51317,83.577],[-33.5784,83.48394],[-34.42694,83.40297],[-35.32197,83.46865],[-36.48712,83.51128],[-37.39665,83.47525],[-38.5872,83.38235],[-38.58717,82.82772],[-41.8811,83.26276],[-45.21286,82.96671],[-49.64759,82.47806],[-61.12241,81.79757],[-67.1428,80.56214],[-65.48489,79.15824],[-72.38323,78.52573],[-71.18388,77.25953],[-67.03666,75.93624],[-63.65077,76.37994],[-58.63566,75.79326],[-54.73041,73.0376],[-55.62637,71.73035],[-51.72012,71.58956],[-50.57263,69.86625],[-50.47709,67.4822],[-52.30317,66.90947],[-53.10254,65.87325],[-52.07773,65.37242],[-51.36577,63.72601],[-49.85748,62.96654],[-48.91546,61.42104],[-43.14357,59.81878],[-42.27136,62.19442],[-40.51625,63.78207],[-39.99202,65.53331],[-35.9719,65.84693],[-32.95602,67.64103],[-26.96362,68.5017],[-22.73233,69.77407],[-26.32942,71.1324]]],[[[11.11205,59.16511],[11.22136,58.30832],[11.80189,58.17794],[11.60984,57.80695],[11.73638,57.69821],[12.4879,58.56292],[12.42277,60.03878],[12.59738,61.02862],[13.1549,62.02423],[14.53605,63.0976],[17.00938,67.24776],[17.40691,68.77154],[13.16865,66.45834],[12.11214,65.12992],[9.83211,63.68362],[7.08818,62.9102],[5.14898,61.74088],[5.80576,59.94925],[5.61548,58.45522],[8.15375,58.08955],[11.11205,59.16511]]]]},"properties":{"NAME":"Denmark-Norway","SUBJECTO":"","PARTOF":""}},
{"type":"Feature","geometry":{"type":"Polygon","coordinates":[[[82.91244,20.666],[81.26855,19.82944],[81.36636,19.48058],[78.7369,17.832],[77.65417,16.50198],[77.71674,14.32803],[78.20298,14.81427],[80.45976,15.77315],[82.23458,16.6473],[83.68719,18.08446],[82.91244,20.666]]]},"properties":{"NAME":"Kalinga","SUBJECTO":"Kalinga","PARTOF":"Rajput kingdoms"}},
{"type":"Feature","geometry":{"type":"Polygon","coordinates":[[[81.26855,19.82944],[82.91244,20.666],[84.72676,21.58929],[84.72676,21.90578],[84.81952,23.85354],[83.98476,24.78105],[85.09777,25.8013],[85.93252,25.2448],[87.18715,25.1054],[88.1541,27.31264],[86.40928,27.32968],[84.42849,27.87296],[80.05398,29.98154],[79.80756,30.70923],[79.80756,31.16087],[79.80756,33.05777],[72.21038,33.3721],[71.40381,32.53224],[71.15608,28.87816],[70.28901,27.57755],[68.86453,24.48087],[68.07218,23.67519],[69.66489,22.78916],[69.12606,21.96851],[71.02445,20.65748],[72.70661,21.50432],[75.41139,21.86814],[78.46621,21.50883],[80.97968,20.85983],[81.26855,19.82944]],[[79.85371,27.97039],[76.30908,27.04515],[74.1174,26.54434],[72.62766,28.36655],[77.06013,29.42076],[79.85371,27.97039]]]},"properties":{"NAME":"Rajput kingdoms","SUBJECTO":"Rajput kingdoms","PARTOF":"Rajput kingdoms"}},
{"type":"Feature","geometry":{"type":"Polygon","coordinates":[[[82.91244,20.666],[83.68719,18.08446],[85.37911,19.60537],[84.72676,20.88552],[84.72676,21.58929],[82.91244,20.666]]]},"properties":{"NAME":"Orissa","SUBJECTO":"Orissa","PARTOF":"Rajput kingdoms"}},
{"type":"Feature","geometry":{"type":"Polygon","coordinates":[[[92.45369,20.57339],[93.80979,22.52265],[94.68028,26.52578],[94.1529,27.66846],[91.83027,27.27675],[91.43788,27.28058],[91.37367,22.70312],[92.45369,20.57339]]]},"properties":{"NAME":"Senas","SUBJECTO":"Senas","PARTOF":"Senas"}},
{"type":"Feature","geometry":{"type":"Polygon","coordinates":[[[85.37911,19.60537],[86.11917,19.80654],[87.64072,21.56308],[90,21.93025],[90,22.56096],[91.37367,22.70312],[91.43788,27.28058],[88.1541,27.31264],[87.18715,25.1054],[85.93252,25.2448],[85.09777,25.8013],[83.98476,24.78105],[84.81952,23.85354],[84.72676,21.90578],[84.72676,20.88552],[85.37911,19.60537]]]},"properties":{"NAME":"Palas","SUBJECTO":"Palas","PARTOF":"Palas"}},
{"type":"Feature","geometry":{"type":"Polygon","coordinates":[[[79.80756,30.70923],[79.80756,31.16087],[78.23447,32.309],[77.06013,29.42076],[79.85371,27.97039],[83.82255,25.90984],[84.71226,25.44792],[85.13207,25.22997],[85.93252,25.2448],[87.18715,25.1054],[88.1541,27.31264],[91.43788,27.28058],[91.83027,27.27675],[94.1529,27.66846],[91.83027,27.27675],[86.40928,27.32968],[84.42849,27.87296],[80.05398,29.98154],[79.80756,30.70923]]]},"properties":{"NAME":"Pratiharas","SUBJECTO":"Pratiharas","PARTOF":"Pratiharas"}},
{"type":"Feature","geometry":{"type":"Polygon","coordinates":[[[77.06013,29.42076],[72.62766,28.36655],[74.1174,26.54434],[76.30908,27.04515],[79.85371,27.97039],[77.06013,29.42076]]]},"properties":{"NAME":"Chauhans","SUBJECTO":"Chauhans","PARTOF":"Chauhans"}},
{"type":"Feature","geometry":{"type":"Polygon","coordinates":[[[115.9559,-3.19932],[116.04628,-1.93446],[117.04563,-0.93458],[117.53429,0.61066],[118.51726,1.16563],[117.07398,3.5072],[119.04261,5.16981],[116.59563,6.89909],[114.87785,4.85582],[113.81484,4.26261],[112.75925,3.00859],[111.37183,2.59893],[110.96831,1.22552],[111.26321,0.78979],[112.49911,2.25818],[114.56996,3.50069],[115.32927,3.08652],[116.43373,1.36081],[116.01956,0.18733],[114.63468,-1.65918],[115.9559,-3.19932]]]},"properties":{"NAME":"minor Hindu and Buddhist states","SUBJECTO":"minor Hindu and Buddhist states","PARTOF":"minor Hindu and Buddhist states"}},
{"type":"Feature","geometry":{"type":"Polygon","coordinates":[[[97.64892,18.58962],[97.57958,17.44852],[98.60868,16.22262],[98.68983,14.47031],[101.36419,15.47789],[102.36893,16.8455],[101.15951,17.56649],[101.24289,19.42453],[100.20068,20.24803],[98.09544,19.79759],[97.64892,18.58962]]]},"properties":{"NAME":"Haripunjaya","SUBJECTO":"Haripunjaya","PARTOF":"Haripunjaya"}},
{"type":"Feature","geometry":{"type":"Polygon","coordinates":[[[101.36419,15.47789],[100.90871,13.44734],[100.87163,12.67854],[102.6585,12.06613],[103.03959,10.89797],[104.97853,9.98091],[104.74248,8.49367],[106.48203,9.55212],[106.92988,11.84243],[107.89784,12.5684],[107.46226,14.98828],[106.4515,16.18796],[106.20392,16.05303],[105.39972,16.33098],[104.93303,17.45088],[104.11129,17.99871],[103.05807,17.99871],[102.36893,16.8455],[101.36419,15.47789]]]},"properties":{"NAME":"Khmer Empire","SUBJECTO":"Khmer Empire","PARTOF":"Khmer Empire"}},
{"type":"Feature","geometry":{"type":"Polygon","coordinates":[[[99.88019,8.79466],[99.29846,9.16177],[99.18618,10.4894],[100.23968,13.49037],[100.90871,13.44734],[101.36419,15.47789],[98.68983,14.47031],[99.17334,12.94433],[99.21851,11.33244],[98.81196,9.68916],[98.39557,9.38853],[98.19523,8.32705],[99.88019,8.79466]]]},"properties":{"NAME":"Dvaravati","SUBJECTO":"Dvaravati","PARTOF":"Dvaravati"}},
{"type":"Feature","geometry":{"type":"Polygon","coordinates":[[[102.36893,16.8455],[103.05807,17.99871],[103.78689,20.22182],[101.00764,21.42347],[99.42825,21.66715],[98.58265,25.40088],[101.21896,26.9909],[100.68163,28.69096],[98.63723,27.47874],[96.42759,26.70051],[94.68028,26.52578],[93.80979,22.52265],[92.45369,20.57339],[93.96559,19.19436],[94.2981,22.29632],[95.89522,22.63511],[96.47599,21.76395],[96.69927,19.12427],[97.64892,18.58962],[98.09544,19.79759],[100.20068,20.24803],[101.24289,19.42453],[101.15951,17.56649],[102.36893,16.8455]]]},"properties":{"NAME":null,"SUBJECTO":null,"PARTOF":null}},
{"type":"Feature","geometry":{"type":"Polygon","coordinates":[[[98.39557,9.38853],[98.81196,9.68916],[99.21851,11.33244],[99.17334,12.94433],[98.68983,14.47031],[98.60868,16.22262],[97.57958,17.44852],[97.64892,18.58962],[96.69927,19.12427],[96.47599,21.76395],[95.89522,22.63511],[94.2981,22.29632],[93.96559,19.19436],[94.42046,18.14081],[94.14336,16.21538],[95.32981,15.67793],[96.46925,16.51258],[97.57322,16.44507],[97.82299,14.61601],[98.48592,13.11178],[98.73838,11.43508],[98.39557,9.38853]]]},"properties":{"NAME":"Kingdom of Pagan","SUBJECTO":"Kingdom of Pagan","PARTOF":"Kingdom of Pagan"}},
{"type":"Feature","geometry":{"type":"MultiPolygon","coordinates":[[[[110.96831,1.22552],[109.28237,1.88272],[108.81431,0.80782],[109.17892,-0.86901],[109.94091,-1.64265],[110.10231,-3.07854],[111.33287,-1.36984],[110.70589,-0.60352],[111.26321,0.78979],[110.96831,1.22552]]],[[[109.21701,-7.01438],[106.94509,-6.02598],[106.02417,-6.08072],[105.63347,-6.75524],[106.4837,-7.50336],[108.16023,-7.85564],[109.11535,-7.73875],[109.21701,-7.01438]]],[[[98.19523,8.32705],[99.02451,7.87137],[100.13911,6.17732],[100.66431,3.90375],[101.3364,2.78052],[103.42774,1.38076],[104.17564,1.38874],[103.30776,3.02626],[103.34182,4.80544],[101.55989,6.73953],[100.61492,6.97893],[99.88019,8.79466],[98.19523,8.32705]]],[[[97.59715,2.25138],[98.60055,1.70709],[99.11331,0.22125],[99.69655,-0.15241],[100.81208,-2.33605],[102.46223,-4.18182],[104.56848,-6.07117],[105.72847,-5.82714],[105.94282,-3.21466],[104.35243,-1.88989],[103.23762,-0.65947],[103.72216,0.01518],[102.47178,0.62251],[101.05976,2.08097],[98.1455,4.06985],[97.38407,5.18014],[96.18734,5.14579],[95.64811,4.43286],[97.14706,4.41576],[98.71031,2.85368],[97.59715,2.25138]]]]},"properties":{"NAME":"Srivijaya Empire","SUBJECTO":"Srivijaya Empire","PARTOF":"Srivijaya Empire"}},
{"type":"Feature","geometry":{"type":"Polygon","coordinates":[[[30.44365,46.18508],[31.53773,46.70138],[32.50324,45.4451],[33.51667,45.12351],[34.27148,46.02686],[37.19263,46.89442],[37.42214,47.07688],[39.20203,47.22776],[41.84686,48.47506],[45.08815,48.12178],[48.05073,45.72098],[51.36886,47.09002],[53.18522,46.86523],[52.60974,45.39955],[50.8743,44.62625],[51.17103,43.71807],[52.51982,42.07256],[53.98522,42.10554],[54.02353,41.85651],[54.11931,41.77989],[54.1672,41.48297],[54.20582,41.46366],[60.84799,43.16554],[61.15254,44.73187],[61.10944,44.71674],[60.94361,44.44113],[60.07695,43.60861],[59.50542,43.91408],[58.36731,43.73712],[58.19851,44.51966],[58.81545,45.9312],[60.27051,46.69971],[61.54838,46.76775],[61.63418,47.20905],[61.95934,48.88136],[55.7543,51.08425],[55.06188,51.14985],[50.8651,51.54746],[45.40194,52.06505],[39.76564,52.49717],[39.30198,51.70902],[32.92444,49.35541],[30.445,48.44038],[30.46303,48.39565],[29.87992,48.32072],[28.93175,47.15815],[29.57919,46.6149],[30.44365,46.18508]]]},"properties":{"NAME":"Peshemegs","SUBJECTO":"Peshemegs","PARTOF":"Peshemegs"}},
{"type":"Feature","geometry":{"type":"Polygon","coordinates":[[[178.17554,-18.24167],[178.17053,-17.3425],[177.51025,-17.50945],[177.33331,-18.11945],[178.17554,-18.24167]]]},"properties":{"NAME":"Tuʻi Tonga Empire","SUBJECTO":"Tuʻi Tonga Empire","PARTOF":"Tuʻi Tonga Empire"}}
]}