{"type":"FeatureCollection", "features": [
{"type":"Feature","geometry":{"type":"Polygon","coordinates":[[[-95.468153931033,31.216012334437504],[-95.97238192508706,30.839977898193798],[-95.82107409841741,29.644863567672523],[-95.17430086121617,29.105621625434086],[-94.1415300039375,29.690021120027346],[-92.0171061297012,29.824881587239233],[-91.98128915859135,30.233195057891454],[-92.45987844108333,30.583590782573072],[-94.70753882135823,30.754515526320215],[-95.468153931033,31.216012334437504]]]},"properties":{"NAME":"Atakapa","SUBJECTO":"Atakapa","PARTOF":"Atakapa"}},
{"type":"Feature","geometry":{"type":"Polygon","coordinates":[[[-82.17722794094922,22.365911088899416],[-79.7345475820625,21.671853624299807],[-78.72787949124219,21.61678846927051],[-78.45036026516797,20.969003282502932],[-77.29118057766797,20.70449598880176],[-77.46084305325391,19.87143477054004],[-75.51905533352735,19.907353959993166],[-74.34484573880079,20.32301291079883],[-75.60392471829297,21.013194642976565],[-77.33981796780469,21.51166494937305],[-78.17056747952344,22.120128236726565],[-79.75995346585157,22.75878294558887],[-81.43114944973829,23.136655412629885],[-82.17722794094922,22.365911088899416]]]},"properties":{"NAME":"Cuba (Spain)","SUBJECTO":"Cuba (Spain)","PARTOF":"Cuba (Spain)"}},
{"type":"Feature","geometry":{"type":"Polygon","coordinates":[[[-71.37389847317579,19.83353766055469],[-72.6764650014961,19.39217909427051],[-72.74589249173047,18.508500657991213],[-71.40075394192579,17.704131685212893],[-70.62097641507032,18.506677232698244],[-68.65684982815625,18.8731761798418],[-70.88160416165235,19.929931245759768],[-71.37389847317579,19.83353766055469]]]},"properties":{"NAME":"Hispaniola (Spain)","SUBJECTO":"Hispaniola (Spain)","PARTOF":"Hispaniola (Spain)"}},
{"type":"Feature","geometry":{"type":"MultiPolygon","coordinates":[[[[120.36362746676562,14.530945383027834],[121.00936416110156,13.655685029939455],[121.72879317721484,14.108259759858889],[121.24220565280078,15.307833276704592],[122.3955793710625,17.114329896882815],[122.02781203707812,18.009172044709963],[121.03637221774218,18.527911745027346],[120.39307692965625,18.043792329744143],[120.30344680270312,16.417462907747073],[119.77184585055468,15.469834886506838],[120.36362746676562,14.530945383027834]]],[[[121.87300399264453,10.468407236055178],[122.89682296237109,11.150391183809084],[121.99363997897265,11.758330903962893],[121.87300399264453,10.468407236055178]]],[[[126.0452375741875,6.608192525819582],[126.27187636813281,8.425783716157717],[125.93394759616015,9.17475088687305],[123.46498397311328,7.790728651002688],[124.22405532321093,6.089605890229983],[125.07284835299609,5.722916685060305],[125.28043654879687,6.593827806428713],[126.0452375741875,6.608192525819582]]]]},"properties":{"NAME":null,"SUBJECTO":null,"PARTOF":null}},
{"type":"Feature","geometry":{"type":"Polygon","coordinates":[[[44.67219832858203,-16.23558083920117],[43.971648249236324,-17.552675642057615],[44.47033599337695,-20.17013780026074],[43.5010252328789,-21.49418679623242],[43.37636474093554,-22.63212624935742],[43.8270750375664,-23.412924207731443],[43.67141250094531,-24.226787962003904],[44.425330195037105,-25.31205026058789],[45.576182398406246,-25.621076978727537],[47.25847915133593,-24.765831388517576],[48.087378534880855,-22.04376069454785],[49.34185317477343,-18.227621473356443],[49.42470839938281,-17.197809614225584],[50.50334075411914,-15.314229406400877],[49.8171873422539,-12.830713666959959],[49.176333460417965,-12.266468442960935],[48.75133803805468,-13.417710699125486],[46.92456725558398,-15.360046781583982],[44.67219832858203,-16.23558083920117]],[[48.01471769870798,-17.022773083871385],[48.488183848332966,-20.041119787730583],[47.18615193686429,-23.1186497602929],[45.52902041317688,-23.592115909917876],[45.2922873383644,-22.645183610667928],[46.6535025185362,-17.73297230830884],[47.48206828037989,-16.904406546465143],[48.01471769870798,-17.022773083871385]]]},"properties":{"NAME":"Madagascar","SUBJECTO":"Madagascar","PARTOF":"Madagascar"}},
{"type":"Feature","geometry":{"type":"MultiPolygon","coordinates":[[[[175.3076887460625,-37.32097665218945],[174.2168684335625,-35.33676568417187],[173.16649917086718,-35.420879758878904],[174.76465896090625,-37.29654351620312],[174.6547346445,-38.983257688566404],[173.80480483492968,-39.41970483212109],[175.3535871835625,-40.29998055843945],[176.01143935641406,-41.25534478573437],[177.1565656991875,-39.85422173885937],[178.40819838961718,-38.77115289120312],[177.5283918710625,-38.2042163982832],[175.3076887460625,-37.32097665218945]]],[[[172.06266311129687,-43.92314187435742],[174.2335462900078,-42.0112346783125],[173.26403335055468,-41.54367486385937],[171.45835402926562,-41.99285165218945],[171.02405837496875,-42.886883176847654],[168.41573623141406,-44.220909513517576],[167.13749221285937,-45.19984856991406],[166.52276137789843,-46.232723630949216],[169.39930251559375,-46.70957223324414],[170.61156753024218,-45.946060575529295],[171.37786391696093,-44.337749876066404],[172.06266311129687,-43.92314187435742]]]]},"properties":{"NAME":"Maoris","SUBJECTO":"Maoris","PARTOF":"Maoris"}},
{"type":"Feature","geometry":{"type":"Polygon","coordinates":[[[-7.491503682526368,37.20815619082813],[-6.933383431824463,38.961349092439455],[-6.708704438599366,41.96004446597461],[-8.806055035980958,41.889178834871096],[-8.694069829376954,40.992171846345705],[-9.549007382782715,38.77451666446094],[-8.853651967438477,38.4996410235918],[-8.667059865387696,37.12144049258594],[-7.491503682526368,37.20815619082813]]]},"properties":{"NAME":"Portugal","SUBJECTO":"Portugal","PARTOF":"Portugal"}},
{"type":"Feature","geometry":{"type":"MultiPolygon","coordinates":[[[[121.26308730563281,1.101677857354922],[119.91373733004687,0.539560459569735],[118.68360427340625,-2.901070751234251],[119.461131128875,-3.808197893186765],[119.47684005221484,-5.803768075987058],[120.24806502780078,-5.58600751309033],[120.14419082125781,-3.075864233061033],[121.87277511080859,-4.95966473965283],[122.64091018160937,-4.284319795652586],[122.25816634616015,-3.211096681638914],[121.26491073092578,-2.101103462263303],[122.22288802584765,-1.654172100111204],[121.461131128875,-0.988569356485563],[120.50657180270312,-1.448180831953245],[119.87274459323046,-0.464555867000776],[120.33727553805468,0.356190972045702],[121.26308730563281,1.101677857354922]]],[[[96.11843398532031,3.951094470933718],[96.72036269625781,3.704589210466189],[97.59714797457812,2.251384101823611],[98.60055068453906,1.707089506105227],[99.11331466158984,0.221247725204272],[99.69655135592578,-0.152409575864034],[100.65030196627734,-1.630999959989744],[100.81207564791796,-2.336048044248777],[102.4622297616875,-4.181821741148191],[104.56848433932421,-6.071165479704099],[105.72847274264453,-5.827141679807859],[105.71109298190234,-4.104884065672117],[105.942820582,-3.214655078932005],[104.35242751559375,-1.889892257734495],[104.29766372164843,-1.362546600385862],[103.31132033785937,-0.81817577032681],[101.13645692564624,-1.365649322800451],[100.20241314308922,0.891623151712334],[98.6456735054942,2.759710716826364],[98.6252928110039,3.657878957704348],[97.38407424410937,5.180140577272219],[96.60203078707812,5.07678660006885],[96.11843398532031,3.951094470933718]]],[[[105.93318465670703,-6.025983728452879],[105.6334715219414,-6.755237497373777],[106.48369887789843,-7.503360189481931],[108.1602278085625,-7.855642713590818],[109.03720382174609,-7.720286764188963],[110.77773574313281,-8.320307172819334],[113.07378676852343,-8.347123540922361],[112.27479079684375,-7.026889719053464],[111.04471877535937,-6.851591505094724],[110.02727797946093,-7.044451154752927],[108.55577376803515,-6.920526422544675],[106.94509414157031,-6.025983728452879],[105.93318465670703,-6.025983728452879]]],[[[125.99981978854296,-8.656074918791013],[125.07982161959765,-8.77246705441113],[123.66542342623828,-9.747970022245603],[124.15423873385546,-10.204543508573728],[125.99981978854296,-8.656074918791013]]],[[[127.79976943453906,1.897417865709109],[127.42350295504687,0.981572769597811],[127.63631728610156,-0.307938195749479],[128.54502395114062,1.447870336488528],[127.79976943453906,1.897417865709109]]],[[[108.99905684908984,0.198187835530085],[109.17891982516406,-0.869010366483884],[109.94090560397265,-1.642648614927488],[110.10230544528125,-3.078540958448606],[111.43599227389453,-2.973974622770506],[112.57773116549609,-3.42271725086804],[112.79538253268359,-2.971020854994016],[114.71241286715625,-4.206153310819822],[115.56814101657031,-3.803909935041624],[116.34913161715625,-2.416793264433103],[116.04627517184375,-1.934458293005186],[117.04563430270312,-0.934580959364133],[117.53428939303515,0.610662959531588],[118.5172605844414,1.165625892595095],[117.07397750338671,3.507199846223635],[118.39120772799609,4.374171338990969],[119.04260543307421,5.169805131868166],[116.5956297250664,6.899092756227297],[114.87784865817187,4.855816923097414],[113.81483748873828,4.262612424806399],[112.75924972018359,3.008589826539797],[111.37182906588671,2.598927341417117],[110.81756118258593,1.244261227563662],[109.93203587805812,0.191090314794574],[108.99905684908984,0.198187835530085]]]]},"properties":{"NAME":"Malaysian Islamic states","SUBJECTO":"Malaysian Islamic states","PARTOF":"Malaysian Islamic states"}},
{"type":"Feature","geometry":{"type":"Polygon","coordinates":[[[-26.78747841397168,71.55832251162892],[-23.753737416657227,70.58956488223438],[-21.72596260586621,71.40459021182423],[-25.072955098541993,72.63444861026173],[-24.076420751007813,73.75567205996876],[-20.329588857086915,73.41964300723438],[-19.193547215851563,75.44353827090626],[-21.182682958039063,76.69747503848438],[-18.253375020416993,77.30013617129688],[-20.77668282070996,77.96861609073048],[-20.878828969391602,78.81792028994923],[-14.201948132904786,81.21013220401173],[-22.05288025418164,81.53975256533985],[-22.432360616120118,82.74334295840626],[-32.513173070343754,83.57699926944142],[-49.64758774319532,82.47806128116017],[-61.12241455593946,81.79757269473438],[-61.111805882843754,81.18244513125782],[-67.14280411282422,80.56214483828907],[-64.62318131008985,79.94921454043751],[-65.48489090481641,79.15823706241017],[-72.3832292226875,78.52572973819142],[-71.18388077298047,77.25953253360157],[-67.03665634671094,75.93623694033985],[-63.65076920071485,76.37993963809376],[-58.63566299954297,75.79326208682423],[-54.73041245022657,73.03760107608204],[-55.62637039700391,71.73035009951954],[-51.720124211701176,71.58955725283985],[-50.572628941925785,69.8662525043047],[-50.95377441922071,68.53928717227345],[-50.47708984890821,67.48220404239063],[-52.30317017117383,66.9094653949297],[-53.10253998318555,65.87324865908985],[-52.07773300686719,65.37242468448048],[-51.36576553860547,63.72601278872852],[-49.8574838308418,62.96654471011524],[-48.915463414582035,61.42103537173633],[-43.14357086697461,59.81878241153125],[-42.27136322537305,62.19441946597461],[-40.51624771633985,63.78206976504688],[-39.9920167593086,65.53330572696095],[-35.97189804592969,65.84693487735157],[-34.43306061306836,66.3839526996172],[-32.95602127591016,67.64102514834767],[-26.963623967560547,68.50170477481251],[-22.73232933560254,69.77407415957813],[-24.58473297634961,70.30402716250782],[-28.38448235073926,70.45799597354298],[-26.78747841397168,71.55832251162892]]]},"properties":{"NAME":null,"SUBJECTO":null,"PARTOF":null}},
{"type":"Feature","geometry":{"type":"MultiPolygon","coordinates":[[[[-73.11150833645704,-72.74946252255077],[-70.02071854153516,-72.67219201473827],[-68.39805313626172,-71.12679711727733],[-70.32980057278516,-68.96324578671093],[-71.7979249624336,-69.7359432354414],[-72.10699936428907,-71.04952660946483],[-75.27505966702344,-71.6676830425703],[-73.11150833645704,-72.74946252255077]]],[[[-102.55128189602735,-72.1313060894453],[-97.14239975491407,-72.67219201473827],[-97.21967026272657,-71.8222240581953],[-102.55128189602735,-72.1313060894453]]],[[[-55.18492981472852,-80.94006005673046],[-44.83078476467969,-80.32190362362499],[-44.21262451687696,-78.39015618710155],[-48.84880920925977,-78.08107415585155],[-55.18492981472852,-80.94006005673046]]],[[[169.76938918551562,-83.41788903622265],[162.01522353610156,-81.65986291317577],[159.31539443453906,-80.02740899471874],[160.6856184335625,-79.11381951717968],[163.64298537692187,-78.66061059383983],[162.34563735446093,-75.10688439755077],[164.61622146090625,-74.17193261532421],[168.9746809335625,-73.23894158749218],[170.72912124117968,-71.9042781963789],[167.63463881930468,-70.86511651424999],[160.5985365243828,-70.22093621639843],[157.30686477145312,-69.15642968563671],[151.093455347625,-68.8858226910078],[150.89347365817187,-68.53827325253124],[146.87545302828906,-67.99737969784374],[145.58565810641406,-67.22348443417187],[141.1574964853203,-66.72243157772655],[134.20519545992968,-66.18008843807812],[130.27210524996875,-66.25291863827343],[129.00962356051562,-67.02982751278515],[122.45820907076953,-66.64516106991405],[118.28564742526171,-67.07014123348827],[113.01485732516406,-65.76308099178905],[110.60744002780078,-66.05907861141796],[109.40372756442187,-66.71026269344921],[102.63083938082812,-65.92616692928905],[99.65426162203906,-66.54946557430858],[95.72288039645312,-66.5292553081953],[90,-66.6065258160078],[85.52327254733203,-66.91560021786327],[81.81432631930468,-67.30195275692577],[78.25992110690234,-68.38373223690624],[76.86905959567187,-69.31096307186718],[72.54195693453906,-70.23820153622265],[70.30113509616015,-72.01540795712108],[67.36488631686328,-71.70632592587108],[67.51269057711718,-70.46442071346874],[68.95107558688281,-69.88906518368358],[69.77301314791796,-68.63561669735546],[69.37389663180468,-67.84283868221874],[62.805972132292965,-67.61102715878124],[56.62694838961718,-66.94232598690624],[55.14159301241992,-65.96285668758983],[52.45182326754687,-65.9883617535078],[48.96721557101367,-66.97347680477733],[47.305083307830074,-67.7748607769453],[44.79703811129687,-67.74518243221874],[39.6471433969414,-68.93355981258983],[38.33204940280078,-70.02947656063671],[33.54134276827929,-68.54216424374218],[32.74804213961718,-69.34959832577343],[23.707478556243164,-70.5859188213789],[17.603171381560546,-70.08366052059765],[12.657907518950683,-70.31547204403515],[10.339816126433593,-70.70181695370312],[8.485341105071289,-70.08366052059765],[0.681093785372955,-71.31997338680858],[-4.88232704678418,-71.28133813290233],[-7.200421777161377,-70.89499322323437],[-11.141175237091797,-71.59042016415233],[-11.8284835485542,-72.32257501034374],[-16.39551826992871,-73.44488946346874],[-14.45094105282666,-74.06464806942577],[-17.168211903961915,-74.75847283749218],[-18.40453049221875,-75.68571130184765],[-23.581604924591797,-75.91752282528515],[-33.16305252591016,-77.38564721493358],[-36.40837952175977,-79.16285363583202],[-29.567681279572266,-79.22431603817577],[-28.91321846524121,-80.47643700985546],[-38.03104874173047,-80.94006005673046],[-43.82627960720899,-81.79002801327343],[-60.2074594167793,-82.3309139385664],[-74.88871475735547,-80.70824853329296],[-76.58865067044141,-79.39465752987499],[-80.76121231594922,-78.23561517147655],[-74.5023698476875,-78.08107415585155],[-78.59766098538282,-76.61294976620312],[-70.56160446682813,-76.69022027401562],[-64.45729538479688,-75.68571130184765],[-61.366505589875004,-73.90851251034374],[-60.825619664582035,-72.74946252255077],[-61.675587621125004,-70.81772271542187],[-63.83913895169141,-68.65416375546093],[-65.15272995510938,-68.49962273983593],[-65.38453384915235,-67.34058038143749],[-61.134694066437504,-64.86795464901562],[-57.271210637482426,-63.708904661222654],[-58.121178594025395,-63.399822629972654],[-62.91190430203321,-64.71340600399608],[-66.85265823880079,-66.79969445614452],[-67.70262619534375,-66.87696496395702],[-67.08446976223829,-68.65416375546093],[-68.78439804592969,-69.8132137432539],[-67.08446976223829,-71.8222240581953],[-67.62535568753125,-72.74946252255077],[-75.58414169827344,-73.75397149471874],[-81.76572128811719,-74.02441064266796],[-88.56545731106641,-73.25171319393749],[-99.78819748440625,-72.9977611675703],[-101.88011642971875,-74.09877435116405],[-100.04510208645704,-75.30987969784374],[-105.64207932034375,-75.06755486874218],[-110.55704971829297,-75.30289117245312],[-113.23789688626172,-74.32137719540233],[-128.97754379788282,-74.91301385311718],[-134.77277084866407,-74.64256707577343],[-140.56799789944532,-75.2607235088789],[-146.67230698147657,-76.11069146542187],[-146.14586350003125,-77.4565242901289],[-149.99490829983594,-77.7333568706953],[-154.16746994534375,-77.11520043758983],[-158.18549057522657,-77.8106273785078],[-154.55382248440625,-79.12421838192577],[-148.604054418,-79.66510430721874],[-145.66779037991407,-80.51507226376171],[-148.8358659414375,-81.36504022030468],[-154.47655197659375,-81.05595818905468],[-152.08118149319532,-82.60135308651562],[-153.3097428945625,-83.94192925839062],[-148.75858017483594,-85.07398644833202],[-156.56282516995313,-85.460331358],[-167.22606369534375,-84.76490441708202],[-180,-84.32231561092968],[-180,-85.32231561092968],[-180,-86.32231561092968],[-180,-87.32231561092968],[-180,-88.32231561092968],[-180,-89.32231561092968],[-180,-90],[-179.203663793,-90],[-178.203663793,-90],[-177.203663793,-90],[-176.203663793,-90],[-175.203663793,-90],[-174.203663793,-90],[-173.203663793,-90],[-172.203663793,-90],[-171.203663793,-90],[-170.203663793,-90],[-169.203663793,-90],[-168.203663793,-90],[-167.203663793,-90],[-166.203663793,-90],[-165.203663793,-90],[-164.203663793,-90],[-163.203663793,-90],[-162.203663793,-90],[-161.203663793,-90],[-160.203663793,-90],[-159.203663793,-90],[-158.203663793,-90],[-157.203663793,-90],[-156.203663793,-90],[-155.203663793,-90],[-154.203663793,-90],[-153.203663793,-90],[-152.203663793,-90],[-151.203663793,-90],[-150.203663793,-90],[-149.203663793,-90],[-148.203663793,-90],[-147.203663793,-90],[-146.203663793,-90],[-145.203663793,-90],[-144.203663793,-90],[-143.203663793,-90],[-142.203663793,-90],[-141.203663793,-90],[-140.203663793,-90],[-139.203663793,-90],[-138.203663793,-90],[-137.203663793,-90],[-136.203663793,-90],[-135.203663793,-90],[-134.203663793,-90],[-133.203663793,-90],[-132.203663793,-90],[-131.203663793,-90],[-130.203663793,-90],[-129.203663793,-90],[-128.203663793,-90],[-127.203663793,-90],[-126.203663793,-90],[-125.203663793,-90],[-124.203663793,-90],[-123.203663793,-90],[-122.203663793,-90],[-121.203663793,-90],[-120.203663793,-90],[-119.203663793,-90],[-118.203663793,-90],[-117.203663793,-90],[-116.203663793,-90],[-115.203663793,-90],[-114.203663793,-90],[-113.203663793,-90],[-112.203663793,-90],[-111.203663793,-90],[-110.203663793,-90],[-109.203663793,-90],[-108.203663793,-90],[-107.203663793,-90],[-106.203663793,-90],[-105.203663793,-90],[-104.203663793,-90],[-103.203663793,-90],[-102.203663793,-90],[-101.203663793,-90],[-100.203663793,-90],[-99.203663793,-90],[-98.203663793,-90],[-97.203663793,-90],[-96.203663793,-90],[-95.203663793,-90],[-94.203663793,-90],[-93.203663793,-90],[-92.203663793,-90],[-91.203663793,-90],[-90,-90],[-89.203663793,-90],[-88.203663793,-90],[-87.203663793,-90],[-86.203663793,-90],[-85.203663793,-90],[-84.203663793,-90],[-83.203663793,-90],[-82.203663793,-90],[-81.203663793,-90],[-80.203663793,-90],[-79.203663793,-90],[-78.203663793,-90],[-77.203663793,-90],[-76.203663793,-90],[-75.203663793,-90],[-74.203663793,-90],[-73.203663793,-90],[-72.203663793,-90],[-71.203663793,-90],[-70.203663793,-90],[-69.203663793,-90],[-68.203663793,-90],[-67.203663793,-90],[-66.203663793,-90],[-65.203663793,-90],[-64.203663793,-90],[-63.203663793,-90],[-62.203663793,-90],[-61.203663793,-90],[-60.203663793,-90],[-59.203663793,-90],[-58.203663793,-90],[-57.203663793,-90],[-56.203663793,-90],[-55.203663793,-90],[-54.203663793,-90],[-53.203663793,-90],[-52.203663793,-90],[-51.203663793,-90],[-50.203663793,-90],[-49.203663793,-90],[-48.203663793,-90],[-47.203663793,-90],[-46.203663793,-90],[-45.203663793,-90],[-44.203663793,-90],[-43.203663793,-90],[-42.203663793,-90],[-41.203663793,-90],[-40.203663793,-90],[-39.203663793,-90],[-38.203663793,-90],[-37.203663793,-90],[-36.203663793,-90],[-35.203663793,-90],[-34.203663793,-90],[-33.203663793,-90],[-32.203663793,-90],[-31.203663793,-90],[-30.203663793,-90],[-29.203663793,-90],[-28.203663793,-90],[-27.203663793,-90],[-26.203663793,-90],[-25.203663793,-90],[-24.203663793,-90],[-23.203663793,-90],[-22.203663793,-90],[-21.203663793,-90],[-20.203663793,-90],[-19.203663793,-90],[-18.203663793,-90],[-17.203663793,-90],[-16.203663793,-90],[-15.203663793,-90],[-14.203663793,-90],[-13.203663793,-90],[-12.203663793,-90],[-11.203663793,-90],[-10.203663793,-90],[-9.203663793,-90],[-8.203663793,-90],[-7.203663793,-90],[-6.203663793,-90],[-5.203663793,-90],[-4.203663793,-90],[-3.203663793,-90],[-2.203663793,-90],[-1.203663793,-90],[-0.203663793,-90],[0.778056177703125,-90],[1.778056177703125,-90],[2.778056177703125,-90],[3.778056177703125,-90],[4.778056177703125,-90],[5.778056177703125,-90],[6.778056177703125,-90],[7.778056177703125,-90],[8.778056177703125,-90],[9.778056177703125,-90],[10.778056177703125,-90],[11.778056177703125,-90],[12.778056177703125,-90],[13.778056177703125,-90],[14.778056177703125,-90],[15.778056177703125,-90],[16.778056177703125,-90],[17.778056177703125,-90],[18.778056177703125,-90],[19.778056177703125,-90],[20.778056177703125,-90],[21.778056177703125,-90],[22.778056177703125,-90],[23.778056177703125,-90],[24.778056177703125,-90],[25.778056177703125,-90],[26.778056177703125,-90],[27.778056177703125,-90],[28.778056177703125,-90],[29.778056177703125,-90],[30.778056177703125,-90],[31.778056177703125,-90],[32.77805617770312,-90],[33.77805617770312,-90],[34.77805617770312,-90],[35.77805617770312,-90],[36.77805617770312,-90],[37.77805617770312,-90],[38.77805617770312,-90],[39.77805617770312,-90],[40.77805617770312,-90],[41.77805617770312,-90],[42.77805617770312,-90],[43.77805617770312,-90],[44.77805617770312,-90],[45.77805617770312,-90],[46.77805617770312,-90],[47.77805617770312,-90],[48.77805617770312,-90],[49.77805617770312,-90],[50.77805617770312,-90],[51.77805617770312,-90],[52.77805617770312,-90],[53.77805617770312,-90],[54.77805617770312,-90],[55.77805617770312,-90],[56.77805617770312,-90],[57.77805617770312,-90],[58.77805617770312,-90],[59.77805617770312,-90],[60.77805617770312,-90],[61.77805617770312,-90],[62.77805617770312,-90],[63.77805617770312,-90],[64.77805617770312,-90],[65.77805617770312,-90],[66.77805617770312,-90],[67.77805617770312,-90],[68.77805617770312,-90],[69.77805617770312,-90],[70.77805617770312,-90],[71.77805617770312,-90],[72.77805617770312,-90],[73.77805617770312,-90],[74.77805617770312,-90],[75.77805617770312,-90],[76.77805617770312,-90],[77.77805617770312,-90],[78.77805617770312,-90],[79.77805617770312,-90],[80.77805617770312,-90],[81.77805617770312,-90],[82.77805617770312,-90],[83.77805617770312,-90],[84.77805617770312,-90],[85.77805617770312,-90],[86.77805617770312,-90],[87.77805617770312,-90],[88.77805617770312,-90],[89.77805617770312,-90],[89.796336207,-90],[90,-90],[91.77805617770312,-90],[92.77805617770312,-90],[93.77805617770312,-90],[94.77805617770312,-90],[95.77805617770312,-90],[96.77805617770312,-90],[97.77805617770312,-90],[98.77805617770312,-90],[99.77805617770312,-90],[100.77805617770312,-90],[101.77805617770312,-90],[102.77805617770312,-90],[103.77805617770312,-90],[104.77805617770312,-90],[105.77805617770312,-90],[106.77805617770312,-90],[107.77805617770312,-90],[108.77805617770312,-90],[109.77805617770312,-90],[110.77805617770312,-90],[111.77805617770312,-90],[112.77805617770312,-90],[113.77805617770312,-90],[114.77805617770312,-90],[115.77805617770312,-90],[116.77805617770312,-90],[117.77805617770312,-90],[118.77805617770312,-90],[119.77805617770312,-90],[120.77805617770312,-90],[121.77805617770312,-90],[122.77805617770312,-90],[123.77805617770312,-90],[124.77805617770312,-90],[125.77805617770312,-90],[126.77805617770312,-90],[127.77805617770312,-90],[128.77805617770312,-90],[129.77805617770312,-90],[130.77805617770312,-90],[131.77805617770312,-90],[132.77805617770312,-90],[133.77805617770312,-90],[134.77805617770312,-90],[135.77805617770312,-90],[136.77805617770312,-90],[137.77805617770312,-90],[138.77805617770312,-90],[139.77805617770312,-90],[140.77805617770312,-90],[141.77805617770312,-90],[142.77805617770312,-90],[143.77805617770312,-90],[144.77805617770312,-90],[145.77805617770312,-90],[146.77805617770312,-90],[147.77805617770312,-90],[148.77805617770312,-90],[149.77805617770312,-90],[150.77805617770312,-90],[151.77805617770312,-90],[152.77805617770312,-90],[153.77805617770312,-90],[154.77805617770312,-90],[155.77805617770312,-90],[156.77805617770312,-90],[157.77805617770312,-90],[158.77805617770312,-90],[159.77805617770312,-90],[160.77805617770312,-90],[161.77805617770312,-90],[162.77805617770312,-90],[163.77805617770312,-90],[164.77805617770312,-90],[165.77805617770312,-90],[166.77805617770312,-90],[167.77805617770312,-90],[168.77805617770312,-90],[169.77805617770312,-90],[170.77805617770312,-90],[171.77805617770312,-90],[172.77805617770312,-90],[173.77805617770312,-90],[174.77805617770312,-90],[175.77805617770312,-90],[176.77805617770312,-90],[177.77805617770312,-90],[178.77805617770312,-90],[180,-90],[180,-89.31921807674999],[180,-88.31921807674999],[180,-87.31921807674999],[180,-86.31921807674999],[180,-85.31921807674999],[180,-84.34037438778515],[169.76938918551562,-83.41788903622265]]]]},"properties":{"NAME":null,"SUBJECTO":null,"PARTOF":null}},
{"type":"Feature","geometry":{"type":"Polygon","coordinates":[[[10.726510310804873,11.29108488399195],[9.24836439707811,13.28658186752308],[6.957238230801622,14.24737671144548],[3.779224516289073,13.656118345954777],[3.557502629230058,12.17797243222801],[4.666112064525134,11.512806771050965],[7.18337508206762,11.049155160089907],[8.71659494145107,9.044175343973091],[10.367754790017862,9.515935300706456],[10.839514746751234,10.577395203356538],[10.726510310804873,11.29108488399195]]]},"properties":{"NAME":"Hausa States","SUBJECTO":"Hausa States","PARTOF":"Hausa States"}},
{"type":"Feature","geometry":{"type":"Polygon","coordinates":[[[12.37776521272152,44.73152979882409],[11.169817827810615,45.067184016221326],[12.302206036932475,43.2775996688826],[11.960132972376597,42.00737273955097],[13.760507236170481,41.20669841632788],[13.414687551192095,42.36436857508738],[14.076401988875073,42.6337763953921],[13.600871119109375,43.53480490298633],[12.697230372039062,43.934756837800784],[12.37776521272152,44.73152979882409]]]},"properties":{"NAME":"Papal States","SUBJECTO":"Papal States","PARTOF":"Papal States"}},
{"type":"Feature","geometry":{"type":"Polygon","coordinates":[[[48.01471769870798,-17.022773083871385],[47.48206828037989,-16.904406546465143],[46.6535025185362,-17.73297230830884],[45.2922873383644,-22.645183610667928],[45.52902041317688,-23.592115909917876],[47.18615193686429,-23.1186497602929],[48.488183848332966,-20.041119787730583],[48.01471769870798,-17.022773083871385]]]},"properties":{"NAME":"Expansionist Kingdom of Merina","SUBJECTO":"Expansionist Kingdom of Merina","PARTOF":"Expansionist Kingdom of Merina"}},
{"type":"Feature","geometry":{"type":"Polygon","coordinates":[[[-3.020246686854049,13.656118345954777],[-3.833226939403772,12.695323502032377],[-3.168061278226727,10.921548405560255],[-1.172564294695594,10.84764110987392],[0.083859731972161,11.73452865810998],[-0.063954859400518,13.28658186752308],[-1.68991536449996,13.803932937327449],[-3.020246686854049,13.656118345954777]]]},"properties":{"NAME":"Mossi States","SUBJECTO":"Mossi States","PARTOF":"Mossi States"}},
{"type":"Feature","geometry":{"type":"Polygon","coordinates":[[[20.024865091429753,12.636825553834356],[22.628796065518124,13.215476881409547],[22.80995188890374,13.758944351566388],[22.326869693208767,15.328961487575047],[21.541861125204445,16.597052251274338],[20.515311459352628,16.476281702350597],[19.790688165810174,14.966649840803818],[19.463429408216985,13.258777579537515],[19.84503280216252,13.223421354539367],[20.024865091429753,12.636825553834356]]]},"properties":{"NAME":"Wadai","SUBJECTO":"Wadai","PARTOF":"Wadai"}},
{"type":"Feature","geometry":{"type":"Polygon","coordinates":[[[22.689181339979996,15.328961487575047],[23.17226353567497,13.577788528180776],[24.31958375045052,12.792779960176453],[29.09002043293835,13.155091606947678],[29.99579954986642,14.24202654726136],[29.15040570740022,17.92552828943551],[27.45961802246783,18.167069387282993],[23.111878261213096,16.597052251274338],[22.689181339979996,15.328961487575047]]]},"properties":{"NAME":"Darfur","SUBJECTO":"Darfur","PARTOF":"Darfur"}},
{"type":"Feature","geometry":{"type":"Polygon","coordinates":[[[23.50438254521526,-10.334780158720244],[23.262841447367776,-9.670542139639663],[23.625153094139,-6.772048965469839],[21.330512664587896,-6.711663691007971],[17.888552020261233,-7.375901710088554],[17.465855099028133,-8.16091027809288],[18.250863667032462,-11.119788726724574],[23.021300349520292,-10.817862354415217],[23.50438254521526,-10.334780158720244]]]},"properties":{"NAME":"Lunda","SUBJECTO":"Lunda","PARTOF":"Lunda"}},
{"type":"Feature","geometry":{"type":"Polygon","coordinates":[[[29.19755608186222,-5.315558840605276],[25.980178798151982,-5.141646554999316],[25.3159407790714,-6.530507867622358],[23.625153094139,-6.772048965469839],[23.262841447367776,-9.670542139639663],[23.50438254521526,-10.334780158720244],[26.372683082154143,-10.274394884258374],[27.338847473544085,-9.610156865177789],[28.727708786167124,-9.730927414101533],[29.271176256323965,-9.187459943944692],[30.358111196637648,-9.247845218406562],[30.9986484321756,-8.767442291753097],[29.51123046875,-6.719921875000011],[29.19755608186222,-5.315558840605276]]]},"properties":{"NAME":"Luba","SUBJECTO":"Luba","PARTOF":"Luba"}},
{"type":"Feature","geometry":{"type":"Polygon","coordinates":[[[12.37169078311084,-6.257806695982175],[13.387093576995117,-8.155678190275388],[13.08375838717578,-9.287485517545896],[14.329051675258405,-9.368144601960868],[14.398621075334972,-7.198350479153216],[14.990453762366187,-7.198350479153216],[15.04963703106931,-6.014685105090788],[14.576170881444337,-4.771836462325236],[12.37169078311084,-6.257806695982175]]]},"properties":{"NAME":"Congo","SUBJECTO":"Congo","PARTOF":"Congo"}},
{"type":"Feature","geometry":{"type":"Polygon","coordinates":[[[8.819559130278808,38.976913057283205],[9.478920015898925,39.14415701480274],[9.793739351836425,40.56368216128711],[9.306203875151855,41.18444784732227],[8.240707430449707,40.85533865542774],[8.819559130278808,38.976913057283205]]]},"properties":{"NAME":"Sardinia","SUBJECTO":"Sardinia","PARTOF":"Sardinia"}},
{"type":"Feature","geometry":{"type":"Polygon","coordinates":[[[14.076401988875073,42.6337763953921],[13.414687551192095,42.36436857508738],[13.760507236170481,41.20669841632788],[15.666200670806152,40.091861329988284],[16.082562479583007,39.01247366519336],[17.084080729094726,40.52511175723438],[14.076401988875073,42.6337763953921]]]},"properties":{"NAME":"Naples","SUBJECTO":"Naples","PARTOF":"Naples"}},
{"type":"Feature","geometry":{"type":"Polygon","coordinates":[[[14.942398104277832,36.738563142732424],[15.386741671172363,38.20554693789844],[12.454147371855957,37.766009889558596],[14.942398104277832,36.738563142732424]]]},"properties":{"NAME":"Sicily","SUBJECTO":"Sicily","PARTOF":"Sicily"}},
{"type":"Feature","geometry":{"type":"Polygon","coordinates":[[[101.96785262545703,22.533715806916994],[102.99293807467578,20.939632020906252],[104.12909224948046,20.939910493806643],[104.71581557711718,20.200439058259768],[104.00476363619921,19.70102270694141],[106.63819411715625,16.484338365510744],[107.10751632174609,16.169568620637698],[107.46341231783984,14.996761880830569],[107.4802961679375,13.256602846101565],[107.48226455172656,12.583323083833498],[106.85380080660937,10.575815759614748],[107.26571944674609,10.347982011750979],[108.69589522799609,11.145221315339846],[109.30712417086718,12.906332574800295],[108.78612044772265,15.090558610872073],[108.23614791354296,16.080380998567385],[106.43306258639453,17.55027922244434],[105.53258040866015,18.84421118350391],[105.84338668307421,19.702409349397463],[106.80704024752734,20.905006013826174],[107.87561324557421,21.462068162874026],[107.09811690768359,21.649287782625002],[105.31343368014453,23.296004854158205],[104.47811416110156,22.78323134036426],[101.96785262545703,22.533715806916994]]]},"properties":{"NAME":"Đại Việt","SUBJECTO":"Đại Việt","PARTOF":"Đại Việt"}},
{"type":"Feature","geometry":{"type":"Polygon","coordinates":[[[102.67077926119921,12.03772410006885],[103.03959182223437,10.897970758394045],[104.97852614840625,9.980911813691897],[104.7424803110039,8.493669115022463],[106.48202804049609,9.552120767549319],[106.85380080660937,10.575815759614748],[107.48226455172656,12.583323083833498],[107.4802961679375,13.256602846101565],[105.01560168467714,13.406013804863036],[103.65654406918522,12.846401845542832],[102.67077926119921,12.03772410006885]]]},"properties":{"NAME":"Cambodia","SUBJECTO":"Cambodia","PARTOF":"Cambodia"}},
{"type":"Feature","geometry":{"type":"Polygon","coordinates":[[[6.531391647348258,16.708723671922442],[7.780525485116563,16.583810288145614],[8.405092404000719,17.208377207029766],[8.155265636447055,18.20768427724441],[7.15595856623241,18.45751104479807],[6.531391647348258,17.957857509690754],[6.531391647348258,16.708723671922442]]]},"properties":{"NAME":null,"SUBJECTO":null,"PARTOF":null}},
{"type":"Feature","geometry":{"type":"Polygon","coordinates":[[[57.396296877665264,23.837040823040553],[57.62096561207203,22.704566093210317],[58.18030483547615,21.849213133895084],[58.774060503887554,20.941229844264516],[59.837283167449215,22.279178224519534],[58.62849334200976,23.458295427278323],[57.396296877665264,23.837040823040553]]]},"properties":{"NAME":"Oman","SUBJECTO":"Oman","PARTOF":"Oman"}},
{"type":"Feature","geometry":{"type":"Polygon","coordinates":[[[47.49336150607226,43.58319052310352],[46.87292006930468,44.68019827456836],[44.75488708305846,44.439494870378866],[43.88049339662065,44.81423502170936],[43.38083986151332,46.1882822432545],[42.25661940752185,46.81284916213865],[40.63274541842304,46.68793577836182],[39.6334383482084,45.68862870814717],[37.47389129122851,44.692359529451174],[38.92371276339648,44.21186026187305],[41.40974334200976,42.78824194522266],[41.48396209200976,41.436542116121096],[42.87842467745898,41.54550512881641],[43.95678618868945,42.59115561099414],[44.9779653879082,42.771991334871096],[47.35008529147265,41.442325197175784],[47.49336150607226,43.58319052310352]]]},"properties":{"NAME":"Astrakhan Khanate","SUBJECTO":"Nogai Horde","PARTOF":"Astrakhan Khanate"}},
{"type":"Feature","geometry":{"type":"Polygon","coordinates":[[[-1.999109269065851,48.67695685862887],[-3.091225352677125,48.87155111880664],[-4.350201573761719,48.390506349519534],[-2.575529757440609,47.32396831560688],[-1.999109269065851,48.67695685862887]]]},"properties":{"NAME":"Britany","SUBJECTO":"Britany","PARTOF":"Britany"}},
{"type":"Feature","geometry":{"type":"Polygon","coordinates":[[[9.568924281182554,46.03811619187675],[10.506080949104131,45.36516062784453],[11.169817827810615,45.067184016221326],[12.37776521272152,44.73152979882409],[13.367695841399414,45.69448813052539],[13.709092915095635,46.83906489156842],[12.074753794280273,46.92750509829883],[10.558315868167236,46.49986167086014],[9.568924281182554,46.03811619187675]]]},"properties":{"NAME":"Venice","SUBJECTO":"Venice","PARTOF":"Venice"}},
{"type":"Feature","geometry":{"type":"Polygon","coordinates":[[[5.383361372557861,5.610234342531008],[6.899720429156793,6.127803964274134],[7.36542505664093,6.939555134305373],[7.36542505664093,7.912899567660475],[6.878752839963379,8.642907892676803],[5.337624153817803,8.724019928789726],[4.82339239621597,7.929541061182515],[3.94949725588916,6.579388700441164],[5.383361372557861,5.610234342531008]]]},"properties":{"NAME":"Benin","SUBJECTO":"Benin","PARTOF":"Benin"}},
{"type":"Feature","geometry":{"type":"Polygon","coordinates":[[[53.95502854221405,19.729632447263786],[56.94577797342595,20.635920153691636],[58.18030483547615,21.849213133895084],[57.62096561207203,22.704566093210317],[57.396296877665264,23.837040823040553],[56.79418853243945,24.26761396975879],[56.01545623263476,25.771625123933596],[54.34709838351367,24.15445288272266],[51.58590224703906,24.00322111697559],[51.586672815886715,25.60911902041797],[50.84732345065234,25.265224061921877],[50.968333277312496,24.436244569734377],[49.70419928565464,24.410299554867095],[49.39540370586717,26.077795685719416],[48.46901696650477,26.69538684529435],[47.43863967379687,28.829289995149416],[46.90507516233225,29.437615717313662],[44.08318025148226,30.33699169320539],[40.02912202509114,34.39104991959652],[38.03644933754296,34.59718847348081],[37.211895122005785,33.56649570405934],[36.52476660905813,31.161545908742568],[36.593479460352896,29.78728888284727],[37.42091199004359,27.834118954094563],[38.81405584118259,24.841439570166326],[40.64753768674403,24.152835076676563],[41.07042045024812,22.262737159805738],[41.8124565280542,21.71258711067685],[41.922550675010456,20.766511713374978],[43.06599035309232,18.65375446750768],[43.48795395996116,16.621825637141917],[44.508690330728925,14.096846193663826],[45.2608118670841,13.828231359251259],[46.335271204734354,14.096846193663826],[46.659412505469874,15.424765841731508],[47.837586523826076,16.42168231880214],[50.511135257788226,17.14671248394442],[53.95502854221405,19.729632447263786]]]},"properties":{"NAME":null,"SUBJECTO":null,"PARTOF":null}},
{"type":"Feature","geometry":{"type":"Polygon","coordinates":[[[50.511135257788226,17.14671248394442],[47.837586523826076,16.42168231880214],[46.659412505469874,15.424765841731508],[46.335271204734354,14.096846193663826],[46.87773410632187,13.473871601441703],[49.33384993991015,14.632695756868166],[51.59900174758798,15.378753642226663],[50.511135257788226,17.14671248394442]]]},"properties":{"NAME":"Hadramaut","SUBJECTO":"Hadramaut","PARTOF":"Hadramaut"}},
{"type":"Feature","geometry":{"type":"Polygon","coordinates":[[[50.511135257788226,17.14671248394442],[51.59900174758798,15.378753642226663],[52.894324335662105,16.60995253177051],[54.910613092986324,16.97005995364551],[55.38948729952929,17.80974157901172],[53.95502854221405,19.729632447263786],[50.511135257788226,17.14671248394442]]]},"properties":{"NAME":"Mahra","SUBJECTO":"Mahra","PARTOF":"Mahra"}},
{"type":"Feature","geometry":{"type":"Polygon","coordinates":[[[53.95502854221405,19.729632447263786],[55.38948729952929,17.80974157901172],[56.25759032687304,17.97677382083301],[56.73888686617968,18.689376436189455],[57.83862975558398,19.034806810334963],[57.80608275851367,20.171960435823244],[58.774060503887554,20.941229844264516],[58.18030483547615,21.849213133895084],[56.94577797342595,20.635920153691636],[53.95502854221405,19.729632447263786]]]},"properties":{"NAME":"Gharra","SUBJECTO":"Gharra","PARTOF":"Gharra"}},
{"type":"Feature","geometry":{"type":"Polygon","coordinates":[[[-71.41326809467435,-32.728882234513435],[-67.91698508364286,-26.261480347307323],[-67.6671583160892,-23.76321267177071],[-67.91698508364286,-22.014425298895077],[-66.54293786209772,-19.765984390912124],[-66.54293786209772,-18.267023785590155],[-67.00362839996394,-15.7854260563725],[-69.27241573917452,-15.218229221569857],[-69.6018889310102,-14.22980964606285],[-70.52024877574033,-13.743517451082983],[-74.28756765626122,-12.645921515632779],[-77.88516689942037,-6.977321235497577],[-77.92672331976947,-3.10164348977513],[-78.39231762535397,-2.912757309929439],[-78.5616013224577,-2.128662113961151],[-77.94148993056844,-1.724464599665186],[-77.98651596585157,2.474799953416628],[-78.98431107083204,1.296987973169131],[-80.08556076565625,0.817998133615298],[-80.33884903469922,-0.66318116335507],[-80.96610733548047,-1.033107079549985],[-80.14415451565625,-3.414210237547117],[-81.41761490383985,-4.675080694242673],[-80.61159225979688,-6.369872011228757],[-80.06590744534375,-6.756278909727293],[-79.06024643460157,-8.215522207304197],[-77.75874802151563,-10.65892068295117],[-76.23803421536329,-13.502021230741697],[-76.24178024807813,-14.105595983549314],[-75.2309083608711,-15.221601881071287],[-74.04964157620313,-16.044990934416013],[-71.611866918,-17.22145501522656],[-70.58412643948438,-18.083280958219724],[-70.20851608792188,-19.06719819454785],[-70.11063095608594,-21.74793664364453],[-70.57323929348829,-23.16559449581738],[-70.3981446889961,-25.24891320614453],[-70.93462082425,-27.727417387052732],[-71.68157669583204,-30.60000077633496],[-71.5198487905586,-32.181175626798826],[-71.41326809467435,-32.728882234513435]]]},"properties":{"NAME":"Inca Empire","SUBJECTO":"Inca Empire","PARTOF":"Inca Empire"}},
{"type":"Feature","geometry":{"type":"MultiPolygon","coordinates":[[[[-70.49821945716594,-54.92306558017073],[-69.67171951809766,-54.77409402279492],[-65.26215836097454,-54.81925240878401],[-69.6717195182011,-54.77409402255354],[-70.49821945716594,-54.92306558017073]]],[[[-48.55282684852337,-0.632448054593183],[-48.88569351722454,-1.421139515679457],[-50.4762849478886,-1.678760803979017],[-48.8856935171211,-1.421139515920835],[-48.55282684852337,-0.632448054593183]]],[[[-51.11682220985149,-31.472069181244947],[-49.93631836453321,-29.627403654142576],[-48.93729492703321,-28.69782678036328],[-48.72837921658399,-28.367052473112302],[-48.56390854397657,-27.680593885465818],[-48.72452255764844,-25.425621427580076],[-46.20621201077344,-23.882822431608396],[-45.45921036282422,-23.855831541105466],[-44.56129547634961,-22.989857114835935],[-41.95784470120313,-22.92082253841992],[-40.98350235501172,-22.086429990812498],[-40.93281647244336,-21.2794117107832],[-39.69133850613477,-19.408796705290037],[-39.666134801300785,-18.226957716032224],[-39.14249893704297,-17.77471772579785],[-38.94815537014844,-16.001592077299314],[-39.126217809113285,-14.324533857389646],[-38.79886719265821,-12.627316869779783],[-38.266137090119145,-12.886686719938474],[-37.18652435818555,-10.844699300810056],[-35.59859940091016,-9.627626813932615],[-34.890675511750004,-7.611789144560056],[-35.46437164822461,-5.268277086302],[-37.180600133332035,-4.954271711393552],[-38.78636261502149,-3.604257978483396],[-40.23088928738477,-2.851210989042478],[-42.31647202053907,-2.817604698225217],[-43.33403870144727,-2.432190097852903],[-44.22212311306836,-2.77724377064343],[-44.79592606106641,-1.736357845350462],[-47.23713776150586,-0.680439271017271],[-48.042530980500004,-0.815624035879331],[-49.22114655056836,-2.108145631834226],[-50.6431398061836,-1.882471717878538],[-51.529381719025395,-0.429196335359769],[-49.88430496731641,1.213871084169192],[-50.688080754669926,2.21617230029468],[-51.20926758328321,4.070678792909426],[-51.71012589016797,4.228457056001467],[-53.02668091336133,5.426703058198733],[-54.2862062124336,5.881543241456789],[-56.746396031769535,6.003318391755862],[-58.57506653347852,6.984399877504153],[-58.616635289582035,7.499081216768069],[-59.83440491238477,8.440183244661135],[-60.9567269949043,8.587117753938479],[-61.12109467078899,9.165086351591967],[-61.28992935706829,8.770693384367846],[-63.06524366801216,8.32539786170036],[-65.96541257261946,8.180441590467876],[-69.81383055698998,8.487873953301706],[-70.68176376569242,8.557209134203836],[-70.68184887203134,8.55721593295672],[-70.6818633618311,8.557236799797916],[-70.68184908839874,8.557232834955592],[-72.2403770960272,8.990157281519055],[-72.5417470929576,10.195637269240686],[-73.2449437524619,10.195637269240686],[-75.25407706533127,7.885133959440891],[-77.40016647854688,6.670446001008791],[-77.50037857571485,5.513577543214602],[-77.10599991360547,3.792188964799685],[-77.98651596585157,2.474799953416628],[-77.94148993056844,-1.724464599665186],[-77.8536876800239,-1.66723383131634],[-77.2535000266561,-2.759051555925397],[-77.8998559610522,-3.112543263869829],[-77.92672331976947,-3.10164348977513],[-77.88516689942037,-6.977321235497577],[-74.28756765626122,-12.645921515632779],[-70.52024877574033,-13.743517451082983],[-69.6018889310102,-14.22980964606285],[-69.27241573917452,-15.218229221569857],[-67.00362839996394,-15.7854260563725],[-66.54293786209772,-18.267023785590155],[-66.54293786209772,-19.765984390912124],[-67.91698508364286,-22.014425298895077],[-67.6671583160892,-23.76321267177071],[-67.91698508364286,-26.261480347307323],[-71.41326809467435,-32.728882234513435],[-71.61574265042188,-33.70565453915234],[-72.62884995022657,-35.645878233],[-73.14423080960157,-37.15579644589062],[-71.02706756161055,-37.21173164186502],[-70.28925943201642,-36.47392351227089],[-69.36699927002375,-34.44495115588703],[-69.36699927002375,-32.6004308319017],[-68.4096187266585,-30.483797582471198],[-68.26028707563256,-28.542486119133965],[-67.15357488124135,-25.22234953596037],[-65.49350658965456,-19.135432466808773],[-65.71878024503351,-18.084155408373633],[-64.66180129731615,-16.804676207468987],[-64.1940629085568,-14.694582386569342],[-69.04501111905242,-8.235853806057],[-70.15820726425522,-5.735421450211085],[-66.40849393304576,3.041936481420927],[-62.65878060183632,4.152921580887431],[-58.55753164582598,3.977596077854006],[-55.8624251890192,1.695565793857857],[-55.80383591821904,0.875529465609527],[-57.97163893782451,-0.589157846288572],[-58.44035310422569,-2.287649024474563],[-56.33113935542037,-4.334740468715777],[-54.16333633581491,-4.626791146196514],[-49.06606977620206,-4.743578120004467],[-46.280890913956334,-3.552810001275475],[-53.123378851919725,-14.275041705614404],[-48.46896037885509,-23.748769173313708],[-49.48718016007792,-24.553337158794967],[-49.83871578487881,-26.797313680361846],[-48.796904749948716,-28.475548314302703],[-49.54647919227337,-29.156509794037916],[-49.93631836463665,-29.627403653901197],[-51.11682220985149,-31.472069181244947]]],[[[-72.58717819740032,-41.61827508334456],[-72.72818067052704,-41.55336179549616],[-73.46355148841594,-41.78677026156721],[-72.58717819740032,-41.61827508334456]]],[[[-65.78120132972454,-47.71157876376448],[-67.57759567786907,-49.058533109467604],[-67.83347031165813,-49.9682125223094],[-69.04092117835735,-50.56240121249495],[-69.11474151787864,-51.35236245613261],[-69.07692429115032,-51.49934808139143],[-69.04092117825391,-50.562401212736326],[-67.83347031155469,-49.96821252255078],[-67.57759567776563,-49.05853310970898],[-65.78120132972454,-47.71157876376448]]],[[[-71.44228836585735,-53.88161126498518],[-70.73358627835157,-52.8015064373457],[-69.48302170315625,-52.36093560604687],[-68.4558992057011,-52.420181669037916],[-69.4830217032597,-52.360935605805494],[-70.73358627845501,-52.80150643710432],[-71.44228836585735,-53.88161126498518]]],[[[-50.60855194617962,-30.302172101777174],[-51.23235413123821,-30.265360273163893],[-51.445416417615164,-31.015394605439283],[-52.04218765784954,-31.556572355073072],[-52.14021349238029,-31.740936200871825],[-52.35066696693157,-32.67519036654768],[-54.074337926404226,-34.647842801850416],[-56.33826157142376,-34.99545327548323],[-57.34773727943157,-34.508438504975416],[-58.522782292859304,-34.58706323031721],[-57.34773727932813,-34.508438505216795],[-56.33826157132032,-34.99545327572461],[-54.074337926300785,-34.647842802091795],[-52.35066696682813,-32.67519036678906],[-52.0421876577461,-31.55657235531445],[-51.44541641751172,-31.01539460568066],[-51.23235413113477,-30.26536027340527],[-50.60855194617962,-30.302172101777174]]],[[[-62.35104462196087,-39.33307305697737],[-59.515431371125004,-38.87451974300976],[-57.80888458767774,-38.386490263029295],[-56.69811340858196,-36.944073118012525],[-57.80888458778118,-38.386490262787916],[-59.515431371228445,-38.874519742768385],[-62.35104462196087,-39.33307305697737]]],[[[-67.46862503577923,-46.26589242343245],[-66.69494339505079,-45.13110391049023],[-65.65723129798626,-44.94175759677229],[-66.69494339515423,-45.131103910248854],[-67.46862503577923,-46.26589242343245]]]]},"properties":{"NAME":null,"SUBJECTO":null,"PARTOF":null}},
{"type":"Feature","geometry":{"type":"Polygon","coordinates":[[[-98.17373449297943,28.24517953546474],[-97.5456153245701,27.922974720486824],[-95.17430086121617,29.105621625434086],[-95.82107409841741,29.644863567672523],[-97.52748910202521,28.681722971125645],[-97.65257554481695,28.557874904362205],[-98.17373449297943,28.24517953546474]]]},"properties":{"NAME":"Karankawa","SUBJECTO":"Karankawa","PARTOF":"Karankawa"}},
{"type":"Feature","geometry":{"type":"Polygon","coordinates":[[[-88.30037399807813,17.635434709504885],[-87.87709518948438,18.380864702180666],[-87.65071579495313,20.189910493806643],[-86.93589493313672,20.97639998050098],[-87.20057388821485,21.528873048738284],[-88.33372208157422,21.59004171939258],[-90,21.160729967073244],[-90,19.38150557132129],[-88.30037399807813,17.635434709504885]]]},"properties":{"NAME":"Mayas","SUBJECTO":"Mayas","PARTOF":"Mayas"}},
{"type":"Feature","geometry":{"type":"Polygon","coordinates":[[[-16.45005508938672,16.118390642122073],[-17.05006500759961,14.58556231112842],[-16.470890965851563,13.722545228914065],[-16.772099461945313,12.597077928499026],[-15.80859657803418,11.842920862153811],[-14.591384854706543,10.466548524812502],[-13.281672444733399,9.274683557466311],[-10.948697533997315,11.426886275359074],[-10.78025157739771,13.95357562435315],[-12.970049013192575,15.301143277149983],[-16.45005508938672,16.118390642122073]]]},"properties":{"NAME":"Senegal","SUBJECTO":"Senegal","PARTOF":"Senegal"}},
{"type":"Feature","geometry":{"type":"Polygon","coordinates":[[[-11.285589447196525,10.584656492361042],[-10.948697533997315,9.405534796163813],[-9.938021794399688,8.563305013165781],[-7.916670315204428,8.563305013165781],[-6.905994575606798,9.910872665962629],[-6.905994575606798,11.089994362159857],[-8.085116271804033,11.763778188558284],[-9.938021794399688,11.595332231958672],[-11.285589447196525,10.584656492361042]]]},"properties":{"NAME":null,"SUBJECTO":null,"PARTOF":null}},
{"type":"Feature","geometry":{"type":"Polygon","coordinates":[[[5.337624153817803,8.724019928789726],[4.039831576011,10.265148614935306],[2.823151034317121,10.184036578822377],[2.417590853752497,9.048468073241429],[3.369208776969106,8.057967143366966],[4.82339239621597,7.929541061182515],[5.337624153817803,8.724019928789726]]]},"properties":{"NAME":"Oyo","SUBJECTO":"Oyo","PARTOF":"Oyo"}},
{"type":"Feature","geometry":{"type":"Polygon","coordinates":[[[-0.300653104314346,5.478011885646904],[1.176365408507568,6.084084115937991],[0.55201402315522,8.237347712112173],[0.124146983015475,8.542967026497706],[-0.824188270176836,8.426723832580265],[-1.172564294695594,7.300090916929681],[-0.300653104314346,5.478011885646904]]]},"properties":{"NAME":"Akan","SUBJECTO":"Akan","PARTOF":"Akan"}},
{"type":"Feature","geometry":{"type":"Polygon","coordinates":[[[-0.063954859400518,13.28658186752308],[1.931542124130615,12.325787023600682],[2.74452237668034,12.473601614973362],[3.557502629230058,13.28658186752308],[3.409688037857382,14.099562120072807],[1.192469167267234,17.055853947526334],[-0.507398633518548,20.972940618902264],[-1.468193477440945,21.564198984392974],[-3.537597756658419,21.268569801647622],[-5.902631218621245,17.79492690438972],[-7.45468442803435,15.13426425968154],[-7.45468442803435,14.025654824386464],[-6.493889584111951,12.769230797718713],[-5.68090933156223,12.62141620634604],[-3.020246686854049,13.656118345954777],[-1.68991536449996,13.803932937327449],[-0.063954859400518,13.28658186752308]]]},"properties":{"NAME":"Songhai","SUBJECTO":"Songhai","PARTOF":"Songhai"}},
{"type":"Feature","geometry":{"type":"Polygon","coordinates":[[[8.336313280669433,3.186522088960452],[8.576292070952636,3.066532455400271],[8.827178988066894,3.611938320115847],[8.478118929473144,3.557397685960574],[8.336313280669433,3.186522088960452]]]},"properties":{"NAME":null,"SUBJECTO":null,"PARTOF":null}},
{"type":"Feature","geometry":{"type":"Polygon","coordinates":[[[34.37684493043314,-20.26733037407451],[34.746381408864835,-18.93699905172042],[32.676977129647355,-16.793687476816608],[31.71618228572496,-16.498058294071257],[30.755387441802565,-17.015409363875627],[30.903202033175244,-18.271833390543378],[31.494460398665947,-19.232628234465775],[31.346645807293275,-19.971701191329156],[30.459758259057214,-21.080310626624232],[30.238036371998195,-21.967198174860293],[31.051016624547916,-22.336734653291984],[32.23353335552933,-22.336734653291984],[32.898699016706374,-21.819383583487618],[34.08121574768779,-21.745476287801274],[34.524659521805816,-21.302032513683248],[34.37684493043314,-20.26733037407451]]]},"properties":{"NAME":"Mwenemutapa","SUBJECTO":"Mwenemutapa","PARTOF":"Mwenemutapa"}},
{"type":"Feature","geometry":{"type":"Polygon","coordinates":[[[42.82216299760866,4.590923769728338],[41.96419889146104,5.694412391980624],[40.557447524183246,6.163329514406552],[36.08258499280275,5.693763806878394],[36.45019833851943,2.63031925923935],[38.410802849008434,1.037328094467039],[42.3320118699864,1.772554785900411],[42.82388028257523,2.959062511162713],[42.82216299760866,4.590923769728338]]]},"properties":{"NAME":"Oromo","SUBJECTO":"Oromo","PARTOF":"Oromo"}},
{"type":"Feature","geometry":{"type":"Polygon","coordinates":[[[50.0808706613457,11.476436220125002],[47.39071181735156,11.159307084993166],[46.677344355193355,10.700275979951662],[45.909365686980465,10.832064233735842],[44.28083709200976,10.396465860322756],[43.36809447726367,11.45563467593555],[43.474822077361324,12.097622476533694],[42.07897857150195,13.86101397128467],[41.70525649508593,13.930100999788088],[41.18267035408448,12.337404959681262],[41.807893183985726,8.586067980273842],[42.354963160149296,7.804539442897298],[43.605408819951776,7.335622320471369],[46.10630013955672,7.413775174209022],[48.37273289794871,8.74237368774915],[50.0808706613457,11.476436220125002]]]},"properties":{"NAME":"Adal","SUBJECTO":"Adal","PARTOF":"Adal"}},
{"type":"Feature","geometry":{"type":"Polygon","coordinates":[[[41.70525649508593,13.930100999788088],[40.739138636199215,14.919243417695803],[39.7964468332207,15.088771425203127],[38.04318950329174,16.232013050756727],[36.08258499280275,16.109475268851163],[35.96004721089719,14.761559667889983],[36.462341722311876,8.547458998102522],[37.307962811858374,7.899443881178513],[39.072543303167805,7.491928027946678],[40.71375323165856,7.960845150372602],[41.807893183985726,8.586067980273842],[41.18267035408448,12.337404959681262],[41.70525649508593,13.930100999788088]]]},"properties":{"NAME":"Ethiopia","SUBJECTO":"Ethiopia","PARTOF":"Ethiopia"}},
{"type":"Feature","geometry":{"type":"Polygon","coordinates":[[[44.300696405974605,1.290809474901003],[42.78556262127668,1.320128879382771],[39.41664348928457,-1.375006426210909],[37.73218392328853,-4.575479601603398],[38.23752179308735,-9.291966386392343],[39.24819753268498,-11.144871908987994],[40.40044311007617,-11.230388082548338],[40.619517359343746,-10.7659896984541],[39.65761474093554,-9.795738615080076],[39.27012542208789,-7.801093496366697],[39.56642821749804,-7.044216074033933],[38.92152694186328,-6.340208925291257],[39.2672720285332,-4.776162542387205],[40.23441604098437,-3.191706575437742],[42.440066370574215,-0.511580146833616],[44.300696405974605,1.290809474901003]]]},"properties":{"NAME":"Islamic city-states","SUBJECTO":"Islamic city-states","PARTOF":"Islamic city-states"}},
{"type":"Feature","geometry":{"type":"Polygon","coordinates":[[[64.68353697922532,36.52533380870022],[64.3466450660261,37.87290146149705],[62.66218550003006,39.22046911429389],[58.61948254163954,39.05202315769429],[56.42968510584468,38.20979337469626],[53.937327417937496,38.15944632144336],[53.79965499362109,36.67903860659961],[51.79552367648242,36.432349763826174],[50.25221160372851,36.894786439851565],[50.4693731329615,36.74823225777081],[49.55710308687251,34.255944236249405],[49.45236495455859,30.07772596927051],[50.1323728891289,30.06642874331836],[51.350134882537105,28.0361343249834],[52.89083388766406,27.052323900178713],[54.6460562082207,26.39131888003711],[55.89973357638476,27.10480459781055],[56.79043105563281,26.97391279788379],[57.254771265593746,25.793286882356448],[59.03145888766406,25.307866655305666],[60.479590448943355,25.29820593448047],[61.98840167363164,29.619049588116404],[64.19105482794018,32.87058519685756],[65.52576676222336,34.84087424270416],[64.68353697922532,36.52533380870022]]]},"properties":{"NAME":"Safavid Empire","SUBJECTO":"Safavid Empire","PARTOF":"Safavid Empire"}},
{"type":"Feature","geometry":{"type":"Polygon","coordinates":[[[69.64597762361677,28.10553990510186],[70.7475914168111,28.10303597871996],[72.93738885260596,28.94526576171799],[75.29563224500043,28.94526576171799],[75.75043632781937,28.17041436135981],[75.41354441462016,26.991292665162582],[75.75043632781937,25.81217096896534],[77.77178780701463,25.64372501236574],[78.27712567681345,24.296157359568895],[78.95090950321186,23.95926544636969],[83.8358422446004,25.980616925564952],[83.69781020602343,29.182548128083987],[81.448679957,30.40275152774219],[80.17496274207845,31.573107791782736],[79.3294463680683,35.62846298322298],[75.24566308931769,38.031852974832695],[73.80860288146245,38.031852974832695],[71.5657266349665,36.91041485158471],[71.25292928660991,38.04134741809666],[69.89885480118284,37.78461171280335],[69.23157780741465,37.367563591698236],[66.33588980061525,36.307380725406425],[64.68353697922532,36.52533380870022],[65.52576676222336,34.84087424270416],[64.19105482794018,32.87058519685756],[67.378672284819,32.31418489371009],[68.72623993761584,32.651076806909295],[69.56846972061388,33.83019850310654],[70.2422535470123,33.49330658990733],[70.2422535470123,31.13506319751285],[69.56846972061388,29.95594150131562],[68.56587483433958,29.102557864434658],[69.06313185081505,28.10303597871996],[69.64597762361677,28.10553990510186]]]},"properties":{"NAME":"Mughal Empire","SUBJECTO":"Mughal Empire","PARTOF":"Mughal Empire"}},
{"type":"Feature","geometry":{"type":"Polygon","coordinates":[[[75.75043632781937,25.81217096896534],[75.41354441462016,26.991292665162582],[75.75043632781937,28.17041436135981],[75.29563224500043,28.94526576171799],[72.93738885260596,28.94526576171799],[70.7475914168111,28.10303597871996],[69.64597762361677,28.10553990510186],[68.81512932417279,25.77916466665867],[69.01259806383516,24.63304927276811],[72.71840910902648,23.453927576570877],[75.75043632781937,25.81217096896534]]]},"properties":{"NAME":"Rajputana","SUBJECTO":"Rajputana","PARTOF":"Rajputana"}},
{"type":"Feature","geometry":{"type":"Polygon","coordinates":[[[73.4942371633562,16.287958595761864],[74.73362258395312,13.683358751252932],[75.21094039401171,12.102367959932131],[76.07506087741015,10.553955636934084],[76.70353225192187,8.706356607393069],[77.89976027926562,8.257814966157717],[79.82626632174609,10.358728013948244],[79.71073440035937,11.444942079500002],[80.22375777682421,12.831091485933108],[80.0894041391289,15.175155244783205],[80.45975783785937,15.773146234468264],[77.92243661540213,16.245599858221798],[76.10339571827987,15.966134574159993],[73.4942371633562,16.287958595761864]]]},"properties":{"NAME":"Vijayanagara","SUBJECTO":"Vijayanagara","PARTOF":"Vijayanagara"}},
{"type":"Feature","geometry":{"type":"Polygon","coordinates":[[[84.68433184355314,20.212481060383883],[83.68731388422034,19.29854793099549],[81.69327796555476,17.88610582194069],[81.49183577016703,17.214631837314954],[82.3230553009172,17.004105065534894],[84.26272872408984,18.455840669587893],[85.37910750826953,19.60537489505176],[84.68433184355314,20.212481060383883]]]},"properties":{"NAME":"Orissa","SUBJECTO":"Orissa","PARTOF":"Orissa"}},
{"type":"Feature","geometry":{"type":"Polygon","coordinates":[[[84.68433184355314,20.212481060383883],[85.37910750826953,19.60537489505176],[86.11916640719531,19.806542955354494],[87.64071944674609,21.563081346467776],[88.7234602304375,21.53995283694629],[90,21.930253587678713],[90,22.96055182071094],[89.91867613005033,24.865231537270272],[87.17687674188514,24.865231537270272],[86.42911327238554,21.54183833949428],[84.68433184355314,20.212481060383883]]]},"properties":{"NAME":"Bengal","SUBJECTO":"Bengal","PARTOF":"Bengal"}},
{"type":"Feature","geometry":{"type":"Polygon","coordinates":[[[83.69781020602343,29.182548128083987],[85.14416793307421,28.341794572786135],[87.21436599215625,27.843293748811526],[88.21383956393359,27.865617357209963],[88.83857334077314,28.437879224879456],[91.41420306904953,27.939370245213055],[91.54683397020176,26.2851075494896],[94.32436945100218,26.88334596073892],[95.4781149584116,27.908897522880622],[97.34041884860156,28.18211515994434],[98.21602157076953,27.546138368562502],[98.63722518405078,27.478742204622073],[100.6816287683553,28.690961623773696],[102.40610101778157,33.720672351267005],[101.68757091385396,36.307380725406425],[99.24456856050006,38.75038307876033],[89.61626516787001,36.882204808548515],[84.47416517596388,36.882204808548515],[80.13166779602547,36.882204808548515],[79.3294463680683,35.62846298322298],[80.17496274207845,31.573107791782736],[81.448679957,30.40275152774219],[83.69781020602343,29.182548128083987]]]},"properties":{"NAME":"Tibet","SUBJECTO":"Tibet","PARTOF":"Tibet"}},
{"type":"Feature","geometry":{"type":"Polygon","coordinates":[[[94.21835804184681,21.36092851238422],[94.15768192640465,24.273382053608508],[92.7014551557925,25.729608824220655],[92.0340178859286,25.42622824700979],[91.54683397020176,26.2851075494896],[91.41420306904953,27.939370245213055],[88.83857334077314,28.437879224879456],[88.21383956393359,27.865617357209963],[87.21436599215625,27.843293748811526],[85.14416793307421,28.341794572786135],[83.69781020602343,29.182548128083987],[83.8358422446004,25.980616925564952],[78.95090950321186,23.95926544636969],[78.27712567681345,24.296157359568895],[77.77178780701463,25.64372501236574],[75.75043632781937,25.81217096896534],[72.71840910902648,23.453927576570877],[69.01259806383516,24.63304927276811],[68.81512932417279,25.77916466665867],[69.64597762361677,28.10553990510186],[69.06313185081505,28.10303597871996],[68.56587483433958,29.102557864434658],[69.56846972061388,29.95594150131562],[70.2422535470123,31.13506319751285],[70.2422535470123,33.49330658990733],[69.56846972061388,33.83019850310654],[68.72623993761584,32.651076806909295],[67.378672284819,32.31418489371009],[64.19105482794018,32.87058519685756],[61.98840167363164,29.619049588116404],[60.479590448943355,25.29820593448047],[61.34399321993945,25.026860795930666],[66.62050918063281,25.31748541446094],[66.70171645602343,24.75227888675098],[68.79081252535937,23.028724275544924],[69.66488936862109,22.789163194612307],[69.12606337985156,21.9685073718584],[70.20994857272265,20.94797857852344],[71.02444747408984,20.657476030305666],[72.12086013278125,21.155339799836916],[73.10968306979296,20.687320314363284],[72.85335067233203,19.244680009797854],[73.48528545488139,19.906576034685543],[74.27144928500712,21.905666264880928],[73.71308028726574,22.945315502172253],[76.9282456403432,23.89692302722776],[76.09256220492745,21.046963981675567],[78.57282758004725,20.438284063905545],[78.53339335239603,19.12351896415684],[79.32813168496313,17.23299513249984],[79.9555400983786,17.603736467699896],[81.49183577016703,17.214631837314954],[81.69327796555476,17.88610582194069],[83.68731388422034,19.29854793099549],[84.68433184355314,20.212481060383883],[86.42911327238554,21.54183833949428],[87.17687674188514,24.865231537270272],[89.91867613005033,24.865231537270272],[90,22.96055182071094],[91.41017440280078,22.720834337190432],[92.17629531344531,20.886634431794924],[92.82709792575,20.424287401155276],[94.21835804184681,21.36092851238422]]]},"properties":{"NAME":"Islamic and Hindu states","SUBJECTO":"Islamic and Hindu states","PARTOF":"Islamic and Hindu states"}},
{"type":"Feature","geometry":{"type":"Polygon","coordinates":[[[94.21835804184681,21.36092851238422],[92.82709792575,20.424287401155276],[94.05371383151171,19.061149202302737],[94.46485427340625,17.26426275821094],[94.94647142715289,18.50915108660211],[96.94878323674459,18.994560010139487],[97.37346938571093,18.44939573855762],[98.01566604098437,19.748574815706057],[97.89481980471271,20.96024452988348],[97.85892496837717,22.57445082122767],[97.31283992939761,23.423916437418086],[97.19148769851327,24.394734284492856],[96.22066985143852,24.576762630819367],[96.038641505112,22.149718013132464],[95.06782365803723,21.482280743268568],[94.21835804184681,21.36092851238422]]]},"properties":{"NAME":"Burmese kingdoms","SUBJECTO":"Burmese kingdoms","PARTOF":"Burmese kingdoms"}},
{"type":"Feature","geometry":{"type":"Polygon","coordinates":[[[109.42965224703906,18.096622072175784],[110.26251510104296,18.625627122834963],[110.61735061129687,20.017461381868166],[109.55032638033984,19.913556657747073],[108.57689956149218,19.18737181277637],[108.6519270273125,18.482448183015627],[109.42965224703906,18.096622072175784]]]},"properties":{"NAME":null,"SUBJECTO":null,"PARTOF":null}},
{"type":"Feature","geometry":{"type":"Polygon","coordinates":[[[94.46485427340625,17.26426275821094],[94.1433592172539,16.21537932010059],[95.32981399020312,15.677930437043948],[96.46924880465625,16.512576662019534],[97.57322219332812,16.4450698718584],[97.82298568209765,14.61600836367969],[98.40265344005401,13.266404191028473],[98.48691848239062,14.372261606172366],[98.18432118450437,15.21445736037203],[97.70602706393359,18.051280580476565],[97.37346938571093,18.44939573855762],[96.94878323674459,18.994560010139487],[94.94647142715289,18.50915108660211],[94.46485427340625,17.26426275821094]]]},"properties":{"NAME":"Pegu","SUBJECTO":"Pegu","PARTOF":"Pegu"}},
{"type":"Feature","geometry":{"type":"Polygon","coordinates":[[[98.56204132121646,21.115484933091512],[100.435252222625,20.03575285525684],[103.46150341098749,19.049293441162284],[104.00476363619921,19.70102270694141],[104.71581557711718,20.200439058259768],[104.12909224948046,20.939910493806643],[102.99293807467578,20.939632020906252],[101.96785262545703,22.533715806916994],[100.38736470304471,22.455771468882674],[98.98499587496875,23.151317201570315],[98.58703835368324,22.57445082122767],[98.56204132121646,21.115484933091512]]]},"properties":{"NAME":"Laos","SUBJECTO":"Laos","PARTOF":"Laos"}},
{"type":"Feature","geometry":{"type":"Polygon","coordinates":[[[97.89481980471271,20.96024452988348],[98.56204132121646,21.115484933091512],[98.58703835368324,22.57445082122767],[98.98499587496875,23.151317201570315],[97.98027719926152,26.154341632315855],[98.21602157076953,27.546138368562502],[97.34041884860156,28.18211515994434],[95.4781149584116,27.908897522880622],[94.32436945100218,26.88334596073892],[91.54683397020176,26.2851075494896],[92.0340178859286,25.42622824700979],[92.7014551557925,25.729608824220655],[94.15768192640465,24.273382053608508],[94.21835804184681,21.36092851238422],[95.06782365803723,21.482280743268568],[96.038641505112,22.149718013132464],[96.22066985143852,24.576762630819367],[97.19148769851327,24.394734284492856],[97.31283992939761,23.423916437418086],[97.85892496837717,22.57445082122767],[97.89481980471271,20.96024452988348]]]},"properties":{"NAME":"Shan states","SUBJECTO":"Shan states","PARTOF":"Shan states"}},
{"type":"Feature","geometry":{"type":"Polygon","coordinates":[[[98.21602157076953,27.546138368562502],[97.98027719926152,26.154341632315855],[98.98499587496875,23.151317201570315],[100.38736470304471,22.455771468882674],[101.96785262545703,22.533715806916994],[104.47811416110156,22.78323134036426],[105.31343368014453,23.296004854158205],[107.09811690768359,21.649287782625002],[107.87561324557421,21.462068162874026],[109.11740401705859,21.39900930972461],[110.0772199960625,20.867482744172854],[111.08559707125781,21.479402147249026],[112.74952224215625,21.756068788484377],[113.71678451022265,22.482215486482424],[116.34061721285937,22.9133315906084],[118.81294539889453,24.84941443057422],[119.47034743746875,25.77168234439258],[119.428904566375,26.590831361726565],[120.35180953463671,27.177013002351565],[121.35852340182421,28.385663591340823],[121.77031997164843,29.834281526521487],[121.60595992526171,31.827626787141604],[120.66086104830859,32.54311712832813],[119.97359755953906,34.13522299380664],[119.02086165866015,34.691932283357424],[120.13933852633593,36.194800935701174],[121.84669784030078,36.86017569156055],[120.65811446627734,37.73646505923633],[119.59885695895312,37.11661871524219],[118.87524703463671,37.94942816348438],[117.58946517428515,38.28448065371875],[117.75288680514453,39.20253714175586],[118.97764113864062,39.22413595767383],[121.01060775241015,40.85068091006641],[122.10791305026171,40.35372122378711],[122.02749160250781,39.25575979800586],[124.13388350924609,39.843143068269534],[125.87949660739062,40.945026002839846],[126.47417739352343,41.651507936433596],[128.09849074801562,41.44936331363086],[129.9656019540703,42.957393251375],[130.43509963473437,42.27675970645313],[132.1817884775078,43.19463690371875],[132.95279983004687,42.669540010408205],[134.1389417978203,42.99295385928516],[136.03397658785937,44.39840658755664],[137.72051528414843,45.996680818513674],[140.08100417575,48.50260504336719],[141.12119582614062,53.051631532625],[140.10245803317187,53.80170401187305],[138.41680434664843,54.09191092105274],[137.23923781832812,53.45651587100391],[136.16079852341954,53.020625426272936],[132.01796971420106,52.42879273924172],[131.13022068365424,53.90837445681975],[130.3904298248652,56.05376794730791],[129.20676445080278,56.86753789197583],[127.58098302158292,56.61544897429181],[120.38680943883438,46.42337346340023],[107.71305379618983,43.254934552739094],[103.55574918406575,39.90003124504451],[102.11868897621052,39.75632522425898],[100.53792274756977,40.33114930740107],[99.38827458128559,39.75632522425898],[99.24456856050006,38.75038307876033],[101.68757091385396,36.307380725406425],[102.40610101778157,33.720672351267005],[100.6816287683553,28.690961623773696],[98.63722518405078,27.478742204622073],[98.21602157076953,27.546138368562502]]]},"properties":{"NAME":"Ming Chinese Empire","SUBJECTO":"Ming Chinese Empire","PARTOF":"Ming Chinese Empire"}},
{"type":"Feature","geometry":{"type":"Polygon","coordinates":[[[52.61114028414843,72.74000128360157],[51.48213485201953,71.84467657657032],[54.30786803683398,71.20566137881642],[55.51757720431445,72.47799261660938],[52.61114028414843,72.74000128360157]]]},"properties":{"NAME":null,"SUBJECTO":null,"PARTOF":null}},
{"type":"Feature","geometry":{"type":"Polygon","coordinates":[[[55.424868616667965,73.55293615908985],[56.96043685397265,73.35708960147267],[60.88701919039843,75.24749334903126],[66.54819014987109,75.97989233584767],[65.92605880221484,76.50735815616017],[59.01763061007617,75.79893072696095],[54.01755050143359,73.73358496280079],[55.424868616667965,73.55293615908985]]]},"properties":{"NAME":"central Asian khanates","SUBJECTO":"central Asian khanates","PARTOF":"central Asian khanates"}},
{"type":"Feature","geometry":{"type":"Polygon","coordinates":[[[80.56289962252734,5.931666456178469],[81.2026853891289,6.079191289857668],[81.86616805514453,7.084561429933352],[80.66241744479296,9.29945620150928],[79.6746321054375,8.804930292085452],[79.85409072360156,7.061153493837161],[80.56289962252734,5.931666456178469]]]},"properties":{"NAME":"Saylan","SUBJECTO":"Saylan","PARTOF":"Saylan"}},
{"type":"Feature","geometry":{"type":"Polygon","coordinates":[[[96.11843398532031,3.951094470933718],[96.60203078707812,5.07678660006885],[95.46405318698046,5.569940172151369],[95.56092360934375,4.534462533906741],[96.11843398532031,3.951094470933718]]]},"properties":{"NAME":"Aceh","SUBJECTO":"Aceh","PARTOF":"Aceh"}},
{"type":"Feature","geometry":{"type":"MultiPolygon","coordinates":[[[[103.31132033785937,-0.81817577032681],[103.72215560397265,0.015183419004721],[102.47178176364062,0.622509859517855],[101.05975631198046,2.080969177202029],[98.6252928110039,3.657878957704348],[98.6456735054942,2.759710716826364],[100.20241314308922,0.891623151712334],[101.13645692564624,-1.365649322800451],[103.31132033785937,-0.81817577032681]]],[[[103.33394155595983,3.393729771446281],[101.26427749117968,3.225161157563967],[101.33639815768359,2.780523143724245],[103.42773726901171,1.380763731912417],[103.33394155595983,3.393729771446281]]],[[[108.99905684908984,0.198187835530085],[109.93203587805812,0.191090314794574],[110.81756118258593,1.244261227563662],[109.28236678561328,1.882722817376894],[108.81431106051562,0.807816825822634],[108.99905684908984,0.198187835530085]]]]},"properties":{"NAME":"Malacca","SUBJECTO":"Malacca","PARTOF":"Malacca"}},
{"type":"Feature","geometry":{"type":"Polygon","coordinates":[[[-1.949628927163613,55.56249304373739],[-2.742131438645142,55.95718725772266],[-2.150362935456055,57.571979127839846],[-5.762965646179932,57.61977728457813],[-5.633057561310547,55.93986090274219],[-3.187976071504315,54.84865332560911],[-1.949628927163613,55.56249304373739]]]},"properties":{"NAME":"Scotland","SUBJECTO":"Scotland","PARTOF":"Scotland"}},
{"type":"Feature","geometry":{"type":"Polygon","coordinates":[[[-5.698169675263184,55.330726228669924],[-5.482397046479004,55.442699037507815],[-5.517836537750977,55.66802176089649],[-5.68865725079419,55.62812002749805],[-5.698169675263184,55.330726228669924]]]},"properties":{"NAME":"England and Ireland","SUBJECTO":"England and Ireland","PARTOF":"England and Ireland"}},
{"type":"Feature","geometry":{"type":"Polygon","coordinates":[[[5.541243985644642,52.248179102062885],[4.264411482421142,52.07089193911914],[1.796177011925293,50.92141446442835],[1.825507855919507,50.24268837026159],[3.820330011313015,50.039445521196306],[5.698878313039287,49.391190828942065],[6.161084081794847,49.932069920039],[5.541243985644642,52.248179102062885]]]},"properties":{"NAME":"Habsburg Netherlands","SUBJECTO":"Habsburg Netherlands","PARTOF":"Habsburg Netherlands"}},
{"type":"Feature","geometry":{"type":"MultiPolygon","coordinates":[[[[-7.427515473755616,55.06380423159961],[-8.590084996613282,54.20284994693164],[-9.890640225800293,52.19443091006641],[-9.819109883698243,51.434554658845705],[-6.405971017273682,52.21443899722461],[-6.443396058472413,53.89937933535938],[-6.018187966736573,55.093001924470705],[-7.427515473755616,55.06380423159961]]],[[[-3.187976071504315,54.84865332560911],[-2.914475407990235,53.26714285464649],[-4.317542043122071,53.09120901675586],[-4.159330811890381,51.67681463809375],[-3.521466937454957,50.61743124575977],[0.191810223666412,50.73128470034961],[1.691691670027954,52.311420045808596],[-0.319215585085171,53.57891424746875],[-1.949628927163613,55.56249304373739],[-3.187976071504315,54.84865332560911]]]]},"properties":{"NAME":"England and Ireland","SUBJECTO":"England and Ireland","PARTOF":"England and Ireland"}},
{"type":"Feature","geometry":{"type":"Polygon","coordinates":[[[21.007927489577856,55.81651861781673],[21.137343439666015,54.84545858950977],[18.665211937776398,54.25812429246989],[18.794795099937534,53.31387797234402],[20.33300879596923,52.97456612763114],[22.82129565719698,53.562706658466794],[22.798674867549455,54.73898772013809],[21.007927489577856,55.81651861781673]]]},"properties":{"NAME":"Prussia","SUBJECTO":"Prussia","PARTOF":"Prussia"}},
{"type":"Feature","geometry":{"type":"Polygon","coordinates":[[[-10.995675489647164,28.647979773216846],[-9.526433538763753,28.136939094648703],[-6.766697201765705,29.6751527906804],[-4.368893499128058,30.625225955876452],[-3.758132178644884,31.733644648605175],[-1.066134393604055,32.450299832737755],[-1.68113121071698,33.257815919832034],[-1.738150325211304,34.60509451480274],[-2.192973938378113,35.05424841494922],[-4.592977490814942,35.151187501863284],[-5.928758588227051,35.72785910220508],[-7.004007783325928,33.874984346345705],[-8.314414945038575,33.33848150821094],[-9.218686070832032,32.580360017732424],[-9.813266721161622,31.289060197786135],[-9.662592854889649,29.954816423372073],[-10.995675489647164,28.647979773216846]]]},"properties":{"NAME":"Watassid Morocco","SUBJECTO":"Watassid Morocco","PARTOF":"Watassid Morocco"}},
{"type":"Feature","geometry":{"type":"Polygon","coordinates":[[[-1.066134393604055,32.450299832737755],[-3.758132178644884,31.733644648605175],[-4.368893499128058,30.625225955876452],[-6.766697201765705,29.6751527906804],[-9.526433538763753,28.136939094648703],[-10.995675489647164,28.647979773216846],[-12.866208997162598,27.857324205354494],[-13.628725018891114,26.591056428865237],[-14.36725422421338,26.119227968171877],[-14.820046391876954,24.73287733645801],[-15.714025464447754,23.873057924226565],[-16.806021657379883,21.989650331453127],[-17.051907506378907,21.004098497346682],[-16.347281423004883,20.52261694522266],[-15.982691731842774,18.17839964480762],[-16.45005508938672,16.118390642122073],[-12.970049013192575,15.301143277149983],[-10.78025157739771,13.95357562435315],[-10.948697533997315,11.426886275359074],[-13.281672444733399,9.274683557466311],[-13.212491002472657,8.347035966829104],[-12.26394268551709,7.351388536409182],[-9.937263455780762,5.863056264833254],[-9.247899022492188,5.171884141877932],[-7.528605428131836,4.336791597322268],[-4.999971356781739,5.238270841554446],[-3.941593614014405,5.265976034120364],[-2.031221595200318,4.698200784639162],[-0.300653104314346,5.478011885646904],[-1.172564294695594,7.300090916929681],[-0.824188270176836,8.426723832580265],[-0.774715337644697,8.460770108880066],[0.094711114805464,8.563992646647714],[0.124146983015475,8.542967026497706],[0.55201402315522,8.237347712112173],[1.176365408507568,6.084084115937991],[3.94949725588916,6.579388700441164],[4.82339239621597,7.929541061182515],[3.369208776969106,8.057967143366966],[2.417590853752497,9.048468073241429],[2.823151034317121,10.184036578822377],[4.039831576011,10.265148614935306],[5.337624153817803,8.724019928789726],[6.878752839963379,8.642907892676803],[7.36542505664093,7.912899567660475],[7.36542505664093,6.939555134305373],[6.899720429156793,6.127803964274134],[5.383361372557861,5.610234342531008],[5.606589827147705,4.632113061860842],[6.84447959384082,4.291642270997805],[8.874658617583496,4.620119176820559],[9.92309001406787,2.824045501664919],[9.851344141570312,1.877057872728152],[9.202508005706054,-0.634416438623624],[8.81520942172168,-0.895802535101133],[9.656445536223632,-2.419099487348753],[11.772603067961914,-4.536981023832517],[12.37169078311084,-6.257806695982175],[14.576170881444337,-4.771836462325236],[15.04963703106931,-6.014685105090788],[14.990453762366187,-7.198350479153216],[14.398621075334972,-7.198350479153216],[14.329051675258405,-9.368144601960868],[13.08375838717578,-9.287485517545896],[13.816288981047851,-10.976270116850095],[13.649036440459472,-12.19675961880322],[12.585389170256835,-13.463659681364256],[12.060033831206542,-15.59366074947949],[11.782002482024414,-15.867509283109861],[11.774609598723632,-17.596052564665037],[14.415466341582519,-22.267668165250974],[14.396092447844726,-23.074791349455076],[14.909036669341308,-25.01834908871289],[14.843331369963867,-25.622223295255857],[15.45380404910205,-27.616459287687498],[16.78830054720996,-29.138924039884763],[18.178561243621093,-31.805298246427732],[18.487156900969726,-34.39771691708203],[20.256072077361328,-34.62289086727734],[22.681775126067382,-34.10311547665234],[24.429938349333984,-34.33470193295117],[26.658656153289062,-33.84707299618359],[28.92185309847949,-32.297909177824216],[30.391005549041015,-30.81392899899121],[31.56308082064746,-29.209801115080076],[32.234744104949215,-28.74441758541699],[32.76723006686328,-27.516632474943357],[33.347266230193355,-25.303612150236326],[34.88371947726367,-24.722015775724607],[35.29743102511523,-23.825008787199216],[35.26076034030078,-22.274328626676756],[34.69901565035937,-20.572248853727537],[34.72620299777148,-19.860380567594724],[35.91478255709765,-19.031639493986326],[37.2753172250664,-17.71316186337109],[39.471255335417965,-16.717016614958006],[40.38579848727343,-15.7363266125166],[40.84861663302539,-14.57864610104199],[40.40044311007617,-11.230388082548338],[39.24819753268498,-11.144871908987994],[38.23752179308735,-9.291966386392343],[37.73218392328853,-4.575479601603398],[39.41664348928457,-1.375006426210909],[42.78556262127668,1.320128879382771],[44.300696405974605,1.290809474901003],[46.360503229705074,2.667831026033205],[48.47157958468554,5.20143374057178],[49.04607299288867,6.416338048890871],[50.77938369235156,9.368420206025881],[51.18070510348437,11.777448259309573],[50.0808706613457,11.476436220125002],[48.37273289794871,8.74237368774915],[46.10630013955672,7.413775174209022],[43.605408819951776,7.335622320471369],[42.354963160149296,7.804539442897298],[41.807893183985726,8.586067980273842],[40.71375323165856,7.960845150372602],[39.072543303167805,7.491928027946678],[37.307962811858374,7.899443881178513],[36.462341722311876,8.547458998102522],[35.96004721089719,14.761559667889983],[36.08258499280275,16.109475268851163],[38.04318950329174,16.232013050756727],[39.7964468332207,15.088771425203127],[38.527468714324215,18.161315523103518],[37.43050059376394,17.70246643362347],[36.45019833851943,18.070079779340162],[35.96004721089719,19.417995380301335],[37.165026901801795,20.764269181727983],[36.800112757292965,21.914899431184573],[35.25054864164662,21.36938639551212],[32.661727152233055,20.999554754167328],[32.16137597182477,20.643373199356958],[33.87690491850263,19.663070944112462],[34.612131609936,18.070079779340162],[33.631829354691504,15.741861923134486],[33.999442700408196,13.658719630739924],[33.141678227069264,11.575577338345376],[31.671224844202516,11.575577338345376],[31.426149280391396,13.29110628502324],[31.671224844202516,15.864399705040036],[30.690922588958024,16.84470196028454],[29.4655447699024,19.172919816490214],[29.4655447699024,20.76591098126252],[30.346361205137764,22.111400591415908],[29.425700290466107,22.6637971402189],[26.1714823420025,30.315606910930608],[22.429432528192088,31.26488872689992],[21.19694627054442,31.077466980812986],[19.97024852772674,29.723181658957692],[18.85865466952491,29.56216240771757],[17.581183500626388,30.34273983624285],[15.634077778931923,30.51810135736362],[15.1447614181766,25.096705374997708],[9.670226286804233,24.217677390714584],[9.45743516862368,25.184265893032865],[13.674568238020067,26.14324713625792],[13.877496814073512,31.058845691406717],[13.078438899835579,31.825941289075136],[8.770583097822632,33.18925043867925],[8.020752939788085,33.02027853579883],[6.269234644500006,31.873469044264244],[0.873159063104652,31.985887285543306],[-1.066134393604055,32.450299832737755]],[[10.726510310804873,11.29108488399195],[10.839514746751234,10.577395203356538],[10.367754790017862,9.515935300706456],[8.71659494145107,9.044175343973091],[7.18337508206762,11.049155160089907],[4.666112064525134,11.512806771050965],[3.557502629230058,12.17797243222801],[3.779224516289073,13.656118345954777],[6.957238230801622,14.24737671144548],[9.24836439707811,13.28658186752308],[10.726510310804873,11.29108488399195]],[[14.805106907359582,12.527354373208057],[11.909027041786288,11.069362996932934],[10.726510310804873,11.29108488399195],[10.209159241000506,13.73002564164111],[11.391675971981918,15.503800738113231],[11.613397859040933,20.603404140470577],[12.056841633158964,20.972940618902264],[13.313265659826719,20.972940618902264],[17.00863044414363,15.503800738113231],[17.30425962688899,14.469098598504495],[16.47598687879659,13.368535798522009],[17.15784109649117,13.472394387972177],[19.463429408216985,13.258777579537515],[19.790688165810174,14.966649840803818],[20.515311459352628,16.476281702350597],[21.541861125204445,16.597052251274338],[22.326869693208767,15.328961487575047],[22.80995188890374,13.758944351566388],[22.628796065518124,13.215476881409547],[20.024865091429753,12.636825553834356],[20.20561443678935,12.047238403494717],[16.634139198580776,11.102857931853027],[14.992718105035632,12.097355254614666],[14.805106907359582,12.527354373208057]],[[34.37684493043314,-20.26733037407451],[34.524659521805816,-21.302032513683248],[34.08121574768779,-21.745476287801274],[32.898699016706374,-21.819383583487618],[32.23353335552933,-22.336734653291984],[31.051016624547916,-22.336734653291984],[30.238036371998195,-21.967198174860293],[30.459758259057214,-21.080310626624232],[31.346645807293275,-19.971701191329156],[31.494460398665947,-19.232628234465775],[30.903202033175244,-18.271833390543378],[30.755387441802565,-17.015409363875627],[31.71618228572496,-16.498058294071257],[32.676977129647355,-16.793687476816608],[34.746381408864835,-18.93699905172042],[34.37684493043314,-20.26733037407451]],[[-11.285589447196525,10.584656492361042],[-9.938021794399688,11.595332231958672],[-8.085116271804033,11.763778188558284],[-6.905994575606798,11.089994362159857],[-6.905994575606798,9.910872665962629],[-7.916670315204428,8.563305013165781],[-9.938021794399688,8.563305013165781],[-10.948697533997315,9.405534796163813],[-11.285589447196525,10.584656492361042]],[[6.531391647348258,16.708723671922442],[6.531391647348258,17.957857509690754],[7.15595856623241,18.45751104479807],[8.155265636447055,18.20768427724441],[8.405092404000719,17.208377207029766],[7.780525485116563,16.583810288145614],[6.531391647348258,16.708723671922442]],[[30.9986484321756,-8.767442291753097],[30.358111196637648,-9.247845218406562],[29.271176256323965,-9.187459943944692],[28.727708786167124,-9.730927414101533],[27.338847473544085,-9.610156865177789],[26.372683082154143,-10.274394884258374],[23.50438254521526,-10.334780158720244],[23.021300349520292,-10.817862354415217],[18.250863667032462,-11.119788726724574],[17.465855099028133,-8.16091027809288],[17.888552020261233,-7.375901710088554],[21.330512664587896,-6.711663691007971],[23.625153094139,-6.772048965469839],[25.3159407790714,-6.530507867622358],[25.980178798151982,-5.141646554999316],[29.19755608186222,-5.315558840605276],[29.72978619755898,-6.091787941808934],[29.91939348703638,-6.457926155972186],[30.52802734375001,-6.922753906250009],[30.9986484321756,-8.767442291753097]],[[22.689181339979996,15.328961487575047],[23.111878261213096,16.597052251274338],[27.45961802246783,18.167069387282993],[29.15040570740022,17.92552828943551],[29.99579954986642,14.24202654726136],[29.09002043293835,13.155091606947678],[24.31958375045052,12.792779960176453],[23.17226353567497,13.577788528180776],[22.689181339979996,15.328961487575047]],[[-3.020246686854049,13.656118345954777],[-5.68090933156223,12.62141620634604],[-6.493889584111951,12.769230797718713],[-7.45468442803435,14.025654824386464],[-7.45468442803435,15.13426425968154],[-5.902631218621245,17.79492690438972],[-3.537597756658419,21.268569801647622],[-1.468193477440945,21.564198984392974],[-0.507398633518548,20.972940618902264],[1.192469167267234,17.055853947526334],[3.409688037857382,14.099562120072807],[3.557502629230058,13.28658186752308],[2.74452237668034,12.473601614973362],[1.931542124130615,12.325787023600682],[-0.063954859400518,13.28658186752308],[0.083859731972161,11.73452865810998],[-1.172564294695594,10.84764110987392],[-3.168061278226727,10.921548405560255],[-3.833226939403772,12.695323502032377],[-3.020246686854049,13.656118345954777]],[[42.82216299760866,4.590923769728338],[42.82388028257523,2.959062511162713],[42.3320118699864,1.772554785900411],[38.410802849008434,1.037328094467039],[36.45019833851943,2.63031925923935],[36.08258499280275,5.693763806878394],[40.557447524183246,6.163329514406552],[41.96419889146104,5.694412391980624],[42.82216299760866,4.590923769728338]],[[34.333984375,-0.337304687500009],[34.16279296875001,-0.879199218750003],[32.81074218750001,-2.515039062500009],[31.675,-2.27685546875],[31.72285156250001,-0.7900390625],[32.20917968750001,0.008691406249994],[33.27265625000001,0.462548828124994],[34.333984375,-0.337304687500009]]]},"properties":{"NAME":null,"SUBJECTO":null,"PARTOF":null}},
{"type":"Feature","geometry":{"type":"Polygon","coordinates":[[[9.432161364165527,42.79413565249805],[8.60930064639209,42.48734625430469],[8.726921114531738,41.56056936831836],[9.45250895938037,42.04830511660938],[9.432161364165527,42.79413565249805]]]},"properties":{"NAME":"Holy Roman Empire","SUBJECTO":"Holy Roman Empire","PARTOF":"Holy Roman Empire"}},
{"type":"Feature","geometry":{"type":"Polygon","coordinates":[[[9.704930487702685,44.45989039537691],[9.979301314180319,44.04716711784334],[10.742755922881347,42.850509248689455],[11.960132972376597,42.00737273955097],[12.302206036932475,43.2775996688826],[11.169817827810615,45.067184016221326],[10.506080949104131,45.36516062784453],[9.704930487702685,44.45989039537691]]]},"properties":{"NAME":"Florence","SUBJECTO":"Florence","PARTOF":"Florence"}},
{"type":"Feature","geometry":{"type":"Polygon","coordinates":[[[7.467525371397153,43.81083423022823],[8.671724352446777,44.417403779939455],[9.979301314180319,44.04716711784334],[9.704930487702685,44.45989039537691],[8.222889433595261,44.67391216717037],[7.467525371397153,43.81083423022823]]]},"properties":{"NAME":"Genoa","SUBJECTO":"Genoa","PARTOF":"Genoa"}},
{"type":"Feature","geometry":{"type":"Polygon","coordinates":[[[-106.37952291603027,37.1815459697947],[-108.03155966048958,36.611856082813546],[-109.33351215837516,37.190501637429364],[-110.33844886137375,37.17374464893033],[-110.461870989876,36.23573647231326],[-111.18517793314578,35.45456497358191],[-111.18504437368276,35.45426142934775],[-110.97231024601234,34.97077477555137],[-110.79368672929346,34.70767350781284],[-110.05950582530336,34.471242369239754],[-109.3459620954442,34.6825525423859],[-109.34905148439545,34.71918386852223],[-109.34905148439545,34.71918386852224],[-109.37691057497135,35.04951308535083],[-109.37691057497133,35.049513085350846],[-109.08235861905847,35.29908109653326],[-108.88277359210669,35.37031438641379],[-108.43994431355743,35.29908109653326],[-107.24544169877444,35.1125438131931],[-106.69219817067298,35.97711562049256],[-105.26852713719904,36.45272855529419],[-106.37952291603027,37.1815459697947]]]},"properties":{"NAME":"Navaho","SUBJECTO":"Navaho","PARTOF":"Navaho"}},
{"type":"Feature","geometry":{"type":"Polygon","coordinates":[[[-87.77847249779614,38.364405607379354],[-88.37139849611115,37.08733422639315],[-87.68725311343998,35.79505961468094],[-86.69253429627324,35.11211833722317],[-86.66863665479623,35.09571100128373],[-83.25282200860906,36.668996225569444],[-81.87694142117128,37.363193255759306],[-82.06205774481032,38.3339991459273],[-83.0958774341801,38.95733160569437],[-86.07571065648122,39.200583297310786],[-87.77847249779614,38.364405607379354]]]},"properties":{"NAME":"Shawnee","SUBJECTO":"Shawnee","PARTOF":"Shawnee"}},
{"type":"Feature","geometry":{"type":"Polygon","coordinates":[[[-91.98128915859135,30.233195057891454],[-92.0171061297012,29.824881587239233],[-91.24035355130079,29.320912919954104],[-90,29.108672700837893],[-89.5233210054048,29.97556521147339],[-91.18373730678027,29.85632625098658],[-91.98128915859135,30.233195057891454]]]},"properties":{"NAME":"Chtimacha","SUBJECTO":"Chtimacha","PARTOF":"Chtimacha"}},
{"type":"Feature","geometry":{"type":"Polygon","coordinates":[[[-75.36569066714866,42.0612543737722],[-75.9401368764961,39.646434389070315],[-75.85812088528516,39.435584627107424],[-75.04757940649903,38.53801769144153],[-74.15280624905469,39.765235506013674],[-74.220001,40.51166500000011],[-74.233887,40.535553],[-73.78397079983594,40.88204916568164],[-73.74267824844519,41.50106744143032],[-74.60377647545405,42.64449295598307],[-75.36569066714866,42.0612543737722]]]},"properties":{"NAME":"Delaware","SUBJECTO":"Delaware","PARTOF":"Delaware"}},
{"type":"Feature","geometry":{"type":"Polygon","coordinates":[[[-98.4232320892691,29.693838468595573],[-97.47856133021726,31.104075520332106],[-98.39775028351852,31.382930596052717],[-99.45396032491661,32.23910615254144],[-99.68534829618442,33.9429630318771],[-101.2664930690788,35.945675101031995],[-101.68369895713364,37.62413530204674],[-103.30341475600721,35.920278422712215],[-103.30341475600828,35.92027842271107],[-104.16749087011537,35.39004989814536],[-103.82929650888966,34.2164215433754],[-103.36652056635405,32.38635304334822],[-100.30418200680661,31.123415811274594],[-100.10605369849013,31.04009575597215],[-100.10605369848952,31.040095755971898],[-100.1060536984895,31.040095755971887],[-98.4232320892691,29.693838468595573]]]},"properties":{"NAME":"Comanche","SUBJECTO":"Comanche","PARTOF":"Comanche"}},
{"type":"Feature","geometry":{"type":"Polygon","coordinates":[[[-101.05626648966626,42.41722110705221],[-101.39299146182705,41.716469137960836],[-100.7104408425822,41.01571716886945],[-99.51825242763452,38.767850462823056],[-97.80732554206074,38.77695113774632],[-97.04301635036605,40.249412514847855],[-96.72344406498415,41.19156944072448],[-98.29306568372365,42.317467187198496],[-100.85559165206374,42.761573490520185],[-100.87425299120095,42.76304675413627],[-101.05626648966626,42.41722110705221]]]},"properties":{"NAME":"Pawnee","SUBJECTO":"Pawnee","PARTOF":"Pawnee"}},
{"type":"Feature","geometry":{"type":"Polygon","coordinates":[[[-103.4785476511278,42.611278986492934],[-102.22930007330952,44.16522109548633],[-103.21955729962883,45.193565138203205],[-103.69945118622987,45.300208224114535],[-104.55259587352057,45.07168732573309],[-104.55259587352057,45.07168732573311],[-105.97704280676489,43.31207640819602],[-104.16411034627212,41.971420471024906],[-103.4785476511278,42.611278986492934]]]},"properties":{"NAME":"Cheyenne","SUBJECTO":"Cheyenne","PARTOF":"Cheyenne"}},
{"type":"Feature","geometry":{"type":"Polygon","coordinates":[[[-85.82409479865697,31.863895471171546],[-86.10714598487864,32.913492335890616],[-87.16207788207511,32.95345187745107],[-87.16207788207511,32.95345187745109],[-87.32191604831701,31.86655234700624],[-85.82409479865697,31.863895471171546]]]},"properties":{"NAME":"Alabama","SUBJECTO":"Alabama","PARTOF":"Alabama"}},
{"type":"Feature","geometry":{"type":"Polygon","coordinates":[[[-89.95060900762762,32.957507927419755],[-90.76271555917886,32.969934269768736],[-91.62596598967967,32.957145374502055],[-91.62596598967966,31.93861997914048],[-90.40870393180853,32.05040935180212],[-89.97350313269683,32.57975486377784],[-89.95060900762762,32.957507927419755]]]},"properties":{"NAME":"Tunica","SUBJECTO":"Tunica","PARTOF":"Tunica"}},
{"type":"Feature","geometry":{"type":"Polygon","coordinates":[[[-83.73586072216315,30.375271813319944],[-85.06384630872633,30.34373884313003],[-85.07528994140802,30.311448369704713],[-85.30477615872266,29.66390760989551],[-83.84666948531954,30.012065311862894],[-83.73586072216315,30.375271813319944]]]},"properties":{"NAME":"Apalachee","SUBJECTO":"Apalachee","PARTOF":"Apalachee"}},
{"type":"Feature","geometry":{"type":"Polygon","coordinates":[[[-104.5369739366403,47.134040143982624],[-105.00726225460369,47.760682177949725],[-106.18901899358839,47.90581019852679],[-107.81177701395879,47.194312593258424],[-110.1762472023935,46.77965483479044],[-111.54866886905845,45.506684013536],[-110.27913260322268,44.74806491673072],[-107.30900255904729,43.97698591895234],[-107.1797746038992,43.95803248553062],[-106.82274071672225,43.7149455836229],[-105.97704280676489,43.31207640819602],[-104.55259587352057,45.07168732573311],[-104.5369739366403,47.134040143982624]]]},"properties":{"NAME":"Crow","SUBJECTO":"Crow","PARTOF":"Crow"}},
{"type":"Feature","geometry":{"type":"Polygon","coordinates":[[[-95.3510003821267,34.04754576404964],[-95.45428003980099,35.13198216962977],[-97.50954522751955,34.88411099121146],[-98.95546043495973,34.99771861465319],[-99.68534829618442,33.9429630318771],[-99.45396032491661,32.23910615254144],[-98.39775028351852,31.382930596052717],[-97.47856133021726,31.104075520332106],[-96.82789948686917,32.35375937819113],[-96.1462537462188,33.32458816032954],[-95.39231224519642,33.61377120181758],[-95.3510003821267,34.04754576404964]]]},"properties":{"NAME":"Wichita","SUBJECTO":"Wichita","PARTOF":"Wichita"}},
{"type":"Feature","geometry":{"type":"Polygon","coordinates":[[[-88.37139849611115,37.08733422639315],[-87.77847249779614,38.364405607379354],[-87.74494533803735,40.33680289601044],[-87.38195518498446,41.63779965808821],[-87.79131591812559,42.82891446913748],[-89.10477071021725,42.89056799968299],[-89.83227397533817,42.6757952697234],[-91.04080274460885,43.84312419458713],[-91.13500390500108,43.93411395178418],[-92.45253758386472,42.69059901892412],[-91.3676375931531,42.10820997720949],[-91.32745264461039,41.535906581268364],[-92.0380326062447,40.86973786723616],[-92.7955491708819,40.33667065508406],[-92.79554917088191,40.33667065508406],[-92.21567759665328,40.085139159598285],[-91.62603616572511,38.46949748184911],[-90.52805018777178,37.93859552549461],[-90.80696324825423,37.1752545178584],[-89.10356147122943,36.94822815955451],[-88.37139849611115,37.08733422639315]]]},"properties":{"NAME":"Illinnois","SUBJECTO":"Illinnois","PARTOF":"Illinnois"}},
{"type":"Feature","geometry":{"type":"Polygon","coordinates":[[[-75.85812088528516,39.435584627107424],[-76.26009079495313,39.20100363345508],[-75.43080612698438,37.993045412019534],[-75.04757940649903,38.53801769144153],[-75.85812088528516,39.435584627107424]]]},"properties":{"NAME":"Ninticoy","SUBJECTO":"Ninticoy","PARTOF":"Ninticoy"}},
{"type":"Feature","geometry":{"type":"Polygon","coordinates":[[[-73.74267824844519,41.50106744143032],[-73.78397079983594,40.88204916568164],[-72.42702868683881,41.33389749027386],[-72.48690587182661,41.90967989959249],[-73.0816353605626,42.177035357831606],[-73.74267824844519,41.50106744143032]]]},"properties":{"NAME":"Wappynger","SUBJECTO":"Wappynger","PARTOF":"Wappynger"}},
{"type":"Feature","geometry":{"type":"Polygon","coordinates":[[[-73.10777661890913,44.65575336216806],[-73.66155727757948,43.27130171549219],[-74.60377647545405,42.64449295598307],[-73.74267824844519,41.50106744143032],[-73.0816353605626,42.177035357831606],[-72.51707724966077,43.5789576369757],[-72.65859897354318,43.69586688713946],[-73.10777661890913,44.65575336216806]]]},"properties":{"NAME":"Mahicacn","SUBJECTO":"Mahicacn","PARTOF":"Mahicacn"}},
{"type":"Feature","geometry":{"type":"Polygon","coordinates":[[[-72.10481831487283,42.89596149128229],[-72.51707724966076,43.578957636975694],[-72.51707724966077,43.5789576369757],[-73.0816353605626,42.177035357831606],[-72.48690587182661,41.90967989959249],[-72.33863681520032,42.20681222715919],[-72.10481831487283,42.89596149128229]]]},"properties":{"NAME":"Pocumtuk","SUBJECTO":"Pocumtuk","PARTOF":"Pocumtuk"}},
{"type":"Feature","geometry":{"type":"Polygon","coordinates":[[[-71.2335950245947,45.32694315699413],[-70.5363282827461,43.40421637149219],[-70.21647354641797,43.79962118716602],[-67.90804764309766,44.47718771548633],[-67.08720566012,44.96939188225045],[-67.90454531746823,45.67192240125595],[-67.8441739497224,47.060463859409744],[-69.22409092676966,47.465814471417374],[-71.23359502459472,45.32694315699413],[-71.2335950245947,45.32694315699413]]]},"properties":{"NAME":"Abnaki","SUBJECTO":"Abnaki","PARTOF":"Abnaki"}},
{"type":"Feature","geometry":{"type":"Polygon","coordinates":[[[-71.73578517747991,41.95148729649232],[-70.53360889268718,42.01861389107465],[-71.26911802502143,42.58286050275967],[-71.73578517747991,41.95148729649232]]]},"properties":{"NAME":"Masachuset","SUBJECTO":"Masachuset","PARTOF":"Masachuset"}},
{"type":"Feature","geometry":{"type":"Polygon","coordinates":[[[-76.34232382940431,39.448404368339894],[-75.9401368764961,39.646434389070315],[-75.36569066714866,42.0612543737722],[-78.13373214942634,42.4034624171451],[-78.78951038504476,40.66010983009217],[-77.79947159048069,39.936951058410585],[-76.34232382940431,39.448404368339894]]]},"properties":{"NAME":"Susquehanna","SUBJECTO":"Susquehanna","PARTOF":"Susquehanna"}},
{"type":"Feature","geometry":{"type":"Polygon","coordinates":[[[-106.52596767334906,42.12193885650528],[-105.11691384120113,40.86078648722786],[-104.25812082563621,39.82192396839933],[-104.16161670445695,37.77925340343811],[-102.87489508873333,37.602329181276104],[-102.87489508873333,36.3799436463387],[-101.68369895713364,37.62413530204674],[-99.51825242763452,38.767850462823056],[-100.7104408425822,41.01571716886945],[-103.19657549266424,41.607250210215824],[-104.16411034627212,41.971420471024906],[-105.97704280676489,43.31207640819602],[-106.82274071672225,43.7149455836229],[-106.52596767334906,42.12193885650528]]]},"properties":{"NAME":"Arapaho","SUBJECTO":"Arapaho","PARTOF":"Arapaho"}},
{"type":"Feature","geometry":{"type":"Polygon","coordinates":[[[-97.50954522751955,34.88411099121146],[-96.58604319188419,37.248480736952146],[-97.16036999789416,38.29405296871114],[-97.80732554206074,38.77695113774632],[-99.51825242763452,38.767850462823056],[-101.68369895713364,37.62413530204674],[-101.2664930690788,35.945675101031995],[-99.68534829618442,33.9429630318771],[-98.95546043495973,34.99771861465319],[-97.50954522751955,34.88411099121146]]]},"properties":{"NAME":"Kiowa","SUBJECTO":"Kiowa","PARTOF":"Kiowa"}},
{"type":"Feature","geometry":{"type":"Polygon","coordinates":[[[-96.1462537462188,33.32458816032954],[-96.82789948686917,32.35375937819113],[-97.47856133021726,31.104075520332106],[-98.4232320892691,29.693838468595573],[-97.53611169623842,28.691465789496398],[-97.52748910202521,28.681722971125645],[-95.82107409841741,29.644863567672523],[-95.97238192508706,30.839977898193798],[-95.468153931033,31.216012334437504],[-95.56051180331148,31.669641073064707],[-95.226076736333,32.275378205851744],[-94.51842330596469,32.50765427415016],[-95.39231224519641,33.613771201817556],[-95.39231224519642,33.61377120181758],[-96.1462537462188,33.32458816032954]]]},"properties":{"NAME":"Tonkawa","SUBJECTO":"Tonkawa","PARTOF":"Tonkawa"}},
{"type":"Feature","geometry":{"type":"Polygon","coordinates":[[[-111.18517793314578,35.45456497358191],[-110.461870989876,36.23573647231326],[-111.17776884588511,35.47616956878699],[-111.18517793314578,35.45456497358191]]]},"properties":{"NAME":"Hopie","SUBJECTO":"Hopie","PARTOF":"Hopie"}},
{"type":"Feature","geometry":{"type":"Polygon","coordinates":[[[-114.14388094761765,34.83250731041746],[-113.94056630351002,34.352099932466494],[-114.33442392857172,33.186937791659],[-113.82810539749218,32.949600980215465],[-112.77398072180549,33.13685626589771],[-111.77041978920226,33.49201053281351],[-111.23190012067445,33.55347201672158],[-111.28900801897555,33.91112400743407],[-111.54498681112962,34.3967681481131],[-111.87765434603523,35.1052555786394],[-112.82366979110384,35.15620091934511],[-114.14388094761765,34.83250731041746]]]},"properties":{"NAME":"Yavapai","SUBJECTO":"Yavapai","PARTOF":"Yavapai"}},
{"type":"Feature","geometry":{"type":"Polygon","coordinates":[[[-115.23616955994761,34.012484270982426],[-116.21343770258828,34.710532944297185],[-116.58083174117499,35.75393201388345],[-116.58083174117499,35.75393201388344],[-117.50666471841352,35.114666386742556],[-118.40310617256507,35.46001678301408],[-119.04237179970598,35.21753671754685],[-119.04237179970599,35.21753671754685],[-118.59956791263996,34.597891361844965],[-117.3824020846737,34.37985696059214],[-116.88209485281607,34.15944188641711],[-116.88209485281607,34.15944188641712],[-115.23616955994761,34.012484270982426]]]},"properties":{"NAME":"Serano","SUBJECTO":"Serano","PARTOF":"Serano"}},
{"type":"Feature","geometry":{"type":"Polygon","coordinates":[[[-107.12835368727279,33.2154507776518],[-107.07935460353,34.44864707236501],[-107.37366522910754,33.50565180265738],[-107.12835368727279,33.2154507776518]]]},"properties":{"NAME":"Riro","SUBJECTO":"Riro","PARTOF":"Riro"}},
{"type":"Feature","geometry":{"type":"Polygon","coordinates":[[[-101.1434807206064,44.71544836682872],[-99.97856675919758,44.78775337132995],[-100.21154955147935,46.35436180219013],[-101.27202295083084,46.3463279128011],[-101.1434807206064,44.71544836682872]]]},"properties":{"NAME":"Arikara","SUBJECTO":"Arikara","PARTOF":"Arikara"}},
{"type":"Feature","geometry":{"type":"Polygon","coordinates":[[[-121.93564812151612,38.1792131838537],[-121.82312270822358,37.87929363674449],[-120.78221832788924,38.224839763003025],[-119.7024616473571,37.61811095538051],[-119.61181839475704,37.63938010106726],[-119.36647919471261,37.96795938684105],[-119.48006136673843,38.31560986839534],[-120.10759009682138,38.86992801157198],[-120.95089598915344,38.88587974053566],[-121.93564812151612,38.1792131838537]]]},"properties":{"NAME":"Miwok","SUBJECTO":"Miwok","PARTOF":"Miwok"}},
{"type":"Feature","geometry":{"type":"Polygon","coordinates":[[[-98.01161688271095,42.75679076834481],[-97.27177505614297,42.903406197590826],[-96.0980311547033,41.93732970651684],[-94.65676516992386,42.093683687078666],[-94.02634638165107,42.62892198288778],[-94.58506654540005,44.21201853256474],[-95.82585473678712,44.51207262976276],[-97.28335569627548,44.397308774684944],[-99.81951588529571,44.52469581614258],[-99.86174262489138,44.3276376980296],[-98.01161688271095,42.75679076834481]]]},"properties":{"NAME":"Yankton","SUBJECTO":"Yankton","PARTOF":"Yankton"}},
{"type":"Feature","geometry":{"type":"Polygon","coordinates":[[[-125.45960709133985,49.16794928164844],[-124.71793076077344,49.49057348819141],[-125.71859451809766,50.409427247957034],[-126.96117111721875,50.05743368716602],[-125.45960709133985,49.16794928164844]]]},"properties":{"NAME":"Kwakwaka'wakw","SUBJECTO":"Kwakwaka'wakw","PARTOF":"Kwakwaka'wakw"}},
{"type":"Feature","geometry":{"type":"Polygon","coordinates":[[[-124.57726761380079,71.89828070254688],[-123.46767136135938,71.19864233584767],[-120.84349533596875,71.53027685733204],[-120.45359512844922,72.29851111026173],[-115.65367600003125,73.63253363223438],[-121.23873611966016,74.58000525088673],[-124.06482407132032,73.86521490664845],[-125.34129044094922,72.96895941348438],[-124.57726761380079,71.89828070254688]]]},"properties":{"NAME":null,"SUBJECTO":null,"PARTOF":null}},
{"type":"Feature","geometry":{"type":"Polygon","coordinates":[[[-87.05285355130079,63.751990877107424],[-84.65469070950391,63.31390341372852],[-82.10960861721875,64.6435733661211],[-85.5575456289375,65.86355169864063],[-87.05285355130079,63.751990877107424]]]},"properties":{"NAME":null,"SUBJECTO":null,"PARTOF":null}},
{"type":"Feature","geometry":{"type":"Polygon","coordinates":[[[-76.79418655911329,68.14715155215626],[-77.06481644192579,67.328731142],[-75.77039810696485,67.30152472110157],[-75.11950394192579,68.11297186465626],[-76.79418655911329,68.14715155215626]]]},"properties":{"NAME":null,"SUBJECTO":null,"PARTOF":null}},
{"type":"Feature","geometry":{"type":"Polygon","coordinates":[[[-98.87789627591016,68.88511999698048],[-95.51456924954297,68.80868872256642],[-97.74158188382032,69.8315616473711],[-98.87789627591016,68.88511999698048]]]},"properties":{"NAME":null,"SUBJECTO":null,"PARTOF":null}},
{"type":"Feature","geometry":{"type":"Polygon","coordinates":[[[-111.64081284085157,72.7252612933672],[-114.64695450344922,73.35488470645313],[-118.98560806790235,72.03416784854298],[-117.31387802639844,71.47455175967579],[-117.56819626370313,69.99218329043751],[-113.15218063870313,68.59556921573048],[-110.44822403469922,68.65314062686329],[-106.8538331655586,69.45092352481251],[-104.18777176419141,68.89776190371876],[-101.80838486233594,69.13564642520313],[-101.05518051663282,70.03077276797657],[-103.86364456692579,70.70147284121876],[-105.31259628811719,72.65014227481251],[-111.64081284085157,72.7252612933672]]]},"properties":{"NAME":null,"SUBJECTO":null,"PARTOF":null}},
{"type":"Feature","geometry":{"type":"Polygon","coordinates":[[[-101.40628525296094,72.29484900088673],[-98.93899246731641,71.39222296328907],[-96.84962173977735,71.87977179141407],[-96.68853470364454,72.81653936953907],[-99.66770645657422,73.91888769717579],[-101.40628525296094,72.29484900088673]]]},"properties":{"NAME":null,"SUBJECTO":null,"PARTOF":null}},
{"type":"Feature","geometry":{"type":"Polygon","coordinates":[[[-95.49306198635938,73.61426123233204],[-95.05836960354688,72.28313788028126],[-92.00058456936719,72.84113653750782],[-90,73.99981268496876],[-95.06853958645704,74.06405218692188],[-95.49306198635938,73.61426123233204]]]},"properties":{"NAME":null,"SUBJECTO":null,"PARTOF":null}},
{"type":"Feature","geometry":{"type":"MultiPolygon","coordinates":[[[[-94.74057321101562,59.85598193569289],[-93.42261978665235,61.85803183169727],[-87.4352311758125,64.56887396426563],[-88.17144485989454,65.13038214297657],[-85.98714920559766,66.16278418155079],[-83.13871475735547,66.37349279971485],[-81.29496475735547,67.49872931094532],[-82.68726822415235,68.69747503848438],[-81.47992416897657,69.18864782901173],[-84.31351944485547,69.8262134418047],[-86.48843857327344,67.37778814883595],[-88.32388016262891,67.81254919619923],[-88.90501877346875,69.22760351748829],[-92.6712159780586,69.74241217227345],[-91.65772720852735,70.28584631533985],[-93.2711686758125,71.55854376407032],[-95.41064926663282,71.85898932071095],[-96.69965073147657,70.83835943789845],[-96.12698074856641,69.94084509463673],[-92.95613571682813,69.08434637637501],[-96.20792862454297,68.07355078311329],[-101.91296860257032,67.70532568545704],[-105.63597580471875,68.35485418887501],[-107.66202255764844,67.96261938662892],[-112.50253006497266,67.69295843692188],[-115.2851075796211,68.89208563418751],[-117.83234116116407,69.00779303164845],[-123.07813818797997,69.83523760141962],[-107.51282838068006,58.89569747249361],[-94.74057321101562,59.85598193569289]]],[[[-71.87857529202344,63.80190237613086],[-71.3189210561836,63.06125982852344],[-69.15526291409375,62.419620119050784],[-65.94033524075391,61.789996705964846],[-66.49595352688672,63.07743414492969],[-64.47394272366407,63.74430426211719],[-67.61417099514844,65.91180761905079],[-62.84475418606641,65.61426123233204],[-61.21058365383985,66.63500555606251],[-68.66534897366407,68.71612890811329],[-66.6681413320625,69.18608435244923],[-69.46268173733594,69.96011694522267],[-71.2525148061836,71.35079535098438],[-73.27524277249219,71.16077002139454],[-75.32202621975782,72.54841955752735],[-80.48866745510938,73.0370059833086],[-81.53178116360547,73.68835791201954],[-88.09924789944532,73.63606604190235],[-89.63864609280469,72.78225287051563],[-89.99718185940625,71.54128607364063],[-87.94921585598829,71.35059698672657],[-87.94801041165235,70.38491400332813],[-82.26922318020704,69.86035498233204],[-78.71291824856641,70.01144751162892],[-73.18491837063672,68.29580267520313],[-72.30491348782422,67.26360663028126],[-75.78904434719922,65.1971851214922],[-71.87857529202344,63.80190237613086]]]]},"properties":{"NAME":"T'atsaot'ine","SUBJECTO":"T'atsaot'ine","PARTOF":"T'atsaot'ine"}},
{"type":"Feature","geometry":{"type":"Polygon","coordinates":[[[-90,75.96777685733204],[-92.36552139798047,75.4212833270586],[-89.69807907620313,74.61462744326954],[-80.34932419339063,74.61590155215626],[-79.49518295803907,75.27981146426563],[-81.70312210598829,75.87495001407032],[-86.6179933218086,75.43215521426563],[-90,75.96777685733204]]]},"properties":{"NAME":null,"SUBJECTO":null,"PARTOF":null}},
{"type":"Feature","geometry":{"type":"Polygon","coordinates":[[[-90,82.01732977481251],[-86.32239243069532,80.11429174991017],[-85.8068132070625,78.90618475528126],[-87.27270981350782,76.50420721621876],[-78.21225449124219,76.54684790225392],[-78.36676498928907,78.03287085147267],[-71.45447250882032,79.84579046817188],[-66.48169418850782,81.30288275332813],[-62.42710205593946,82.63357122989063],[-76.38208481350782,83.15191229434376],[-90,82.01732977481251]]]},"properties":{"NAME":null,"SUBJECTO":null,"PARTOF":null}},
{"type":"Feature","geometry":{"type":"Polygon","coordinates":[[[-100.09701248684766,75.7648120746172],[-97.81654068508985,76.47571142764454],[-100.06742569485547,76.67499884219532],[-101.88489243069532,76.33266790957813],[-100.09701248684766,75.7648120746172]]]},"properties":{"NAME":null,"SUBJECTO":null,"PARTOF":null}},
{"type":"Feature","geometry":{"type":"Polygon","coordinates":[[[-96.80946823635938,76.9196964129961],[-95.87341782132032,76.51327856631642],[-93.93760391751172,76.39846380801563],[-94.19506546536329,76.8990665301836],[-96.80946823635938,76.9196964129961]]]},"properties":{"NAME":null,"SUBJECTO":null,"PARTOF":null}},
{"type":"Feature","geometry":{"type":"Polygon","coordinates":[[[-113.02425095120313,77.6020923480547],[-110.61967178860547,77.5374942645586],[-109.6612062124336,77.9498706683672],[-113.00970169583204,77.92320593448048],[-113.02425095120313,77.6020923480547]]]},"properties":{"NAME":null,"SUBJECTO":null,"PARTOF":null}},
{"type":"Feature","geometry":{"type":"Polygon","coordinates":[[[-98.34324356594922,78.80250128360157],[-97.45977493801954,78.10106237979298],[-95.09702774563672,78.43840368838673],[-98.34324356594922,78.80250128360157]]]},"properties":{"NAME":null,"SUBJECTO":null,"PARTOF":null}},
{"type":"Feature","geometry":{"type":"Polygon","coordinates":[[[-115.80212112942579,76.34003790469532],[-117.39662643948438,75.40709265323048],[-112.20279404202344,74.49975927920704],[-109.07034012356641,75.13287695498829],[-105.77345749417188,75.23006781192188],[-105.91720291653516,76.02183874698048],[-111.38564011135938,75.65990789981251],[-115.80212112942579,76.34003790469532]]]},"properties":{"NAME":null,"SUBJECTO":null,"PARTOF":null}},
{"type":"Feature","geometry":{"type":"Polygon","coordinates":[[[-121.45937058010938,76.270137392],[-120.09985825100782,75.97814520450001],[-118.73600479641797,76.93774756045704],[-121.57771774807813,76.70210608096485],[-121.45937058010938,76.270137392]]]},"properties":{"NAME":null,"SUBJECTO":null,"PARTOF":null}},
{"type":"Feature","geometry":{"type":"Polygon","coordinates":[[[-100.8882341055,78.18188055606251],[-99.89162155667188,78.65814550967579],[-102.56874558010938,79.01609381289845],[-104.16248032132032,78.29821356387501],[-100.8882341055,78.18188055606251]]]},"properties":{"NAME":null,"SUBJECTO":null,"PARTOF":null}},
{"type":"Feature","geometry":{"type":"Polygon","coordinates":[[[-89.27208420315625,80.38938482852345],[-92.02487656155469,81.25921972842579],[-96.43336960354688,79.93342169375782],[-92.70153519192579,78.43416937442188],[-87.78725906887891,78.72545202823048],[-87.33572861233594,80.09295996280079],[-89.27208420315625,80.38938482852345]]]},"properties":{"NAME":null,"SUBJECTO":null,"PARTOF":null}},
{"type":"Feature","geometry":{"type":"Polygon","coordinates":[[[-76.47167326414613,56.546766108381256],[-61.40771888387985,57.04843983552924],[-64.67062088528516,60.180919252351565],[-65.86144730130079,58.79534109683399],[-67.77240463772657,58.2485423907793],[-69.21422287503125,58.7476764545],[-70.02829453030469,60.88317068667774],[-73.39458176175,62.354999147371096],[-75.69460007229688,62.21628912539844],[-77.36155411282422,62.517493806794924],[-77.50717636624219,60.414630495027346],[-78.33678909817579,58.551471315339846],[-76.77238174954297,57.66250189395313],[-76.47167326414613,56.546766108381256]]]},"properties":{"NAME":"Naskapi Innu","SUBJECTO":"Naskapi Innu","PARTOF":"Naskapi Innu"}},
{"type":"Feature","geometry":{"type":"Polygon","coordinates":[[[-82.70505100937577,28.523100149453118],[-82.84134384671094,27.838002763704104],[-81.09792038479688,25.12504728885059],[-80.31409927883985,25.243880830720705],[-80.04998489895704,26.551089845613284],[-80.59782184628624,28.523100149453118],[-82.70505100937577,28.523100149453118]]]},"properties":{"NAME":"Caloosahatchee culture","SUBJECTO":"Caloosahatchee culture","PARTOF":"Caloosahatchee culture"}},
{"type":"Feature","geometry":{"type":"Polygon","coordinates":[[[-102.58727206061094,53.56473014082671],[-100.08972375062079,52.30864516671072],[-98.48766099932753,52.35247201427655],[-92.13513351290365,52.52625500347626],[-81.9875022933311,52.80385879037878],[-82.34120651763125,52.980823122186045],[-82.33005997219922,54.14342459292774],[-82.3993425039375,54.27056463809375],[-82.20208450850268,54.968871675529726],[-84.46836563626172,55.1668773517168],[-87.46717545071485,55.91202887149219],[-89.72552200833204,56.93423422427539],[-91.33692642727735,57.16312750430469],[-92.18014999905469,56.97045858950977],[-93.07417770901563,58.55101355166797],[-94.68383499661329,58.87849386783008],[-94.74057321101562,59.85598193569289],[-107.51282838068006,58.89569747249361],[-112.44918874467501,58.52455626842842],[-111.97660968507122,58.28688340601539],[-102.58727206061094,53.56473014082671]]]},"properties":{"NAME":"Cree","SUBJECTO":"Cree","PARTOF":"Cree"}},
{"type":"Feature","geometry":{"type":"Polygon","coordinates":[[[-61.686668,17.024441000000138],[-61.794449,17.16333],[-61.887222,17.033054000000106],[-61.686668,17.024441000000138]]]},"properties":{"NAME":null,"SUBJECTO":null,"PARTOF":null}},
{"type":"Feature","geometry":{"type":"Polygon","coordinates":[[[-14.50982440309849,28.050049749026638],[-13.880964773397412,28.19936673357924],[-14.147020770578637,28.391039461179965],[-14.50982440309849,28.050049749026638]]]},"properties":{"NAME":"Guanches","SUBJECTO":"Guanches","PARTOF":"Guanches"}},
{"type":"Feature","geometry":{"type":"Polygon","coordinates":[[[142.41326430758593,-3.307272829099851],[139.591990503875,-2.37915674595471],[137.8543196054375,-1.613961376234251],[136.27088454684375,-2.418122448011594],[135.24643996676562,-3.538871921583372],[134.28306106051562,-2.854586996122556],[133.90731337985156,-1.006078936144071],[132.25400832614062,-0.526697672887998],[131.21142104586718,-1.02463797478314],[132.71871474703906,-2.934237636610227],[132.71282485446093,-3.887547172590452],[134.04062941989062,-3.948230661436277],[137.38517287692187,-5.123125947996336],[137.82358840426562,-5.427235998197752],[139.15613845309375,-7.725116647764402],[140.94761184176562,-9.273864187284666],[142.60740188082812,-9.376576818510252],[143.43680861910937,-8.357819952055173],[144.37983230075,-7.758321680113035],[145.81963637789843,-8.09844247250195],[146.64609816989062,-9.27887574581738],[147.87362197360156,-10.178817190214353],[149.78336623629687,-10.409889616056638],[149.8299055429375,-9.71058026699658],[148.58870986422656,-9.160280622526365],[147.37603286227343,-7.796340860410886],[146.90914443453906,-6.894825376554685],[147.3764906259453,-6.124768175169187],[145.59342483004687,-5.423136152311521],[145.728220972625,-4.997029222532468],[143.445506128875,-3.610096134229856],[142.41326430758593,-3.307272829099851]]]},"properties":{"NAME":"Papous","SUBJECTO":"Papous","PARTOF":"Papous"}},
{"type":"Feature","geometry":{"type":"Polygon","coordinates":[[[-59.533058,13.050554],[-59.429169,13.164999],[-59.659447,13.287777],[-59.643333,13.149166],[-59.533058,13.050554]]]},"properties":{"NAME":null,"SUBJECTO":null,"PARTOF":null}},
{"type":"Feature","geometry":{"type":"Polygon","coordinates":[[[-61.363617,15.198055],[-61.25528,15.285],[-61.304169,15.57361],[-61.474724,15.486387],[-61.363617,15.198055]]]},"properties":{"NAME":null,"SUBJECTO":null,"PARTOF":null}},
{"type":"Feature","geometry":{"type":"Polygon","coordinates":[[[-61.746948,11.997499],[-61.59639,12.125555],[-61.724724,12.172222],[-61.746948,11.997499]]]},"properties":{"NAME":null,"SUBJECTO":null,"PARTOF":null}},
{"type":"Feature","geometry":{"type":"Polygon","coordinates":[[[-60.86084,14.402777],[-60.829727,14.57],[-61.034447,14.829166],[-61.231674,14.809444],[-61.03389,14.465832],[-60.86084,14.402777]]]},"properties":{"NAME":null,"SUBJECTO":null,"PARTOF":null}},
{"type":"Feature","geometry":{"type":"Polygon","coordinates":[[[-62.171394,16.671387],[-62.137505,16.692776],[-62.176392,16.808609],[-62.236671,16.711941],[-62.171394,16.671387]]]},"properties":{"NAME":null,"SUBJECTO":null,"PARTOF":null}},
{"type":"Feature","geometry":{"type":"Polygon","coordinates":[[[-63.167778,18.164444],[-62.993057,18.227219],[-63.057503,18.256386],[-63.167778,18.164444]]]},"properties":{"NAME":null,"SUBJECTO":null,"PARTOF":null}},
{"type":"Feature","geometry":{"type":"Polygon","coordinates":[[[-62.701668,17.336941],[-62.812782,17.409443000000124],[-62.863892,17.370831000000123],[-62.778336,17.292221],[-62.701668,17.336941]]]},"properties":{"NAME":null,"SUBJECTO":null,"PARTOF":null}},
{"type":"Feature","geometry":{"type":"Polygon","coordinates":[[[-60.954727,13.709444],[-60.878059,13.956665],[-61.075005,13.896944],[-60.954727,13.709444]]]},"properties":{"NAME":null,"SUBJECTO":null,"PARTOF":null}},
{"type":"Feature","geometry":{"type":"Polygon","coordinates":[[[-61.173058,13.1325],[-61.123337,13.248888000000136],[-61.208893,13.367777],[-61.278061,13.250277],[-61.173058,13.1325]]]},"properties":{"NAME":null,"SUBJECTO":null,"PARTOF":null}},
{"type":"Feature","geometry":{"type":"Polygon","coordinates":[[[-64.761948,17.774166],[-64.870834,17.774719],[-64.888901,17.686943],[-64.738892,17.708054],[-64.761948,17.774166]]]},"properties":{"NAME":null,"SUBJECTO":null,"PARTOF":null}},
{"type":"Feature","geometry":{"type":"Polygon","coordinates":[[[-61.346115,16.334164],[-61.49889399999989,16.34861000000012],[-61.793892,16.241943000000106],[-61.695007,15.949165],[-61.55277999999987,16.054443000000106],[-61.581116,16.204720000000123],[-61.346115,16.334164]]]},"properties":{"NAME":null,"SUBJECTO":null,"PARTOF":null}},
{"type":"Feature","geometry":{"type":"Polygon","coordinates":[[[-68.965561,12.198889],[-69.077789,12.34861],[-69.15834,12.311388],[-69.0625,12.188332000000116],[-68.83223,12.049444000000108],[-68.824173,12.160276000000124],[-68.965561,12.198889]]]},"properties":{"NAME":null,"SUBJECTO":null,"PARTOF":null}},
{"type":"Feature","geometry":{"type":"Polygon","coordinates":[[[-63.011459,18.067276],[-63.045006,18.121387],[-63.139839,18.058601],[-63.011459,18.067276]]]},"properties":{"NAME":null,"SUBJECTO":null,"PARTOF":null}},
{"type":"Feature","geometry":{"type":"Polygon","coordinates":[[[-63.139839,18.058601],[-63.03334,18.015553],[-63.011459,18.067276],[-63.139839,18.058601]]]},"properties":{"NAME":null,"SUBJECTO":null,"PARTOF":null}},
{"type":"Feature","geometry":{"type":"Polygon","coordinates":[[[-91.62596598967966,31.938619979140476],[-92.69943271988247,31.61472352469578],[-92.45987844108333,30.583590782573072],[-91.5409240661985,30.795697912547453],[-90.25621396127643,31.320676034622124],[-90.22962454861315,32.02281382263113],[-90.40870393180853,32.05040935180212],[-91.62596598967966,31.938619979140476]]]},"properties":{"NAME":"Natchez","SUBJECTO":"Natchez","PARTOF":"Natchez"}},
{"type":"Feature","geometry":{"type":"Polygon","coordinates":[[[-100.1060536984895,31.040095755971887],[-100.30418200680661,31.123415811274594],[-101.27094230533693,29.66749615711314],[-100.81874218545666,29.30168837838267],[-100.33487280993454,28.723098752501443],[-98.17373449297943,28.245179535464743],[-97.65257554481695,28.557874904362205],[-97.53611169623842,28.691465789496398],[-98.42323208926909,29.69383846859556],[-100.1060536984895,31.040095755971887]]]},"properties":{"NAME":"Lipan","SUBJECTO":"Lipan","PARTOF":"Lipan"}},
{"type":"Feature","geometry":{"type":"Polygon","coordinates":[[[-92.84648733947154,34.65530626804458],[-94.93683559732455,34.62058421707906],[-95.3510003821267,34.047545764049644],[-95.39231224519641,33.613771201817556],[-94.51842330596443,32.50765427415025],[-95.226076736333,32.275378205851744],[-95.56051180331148,31.669641073064707],[-94.70753882135823,30.754515526320215],[-92.45987844108333,30.583590782573072],[-92.69943271988247,31.61472352469578],[-91.62596598967966,31.938619979140476],[-91.62596598967967,32.957145374502055],[-92.84648733947154,34.65530626804458]]]},"properties":{"NAME":"Caddo","SUBJECTO":"Caddo","PARTOF":"Caddo"}},
{"type":"Feature","geometry":{"type":"Polygon","coordinates":[[[-71.6852494156986,45.324791726465776],[-72.65859897354318,43.69586688713946],[-72.51707724966076,43.578957636975694],[-72.10481831487283,42.89596149128229],[-71.99406218313875,42.63137739880645],[-71.26911802502143,42.58286050275967],[-70.5363282827461,43.40421637149219],[-71.2335950245947,45.32694315699413],[-71.6852494156986,45.324791726465776]]]},"properties":{"NAME":"Pennacook","SUBJECTO":"Pennacook","PARTOF":"Pennacook"}},
{"type":"Feature","geometry":{"type":"Polygon","coordinates":[[[-116.87864180284988,36.750138987603485],[-117.90814268352254,35.780075524331195],[-118.60894749988402,35.62899251147701],[-118.40310617256507,35.46001678301408],[-117.50666471841352,35.114666386742556],[-116.58083174117499,35.75393201388344],[-116.70499105189305,35.986092091163215],[-116.87864180284988,36.750138987603485]]]},"properties":{"NAME":"Kawahsu","SUBJECTO":"Kawahsu","PARTOF":"Kawahsu"}},
{"type":"Feature","geometry":{"type":"Polygon","coordinates":[[[-121.82312270822358,37.87929363674449],[-120.89650264829393,36.57545181459042],[-119.74073976788813,35.56631623427542],[-119.39727568370381,35.28439601322471],[-119.04237179970598,35.21753671754685],[-118.40310617256507,35.46001678301408],[-118.60894749988402,35.62899251147701],[-118.63965909301118,36.81238685962475],[-119.57135491624992,37.64887472526348],[-119.7024616473571,37.61811095538051],[-120.78221832788924,38.22483976300301],[-121.82312270822358,37.87929363674449]]]},"properties":{"NAME":"Yokuts","SUBJECTO":"Yokuts","PARTOF":"Yokuts"}},
{"type":"Feature","geometry":{"type":"Polygon","coordinates":[[[-113.42918491929733,45.35835704475414],[-114.21130016519734,45.52811969634975],[-116.12419605755781,44.7060247997253],[-116.16022989881502,43.017439895902044],[-116.88090672395968,41.98135730860865],[-117.73671045381897,38.69332565736938],[-118.00828390129595,36.621497422761074],[-117.90814268352254,35.780075524331195],[-116.87864180284988,36.750138987603485],[-115.95540888322253,36.47037166252119],[-115.39451077209885,38.27021512907214],[-113.51707025452421,38.8859098773382],[-111.87220278920432,40.566426359546675],[-109.55702848842712,40.8940981824402],[-105.11691384120113,40.86078648722786],[-106.52596767334906,42.12193885650528],[-107.1797746038992,43.95803248553062],[-107.74950953024543,44.04159360806139],[-110.27913260322266,44.748064916730705],[-111.54866886905843,45.50668401353599],[-113.42918491929733,45.35835704475414]]]},"properties":{"NAME":"Shoshoni","SUBJECTO":"Shoshoni","PARTOF":"Shoshoni"}},
{"type":"Feature","geometry":{"type":"Polygon","coordinates":[[[-123.93289872543515,39.82096520589268],[-123.24715071115908,38.55171917083409],[-122.71804675494387,38.691014653615134],[-122.71692744021196,38.99241812627434],[-122.78150043504431,39.529924382141346],[-122.82224756407693,39.53385233551756],[-123.93289872543515,39.82096520589268]]]},"properties":{"NAME":"Pomo","SUBJECTO":"Pomo","PARTOF":"Pomo"}},
{"type":"Feature","geometry":{"type":"Polygon","coordinates":[[[-88.28666064124032,30.771531591310488],[-88.75486167844858,30.391748835281113],[-88.21440379327323,30.349971997786266],[-88.28666064124032,30.771531591310488]]]},"properties":{"NAME":"Biloxi","SUBJECTO":"Biloxi","PARTOF":"Biloxi"}},
{"type":"Feature","geometry":{"type":"Polygon","coordinates":[[[-117.85214491591846,46.34744769166525],[-118.95089881939555,46.033175952119976],[-118.99662453373357,44.933868398348196],[-117.3945136228921,44.79150129537561],[-117.71133528729497,45.63635906711659],[-117.57052565867147,46.0235855458312],[-117.85214491591846,46.34744769166525]]]},"properties":{"NAME":"Cayuse","SUBJECTO":"Cayuse","PARTOF":"Cayuse"}},
{"type":"Feature","geometry":{"type":"Polygon","coordinates":[[[-53.11499496975782,48.523910127595705],[-56.66153427639844,50.05606039615039],[-57.35559937039258,50.59522970767383],[-59.1565560964668,47.6700511798418],[-56.80369278469922,47.615977846101565],[-56.07894608059766,47.865218721345705],[-52.72859665432813,47.45452459903125],[-53.11499496975782,48.523910127595705]]]},"properties":{"NAME":"Beothuk","SUBJECTO":"Beothuk","PARTOF":"Beothuk"}},
{"type":"Feature","geometry":{"type":"Polygon","coordinates":[[[-65.24405444500445,50.35141960187691],[-64.32591721096875,50.304671846345705],[-63.85007187405469,50.298995576814455],[-63.20739075222852,50.34640463443164],[-61.64020630398633,50.27692373843555],[-60.13784500637891,50.411700807527346],[-58.52433868924024,51.37948568911914],[-56.96410461941602,51.488441072419924],[-55.65902420559766,52.18734701724414],[-55.88126083889844,53.351932130769534],[-57.515351262482426,54.46576651187305],[-59.69376083889844,55.15365942569141],[-61.785593478220804,56.1948822544685],[-62.954254003311924,54.2202975482895],[-64.88091258015237,50.33396529246969],[-65.2440544448659,50.35141960211102],[-65.24405444500445,50.35141960187691]]]},"properties":{"NAME":"Montagnais Innu","SUBJECTO":"Montagnais Innu","PARTOF":"Montagnais Innu"}},
{"type":"Feature","geometry":{"type":"Polygon","coordinates":[[[-94.47382021556317,38.790007972886464],[-91.62603616572511,38.46949748184911],[-92.21567759665328,40.085139159598285],[-92.79554917088191,40.33667065508406],[-93.70875893458262,40.17533104478249],[-95.01565229037554,40.68212440023216],[-95.01565229037557,40.68212440023217],[-95.25922516934114,39.95956642755985],[-94.47382021556317,38.790007972886464]]]},"properties":{"NAME":"Missouri","SUBJECTO":"Missouri","PARTOF":"Missouri"}},
{"type":"Feature","geometry":{"type":"Polygon","coordinates":[[[-97.04301635036605,40.249412514847855],[-97.80732554206074,38.77695113774632],[-97.16036999789416,38.29405296871114],[-94.47382021556317,38.790007972886464],[-95.25922516934114,39.95956642755985],[-97.04301635036605,40.249412514847855]]]},"properties":{"NAME":"Kansa","SUBJECTO":"Kansa","PARTOF":"Kansa"}},
{"type":"Feature","geometry":{"type":"Polygon","coordinates":[[[-121.46150637314238,48.05454096361384],[-122.35927645642332,48.167852449070814],[-122.6331835804103,47.4920514777741],[-122.47773677025785,47.47392145804742],[-121.5104159447059,47.361101223061034],[-121.29271558237745,47.44857453089092],[-121.2793331085619,47.58403998266867],[-121.46150637314238,48.05454096361384]]]},"properties":{"NAME":null,"SUBJECTO":null,"PARTOF":null}},
{"type":"Feature","geometry":{"type":"Polygon","coordinates":[[[-90.80696324825423,37.1752545178584],[-90.52805018777178,37.93859552549461],[-91.62603616572511,38.46949748184911],[-94.47382021556317,38.790007972886464],[-97.16036999789416,38.29405296871114],[-96.58604319188419,37.248480736952146],[-97.50954522751955,34.88411099121146],[-95.45428003980099,35.13198216962977],[-95.3510003821267,34.04754576404964],[-95.3510003821267,34.047545764049644],[-94.93683559732455,34.62058421707906],[-92.84648733947154,34.65530626804458],[-90.80696324825423,37.1752545178584]]]},"properties":{"NAME":"Osage","SUBJECTO":"Osage","PARTOF":"Osage"}},
{"type":"Feature","geometry":{"type":"Polygon","coordinates":[[[-89.10356147122943,36.94822815955451],[-90.80696324825423,37.1752545178584],[-92.84648733947154,34.65530626804458],[-91.62596598967967,32.957145374502055],[-90.76271555917886,32.969934269768736],[-90.71086823773264,33.37710527693337],[-90.48044581982018,33.88391011570393],[-89.79574188965688,35.01911519639184],[-89.67046244011823,36.19044925515002],[-89.10356147122943,36.94822815955451]]]},"properties":{"NAME":"Quapaw","SUBJECTO":"Quapaw","PARTOF":"Quapaw"}},
{"type":"Feature","geometry":{"type":"Polygon","coordinates":[[[-100.47231551676877,47.685772237407654],[-101.91086310019669,47.15762190231186],[-101.5763171505623,46.82292821084723],[-100.3050425419516,46.89917901351318],[-100.47231551676877,47.685772237407654]]]},"properties":{"NAME":null,"SUBJECTO":null,"PARTOF":null}},
{"type":"Feature","geometry":{"type":"Polygon","coordinates":[[[-124.15921618814895,48.25410333047143],[-124.59207095168557,47.90631957648803],[-124.27582863776499,47.981950172024455],[-124.15921618814895,48.25410333047143]]]},"properties":{"NAME":null,"SUBJECTO":null,"PARTOF":null}},
{"type":"Feature","geometry":{"type":"Polygon","coordinates":[[[-124.27582863776499,47.981950172024455],[-124.59207095168557,47.90631957648803],[-124.35327845222884,47.52949180916168],[-123.74569814167864,47.71143239551506],[-124.27582863776499,47.981950172024455]]]},"properties":{"NAME":null,"SUBJECTO":null,"PARTOF":null}},
{"type":"Feature","geometry":{"type":"Polygon","coordinates":[[[-123.13110847751925,47.53219595781812],[-122.94253016425563,48.09131276437637],[-123.34343881187728,47.65903396292006],[-123.13110847751925,47.53219595781812]]]},"properties":{"NAME":null,"SUBJECTO":null,"PARTOF":null}},
{"type":"Feature","geometry":{"type":"Polygon","coordinates":[[[-123.34343881187728,47.65903396292006],[-122.94253016425563,48.09131276437637],[-124.15921618814895,48.25410333047143],[-124.27582863776499,47.981950172024455],[-123.74569814167864,47.71143239551506],[-123.52524890506598,47.56633171389085],[-123.34343881187728,47.65903396292006]]]},"properties":{"NAME":null,"SUBJECTO":null,"PARTOF":null}},
{"type":"Feature","geometry":{"type":"Polygon","coordinates":[[[-123.52524890506598,47.56633171389085],[-123.74569814167864,47.71143239551506],[-124.35327845222884,47.52949180916168],[-124.1192944530142,47.102914431460945],[-123.64666001031765,47.41756547395165],[-123.52524890506598,47.56633171389085]]]},"properties":{"NAME":null,"SUBJECTO":null,"PARTOF":null}},
{"type":"Feature","geometry":{"type":"Polygon","coordinates":[[[-123.64666001031765,47.41756547395165],[-124.1192944530142,47.102914431460945],[-124.17554526888047,46.81135422223555],[-123.7074116351322,46.63389580256316],[-123.17251464051608,46.82849889558615],[-123.64666001031765,47.41756547395165]]]},"properties":{"NAME":null,"SUBJECTO":null,"PARTOF":null}},
{"type":"Feature","geometry":{"type":"Polygon","coordinates":[[[-124.57052705632654,43.16009523159662],[-124.36982301822877,42.192083254170065],[-123.8535391076086,42.28008109730302],[-123.87822452638153,42.69374819681135],[-123.95248726382064,43.05121021767062],[-124.57052705632654,43.16009523159662]]]},"properties":{"NAME":null,"SUBJECTO":null,"PARTOF":null}},
{"type":"Feature","geometry":{"type":"Polygon","coordinates":[[[-123.87822452638153,42.69374819681135],[-123.8535391076086,42.28008109730302],[-123.54760629751412,41.938089543725724],[-123.17516796492663,42.217151677427985],[-123.21625411088375,42.675369964444656],[-123.87822452638153,42.69374819681135]]]},"properties":{"NAME":null,"SUBJECTO":null,"PARTOF":null}},
{"type":"Feature","geometry":{"type":"Polygon","coordinates":[[[-123.8535391076086,42.28008109730302],[-124.36982301822877,42.192083254170065],[-124.19386085599261,41.73070031267889],[-123.63762223443328,41.798051467876306],[-123.54760629751412,41.938089543725724],[-123.8535391076086,42.28008109730302]]]},"properties":{"NAME":null,"SUBJECTO":null,"PARTOF":null}},
{"type":"Feature","geometry":{"type":"Polygon","coordinates":[[[-91.04080274460922,43.843124194587496],[-91.1336583942347,43.93457488038829],[-91.13500390500107,43.93411395178416],[-91.04080274460922,43.843124194587496]]]},"properties":{"NAME":null,"SUBJECTO":null,"PARTOF":null}},
{"type":"Feature","geometry":{"type":"Polygon","coordinates":[[[-124.26059020125723,41.0172279624429],[-124.34525901598117,40.8061143819423],[-123.91236379916525,41.0172279624429],[-124.26059020125723,41.0172279624429]]]},"properties":{"NAME":null,"SUBJECTO":null,"PARTOF":null}},
{"type":"Feature","geometry":{"type":"Polygon","coordinates":[[[-112.14102321789257,32.83028746530148],[-112.7091337261554,32.70827442829786],[-113.73292220291289,32.569994946209455],[-114.72254988494909,31.762956208427685],[-113.0520753530586,31.13870009036426],[-112.72126100106298,30.072553174842405],[-112.04713884016235,30.227513084380845],[-111.62700128261154,31.6298191626171],[-112.14102321789257,32.83028746530148]]]},"properties":{"NAME":"Papago","SUBJECTO":"Papago","PARTOF":"Papago"}},
{"type":"Feature","geometry":{"type":"Polygon","coordinates":[[[-117.3824020846737,34.37985696059214],[-118.59956791263996,34.597891361844965],[-118.67381940409983,34.10260235805952],[-117.97152092031256,33.70752032205939],[-117.3824020846737,34.37985696059214]]]},"properties":{"NAME":null,"SUBJECTO":null,"PARTOF":null}},
{"type":"Feature","geometry":{"type":"Polygon","coordinates":[[[-116.83327411333808,33.622727727495835],[-116.88209485281607,34.15944188641711],[-117.3824020846737,34.37985696059214],[-117.97152092031256,33.70752032205939],[-117.37857723721048,33.1092410052044],[-116.44316010419924,33.26827890870059],[-116.83327411333808,33.622727727495835]]]},"properties":{"NAME":"Luiseno","SUBJECTO":"Luiseno","PARTOF":"Luiseno"}},
{"type":"Feature","geometry":{"type":"Polygon","coordinates":[[[-90.25621396127643,31.320676034622124],[-91.5409240661985,30.795697912547453],[-90.36978060950578,30.75797119454502],[-90.25621396127643,31.320676034622124]]]},"properties":{"NAME":"Houma","SUBJECTO":"Houma","PARTOF":"Houma"}},
{"type":"Feature","geometry":{"type":"Polygon","coordinates":[[[-90.48044581982018,33.88391011570393],[-90.71086823773264,33.37710527693337],[-89.02515245735864,33.438289743633334],[-89.06559577601922,33.85352861075912],[-90.48044581982018,33.88391011570393]]]},"properties":{"NAME":null,"SUBJECTO":null,"PARTOF":null}},
{"type":"Feature","geometry":{"type":"Polygon","coordinates":[[[-71.79171905260617,41.638302431702286],[-70.53360889268718,42.01861389107465],[-71.73578517747991,41.95148729649232],[-71.79171905260617,41.638302431702286]]]},"properties":{"NAME":"Cusabo","SUBJECTO":"Cusabo","PARTOF":"Cusabo"}},
{"type":"Feature","geometry":{"type":"Polygon","coordinates":[[[-85.0513103111087,34.97200148259221],[-83.15891745704451,35.95828179531381],[-83.25282200860906,36.668996225569444],[-86.66863665479623,35.09571100128373],[-85.0513103111087,34.97200148259221]]]},"properties":{"NAME":"Yuchi","SUBJECTO":"Yuchi","PARTOF":"Yuchi"}},
{"type":"Feature","geometry":{"type":"Polygon","coordinates":[[[-80.22145867875184,37.64253216867145],[-81.87694142117128,37.363193255759306],[-83.25282200860906,36.668996225569444],[-83.15891745704451,35.95828179531381],[-85.0513103111087,34.97200148259221],[-85.0513103111087,34.9720014825922],[-85.04405048453732,34.9720014825922],[-85.09398778327885,34.19083968695278],[-85.00659751048117,33.921919567039474],[-83.69574341851597,34.04614255518724],[-82.49148840439194,35.001733809412386],[-80.58205089987187,36.871756422566726],[-80.22145867875184,37.64253216867145]]]},"properties":{"NAME":"Cherokee","SUBJECTO":"Cherokee","PARTOF":"Cherokee"}},
{"type":"Feature","geometry":{"type":"Polygon","coordinates":[[[-109.34905148439545,34.71918386852224],[-109.33507267689471,34.698865017871185],[-109.2944177101947,34.63977112187487],[-108.36509992845052,34.48054314608491],[-108.32767773589708,34.87548238788366],[-108.43994431355743,35.29908109653326],[-108.88277359210669,35.37031438641379],[-109.08235861905847,35.29908109653326],[-109.37691057497135,35.04951308535083],[-109.34905148439545,34.71918386852224]]]},"properties":{"NAME":"Zuni","SUBJECTO":"Zuni","PARTOF":"Zuni"}},
{"type":"Feature","geometry":{"type":"Polygon","coordinates":[[[-107.31960817543005,33.16329046269981],[-106.44543425406405,31.75921787223626],[-104.78491586811565,30.58605105703986],[-103.74080203452685,29.233983476367086],[-102.72184757042214,29.748618449623105],[-101.27094230533693,29.66749615711314],[-100.30418200680661,31.123415811274594],[-103.36652056635405,32.3863530433482],[-103.82929650888966,34.2164215433754],[-104.16749087011537,35.39004989814536],[-105.36388837024074,35.82843559863324],[-105.42682358271901,35.26578022084376],[-105.78814756957605,34.772600151342495],[-106.06428326225237,34.48468510814999],[-107.12835368727279,33.2154507776518],[-107.31960817543005,33.16329046269981]]]},"properties":{"NAME":"Mescalero","SUBJECTO":"Mescalero","PARTOF":"Mescalero"}},
{"type":"Feature","geometry":null,"properties":{"NAME":"Apache","SUBJECTO":"Apache","PARTOF":"Apache"}},
{"type":"Feature","geometry":{"type":"Polygon","coordinates":[[[-105.26852713719904,36.45272855529418],[-105.36388837024074,35.82843559863324],[-104.16749087011537,35.39004989814536],[-103.30341475600828,35.92027842271107],[-102.87489508873333,36.37994364633868],[-102.87489508873333,37.602329181276104],[-104.16161670445695,37.779253403438105],[-104.63201702712163,36.973509554448434],[-105.26852713719904,36.45272855529418]]]},"properties":{"NAME":"Jicarilla","SUBJECTO":"Jicarilla","PARTOF":"Jicarilla"}},
{"type":"Feature","geometry":{"type":"Polygon","coordinates":[[[-109.34905148439545,34.71918386852224],[-109.34905148439545,34.71918386852223],[-109.33507267689471,34.698865017871185],[-109.34905148439545,34.71918386852224]]]},"properties":{"NAME":null,"SUBJECTO":null,"PARTOF":null}},
{"type":"Feature","geometry":{"type":"Polygon","coordinates":[[[-103.30341475600721,35.920278422712215],[-101.68369895713364,37.62413530204674],[-102.87489508873333,36.3799436463387],[-102.87489508873333,36.37994364633868],[-103.30341475600721,35.920278422712215]]]},"properties":{"NAME":null,"SUBJECTO":null,"PARTOF":null}},
{"type":"Feature","geometry":null,"properties":{"NAME":null,"SUBJECTO":null,"PARTOF":null}},
{"type":"Feature","geometry":{"type":"Polygon","coordinates":[[[-114.92917502601537,33.8913307292301],[-115.23616955994761,34.01248427098241],[-116.88209485281607,34.15944188641712],[-116.83327411333808,33.622727727495835],[-116.44316010419921,33.268278908700566],[-116.35027233890348,33.29167766213021],[-115.11990791481465,33.50288474344811],[-115.06430285428983,33.509656236982735],[-114.92917502601537,33.8913307292301]]]},"properties":{"NAME":"Cahulia","SUBJECTO":"Cahulia","PARTOF":"Cahulia"}},
{"type":"Feature","geometry":{"type":"Polygon","coordinates":[[[-115.06430285428983,33.509656236982735],[-114.33442392857172,33.186937791658984],[-113.94056630351002,34.352099932466494],[-114.66030437411494,34.35483605517907],[-114.92917502601537,33.8913307292301],[-115.06430285428983,33.509656236982735]]]},"properties":{"NAME":null,"SUBJECTO":null,"PARTOF":null}},
{"type":"Feature","geometry":{"type":"Polygon","coordinates":[[[-106.79161690783853,34.92879922200127],[-106.49285054964041,35.12275079187458],[-106.27392972046984,35.273443320903205],[-106.46111684648638,35.68703211983421],[-106.90462307784877,35.328988069730336],[-106.98999766218108,35.36776814038954],[-107.24544169877444,35.11254381319308],[-106.90391155146594,34.60272882906599],[-106.84510737092748,34.772989394430034],[-106.79161690783853,34.92879922200127]]]},"properties":{"NAME":null,"SUBJECTO":null,"PARTOF":null}},
{"type":"Feature","geometry":{"type":"Polygon","coordinates":[[[-106.49285054964041,35.12275079187458],[-106.79161690783853,34.92879922200127],[-106.84510737092748,34.772989394430034],[-106.06428326225237,34.48468510814999],[-106.49285054964041,35.12275079187458]]]},"properties":{"NAME":null,"SUBJECTO":null,"PARTOF":null}},
{"type":"Feature","geometry":{"type":"Polygon","coordinates":[[[-107.24544169877444,35.11254381319308],[-108.32767773589708,34.87548238788366],[-108.36509992845052,34.48054314608491],[-106.90391155146594,34.60272882906599],[-107.24544169877444,35.11254381319308]]]},"properties":{"NAME":null,"SUBJECTO":null,"PARTOF":null}},
{"type":"Feature","geometry":{"type":"Polygon","coordinates":[[[-114.14388094761765,34.83250731041746],[-112.82366979110384,35.15620091934511],[-113.3711039881228,35.888964791429544],[-114.72786477887728,35.74242400751926],[-114.14388094761765,34.83250731041746]]]},"properties":{"NAME":"Walapai","SUBJECTO":"Walapai","PARTOF":"Walapai"}},
{"type":"Feature","geometry":{"type":"Polygon","coordinates":[[[-105.26852713719904,36.45272855529418],[-105.83804911658082,35.96310654465158],[-105.36388837024074,35.82843559863324],[-105.26852713719904,36.45272855529418]]]},"properties":{"NAME":null,"SUBJECTO":null,"PARTOF":null}},
{"type":"Feature","geometry":{"type":"Polygon","coordinates":[[[-106.49285054964041,35.12275079187458],[-105.78814756957605,34.772600151342495],[-105.42682358271901,35.26578022084376],[-106.13689487675457,35.5423261219612],[-106.27392972046984,35.273443320903205],[-106.49285054964041,35.12275079187458]]]},"properties":{"NAME":"Tano","SUBJECTO":"Tano","PARTOF":"Tano"}},
{"type":"Feature","geometry":{"type":"Polygon","coordinates":[[[-106.69219817067297,35.97711562049255],[-106.98999766218108,35.36776814038954],[-106.90462307784877,35.328988069730336],[-106.46111684648638,35.68703211983421],[-106.69219817067297,35.97711562049255]]]},"properties":{"NAME":null,"SUBJECTO":null,"PARTOF":null}},
{"type":"Feature","geometry":{"type":"Polygon","coordinates":[[[-106.69219817067297,35.97711562049255],[-106.46111684648638,35.68703211983421],[-106.13689487675457,35.5423261219612],[-105.42682358271901,35.26578022084376],[-105.36388837024074,35.82843559863324],[-105.83804911658082,35.96310654465158],[-106.69219817067297,35.97711562049255]]]},"properties":{"NAME":"Pewa","SUBJECTO":"Pewa","PARTOF":"Pewa"}},
{"type":"Feature","geometry":{"type":"Polygon","coordinates":[[[-113.51707025452421,38.8859098773382],[-112.46091211710639,38.67519582895374],[-111.74633429376173,37.86815433988445],[-110.33844886137375,37.17374464893033],[-109.33351215837516,37.190501637429364],[-108.03155966048958,36.611856082813546],[-106.37952291603027,37.1815459697947],[-104.63201702712163,36.973509554448434],[-104.16161670445695,37.77925340343811],[-104.25812082563621,39.82192396839933],[-105.11691384120113,40.86078648722786],[-109.55702848842712,40.8940981824402],[-111.87220278920432,40.566426359546675],[-113.51707025452421,38.8859098773382]]]},"properties":{"NAME":"Ute","SUBJECTO":"Ute","PARTOF":"Ute"}},
{"type":"Feature","geometry":{"type":"Polygon","coordinates":[[[-106.77220024126973,24.444618453216627],[-107.33617147922801,24.221503594491434],[-105.53994461575391,22.284598909333987],[-105.29359909573438,21.522262178376955],[-105.50686356106641,20.10414846988086],[-103.7524297578758,20.610118996052304],[-103.6096251042063,21.012704243612134],[-103.52840766725078,21.921595114037704],[-103.70212111788499,21.911394090578792],[-104.79662599810396,22.056368312017238],[-105.28941677951093,23.099640388765334],[-106.77220024126973,24.444618453216627]]]},"properties":{"NAME":"Nayarit","SUBJECTO":"Nayarit","PARTOF":"Nayarit"}},
{"type":"Feature","geometry":{"type":"Polygon","coordinates":[[[-80.59782184628624,28.523100149453118],[-81.40536972561719,30.072576127961916],[-81.41854670940957,30.979962624206777],[-81.8879736728724,30.983907388605626],[-82.20321488871217,30.98622049686107],[-83.73586072216315,30.375271813319944],[-83.84666948531954,30.012065311862894],[-82.64696213284375,28.9065013751543],[-82.70505100937577,28.523100149453118],[-80.59782184628624,28.523100149453118]]]},"properties":{"NAME":"Timucua","SUBJECTO":"Timucua","PARTOF":"Timucua"}},
{"type":"Feature","geometry":{"type":"Polygon","coordinates":[[[-77.46528965083942,35.20359997622468],[-78.23792594631483,35.549293746780705],[-78.05679576845776,36.502360771823575],[-80.58205089987187,36.871756422566726],[-82.49148840439194,35.001733809412386],[-82.04882417448907,34.254691366655756],[-81.05505372377996,33.9529750090848],[-80.47535429419966,33.663971474242764],[-80.30144446532557,33.42239088003722],[-79.89468513817863,33.220708256439316],[-79.43063292988462,33.04015058308434],[-79.20414444485547,33.45974691958789],[-78.62114426175,33.81066855044727],[-77.96291824856641,33.932811342195315],[-77.19939020128146,34.68039159983789],[-77.46528965083942,35.20359997622468]]]},"properties":{"NAME":"Catawba","SUBJECTO":"Catawba","PARTOF":"Catawba"}},
{"type":"Feature","geometry":{"type":"Polygon","coordinates":[[[-77.11833909851146,36.67866514234477],[-77.09629431139923,36.77417639016781],[-77.13081508461016,36.92292547424849],[-77.5171218298198,37.18224569892856],[-78.04777390092252,36.93174211908519],[-77.11833909851146,36.67866514234477]]]},"properties":{"NAME":null,"SUBJECTO":null,"PARTOF":null}},
{"type":"Feature","geometry":{"type":"Polygon","coordinates":[[[-77.25402080770453,38.680399900095644],[-76.34232382940431,39.448404368339894],[-77.79947159048069,39.936951058410585],[-78.40603699248446,39.019413556411365],[-77.73337160888113,38.69975277670452],[-77.25402080770453,38.680399900095644]]]},"properties":{"NAME":"Conoy","SUBJECTO":"Conoy","PARTOF":"Conoy"}},
{"type":"Feature","geometry":{"type":"Polygon","coordinates":[[[-106.27727711056001,51.51658223956187],[-108.6422569684612,50.20389337682961],[-106.18901899358839,47.90581019852679],[-105.00726225460369,47.760682177949725],[-103.99452189315807,47.63631055461429],[-101.91086310019669,47.15762190231186],[-100.47231551676877,47.685772237407654],[-98.71638566160651,48.27906442457373],[-98.35253138918397,48.60491630708739],[-98.48766099932753,52.35247201427655],[-100.08972375062079,52.30864516671072],[-102.58727206061094,53.56473014082671],[-106.27727711056001,51.51658223956187]]]},"properties":{"NAME":"Assiniboin","SUBJECTO":"Assiniboin","PARTOF":"Assiniboin"}},
{"type":"Feature","geometry":{"type":"Polygon","coordinates":[[[-113.67706161236278,48.50388356005439],[-112.59189930922572,46.67315229574151],[-113.42918491929733,45.35835704475414],[-111.54866886905843,45.50668401353599],[-110.27913260322266,44.748064916730705],[-107.74950953024543,44.04159360806139],[-107.30900255904729,43.97698591895234],[-110.27913260322268,44.74806491673072],[-111.54866886905845,45.506684013536],[-110.1762472023935,46.77965483479044],[-110.53204054222205,49.154963576449944],[-109.64447321272199,49.64761037192571],[-110.6111322173086,50.33741704394204],[-114.03488460458912,49.62431877403358],[-113.67706161236278,48.50388356005439]]]},"properties":{"NAME":"Blackfoot","SUBJECTO":"Blackfoot","PARTOF":"Blackfoot"}},
{"type":"Feature","geometry":{"type":"Polygon","coordinates":[[[-110.1762472023935,46.77965483479044],[-107.81177701395879,47.194312593258424],[-106.18901899358839,47.90581019852679],[-108.6422569684612,50.20389337682961],[-109.64447321272199,49.64761037192571],[-110.53204054222205,49.154963576449944],[-110.1762472023935,46.77965483479044]]]},"properties":{"NAME":"Aaniiih","SUBJECTO":"Gros Ventre","PARTOF":"Aaniiih"}},
{"type":"Feature","geometry":{"type":"Polygon","coordinates":[[[-96.72344406498415,41.19156944072448],[-97.04301635036605,40.249412514847855],[-95.25922516934114,39.95956642755985],[-95.01565229037557,40.68212440023217],[-95.48883613428549,40.824586751477014],[-96.51852952316099,41.21102714342899],[-96.72344406498415,41.19156944072448]]]},"properties":{"NAME":"Oto","SUBJECTO":"Oto","PARTOF":"Oto"}},
{"type":"Feature","geometry":{"type":"Polygon","coordinates":[[[-96.51852952316099,41.21102714342899],[-95.48883613428549,40.824586751477014],[-95.01565229037554,40.68212440023216],[-93.7087589345826,40.175331044782496],[-92.7955491708819,40.33667065508406],[-92.0380326062447,40.86973786723616],[-91.32745264461039,41.535906581268364],[-91.3676375931531,42.10820997720949],[-92.45253758386472,42.69059901892411],[-94.02634638165107,42.62892198288778],[-94.65676516992386,42.093683687078666],[-96.0980311547033,41.93732970651684],[-96.51852952316099,41.21102714342899]]]},"properties":{"NAME":"Iowa","SUBJECTO":"Iowa","PARTOF":"Iowa"}},
{"type":"Feature","geometry":{"type":"Polygon","coordinates":[[[-98.29306568372365,42.317467187198496],[-96.72344406498415,41.19156944072448],[-96.51852952316099,41.21102714342899],[-96.0980311547033,41.93732970651684],[-97.27177505614297,42.903406197590826],[-98.01161688271095,42.75679076834481],[-98.29306568372365,42.317467187198496]]]},"properties":{"NAME":"Omaha","SUBJECTO":"Omaha","PARTOF":"Omaha"}},
{"type":"Feature","geometry":{"type":"Polygon","coordinates":[[[-100.45093155855709,44.14807665958136],[-100.85559165206374,42.761573490520185],[-98.29306568372365,42.317467187198496],[-98.01161688271095,42.75679076834481],[-99.86174262489138,44.3276376980296],[-100.45093155855709,44.14807665958136]]]},"properties":{"NAME":"Ponca","SUBJECTO":"Ponca","PARTOF":"Ponca"}},
{"type":"Feature","geometry":{"type":"Polygon","coordinates":[[[-95.90526730588681,44.630044458542685],[-95.82585473678712,44.51207262976276],[-94.58506654540005,44.21201853256474],[-94.02634638165107,42.62892198288778],[-92.45253758386472,42.69059901892411],[-92.45253758386472,42.69059901892412],[-91.13500390500108,43.93411395178418],[-91.13500390500107,43.93411395178416],[-91.1336583942347,43.93457488038829],[-93.52797756515278,46.10046522204926],[-93.34709682400998,47.23526346401276],[-95.06546386486662,47.65467500876698],[-96.79545611770595,47.165402540086305],[-96.51250979400906,46.64423921347669],[-97.23603275858028,45.34279640032665],[-95.90526730588681,44.630044458542685]]]},"properties":{"NAME":"Santee","SUBJECTO":"Santee","PARTOF":"Santee"}},
{"type":"Feature","geometry":{"type":"Polygon","coordinates":[[[-90.70409642326361,44.08172896091686],[-91.1336583942347,43.93457488038829],[-91.04080274460922,43.843124194587496],[-91.04080274460885,43.84312419458713],[-89.83227397533817,42.6757952697234],[-89.10477071021725,42.89056799968299],[-88.13552334401334,44.05184054161375],[-90.70409642326361,44.081728960916855],[-90.70409642326361,44.08172896091686]]]},"properties":{"NAME":null,"SUBJECTO":null,"PARTOF":null}},
{"type":"Feature","geometry":{"type":"Polygon","coordinates":[[[-101.91086310019669,47.15762190231186],[-103.99452189315807,47.63631055461429],[-104.5369739366403,47.134040143982624],[-104.55259587352057,45.07168732573309],[-103.69945118622987,45.300208224114535],[-103.21955729962883,45.193565138203205],[-102.22930007330925,44.16522109548671],[-103.4785476511278,42.611278986492934],[-103.19657549266424,41.607250210215824],[-101.39299146182705,41.716469137960836],[-101.05626648966626,42.41722110705221],[-100.87425299120095,42.76304675413627],[-100.45093155855709,44.14807665958136],[-99.86174262489138,44.3276376980296],[-99.81951588529571,44.52469581614258],[-99.97856675919756,44.78775337132994],[-101.1434807206064,44.71544836682872],[-101.27202295083084,46.3463279128011],[-101.5763171505623,46.82292821084723],[-101.91086310019669,47.15762190231186]]]},"properties":{"NAME":"Teton","SUBJECTO":"Teton","PARTOF":"Teton"}},
{"type":"Feature","geometry":{"type":"Polygon","coordinates":[[[-101.5763171505623,46.82292821084723],[-101.27202295083084,46.3463279128011],[-100.28697005747837,46.62483687350613],[-100.3050425419516,46.89917901351318],[-101.5763171505623,46.82292821084723]]]},"properties":{"NAME":"Mandan","SUBJECTO":"Mandan","PARTOF":"Mandan"}},
{"type":"Feature","geometry":{"type":"Polygon","coordinates":[[[-98.71638566160651,48.27906442457373],[-100.47231551676877,47.685772237407654],[-100.3050425419516,46.89917901351318],[-100.28697005747837,46.62483687350613],[-100.21154955147932,46.35436180219012],[-99.97856675919756,44.78775337132994],[-97.28335569627546,44.39730877468492],[-95.90526730588681,44.630044458542685],[-97.23603275858027,45.342796400326634],[-96.51250979400905,46.64423921347669],[-98.13421882573046,47.59655208416187],[-98.71638566160651,48.27906442457373]]]},"properties":{"NAME":"Yankontai","SUBJECTO":"Yankontai","PARTOF":"Yankontai"}},
{"type":"Feature","geometry":{"type":"Polygon","coordinates":[[[-72.4869058718266,41.909679899592476],[-71.79171905260617,41.638302431702286],[-71.73578517747991,41.95148729649232],[-72.4869058718266,41.909679899592476]]]},"properties":{"NAME":null,"SUBJECTO":null,"PARTOF":null}},
{"type":"Feature","geometry":{"type":"Polygon","coordinates":[[[-71.73578517747991,41.95148729649232],[-71.26911802502143,42.58286050275967],[-71.99406218313875,42.63137739880645],[-72.33863681520032,42.20681222715919],[-72.4869058718266,41.909679899592476],[-71.73578517747991,41.95148729649232]]]},"properties":{"NAME":null,"SUBJECTO":null,"PARTOF":null}},
{"type":"Feature","geometry":{"type":"Polygon","coordinates":[[[-122.71804675494387,38.691014653615134],[-123.24715071115908,38.55171917083409],[-122.48976608792188,38.164527498201174],[-122.31333963558758,38.220756482796354],[-122.35187144173804,38.51710425255131],[-122.71804675494387,38.691014653615134]]]},"properties":{"NAME":null,"SUBJECTO":null,"PARTOF":null}},
{"type":"Feature","geometry":{"type":"Polygon","coordinates":[[[-89.3240593519057,44.91477013787863],[-90.01701253534154,45.33239835969744],[-90.43567175033401,44.4013299005268],[-90.70409642326361,44.081728960916855],[-88.13552334401332,44.05184054161375],[-87.92371646037913,44.349735831408566],[-89.3240593519057,44.91477013787863]]]},"properties":{"NAME":"Fox","SUBJECTO":"Fox","PARTOF":"Fox"}},
{"type":"Feature","geometry":{"type":"Polygon","coordinates":[[[-87.51364575155813,46.689493454868696],[-88.45661925000002,46.91968975],[-90.27661125,46.624989925],[-91.41383182611865,46.80297911607171],[-90.01701253534154,45.33239835969744],[-89.3240593519057,44.91477013787863],[-87.97361712897926,44.369870606859266],[-87.84802211401234,44.60619052508264],[-87.86718878003192,44.88482321959496],[-88.66735943768614,46.134404794561824],[-87.51364575155813,46.689493454868696]]]},"properties":{"NAME":null,"SUBJECTO":null,"PARTOF":null}},
{"type":"Feature","geometry":{"type":"Polygon","coordinates":[[[-87.62023065815028,45.02522936586325],[-87.6397853110328,45.00477564848038],[-87.620743625,45.022079875],[-87.62023065815028,45.02522936586325]]]},"properties":{"NAME":null,"SUBJECTO":null,"PARTOF":null}},
{"type":"Feature","geometry":{"type":"Polygon","coordinates":[[[-83.26823260178121,45.03553559097852],[-83.28590730665836,45.02591151337709],[-83.26322694999999,45.02108155],[-83.26823260178121,45.03553559097852]]]},"properties":{"NAME":null,"SUBJECTO":null,"PARTOF":null}},
{"type":"Feature","geometry":{"type":"Polygon","coordinates":[[[-91.41383182611865,46.80297911607171],[-91.15034487499999,47.3676057],[-87.7172821913094,48.90984774153504],[-81.50638353146852,52.1412374589947],[-81.747364964875,52.17009695620899],[-81.85244461575391,52.70861013980274],[-81.9875022933311,52.80385879037878],[-92.13513351290365,52.52625500347626],[-98.48766099932753,52.35247201427655],[-98.35253138918397,48.60491630708739],[-98.71638566160651,48.27906442457373],[-98.13421882573046,47.59655208416187],[-96.79545611770595,47.165402540086305],[-95.06546386486662,47.65467500876698],[-93.34709682400998,47.23526346401276],[-93.52797756515278,46.10046522204926],[-91.1336583942347,43.93457488038829],[-90.70409642326361,44.08172896091686],[-90.43567175033401,44.4013299005268],[-90.01701253534154,45.33239835969744],[-91.41383182611865,46.80297911607171]]]},"properties":{"NAME":"Obiwa","SUBJECTO":"Obiwa","PARTOF":"Obiwa"}},
{"type":"Feature","geometry":{"type":"Polygon","coordinates":[[[-87.79131591812559,42.82891446913748],[-87.84802211401234,44.60619052508264],[-87.97361712897926,44.369870606859266],[-87.92371646037913,44.349735831408566],[-88.13552334401332,44.05184054161375],[-88.13552334401334,44.05184054161375],[-89.10477071021725,42.89056799968299],[-87.79131591812559,42.82891446913748]]]},"properties":{"NAME":"Winebago","SUBJECTO":"Winebago","PARTOF":"Winebago"}},
{"type":"Feature","geometry":{"type":"Polygon","coordinates":[[[-79.61260996007728,42.36466961064933],[-81.810780025,41.49482315],[-83.13127091894104,42.05189648773462],[-82.37193229112192,43.044001906171495],[-82.37360226000148,43.04672870287678],[-83.74451500137208,42.62602532192706],[-85.44063552309109,41.672412496411226],[-85.17235395390892,40.64191845415694],[-80.74645563181255,40.67721887563973],[-79.92087866955761,40.418604405535774],[-79.14369287873127,38.59912124913121],[-78.40603699248446,39.019413556411365],[-77.79947159048069,39.936951058410585],[-78.78951038504476,40.66010983009217],[-78.13373214942634,42.4034624171451],[-79.00649505226482,42.61040619823051],[-79.61260996007728,42.36466961064933]]]},"properties":{"NAME":"Erie","SUBJECTO":"Erie","PARTOF":"Erie"}},
{"type":"Feature","geometry":{"type":"Polygon","coordinates":[[[-84.7973357371228,45.857762323154226],[-86.0017717,44.917198575],[-86.513782,43.68081785],[-86.25444958136495,42.52368706242402],[-85.44063552309109,41.672412496411226],[-83.74451500137208,42.62602532192706],[-82.37360226000148,43.04672870287678],[-83.28590730665836,45.02591151337709],[-83.26823260178121,45.03553559097852],[-84.74342964098693,45.862658758704676],[-84.7973357371228,45.857762323154226]]]},"properties":{"NAME":"Potawatomi","SUBJECTO":"Potawatomi","PARTOF":"Potawatomi"}},
{"type":"Feature","geometry":{"type":"Polygon","coordinates":[[[-85.44063552309109,41.672412496411226],[-86.25444958136495,42.52368706242402],[-87.38195518498446,41.63779965808821],[-87.74494533803735,40.33680289601044],[-87.64805901990378,38.88173508353631],[-85.17235395390892,40.64191845415694],[-85.44063552309109,41.672412496411226]]]},"properties":{"NAME":"Miami","SUBJECTO":"Miami","PARTOF":"Miami"}},
{"type":"Feature","geometry":{"type":"Polygon","coordinates":[[[-87.62023065815028,45.02522936586325],[-86.7200657,45.86716155],[-84.7973357371228,45.857762323154226],[-84.74342964098693,45.862658758704676],[-83.74161689558213,46.25961220405239],[-84.5621758957405,46.53605639416033],[-87.51364575155813,46.689493454868696],[-88.66735943768614,46.134404794561824],[-87.86718878003192,44.88482321959496],[-87.6397853110328,45.00477564848038],[-87.62023065815028,45.02522936586325]]]},"properties":{"NAME":"Menomini","SUBJECTO":"Menomini","PARTOF":"Menomini"}},
{"type":"Feature","geometry":{"type":"Polygon","coordinates":[[[-76.01640357170878,44.31784920305934],[-76.17388185,43.625176175],[-77.7607282117317,43.3205290728103],[-79.00649505226482,42.61040619823051],[-78.13373214942634,42.4034624171451],[-75.36569066714866,42.0612543737722],[-74.60377647545405,42.64449295598307],[-73.66155727757948,43.27130171549219],[-73.10777661890913,44.65575336216806],[-74.7776438735629,45.02175112566054],[-76.01640357170878,44.31784920305934]]]},"properties":{"NAME":"Iroquois","SUBJECTO":"Iroquois","PARTOF":"Iroquois"}},
{"type":"Feature","geometry":{"type":"Polygon","coordinates":[[[-87.7172821913094,48.90984774153504],[-86.38397137499999,48.7253306],[-85.026610175,47.939546825],[-84.5621758957405,46.53605639416033],[-83.74161689558213,46.25961220405239],[-80.8070809,45.954834575],[-79.91808425,44.9668327],[-81.094857375,44.79918825],[-82.37193229112192,43.044001906171495],[-83.13127091894104,42.05189648773462],[-81.439461875,42.5870946],[-79.61260996007728,42.36466961064933],[-79.00649505226482,42.61040619823051],[-77.7607282117317,43.3205290728103],[-79.152904575,43.772410875],[-76.01640357170878,44.31784920305934],[-74.7776438735629,45.02175112566054],[-73.10777661890913,44.65575336216806],[-72.65859897354318,43.69586688713946],[-71.6852494156986,45.324791726465776],[-71.23359502459472,45.32694315699413],[-69.22409092676966,47.465814471417374],[-67.8441739497224,47.060463859409744],[-67.90454531746823,45.67192240125595],[-67.08720566012,44.96939188225045],[-66.43519489122934,45.13295071256959],[-67.35399553963548,48.845890707072265],[-66.37273880520704,50.31387671084766],[-65.24405444500445,50.35141960187691],[-65.2440544448659,50.35141960211102],[-62.954254003311924,54.2202975482895],[-61.785593478220804,56.1948822544685],[-61.40771888387985,57.04843983552924],[-76.47167326414613,56.546766108381256],[-77.2338380483711,55.60653647036914],[-79.5451173452461,54.69186361880664],[-78.74176950874033,52.744138830377246],[-78.72467514560475,52.69467886557873],[-78.5731324819998,52.48867758369792],[-78.5534181264961,52.01023443789844],[-78.70010086575391,51.565555177644534],[-79.53404709378125,51.41818197818164],[-79.33848282390191,50.8430477011036],[-80.36129471341016,51.304034791902346],[-81.50638353146852,52.1412374589947],[-87.7172821913094,48.90984774153504]]]},"properties":{"NAME":null,"SUBJECTO":null,"PARTOF":null}},
{"type":"Feature","geometry":{"type":"Polygon","coordinates":[[[-85.06384630872631,30.34373884313003],[-83.73586072216315,30.375271813319944],[-82.20321488871217,30.98622049686107],[-82.54814261911089,32.91650086775447],[-83.75613500273701,33.27040101693707],[-84.34160370400366,32.7546004287166],[-85.06384630872631,30.34373884313003]]]},"properties":{"NAME":"Hitchiti","SUBJECTO":"Hitchiti","PARTOF":"Hitchiti"}},
{"type":"Feature","geometry":{"type":"Polygon","coordinates":[[[-87.321916048317,31.86655234700622],[-87.32191604831701,31.86655234700624],[-87.16207788207511,32.95345187745109],[-87.11035932207918,33.261065076675],[-87.11035932207919,33.26106507667502],[-88.84621717452875,33.27967194127635],[-89.95060900762762,32.957507927419755],[-89.97350313269683,32.57975486377784],[-90.22962454861315,32.02281382263113],[-90.25621396127643,31.320676034622124],[-90.36978060950578,30.75797119454502],[-91.5409240661985,30.795697912547453],[-92.45987844108333,30.583590782573072],[-91.98128915859135,30.233195057891454],[-91.18373730678027,29.85632625098658],[-89.5233210054048,29.97556521147339],[-88.75486167844858,30.391748835281113],[-88.28666064124032,30.771531591310488],[-88.2408029043233,31.691865757514204],[-87.321916048317,31.86655234700622]]]},"properties":{"NAME":"Choctaw","SUBJECTO":"Choctaw","PARTOF":"Choctaw"}},
{"type":"Feature","geometry":{"type":"Polygon","coordinates":[[[-86.69253429627324,35.11211833722317],[-87.68725311343998,35.79505961468094],[-88.37139849611115,37.08733422639315],[-89.10356147122943,36.94822815955451],[-89.67046244011823,36.19044925515002],[-89.79574188965688,35.01911519639184],[-90.48044581982018,33.88391011570393],[-89.06559577601922,33.85352861075912],[-89.02515245735864,33.438289743633334],[-90.71086823773264,33.37710527693337],[-90.76271555917886,32.969934269768736],[-89.95060900762762,32.957507927419755],[-88.84621717452875,33.27967194127635],[-87.11035932207919,33.26106507667502],[-86.69253429627324,35.11211833722317]]]},"properties":{"NAME":"Chicaksaw","SUBJECTO":"Chicaksaw","PARTOF":"Chicaksaw"}},
{"type":"Feature","geometry":{"type":"Polygon","coordinates":[[[-89.97350313269683,32.57975486377784],[-90.40870393180853,32.05040935180212],[-90.22962454861315,32.02281382263113],[-89.97350313269683,32.57975486377784]]]},"properties":{"NAME":null,"SUBJECTO":null,"PARTOF":null}},
{"type":"Feature","geometry":{"type":"Polygon","coordinates":[[[-87.321916048317,31.86655234700622],[-88.2408029043233,31.691865757514204],[-88.28666064124032,30.771531591310488],[-87.7745866445625,30.262803636506842],[-86.61546036282422,30.410708986238287],[-86.67086908002675,31.86111026140856],[-87.321916048317,31.86655234700622]]]},"properties":{"NAME":"Naniaho","SUBJECTO":"Naniaho","PARTOF":"Naniaho"}},
{"type":"Feature","geometry":{"type":"Polygon","coordinates":[[[-86.66863665479623,35.09571100128373],[-87.11035932207918,33.261065076675],[-87.16207788207511,32.95345187745107],[-86.10714598487864,32.913492335890616],[-86.11650261398346,33.548239481156244],[-85.00659751048117,33.921919567039474],[-85.09398778327885,34.19083968695278],[-85.04405048453732,34.9720014825922],[-86.23006132964869,34.9720014825922],[-86.66863665479623,35.09571100128373]]]},"properties":{"NAME":"Knucati","SUBJECTO":"Knucati","PARTOF":"Knucati"}},
{"type":"Feature","geometry":null,"properties":{"NAME":null,"SUBJECTO":null,"PARTOF":null}},
{"type":"Feature","geometry":{"type":"Polygon","coordinates":[[[-88.14182755032422,30.328046403840823],[-88.14182755032422,30.328046403840826],[-88.17106049595276,30.336877801962803],[-88.14182755032422,30.328046403840823]]]},"properties":{"NAME":null,"SUBJECTO":null,"PARTOF":null}},
{"type":"Feature","geometry":null,"properties":{"NAME":null,"SUBJECTO":null,"PARTOF":null}},
{"type":"Feature","geometry":{"type":"Polygon","coordinates":[[[-85.0513103111087,34.97200148259221],[-86.66863665479623,35.09571100128373],[-86.23006132964869,34.9720014825922],[-85.0513103111087,34.9720014825922],[-85.0513103111087,34.97200148259221]]]},"properties":{"NAME":null,"SUBJECTO":null,"PARTOF":null}},
{"type":"Feature","geometry":{"type":"Polygon","coordinates":[[[-120.95406046668973,35.488779696940234],[-120.52868362942579,34.50833090396289],[-118.67381940409983,34.10260235805952],[-118.59956791263996,34.597891361844965],[-119.04237179970599,35.21753671754685],[-119.39727568370381,35.28439601322471],[-119.74073976788813,35.56631623427542],[-120.95406046668973,35.488779696940234]]]},"properties":{"NAME":"Chumash","SUBJECTO":"Chumash","PARTOF":"Chumash"}},
{"type":"Feature","geometry":{"type":"Polygon","coordinates":[[[-121.98383375160381,36.53121180390033],[-121.649652197283,36.09883554164803],[-121.34397062788504,36.463460654149706],[-121.98383375160381,36.53121180390033]]]},"properties":{"NAME":null,"SUBJECTO":null,"PARTOF":null}},
{"type":"Feature","geometry":{"type":"Polygon","coordinates":[[[-123.54797388387983,44.73071648725233],[-123.43068746532225,44.27353881491559],[-123.1413132831321,43.50530661687192],[-122.84497032420879,43.50177872450379],[-121.99996686477238,43.505790344955194],[-122.01431654467753,44.34172643952947],[-122.1084874369996,44.35180660405935],[-122.81839081502515,45.079180180431244],[-122.99523692131004,45.629684995156765],[-123.35160330038184,45.537515051026894],[-123.49046151081174,45.02299593704268],[-123.54797388387983,44.73071648725233]]]},"properties":{"NAME":"Kalapuya","SUBJECTO":"Kalapuya","PARTOF":"Kalapuya"}},
{"type":"Feature","geometry":{"type":"Polygon","coordinates":[[[-114.21160987687487,45.52824845201906],[-114.47271382895454,46.36856913595878],[-116.43221277792632,46.8003497910654],[-117.10177632988139,46.77614536532465],[-117.85214491591846,46.34744769166525],[-117.57052565867147,46.0235855458312],[-117.71133528729497,45.63635906711659],[-117.3945136228921,44.79150129537561],[-116.12419605755781,44.7060247997253],[-114.21160987687487,45.52824845201906]]]},"properties":{"NAME":"Nez Perce","SUBJECTO":"Nez Perce","PARTOF":"Nez Perce"}},
{"type":"Feature","geometry":{"type":"Polygon","coordinates":[[[-117.35760872588939,47.89589759818096],[-116.14584007961969,47.82902065186147],[-115.62561312297703,48.29752123733511],[-117.28569624551746,48.90321457818254],[-117.99076726620949,48.36506400296132],[-117.89067982126434,48.28380488924348],[-117.35760872588939,47.89589759818096]]]},"properties":{"NAME":"Kalispel","SUBJECTO":"Kalispel","PARTOF":"Kalispel"}},
{"type":"Feature","geometry":{"type":"Polygon","coordinates":[[[-114.21160987687487,45.52824845201906],[-114.21130016519734,45.52811969634975],[-113.42918491929733,45.35835704475414],[-112.59189930922572,46.67315229574151],[-113.67706161236278,48.50388356005439],[-115.18575630256889,48.93599964191052],[-115.62561312297703,48.29752123733511],[-116.14584007961969,47.82902065186147],[-116.43221277792632,46.8003497910654],[-114.47271382895454,46.36856913595878],[-114.21160987687487,45.52824845201906]]]},"properties":{"NAME":"Flathead","SUBJECTO":"Flathead","PARTOF":"Flathead"}},
{"type":"Feature","geometry":{"type":"Polygon","coordinates":[[[-120.41421867106277,46.95774669620255],[-120.4073639994329,46.962688436214776],[-120.41361100716118,47.12841290326408],[-121.2793331085619,47.58403998266867],[-121.29271558237745,47.44857453089092],[-120.41421867106277,46.95774669620255]]]},"properties":{"NAME":null,"SUBJECTO":null,"PARTOF":null}},
{"type":"Feature","geometry":{"type":"Polygon","coordinates":[[[-120.0711384191265,46.944409252530946],[-120.4073639994329,46.962688436214776],[-120.41421867106277,46.95774669620255],[-121.38095539638559,47.01393738311474],[-121.51098909086811,46.74781923611328],[-120.59664575978795,45.71346834282885],[-120.58755378578067,45.71523622666359],[-120.1748196498262,45.79549008643252],[-118.95107483096886,46.03344046787701],[-118.95082776384366,46.03348850870691],[-119.04797674277093,46.74781923611328],[-120.0711384191265,46.944409252530946]]]},"properties":{"NAME":"Yakima","SUBJECTO":"Yakima","PARTOF":"Yakima"}},
{"type":"Feature","geometry":{"type":"Polygon","coordinates":[[[-119.46675660984793,44.76513895369119],[-118.99662453373357,44.933868398348196],[-118.95089881939555,46.033175952119976],[-118.95107483096886,46.03344046787701],[-120.1748196498262,45.79549008643252],[-119.46675660984793,44.76513895369119]]]},"properties":{"NAME":"Umatilla","SUBJECTO":"Umatilla","PARTOF":"Umatilla"}},
{"type":"Feature","geometry":{"type":"Polygon","coordinates":[[[-121.11406630668094,45.306343339958055],[-121.8686505265082,45.09984695005392],[-122.1084874369996,44.35180660405935],[-122.01431654467753,44.34172643952947],[-119.46675660984793,44.76513895369119],[-120.1748196498262,45.79549008643252],[-120.58755378578067,45.71523622666359],[-120.99829179685443,45.63111194661649],[-121.11406630668094,45.306343339958055]]]},"properties":{"NAME":"Tenimo","SUBJECTO":"Tenimo","PARTOF":"Tenimo"}},
{"type":"Feature","geometry":{"type":"Polygon","coordinates":[[[-120.51161789986936,48.74826441422407],[-119.97634438045432,47.8656331684682],[-119.46604275436019,47.802380258074635],[-119.24034329125865,48.7114861157292],[-120.51161789986936,48.74826441422407]]]},"properties":{"NAME":null,"SUBJECTO":null,"PARTOF":null}},
{"type":"Feature","geometry":{"type":"Polygon","coordinates":[[[-117.42627950561632,47.0080833848191],[-118.84702808631707,46.71828509547251],[-119.04797674277093,46.74781923611327],[-118.95082776384366,46.03348850870691],[-118.95107483096886,46.03344046787701],[-118.95089881939555,46.033175952119976],[-117.85214491591846,46.34744769166525],[-117.10177632988139,46.77614536532465],[-117.42627950561632,47.0080833848191]]]},"properties":{"NAME":null,"SUBJECTO":null,"PARTOF":null}},
{"type":"Feature","geometry":{"type":"Polygon","coordinates":[[[-120.91911454511562,49.0441757406209],[-120.51161789986936,48.74826441422407],[-119.24034329125865,48.7114861157292],[-119.1179431911146,49.1959627991639],[-120.91911454511562,49.0441757406209]]]},"properties":{"NAME":null,"SUBJECTO":null,"PARTOF":null}},
{"type":"Feature","geometry":{"type":"Polygon","coordinates":[[[-120.43402823724159,40.9702819244858],[-121.23805149392487,41.07676616840547],[-121.17683876423962,40.60973650520252],[-120.50366795658678,40.67229121224434],[-120.43402823724159,40.9702819244858]]]},"properties":{"NAME":null,"SUBJECTO":null,"PARTOF":null}},
{"type":"Feature","geometry":{"type":"Polygon","coordinates":[[[-120.39449810813232,42.090009440247655],[-121.38268360641447,42.32717395983536],[-122.17453622841975,42.02065036422042],[-122.19441633760142,41.995775713251646],[-121.96838836490929,41.397438252954565],[-121.30461009576958,41.58458278698514],[-120.49972413463857,41.811510987480226],[-120.39449810813232,42.090009440247655]]]},"properties":{"NAME":"Modoc","SUBJECTO":"Modoc","PARTOF":"Modoc"}},
{"type":"Feature","geometry":{"type":"Polygon","coordinates":[[[-121.98624815791418,39.59509124599835],[-121.042965933293,39.5883381217207],[-120.39070713971284,39.662724971417425],[-120.19010645532764,40.09921404418163],[-120.50366795658678,40.67229121224434],[-121.17683876423962,40.60973650520252],[-121.41352967329237,40.58386864628965],[-121.97704174154464,40.06116386324714],[-121.98624815791418,39.59509124599835]]]},"properties":{"NAME":"Maiou","SUBJECTO":"Maiou","PARTOF":"Maiou"}},
{"type":"Feature","geometry":{"type":"Polygon","coordinates":[[[-121.77645300178123,46.649423649861845],[-122.14391354487552,46.58883597420427],[-121.987014296277,46.361312596223684],[-121.77645300178123,46.649423649861845]]]},"properties":{"NAME":null,"SUBJECTO":null,"PARTOF":null}},
{"type":"Feature","geometry":{"type":"Polygon","coordinates":[[[-122.58731982404205,47.231830095303735],[-122.47773677025785,47.47392145804742],[-122.6331835804103,47.4920514777741],[-123.13110847751925,47.53219595781812],[-123.34343881187728,47.65903396292006],[-123.52524890506598,47.56633171389085],[-123.64666001031765,47.41756547395165],[-123.17251464051608,46.82849889558615],[-122.58731982404205,47.231830095303735]]]},"properties":{"NAME":null,"SUBJECTO":null,"PARTOF":null}},
{"type":"Feature","geometry":{"type":"Polygon","coordinates":[[[-121.38095539638559,47.01393738311474],[-121.5104159447059,47.361101223061034],[-122.47773677025785,47.47392145804742],[-122.58731982404205,47.231830095303735],[-122.14391354487552,46.58883597420427],[-121.77645300178123,46.649423649861845],[-121.5109890908681,46.747819236113266],[-121.51098909086811,46.74781923611328],[-121.38095539638559,47.01393738311474]]]},"properties":{"NAME":null,"SUBJECTO":null,"PARTOF":null}},
{"type":"Feature","geometry":{"type":"Polygon","coordinates":[[[-121.5104159447059,47.361101223061034],[-121.38095539638559,47.01393738311474],[-120.41421867106277,46.95774669620255],[-121.29271558237745,47.44857453089092],[-121.5104159447059,47.361101223061034]]]},"properties":{"NAME":null,"SUBJECTO":null,"PARTOF":null}},
{"type":"Feature","geometry":{"type":"Polygon","coordinates":[[[-122.30133389439597,45.00680460701333],[-122.28324885886472,45.00427313559377],[-122.27905767106019,45.01159478885779],[-122.30133389439597,45.00680460701333]]]},"properties":{"NAME":null,"SUBJECTO":null,"PARTOF":null}},
{"type":"Feature","geometry":{"type":"Polygon","coordinates":[[[-121.8976809535067,45.677827899641784],[-121.90325945217704,45.66808273075342],[-121.87648633314676,45.68586667056053],[-121.8976809535067,45.677827899641784]]]},"properties":{"NAME":null,"SUBJECTO":null,"PARTOF":null}},
{"type":"Feature","geometry":{"type":"Polygon","coordinates":[[[-121.5109890908681,46.747819236113266],[-121.77645300178123,46.649423649861845],[-121.987014296277,46.361312596223684],[-122.37733218997039,45.578642033436324],[-121.8976809535067,45.677827899641784],[-121.87648633314676,45.68586667056053],[-121.87648633314669,45.68586667056058],[-120.99829179685443,45.631111946616485],[-120.99829179685443,45.63111194661649],[-120.58755378578067,45.71523622666359],[-120.59664575978795,45.71346834282885],[-121.5109890908681,46.747819236113266]]]},"properties":{"NAME":"Kijkitat","SUBJECTO":"Kijkitat","PARTOF":"Kijkitat"}},
{"type":"Feature","geometry":{"type":"Polygon","coordinates":[[[-122.1084874369996,44.35180660405935],[-121.8686505265082,45.09984695005392],[-122.27905767106019,45.01159478885779],[-122.28324885886472,45.00427313559377],[-122.30133389439597,45.00680460701333],[-122.81839081502515,45.079180180431244],[-122.1084874369996,44.35180660405935]]]},"properties":{"NAME":null,"SUBJECTO":null,"PARTOF":null}},
{"type":"Feature","geometry":{"type":"Polygon","coordinates":[[[-118.78058356370873,47.58420325757135],[-119.46604275436019,47.802380258074635],[-119.97634438045432,47.8656331684682],[-120.0711384191265,46.944409252530946],[-119.04797674277093,46.74781923611328],[-119.04797674277093,46.74781923611327],[-118.84702808631707,46.71828509547251],[-118.78058356370873,47.58420325757135]]]},"properties":{"NAME":null,"SUBJECTO":null,"PARTOF":null}},
{"type":"Feature","geometry":{"type":"Polygon","coordinates":[[[-121.77184812087565,48.6543134310628],[-122.50193189732279,48.60942722642004],[-122.35927645642332,48.167852449070814],[-121.46150637314238,48.05454096361384],[-121.38080974896748,48.343095248763504],[-121.18874631474912,48.590656764189546],[-121.77184812087565,48.6543134310628]]]},"properties":{"NAME":null,"SUBJECTO":null,"PARTOF":null}},
{"type":"Feature","geometry":{"type":"Polygon","coordinates":[[[-121.05217955584826,48.7666854493368],[-121.38080974896748,48.343095248763504],[-121.46150637314238,48.05454096361384],[-121.2793331085619,47.58403998266867],[-120.41361100716118,47.12841290326408],[-120.41361100716118,47.128412903264085],[-120.0711384191265,46.944409252530946],[-119.97634438045432,47.8656331684682],[-120.51161789986936,48.74826441422407],[-120.91911454511562,49.0441757406209],[-121.17585081065224,49.02254024076657],[-121.05217955584826,48.7666854493368]]]},"properties":{"NAME":null,"SUBJECTO":null,"PARTOF":null}},
{"type":"Feature","geometry":{"type":"Polygon","coordinates":[[[-117.42627950561632,47.0080833848191],[-117.10177632988139,46.77614536532465],[-116.43221277792632,46.8003497910654],[-116.14584007961969,47.82902065186147],[-117.35760872588939,47.89589759818096],[-117.42627950561632,47.0080833848191]]]},"properties":{"NAME":null,"SUBJECTO":null,"PARTOF":null}},
{"type":"Feature","geometry":{"type":"Polygon","coordinates":[[[-117.35760872588939,47.89589759818096],[-117.89067982126434,48.28380488924348],[-118.78058356370873,47.58420325757135],[-118.84702808631707,46.71828509547251],[-117.42627950561632,47.0080833848191],[-117.35760872588939,47.89589759818096]]]},"properties":{"NAME":"Spokane","SUBJECTO":"Spokane","PARTOF":"Spokane"}},
{"type":"Feature","geometry":{"type":"Polygon","coordinates":[[[-117.28569624551746,48.90321457818254],[-117.33774395163805,49.34598251027045],[-119.1179431911146,49.1959627991639],[-119.24034329125865,48.7114861157292],[-117.99076726620949,48.36506400296132],[-117.28569624551746,48.90321457818254]]]},"properties":{"NAME":null,"SUBJECTO":null,"PARTOF":null}},
{"type":"Feature","geometry":{"type":"Polygon","coordinates":[[[-115.62561312297703,48.29752123733511],[-115.18575630256889,48.93599964191052],[-113.67706161236278,48.50388356005439],[-114.03488460458912,49.62431877403358],[-114.26529355511259,49.604901911343504],[-117.33774395163805,49.34598251027045],[-117.28569624551746,48.90321457818254],[-115.62561312297703,48.29752123733511]]]},"properties":{"NAME":null,"SUBJECTO":null,"PARTOF":null}},
{"type":"Feature","geometry":{"type":"Polygon","coordinates":[[[-117.99076726620949,48.36506400296132],[-119.24034329125865,48.7114861157292],[-119.46604275436019,47.802380258074635],[-118.78058356370873,47.58420325757135],[-117.89067982126434,48.28380488924348],[-117.99076726620949,48.36506400296132]]]},"properties":{"NAME":null,"SUBJECTO":null,"PARTOF":null}},
{"type":"Feature","geometry":{"type":"Polygon","coordinates":[[[-120.39070713971284,39.662724971417425],[-121.042965933293,39.5883381217207],[-120.95089598915344,38.88587974053566],[-120.10759009682138,38.86992801157198],[-120.39070713971284,39.662724971417425]]]},"properties":{"NAME":null,"SUBJECTO":null,"PARTOF":null}},
{"type":"Feature","geometry":{"type":"Polygon","coordinates":[[[-118.63965909301118,36.81238685962475],[-118.34327173218419,37.242643617351504],[-119.36647919471261,37.96795938684105],[-119.61181839475704,37.63938010106726],[-119.57135491624992,37.64887472526348],[-118.63965909301118,36.81238685962475]]]},"properties":{"NAME":null,"SUBJECTO":null,"PARTOF":null}},
{"type":"Feature","geometry":{"type":"Polygon","coordinates":[[[-118.00828390129595,36.621497422761074],[-118.34327173218419,37.242643617351504],[-118.63965909301118,36.81238685962475],[-118.60894749988402,35.62899251147701],[-117.90814268352254,35.780075524331195],[-118.00828390129595,36.621497422761074]]]},"properties":{"NAME":null,"SUBJECTO":null,"PARTOF":null}},
{"type":"Feature","geometry":{"type":"Polygon","coordinates":[[[-118.99662453373357,44.933868398348196],[-119.46675660984793,44.76513895369119],[-122.01431654467753,44.34172643952947],[-121.99996686477238,43.505790344955194],[-121.88519933720906,43.30577044680257],[-121.29233982106518,43.170852883749134],[-121.29233982106513,43.17085288374913],[-120.39449810813235,42.09000944024766],[-120.39449810813232,42.090009440247655],[-120.49972413463857,41.811510987480226],[-120.43402823724159,40.9702819244858],[-120.50366795658678,40.67229121224434],[-120.19010645532764,40.09921404418163],[-119.3597538397287,38.86426778000676],[-119.48006136673843,38.31560986839534],[-119.36647919471261,37.96795938684105],[-118.34327173218419,37.242643617351504],[-118.00828390129595,36.621497422761074],[-117.73671045381897,38.69332565736938],[-116.88090672395968,41.98135730860865],[-116.16022989881502,43.017439895902044],[-116.12419605755781,44.7060247997253],[-117.3945136228921,44.79150129537561],[-118.99662453373357,44.933868398348196]]]},"properties":{"NAME":"Northern Paiute","SUBJECTO":"Northern Paiute","PARTOF":"Northern Paiute"}},
{"type":"Feature","geometry":{"type":"Polygon","coordinates":[[[-114.92600924122684,35.55656564883044],[-115.95540888322253,36.47037166252119],[-116.87864180284988,36.750138987603485],[-116.70499105189305,35.986092091163215],[-116.58083174117499,35.75393201388345],[-116.21343770258828,34.710532944297185],[-115.23616955994761,34.012484270982426],[-115.23616955994761,34.01248427098241],[-114.92917502601537,33.8913307292301],[-114.66030437411494,34.35483605517907],[-114.92600924122684,35.55656564883044]]]},"properties":{"NAME":null,"SUBJECTO":null,"PARTOF":null}},
{"type":"Feature","geometry":{"type":"Polygon","coordinates":[[[-113.3711039881228,35.888964791429544],[-112.58202945207222,36.37831442615366],[-111.19731175121306,35.46581253611134],[-111.17776884588511,35.47616956878699],[-110.461870989876,36.23573647231326],[-110.33844886137375,37.17374464893033],[-111.74633429376173,37.86815433988445],[-112.46091211710639,38.67519582895374],[-113.51707025452421,38.8859098773382],[-115.39451077209885,38.27021512907214],[-115.95540888322253,36.47037166252119],[-114.92600924122684,35.55656564883044],[-114.72786477887728,35.74242400751926],[-113.3711039881228,35.888964791429544]]]},"properties":{"NAME":"Southern Paiute","SUBJECTO":"Southern Paiute","PARTOF":"Southern Paiute"}},
{"type":"Feature","geometry":{"type":"Polygon","coordinates":[[[-111.18504437368276,35.45426142934775],[-111.18517793314578,35.45456497358191],[-111.17776884588511,35.47616956878699],[-111.19731175121306,35.46581253611134],[-111.18504437368276,35.45426142934775]]]},"properties":{"NAME":null,"SUBJECTO":null,"PARTOF":null}},
{"type":"Feature","geometry":{"type":"Polygon","coordinates":[[[-124.25536568038316,44.35731708840223],[-124.1449249806831,43.65098042724204],[-123.3223142710306,43.3543793450362],[-123.1413132831321,43.50530661687192],[-123.43068746532225,44.27353881491559],[-124.25536568038316,44.35731708840223]]]},"properties":{"NAME":null,"SUBJECTO":null,"PARTOF":null}},
{"type":"Feature","geometry":{"type":"Polygon","coordinates":[[[-124.15203633147486,44.745719491263976],[-124.25536568038316,44.35731708840223],[-123.43068746532225,44.27353881491559],[-123.54797388387983,44.73071648725233],[-124.15203633147486,44.745719491263976]]]},"properties":{"NAME":null,"SUBJECTO":null,"PARTOF":null}},
{"type":"Feature","geometry":{"type":"Polygon","coordinates":[[[-124.06404850164222,45.128267719023356],[-124.15203633147486,44.745719491263976],[-123.54797388387983,44.73071648725233],[-123.49046151081174,45.02299593704268],[-124.06404850164222,45.128267719023356]]]},"properties":{"NAME":null,"SUBJECTO":null,"PARTOF":null}},
{"type":"Feature","geometry":{"type":"Polygon","coordinates":[[[-124.04449041833952,45.892102817474175],[-124.06404850164222,45.128267719023356],[-123.49046151081174,45.02299593704268],[-123.35160330038184,45.537515051026894],[-123.64884440033386,45.85618094044586],[-124.04449041833952,45.892102817474175]]]},"properties":{"NAME":null,"SUBJECTO":null,"PARTOF":null}},
{"type":"Feature","geometry":{"type":"Polygon","coordinates":[[[-122.81370046646657,45.772960585234536],[-122.37733218997039,45.578642033436324],[-121.987014296277,46.361312596223684],[-122.14391354487552,46.58883597420427],[-122.58731982404205,47.231830095303735],[-123.17251464051608,46.82849889558615],[-123.7074116351322,46.63389580256316],[-122.81370046646657,45.772960585234536]]]},"properties":{"NAME":null,"SUBJECTO":null,"PARTOF":null}},
{"type":"Feature","geometry":{"type":"Polygon","coordinates":[[[-123.64884440033386,45.85618094044586],[-123.35160330038184,45.537515051026894],[-122.99523692131004,45.629684995156765],[-122.97254469712286,45.64916280687895],[-123.64884440033386,45.85618094044586]]]},"properties":{"NAME":null,"SUBJECTO":null,"PARTOF":null}},
{"type":"Feature","geometry":{"type":"Polygon","coordinates":[[[-122.81370046646657,45.772960585234536],[-123.7074116351322,46.63389580256316],[-124.17554526888047,46.81135422223555],[-124.04449041833952,45.892102817474175],[-123.64884440033386,45.85618094044586],[-122.97254469712286,45.64916280687895],[-122.81370046646657,45.772960585234536]]]},"properties":{"NAME":null,"SUBJECTO":null,"PARTOF":null}},
{"type":"Feature","geometry":{"type":"Polygon","coordinates":[[[-123.95248726382064,43.05121021767062],[-123.3223142710306,43.3543793450362],[-124.1449249806831,43.65098042724204],[-124.57052705632654,43.16009523159662],[-123.95248726382064,43.05121021767062]]]},"properties":{"NAME":null,"SUBJECTO":null,"PARTOF":null}},
{"type":"Feature","geometry":{"type":"Polygon","coordinates":[[[-123.00745646233402,42.08384971447687],[-123.17516796492663,42.217151677427985],[-123.54760629751412,41.938089543725724],[-123.63762223443328,41.798051467876306],[-123.52305414828686,41.363594446589644],[-123.28432290542163,41.19154344396144],[-123.10857863934564,41.24286698649743],[-123.00745646233402,42.08384971447687]]]},"properties":{"NAME":null,"SUBJECTO":null,"PARTOF":null}},
{"type":"Feature","geometry":{"type":"Polygon","coordinates":[[[-122.19441633760142,41.995775713251646],[-122.17453622841975,42.02065036422042],[-122.35693182039574,42.64381131757092],[-122.71085201126132,42.88572293050372],[-123.21625411088375,42.675369964444656],[-123.17516796492663,42.217151677427985],[-123.00745646233402,42.08384971447687],[-122.19441633760142,41.995775713251646]]]},"properties":{"NAME":null,"SUBJECTO":null,"PARTOF":null}},
{"type":"Feature","geometry":{"type":"Polygon","coordinates":[[[-122.79132487877328,39.57202511774322],[-122.82224756407693,39.53385233551756],[-122.78150043504431,39.529924382141346],[-122.79132487877328,39.57202511774322]]]},"properties":{"NAME":null,"SUBJECTO":null,"PARTOF":null}},
{"type":"Feature","geometry":{"type":"Polygon","coordinates":[[[-122.71085201126132,42.88572293050372],[-122.84497032420879,43.50177872450379],[-123.1413132831321,43.50530661687192],[-123.3223142710306,43.3543793450362],[-123.95248726382064,43.05121021767062],[-123.87822452638153,42.69374819681135],[-123.21625411088375,42.675369964444656],[-122.71085201126132,42.88572293050372]]]},"properties":{"NAME":null,"SUBJECTO":null,"PARTOF":null}},
{"type":"Feature","geometry":{"type":"Polygon","coordinates":[[[-122.35693182039574,42.64381131757092],[-121.88519933720906,43.30577044680257],[-121.99996686477238,43.505790344955194],[-122.84497032420879,43.50177872450379],[-122.71085201126132,42.88572293050372],[-122.35693182039574,42.64381131757092]]]},"properties":{"NAME":null,"SUBJECTO":null,"PARTOF":null}},
{"type":"Feature","geometry":{"type":"Polygon","coordinates":[[[-121.29233982106518,43.170852883749134],[-121.88519933720906,43.30577044680257],[-122.35693182039574,42.64381131757092],[-122.17453622841975,42.02065036422042],[-121.38268360641447,42.32717395983536],[-120.39449810813235,42.09000944024766],[-121.29233982106513,43.17085288374913],[-121.29233982106518,43.170852883749134]]]},"properties":{"NAME":null,"SUBJECTO":null,"PARTOF":null}},
{"type":"Feature","geometry":{"type":"Polygon","coordinates":[[[-123.0013628661222,40.472101907398404],[-123.17011890875257,40.44960125640216],[-124.02053620938014,39.962634670483624],[-123.93289872543515,39.82096520589268],[-122.82224756407693,39.53385233551756],[-122.79132487877328,39.57202511774322],[-123.0013628661222,40.472101907398404]]]},"properties":{"NAME":null,"SUBJECTO":null,"PARTOF":null}},
{"type":"Feature","geometry":{"type":"Polygon","coordinates":[[[-123.28432290542163,41.19154344396144],[-123.52305414828686,41.363594446589644],[-123.91236379916525,41.0172279624429],[-124.34525901598117,40.8061143819423],[-124.02053620938014,39.962634670483624],[-123.17011890875257,40.44960125640216],[-123.30904640713268,40.77479801245003],[-123.28432290542163,41.19154344396144]]]},"properties":{"NAME":null,"SUBJECTO":null,"PARTOF":null}},
{"type":"Feature","geometry":{"type":"Polygon","coordinates":[[[-122.96817540610029,41.117159886853635],[-123.30904640713268,40.77479801245003],[-123.17011890875257,40.44960125640216],[-123.0013628661222,40.472101907398404],[-122.28275837356928,40.56791518104027],[-122.04922702028952,40.922324018913265],[-122.10402057687621,41.076217667861556],[-122.96817540610029,41.117159886853635]]]},"properties":{"NAME":null,"SUBJECTO":null,"PARTOF":null}},
{"type":"Feature","geometry":{"type":"Polygon","coordinates":[[[-121.23805149392487,41.07676616840547],[-120.43402823724159,40.9702819244858],[-120.49972413463857,41.811510987480226],[-121.30461009576958,41.58458278698514],[-121.23805149392487,41.07676616840547]]]},"properties":{"NAME":null,"SUBJECTO":null,"PARTOF":null}},
{"type":"Feature","geometry":{"type":"Polygon","coordinates":[[[-112.82366979110384,35.15620091934511],[-111.87765434603523,35.1052555786394],[-111.19731175121306,35.46581253611134],[-112.58202945207222,36.37831442615366],[-113.3711039881228,35.888964791429544],[-112.82366979110384,35.15620091934511]]]},"properties":{"NAME":"Havasupai","SUBJECTO":"Havasupai","PARTOF":"Havasupai"}},
{"type":"Feature","geometry":{"type":"Polygon","coordinates":[[[-114.72786477887728,35.74242400751926],[-114.92600924122684,35.55656564883044],[-114.66030437411494,34.35483605517907],[-113.94056630351002,34.352099932466494],[-114.14388094761765,34.83250731041746],[-114.72786477887728,35.74242400751926]]]},"properties":{"NAME":null,"SUBJECTO":null,"PARTOF":null}},
{"type":"Feature","geometry":{"type":"Polygon","coordinates":[[[-114.10177654793348,28.07372069104445],[-114.4778566030586,27.243947587922854],[-112.41098495999219,26.19277151675586],[-112.16581436673047,25.01066740603809],[-110.22465988675,23.39993818850879],[-110.20493790188672,24.31546553225879],[-110.79756638089063,24.880048356965823],[-112.7645778375663,27.88165751959992],[-114.10177654793348,28.07372069104445]]]},"properties":{"NAME":"Cochimà","SUBJECTO":"CochimÃ­","PARTOF":"Cochimà"}},
{"type":"Feature","geometry":{"type":"Polygon","coordinates":[[[-111.23190012067445,33.55347201672158],[-111.77041978920226,33.49201053281351],[-112.14102321789257,32.83028746530148],[-111.62700128261154,31.6298191626171],[-112.04713884016235,30.227513084380845],[-110.37220889460862,30.612527860485333],[-110.43505321701473,32.130984412747154],[-111.23190012067445,33.55347201672158]]]},"properties":{"NAME":"Pima","SUBJECTO":"Pima","PARTOF":"Pima"}},
{"type":"Feature","geometry":{"type":"Polygon","coordinates":[[[-110.42638670043237,33.88407767844239],[-110.71390668634554,33.963503905898094],[-111.28900801897555,33.91112400743407],[-111.23190012067445,33.55347201672158],[-110.43505321701473,32.130984412747154],[-109.95712834909688,32.38784722970465],[-110.42638670043237,33.88407767844239]]]},"properties":{"NAME":null,"SUBJECTO":null,"PARTOF":null}},
{"type":"Feature","geometry":{"type":"Polygon","coordinates":[[[-110.37220889460862,30.612527860485333],[-108.693565450754,30.998396255405748],[-108.19896103246037,31.71294979896351],[-106.44543425406405,31.75921787223626],[-107.31960817543005,33.16329046269981],[-107.37366522910754,33.50565180265738],[-107.07935460353,34.44864707236501],[-108.36509992845052,34.48054314608491],[-109.2944177101947,34.63977112187487],[-109.34905148439545,34.71918386852223],[-109.3459620954442,34.6825525423859],[-109.29496557979877,33.14258666246663],[-109.95712834909688,32.38784722970465],[-110.43505321701473,32.130984412747154],[-110.37220889460862,30.612527860485333]]]},"properties":{"NAME":"Chiricahua","SUBJECTO":"Chiricahua","PARTOF":"Chiricahua"}},
{"type":"Feature","geometry":{"type":"Polygon","coordinates":[[[-110.97231024601234,34.97077477555137],[-111.18504437368276,35.45426142934775],[-111.19731175121306,35.46581253611134],[-111.87765434603523,35.1052555786394],[-111.54498681112962,34.3967681481131],[-110.97231024601234,34.97077477555137]]]},"properties":{"NAME":null,"SUBJECTO":null,"PARTOF":null}},
{"type":"Feature","geometry":{"type":"Polygon","coordinates":[[[-110.79368672929346,34.70767350781284],[-110.97231024601234,34.97077477555137],[-111.54498681112962,34.3967681481131],[-111.28900801897555,33.91112400743407],[-110.71390668634554,33.963503905898094],[-110.79368672929346,34.70767350781284]]]},"properties":{"NAME":null,"SUBJECTO":null,"PARTOF":null}},
{"type":"Feature","geometry":{"type":"Polygon","coordinates":[[[-109.95712834909688,32.38784722970465],[-109.29496557979877,33.14258666246663],[-109.3459620954442,34.6825525423859],[-110.05950582530336,34.471242369239754],[-110.42638670043237,33.88407767844239],[-109.95712834909688,32.38784722970465]]]},"properties":{"NAME":null,"SUBJECTO":null,"PARTOF":null}},
{"type":"Feature","geometry":{"type":"Polygon","coordinates":[[[-110.71390668634554,33.963503905898094],[-110.42638670043237,33.88407767844239],[-110.05950582530336,34.471242369239754],[-110.79368672929346,34.70767350781284],[-110.71390668634554,33.963503905898094]]]},"properties":{"NAME":null,"SUBJECTO":null,"PARTOF":null}},
{"type":"Feature","geometry":{"type":"Polygon","coordinates":[[[-79.14369287873127,38.59912124913121],[-79.92087866955761,40.418604405535774],[-80.74645563181255,40.67721887563973],[-85.17235395390892,40.64191845415694],[-87.64805901990378,38.88173508353631],[-87.74494533803735,40.33680289601044],[-87.77847249779614,38.364405607379354],[-86.07571065648122,39.200583297310786],[-83.0958774341801,38.95733160569437],[-82.06205774481032,38.3339991459273],[-81.87694142117128,37.363193255759306],[-80.22145867875184,37.64253216867145],[-79.14369287873127,38.59912124913121]]]},"properties":{"NAME":null,"SUBJECTO":null,"PARTOF":null}},
{"type":"Feature","geometry":{"type":"Polygon","coordinates":[[[-76.96877491480396,36.08382697420913],[-76.98243134974526,35.55532846390536],[-76.73228019742008,36.163677463185515],[-76.96877491480396,36.08382697420913]]]},"properties":{"NAME":null,"SUBJECTO":null,"PARTOF":null}},
{"type":"Feature","geometry":{"type":"Polygon","coordinates":[[[-77.12766976093044,35.3189011645884],[-77.06258102932811,35.206771455720684],[-77.00272492375097,35.52229343648728],[-77.12766976093044,35.3189011645884]]]},"properties":{"NAME":null,"SUBJECTO":null,"PARTOF":null}},
{"type":"Feature","geometry":{"type":"Polygon","coordinates":[[[-77.19939020128146,34.68039159983789],[-77.06258102932811,35.206771455720684],[-77.12766976093044,35.3189011645884],[-77.46528965083942,35.20359997622468],[-77.19939020128146,34.68039159983789]]]},"properties":{"NAME":"Catawba","SUBJECTO":"Catawba","PARTOF":"Catawba"}},
{"type":"Feature","geometry":{"type":"Polygon","coordinates":[[[-76.31037269698847,37.05039498822967],[-76.28306290188672,37.055823884919924],[-76.29093643704297,37.19518240542766],[-76.31037269698847,37.05039498822967]]]},"properties":{"NAME":null,"SUBJECTO":null,"PARTOF":null}},
{"type":"Feature","geometry":{"type":"Polygon","coordinates":[[[-77.5171218298198,37.18224569892856],[-77.73337160888113,38.69975277670452],[-78.40603699248446,39.019413556411365],[-79.14369287873127,38.59912124913121],[-80.22145867875184,37.64253216867145],[-80.58205089987187,36.871756422566726],[-78.05679576845776,36.502360771823575],[-78.04777390092252,36.93174211908519],[-77.5171218298198,37.18224569892856]]]},"properties":{"NAME":"Tutelo","SUBJECTO":"Tutelo","PARTOF":"Tutelo"}},
{"type":"Feature","geometry":{"type":"Polygon","coordinates":[[[-81.05556148689652,32.42605830573056],[-80.88384750312667,32.055018971200006],[-79.43063292988462,33.04015058308433],[-79.87756225656966,33.23242070394939],[-80.22234251910434,32.99658302080331],[-80.66481052269056,32.764945538806074],[-81.05556148689652,32.42605830573056]]]},"properties":{"NAME":"Cusabo","SUBJECTO":"Cusabo","PARTOF":"Cusabo"}},
{"type":"Feature","geometry":{"type":"Polygon","coordinates":[[[-116.35027233890348,33.29167766213021],[-116.44316010419921,33.268278908700566],[-116.44316010419924,33.26827890870059],[-117.37857723721048,33.1092410052044],[-116.61988396976875,31.88446379027852],[-116.25528014347094,32.43287788442475],[-116.35027233890348,33.29167766213021]]]},"properties":{"NAME":null,"SUBJECTO":null,"PARTOF":null}},
{"type":"Feature","geometry":{"type":"Polygon","coordinates":[[[-112.77398072180549,33.13685626589771],[-113.82810539749218,32.949600980215465],[-113.73292220291289,32.569994946209455],[-112.7091337261554,32.70827442829786],[-112.77398072180549,33.13685626589771]]]},"properties":{"NAME":null,"SUBJECTO":null,"PARTOF":null}},
{"type":"Feature","geometry":{"type":"Polygon","coordinates":[[[-112.7091337261554,32.70827442829786],[-112.14102321789257,32.83028746530148],[-111.77041978920226,33.49201053281351],[-112.77398072180549,33.13685626589771],[-112.7091337261554,32.70827442829786]]]},"properties":{"NAME":null,"SUBJECTO":null,"PARTOF":null}},
{"type":"Feature","geometry":{"type":"Polygon","coordinates":[[[-116.25528014347094,32.43287788442475],[-116.61988396976875,31.88446379027852],[-116.70472427883985,31.59074553103809],[-115.60230728665235,29.685151658967776],[-114.06728836575391,28.42289312930469],[-114.10177654793348,28.07372069104445],[-112.7645778375663,27.88165751959992],[-113.59289261380079,29.10258635135059],[-114.68277451077344,30.14322432132129],[-114.89681454884871,31.610842550748433],[-115.39697430251124,31.913499453964135],[-116.25528014347094,32.43287788442475]]]},"properties":{"NAME":"Guachimis","SUBJECTO":"Guachimis","PARTOF":"Guachimis"}},
{"type":"Feature","geometry":{"type":"Polygon","coordinates":[[[-115.11990791481465,33.50288474344811],[-116.35027233890348,33.29167766213021],[-116.25528014347094,32.43287788442475],[-115.39697430251124,31.913499453964135],[-115.11990791481465,33.50288474344811]]]},"properties":{"NAME":"Kamia","SUBJECTO":"Kamia","PARTOF":"Kamia"}},
{"type":"Feature","geometry":{"type":"Polygon","coordinates":[[[-115.39697430251124,31.913499453964135],[-114.89681454884871,31.610842550748433],[-114.72254988494909,31.762956208427685],[-113.73292220291289,32.569994946209455],[-113.82810539749218,32.949600980215465],[-114.33442392857172,33.186937791659],[-114.33442392857172,33.186937791658984],[-115.06430285428983,33.509656236982735],[-115.11990791481465,33.50288474344811],[-115.39697430251124,31.913499453964135]]]},"properties":{"NAME":"Yuma","SUBJECTO":"Yuma","PARTOF":"Yuma"}},
{"type":"Feature","geometry":{"type":"Polygon","coordinates":[[[-119.74073976788813,35.56631623427542],[-120.89650264829393,36.57545181459042],[-121.34397062788504,36.463460654149706],[-121.649652197283,36.09883554164803],[-120.95406046668973,35.488779696940234],[-119.74073976788813,35.56631623427542]]]},"properties":{"NAME":"Saunan","SUBJECTO":"Saunan","PARTOF":"Saunan"}},
{"type":"Feature","geometry":{"type":"Polygon","coordinates":[[[-121.34397062788504,36.463460654149706],[-120.89650264829393,36.57545181459042],[-121.82312270822358,37.87929363674449],[-121.93564812151612,38.1792131838537],[-122.31333963558758,38.220756482796354],[-122.48976608792188,38.164527498201174],[-121.98383375160381,36.53121180390033],[-121.34397062788504,36.463460654149706]]]},"properties":{"NAME":"Costanoan","SUBJECTO":"Costanoan","PARTOF":"Costanoan"}},
{"type":"Feature","geometry":{"type":"Polygon","coordinates":[[[-122.71692744021196,38.99241812627434],[-122.71804675494387,38.691014653615134],[-122.35187144173804,38.51710425255131],[-122.71692744021196,38.99241812627434]]]},"properties":{"NAME":null,"SUBJECTO":null,"PARTOF":null}},
{"type":"Feature","geometry":{"type":"Polygon","coordinates":[[[-122.78150043504431,39.529924382141346],[-122.71692744021196,38.99241812627434],[-122.35187144173804,38.51710425255131],[-122.31333963558758,38.220756482796354],[-121.93564812151612,38.1792131838537],[-120.95089598915344,38.88587974053566],[-121.042965933293,39.5883381217207],[-121.98624815791418,39.59509124599835],[-122.79132487877328,39.57202511774322],[-122.78150043504431,39.529924382141346]]]},"properties":{"NAME":"Patwin","SUBJECTO":"Patwin","PARTOF":"Patwin"}},
{"type":"Feature","geometry":{"type":"Polygon","coordinates":[[[-122.28275837356928,40.56791518104027],[-123.0013628661222,40.472101907398404],[-122.79132487877328,39.57202511774322],[-121.98624815791418,39.59509124599835],[-121.97704174154464,40.06116386324714],[-122.28275837356928,40.56791518104027]]]},"properties":{"NAME":null,"SUBJECTO":null,"PARTOF":null}},
{"type":"Feature","geometry":{"type":"Polygon","coordinates":[[[-121.41352967329237,40.58386864628965],[-121.17683876423962,40.60973650520252],[-121.23805149392487,41.07676616840547],[-121.70040316856958,40.96792537304268],[-121.41352967329237,40.58386864628965]]]},"properties":{"NAME":null,"SUBJECTO":null,"PARTOF":null}},
{"type":"Feature","geometry":{"type":"Polygon","coordinates":[[[-121.70040316856958,40.96792537304268],[-122.04922702028952,40.922324018913265],[-122.28275837356928,40.56791518104027],[-121.97704174154464,40.06116386324714],[-121.41352967329237,40.58386864628965],[-121.70040316856958,40.96792537304268]]]},"properties":{"NAME":null,"SUBJECTO":null,"PARTOF":null}},
{"type":"Feature","geometry":{"type":"Polygon","coordinates":[[[-122.04922702028952,40.922324018913265],[-121.70040316856958,40.96792537304268],[-121.23805149392487,41.07676616840547],[-121.30461009576958,41.58458278698514],[-121.96838836490929,41.397438252954565],[-122.10402057687621,41.076217667861556],[-122.04922702028952,40.922324018913265]]]},"properties":{"NAME":null,"SUBJECTO":null,"PARTOF":null}},
{"type":"Feature","geometry":{"type":"Polygon","coordinates":[[[-122.10402057687621,41.076217667861556],[-121.96838836490929,41.397438252954565],[-122.19441633760142,41.995775713251646],[-123.00745646233402,42.08384971447687],[-123.10857863934564,41.24286698649743],[-122.96817540610029,41.117159886853635],[-122.10402057687621,41.076217667861556]]]},"properties":{"NAME":null,"SUBJECTO":null,"PARTOF":null}},
{"type":"Feature","geometry":{"type":"Polygon","coordinates":[[[-123.30904640713268,40.77479801245003],[-122.96817540610029,41.117159886853635],[-123.10857863934564,41.24286698649743],[-123.28432290542163,41.19154344396144],[-123.30904640713268,40.77479801245003]]]},"properties":{"NAME":null,"SUBJECTO":null,"PARTOF":null}},
{"type":"Feature","geometry":{"type":"Polygon","coordinates":[[[-123.91236379916525,41.0172279624429],[-123.52305414828686,41.363594446589644],[-123.63762223443328,41.798051467876306],[-124.19386085599261,41.73070031267889],[-124.26059020125723,41.0172279624429],[-123.91236379916525,41.0172279624429]]]},"properties":{"NAME":null,"SUBJECTO":null,"PARTOF":null}},
{"type":"Feature","geometry":{"type":"Polygon","coordinates":[[[-77.09629431139923,36.77417639016781],[-77.11833909851146,36.67866514234477],[-76.96877491480396,36.08382697420913],[-76.73228019742008,36.163677463185515],[-76.70146948776122,36.17408044494843],[-76.40070501975283,36.418564845906744],[-77.09629431139923,36.77417639016781]]]},"properties":{"NAME":null,"SUBJECTO":null,"PARTOF":null}},
{"type":"Feature","geometry":{"type":"Polygon","coordinates":[[[-75.87031084551492,36.575611222937745],[-75.72954269925,36.11620291324024],[-75.72384354153516,36.21991690249805],[-75.84306500637419,36.57596992689293],[-75.87031084551492,36.575611222937745]]]},"properties":{"NAME":null,"SUBJECTO":null,"PARTOF":null}},
{"type":"Feature","geometry":{"type":"Polygon","coordinates":[[[-76.29093643704297,37.19518240542766],[-76.21517654934766,37.942611299470705],[-77.25402080770453,38.680399900095644],[-77.73337160888113,38.69975277670452],[-77.5171218298198,37.18224569892856],[-77.13081508461016,36.92292547424849],[-76.6616381989771,37.153085910024686],[-76.31037269698847,37.05039498822967],[-76.29093643704297,37.19518240542766]]]},"properties":{"NAME":null,"SUBJECTO":null,"PARTOF":null}},
{"type":"Feature","geometry":{"type":"Polygon","coordinates":[[[-76.00889113170487,36.52145490236083],[-75.87031084551492,36.575611222937745],[-75.84306500637419,36.57596992689293],[-76.32556580295707,36.9372162913724],[-76.37986751261278,36.53270409033531],[-76.00889113170487,36.52145490236083]]]},"properties":{"NAME":null,"SUBJECTO":null,"PARTOF":null}},
{"type":"Feature","geometry":{"type":"Polygon","coordinates":[[[-76.37986751261278,36.53270409033531],[-76.40070501975283,36.418564845906744],[-76.70146948776122,36.17408044494843],[-76.00889113170487,36.52145490236083],[-76.37986751261278,36.53270409033531]]]},"properties":{"NAME":null,"SUBJECTO":null,"PARTOF":null}},
{"type":"Feature","geometry":{"type":"Polygon","coordinates":[[[-76.40070501975283,36.418564845906744],[-76.37986751261278,36.53270409033531],[-76.32556580295707,36.9372162913724],[-76.6616381989771,37.153085910024686],[-77.13081508461016,36.92292547424849],[-77.09629431139923,36.77417639016781],[-76.40070501975283,36.418564845906744]]]},"properties":{"NAME":null,"SUBJECTO":null,"PARTOF":null}},
{"type":"Feature","geometry":{"type":"Polygon","coordinates":[[[-78.04777390092252,36.93174211908519],[-78.05679576845776,36.502360771823575],[-78.23792594631483,35.549293746780705],[-77.46528965083942,35.20359997622468],[-77.12766976093044,35.3189011645884],[-77.00272492375097,35.52229343648728],[-76.98243134974526,35.55532846390536],[-76.96877491480396,36.08382697420913],[-77.11833909851146,36.67866514234477],[-78.04777390092252,36.93174211908519]]]},"properties":{"NAME":null,"SUBJECTO":null,"PARTOF":null}},
{"type":"Feature","geometry":{"type":"Polygon","coordinates":[[[-156.0324449209297,20.19588430972461],[-156.03416916409375,19.10568770022754],[-154.9476823476875,19.482865892366213],[-156.0324449209297,20.19588430972461]]]},"properties":{"NAME":"Polynesians","SUBJECTO":"Polynesians","PARTOF":"Polynesians"}},
{"type":"Feature","geometry":{"type":"Polygon","coordinates":[[[-153.16960451118246,59.74011827120309],[-161.00122217240968,63.62827504596931],[-165.43123337307813,62.429542146638674],[-165.89809128323438,61.270335756257815],[-164.02740952053907,59.79824408145313],[-162.3781022695625,60.16311606021289],[-162.00392624417188,58.826610170320315],[-160.43053146878125,59.00216635318164],[-157.15331099330217,58.685655689040125],[-154.0968867535181,59.412479885374964],[-153.16960451118246,59.74011827120309]]]},"properties":{"NAME":"Yup'ik & Cup'ik","SUBJECTO":"Yup'ik & Cup'ik","PARTOF":"Yup'ik & Cup'ik"}},
{"type":"Feature","geometry":{"type":"MultiPolygon","coordinates":[[[[-151.78411527149856,59.962461871463304],[-151.38795944729688,59.21278341861133],[-149.32562729397657,60.02748068423633],[-148.75514838839038,60.6827566498791],[-151.78411527149856,59.962461871463304]]],[[[-157.15331099330217,58.685655689040125],[-157.665333714875,57.6042438373125],[-160.45729538479688,56.19991263003711],[-159.07692429104688,55.991962037996096],[-156.68457504788282,57.400699220613284],[-154.64931198635938,58.076480470613284],[-153.45496079007032,58.877338014558596],[-154.0968867535181,59.412479885374964],[-157.15331099330217,58.685655689040125]]]]},"properties":{"NAME":"Suspiaq","SUBJECTO":"Suspiaq","PARTOF":"Suspiaq"}},
{"type":"Feature","geometry":{"type":"Polygon","coordinates":[[[-77.8998559610522,-3.112543263869829],[-77.2535000266561,-2.759051555925397],[-77.8536876800239,-1.66723383131634],[-78.5616013224577,-2.128662113961151],[-78.39231762535397,-2.912757309929439],[-77.8998559610522,-3.112543263869829]]]},"properties":{"NAME":"Shuar","SUBJECTO":"Shuar","PARTOF":"Shuar"}},
{"type":"Feature","geometry":{"type":"Polygon","coordinates":[[[19.334442,57.955826],[19.104721,57.975273],[19.1416660000001,57.907776],[19.334442,57.955826]]]},"properties":{"NAME":null,"SUBJECTO":null,"PARTOF":null}},
{"type":"Feature","geometry":{"type":"Polygon","coordinates":[[[-160.92662128121404,63.95158169791209],[-157.17792550553273,64.01250660088307],[-138.2996295205391,69.14342168331653],[-143.30757614651563,70.19675024600392],[-145.27254196682813,70.11638220401173],[-149.28632065335157,70.53923376651173],[-156.90474411526563,71.34585913272267],[-160.2403306631172,70.85846289248829],[-162.8791246084297,69.9990650043047],[-164.067189183625,69.06467779727345],[-166.84352585354688,68.40520819278126],[-163.7387437490547,67.21832617373829],[-161.93573471585157,67.08837469668751],[-162.2750749258125,66.07097967715626],[-164.46313950100782,66.59615667910938],[-168.17979904690625,65.6938892230547],[-166.5860337881172,64.73040350528126],[-163.02521225491407,64.44165381045704],[-160.92662128121404,63.95158169791209]]]},"properties":{"NAME":"Inupiaq","SUBJECTO":"Inupiaq","PARTOF":"Inupiaq"}},
{"type":"Feature","geometry":{"type":"MultiPolygon","coordinates":[[[[-123.07813818797997,69.83523760141962],[-125.97399612942579,69.43039282412892],[-127.35170456448438,70.38026007266407],[-129.76298574012483,69.65758855733755],[-133.48146396510694,62.93421982087007],[-132.3019802193257,62.53841465842595],[-124.93551363296793,64.83463268032534],[-118.19774749095093,62.712635573894396],[-111.37138842942214,58.60559089257427],[-112.44918874467501,58.52455626842842],[-107.51282838068006,58.89569747249361],[-123.07813818797997,69.83523760141962]]],[[[-120.91911454511562,49.0441757406209],[-119.1179431911146,49.1959627991639],[-120.61498239447313,49.06980535351244],[-125.757913379286,53.13079169844382],[-127.87297531654094,52.41333349819841],[-127.24746414700391,50.968116365388674],[-124.93922134915235,50.595809541658205],[-124.79498764553907,50.03529318423633],[-122.6826805203304,48.89555773638174],[-121.17585081065224,49.02254024076657],[-120.91911454511562,49.0441757406209]]],[[[-106.27727711056001,51.51658223956187],[-114.46737387359948,51.99955012922175],[-114.26529355511259,49.604901911343504],[-114.03488460458912,49.62431877403358],[-110.6111322173086,50.33741704394204],[-109.64447321272199,49.64761037192571],[-108.6422569684612,50.20389337682961],[-106.27727711056001,51.51658223956187]]],[[[-134.79862274364473,60.552669192688725],[-132.05461693500254,59.845232152917106],[-128.42716101184885,55.66806036922231],[-130.07507628289582,57.56570580391931],[-128.7045383210282,60.73996921652957],[-133.4635788209756,61.53795372841777],[-134.79862274364473,60.552669192688725]]]]},"properties":{"NAME":null,"SUBJECTO":null,"PARTOF":null}},
{"type":"Feature","geometry":{"type":"Polygon","coordinates":[[[-129.96955250552944,53.91281090128833],[-128.42716101184885,55.66806036922231],[-132.05461693500254,59.845232152917106],[-134.79862274364473,60.552669192688725],[-138.6074405381188,61.53462731284501],[-145.51130826283057,62.576375375632956],[-147.06781754577045,60.909945829297776],[-144.4064225820625,60.09257086367969],[-139.572560277375,59.89999731631641],[-137.57666489163282,58.604163728669924],[-134.12349411526563,58.239215455964846],[-131.76700302639844,56.0100055560625],[-131.19051071682813,56.03476294131641],[-129.96955250552944,53.91281090128833]]]},"properties":{"NAME":"Eyaq","SUBJECTO":"Eyaq","PARTOF":"Eyaq"}},
{"type":"Feature","geometry":{"type":"Polygon","coordinates":[[[-102.37218526086609,21.582973253955156],[-103.6096251042063,21.012704243612134],[-103.7524297578758,20.610118996052304],[-102.76093444283802,20.458375783553794],[-101.93667755010526,20.90182904900843],[-102.37218526086609,21.582973253955156]]]},"properties":{"NAME":"Tecuexe","SUBJECTO":"Tecuexe","PARTOF":"Tecuexe"}},
{"type":"Feature","geometry":{"type":"Polygon","coordinates":[[[-101.23048415294346,20.780933297952053],[-101.93667755010526,20.90182904900843],[-102.76093444283802,20.458375783553794],[-101.47036900984476,20.06127872724818],[-101.23048415294346,20.780933297952053]]]},"properties":{"NAME":null,"SUBJECTO":null,"PARTOF":null}},
{"type":"Feature","geometry":{"type":"Polygon","coordinates":[[[-103.70212111788499,21.911394090578792],[-103.52840766725078,21.921595114037704],[-102.80256520814174,22.032299526907362],[-102.11541988098159,22.67894125962463],[-102.57409700891266,23.399738907859152],[-102.79366092279638,24.968577308620493],[-103.5149436441781,25.699442917432307],[-103.76418609699917,26.376842771205936],[-104.69128576908236,26.444606692049355],[-105.04477243864474,25.996953138220533],[-104.59830180802882,23.486314479487984],[-103.67457252783262,22.455775272651454],[-103.70212111788499,21.911394090578792]]]},"properties":{"NAME":"Zacatecs","SUBJECTO":"Zacatecs","PARTOF":"Zacatecs"}},
{"type":"Feature","geometry":{"type":"Polygon","coordinates":[[[-102.80256520814174,22.032299526907362],[-103.52840766725078,21.921595114037704],[-103.6096251042063,21.012704243612134],[-102.37218526086609,21.582973253955156],[-102.80256520814174,22.032299526907362]]]},"properties":{"NAME":"Caxcane","SUBJECTO":"Caxcane","PARTOF":"Caxcane"}},
{"type":"Feature","geometry":{"type":"Polygon","coordinates":[[[-102.79366092279638,24.968577308620493],[-102.57409700891266,23.399738907859152],[-102.11541988098159,22.67894125962463],[-100.47633867146995,21.59756331976772],[-100.18174488625591,21.941979766257607],[-99.43989957512589,22.80928837468242],[-99.85367179798337,23.306444550075256],[-99.94705767710386,23.58835173828882],[-100.62668689945136,24.19440192741926],[-99.66404322452969,24.463859962796636],[-99.7514204161204,24.71107081678029],[-100.22749479945098,25.350322146317968],[-101.64965615039918,25.761871208451478],[-102.79366092279638,24.968577308620493]]]},"properties":{"NAME":"Guachichiles","SUBJECTO":"Guachichiles","PARTOF":"Guachichiles"}},
{"type":"Feature","geometry":{"type":"Polygon","coordinates":[[[-101.23048415294346,20.780933297952053],[-100.33038409300637,21.087868014397404],[-100.47633867146995,21.59756331976772],[-102.11541988098159,22.67894125962463],[-102.80256520814174,22.032299526907362],[-102.37218526086609,21.582973253955156],[-101.93667755010526,20.90182904900843],[-101.23048415294346,20.780933297952053]]]},"properties":{"NAME":"Guamar / Pecchichitane","SUBJECTO":"Guamar / Pecchichitane","PARTOF":"Guamar / Pecchichitane"}},
{"type":"Feature","geometry":{"type":"Polygon","coordinates":[[[-105.28941677951093,23.099640388765334],[-104.79662599810396,22.056368312017238],[-103.70212111788499,21.911394090578792],[-103.67457252783262,22.455775272651454],[-104.59830180802882,23.486314479487984],[-105.21329822382053,23.567387659234928],[-105.28941677951093,23.099640388765334]]]},"properties":{"NAME":"Xecora","SUBJECTO":"Xecora","PARTOF":"Xecora"}},
{"type":"Feature","geometry":{"type":"Polygon","coordinates":[[[-97.87986887799438,22.48209956579227],[-99.08473200280591,22.38815310631628],[-99.51368396137305,21.800551992898278],[-100.33038409300637,21.087868014397404],[-101.23048415294346,20.780933297952053],[-101.47036900984476,20.06127872724818],[-102.76093444283802,20.458375783553794],[-103.7524297578758,20.610118996052304],[-105.50686356106641,20.10414846988086],[-103.49393936673047,18.353892885164065],[-101.9926042226875,18.02653082461719],[-101.2207765249336,17.41792257876758],[-98.85616013089063,16.596610628083987],[-97.88092514553907,16.052028261140627],[-96.3329362539375,15.750238977388186],[-95.13016983548047,16.299468599275393],[-94.0753907827461,16.11115988345508],[-91.51571365872266,14.058868013337893],[-87.94866653958204,13.171761117891116],[-86.01414200344922,11.367618165925784],[-85.77779099026563,10.138352952913088],[-85.0887956289375,9.583112321809573],[-83.6149415639961,9.151563249543948],[-82.95613571682813,8.25675543399219],[-81.66427322903516,8.164647661165041],[-80.813771214875,7.270063482240481],[-79.71689316311719,8.883091531709475],[-79.06764694729688,9.034267984346194],[-78.18370529690625,8.413340173677248],[-78.2654542593086,7.885670267061037],[-77.40016647854688,6.670446001008791],[-75.25407706533127,7.885133959440891],[-73.2449437524619,10.195637269240686],[-72.5417470929576,10.195637269240686],[-72.2403770960272,8.990157281519055],[-70.68184908839874,8.557232834955592],[-70.68176376569241,8.557209134203836],[-70.68176376569242,8.557209134203836],[-69.81383055698998,8.487873953301706],[-69.22667712672312,9.793810606666808],[-64.90704050405392,9.291527278449463],[-62.99836385682802,9.291527278449463],[-62.296898808869145,9.721817575410647],[-62.925324407013676,10.368699632600588],[-64.06826111355664,10.626809678987307],[-64.88365646878125,10.135678850129885],[-66.47811600247266,10.678809724763674],[-67.97961136380079,10.542116723970217],[-68.69460007229688,11.379503808931155],[-69.86523911038282,11.75769480319385],[-69.84794327306457,11.709193788720212],[-69.79154678864482,11.693026147809626],[-71.09841629544141,11.120093904451174],[-71.45634934002892,10.884672723834493],[-71.499318089875,10.771501146272463],[-71.49555679841124,10.646208368286521],[-71.44250961825412,10.468369089279685],[-71.08939072177422,9.918922983210424],[-71.0983171133125,9.32786139102344],[-72.11403366604688,9.904005609468264],[-71.68795486966016,10.769269548372073],[-72.37965866604688,11.81010016055469],[-73.36232468167188,11.324960313752932],[-74.2189225820625,11.367601953462405],[-75.45044418850782,10.627693735078616],[-75.70266434231641,9.425959192231936],[-76.76352402249219,8.692807756379885],[-78.26649185696485,9.385549150422854],[-79.50042435208204,9.638376794770998],[-80.96249863186719,8.864939294770998],[-82.22958847561719,9.046509347871584],[-83.91412827053907,11.251382432893557],[-83.66236588040235,13.705296121553225],[-83.31351944485547,14.767507158235354],[-84.65045639553907,15.933375917390627],[-88.66434189358594,15.725766740754885],[-88.30037399807813,17.635434709504885],[-90,19.38150557132129],[-91.70248123684766,18.823484025911135],[-94.24197098294141,18.240150056794924],[-96.01226517239454,18.929256044343752],[-97.50419327298047,21.189153276399416],[-97.87986887799438,22.48209956579227]]]},"properties":{"NAME":"Vice Royalty of New Spain","SUBJECTO":"Vice Royalty of New Spain","PARTOF":"Vice Royalty of New Spain"}},
{"type":"Feature","geometry":{"type":"Polygon","coordinates":[[[-98.91000044612218,23.223216030336175],[-99.08473200280591,22.38815310631628],[-97.87986887799438,22.48209956579227],[-97.82254501858594,24.20810469241504],[-97.2599610952461,25.811372362092776],[-97.6371705390159,26.843321910825495],[-98.53092837444927,26.500126644160073],[-99.14039948571468,24.920143092166523],[-98.96544474577611,24.2990269575787],[-98.86685302410365,23.66919450487238],[-98.91000044612218,23.223216030336175]]]},"properties":{"NAME":"Tamalipueca","SUBJECTO":"Tamalipueca","PARTOF":"Tamalipueca"}},
{"type":"Feature","geometry":{"type":"Polygon","coordinates":[[[-106.77220024126973,24.444618453216627],[-105.28941677951093,23.099640388765334],[-105.21329822382053,23.567387659234928],[-106.00028432601864,24.711297024569525],[-106.77220024126973,24.444618453216627]]]},"properties":{"NAME":null,"SUBJECTO":null,"PARTOF":null}},
{"type":"Feature","geometry":{"type":"Polygon","coordinates":[[[-111.23937295525822,28.09168589003293],[-109.42779380689213,28.319782630874162],[-108.7588773149996,28.148687088166962],[-107.83568869110563,26.479617311397707],[-105.23076956738007,27.198505033209756],[-104.22750753121151,28.19624113916526],[-103.43045728825065,27.695342874010972],[-102.04549864436943,28.07755426600218],[-101.22811772154284,28.3031294495507],[-100.81874218545666,29.30168837838267],[-101.27094230533693,29.66749615711314],[-102.72184757042214,29.748618449623105],[-103.74080203452685,29.233983476367086],[-104.78491586811565,30.58605105703986],[-106.44543425406405,31.75921787223626],[-108.19896103246037,31.71294979896351],[-108.693565450754,30.998396255405748],[-110.37220889460862,30.612527860485333],[-112.04713884016235,30.227513084380845],[-112.72126100106298,30.072553174842405],[-111.23937295525822,28.09168589003293]]]},"properties":{"NAME":"Apache","SUBJECTO":"Apache","PARTOF":"Apache"}},
{"type":"Feature","geometry":{"type":"Polygon","coordinates":[[[-107.83568869110563,26.479617311397707],[-108.7588773149996,28.148687088166962],[-109.42779380689213,28.319782630874162],[-111.23937295525822,28.09168589003293],[-109.13188644925,26.288686357454104],[-108.04019472956038,25.016335110892197],[-107.69664543202794,26.25662177454988],[-107.83568869110563,26.479617311397707]]]},"properties":{"NAME":"Cahitas","SUBJECTO":"Cahitas","PARTOF":"Cahitas"}},
{"type":"Feature","geometry":{"type":"Polygon","coordinates":[[[-105.23076956738007,27.198505033209756],[-107.83568869110563,26.479617311397707],[-107.69664543202794,26.25662177454988],[-106.00028432601864,24.711297024569525],[-105.21329822382053,23.567387659234928],[-104.59830180802882,23.486314479487984],[-105.04477243864474,25.996953138220533],[-104.69128576908236,26.444606692049355],[-105.23076956738007,27.198505033209756]]]},"properties":{"NAME":"Tepehuane","SUBJECTO":"Tepehuane","PARTOF":"Tepehuane"}},
{"type":"Feature","geometry":{"type":"Polygon","coordinates":[[[-106.00028432601864,24.711297024569525],[-107.69664543202794,26.25662177454988],[-108.04019472956038,25.016335110892197],[-107.33617147922801,24.221503594491434],[-106.77220024126973,24.444618453216627],[-106.00028432601864,24.711297024569525]]]},"properties":{"NAME":"Acaxea","SUBJECTO":"Acaxea","PARTOF":"Acaxea"}},
{"type":"Feature","geometry":{"type":"Polygon","coordinates":[[[-101.86120341595196,26.500812651091543],[-101.84473483611711,26.499233947862354],[-101.84876391215799,26.51151505950929],[-101.86120341595196,26.500812651091543]]]},"properties":{"NAME":null,"SUBJECTO":null,"PARTOF":null}},
{"type":"Feature","geometry":{"type":"Polygon","coordinates":[[[-103.13825007821058,26.657124868966644],[-103.43045728825065,27.695342874010972],[-104.22750753121151,28.19624113916526],[-105.23076956738007,27.198505033209756],[-104.69128576908236,26.444606692049355],[-103.76418609699917,26.376842771205936],[-103.13825007821058,26.657124868966644]]]},"properties":{"NAME":"Chisos","SUBJECTO":"Chisos","PARTOF":"Chisos"}},
{"type":"Feature","geometry":{"type":"Polygon","coordinates":[[[-99.51368396137305,21.800551992898278],[-100.18174488625591,21.941979766257607],[-100.47633867146995,21.59756331976772],[-100.33038409300637,21.087868014397404],[-99.51368396137305,21.800551992898278]]]},"properties":{"NAME":"Otomies","SUBJECTO":"Otomies","PARTOF":"Otomies"}},
{"type":"Feature","geometry":{"type":"Polygon","coordinates":[[[-103.5149436441781,25.699442917432307],[-102.79366092279638,24.968577308620493],[-101.64965615039918,25.761871208451478],[-101.84473483611711,26.499233947862354],[-101.86120341595196,26.500812651091543],[-103.5149436441781,25.699442917432307]]]},"properties":{"NAME":"Irritilas","SUBJECTO":"Irritilas","PARTOF":"Irritilas"}},
{"type":"Feature","geometry":{"type":"Polygon","coordinates":[[[-101.84876391215799,26.51151505950929],[-102.04549864436943,28.07755426600218],[-103.43045728825065,27.695342874010972],[-103.13825007821058,26.657124868966644],[-101.86120341595196,26.500812651091543],[-101.84876391215799,26.51151505950929]]]},"properties":{"NAME":"Toboso","SUBJECTO":"Toboso","PARTOF":"Toboso"}},
{"type":"Feature","geometry":{"type":"Polygon","coordinates":[[[-101.86120341595196,26.500812651091543],[-103.13825007821058,26.657124868966644],[-103.76418609699917,26.376842771205936],[-103.5149436441781,25.699442917432307],[-101.86120341595196,26.500812651091543]]]},"properties":{"NAME":"Lagunero","SUBJECTO":"Lagunero","PARTOF":"Lagunero"}},
{"type":"Feature","geometry":{"type":"Polygon","coordinates":[[[-99.14039948571468,24.920143092166523],[-98.53092837444927,26.500126644160073],[-97.6371705390159,26.843321910825495],[-97.5456153245701,27.922974720486824],[-98.17373449297943,28.24517953546474],[-100.33487280993454,28.723098752501443],[-100.81874218545666,29.30168837838267],[-101.22811772154284,28.3031294495507],[-102.04549864436943,28.07755426600218],[-101.84876391215799,26.51151505950929],[-101.84473483611711,26.499233947862354],[-101.64965615039918,25.761871208451478],[-100.22749479945098,25.350322146317968],[-99.7514204161204,24.71107081678029],[-99.14039948571468,24.920143092166523]]]},"properties":{"NAME":"Caohuiltecs","SUBJECTO":"Caohuiltecs","PARTOF":"Caohuiltecs"}},
{"type":"Feature","geometry":{"type":"Polygon","coordinates":[[[-98.96544474577611,24.2990269575787],[-99.14039948571468,24.920143092166523],[-99.7514204161204,24.71107081678029],[-99.66404322452969,24.463859962796636],[-98.96544474577611,24.2990269575787]]]},"properties":{"NAME":"Tancalba","SUBJECTO":"Tancalba","PARTOF":"Tancalba"}},
{"type":"Feature","geometry":{"type":"Polygon","coordinates":[[[-98.91000044612218,23.223216030336175],[-99.85367179798337,23.306444550075256],[-99.43989957512589,22.80928837468242],[-100.18174488625591,21.941979766257607],[-99.51368396137305,21.800551992898278],[-99.08473200280591,22.38815310631628],[-98.91000044612218,23.223216030336175]]]},"properties":{"NAME":null,"SUBJECTO":null,"PARTOF":null}},
{"type":"Feature","geometry":{"type":"Polygon","coordinates":[[[-99.89181455246334,23.855711300745497],[-99.94705767710386,23.58835173828882],[-99.85367179798337,23.306444550075256],[-98.91000044612218,23.223216030336175],[-98.86685302410365,23.66919450487238],[-99.25023782840722,23.92645425375555],[-99.30773462309861,23.676694015399697],[-99.89181455246334,23.855711300745497]]]},"properties":{"NAME":"Pisones","SUBJECTO":"Pisones","PARTOF":"Pisones"}},
{"type":"Feature","geometry":{"type":"Polygon","coordinates":[[[-98.86685302410365,23.66919450487238],[-98.96544474577611,24.2990269575787],[-99.66404322452969,24.463859962796636],[-100.62668689945136,24.19440192741926],[-99.94705767710386,23.58835173828882],[-99.89181455246334,23.855711300745497],[-99.25023782840722,23.92645425375555],[-98.86685302410365,23.66919450487238]]]},"properties":{"NAME":"Janabres","SUBJECTO":"Janabres","PARTOF":"Janabres"}},
{"type":"Feature","geometry":{"type":"Polygon","coordinates":[[[-99.25023782840722,23.92645425375555],[-99.89181455246334,23.855711300745497],[-99.30773462309861,23.676694015399697],[-99.25023782840722,23.92645425375555]]]},"properties":{"NAME":"Maratines","SUBJECTO":"Maratines","PARTOF":"Maratines"}},
{"type":"Feature","geometry":{"type":"Polygon","coordinates":[[[-81.8879736728724,30.983907388605626],[-81.41854670940957,30.979962624206777],[-81.05556148689654,32.426058305730535],[-81.8879736728724,30.983907388605626]]]},"properties":{"NAME":null,"SUBJECTO":null,"PARTOF":null}},
{"type":"Feature","geometry":{"type":"Polygon","coordinates":[[[-81.8879736728724,30.983907388605626],[-81.05556148689654,32.426058305730535],[-79.89468513817863,33.220708256439316],[-80.30144446532557,33.42239088003722],[-80.47535429419966,33.663971474242764],[-81.05505372377996,33.9529750090848],[-82.04882417448907,34.254691366655756],[-82.49148840439194,35.001733809412386],[-83.69574341851597,34.04614255518724],[-85.00659751048117,33.921919567039474],[-86.11650261398346,33.548239481156244],[-86.10714598487864,32.913492335890616],[-85.82409479865697,31.863895471171546],[-85.41692844065298,31.485003722580288],[-85.25509380551769,30.625456156231156],[-85.07528994140802,30.31144836970472],[-85.07528994140802,30.311448369704713],[-85.06384630872633,30.34373884313003],[-85.06384630872631,30.34373884313003],[-84.34160370400366,32.7546004287166],[-83.75613500273701,33.27040101693707],[-82.54814261911089,32.91650086775447],[-82.20321488871217,30.98622049686107],[-81.8879736728724,30.983907388605626]]]},"properties":{"NAME":"Muskogee","SUBJECTO":"Muskogee","PARTOF":"Muskogee"}},
{"type":"Feature","geometry":{"type":"Polygon","coordinates":[[[-120.39070713971284,39.662724971417425],[-120.10759009682138,38.86992801157198],[-119.48006136673843,38.31560986839534],[-119.3597538397287,38.86426778000676],[-120.19010645532764,40.09921404418163],[-120.39070713971284,39.662724971417425]]]},"properties":{"NAME":null,"SUBJECTO":null,"PARTOF":null}},
{"type":"Feature","geometry":{"type":"MultiPolygon","coordinates":[[[[143.0569105478203,53.06198462100391],[141.767039332,53.27226599307422],[141.6432142587578,51.813087068513674],[142.15287307223437,50.89004477115039],[141.73180678805468,47.47119101138477],[142.48990920504687,47.90160330386524],[143.63314345797656,50.23497732730274],[142.9439192148125,51.61730536075],[143.0569105478203,53.06198462100391]]],[[[140.01261428317187,41.38180883975391],[140.24552443942187,42.22844275088672],[141.9281263681328,42.50126226992969],[143.21375564059375,41.92653997989063],[143.8479261728203,42.77464636416797],[145.44813064059375,43.169559083894534],[145.05938247164843,43.78576620669727],[143.50817397555468,44.15576132388477],[141.87533095797656,45.43542440982227],[141.30364516696093,43.187030397371096],[139.7117414804375,42.47759588809375],[140.01261428317187,41.38180883975391]]]]},"properties":{"NAME":"Ainu","SUBJECTO":"Ainu","PARTOF":"Ainu"}},
{"type":"Feature","geometry":{"type":"MultiPolygon","coordinates":[[[[130.57931045016406,30.906545244172854],[131.31928542575,31.51120527835254],[131.83098891696093,32.69308813662891],[131.6698255868828,33.30853231997852],[130.42656997164843,33.674171052888674],[129.34337905367968,33.15138968081836],[130.57931045016406,30.906545244172854]]],[[[132.567576441375,32.63746603579883],[134.54041579684375,34.012698732332034],[132.78431228121875,33.90752371402149],[132.1211195321953,33.34754904361133],[132.567576441375,32.63746603579883]]],[[[136.81084731539843,37.31068380923633],[135.97788527926562,35.97254904361133],[135.15697768649218,35.646468721345705],[132.66285232028125,35.380626283601565],[130.89904311617968,33.90366705508594],[134.4273176523125,34.628177247957034],[135.75567153414843,33.34231527896289],[136.73385146578906,34.874087892488284],[138.14905837496875,34.52788122744922],[139.42260268649218,35.165511690095705],[140.31661513766406,35.033816896394534],[140.8722181650078,37.91744955630664],[141.49639419039843,38.42189749331836],[141.9981184335625,39.67198904605274],[141.15255263766406,40.86541708560352],[139.91515639742968,40.574954591707034],[140.03008559664843,39.48317679019336],[139.19793227633593,37.92043264956836],[137.17620376071093,36.64306601138477],[136.81084731539843,37.31068380923633]]]]},"properties":{"NAME":"Japan (Warring States)","SUBJECTO":"Japan (Warring States)","PARTOF":"Japan (Warring States)"}},
{"type":"Feature","geometry":{"type":"Polygon","coordinates":[[[9.568924281182554,46.03811619187675],[8.306017588749324,46.400238825213265],[8.314141537514287,46.39582387142589],[8.286296174276892,46.380013182511725],[8.134543511738528,46.29384752114704],[8.088835883729118,46.26789457949209],[8.090679868395751,46.263925523279546],[8.153968,46.145745],[7.873885228753586,45.92186659660424],[8.222889433595261,44.67391216717037],[9.704930487702685,44.45989039537691],[10.506080949104131,45.36516062784453],[9.568924281182554,46.03811619187675]]]},"properties":{"NAME":"Milan","SUBJECTO":"Milan","PARTOF":"Milan"}},
{"type":"Feature","geometry":{"type":"MultiPolygon","coordinates":[[[[6.177759228678662,46.30335051912092],[6.59204288810731,46.51769616755476],[6.92123927124597,46.39796450503748],[7.468914716515973,47.48497948159726],[7.571445940416232,47.58387038194418],[7.72524277626662,47.60362618450617],[7.732566435116636,47.524558221080845],[8.508874273218588,47.59868793307967],[8.936604233198908,47.65937945325917],[9.61686450855526,47.495817667608804],[9.519539194521132,47.072588433336904],[9.814341609870084,47.08185042445079],[10.558315868167236,46.49986167086014],[12.074753794280273,46.92750509829883],[13.709092915095635,46.83906489156842],[13.367695841399414,45.69448813052539],[14.354488405791503,45.32289084048633],[16.122152513008928,45.581869537373656],[17.516934527255582,47.64151078205897],[18.313985221704236,48.27915133761789],[18.92670686530177,49.6219602967043],[18.646036580345903,50.64451035793008],[16.85478643368879,51.916590684705845],[15.764534781005738,52.26547121356442],[16.20375518114817,53.706387822934694],[17.657612833586914,54.685462556794924],[14.472936663237792,53.87677725406055],[12.652518305388671,54.32142599673633],[11.407822641936523,53.859290681794924],[10.141728434172851,54.33675345034961],[8.884012255278808,54.229449830964846],[8.42865756472705,53.61204870791797],[5.389523062316162,53.13857229800586],[5.541243985644642,52.248179102062885],[6.161084081794847,49.932069920039],[5.698878313039287,49.391190828942065],[5.917782593749759,47.59538922567598],[5.325494087615898,46.398046645905666],[6.177759228678662,46.30335051912092]]],[[[6.866539,46.395577],[6.866751264186823,46.39549932569842],[6.867839182544772,46.395613005141094],[6.860532891338509,46.39567135854787],[6.860234391844783,46.394818360614565],[6.864416545047481,46.39525536477191],[6.86443,46.395461],[6.866539,46.395577]]],[[[6.857919770712584,46.38820405444768],[6.862314911185798,46.38770883735912],[6.858913023342481,46.39104239239587],[6.857919770712584,46.38820405444768]]],[[[6.863716,46.292272],[6.809147838242454,46.39368172924781],[6.237500071412523,46.29224727779576],[6.815702901344443,46.167230449702366],[6.863716,46.292272]]]]},"properties":{"NAME":"Holy Roman Empire","SUBJECTO":"Holy Roman Empire","PARTOF":"Holy Roman Empire"}},
{"type":"Feature","geometry":{"type":"Polygon","coordinates":[[[6.88899754862127,46.04481775951138],[6.872951977595732,46.056129586475805],[6.896753868858292,46.119621513863876],[6.849801742648566,46.13155058533483],[6.804016,46.136794],[6.815702901344443,46.167230449702366],[6.237500071412523,46.29224727779576],[6.177759228678662,46.30335051912092],[5.325494087615898,46.398046645905666],[5.823360340496054,45.39624171880529],[6.942603621093017,44.86865194888477],[7.397118601409179,43.76409491153125],[7.467525371397153,43.81083423022823],[8.222889433595261,44.67391216717037],[7.873885228753586,45.92186659660424],[7.873309,45.921406],[7.826871673247144,45.93232723262481],[7.336487964614686,45.90874827843293],[7.19574,45.860518],[7.179369913301244,45.86757168310232],[7.052252871129338,45.92234496249205],[7.048637,45.923903],[6.88899754862127,46.04481775951138]]]},"properties":{"NAME":"Savoy","SUBJECTO":"Savoy","PARTOF":"Savoy"}},
{"type":"Feature","geometry":{"type":"MultiPolygon","coordinates":[[[[7.468914716515973,47.48497948159726],[6.92123927124597,46.39796450503748],[6.867839182544772,46.395613005141094],[6.866751264186823,46.39549932569842],[6.872439,46.393418],[6.878356242253377,46.3942144611218],[6.936841416291898,46.314679326125834],[6.964418429698618,46.27717680484335],[7.033171380364716,46.18367831907331],[8.176414000220069,46.47067179698466],[8.306017588749324,46.400238825213265],[9.568924281182554,46.03811619187675],[10.558315868167236,46.49986167086014],[9.814341609870084,47.08185042445079],[9.519539194521132,47.072588433336904],[9.61686450855526,47.495817667608804],[9.188972040298468,47.65081161990754],[9.139912757901124,47.66512715237991],[9.010931712396605,47.67139246838201],[8.97635885326021,47.665804706169055],[8.936604233198908,47.65937945325917],[8.508874273218588,47.59868793307967],[7.732566435116636,47.524558221080845],[7.72524277626662,47.60362618450617],[7.571445940416232,47.58387038194418],[7.468914716515973,47.48497948159726]]],[[[8.134543511738528,46.29384752114704],[8.286296174276892,46.380013182511725],[8.243385179510536,46.355648178418804],[8.134543511738528,46.29384752114704]]],[[[8.08862,46.267772],[8.090679868395751,46.263925523279546],[8.088835883729118,46.26789457949209],[8.08862,46.267772]]],[[[7.336487964614686,45.90874827843293],[7.826871673247144,45.93232723262481],[7.576875,45.991122],[7.336487964614686,45.90874827843293]]],[[[6.849801742648566,46.13155058533483],[6.896753868858292,46.119621513863876],[6.872951977595732,46.056129586475805],[6.88899754862127,46.04481775951138],[6.876258,46.054467],[6.903116,46.125445],[6.849801742648566,46.13155058533483]]],[[[6.864416545047481,46.39525536477191],[6.860234391844783,46.394818360614565],[6.858913023342481,46.39104239239587],[6.862314911185798,46.38770883735912],[6.863911,46.387529],[6.864416545047481,46.39525536477191]]]]},"properties":{"NAME":"Swiss Confederation","SUBJECTO":"Swiss Confederation","PARTOF":"Swiss Confederation"}},
{"type":"Feature","geometry":{"type":"Polygon","coordinates":[[[-72.262222,41.125267],[-73.589447,40.92054700000011],[-73.561111,40.645271],[-72.54277,40.825554],[-72.262222,41.125267]]]},"properties":{"NAME":"Montana","SUBJECTO":"Montana","PARTOF":"Montana"}},
{"type":"Feature","geometry":{"type":"Polygon","coordinates":[[[-71.657791,21.82333],[-71.847778,21.854721],[-71.827515,21.776386],[-71.657791,21.82333]]]},"properties":{"NAME":null,"SUBJECTO":null,"PARTOF":null}},
{"type":"Feature","geometry":{"type":"Polygon","coordinates":[[[-77.735001,26.914444],[-77.525558,26.856388],[-77.151398,26.255276],[-77.039734,26.497776],[-77.500839,26.862862],[-77.735001,26.914444]]]},"properties":{"NAME":null,"SUBJECTO":null,"PARTOF":null}},
{"type":"Feature","geometry":{"type":"Polygon","coordinates":[[[-86.61546036282422,30.410708986238287],[-85.30477615872266,29.66390760989551],[-85.07528994140802,30.31144836970472],[-85.25509380551769,30.625456156231156],[-85.41692844065298,31.485003722580288],[-85.82409479865697,31.863895471171546],[-86.67086908002675,31.86111026140856],[-86.61546036282422,30.410708986238287]]]},"properties":{"NAME":"Chatot","SUBJECTO":"Chatot","PARTOF":"Chatot"}},
{"type":"Feature","geometry":{"type":"Polygon","coordinates":[[[-120.99829179685443,45.631111946616485],[-121.87648633314669,45.68586667056058],[-121.90325945217704,45.66808273075342],[-121.8976809535067,45.677827899641784],[-122.37733218997039,45.578642033436324],[-122.81370046646657,45.772960585234536],[-122.97254469712286,45.64916280687895],[-122.99523692131004,45.629684995156765],[-122.81839081502515,45.079180180431244],[-122.30133389439597,45.00680460701333],[-122.27905767106019,45.01159478885779],[-121.8686505265082,45.09984695005392],[-121.11406630668094,45.306343339958055],[-120.99829179685443,45.631111946616485]]]},"properties":{"NAME":null,"SUBJECTO":null,"PARTOF":null}},
{"type":"Feature","geometry":{"type":"Polygon","coordinates":[[[-121.66727253761972,48.98112749107186],[-121.63651275120712,48.63953899810334],[-121.18874631474912,48.590656764189546],[-121.05217955584826,48.7666854493368],[-121.17585081065224,49.02254024076657],[-121.66727253761972,48.98112749107186]]]},"properties":{"NAME":"Thompson","SUBJECTO":"Thompson","PARTOF":"Thompson"}},
{"type":"Feature","geometry":{"type":"Polygon","coordinates":[[[-122.2622529911713,48.930987712458034],[-122.6826805203304,48.89555773638174],[-122.50193189732279,48.60942722642004],[-122.2249382275993,48.626457045387475],[-122.2622529911713,48.930987712458034]]]},"properties":{"NAME":null,"SUBJECTO":null,"PARTOF":null}},
{"type":"Feature","geometry":{"type":"Polygon","coordinates":[[[-121.66727253761972,48.98112749107186],[-122.2622529911713,48.930987712458034],[-122.2249382275993,48.626457045387475],[-121.77184812087565,48.6543134310628],[-121.63651275120712,48.63953899810334],[-121.66727253761972,48.98112749107186]]]},"properties":{"NAME":null,"SUBJECTO":null,"PARTOF":null}},
{"type":"Feature","geometry":{"type":"Polygon","coordinates":[[[8.243385179510536,46.355648178418804],[8.314141537514287,46.39582387142589],[8.176414000220069,46.47067179698466],[7.033171380364716,46.18367831907331],[6.878356242253377,46.3942144611218],[6.872439,46.393418],[6.866539,46.395577],[6.86443,46.395461],[6.863911,46.387529],[6.857919770712584,46.38820405444768],[6.809147838242454,46.39368172924781],[6.863716,46.292272],[6.804016,46.136794],[6.903116,46.125445],[6.876258,46.054467],[7.048637,45.923903],[7.19574,45.860518],[7.576875,45.991122],[7.873309,45.921406],[8.153968,46.145745],[8.08862,46.267772],[8.243385179510536,46.355648178418804]]]},"properties":{"NAME":"Republic of the Seven Zenden","SUBJECTO":"Republic of the Seven Zenden","PARTOF":"Republic of the Seven Zenden"}},
{"type":"Feature","geometry":{"type":"Polygon","coordinates":[[[142.33755019615435,-10.91538277987776],[141.67852309654498,-12.467817701142408],[141.4681501717403,-14.75677625064192],[141.71129897545123,-15.226692594330885],[140.80094436119342,-17.561829007905104],[139.24831679771685,-17.431642926972486],[135.38805678795123,-14.896969236176588],[135.8308973641231,-13.484774030488111],[136.66369155357623,-12.624820150178053],[135.4445448250606,-12.17612496737776],[134.93998244713092,-12.33612195376692],[133.55918410728717,-11.951347745698072],[130.46349624107623,-12.758938230317213],[129.1964216561153,-14.992895520966627],[127.96256545494343,-14.703128255646803],[126.8534269661739,-13.783772863190748],[125.86320022056843,-14.694914258759596],[125.15565780113484,-14.80450574282942],[124.42450240562702,-15.657898343842604],[124.27727034996296,-16.5227836740428],[122.73833754966999,-16.58328477267561],[122.08547500084187,-17.398397840302565],[122.19645217369343,-18.243687070649244],[120.87214950035359,-19.676941312592604],[117.59692672203327,-20.75833360080061],[116.41879561851765,-20.83712235812483],[113.62543014000202,-22.56592980746565],[113.76201919029499,-23.481134809296705],[113.43258956383015,-24.874161161225416],[114.18252089927937,-26.0170406473094],[113.43298629234577,-26.572010434907057],[113.96464065025593,-28.033178724091627],[114.63039687584187,-28.90295831088362],[115.0582609505489,-30.80351296786604],[115.74726394127156,-32.20761147860823],[115.64668563316609,-33.36537591342268],[115.04692367027546,-34.42245522860823],[116.56097701500202,-35.18929711703596],[118.20707992027546,-35.090340055268385],[119.77148726890827,-34.12017098788557],[123.62303451011921,-33.915073789399244],[124.24838546226765,-33.1441272867137],[126.05894759605671,-32.43436471347151],[127.26507857750202,-32.38098565463362],[129.1853895516231,-31.798204816620924],[131.2801618904903,-31.634849942963697],[131.99254897545123,-32.06590691928206],[133.83703139732623,-32.34197274569807],[135.15310195396685,-34.05044213656721],[135.52807143638873,-35.054886258881666],[137.45717910240435,-33.31413308505354],[138.10149672935748,-34.35610619906721],[139.36791518638873,-35.614273465912916],[140.01201919029498,-37.64163247470198],[140.6521864266231,-38.16391030673323],[143.36480239341998,-38.96973077182112],[144.96982863853717,-38.0657581460887],[145.93387893150592,-38.881470121186354],[146.82104018638873,-38.84133569125471],[148.0369978279903,-38.09787026767073],[149.50414565513873,-37.928848661225416],[149.98484328697467,-37.34688226107893],[150.22150710533404,-35.694107450287916],[150.7619734139278,-35.253128446381666],[151.36449721763873,-33.52090112094221],[152.17618850181842,-32.87666741732893],[152.97185805748248,-31.418175138276197],[152.93955520103717,-30.69940034274397],[153.4934950203731,-28.840868390839674],[152.94622329185748,-27.340992368500807],[153.06907180259967,-26.227749265473463],[151.73014357994342,-24.15748826388655],[150.80247024009967,-23.599888242524244],[150.7544050545528,-22.811520017426588],[149.55675795982623,-22.432550824921705],[149.10148147056842,-21.06012383822737],[148.1904402108028,-20.171909726899244],[146.32175734947467,-19.082291044037916],[145.86948684166217,-17.194960035126783],[145.32554152916217,-16.4904293191844],[145.1843366951778,-15.047596372407057],[143.7431745858028,-14.465823568146803],[143.17309096763873,-12.12133923892317],[142.33755019615435,-10.91538277987776]]]},"properties":{"NAME":"Australian aboriginal hunter-gatherers","SUBJECTO":"Australian aboriginal hunter-gatherers","PARTOF":"Australian aboriginal hunter-gatherers"}},
{"type":"Feature","geometry":{"type":"Polygon","coordinates":[[[146.7127333016231,-43.721809781830885],[147.8153181404903,-42.96535149936018],[148.26952651451373,-41.09258309726057],[146.3822126717403,-41.30834618930159],[144.7761335701778,-40.84276238803206],[145.72265151451373,-43.24016610507307],[146.7127333016231,-43.721809781830885]]]},"properties":{"NAME":"Tasmanian hunter-gatherers","SUBJECTO":"Tasmanian hunter-gatherers","PARTOF":"Tasmanian hunter-gatherers"}},
{"type":"Feature","geometry":{"type":"MultiPolygon","coordinates":[[[[-79.33848282390191,50.8430477011036],[-80.3612947135136,51.304034792143725],[-80.87710281898235,51.90618475552263],[-81.31071945716594,52.11780508633318],[-81.747364964875,52.17009695620899],[-81.50638353146852,52.1412374589947],[-80.36129471341016,51.304034791902346],[-79.33848282390191,50.8430477011036]]],[[[-65.2440544448659,50.35141960211102],[-64.88091258015237,50.33396529246969],[-62.954254003311924,54.2202975482895],[-65.2440544448659,50.35141960211102]]],[[[-81.85244461575391,52.70861013980274],[-82.06906601478313,52.861381136137865],[-82.34120651763125,52.980823122186045],[-81.9875022933311,52.80385879037878],[-81.85244461575391,52.70861013980274]]],[[[-111.97660968507122,58.28688340601539],[-122.49112572639841,54.243561521059334],[-115.03392686774305,52.03295961287972],[-114.46737387359948,51.99955012922175],[-106.27727711056001,51.51658223956187],[-102.58727206061094,53.56473014082671],[-111.97660968507122,58.28688340601539]]],[[[-82.20208450850268,54.968871675529726],[-84.46836563636516,55.16687735195818],[-87.46717545081829,55.91202887173357],[-89.72552200833204,56.93423422427539],[-87.46717545071485,55.91202887149219],[-84.46836563626172,55.1668773517168],[-82.20208450850268,54.968871675529726]]]]},"properties":{"NAME":"Subarctic forest hunter-gatherers","SUBJECTO":"Subarctic forest hunter-gatherers","PARTOF":"Subarctic forest hunter-gatherers"}},
{"type":"Feature","geometry":{"type":"Polygon","coordinates":[[[-128.42716101184885,55.66806036922231],[-129.96955250552944,53.91281090128833],[-128.81406113197065,53.76392706509294],[-128.43214890052533,52.938537203032396],[-128.07719131995893,52.93924292202654],[-127.87297531654094,52.41333349819841],[-125.757913379286,53.13079169844382],[-122.49112572639841,54.243561521059334],[-111.97660968507122,58.28688340601539],[-112.44918874467501,58.52455626842842],[-111.37138842942214,58.60559089257427],[-118.19774749095093,62.712635573894396],[-124.93551363296793,64.83463268032534],[-132.3019802193257,62.53841465842595],[-133.48146396510694,62.93421982087007],[-129.76298574012483,69.65758855733755],[-135.43919846096875,69.5262866839922],[-138.2996295205391,69.14342168331653],[-157.17792550553273,64.01250660088307],[-160.92662128121404,63.95158169791209],[-161.00122217240968,63.62827504596931],[-153.16960451118246,59.74011827120309],[-151.78411527149856,59.962461871463304],[-148.75514838839038,60.6827566498791],[-147.06781754577045,60.909945829297776],[-145.51130826283057,62.576375375632956],[-138.6074405381188,61.53462731284501],[-134.79862274364473,60.552669192688725],[-133.4635788209756,61.53795372841777],[-128.7045383210282,60.73996921652957],[-130.07507628289582,57.56570580391931],[-128.42716101184885,55.66806036922231]]]},"properties":{"NAME":"Athabaskan","SUBJECTO":"Athabaskan","PARTOF":"Athabaskan"}},
{"type":"Feature","geometry":{"type":"MultiPolygon","coordinates":[[[[-50.4762849478886,-1.678760803979017],[-48.88569351722454,-1.421139515679457],[-48.55282684852337,-0.632448054593183],[-49.14270493079876,-0.195259444158651],[-50.50141235877727,-0.261749692004301],[-50.4762849478886,-1.678760803979017]]],[[[-62.296898808869145,9.721817575410647],[-62.99836385682802,9.291527278449463],[-64.90704050405392,9.291527278449463],[-69.22667712672312,9.793810606666808],[-69.81383055698998,8.487873953301706],[-65.96541257261946,8.180441590467876],[-63.06524366801216,8.32539786170036],[-61.28992935706829,8.770693384367846],[-61.12109467078899,9.165086351591967],[-61.530865636365164,9.850575052458666],[-62.296898808869145,9.721817575410647]]],[[[-70.6818633618311,8.557236799797916],[-70.68184887203134,8.55721593295672],[-70.68176376569241,8.557209134203836],[-70.6818633618311,8.557236799797916]]]]},"properties":{"NAME":"Caribbean hunter-gatherers","SUBJECTO":"Caribbean hunter-gatherers","PARTOF":"Caribbean hunter-gatherers"}},
{"type":"Feature","geometry":{"type":"Polygon","coordinates":[[[-53.123378851919725,-14.275041705614404],[-46.280890913956334,-3.552810001275475],[-49.06606977620206,-4.743578120004467],[-54.16333633581491,-4.626791146196514],[-56.33113935542037,-4.334740468715777],[-58.44035310422569,-2.287649024474563],[-57.97163893782451,-0.589157846288572],[-55.80383591821904,0.875529465609527],[-55.8624251890192,1.695565793857857],[-58.55753164582598,3.977596077854006],[-62.65878060183632,4.152921580887431],[-66.40849393304576,3.041936481420927],[-70.15820726425522,-5.735421450211085],[-69.04501111905242,-8.235853806057],[-64.1940629085568,-14.694582386569342],[-60.26760598730509,-13.809999263181787],[-53.123378851919725,-14.275041705614404]]]},"properties":{"NAME":"Amazon hunter-gatherers","SUBJECTO":"Amazon hunter-gatherers","PARTOF":"Amazon hunter-gatherers"}},
{"type":"Feature","geometry":{"type":"Polygon","coordinates":[[[-69.11474151787864,-51.35236245613261],[-69.04092117835735,-50.56240121249495],[-67.83347031165813,-49.9682125223094],[-67.57759567786907,-49.058533109467604],[-65.78120132972454,-47.71157876376448],[-67.46862503577923,-46.26589242343245],[-66.69494339515423,-45.131103910248854],[-65.65723129798626,-44.94175759677229],[-65.62660690833782,-44.72252313021956],[-64.69799515296673,-43.20144311312971],[-65.08506485511516,-42.78441659335432],[-64.16540237952923,-42.6476673257762],[-64.00108429481243,-42.852947629731275],[-63.62366196204876,-42.56950417880354],[-64.11973663856243,-42.38424722079573],[-64.9920320182011,-42.19338647250471],[-64.92474838783001,-41.73123971347151],[-65.13462540199016,-41.24435464267073],[-62.25975128699993,-40.80290643100081],[-62.4657983451054,-40.36791268710432],[-62.10818192054485,-39.689834989350416],[-62.35104462196087,-39.33307305697737],[-59.515431371228445,-38.874519742768385],[-57.80888458778118,-38.386490262787916],[-56.69811340858196,-36.944073118012525],[-57.371693578259695,-36.14943734530745],[-57.236832585828054,-35.58266106967268],[-58.522782292859304,-34.58706323031721],[-57.34773727943157,-34.508438504975416],[-56.33826157142376,-34.99545327548323],[-54.074337926404226,-34.647842801850416],[-52.35066696693157,-32.67519036654768],[-52.14021349238029,-31.740936200871825],[-53.544487162988226,-31.446480334683482],[-54.36473695419029,-30.592916632921295],[-57.352789764997816,-29.680878909474107],[-63.563252469813456,-30.036561103144948],[-67.48158657100439,-31.655864143664434],[-67.64985410812366,-33.57694564055348],[-69.43682686752817,-37.15902614350158],[-72.0684836753677,-40.547229038878235],[-70.57931764813105,-40.57909976037915],[-71.6339245225337,-43.19554606268768],[-72.1905225951351,-45.990119696472405],[-72.04404941813473,-48.76638855343405],[-71.16521035613252,-51.561440909776984],[-69.11474151787864,-51.35236245613261]]]},"properties":{"NAME":"Pampas cultures","SUBJECTO":"Pampas cultures","PARTOF":"Pampas cultures"}},
{"type":"Feature","geometry":{"type":"Polygon","coordinates":[[[-64.1940629085568,-14.694582386569342],[-64.66180129731615,-16.804676207468987],[-65.71878024503351,-18.084155408373633],[-65.49350658965456,-19.135432466808773],[-67.15357488124135,-25.22234953596037],[-68.26028707563256,-28.542486119133965],[-68.4096187266585,-30.483797582471198],[-67.48158657100439,-31.655864143664434],[-63.563252469813456,-30.036561103144948],[-57.352789764997816,-29.680878909474107],[-54.36473695419029,-30.592916632921295],[-53.544487162988226,-31.446480334683482],[-52.14021349238029,-31.740936200871825],[-52.04218765784954,-31.556572355073072],[-51.445416417615164,-31.015394605439283],[-51.23235413123821,-30.265360273163893],[-50.60855194617962,-30.302172101777174],[-51.11682220985149,-31.472069181244947],[-49.93631836463665,-29.627403653901197],[-49.54647919227337,-29.156509794037916],[-48.796904749948716,-28.475548314302703],[-49.83871578487881,-26.797313680361846],[-49.48718016007792,-24.553337158794967],[-48.46896037885509,-23.748769173313708],[-53.123378851919725,-14.275041705614404],[-60.26760598730509,-13.809999263181787],[-64.1940629085568,-14.694582386569342]]]},"properties":{"NAME":"Savanna hunter-gatherers","SUBJECTO":"Savanna hunter-gatherers","PARTOF":"Savanna hunter-gatherers"}},
{"type":"Feature","geometry":{"type":"Polygon","coordinates":[[[-67.48158657100439,-31.655864143664434],[-68.4096187266585,-30.483797582471198],[-69.36699927002375,-32.6004308319017],[-69.36699927002375,-34.44495115588703],[-70.28925943201642,-36.47392351227089],[-71.02706756161055,-37.21173164186502],[-73.14423080960157,-37.15579644589062],[-72.62884995022657,-35.645878233],[-71.61574265042188,-33.70565453915234],[-71.41326809467435,-32.728882234513435],[-71.5198487905586,-32.181175626798826],[-71.61574265052532,-33.70565453891096],[-72.62884995033001,-35.64587823275862],[-73.43500992347454,-37.90178338412581],[-73.19384476234173,-39.565369046967604],[-73.75937363197063,-40.243389524262525],[-73.66562363197063,-41.47935906771956],[-73.46355148841594,-41.78677026156721],[-72.72818067052704,-41.55336179549616],[-72.0684836753677,-40.547229038878235],[-69.43682686752817,-37.15902614350158],[-67.64985410812366,-33.57694564055348],[-67.48158657100439,-31.655864143664434]]]},"properties":{"NAME":"Andean hunter-gatherers","SUBJECTO":"Andean hunter-gatherers","PARTOF":"Andean hunter-gatherers"}},
{"type":"Feature","geometry":{"type":"MultiPolygon","coordinates":[[[[-70.49821945716594,-54.92306558017073],[-69.6717195182011,-54.77409402255354],[-65.26215836097454,-54.81925240878401],[-66.98282333900188,-54.34066430453596],[-68.70525833656048,-53.23463097934065],[-68.30537888099407,-52.94305077914534],[-69.40672012855266,-52.56648675326643],[-70.33333298255657,-53.47274438266096],[-69.4406633048222,-53.411072171967604],[-70.04246231605266,-53.98573724154768],[-69.05546280433391,-54.60197869662581],[-70.49821945716594,-54.92306558017073]]],[[[-74.23627182533001,-43.36826363925276],[-73.69581314613079,-43.38647881869612],[-73.83051773597454,-42.56413308505354],[-73.45523544837688,-42.26160851840315],[-74.16859909583782,-42.34649316195784],[-74.23627182533001,-43.36826363925276]]],[[[-73.24332901527141,-52.57389108065901],[-73.08035751868938,-53.03203622226057],[-72.84486099769329,-52.64614907626448],[-73.24332901527141,-52.57389108065901]]],[[[-69.11474151787864,-51.35236245613261],[-71.16521035613252,-51.561440909776984],[-72.04404941813473,-48.76638855343405],[-72.1905225951351,-45.990119696472405],[-71.6339245225337,-43.19554606268768],[-70.57931764813105,-40.57909976037915],[-72.0684836753677,-40.547229038878235],[-72.72818067052704,-41.55336179549616],[-72.58717819740032,-41.61827508334456],[-72.60860153724407,-41.99678460482893],[-72.46592423011516,-42.03499261264143],[-72.52966019202923,-43.0627063882762],[-72.76007553626751,-44.369339383881666],[-72.58269974281048,-44.43984643344221],[-73.13770004798626,-45.344314969819166],[-73.04726120521282,-45.37648812655745],[-73.96972366859173,-46.71342507724104],[-73.99523636390423,-46.48629800204573],[-74.42934891273235,-46.53258553866682],[-74.04179855872844,-46.09079781894026],[-75.44431015540813,-46.62543145541487],[-75.02187058021282,-46.553223050873854],[-74.86196610023235,-46.819073118012525],[-73.97875687171673,-47.0317005289012],[-74.38108536292766,-47.42256585482893],[-74.29662796546673,-47.76078835849104],[-73.36047073890423,-47.97384683017073],[-74.21032425452923,-48.008091367524244],[-73.96308609534954,-49.24083367709456],[-73.93245407630657,-49.99314156894026],[-73.93423172523235,-50.5060543191844],[-73.53017136146282,-50.432861722748854],[-74.20847794105266,-51.02063409213362],[-73.67884537269329,-51.2307857644969],[-73.77848526527141,-51.614231504242994],[-73.25848862220501,-51.705818570893385],[-73.1069230704472,-52.10275308017073],[-72.44915482093548,-52.16112939242659],[-72.21230789710735,-52.57189217929182],[-71.67799850990032,-52.64390984896956],[-72.75086685706829,-53.137833036225416],[-71.15202042152141,-52.96183053378401],[-71.44228836585735,-53.88161126498518],[-70.73358627845501,-52.80150643710432],[-69.4830217032597,-52.360935605805494],[-68.4558992057011,-52.420181669037916],[-69.07692429115032,-51.49934808139143],[-69.11474151787864,-51.35236245613261]]]]},"properties":{"NAME":"Patagonian shellfish and marine mammal hunters","SUBJECTO":"Patagonian shellfish and marine mammal hunters","PARTOF":"Patagonian shellfish and marine mammal hunters"}},
{"type":"Feature","geometry":{"type":"MultiPolygon","coordinates":[[[[-114.21130016519734,45.52811969634975],[-114.21160987687487,45.52824845201906],[-116.12419605755781,44.7060247997253],[-114.21130016519734,45.52811969634975]]],[[[-120.4073639994329,46.962688436214776],[-120.0711384191265,46.944409252530946],[-120.41361100716118,47.128412903264085],[-120.4073639994329,46.962688436214776]]],[[[-114.46737387359948,51.99955012922175],[-115.03392686774305,52.03295961287972],[-122.49112572639841,54.243561521059334],[-125.757913379286,53.13079169844382],[-120.61498239447313,49.06980535351244],[-119.1179431911146,49.1959627991639],[-117.33774395163805,49.34598251027045],[-114.26529355511259,49.604901911343504],[-114.46737387359948,51.99955012922175]]]]},"properties":{"NAME":"Plateau fichers and hunter gatherers","SUBJECTO":"Plateau fichers and hunter gatherers","PARTOF":"Plateau fichers and hunter gatherers"}},
{"type":"Feature","geometry":{"type":"Polygon","coordinates":[[[33.32531214639842,48.052268657035654],[29.31636982970131,48.28641554286899],[26.16266290937989,48.9405896176508],[19.380532145994035,49.803490408981204],[18.92670686530177,49.6219602967043],[18.313985221704236,48.27915133761789],[17.516934527255582,47.64151078205897],[16.122152513008928,45.581869537373656],[14.354488405791503,45.32289084048633],[14.98910621127246,44.54002722354297],[16.701476130095703,43.84666021914844],[16.639813456145507,43.38973578067188],[19.60696509799121,41.761539064363284],[19.369067225066406,40.26028021426563],[20.028559717742187,39.81378134341602],[21.22843078097461,37.90490683169727],[22.638745340911132,37.492286287263674],[23.555766138640625,38.351764284089846],[22.720257792083007,39.287269197419924],[22.60226539095996,40.39723929019336],[23.885952982512695,40.732894502595705],[28.827807459441406,40.91469915957813],[27.50195029696582,42.51634558291797],[28.445693049041015,43.476363740876955],[28.686247858611328,44.48805197329883],[30.83285621127246,46.57659109683399],[32.3304352651785,46.15208500578126],[33.236359422042575,46.95718734355883],[33.32531214639842,48.052268657035654]]]},"properties":{"NAME":"Ottoman Empire","SUBJECTO":"Ottoman Empire","PARTOF":"Ottoman Empire"}},
{"type":"Feature","geometry":{"type":"Polygon","coordinates":[[[-4.153334,53.225555],[-4.276945,53.398331],[-4.5675,53.273331],[-4.351389,53.124443],[-4.153334,53.225555]]]},"properties":{"NAME":null,"SUBJECTO":null,"PARTOF":null}},
{"type":"Feature","geometry":{"type":"Polygon","coordinates":[[[-5.103612,55.438606],[-5.154723,55.673332],[-5.400278,55.600555],[-5.103612,55.438606]]]},"properties":{"NAME":null,"SUBJECTO":null,"PARTOF":null}},
{"type":"Feature","geometry":{"type":"Polygon","coordinates":[[[-6.121667,55.878883],[-6.3275,55.589439],[-6.024723,55.68083200000012],[-6.121667,55.878883]]]},"properties":{"NAME":null,"SUBJECTO":null,"PARTOF":null}},
{"type":"Feature","geometry":{"type":"Polygon","coordinates":[[[-5.946945,55.829994],[-5.746112,56.06360600000011],[-5.968056,56.023605],[-6.078889,55.905548],[-5.946945,55.829994]]]},"properties":{"NAME":null,"SUBJECTO":null,"PARTOF":null}},
{"type":"Feature","geometry":{"type":"Polygon","coordinates":[[[-7.466945,56.940826],[-7.376112,56.978607],[-7.445556,57.05555],[-7.553612,56.966385],[-7.466945,56.940826]]]},"properties":{"NAME":null,"SUBJECTO":null,"PARTOF":null}},
{"type":"Feature","geometry":{"type":"Polygon","coordinates":[[[-7.223056,57.337494],[-7.425,57.382217],[-7.38139,57.108604],[-7.230278,57.09471900000011],[-7.223056,57.337494]]]},"properties":{"NAME":null,"SUBJECTO":null,"PARTOF":null}},
{"type":"Feature","geometry":{"type":"Polygon","coordinates":[[[-7.268889,57.39888800000011],[-7.204722,57.460831],[-7.351111,57.489441],[-7.388056,57.423882],[-7.268889,57.39888800000011]]]},"properties":{"NAME":null,"SUBJECTO":null,"PARTOF":null}},
{"type":"Feature","geometry":{"type":"Polygon","coordinates":[[[-7.188612,57.68721800000014],[-7.476945,57.562492],[-7.15389,57.509438],[-7.188612,57.68721800000014]]]},"properties":{"NAME":null,"SUBJECTO":null,"PARTOF":null}},
{"type":"Feature","geometry":{"type":"Polygon","coordinates":[[[-7.00639,57.881386000000134],[-6.993611,57.91861],[-7.073611,57.896111],[-7.00639,57.881386000000134]]]},"properties":{"NAME":null,"SUBJECTO":null,"PARTOF":null}},
{"type":"Feature","geometry":{"type":"Polygon","coordinates":[[[-6.802222,58.203049],[-6.794445,58.218048],[-6.854167,58.25],[-6.873056,58.206383],[-6.802222,58.203049]]]},"properties":{"NAME":null,"SUBJECTO":null,"PARTOF":null}},
{"type":"Feature","geometry":{"type":"Polygon","coordinates":[[[-6.204167,58.35611],[-7.031945,58.238052],[-6.473889,57.940277],[-6.204167,58.35611]]]},"properties":{"NAME":null,"SUBJECTO":null,"PARTOF":null}},
{"type":"Feature","geometry":{"type":"Polygon","coordinates":[[[-2.918334,58.731941],[-2.876667,58.820274],[-3.036945,58.818054],[-2.918334,58.731941]]]},"properties":{"NAME":null,"SUBJECTO":null,"PARTOF":null}},
{"type":"Feature","geometry":{"type":"Polygon","coordinates":[[[-3.231389,58.775551],[-3.136389,58.804161],[-3.335556,58.927498],[-3.431111,58.871384],[-3.231389,58.775551]]]},"properties":{"NAME":null,"SUBJECTO":null,"PARTOF":null}},
{"type":"Feature","geometry":{"type":"Polygon","coordinates":[[[-2.793056,58.951385],[-3.076945,59.121666],[-3.195,58.91111000000012],[-2.793056,58.951385]]]},"properties":{"NAME":null,"SUBJECTO":null,"PARTOF":null}},
{"type":"Feature","geometry":{"type":"Polygon","coordinates":[[[-2.681389,59.195831],[-2.620556,59.236107],[-2.495556,59.244995],[-2.414444,59.313606],[-2.592778,59.29055],[-2.681389,59.195831]]]},"properties":{"NAME":null,"SUBJECTO":null,"PARTOF":null}},
{"type":"Feature","geometry":{"type":"Polygon","coordinates":[[[-2.89,59.29527300000012],[-3.048889,59.329163],[-3.003334,59.263611],[-2.971945,59.287216],[-2.89,59.29527300000012]]]},"properties":{"NAME":null,"SUBJECTO":null,"PARTOF":null}},
{"type":"Feature","geometry":{"type":"Polygon","coordinates":[[[-1.296111,60.491104],[-1.320278,60.356384],[-1.655,60.226105],[-1.126111,60.151665],[-1.041389,60.446938],[-1.296111,60.491104]]]},"properties":{"NAME":null,"SUBJECTO":null,"PARTOF":null}},
{"type":"Feature","geometry":{"type":"Polygon","coordinates":[[[-1.029444,60.495827],[-0.991111,60.719994],[-1.177222,60.63666500000011],[-1.029444,60.495827]]]},"properties":{"NAME":null,"SUBJECTO":null,"PARTOF":null}},
{"type":"Feature","geometry":{"type":"Polygon","coordinates":[[[-0.819722,60.68888900000013],[-0.767778,60.82888800000012],[-0.938889,60.79444100000012],[-0.965556,60.688049],[-0.819722,60.68888900000013]]]},"properties":{"NAME":null,"SUBJECTO":null,"PARTOF":null}},
{"type":"Feature","geometry":{"type":"Polygon","coordinates":[[[-6.706944,61.937492000000134],[-6.718889,62.02861],[-7.192223,62.3077770000001],[-7.232223,62.172493],[-6.706944,61.937492000000134]]]},"properties":{"NAME":null,"SUBJECTO":null,"PARTOF":null}},
{"type":"Feature","geometry":{"type":"Polygon","coordinates":[[[-4.777779,54.05555],[-4.394444,54.186386],[-4.5275,54.367218],[-4.777779,54.05555]]]},"properties":{"NAME":null,"SUBJECTO":null,"PARTOF":null}},
{"type":"Feature","geometry":{"type":"Polygon","coordinates":[[[129.715515,28.451107],[129.157745,28.234993],[129.368561,28.116108],[129.715515,28.451107]]]},"properties":{"NAME":null,"SUBJECTO":null,"PARTOF":null}},
{"type":"Feature","geometry":{"type":"Polygon","coordinates":[[[129.963013,29.957218000000125],[129.94165,30],[129.92358400000012,29.983883],[129.963013,29.957218000000125]]]},"properties":{"NAME":null,"SUBJECTO":null,"PARTOF":null}},
{"type":"Feature","geometry":{"type":"Polygon","coordinates":[[[129.89636200000018,29.87416500000012],[129.877167,29.83083],[129.923309,29.824997],[129.89636200000018,29.87416500000012]]]},"properties":{"NAME":null,"SUBJECTO":null,"PARTOF":null}},
{"type":"Feature","geometry":{"type":"Polygon","coordinates":[[[130.906097,30.354717000000107],[131.074402,30.689163],[130.945251,30.683331000000123],[130.906097,30.354717000000107]]]},"properties":{"NAME":null,"SUBJECTO":null,"PARTOF":null}},
{"type":"Feature","geometry":{"type":"Polygon","coordinates":[[[130.558594,30.236382000000106],[130.671906,30.373329000000126],[130.510803,30.458885000000123],[130.387207,30.397217],[130.558594,30.236382000000106]]]},"properties":{"NAME":null,"SUBJECTO":null,"PARTOF":null}},
{"type":"Feature","geometry":{"type":"Polygon","coordinates":[[[121.734711,25.138885],[121.00166300000012,25.001663],[120.11554,23.631386],[120.328598,22.519444],[120.878593,22.341385000000116],[121.839706,24.476383000000112],[121.734711,25.138885]]]},"properties":{"NAME":null,"SUBJECTO":null,"PARTOF":null}},
{"type":"Feature","geometry":{"type":"Polygon","coordinates":[[[128.900818,32.643051],[128.649414,32.777771],[128.610229,32.61166400000013],[128.900818,32.643051]]]},"properties":{"NAME":null,"SUBJECTO":null,"PARTOF":null}},
{"type":"Feature","geometry":{"type":"Polygon","coordinates":[[[126.54058498458714,37.6780925259977],[126.371368,34.789162],[128.451904,34.845543],[129.43942300000015,35.475822],[129.342468,37.257217],[128.260529,38.411659],[127.133881,38.29916400000013],[126.54058498458714,37.6780925259977]]]},"properties":{"NAME":null,"SUBJECTO":null,"PARTOF":null}},
{"type":"Feature","geometry":{"type":"Polygon","coordinates":[[[123.870819,24.252499],[123.92192100000011,24.371109],[123.767212,24.41444],[123.678864,24.316109],[123.870819,24.252499]]]},"properties":{"NAME":null,"SUBJECTO":null,"PARTOF":null}},
{"type":"Feature","geometry":{"type":"Polygon","coordinates":[[[125.356369,24.776665],[125.261932,24.878883],[125.252213,24.737774],[125.356369,24.776665]]]},"properties":{"NAME":null,"SUBJECTO":null,"PARTOF":null}},
{"type":"Feature","geometry":{"type":"Polygon","coordinates":[[[124.26165800000012,24.457497],[124.077766,24.419994],[124.121918,24.344997],[124.22971300000017,24.338329],[124.26165800000012,24.457497]]]},"properties":{"NAME":null,"SUBJECTO":null,"PARTOF":null}},
{"type":"Feature","geometry":{"type":"Polygon","coordinates":[[[128.252777,26.63888500000013],[128.247192,26.839996],[127.958878,26.544441],[128.252777,26.63888500000013]]]},"properties":{"NAME":null,"SUBJECTO":null,"PARTOF":null}},
{"type":"Feature","geometry":{"type":"Polygon","coordinates":[[[126.76193200000012,26.38694],[126.701927,26.348606],[126.781097,26.29833200000013],[126.8099820000001,26.346943],[126.76193200000012,26.38694]]]},"properties":{"NAME":null,"SUBJECTO":null,"PARTOF":null}},
{"type":"Feature","geometry":{"type":"Polygon","coordinates":[[[128.95108,27.67582700000014],[129.029968,27.774441000000138],[128.89886500000011,27.89777400000014],[128.89721700000018,27.725826],[128.95108,27.67582700000014]]]},"properties":{"NAME":null,"SUBJECTO":null,"PARTOF":null}},
{"type":"Feature","geometry":{"type":"Polygon","coordinates":[[[128.609131,27.358887],[128.69635000000017,27.4486050000001],[128.52359000000013,27.413609],[128.609131,27.358887]]]},"properties":{"NAME":null,"SUBJECTO":null,"PARTOF":null}},
{"type":"Feature","geometry":{"type":"Polygon","coordinates":[[[129.992188,28.281666],[130.0324710000001,28.35305],[129.943024,28.32222],[129.992188,28.281666]]]},"properties":{"NAME":null,"SUBJECTO":null,"PARTOF":null}},
{"type":"Feature","geometry":{"type":"Polygon","coordinates":[[[129.33609000000013,28.075275],[129.3402400000001,28.110828],[129.223846,28.183605],[129.219116,28.097775],[129.33609000000013,28.075275]]]},"properties":{"NAME":null,"SUBJECTO":null,"PARTOF":null}},
{"type":"Feature","geometry":{"type":"Polygon","coordinates":[[[129.733032,29.609718],[129.75332600000013,29.64777400000014],[129.70968600000015,29.651661],[129.733032,29.609718]]]},"properties":{"NAME":null,"SUBJECTO":null,"PARTOF":null}},
{"type":"Feature","geometry":{"type":"Polygon","coordinates":[[[14.603000387316191,12.990576326679593],[14.992718105035632,12.097355254614666],[16.634139198580776,11.102857931853027],[20.20561443678935,12.047238403494717],[19.84503280216252,13.223421354539367],[17.15784109649117,13.472394387972177],[14.72764592507364,13.10223220954434],[14.603000387316191,12.990576326679593]]]},"properties":{"NAME":"Bagirmi","SUBJECTO":"Bagirmi","PARTOF":"Bagirmi"}},
{"type":"Feature","geometry":{"type":"Polygon","coordinates":[[[14.72764592507364,13.10223220954434],[16.47598687879659,13.368535798522009],[17.30425962688899,14.469098598504495],[17.00863044414363,15.503800738113231],[13.313265659826719,20.972940618902264],[12.056841633158964,20.972940618902264],[11.613397859040933,20.603404140470577],[11.391675971981918,15.503800738113231],[10.209159241000506,13.73002564164111],[10.726510310804873,11.29108488399195],[11.909027041786288,11.069362996932934],[14.805106907359582,12.527354373208057],[14.603000387316191,12.990576326679593],[14.72764592507364,13.10223220954434]]]},"properties":{"NAME":"Bornu-Kanem","SUBJECTO":"Bornu-Kanem","PARTOF":"Bornu-Kanem"}},
{"type":"Feature","geometry":{"type":"Polygon","coordinates":[[[21.007927489577856,55.81651861781673],[22.798674867549455,54.73898772013809],[22.82129565719698,53.562706658466794],[20.33300879596923,52.97456612763114],[18.794795099937534,53.31387797234402],[18.665211937776398,54.25812429246989],[17.657612833586914,54.685462556794924],[16.20375518114817,53.706387822934694],[15.764534781005738,52.26547121356442],[16.85478643368879,51.916590684705845],[18.646036580345903,50.64451035793008],[18.92670686530177,49.6219602967043],[19.380532145994035,49.803490408981204],[26.16266290937989,48.9405896176508],[29.31636982970131,48.28641554286899],[33.32531214639842,48.052268657035654],[34.16305713851132,47.81064663517557],[36.399390447085466,49.03577483535195],[35.703942673594156,50.41560649083327],[33.87892186105334,50.21282640055096],[33.169191545065246,51.429506942244835],[31.34417073252444,50.922556716539056],[31.556977562855266,54.30080582548034],[31.505095298919084,56.49019397682515],[30.173626059638128,56.27996199167552],[28.09070157816403,56.748443185898836],[27.590193640470098,58.31199120811888],[27.666289623047952,58.98250362218269],[27.702038797942382,59.297504030183596],[25.72112182101367,59.459842287019534],[23.415757212249023,59.11896475406055],[24.34649947604297,57.15972097964649],[23.29676389381104,56.944608841665996],[22.856604043909087,56.32438359862234],[20.945448908416015,56.069957338289065],[21.007927489577856,55.81651861781673]]]},"properties":{"NAME":"Poland-Llituania","SUBJECTO":"Poland-Llituania","PARTOF":"Poland-Llituania"}},
{"type":"Feature","geometry":{"type":"Polygon","coordinates":[[[126.54058498458714,37.6780925259977],[127.133881,38.29916400000013],[128.260529,38.411659],[127.27688888033984,39.2216869220293],[127.67152694186328,39.86643560977344],[129.47782424410937,40.682025514558596],[129.6412611337578,41.65584906192188],[130.43509963473437,42.27675970645313],[129.9656019540703,42.957393251375],[128.09849074801562,41.44936331363086],[126.47417739352343,41.651507936433596],[125.87949660739062,40.945026002839846],[124.13388350924609,39.843143068269534],[125.296092066375,39.36432608218555],[124.73619368991015,38.2797809466875],[125.26937392672656,37.484683595613284],[126.364151,37.720268],[126.53065837213958,37.67832337744996],[126.54058498458714,37.6780925259977]]]},"properties":{"NAME":"Korea","SUBJECTO":"Korea","PARTOF":"Korea"}},
{"type":"Feature","geometry":{"type":"Polygon","coordinates":[[[156.69430237553343,57.11380824277888],[155.62757399996875,56.26791723819141],[155.46520522555468,54.91977270694141],[156.69637587985156,50.957748018220705],[157.8977766366875,51.6660228595293],[158.46136001071093,52.82596167178516],[159.89686110934375,53.240577302888674],[159.93114760836718,54.08635672183399],[162.0082044931328,54.738223634675784],[161.98390120568644,55.96275754634424],[156.69430237553343,57.11380824277888]]]},"properties":{"NAME":"Itelmen","SUBJECTO":"Itelmen","PARTOF":"Itelmen"}},
{"type":"Feature","geometry":{"type":"Polygon","coordinates":[[[165.25446552158908,62.30923357639421],[164.00829604586718,62.130897127107424],[163.329295191375,60.694949708894534],[159.649119410125,58.953746400789065],[156.69430237553343,57.11380824277888],[161.98390120568644,55.96275754634424],[163.16599563082812,56.10649832339649],[161.80436233004687,58.101722322419924],[163.38868239840625,59.814063631013674],[164.58460524996875,59.66465338321094],[165.77999404391406,60.35411413760547],[170.33680251559375,60.277103029207034],[173.30378410077196,61.51909274574955],[165.25446552158908,62.30923357639421]]]},"properties":{"NAME":"Koryaks","SUBJECTO":"Koryaks","PARTOF":"Koryaks"}},
{"type":"Feature","geometry":{"type":"Polygon","coordinates":[[[82.43625930270312,72.05058630557423],[83.56109145602343,71.62442358584767],[83.38769505675961,70.34407744304102],[82.90390351995161,68.53899724116076],[92.29610482658107,69.82407964155732],[90.66660371857405,72.41388791632032],[82.43625930270312,72.05058630557423]]]},"properties":{"NAME":"Enets","SUBJECTO":"Enets","PARTOF":"Samoyedic people"}},
{"type":"Feature","geometry":{"type":"Polygon","coordinates":[[[66.79749147423064,66.64522469500768],[68.07092169440246,66.6318461141755],[68.60227790474909,65.48171161102046],[73.53970267596988,65.56915613435521],[80.83245399067884,65.69831479338546],[82.90390351995161,68.53899724116076],[83.38769505675961,70.34407744304102],[81.67136672457812,71.57430609317188],[79.22255996188281,72.27128943057423],[73.21685317477343,71.45773657412892],[74.24957564791796,70.57294806094532],[73.91452315768359,69.15427740664845],[74.74171737155078,67.68622168155079],[72.2088117929375,66.17345770450001],[70.83993056735156,66.55140265078907],[72.8376951547539,67.6456485614336],[72.67970565280078,70.82351263614063],[71.797556910125,71.4318042621172],[72.71399978121875,72.76958807559376],[69.34311202487109,72.83426245303517],[68.31624892672656,71.63485296817188],[66.81797316989062,71.10538061709767],[68.5117674203789,68.83668097110157],[67.64553669916856,68.44807272735193],[66.79749147423064,66.64522469500768]]]},"properties":{"NAME":"Nenets","SUBJECTO":"Nenets","PARTOF":"Samoyedic people"}},
{"type":"Feature","geometry":{"type":"Polygon","coordinates":[[[105.364780709818,72.74959229884978],[113.6250486703789,75.27267035098438],[113.5330076547539,76.09365423770313],[109.65640548190234,76.69128759951954],[106.86712320943332,76.43314988243023],[97.97733841936244,74.36169335293792],[92.42822653804119,73.38331782427201],[99.91512352077622,71.35814155943672],[105.364780709818,72.74959229884978]]]},"properties":{"NAME":"Nganasan","SUBJECTO":"Nganasan","PARTOF":"Samoyedic people"}},
{"type":"Feature","geometry":{"type":"Polygon","coordinates":[[[73.53970267596988,65.56915613435521],[68.60227790474909,65.48171161102046],[68.07092169440246,66.6318461141755],[66.79749147423064,66.64522469500768],[66.97277065074607,65.49541876496028],[64.04068893103295,60.75897906388522],[66.23717739179192,60.061705351508834],[68.80585475610576,62.58482668706595],[70.97027739959411,64.244828715124],[71.80409093995571,63.462076182464045],[73.53970267596988,65.56915613435521]]]},"properties":{"NAME":"Komi","SUBJECTO":"Komi","PARTOF":"Samoyedic People"}},
{"type":"Feature","geometry":{"type":"Polygon","coordinates":[[[71.80409093995571,63.462076182464045],[74.37151298221869,63.07895426139875],[75.23862977019192,62.1341278351447],[75.50431372471282,59.936536551112646],[80.75747535907178,60.14881161815984],[83.48799072924575,64.3642654908204],[80.83245399067884,65.69831479338546],[73.53970267596988,65.56915613435521],[71.80409093995571,63.462076182464045]]]},"properties":{"NAME":"Khanty","SUBJECTO":"Khanty","PARTOF":"Samoyedic people"}},
{"type":"Feature","geometry":{"type":"Polygon","coordinates":[[[76.88256430509976,54.37259339979909],[79.3007699428214,54.399005245635244],[82.53616626600059,57.08035531913417],[78.39786864332953,58.58887058703125],[75.66408415320137,58.61500359769926],[75.50431372471282,59.936536551112646],[75.23862977019192,62.1341278351447],[74.37151298221869,63.07895426139875],[71.80409093995571,63.462076182464045],[70.97027739959411,64.244828715124],[68.80585475610576,62.58482668706595],[66.23717739179192,60.061705351508834],[64.2273343596377,57.66184452184806],[64.67878500938362,55.97380969520192],[67.77105734843805,54.636729080019315],[68.59135730718171,54.282036137997714],[76.88256430509976,54.37259339979909]]]},"properties":{"NAME":"Khanate of Sibir","SUBJECTO":"Khanate of Sibir","PARTOF":"Khanate of Sibir"}},
{"type":"Feature","geometry":{"type":"Polygon","coordinates":[[[68.78248445418943,40.944221880530336],[68.6327991869434,40.92043750242774],[60.610626661788565,45.43391941014539],[53.15386220104647,45.977036067128125],[51.51272872408984,45.37257345767383],[50.874304804412105,44.62624701114063],[51.17103484591601,43.71806677432422],[52.51981643160937,42.072555147126955],[53.98521712741015,42.10553701968555],[54.81849578341601,40.87956961245899],[53.257300409880855,40.764632783845705],[52.84545043429492,40.18038138003711],[54.07141784152148,38.89694555850391],[53.937327417937496,38.15944632144336],[56.42968510584468,38.20979337469626],[58.61948254163954,39.05202315769429],[62.66218550003006,39.22046911429389],[64.3466450660261,37.87290146149705],[64.68353697922532,36.52533380870022],[66.33588980061525,36.307380725406425],[69.23157780741465,37.367563591698236],[69.89885480118284,37.78461171280335],[68.78248445418943,40.944221880530336]]]},"properties":{"NAME":"Khiva Khanate","SUBJECTO":"Khiva Khanate","PARTOF":"Khiva Khanate"}},
{"type":"Feature","geometry":{"type":"Polygon","coordinates":[[[161.9248583925694,68.14581896997709],[162.6183639908987,69.54029795336498],[159.44381240328906,69.76456030459767],[158.40867141207812,70.81418951602345],[156.04317763766406,70.98655279727345],[152.31795238609797,70.66907025871122],[151.75087498359463,69.71748244463377],[161.9248583925694,68.14581896997709]]]},"properties":{"NAME":"Yukagir","SUBJECTO":"Yukagir","PARTOF":"Yukagir"}},
{"type":"Feature","geometry":{"type":"Polygon","coordinates":[[[29.412611586193336,62.52377286719253],[29.517548116887955,61.76920993503894],[29.687296900359375,60.131000123933596],[27.702038797942382,59.297504030183596],[27.666289623047952,58.98250362218269],[27.590193640470098,58.31199120811888],[28.09070157816403,56.748443185898836],[29.51794622544137,58.07518298196989],[32.71775016048841,57.19928098997599],[34.8586889411295,56.12881159965544],[35.12630628870964,54.38929884038454],[38.337714459671304,54.38929884038454],[38.7391404810415,55.19215088312495],[40.74627058789254,54.38929884038454],[43.9576787588542,54.79072486175475],[44.76053080159461,55.32595955691503],[45.42957417054495,57.466898337556124],[45.96480886570524,57.734515685136266],[52.39368128550821,58.006158181747665],[55.465224704800136,58.13594170650648],[62.021849720513515,58.80498507545682],[63.49374513220428,59.87545446577737],[64.04068893103295,60.75897906388522],[66.97277065074607,65.49541876496028],[66.79749147423064,66.64522469500768],[67.64553669916856,68.44807272735193],[62.28127196749804,69.70512732119923],[57.02422622164843,68.44890936465626],[53.88911727389453,68.78699835391407],[48.08066085299609,67.56245764346485],[45.86343673190234,68.38334997744923],[43.82216552218554,68.32731970401173],[44.383608851042965,66.61201819033985],[42.21078780612109,66.41000708194142],[39.95132735690234,65.58116491885548],[39.19344237765429,64.51103552432423],[36.88390639742968,65.06769903750782],[37.41054061373828,63.749496065095705],[35.081763300505855,64.28833349795704],[34.54369643649218,66.00083502383595],[32.64433959445117,67.04610022158985],[31.245854748797644,67.63635754560138],[27.097785861305503,66.83350550286096],[26.793009069203237,66.21176589817254],[29.71445416501362,65.62524029547087],[29.412611586193336,62.52377286719253]]]},"properties":{"NAME":"Tsardom of Muscovy","SUBJECTO":"Tsardom of Muscovy","PARTOF":"Tsardom of Muscovy"}},
{"type":"Feature","geometry":{"type":"Polygon","coordinates":[[[22.52758356871905,67.71569350303628],[22.221557717101856,66.94286345282181],[25.62589044961474,66.69969682907089],[26.793009069203237,66.21176589817254],[27.097785861305503,66.83350550286096],[31.245854748797644,67.63635754560138],[32.64433959445117,67.04610022158985],[35.77174666842578,66.25886877627735],[39.19002822360156,66.03870733828907],[41.2552976938164,66.93697699160938],[40.826052698699215,67.66004522891407],[35.436553034392574,69.15035589785938],[29.728575739470703,69.69756659121876],[30.798840555754882,70.30796393008595],[28.30841353854297,70.9486499652422],[24.570508036223632,70.74138220401173],[23.203606638518554,69.94277533145313],[19.821213755217773,69.36973150821095],[18.771016616033968,67.93787713452745],[22.52758356871905,67.71569350303628]]]},"properties":{"NAME":"Sámi","SUBJECTO":"Sámi","PARTOF":"Sámi"}},
{"type":"Feature","geometry":{"type":"Polygon","coordinates":[[[35.33925781250002,62.0328125],[35.19560546875002,61.987939453124994],[35.16035156250001,61.858642578125],[35.27363281250001,61.8703125],[35.33925781250002,62.0328125]]]},"properties":{"NAME":"Tsardom of Muscovy","SUBJECTO":"Tsardom of Muscovy","PARTOF":"Tsardom of Muscovy"}},
{"type":"Feature","geometry":{"type":"Polygon","coordinates":[[[17.329752674630463,64.82637539600992],[16.660709305680115,63.75590600568937],[15.049652873247693,63.52575508677045],[13.154899574959657,62.024227120513196],[12.42775975367419,59.92575407062508],[11.171302719007878,59.061639878237116],[11.22135833224414,58.30832251162891],[11.876622233000976,57.325206361726565],[16.06315060859225,56.39623928206121],[16.744044336882812,58.31195028872852],[19.03732398470996,59.86324270816211],[17.146208796111328,60.95282705874805],[17.06517699679492,61.53837927432422],[18.48662475070117,62.98124273867969],[20.70065978488086,63.818126283601565],[20.92119315585254,64.71382483096485],[22.645554575530273,65.93478735537892],[25.251507792083007,65.4168887958086],[24.470093760100585,64.63552435489063],[21.03372863253711,62.477298341707034],[21.56015113314746,60.51248510928516],[23.66465667208789,59.83555182071094],[28.52150824984668,60.62326391787891],[29.687296900359375,60.131000123933596],[29.517548116887955,61.76920993503894],[29.412611586193336,62.52377286719253],[29.71445416501362,65.62524029547087],[26.793009069203237,66.21176589817254],[25.62589044961474,66.69969682907089],[22.221557717101856,66.94286345282181],[22.52758356871905,67.71569350303628],[18.771016616033958,67.93787713452744],[17.253725252939528,68.09256540649444],[14.699372164712281,66.12362694363401],[17.329752674630463,64.82637539600992]]]},"properties":{"NAME":"Sweden","SUBJECTO":"","PARTOF":""}},
{"type":"Feature","geometry":{"type":"Polygon","coordinates":[[[13.672,54.569],[13.225,54.634],[13.118,54.334],[13.508,54.343],[13.672,54.569]]]},"properties":{"NAME":null,"SUBJECTO":null,"PARTOF":null}},
{"type":"Feature","geometry":{"type":"Polygon","coordinates":[[[23.206,58.445],[22.112,58.492],[22.201,58.145],[23.206,58.445]]]},"properties":{"NAME":null,"SUBJECTO":null,"PARTOF":null}},
{"type":"Feature","geometry":{"type":"Polygon","coordinates":[[[22.948,58.844],[22.576,59.069],[22.229,58.878],[22.48,58.7],[22.948,58.844]]]},"properties":{"NAME":null,"SUBJECTO":null,"PARTOF":null}},
{"type":"Feature","geometry":{"type":"Polygon","coordinates":[[[20.123,60.081],[20.004,60.051],[20.137,59.992],[20.212,60.06],[20.123,60.081]]]},"properties":{"NAME":null,"SUBJECTO":null,"PARTOF":null}},
{"type":"Feature","geometry":{"type":"Polygon","coordinates":[[[20.295,60.121],[20.216,60.139],[20.205,60.081],[20.271,60.057],[20.295,60.121]]]},"properties":{"NAME":null,"SUBJECTO":null,"PARTOF":null}},
{"type":"Feature","geometry":{"type":"Polygon","coordinates":[[[19.565,60.249],[19.512,60.181],[19.543,60.128],[19.673,60.15],[19.565,60.249]]]},"properties":{"NAME":null,"SUBJECTO":null,"PARTOF":null}},
{"type":"Feature","geometry":{"type":"Polygon","coordinates":[[[20.067,60.296],[19.931,60.277],[19.772,60.081],[20.044,60.086],[19.914,60.217],[20.067,60.296]]]},"properties":{"NAME":null,"SUBJECTO":null,"PARTOF":null}},
{"type":"Feature","geometry":{"type":"Polygon","coordinates":[[[20.442,60.248],[20.341,60.241],[20.387,60.193],[20.442,60.248]]]},"properties":{"NAME":null,"SUBJECTO":null,"PARTOF":null}},
{"type":"Feature","geometry":{"type":"Polygon","coordinates":[[[10.885,57.246],[10.997,57.223],[11.15,57.332],[10.921,57.303],[10.885,57.246]]]},"properties":{"NAME":null,"SUBJECTO":null,"PARTOF":null}},
{"type":"Feature","geometry":{"type":"Polygon","coordinates":[[[11.53,58.049],[11.575,57.932],[11.723,57.99],[11.53,58.049]]]},"properties":{"NAME":null,"SUBJECTO":null,"PARTOF":null}},
{"type":"Feature","geometry":{"type":"Polygon","coordinates":[[[11.465,58.066],[11.8,58.117],[11.669,58.284],[11.411,58.147],[11.465,58.066]]]},"properties":{"NAME":null,"SUBJECTO":null,"PARTOF":null}},
{"type":"Feature","geometry":{"type":"MultiPolygon","coordinates":[[[[173.30378410077196,61.51909274574955],[179.28769973239062,62.81507834048633],[178.14725783785937,64.1566348895586],[180,64.95347937198048],[180,65.05193670840626],[180,65.31103094668751],[180,65.3816333636797],[180,65.96313055606251],[180,66.96313055606251],[180,67.96313055606251],[180,68.91989477725392],[175.61097243746875,69.77942999453907],[170.45170119723437,70.01921423526173],[170.83280471285937,68.92194708438282],[169.38860610446093,68.71748694033985],[166.30924514254687,69.37832983584767],[162.6183639908987,69.54029795336498],[161.9248583925694,68.14581896997709],[158.757240470711,61.776473675468125],[160.64498427828906,60.71775396914844],[162.71056655367968,61.763187013582034],[162.99024489840625,62.32608374209766],[165.25446552158908,62.30923357639421],[173.30378410077196,61.51909274574955]]],[[[-180,66.96313055606251],[-180,65.96313055606251],[-180,65.38161810489063],[-180,65.31103094668751],[-180,65.25922735782032],[-178.11627670803907,65.48249395938282],[-173.07701584378125,64.38398321719532],[-172.56233688870313,65.51480444522267],[-170.61266037503125,66.0377612933672],[-171.95799728909375,66.95566900821095],[-173.87494370022657,67.15932806582813],[-180,68.91692694278126],[-180,67.96313055606251],[-180,66.96313055606251]]]]},"properties":{"NAME":"Chukchi","SUBJECTO":"Chukchi","PARTOF":"Chukchi"}},
{"type":"Feature","geometry":{"type":"MultiPolygon","coordinates":[[[[19.218064341155273,79.74022253604298],[23.820517572966796,79.14745672793751],[27.19679549655078,79.9443546161211],[20.524457010833007,80.32244452090626],[19.218064341155273,79.74022253604298]]],[[[14.25808814486621,79.53364904971485],[11.760330233184082,78.88018377871876],[15.098876032439453,77.11526831241017],[17.26699927767871,76.81286200137501],[19.11582282504199,78.45454748721485],[20.908095392791015,78.80939062686329],[17.834054026213867,79.80945166201954],[14.25808814486621,79.53364904971485]]],[[[19.821213755217773,69.36973150821095],[17.406914743987304,68.77154120059376],[13.16864779910205,66.45833929629688],[12.112141642180664,65.12991674991017],[9.832105669585449,63.68362005801563],[7.088180098143798,62.91019781680469],[5.148983511534912,61.740882478669924],[5.096230539885742,60.26413305850391],[5.805763277617675,59.94925268741016],[5.615484270659667,58.45521505923633],[8.153747591582519,58.08954580874805],[10.549271616545898,59.37863119693164],[11.171302719007878,59.061639878237116],[12.42775975367419,59.92575407062508],[13.154899574959657,62.024227120513196],[15.049652873247693,63.52575508677045],[16.660709305680115,63.75590600568937],[17.329752674630463,64.82637539600992],[14.699372164712281,66.12362694363401],[17.253725252939528,68.09256540649444],[18.771016616033958,67.93787713452744],[18.771016616033968,67.93787713452745],[19.821213755217773,69.36973150821095]]],[[[10.141728434172851,54.33675345034961],[10.835,55.294],[9.311874422637207,56.481124483064455],[8.183429751006347,56.43146475406055],[8.884012255278808,54.229449830964846],[10.141728434172851,54.33675345034961]]],[[[16.06315060859225,56.39623928206121],[11.876622233000976,57.325206361726565],[13.301851305571777,55.300696931794924],[14.652893099395019,56.120616517976565],[16.06315060859225,56.39623928206121]]],[[[20.945448908416015,56.069957338289065],[22.856604043909087,56.32438359862234],[23.29676389381104,56.944608841665996],[21.67733100375293,57.46365698428516],[20.945448908416015,56.069957338289065]]],[[[-24.218850102814454,65.53374060244923],[-21.95479675808789,65.37804754825001],[-22.372910466583985,63.77318533511524],[-18.641863789948243,63.32381781192188],[-14.821200337799805,64.19502600283985],[-13.646900144013184,65.49534185977345],[-16.92214104214551,65.97755011172657],[-24.218850102814454,65.53374060244923]]]]},"properties":{"NAME":"Denmark-Norway","SUBJECTO":"Denmark-Norway","PARTOF":"Denmark-Norway"}},
{"type":"Feature","geometry":{"type":"Polygon","coordinates":[[[-66.43519489122934,45.13295071256959],[-65.7125749258125,43.55995138736133],[-61.03208633938672,45.37883337588672],[-64.53479477444532,46.27165945620899],[-65.2130860952461,48.12142523379688],[-64.95240494290235,49.20725592227344],[-67.35399553963548,48.845890707072265],[-66.43519489122934,45.13295071256959]]]},"properties":{"NAME":"Mi'kma'ki","SUBJECTO":"Mi'kma'ki","PARTOF":"Mi'kma'ki"}},
{"type":"Feature","geometry":{"type":"Polygon","coordinates":[[[52.39368128550821,58.006158181747665],[45.96480886570524,57.734515685136266],[45.42957417054495,57.466898337556124],[44.76053080159461,55.32595955691503],[43.9576787588542,54.79072486175475],[40.74627058789254,54.38929884038454],[38.7391404810415,55.19215088312495],[38.337714459671304,54.38929884038454],[35.12630628870964,54.38929884038454],[34.8586889411295,56.12881159965544],[32.71775016048841,57.19928098997599],[29.51794622544137,58.07518298196989],[28.09070157816403,56.748443185898836],[30.173626059638128,56.27996199167552],[31.505095298919084,56.49019397682515],[31.556977562855266,54.30080582548034],[31.34417073252444,50.922556716539056],[33.169191545065246,51.429506942244835],[33.87892186105334,50.21282640055096],[35.703942673594156,50.41560649083327],[36.399390447085466,49.03577483535195],[37.884650975332775,49.186203453898436],[40.50783203464621,47.4374160810228],[40.63274541842304,46.68793577836182],[42.25661940752185,46.81284916213865],[43.38083986151332,46.1882822432545],[43.88049339662065,44.81423502170936],[44.75488708305846,44.439494870378866],[46.87292006930468,44.68019827456836],[47.556304010955074,45.4534984454668],[49.534514460173824,46.54151877017383],[51.36885741671679,47.09002264590625],[53.185217890349605,46.86522635074024],[53.15386220104647,45.977036067128125],[60.610626661788565,45.43391941014539],[60.9995241976131,45.40559389032003],[57.91962708705991,49.915139550039214],[52.39368128550821,58.006158181747665]]]},"properties":{"NAME":"Nogai Horde","SUBJECTO":"Nogai Horde","PARTOF":"Nogai Horde"}},
{"type":"Feature","geometry":{"type":"Polygon","coordinates":[[[67.77105734843805,54.636729080019315],[64.67878500938362,55.97380969520192],[64.2273343596377,57.66184452184806],[66.23717739179192,60.061705351508834],[64.04068893103295,60.75897906388522],[63.49374513220428,59.87545446577737],[62.021849720513515,58.80498507545682],[55.465224704800136,58.13594170650648],[52.39368128550821,58.006158181747665],[57.91962708705991,49.915139550039214],[67.77105734843805,54.636729080019315]]]},"properties":{"NAME":"Kazan Khanate","SUBJECTO":"Kazan Khanate","PARTOF":"Kazan Khanate"}},
{"type":"Feature","geometry":{"type":"Polygon","coordinates":[[[76.88256430509976,54.37259339979909],[68.59135730718171,54.282036137997714],[67.77105734843805,54.636729080019315],[57.91962708705991,49.915139550039214],[60.9995241976131,45.40559389032003],[60.610626661788565,45.43391941014539],[68.6327991869434,40.92043750242774],[68.78248445418943,40.944221880530336],[78.70718966995693,42.52121703677807],[80.31638335428576,42.77691134612837],[87.09286217134431,49.56098122805075],[76.88256430509976,54.37259339979909]]]},"properties":{"NAME":"Quazaq Khanate","SUBJECTO":"Quazaq Khanate","PARTOF":"Quazaq Khanate"}},
{"type":"Feature","geometry":{"type":"Polygon","coordinates":[[[78.70718966995693,42.52121703677807],[68.78248445418943,40.944221880530336],[69.89885480118284,37.78461171280335],[71.25292928660991,38.04134741809666],[71.5657266349665,36.91041485158471],[73.80860288146245,38.031852974832695],[75.24566308931769,38.031852974832695],[79.3294463680683,35.62846298322298],[80.13166779602547,36.882204808548515],[84.47416517596388,36.882204808548515],[78.70718966995693,42.52121703677807]]]},"properties":{"NAME":"Bukara Khanate","SUBJECTO":"Bukara Khanate","PARTOF":"Bukara Khanate"}},
{"type":"Feature","geometry":{"type":"Polygon","coordinates":[[[84.47416517596388,36.882204808548515],[89.61626516787001,36.882204808548515],[99.24456856050006,38.75038307876033],[99.38827458128559,39.75632522425898],[100.53792274756977,40.33114930740107],[102.11868897621052,39.75632522425898],[103.55574918406575,39.90003124504451],[107.71305379618983,43.254934552739094],[120.38680943883438,46.42337346340023],[127.58098302158292,56.61544897429181],[129.20676445080278,56.86753789197583],[130.3904298248652,56.05376794730791],[131.13022068365424,53.90837445681975],[132.01796971420106,52.42879273924172],[136.16079852341954,53.020625426272936],[137.23923781832812,53.45651587100391],[136.4916029306328,54.45549353213672],[134.98522475680468,54.85393484683399],[137.22909072360156,55.98272284121875],[140.58739760836718,58.23931082339649],[142.8458509775078,59.272525392488284],[148.4160871835625,59.09739264102344],[149.04528335055468,59.5871539935625],[151.1402082773125,59.43957098575],[152.50420669039843,58.76871832461719],[153.92443374117968,58.922347627595705],[154.31565383395312,59.983348451570315],[155.73389724215625,60.55536612124805],[157.09798720797656,61.633399568513674],[158.757240470711,61.776473675468125],[161.9248583925694,68.14581896997709],[151.75087498359463,69.71748244463377],[152.31795238609797,70.66907025871122],[146.91512587985156,72.20190008731251],[141.2939710946953,72.78707464785938],[137.62967971285937,71.07541998477345],[132.28361037692187,71.66087683291798],[130.77927688082812,70.678340517],[126.21644118746875,72.38231237979298],[125.71732619723437,73.39780005069142],[120.57851699313281,72.83511694522267],[118.46038344821093,73.51922949405079],[111.76165297946093,73.65779455752735],[105.364780709818,72.74959229884978],[99.91512352077622,71.35814155943672],[92.42822653804119,73.38331782427201],[97.97733841936244,74.36169335293792],[106.86712320943332,76.43314988243023],[103.39330581149218,77.55778845401173],[99.4672346445,75.96692236514454],[90,75.60154303164845],[86.9583235116875,74.78206213565235],[87.69079116305468,73.90001257510548],[80.46401504000781,73.31357916446095],[82.43625930270312,72.05058630557423],[90.66660371857405,72.41388791632032],[92.29610482658107,69.82407964155732],[82.90390351995161,68.53899724116076],[80.83245399067884,65.69831479338546],[83.48799072924575,64.3642654908204],[80.75747535907178,60.14881161815984],[75.50431372471282,59.936536551112646],[75.66408415320137,58.61500359769926],[78.39786864332953,58.58887058703125],[82.53616626600059,57.08035531913417],[79.3007699428214,54.399005245635244],[76.88256430509976,54.37259339979909],[87.09286217134431,49.56098122805075],[80.31638335428576,42.77691134612837],[78.70718966995693,42.52121703677807],[84.47416517596388,36.882204808548515]]]},"properties":{"NAME":null,"SUBJECTO":null,"PARTOF":null}},
{"type":"Feature","geometry":{"type":"Polygon","coordinates":[[[3.039267615601351,42.8691948199401],[4.078196081725341,43.48708685489063],[5.828570398894531,43.020816408113284],[7.397118601409179,43.76409491153125],[6.942603621093017,44.86865194888477],[5.823360340496054,45.39624171880529],[5.325494087615898,46.398046645905666],[5.917782593749759,47.59538922567598],[5.698878313039287,49.391190828942065],[3.820330011313015,50.039445521196306],[1.825507855919507,50.24268837026159],[1.796177011925293,50.92141446442835],[1.274518880454284,50.00430258365039],[0.032870042530281,49.33370550723438],[-1.891543593796509,49.526351533845705],[-1.999109269065851,48.67695685862887],[-2.575529757440609,47.32396831560688],[-1.075199690254944,46.01461752505664],[-1.561407771500367,43.524425111726565],[-1.914577808769959,43.3054157123125],[-0.611982133778351,42.73087652774219],[1.728236340524384,42.501004432498135],[3.039267615601351,42.8691948199401]]]},"properties":{"NAME":"France","SUBJECTO":"France","PARTOF":"France"}},
{"type":"Feature","geometry":{"type":"Polygon","coordinates":[[[-1.914577808769959,43.3054157123125],[-7.636274781616944,43.721412263826174],[-9.270803418549317,43.048690401033205],[-8.806055035980958,41.889178834871096],[-6.708704438599366,41.96004446597461],[-6.933383431824463,38.961349092439455],[-7.491503682526368,37.20815619082813],[-6.632153954895752,37.02175100894336],[-5.660587277802247,36.008006654695315],[-4.446585622223633,36.72201880069141],[-2.238797393234986,36.728396974519534],[-0.918272283467072,37.57034262271289],[0.172570082751495,38.738345704988284],[-0.394848432930726,39.434459291414065],[0.879201922026855,41.0217357501543],[3.128878864852172,41.85722693057422],[3.039267615601351,42.8691948199401],[1.728236340524384,42.501004432498135],[-0.611982133778351,42.73087652774219],[-1.914577808769959,43.3054157123125]]]},"properties":{"NAME":"Spain","SUBJECTO":"Spain","PARTOF":"Spain"}},
{"type":"Feature","geometry":{"type":"Polygon","coordinates":[[[77.99743626561295,16.465319160725013],[78.32174567760443,17.41541742915295],[78.17326478847012,19.01271017525656],[77.38743409986243,18.770916117223425],[77.17392081962738,16.658273812483774],[77.99743626561295,16.465319160725013]]]},"properties":{"NAME":"Bidar","SUBJECTO":"Bidar","PARTOF":"Deccan Sultanates"}},
{"type":"Feature","geometry":{"type":"Polygon","coordinates":[[[77.99743626561295,16.465319160725013],[77.17392081962738,16.658273812483774],[77.38743409986243,18.770916117223425],[75.41238086827632,18.499855690839688],[73.39573464248812,16.6164075182339],[73.40928939303515,16.558538042024416],[73.4942371633562,16.287958595761864],[76.10339571827987,15.966134574159993],[77.92243661540213,16.245599858221798],[77.99743626561295,16.465319160725013]]]},"properties":{"NAME":"Bijapur","SUBJECTO":"Bijapur","PARTOF":"Deccan Sultanates"}},
{"type":"Feature","geometry":{"type":"Polygon","coordinates":[[[78.53339335239603,19.12351896415684],[78.57282758004725,20.438284063905545],[76.09256220492745,21.046963981675567],[76.9282456403432,23.89692302722776],[73.71308028726574,22.945315502172253],[74.27144928500712,21.905666264880928],[73.48528545488139,19.906576034685543],[72.85335067233203,19.244680009797854],[73.18471275460497,17.51732606174848],[73.39573464248812,16.6164075182339],[75.41238086827632,18.499855690839688],[77.38743409986243,18.770916117223425],[78.17326478847012,19.01271017525656],[78.53339335239603,19.12351896415684]]]},"properties":{"NAME":"Ahmadnagar","SUBJECTO":"Ahmadnagar","PARTOF":"Deccan Sultanates"}},
{"type":"Feature","geometry":{"type":"Polygon","coordinates":[[[82.3230553009172,17.004105065534894],[79.9555400983786,17.603736467699896],[79.32813168496313,17.23299513249984],[78.53339335239603,19.12351896415684],[78.17326478847012,19.01271017525656],[78.32174567760443,17.41541742915295],[77.99743626561295,16.465319160725013],[77.92243661540213,16.245599858221798],[80.45975783785937,15.773146234468264],[81.08790114840625,15.826792322114748],[82.3230553009172,17.004105065534894]]]},"properties":{"NAME":"Golkonda","SUBJECTO":"Golkonda","PARTOF":"Deccan Sultanates"}},
{"type":"Feature","geometry":{"type":"Polygon","coordinates":[[[73.39573464248812,16.6164075182339],[73.18471275460497,17.51732606174848],[73.40928939303515,16.558538042024416],[73.39573464248812,16.6164075182339]]]},"properties":{"NAME":"Islamic and Hindu states","SUBJECTO":"Islamic and Hindu states","PARTOF":"Islamic and Hindu states"}},
{"type":"Feature","geometry":{"type":"Polygon","coordinates":[[[104.00476363619921,19.70102270694141],[103.46150341098749,19.049293441162284],[100.435252222625,20.03575285525684],[98.56204132121646,21.115484933091512],[97.89481980471271,20.96024452988348],[98.01566604098437,19.748574815706057],[97.37346938571093,18.44939573855762],[97.70602706393359,18.051280580476565],[98.18432118450437,15.21445736037203],[98.48691848239062,14.372261606172366],[98.40265344005401,13.266404191028473],[98.73837569674609,11.435081087068362],[98.63262465914843,10.100653253511233],[98.1771726938164,8.600222192720217],[99.02450850924609,7.871374689058108],[100.1391096445,6.177317224458498],[100.66430953463671,3.903745017961306],[101.26427749117968,3.225161157563967],[103.33394155595983,3.393729771446281],[103.34182265719531,4.805444799379153],[101.55989364108203,6.739531599000735],[100.61492446383593,6.97892864795093],[100.131541285125,8.53205069156055],[99.07134536227343,9.898278795198244],[99.89526656588671,12.079245172456545],[100.8716307016289,12.67854269595508],[101.91858199557421,12.585492692903323],[102.67077926119921,12.03772410006885],[103.65654406918522,12.846401845542832],[105.01560168467714,13.406013804863036],[107.4802961679375,13.256602846101565],[107.46341231783984,14.996761880830569],[107.10751632174609,16.169568620637698],[106.63819411715625,16.484338365510744],[104.00476363619921,19.70102270694141]]]},"properties":{"NAME":"Ayutthaya","SUBJECTO":"Ayutthaya","PARTOF":"Ayutthaya"}},
{"type":"Feature","geometry":{"type":"Polygon","coordinates":[[[178.175537,-18.241665],[178.170532,-17.342499],[177.510254,-17.509445],[177.333313,-18.119446],[178.175537,-18.241665]]]},"properties":{"NAME":"Tuʻi Tonga Empire","SUBJECTO":"Tuʻi Tonga Empire","PARTOF":"Tuʻi Tonga Empire"}},
{"type":"Feature","geometry":{"type":"Polygon","coordinates":[[[-109.241386,-27.133057],[-109.365837,-27.063335],[-109.42778,-27.201946],[-109.241386,-27.133057]]]},"properties":{"NAME":"Polynesians","SUBJECTO":"Polynesians","PARTOF":"Polynesians"}},
{"type":"Feature","geometry":{"type":"Polygon","coordinates":[[[32.3304352651785,46.15208500578126],[33.63883880099414,45.92677267642383],[33.39549544772265,44.60049017520313],[35.0673208566582,44.86172445865039],[34.906809839812496,46.273021303132815],[37.42214492282031,47.076881013826174],[37.97017196139453,46.44128378482227],[37.47389129122851,44.692359529451174],[39.6334383482084,45.68862870814717],[40.63274541842304,46.68793577836182],[40.50783203464621,47.4374160810228],[37.884650975332775,49.186203453898436],[36.399390447085466,49.03577483535195],[34.16305713851132,47.81064663517557],[33.32531214639842,48.052268657035654],[33.236359422042575,46.95718734355883],[32.3304352651785,46.15208500578126]]]},"properties":{"NAME":"Crimean Khanate","SUBJECTO":"Ottoman Empire","PARTOF":"Ottoman Empire"}},
{"type":"Feature","geometry":{"type":"MultiPolygon","coordinates":[[[[8.020752939788085,33.02027853579883],[8.770583097822628,33.18925043867925],[13.078438899835579,31.825941289075136],[13.877496814073512,31.058845691406717],[13.674568238020067,26.14324713625792],[9.45743516862368,25.184265893032865],[9.670226286804233,24.217677390714584],[15.1447614181766,25.096705374997708],[15.634077778931923,30.51810135736362],[17.581183500626388,30.34273983624285],[18.85865466952491,29.56216240771757],[19.97024852772674,29.723181658957692],[21.19694627054442,31.077466980812986],[22.429432528192088,31.26488872689992],[26.1714823420025,30.315606910930608],[29.425700290466107,22.6637971402189],[30.346361205137764,22.111400591415908],[29.4655447699024,20.76591098126252],[29.4655447699024,19.172919816490214],[30.690922588958024,16.84470196028454],[31.671224844202516,15.864399705040036],[31.426149280391396,13.29110628502324],[31.671224844202516,11.575577338345376],[33.141678227069264,11.575577338345376],[33.999442700408196,13.658719630739924],[33.631829354691504,15.741861923134486],[34.612131609936,18.070079779340162],[33.87690491850263,19.663070944112462],[32.16137597182477,20.643373199356958],[32.661727152233055,20.999554754167328],[35.25054864164662,21.36938639551212],[36.800112757292965,21.914899431184573],[35.74630263766406,22.91434057803516],[35.18986419161914,24.399919115022463],[33.928809198943355,26.56382330508594],[34.05800536593554,27.790313325837893],[34.88559249362109,28.357480607942385],[37.21826842745898,25.166631303743166],[37.201453241912105,24.65831335635547],[38.329417261687496,23.8347183093584],[39.10219481906054,22.40044554324512],[39.16673949679492,21.218801103547854],[39.76407912692187,20.406795106843752],[40.69382003268359,19.86870726199512],[41.62855819186328,18.047204576448244],[42.76366332491992,16.645455919221682],[42.79587844332812,15.470080934480471],[43.84059050997851,12.663913331941409],[44.963572535124996,12.825172029451174],[45.825903925505855,13.405233941987795],[46.87773410632187,13.473871601441703],[46.335271204734354,14.096846193663826],[45.2608118670841,13.828231359251259],[44.508690330728925,14.096846193663826],[43.48795395996116,16.621825637141917],[43.06599035309232,18.65375446750768],[41.922550675010456,20.766511713374978],[41.8124565280542,21.71258711067685],[41.07042045024812,22.262737159805738],[40.64753768674403,24.152835076676563],[38.81405584118259,24.841439570166326],[37.42091199004359,27.834118954094563],[36.593479460352896,29.78728888284727],[36.52476660905813,31.161545908742568],[37.211895122005785,33.56649570405934],[38.03644933754296,34.59718847348081],[40.02912202509114,34.39104991959652],[44.08318025148226,30.33699169320539],[46.90507516233225,29.437615717313662],[47.43863967379687,28.829289995149416],[48.46901696650477,26.69538684529435],[49.39540370586717,26.077795685719416],[49.70419928565464,24.410299554867095],[50.968333277312496,24.436244569734377],[49.93686202487109,25.95578344912891],[50.1217642160332,26.737586580232424],[48.85502150973437,27.52269133181934],[47.91136077365039,29.89029272647266],[49.45236495455859,30.07772596927051],[49.55710308687251,34.255944236249405],[50.4693731329615,36.74823225777081],[50.25221160372851,36.894786439851565],[48.837229761687496,37.51097448916797],[48.824954065886715,38.3095775470293],[49.80730346163867,40.58070334048633],[47.56529525241015,43.007709108308596],[47.49336150607226,43.58319052310352],[47.35008529147265,41.442325197175784],[44.9779653879082,42.771991334871096],[43.95678618868945,42.59115561099414],[42.87842467745898,41.54550512881641],[41.48396209200976,41.436542116121096],[40.36101439913867,40.963443361238284],[38.6511831613457,40.92156942935352],[36.38289550265429,41.23751791568164],[35.957793268767574,41.685645662263674],[33.55554107150195,41.982501588777346],[30.744805368987304,41.04032476992969],[26.127575907317382,39.878558717683596],[26.70794394930957,39.18212851138477],[27.160407099333984,37.36008032412891],[29.002251658049804,36.69479712100391],[29.29818824252246,36.17311819644336],[30.472832712737304,36.18825491519336],[31.37069037875293,36.712344728425784],[33.171336207,35.97088202090625],[34.48512938937304,36.626781068757815],[35.70863250216601,36.21223410220508],[35.87306502780078,34.422286592439455],[34.84289077242968,32.670699678376955],[34.5006590219414,31.621099077180666],[33.55760100802539,30.967715822175784],[32.07651046237109,31.013650499299807],[30.99595550021289,31.468850694612307],[29.248847040740234,30.753661714509768],[23.15333846530078,32.138812623933596],[21.67341903170703,32.815589509919924],[20.365721735564453,32.29824026675586],[20.116768869963867,30.957103334382815],[18.915026697722656,30.204860292390627],[17.421629938689453,30.99598654361133],[15.843325647917968,31.285003267244143],[15.00978663882373,32.363441072419924],[12.564756426421386,32.73963888736133],[10.412600550261718,33.63112600894336],[10.01948073825,34.08147390933399],[11.12510875186084,35.2406078204668],[10.132734331694824,37.104747377351565],[8.636709246245605,36.885257326082034],[5.144465002623779,36.66767843814258],[1.057602915374023,36.461856447175784],[-2.192973938378113,35.05424841494922],[-1.738150325211304,34.60509451480274],[-1.68113121071698,33.257815919832034],[-1.066134393604055,32.450299832737755],[0.873159063104652,31.985887285543306],[6.269234644500006,31.873469044264244],[8.020752939788085,33.02027853579883]]],[[[38.527468714324215,18.161315523103518],[37.39818480929492,18.91500052066211],[37.165026901801795,20.764269181727983],[35.96004721089719,19.417995380301335],[36.45019833851943,18.070079779340162],[37.43050059376394,17.70246643362347],[38.527468714324215,18.161315523103518]]]]},"properties":{"NAME":"Ottoman Empire","SUBJECTO":"Ottoman Empire","PARTOF":"Ottoman Empire"}}
]}