{"type":"FeatureCollection", "features": [
{"type":"Feature","geometry":{"type":"MultiPolygon","coordinates":[[[[120.36362746666218,14.530945383269213],[121.00936416099812,13.655685030180834],[121.7287931771114,14.108259760100267],[121.24220565269734,15.30783327694597],[122.39557937095906,17.114329897124193],[122.02781203697468,18.00917204495134],[121.03637221763874,18.527911745268725],[120.3930769295528,18.04379232998552],[120.30344680259968,16.41746290798845],[119.77184585045124,15.469834886748217],[120.36362746666218,14.530945383269213]]],[[[121.87300399254109,10.468407236296557],[122.89682296226765,11.150391184050463],[121.99363997886921,11.758330904204271],[121.87300399254109,10.468407236296557]]],[[[122.94163039634968,9.047589861113451],[123.31205275963093,10.738339983183764],[122.92015365074421,10.851844392973803],[122.39562514732624,9.478434168059252],[122.94163039634968,9.047589861113451]]],[[[126.04523757408406,6.608192526060961],[126.27187636802937,8.425783716399096],[125.93394759605671,9.174750887114428],[123.46498397300984,7.790728651244066],[124.22405532310749,6.089605890471361],[125.07284835289265,5.722916685301684],[125.28043654869343,6.593827806670092],[126.04523757408406,6.608192526060961]]]]},"properties":{"NAME":null,"SUBJECTO":null,"PARTOF":null}},
{"type":"Feature","geometry":{"type":"MultiPolygon","coordinates":[[[[175.30768874595904,-37.32097665194807],[174.21686843345904,-35.336765683930494],[173.16649917076373,-35.420879758637525],[174.7646589608028,-37.296543515961744],[174.65473464439654,-38.983257688325025],[173.80480483482623,-39.41970483187971],[175.35358718345904,-40.29998055819807],[176.0114393563106,-41.255344785492994],[177.15656569908404,-39.854221738617994],[177.02379897545123,-39.445198453705885],[178.40819838951373,-38.771152890961744],[177.52839187095904,-38.20421639804182],[175.30768874595904,-37.32097665194807]]],[[[172.06266311119342,-43.92314187411604],[174.23354628990435,-42.01123467807112],[173.26403335045123,-41.543674863617994],[171.45835402916217,-41.99285165194807],[171.0240583748653,-42.886883176606275],[168.4157362313106,-44.2209095132762],[167.13749221275592,-45.19984856967268],[166.52276137779498,-46.23272363070784],[169.3993025154903,-46.70957223300276],[170.61156753013873,-45.946060575287916],[171.37786391685748,-44.337749875825025],[172.06266311119342,-43.92314187411604]]]]},"properties":{"NAME":null,"SUBJECTO":null,"PARTOF":null}},
{"type":"Feature","geometry":{"type":"Polygon","coordinates":[[[-24.2188501029179,65.5337406026906],[-21.95479675819134,65.37804754849138],[-22.372910466687433,63.773185335356615],[-18.64186379005169,63.323817812163256],[-14.821200337903253,64.19502600308122],[-13.646900144116632,65.49534186001482],[-16.922141042248956,65.97755011196794],[-21.24248978187298,65.88181646938982],[-24.2188501029179,65.5337406026906]]]},"properties":{"NAME":null,"SUBJECTO":null,"PARTOF":null}},
{"type":"Feature","geometry":{"type":"MultiPolygon","coordinates":[[[[-39.69494684817376,65.18696970170159],[-35.97189804603313,65.84693487759294],[-34.433060613171804,66.38395269985857],[-32.9560212760136,67.64102514858904],[-26.963623967663995,68.50170477505388],[-22.732329335705987,69.7740741598195],[-24.584732976453058,70.3040271627492],[-27.474936452405206,70.20676001187029],[-27.606051412122003,71.06815680142107],[-25.291254964368097,71.5688968526906],[-23.753737416760675,70.58956488247576],[-21.72596260596966,71.4045902120656],[-25.07295509864544,72.6344486105031],[-24.07642075111126,73.75567206021013],[-20.329588857190362,73.41964300747576],[-19.19354721595501,75.44353827114763],[-21.18268295814251,76.69747503872576],[-18.25337502052044,77.30013617153826],[-20.77668282081341,77.96861609097185],[-20.87882896949505,78.8179202901906],[-14.201948133008234,81.2101322042531],[-22.05288025428509,81.53975256558122],[-25.45720383216595,82.22100409146013],[-22.432360616223566,82.74334295864763],[-32.513173070447195,83.57699926968279],[-49.64758774329876,82.47806128140154],[-61.1224145560429,81.79757269497576],[-62.81141255638844,81.15595684596342],[-63.35819002201287,78.2356337190557],[-62.44868119723538,76.33836403843989],[-58.635662999646414,75.7932620870656],[-54.73041245033001,73.03760107632341],[-55.62637039710735,71.73035009976091],[-51.72012421180462,71.58955725308122],[-50.572628942029226,69.86625250454607],[-50.53911897259658,67.48805571153352],[-49.472532842377866,67.03273287353856],[-49.06240794677684,64.7863184095137],[-47.65626544757329,62.79478134157128],[-46.13294440676946,61.75918500066533],[-46.15809589644378,60.937403792612976],[-43.578778234021414,59.935687624174975],[-44.25808774116473,61.869878095613615],[-43.84796284556369,64.20612586086018],[-42.793355971161034,65.40311483729091],[-39.69494684817376,65.18696970170159]]],[[[-50.53911897259658,67.48805571153352],[-50.93936249305462,67.52581366177263],[-50.53911897259659,67.48805571153352],[-50.53911897259658,67.48805571153352]]]]},"properties":{"NAME":null,"SUBJECTO":null,"PARTOF":null}},
{"type":"Feature","geometry":{"type":"MultiPolygon","coordinates":[[[[-73.11150833656048,-72.7494625223094],[-70.0207185416386,-72.6721920144969],[-68.39805313636516,-71.12679711703596],[-70.3298005728886,-68.96324578646956],[-71.79792496253704,-69.73594323520003],[-72.10699936439251,-71.04952660922346],[-75.27505966712688,-71.66768304232893],[-73.11150833656048,-72.7494625223094]]],[[[-102.55128189613079,-72.13130608920393],[-97.14239975501751,-72.6721920144969],[-97.21967026283001,-71.82222405795393],[-101.16042801429485,-71.82222405795393],[-102.55128189613079,-72.13130608920393]]],[[[-55.18492981483196,-80.94006005648909],[-44.83078476478313,-80.32190362338362],[-44.2126245169804,-78.39015618686018],[-48.84880920936321,-78.08107415561018],[-55.18492981483196,-80.94006005648909]]],[[[169.76938918541217,-83.41788903598128],[162.0152235359981,-81.6598629129344],[159.3153944344356,-80.02740899447737],[160.68561843345904,-79.1138195169383],[163.64298537681842,-78.66061059359846],[162.34563735435748,-75.1068843973094],[164.6162214608028,-74.17193261508284],[168.97468093345904,-73.2389415872508],[170.72912124107623,-71.90427819613753],[167.63463881920123,-70.86511651400862],[160.59853652427935,-70.22093621615706],[157.30686477134967,-69.15642968539534],[151.09345534752154,-68.88582269076643],[150.89347365806842,-68.53827325228987],[146.8754530281856,-67.99737969760237],[145.5856581063106,-67.2234844339305],[141.15749648521685,-66.72243157748518],[134.20519545982623,-66.18008843783674],[130.2721052498653,-66.25291863803206],[129.00962356041217,-67.02982751254378],[122.45820907066609,-66.64516106967268],[118.28564742515827,-67.0701412332469],[113.01485732506062,-65.76308099154768],[110.60744002769734,-66.05907861117659],[109.40372756431843,-66.71026269320784],[102.63083938072468,-65.92616692904768],[99.65426162193562,-66.54946557406721],[95.72288039634968,-66.52925530795393],[90,-66.60652581576643],[85.52327254722859,-66.9156002176219],[81.81432631920124,-67.3019527566844],[78.2599211067989,-68.38373223666487],[76.86905959556843,-69.3109630716258],[72.54195693443562,-70.23820153598128],[70.30113509605671,-72.01540795687971],[67.36488631675984,-71.70632592562971],[67.51269057701374,-70.46442071322737],[68.95107558677937,-69.88906518344221],[69.77301314781452,-68.63561669711409],[69.37389663170124,-67.84283868197737],[62.805972132189524,-67.61102715853987],[56.62694838951374,-66.94232598666487],[55.14159301231648,-65.96285668734846],[52.45182326744343,-65.98836175326643],[48.96721557091023,-66.97347680453596],[47.30508330772663,-67.77486077670393],[44.79703811119343,-67.74518243197737],[39.64714339683796,-68.93355981234846],[38.332049402697336,-70.02947656039534],[36.07759765098835,-69.5911144388133],[33.54134276817585,-68.5421642435008],[32.74804213951374,-69.34959832553206],[23.707478556139716,-70.58591882113753],[17.6031713814571,-70.08366052035628],[12.657907518847235,-70.31547204379378],[10.339816126330145,-70.70181695346174],[8.48534110496784,-70.08366052035628],[0.681093785269507,-71.31997338656721],[-4.882327046887628,-71.28133813266096],[-7.200421777264825,-70.894993222993],[-11.141175237195245,-71.59042016391096],[-11.828483548657648,-72.32257501010237],[-16.39551827003216,-73.44488946322737],[-14.450941052930109,-74.0646480691844],[-17.168211904065362,-74.7584728372508],[-18.4045304923222,-75.68571130160628],[-23.581604924695245,-75.91752282504378],[-33.1630525260136,-77.38564721469221],[-36.40837952186321,-79.16285363559065],[-29.567681279675714,-79.2243160379344],[-28.91321846534466,-80.47643700961409],[-38.031048741833914,-80.94006005648909],[-43.82627960731243,-81.79002801303206],[-60.20745941688274,-82.33091393832503],[-74.88871475745891,-80.70824853305159],[-76.58865067054485,-79.39465752963362],[-80.76121231605266,-78.23561517123518],[-80.68677231361126,-77.56649438266096],[-74.50236984779094,-78.08107415561018],[-78.59766098548626,-76.61294976596174],[-70.56160446693157,-76.69022027377424],[-64.45729538490032,-75.68571130160628],[-61.366505589978445,-73.90851251010237],[-60.825619664685476,-72.7494625223094],[-61.675587621228445,-70.8177227151805],[-63.83913895179485,-68.65416375521956],[-65.15272995521282,-68.49962273959456],[-65.38453384925579,-67.34058038119612],[-61.134694066540945,-64.86795464877424],[-57.27121063758587,-63.708904660981275],[-58.121178594128835,-63.399822629731275],[-62.91190430213665,-64.71340600375471],[-66.85265823890423,-66.79969445590315],[-67.7026261954472,-66.87696496371565],[-67.08446976234173,-68.65416375521956],[-68.78439804603313,-69.81321374301253],[-67.08446976234173,-71.82222405795393],[-67.6253556876347,-72.7494625223094],[-75.58414169837688,-73.75397149447737],[-81.76572128822063,-74.02441064242659],[-88.56545731116985,-73.25171319369612],[-99.7881974845097,-72.99776116732893],[-101.8801164298222,-74.09877435092268],[-100.04510208656048,-75.30987969760237],[-105.6420793204472,-75.0675548685008],[-110.55704971839641,-75.30289117221174],[-113.23789688636516,-74.32137719516096],[-128.97754379798627,-74.9130138528758],[-134.77277084876752,-74.64256707553206],[-140.56799789954877,-75.26072350863753],[-146.67230698158002,-76.1106914651805],[-146.1458635001347,-77.45652428988753],[-149.9949082999394,-77.73335687045393],[-154.1674699454472,-77.11520043734846],[-158.18549057533002,-77.81062737826643],[-154.5538224845097,-79.1242183816844],[-148.60405441810346,-79.66510430697737],[-145.66779038001752,-80.51507226352034],[-148.83586594154096,-81.3650402200633],[-154.4765519766972,-81.0559581888133],[-152.08118149329877,-82.60135308627424],[-153.30974289466596,-83.94192925814924],[-148.7585801749394,-85.07398644809065],[-156.56282517005658,-85.46033135775862],[-167.2260636954472,-84.76490441684065],[-178.4301652579472,-84.45583001498518],[-180,-84.3223156106883],[-180,-85.3223156106883],[-180,-86.3223156106883],[-180,-87.3223156106883],[-180,-88.3223156106883],[-180,-89.3223156106883],[-180,-90],[-179.20366379310346,-90],[-178.20366379310346,-90],[-177.20366379310346,-90],[-176.20366379310346,-90],[-175.20366379310346,-90],[-174.20366379310346,-90],[-173.20366379310346,-90],[-172.20366379310346,-90],[-171.20366379310346,-90],[-170.20366379310346,-90],[-169.20366379310346,-90],[-168.20366379310346,-90],[-167.20366379310346,-90],[-166.20366379310346,-90],[-165.20366379310346,-90],[-164.20366379310346,-90],[-163.20366379310346,-90],[-162.20366379310346,-90],[-161.20366379310346,-90],[-160.20366379310346,-90],[-159.20366379310346,-90],[-158.20366379310346,-90],[-157.20366379310346,-90],[-156.20366379310346,-90],[-155.20366379310346,-90],[-154.20366379310346,-90],[-153.20366379310346,-90],[-152.20366379310346,-90],[-151.20366379310346,-90],[-150.20366379310346,-90],[-149.20366379310346,-90],[-148.20366379310346,-90],[-147.20366379310346,-90],[-146.20366379310346,-90],[-145.20366379310346,-90],[-144.20366379310346,-90],[-143.20366379310346,-90],[-142.20366379310346,-90],[-141.20366379310346,-90],[-140.20366379310346,-90],[-139.20366379310346,-90],[-138.20366379310346,-90],[-137.20366379310346,-90],[-136.20366379310346,-90],[-135.20366379310346,-90],[-134.20366379310346,-90],[-133.20366379310346,-90],[-132.20366379310346,-90],[-131.20366379310346,-90],[-130.20366379310346,-90],[-129.20366379310346,-90],[-128.20366379310346,-90],[-127.20366379310344,-90],[-126.20366379310344,-90],[-125.20366379310344,-90],[-124.20366379310344,-90],[-123.20366379310344,-90],[-122.20366379310344,-90],[-121.20366379310344,-90],[-120.20366379310344,-90],[-119.20366379310344,-90],[-118.20366379310344,-90],[-117.20366379310344,-90],[-116.20366379310344,-90],[-115.20366379310344,-90],[-114.20366379310344,-90],[-113.20366379310344,-90],[-112.20366379310344,-90],[-111.20366379310344,-90],[-110.20366379310344,-90],[-109.20366379310344,-90],[-108.20366379310344,-90],[-107.20366379310344,-90],[-106.20366379310344,-90],[-105.20366379310344,-90],[-104.20366379310344,-90],[-103.20366379310344,-90],[-102.20366379310344,-90],[-101.20366379310344,-90],[-100.20366379310344,-90],[-99.20366379310344,-90],[-98.20366379310344,-90],[-97.20366379310344,-90],[-96.20366379310344,-90],[-95.20366379310344,-90],[-94.20366379310344,-90],[-93.20366379310344,-90],[-92.20366379310344,-90],[-91.20366379310344,-90],[-90,-90],[-89.20366379310344,-90],[-88.20366379310344,-90],[-87.20366379310344,-90],[-86.20366379310344,-90],[-85.20366379310344,-90],[-84.20366379310344,-90],[-83.20366379310344,-90],[-82.20366379310344,-90],[-81.20366379310344,-90],[-80.20366379310344,-90],[-79.20366379310344,-90],[-78.20366379310344,-90],[-77.20366379310344,-90],[-76.20366379310344,-90],[-75.20366379310344,-90],[-74.20366379310344,-90],[-73.20366379310344,-90],[-72.20366379310344,-90],[-71.20366379310344,-90],[-70.20366379310344,-90],[-69.20366379310344,-90],[-68.20366379310344,-90],[-67.20366379310344,-90],[-66.20366379310344,-90],[-65.20366379310344,-90],[-64.20366379310344,-90],[-63.203663793103445,-90],[-62.203663793103445,-90],[-61.203663793103445,-90],[-60.203663793103445,-90],[-59.203663793103445,-90],[-58.203663793103445,-90],[-57.203663793103445,-90],[-56.203663793103445,-90],[-55.203663793103445,-90],[-54.203663793103445,-90],[-53.203663793103445,-90],[-52.203663793103445,-90],[-51.203663793103445,-90],[-50.203663793103445,-90],[-49.203663793103445,-90],[-48.203663793103445,-90],[-47.203663793103445,-90],[-46.203663793103445,-90],[-45.203663793103445,-90],[-44.203663793103445,-90],[-43.203663793103445,-90],[-42.203663793103445,-90],[-41.203663793103445,-90],[-40.203663793103445,-90],[-39.203663793103445,-90],[-38.203663793103445,-90],[-37.203663793103445,-90],[-36.203663793103445,-90],[-35.203663793103445,-90],[-34.203663793103445,-90],[-33.203663793103445,-90],[-32.203663793103445,-90],[-31.20366379310345,-90],[-30.20366379310345,-90],[-29.20366379310345,-90],[-28.20366379310345,-90],[-27.20366379310345,-90],[-26.20366379310345,-90],[-25.20366379310345,-90],[-24.20366379310345,-90],[-23.20366379310345,-90],[-22.20366379310345,-90],[-21.20366379310345,-90],[-20.20366379310345,-90],[-19.20366379310345,-90],[-18.20366379310345,-90],[-17.20366379310345,-90],[-16.20366379310345,-90],[-15.203663793103448,-90],[-14.203663793103448,-90],[-13.203663793103448,-90],[-12.203663793103448,-90],[-11.203663793103448,-90],[-10.203663793103448,-90],[-9.203663793103448,-90],[-8.203663793103448,-90],[-7.203663793103448,-90],[-6.203663793103448,-90],[-5.203663793103448,-90],[-4.203663793103448,-90],[-3.203663793103448,-90],[-2.203663793103448,-90],[-1.203663793103448,-90],[-0.203663793103448,-90],[0.778056177599677,-90],[1.778056177599677,-90],[2.778056177599677,-90],[3.778056177599677,-90],[4.778056177599677,-90],[5.778056177599677,-90],[6.778056177599677,-90],[7.778056177599677,-90],[8.778056177599677,-90],[9.778056177599677,-90],[10.778056177599677,-90],[11.778056177599677,-90],[12.778056177599677,-90],[13.778056177599677,-90],[14.778056177599677,-90],[15.778056177599677,-90],[16.778056177599677,-90],[17.778056177599677,-90],[18.778056177599677,-90],[19.778056177599677,-90],[20.778056177599677,-90],[21.778056177599677,-90],[22.778056177599677,-90],[23.778056177599677,-90],[24.778056177599677,-90],[25.778056177599677,-90],[26.778056177599677,-90],[27.778056177599677,-90],[28.778056177599677,-90],[29.778056177599677,-90],[30.778056177599677,-90],[31.778056177599677,-90],[32.77805617759968,-90],[33.77805617759968,-90],[34.77805617759968,-90],[35.77805617759968,-90],[36.77805617759968,-90],[37.77805617759968,-90],[38.77805617759968,-90],[39.77805617759968,-90],[40.77805617759968,-90],[41.77805617759968,-90],[42.77805617759968,-90],[43.77805617759968,-90],[44.77805617759968,-90],[45.77805617759968,-90],[46.77805617759968,-90],[47.77805617759968,-90],[48.77805617759968,-90],[49.77805617759968,-90],[50.77805617759968,-90],[51.77805617759968,-90],[52.77805617759968,-90],[53.77805617759968,-90],[54.77805617759968,-90],[55.77805617759968,-90],[56.77805617759968,-90],[57.77805617759968,-90],[58.77805617759968,-90],[59.77805617759968,-90],[60.77805617759968,-90],[61.77805617759968,-90],[62.77805617759968,-90],[63.77805617759968,-90],[64.77805617759968,-90],[65.77805617759968,-90],[66.77805617759968,-90],[67.77805617759968,-90],[68.77805617759968,-90],[69.77805617759968,-90],[70.77805617759968,-90],[71.77805617759968,-90],[72.77805617759968,-90],[73.77805617759968,-90],[74.77805617759968,-90],[75.77805617759968,-90],[76.77805617759968,-90],[77.77805617759968,-90],[78.77805617759968,-90],[79.77805617759968,-90],[80.77805617759968,-90],[81.77805617759968,-90],[82.77805617759968,-90],[83.77805617759968,-90],[84.77805617759968,-90],[85.77805617759968,-90],[86.77805617759968,-90],[87.77805617759968,-90],[88.77805617759968,-90],[89.77805617759968,-90],[89.79633620689656,-90],[90,-90],[91.77805617759968,-90],[92.77805617759968,-90],[93.77805617759968,-90],[94.77805617759968,-90],[95.77805617759968,-90],[96.77805617759968,-90],[97.77805617759968,-90],[98.77805617759968,-90],[99.77805617759968,-90],[100.77805617759968,-90],[101.77805617759968,-90],[102.77805617759968,-90],[103.77805617759968,-90],[104.77805617759968,-90],[105.77805617759968,-90],[106.77805617759968,-90],[107.77805617759968,-90],[108.77805617759968,-90],[109.77805617759968,-90],[110.77805617759968,-90],[111.77805617759968,-90],[112.77805617759968,-90],[113.77805617759968,-90],[114.77805617759968,-90],[115.77805617759968,-90],[116.77805617759968,-90],[117.77805617759968,-90],[118.77805617759968,-90],[119.77805617759968,-90],[120.77805617759968,-90],[121.77805617759968,-90],[122.77805617759968,-90],[123.77805617759968,-90],[124.77805617759968,-90],[125.77805617759968,-90],[126.77805617759968,-90],[127.77805617759968,-90],[128.77805617759967,-90],[129.77805617759967,-90],[130.77805617759967,-90],[131.77805617759967,-90],[132.77805617759967,-90],[133.77805617759967,-90],[134.77805617759967,-90],[135.77805617759967,-90],[136.77805617759967,-90],[137.77805617759967,-90],[138.77805617759967,-90],[139.77805617759967,-90],[140.77805617759967,-90],[141.77805617759967,-90],[142.77805617759967,-90],[143.77805617759967,-90],[144.77805617759967,-90],[145.77805617759967,-90],[146.77805617759967,-90],[147.77805617759967,-90],[148.77805617759967,-90],[149.77805617759967,-90],[150.77805617759967,-90],[151.77805617759967,-90],[152.77805617759967,-90],[153.77805617759967,-90],[154.77805617759967,-90],[155.77805617759967,-90],[156.77805617759967,-90],[157.77805617759967,-90],[158.77805617759967,-90],[159.77805617759967,-90],[160.77805617759967,-90],[161.77805617759967,-90],[162.77805617759967,-90],[163.77805617759967,-90],[164.77805617759967,-90],[165.77805617759967,-90],[166.77805617759967,-90],[167.77805617759967,-90],[168.77805617759967,-90],[169.77805617759967,-90],[170.77805617759967,-90],[171.77805617759967,-90],[172.77805617759967,-90],[173.77805617759967,-90],[174.77805617759967,-90],[175.77805617759967,-90],[176.77805617759967,-90],[177.77805617759967,-90],[178.77805617759967,-90],[180,-90],[180,-89.31921807650862],[180,-88.31921807650862],[180,-87.31921807650862],[180,-86.31921807650862],[180,-85.31921807650862],[180,-84.34037438754378],[169.76938918541217,-83.41788903598128]]]]},"properties":{"NAME":null,"SUBJECTO":null,"PARTOF":null}},
{"type":"Feature","geometry":{"type":"Polygon","coordinates":[[[106.92988223329209,11.842432690832473],[106.77315810631062,10.63917215939226],[107.41204360435749,10.3673587667531],[109.07335189293171,11.635222040373705],[109.30712417076374,12.906332575041674],[108.78612044761921,15.090558611113451],[108.23614791343952,16.080380998808764],[107.37534490539612,16.691467982144694],[106.45149726589356,16.187961290965557],[107.26888031012744,15.118606102001719],[107.63615987692162,13.743727538323313],[107.54340928837702,12.259718121609618],[106.92988223329209,11.842432690832473]]]},"properties":{"NAME":"Champa","SUBJECTO":"Champa","PARTOF":"Champa"}},
{"type":"Feature","geometry":{"type":"MultiPolygon","coordinates":[[[[140.86977675865435,-2.794752515595533],[137.85431960533404,-1.613961375992872],[136.2708845467403,-2.418122447770216],[135.24643996666217,-3.538871921341993],[134.28306106041217,-2.854586995881178],[133.9073133797481,-1.006078935902693],[132.25400832603717,-0.52669767264662],[131.21142104576373,-1.024637974541761],[132.7187147469356,-2.934237636368849],[132.71282485435748,-3.887547172349073],[134.04062941978717,-3.948230661194899],[137.38517287681842,-5.123125947754957],[137.82358840416217,-5.427235997956373],[139.1561384529903,-7.725116647523024],[140.94761184166217,-9.273864187043287],[142.60740188072467,-9.376576818268873],[143.43680861900592,-8.357819951813795],[144.37983230064654,-7.758321679871656],[145.81963637779498,-8.098442472260572],[146.64609816978717,-9.278875745576002],[147.8736219734981,-10.178817189972975],[149.78336623619342,-10.40988961581526],[149.82990554283404,-9.710580266755201],[148.5887098641231,-9.160280622284986],[147.37603286216998,-7.796340860169508],[146.9091444344356,-6.894825376313307],[147.37649062584185,-6.124768174927809],[145.59342482994342,-5.423136152070143],[145.72822097252154,-4.99702922229109],[143.44550612877154,-3.610096133988478],[140.86977675865435,-2.794752515595533]]],[[[149.5541639656856,-6.406063951294996],[151.05570510338092,-6.015118516724684],[152.0586805672481,-5.498135484498121],[151.58762649009967,-4.901724733155348],[149.5541639656856,-6.406063951294996]]],[[[123.49192336509968,-10.352161802094557],[125.21153548668171,-9.395053304474928],[125.07982161949421,-8.772467054169752],[123.66542342613484,-9.747970022004225],[123.49192336509968,-10.352161802094557]]],[[[120.43191054771687,0.636000238615892],[119.91373732994343,0.539560459811113],[118.6836042733028,-2.901070750992872],[119.46113112877156,-3.808197892945387],[119.4768400521114,-5.80376807574568],[120.24806502769734,-5.586007512848951],[120.14419082115437,-3.075864232819654],[121.87277511070515,-4.959664739411451],[122.64091018150593,-4.284319795411207],[122.25816634605671,-3.211096681397535],[121.26491073082234,-2.101103462021925],[122.22288802574421,-1.654172099869825],[121.46113112877156,-0.988569356244184],[120.50657180259968,-1.448180831711866],[119.87274459312702,-0.464555866759397],[120.43191054771687,0.636000238615892]]]]},"properties":{"NAME":null,"SUBJECTO":null,"PARTOF":null}},
{"type":"Feature","geometry":{"type":"Polygon","coordinates":[[[13.252219233019598,79.8007312643117],[11.760330233080634,78.88018377896013],[15.098876032336005,77.11526831265154],[17.266999277575263,76.81286200161638],[19.115822824938544,78.45454748745622],[20.908095392687567,78.80939062710466],[17.83405402611042,79.80945166226091],[13.252219233019598,79.8007312643117]]]},"properties":{"NAME":null,"SUBJECTO":null,"PARTOF":null}},
{"type":"Feature","geometry":{"type":"Polygon","coordinates":[[[-71.61186691810344,-17.22145501498518],[-70.58412643958782,-18.083280957978346],[-70.20851608802532,-19.06719819430647],[-70.11063095618938,-21.74793664340315],[-70.57323929359173,-23.165594495576002],[-70.39814468909954,-25.24891320590315],[-68.19179403160726,-25.492041488175367],[-67.95249314419908,-24.64514848985133],[-67.82483020416323,-22.474878509241908],[-67.35618174619,-19.194339303429263],[-67.23759007893341,-18.364197632633108],[-67.94227822920921,-15.427997006483967],[-69.0098021391983,-14.185672371570455],[-69.874468975216,-14.37714703700483],[-71.61186691810344,-17.22145501498518]]]},"properties":{"NAME":"Tiahuanaco Empire","SUBJECTO":"Tiahuanaco Empire","PARTOF":"Tiahuanaco Empire"}},
{"type":"Feature","geometry":{"type":"Polygon","coordinates":[[[80.5628996224239,5.931666456419848],[81.20268538902546,6.079191290099047],[81.86616805504109,7.08456143017473],[80.66241744468952,9.299456201750658],[79.67463210533406,8.80493029232683],[79.85409072349812,7.061153494078539],[80.5628996224239,5.931666456419848]]]},"properties":{"NAME":"Simhala","SUBJECTO":"Simhala","PARTOF":"Simhala"}},
{"type":"Feature","geometry":{"type":"Polygon","coordinates":[[[-100.49357439234822,20.899943654742394],[-101.0087803932503,20.277238962171722],[-100.75496856910725,19.588321153783404],[-99.14153364950319,18.923884107507348],[-98.48284713375817,19.802132795167363],[-99.10686593814819,20.58628340914953],[-100.49357439234822,20.899943654742394]]]},"properties":{"NAME":"Teotihuacàn","SUBJECTO":"Teotihuacàn","PARTOF":"Teotihuacàn"}},
{"type":"Feature","geometry":{"type":"Polygon","coordinates":[[[-96.20592381197541,17.88608189238678],[-98.58685026782317,17.987855900922327],[-99.21086907221319,17.71051421008232],[-99.01583000809292,16.823658789314106],[-96.43745216381312,16.219802621817283],[-95.50142395722808,16.53181202401229],[-95.43208853451809,17.433172519242312],[-96.18788807099754,17.879781336252893],[-96.20592381197541,17.88608189238678]]]},"properties":{"NAME":"Monte Alb?n","SUBJECTO":"Monte Alb?n","PARTOF":"Monte Alb?n"}},
{"type":"Feature","geometry":{"type":"Polygon","coordinates":[[[-87.57061478187298,15.908048235136889],[-88.66434189368938,15.725766740996264],[-88.30037399818157,17.635434709746264],[-87.87709518958782,18.380864702422045],[-87.65071579505657,20.18991049404802],[-86.93589493324016,20.976399980742357],[-87.20057388831829,21.528873048979662],[-88.33372208167766,21.59004171963396],[-90,21.160729967314623],[-90,19.38150557156267],[-92.93793796133433,18.586177051054726],[-93.14401958508803,16.9824922716273],[-93.58785745357416,15.741059799706633],[-91.2420320182011,13.951556764799975],[-90,13.752979928891033],[-88.24292813890945,14.835837236778428],[-87.57061478187298,15.908048235136889]]]},"properties":{"NAME":"Maya states","SUBJECTO":"Maya states","PARTOF":"Maya states"}},
{"type":"Feature","geometry":{"type":"MultiPolygon","coordinates":[[[[-155.77216049720502,20.212861620146654],[-156.0341691641972,19.10568770046892],[-154.94768234779096,19.48286589260759],[-155.77216049720502,20.212861620146654]]],[[[-93.14401958508803,16.9824922716273],[-93.94232287282394,17.095321767845697],[-96.18788807099754,17.879781336252893],[-95.43208853451809,17.433172519242312],[-95.50142395722808,16.53181202401229],[-96.43745216381312,16.219802621817283],[-99.01583000809292,16.823658789314106],[-99.21086907221319,17.71051421008232],[-98.58685026782317,17.987855900922327],[-96.20592381197541,17.88608189238678],[-97.23480952497813,18.23052988040733],[-98.44817942240316,19.79057689138237],[-98.51751484511317,20.934611366097396],[-97.52655310700122,21.25448451827604],[-97.88202377845501,22.33262213345232],[-97.82193741595154,24.14289165269257],[-100.35731453230613,23.969822801072763],[-104.22420640511586,25.115656057798073],[-107.5637948407243,27.76457612510461],[-109.93666030813027,28.204353485407555],[-110.60444351722454,27.856137834746264],[-110.38207718421673,27.214393221098803],[-109.13188644935344,26.288686357695482],[-108.01261612464641,24.981280885893725],[-105.53994461585735,22.284598909575365],[-104.94791122962688,19.437839113432787],[-103.49393936683391,18.353892885405443],[-101.99260422279094,18.02653082485857],[-101.22077652503704,17.41792257900896],[-98.85616013099407,16.596610628325365],[-97.88092514564251,16.052028261382006],[-96.33293625404094,15.750238977629564],[-95.13016983558391,16.29946859951677],[-93.58785745357416,15.741059799706633],[-93.14401958508803,16.9824922716273]],[[-100.49357439234822,20.899943654742394],[-99.10686593814819,20.58628340914953],[-98.48284713375817,19.802132795167363],[-99.14153364950319,18.923884107507348],[-100.75496856910725,19.588321153783404],[-101.0087803932503,20.277238962171722],[-100.49357439234822,20.899943654742394]]],[[[-119.78493210365032,34.45920523281755],[-120.13217009553428,34.518639095266465],[-120.20444199134563,34.53100927944841],[-119.78493210365032,34.45920523281755]]],[[[-97.11536881019329,28.10694845791521],[-97.20648541578431,28.073580382344584],[-97.44714829017376,27.985446535307787],[-97.11536881019329,28.10694845791521]]],[[[-104.62044428584238,71.09253252294585],[-105.31259628822063,72.65014227505388],[-108.9863176016972,72.73019751187029],[-111.72553726722454,72.33058508511247],[-114.64695450355266,73.3548847066945],[-117.21970840980266,72.85729559536638],[-110.34678520373127,71.19655506982303],[-104.62044428584238,71.09253252294585]]],[[[-123.49339005042766,74.44630011196794],[-117.685761580263,73.21545873829851],[-117.33621689368938,74.16727789517107],[-123.49339005042766,74.44630011196794]]],[[[-114.1376847891972,76.38546331997576],[-115.18592545081829,75.1543460714406],[-112.20279404212688,74.49975927944841],[-109.07034012366985,75.13287695522966],[-105.77345749427532,75.23006781216326],[-105.9172029166386,76.02183874722185],[-111.38564011146282,75.65990790005388],[-114.1376847891972,76.38546331997576]]],[[[-102.14959427406048,75.64403875942888],[-98.00159164954876,75.16206701870622],[-97.81654068519329,76.47571142788591],[-101.88489243079876,76.3326679098195],[-102.14959427406048,75.64403875942888]]],[[[-75.92493912269329,82.51744421597185],[-78.69849106361126,83.00252112026872],[-90,82.01732977505388],[-82.7907380728886,80.69738348599138],[-78.32092758704876,80.965358339507],[-75.92493912269329,82.51744421597185]]],[[[-87.82733627845501,80.37283667202654],[-91.01617905189251,80.74964483853044],[-96.43336960365032,79.9334216939992],[-92.70153519202923,78.43416937466326],[-87.78725906898235,78.72545202847185],[-87.82733627845501,80.37283667202654]]]]},"properties":{"NAME":null,"SUBJECTO":null,"PARTOF":null}},
{"type":"Feature","geometry":{"type":"Polygon","coordinates":[[[-79.48595695042772,-7.617649058877557],[-79.0597204383314,-5.969149322708429],[-79.65425898507374,-5.723311691284762],[-80.66836129157386,-6.347182308191553],[-79.48595695042772,-7.617649058877557]]]},"properties":{"NAME":"Moche","SUBJECTO":"Moche","PARTOF":"Moche"}},
{"type":"Feature","geometry":{"type":"MultiPolygon","coordinates":[[[[-58.13945099403118,48.59906729336443],[-59.31852051307415,47.96325262661638],[-56.803692784802664,47.61597784634294],[-56.0789460807011,47.865218721587084],[-52.72859665443157,47.45452459927263],[-54.12957855750774,48.83571585293474],[-56.66153427650188,50.05606039639177],[-57.35559937049602,50.59522970791521],[-58.392044988171804,49.03675421353044],[-58.13945099403118,48.59906729336443]]],[[[-60.81411835242962,45.644427858549975],[-59.997216191785085,45.853622041899584],[-60.259755101697195,46.938312135893725],[-61.38057419349407,46.33138998623552],[-60.81411835242962,45.644427858549975]]]]},"properties":{"NAME":null,"SUBJECTO":null,"PARTOF":null}},
{"type":"Feature","geometry":{"type":"Polygon","coordinates":[[[-96.18788807099754,17.879781336252893],[-93.94232287282394,17.095321767845697],[-93.14401958508803,16.9824922716273],[-92.93793796133433,18.586177051054726],[-94.24197098304485,18.240150057036303],[-96.01226517249798,18.92925604458513],[-97.52655310700122,21.25448451827604],[-98.51751484511317,20.934611366097396],[-98.44817942240316,19.79057689138237],[-97.23480952497813,18.23052988040733],[-96.20592381197541,17.88608189238678],[-96.18788807099754,17.879781336252893]]]},"properties":{"NAME":"Veracruz civilization","SUBJECTO":"Veracruz civilization","PARTOF":"Veracruz civilization"}},
{"type":"Feature","geometry":{"type":"Polygon","coordinates":[[[34.70122792752911,12.658037154322917],[35.15131792797838,13.05186590471603],[35.46620719044046,14.280027585313688],[35.26711548130835,16.385531884130845],[30.53134399740492,15.823850263060105],[30.53134399740492,14.092987641453036],[31.281234584742,13.056592643902102],[31.804860764891224,12.521881922872291],[32.879012053950184,12.47057777553059],[34.2156001347228,12.55397405586442],[34.70122792752911,12.658037154322917]]]},"properties":{"NAME":"Alwa","SUBJECTO":"Alwa","PARTOF":"Alwa"}},
{"type":"Feature","geometry":{"type":"Polygon","coordinates":[[[34.4217777775482,20.50604967705261],[29.845810508514884,20.116430413282192],[29.661815263018052,18.64446844930756],[30.346545040181983,16.932644006397737],[30.53134399740492,15.823850263060105],[35.26711548130835,16.385531884130845],[35.15131792797838,18.226236706958304],[34.4217777775482,20.50604967705261]]]},"properties":{"NAME":"Makkura","SUBJECTO":"Makkura","PARTOF":"Makkura"}},
{"type":"Feature","geometry":{"type":"Polygon","coordinates":[[[33.657230668213316,24.017988632918694],[32.748931484080174,23.770205423646452],[30.808542433239328,23.862604902257928],[29.84684159061306,20.124679070067614],[29.845810508514884,20.116430413282192],[34.4217777775482,20.50604967705261],[33.345321283718846,23.354044941061307],[33.657230668213316,24.017988632918694]]]},"properties":{"NAME":"Nobatia","SUBJECTO":"Nobatia","PARTOF":"Nobatia"}},
{"type":"Feature","geometry":{"type":"Polygon","coordinates":[[[-6.705645883017173,38.276923565647124],[-5.781651096902479,37.90732565120125],[-2.824867781335467,37.72252669397831],[-1.531275080774897,39.200918351761814],[-0.334579244322047,39.425702467443685],[0.879201921923407,41.02173575039568],[3.128878864748724,41.8572269308156],[3.001891169054755,42.77080877896013],[3.80746892402912,43.46722754116716],[3.273497807021503,43.72849280372381],[1.517907713403588,42.527299581774706],[-0.86725989190335,43.29965029563334],[-3.854829886674893,42.95186772589263],[-3.810650919754917,43.43371224429101],[-7.636274781720392,43.72141226406755],[-9.270803418652765,43.048690401274584],[-8.644062963025323,42.41974981899919],[-8.694069829480402,40.992171846587084],[-9.52239700843548,38.68993719692888],[-8.84871953494979,37.816767886457356],[-6.705645883017173,38.276923565647124]]]},"properties":{"NAME":"Visigothic Kingdom","SUBJECTO":"Visigothic Kingdom","PARTOF":"Visigothic Kingdom"}},
{"type":"Feature","geometry":{"type":"Polygon","coordinates":[[[-2.613652196423761,47.572249971587084],[-2.790535417096368,48.58958014126482],[-3.954837766186944,47.90433844204607],[-2.613652196423761,47.572249971587084]]]},"properties":{"NAME":"Broërec","SUBJECTO":"Broërec","PARTOF":"Broërec"}},
{"type":"Feature","geometry":{"type":"Polygon","coordinates":[[[-7.427515473859064,55.06380423184099],[-8.59008499671673,54.20284994717302],[-9.890640225903741,52.19443091030779],[-9.81910988380169,51.434554659087084],[-6.40597101737713,52.21443899746599],[-6.443396058575861,53.899379335600756],[-6.018187966840021,55.093001924712084],[-7.427515473859064,55.06380423184099]]]},"properties":{"NAME":null,"SUBJECTO":null,"PARTOF":null}},
{"type":"Feature","geometry":{"type":"Polygon","coordinates":[[[100.6798657360762,24.131793455319148],[100.12336220480856,23.85354168968533],[100.35291671122881,20.744856206909542],[100.12273530839072,20.169402699814288],[100.69818881548598,19.47885849129998],[103.23424489264612,20.122862737146093],[103.83338574659278,20.1435181479011],[106.43040222584175,24.873798163675996],[103.6826637888953,26.05637059211011],[102.25662574133449,25.337551106399026],[100.6798657360762,24.131793455319148]]]},"properties":{"NAME":"Thai Kingdoms","SUBJECTO":"Thai Kingdoms","PARTOF":"Thai Kingdoms"}},
{"type":"Feature","geometry":{"type":"Polygon","coordinates":[[[106.45149726589356,16.187961290965557],[104.11163751222661,15.505988720670814],[104.01888692368199,12.90897224142186],[104.38988927786042,11.981466355975801],[106.92988223329209,11.842432690832473],[107.54340928837702,12.259718121609618],[107.63615987692162,13.743727538323313],[107.26888031012744,15.118606102001719],[106.45149726589356,16.187961290965557]]]},"properties":{"NAME":"Chen-La","SUBJECTO":"Chen-La","PARTOF":"Chen-La"}},
{"type":"Feature","geometry":{"type":"Polygon","coordinates":[[[88.32746285555693,28.01314016826437],[85.65427039185006,28.583821705460224],[80.73848919898596,30.90258641907537],[78.34239662748489,32.59394588131141],[76.84296448011251,30.253332299263132],[76.92164753014544,29.387818748901008],[78.54104452261383,27.627746371315755],[80.46023743335213,25.70855346057745],[82.59350096987806,24.781047575131392],[83.98475979804715,24.781047575131392],[85.09776686058242,25.801304049122052],[85.93252215748387,25.24480051785442],[87.60203275128679,25.059299340765207],[88.34403745964363,26.45055816893429],[88.32746285555693,28.01314016826437]]]},"properties":{"NAME":"Kanauj","SUBJECTO":"Kanauj","PARTOF":"Kanauj"}},
{"type":"Feature","geometry":{"type":"Polygon","coordinates":[[[92.12502007705353,22.968455637607107],[94.55832689213223,25.70855346057745],[93.90907277231997,26.821560523112716],[88.32746285555693,28.01314016826437],[88.34403745964363,26.45055816893429],[91.59030805870482,25.523052283488234],[91.57107070396687,22.543313585478685],[92.04127738188208,23.115047512755766],[92.12502007705353,22.968455637607107]]]},"properties":{"NAME":"Kamarupa","SUBJECTO":"Kamarupa","PARTOF":"Kamarupa"}},
{"type":"Feature","geometry":{"type":"Polygon","coordinates":[[[82.35399917076374,17.085914217192553],[83.38139632652546,17.710679613310717],[85.37910750816609,19.60537489529314],[84.726764506404,20.88552285625795],[84.81951509494861,23.85354168968533],[83.98475979804715,24.781047575131392],[82.59350096987806,24.781047575131392],[80.46023743335213,25.70855346057745],[78.54104452261383,27.627746371315755],[74.1173958209184,26.544342617090322],[72.62766425774089,28.366551993013818],[76.92164753014544,29.387818748901008],[76.84296448011251,30.253332299263132],[78.34239662748489,32.59394588131141],[75.21982918058193,34.79811113794881],[73.82857035241283,36.745873497385524],[69.9330456335394,35.63286643485026],[67.14921128017005,34.6024438349445],[67.24327856574583,32.01559348161063],[66.43233016441609,25.488610826689623],[67.31589034508015,24.092885576445482],[68.79081252525593,23.028724275786303],[69.66488936851765,22.789163194853685],[69.12606337974812,21.96850737209978],[70.20994857261921,20.94797857876482],[71.0244474739864,20.657476030547045],[72.1208601326778,21.155339800078295],[72.93113234947468,20.95375784512224],[79.43998095936148,22.184031095882432],[80.08923507917372,22.09128050733782],[80.27473625626293,19.865266382267286],[82.35399917076374,17.085914217192553]]]},"properties":{"NAME":"Hindu kingdoms","SUBJECTO":"Hindu kingdoms","PARTOF":"Hindu kingdoms"}},
{"type":"Feature","geometry":{"type":"Polygon","coordinates":[[[85.37910750816609,19.60537489529314],[86.11916640709187,19.806542955595873],[87.64071944664265,21.563081346709154],[88.72346023033406,21.53995283718767],[90,21.93025358792009],[90,22.560958467680834],[91.57107070396687,22.543313585478685],[91.59030805870482,25.523052283488234],[88.34403745964363,26.45055816893429],[87.60203275128679,25.059299340765207],[85.93252215748387,25.24480051785442],[85.09776686058242,25.801304049122052],[83.98475979804715,24.781047575131392],[84.81951509494861,23.85354168968533],[84.726764506404,20.88552285625795],[85.37910750816609,19.60537489529314]]]},"properties":{"NAME":"Shaskanka","SUBJECTO":"Shaskanka","PARTOF":"Shaskanka"}},
{"type":"Feature","geometry":{"type":"Polygon","coordinates":[[[79.71220807803685,11.424527911645875],[78.69797625100463,11.053960470529738],[77.12121624574633,11.239461647618953],[77.12121624574633,12.074216944520405],[76.28646094884488,12.630720475788038],[76.4719621259341,13.743727538323306],[75.080703297765,14.392981658135547],[74.52085177973689,14.155057073232983],[75.21094039390827,12.10236796017351],[76.07506087730671,10.553955637175463],[76.70353225181843,8.706356607634447],[77.34137252281452,8.053283296782396],[77.89976027916218,8.257814966399096],[79.82626632164265,10.358728014189623],[79.71220807803685,11.424527911645875]]]},"properties":{"NAME":"Hindu kingdoms","SUBJECTO":"Hindu kingdoms","PARTOF":"Hindu kingdoms"}},
{"type":"Feature","geometry":{"type":"Polygon","coordinates":[[[79.71220807803685,11.424527911645875],[80.31988051841999,13.33321341152849],[80.0870695442989,14.94643362637224],[79.06897860518305,15.227736955036999],[78.97622801663844,17.63925225719675],[78.04872213119239,17.453751080107537],[75.080703297765,14.392981658135547],[76.4719621259341,13.743727538323306],[76.28646094884488,12.630720475788038],[77.12121624574633,12.074216944520405],[77.12121624574633,11.239461647618953],[78.69797625100463,11.053960470529738],[79.71220807803685,11.424527911645875]]]},"properties":{"NAME":"Pallavas","SUBJECTO":"Pallavas","PARTOF":"Pallavas"}},
{"type":"Feature","geometry":{"type":"Polygon","coordinates":[[[75.080703297765,14.392981658135547],[78.04872213119239,17.453751080107537],[78.97622801663844,17.63925225719675],[79.06897860518305,15.227736955036999],[80.0870695442989,14.94643362637224],[80.30021956871296,15.645742975432299],[81.0879011483028,15.826792322356127],[82.35399917076374,17.085914217192553],[80.27473625626293,19.865266382267286],[80.08923507917372,22.09128050733782],[79.43998095936148,22.184031095882432],[72.93113234947468,20.95375784512224],[72.75949386070515,20.057649217802904],[73.06422713707234,18.031716905791185],[73.84143355797077,15.390475832182787],[74.52085177973689,14.155057073232983],[75.080703297765,14.392981658135547]]]},"properties":{"NAME":"Chalukyas","SUBJECTO":"Chalukyas","PARTOF":"Chalukyas"}},
{"type":"Feature","geometry":{"type":"Polygon","coordinates":[[[5.768283729531163,51.397649528475746],[3.983864016404651,51.868138932772446],[2.522131952746161,51.09112127896013],[4.887622443760531,50.93565213541841],[5.768283729531163,51.397649528475746]]]},"properties":{"NAME":null,"SUBJECTO":null,"PARTOF":null}},
{"type":"Feature","geometry":{"type":"Polygon","coordinates":[[[127.40455916832234,39.07533987637224],[127.67152694175984,39.86643561001482],[129.47782424400592,40.682025514799975],[129.64126113365435,41.655849062163256],[131.06461623619342,42.74924048062029],[132.18178847740435,43.19463690396013],[132.8273573250606,42.86189993496599],[132.12231525269752,44.62967352367703],[129.95047553405325,45.2866668444073],[129.24704700781476,45.18617705494466],[127.29928464837805,43.23841469550794],[124.70226816912908,42.31090881006189],[122.08235457847859,40.48801382656755],[121.23940566490437,39.553832613188646],[122.02749160240437,39.25575979824724],[124.10407546470906,39.884784303862475],[125.29609206627156,39.36432608242693],[125.29374221275593,38.68870123501482],[127.40455916832234,39.07533987637224]]]},"properties":{"NAME":"Koguryo","SUBJECTO":"Koguryo","PARTOF":"Koguryo"}},
{"type":"Feature","geometry":{"type":"Polygon","coordinates":[[[128.16448501060748,34.799464784819506],[128.0412893567349,36.560372320296324],[127.67028700255646,37.209626440108565],[126.3918562264278,37.61432226772966],[126.44296554039265,37.47432669277849],[126.78633407066609,37.0739017355031],[126.79962447593952,36.94661673184099],[126.68535140465046,36.8381725179738],[126.39093306968952,36.95851095791521],[126.25480178306843,36.90731009121599],[125.96027663658406,36.722125612456225],[126.36143783043171,36.62746389980974],[126.43670180748249,36.13125952358904],[126.62643722008015,35.92805441494646],[126.22541335533406,35.163993440825365],[126.4095793099239,34.26900442715349],[126.61678603599812,34.40909155483904],[126.82445815513874,34.428554140288256],[127.35909560631062,34.80417975063982],[128.16448501060748,34.799464784819506]]]},"properties":{"NAME":"Paekche","SUBJECTO":"Paekche","PARTOF":"Paekche"}},
{"type":"Feature","geometry":{"type":"Polygon","coordinates":[[[127.40455916832234,39.07533987637224],[125.29374221275593,38.68870123501482],[125.26937392662312,37.48468359585466],[126.3918562264278,37.61432226772966],[127.67028700255646,37.209626440108565],[128.0412893567349,36.560372320296324],[128.16448501060748,34.799464784819506],[129.0600233406856,35.169784151274584],[129.24999526451373,37.008876405913256],[128.4510603279903,38.255424104887865],[128.14414504478717,38.534633241850756],[127.95601943443562,38.69407232876482],[127.40455916832234,39.07533987637224]]]},"properties":{"NAME":"Silla","SUBJECTO":"Silla","PARTOF":"Silla"}},
{"type":"Feature","geometry":{"type":"MultiPolygon","coordinates":[[[[139.4781391949878,38.325539934052046],[138.31724074791217,37.20550879116716],[136.66849807213092,36.66749533291521],[135.15697768638873,35.646468721587084],[132.6628523201778,35.38062628384294],[130.89904311607623,33.90366705532732],[134.42731765220904,34.62817724819841],[135.75567153404498,33.34231527920427],[136.7338514656856,34.87408789272966],[138.1490583748653,34.5278812276906],[139.42260268638873,35.165511690337084],[140.3166151375606,35.03381689663591],[140.87221816490435,37.91744955654802],[139.4781391949878,38.325539934052046]]],[[[130.74401381920123,30.88783415432634],[131.83098891685748,32.69308813687029],[131.66982558677935,33.308532320219896],[130.42656997154498,33.67417105313005],[129.34337905357623,33.15138968105974],[130.74401381920123,30.88783415432634]]],[[[132.69875625084185,32.54885824795427],[133.15415481041217,33.21636541958513],[133.99859145591998,33.14826925869646],[134.5404157967403,34.01269873257341],[132.7843122811153,33.907523714262865],[132.12111953209185,33.34754904385271],[132.69875625084185,32.54885824795427]]]]},"properties":{"NAME":"Yamato","SUBJECTO":"Yamato","PARTOF":"Yamato"}},
{"type":"Feature","geometry":{"type":"Polygon","coordinates":[[[140.87221816490435,37.91744955654802],[141.49639419029498,38.42189749355974],[141.99811843345904,39.671989046294115],[141.1525526375606,40.865417085844896],[139.91515639732623,40.57495459194841],[140.03008559654498,39.48317679043474],[139.4781391949878,38.325539934052046],[140.87221816490435,37.91744955654802]]]},"properties":{"NAME":null,"SUBJECTO":null,"PARTOF":null}},
{"type":"Feature","geometry":{"type":"Polygon","coordinates":[[[112.67842391441609,-7.718775666993238],[109.86217400199216,-7.496157238391397],[107.54340928837702,-7.125154884212975],[105.79429924903748,-6.289274651952216],[106.48369887779499,-7.503360189240553],[108.16022780845906,-7.85564271334944],[109.03720382164265,-7.720286763947584],[110.77773574302937,-8.320307172577955],[112.41435531090046,-8.488374151032545],[112.67842391441609,-7.718775666993238]]]},"properties":{"NAME":"Mataram","SUBJECTO":"Mataram","PARTOF":"Mataram"}},
{"type":"Feature","geometry":{"type":"Polygon","coordinates":[[[102.70160964439656,0.565819166857622],[101.05975631187702,2.080969177443407],[98.14550307701374,4.069854341704271],[97.38407424400593,5.180140577513598],[96.18733504722859,5.145788274962328],[95.5609236092403,4.534462534148119],[96.72036269615437,3.704589210707567],[97.59714797447468,2.251384102064989],[98.60055068443562,1.707089506346605],[99.1133146614864,0.22124772544565],[99.69655135582234,-0.152409575622656],[100.6503019661739,-1.630999959748365],[100.81207564781452,-2.336048044007399],[102.46222976158406,-4.181821740906813],[104.56848433922077,-6.071165479462721],[105.18672469566609,-5.542331613343336],[103.64788456950357,-3.044128988250321],[103.64788456950357,-2.487625456982688],[102.72037868405752,-1.37461839444742],[102.44212691842371,-0.076110154822942],[102.70160964439656,0.565819166857622]]]},"properties":{"NAME":null,"SUBJECTO":null,"PARTOF":null}},
{"type":"Feature","geometry":{"type":"Polygon","coordinates":[[[100.30192092369343,7.886848531920336],[99.11860183189656,7.642843805510424],[100.13910964439656,6.177317224699877],[100.66430953453327,3.903745018202684],[101.33639815758015,2.780523143965624],[103.42773726890827,1.380763732153795],[104.17563918541218,1.388738475996874],[103.30775741050984,3.026256643492601],[103.34182265709187,4.805444799620531],[101.55989364097859,6.739531599242113],[100.61492446373249,6.978928648192309],[100.30192092369343,7.886848531920336]]]},"properties":{"NAME":"minor states under Indian influence","SUBJECTO":"minor states under Indian influence","PARTOF":"minor states under Indian influence"}},
{"type":"Feature","geometry":{"type":"Polygon","coordinates":[[[114.21847060631062,-3.431875861924269],[114.7124128670528,-4.206153310578443],[115.56814101646687,-3.803909934800245],[116.3491316170528,-2.416793264191725],[116.0462751717403,-1.934458292763807],[117.04563430259968,-0.934580959122755],[117.53428939293171,0.610662959772966],[118.51726058433796,1.165625892836474],[117.07397750328327,3.507199846465014],[118.39120772789265,4.374171339232348],[119.04260543297077,5.169805132109545],[116.59562972496296,6.899092756468676],[114.87784865806843,4.855816923338793],[113.81483748863484,4.262612425047777],[112.75924972008015,3.008589826781176],[111.37182906578327,2.598927341658495],[110.81756118248249,1.24426122780504],[109.28236678550984,1.882722817618273],[108.81431106041218,0.807816826064013],[109.17891982506062,-0.869010366242506],[109.78280166099812,-1.306190170090773],[110.23317635617057,-1.300417923611732],[111.64298530204859,-2.190823573639946],[113.0527942479266,-2.265024044475632],[114.01740036879049,-2.710226869489741],[114.21847060631062,-3.431875861924269]]]},"properties":{"NAME":null,"SUBJECTO":null,"PARTOF":null}},
{"type":"Feature","geometry":{"type":"MultiPolygon","coordinates":[[[[102.70160964439656,0.565819166857622],[102.44212691842371,-0.076110154822942],[102.72037868405752,-1.37461839444742],[103.64788456950357,-2.487625456982688],[103.64788456950357,-3.044128988250321],[105.18672469566609,-5.542331613343336],[105.94282058189656,-3.214655078690626],[104.3524275154903,-1.889892257493116],[104.29766372154499,-1.362546600144483],[103.23762038658406,-0.659467495720961],[103.72215560386921,0.0151834192461],[102.70160964439656,0.565819166857622]]],[[[112.67842391441609,-7.718775666993238],[112.2747907967403,-7.026889718812086],[111.04471877525593,-6.851591504853346],[110.02727797935749,-7.044451154511549],[108.55577376793171,-6.920526422303297],[106.94509414146687,-6.0259837282115],[105.79429924903748,-6.289274651952216],[107.54340928837702,-7.125154884212975],[109.86217400199216,-7.496157238391397],[112.67842391441609,-7.718775666993238]]],[[[114.21847060631062,-3.431875861924269],[114.01740036879049,-2.710226869489741],[113.0527942479266,-2.265024044475632],[111.64298530204859,-2.190823573639946],[110.23317635617057,-1.300417923611732],[109.78280166099812,-1.306190170090773],[110.1023054451778,-3.078540958207228],[111.43599227379109,-2.973974622529127],[112.57773116539265,-3.422717250626661],[114.21847060631062,-3.431875861924269]]]]},"properties":{"NAME":"minor states under Indian influence","SUBJECTO":"minor states under Indian influence","PARTOF":"minor states under Indian influence"}},
{"type":"Feature","geometry":{"type":"Polygon","coordinates":[[[54.03310683677937,38.992721162993334],[53.79965499351765,36.67903860684099],[51.79552367637898,36.43234976406755],[50.56095412681843,36.686427675444506],[48.837229761584055,37.51097448940935],[48.824954065783274,38.30957754727068],[49.80730346153523,40.58070334072771],[48.25410039415661,42.24844277673614],[44.3912657891253,41.88050323149442],[43.1900725671762,40.30971209509945],[38.37574401120885,33.531644259724374],[39.4901561484229,33.36226961183725],[47.61403945396687,29.272241197783373],[47.911360773546946,29.890292726714037],[50.13237288902546,30.06642874355974],[51.350134882433665,28.03613432522478],[52.89083388756062,27.05232390042009],[54.64605620811726,26.39131888027849],[55.89973357628132,27.104804598051928],[56.79043105552937,26.97391279812517],[57.254771265490305,25.793286882597826],[59.03145888756062,25.307866655547045],[61.34399321983601,25.026860796172045],[64.42497542808796,25.173116289336107],[66.43233016441609,25.488610826689623],[67.24327856574583,32.01559348161063],[67.14921128017005,34.6024438349445],[67.05777738865662,37.11687585156395],[66.77952562302279,38.04438173701],[65.01726444067529,38.50813467973303],[62.69849972706014,39.99214409644672],[61.95649501870329,41.290652336071204],[56.85521264874998,39.435640565179085],[54.03310683677937,38.992721162993334]]]},"properties":{"NAME":"Sasanian Empire","SUBJECTO":"Sasanian Empire","PARTOF":"Sasanian Empire"}},
{"type":"Feature","geometry":{"type":"Polygon","coordinates":[[[57.359369486926965,23.85851371320451],[57.4556768662372,21.684681145257947],[57.93127349327351,20.400937639433764],[58.51204970787312,20.421229921538256],[59.837283167345774,22.279178224760912],[58.62849334190632,23.4582954275197],[57.359369486926965,23.85851371320451]]]},"properties":{"NAME":"Mazun","SUBJECTO":"Mazun","PARTOF":"Mazun"}},
{"type":"Feature","geometry":{"type":"Polygon","coordinates":[[[47.61403945396687,29.272241197783373],[39.4901561484229,33.36226961183725],[38.37574401120885,33.531644259724374],[36.16771219270454,30.422967883672243],[35.111590418322336,28.072061144072435],[36.31222442100788,26.42269667263689],[38.19264631880297,26.774912015305333],[38.79149700939678,26.575295118440728],[43.466347014629946,19.17926376687781],[45.47866305436099,15.995599584616752],[46.67636443554862,15.795982687752147],[48.87215030105925,16.594450275210562],[50.76851082127298,16.794067172075167],[52.35659697960163,16.233945451933764],[54.08425811241413,17.01911886807146],[55.19483855675007,17.148564897734545],[55.561072382433665,17.937171541411303],[56.2575903267696,17.97677382107439],[56.73888686607624,18.689376436430834],[57.83862975548054,19.03480681057634],[57.93127349327351,20.400937639433764],[57.4556768662372,21.684681145257947],[57.359369486926965,23.85851371320451],[56.40537551353718,24.8195072042531],[56.01545623253132,25.771625124174975],[54.34709838341023,24.154452882964037],[51.58590224693562,24.003221117216967],[50.77828124473835,24.47092970486345],[49.93686202476765,25.955783449370287],[50.12176421592976,26.737586580473803],[48.85502150963093,27.522691332060717],[48.1290617317989,29.268191896635912],[47.61403945396687,29.272241197783373]]]},"properties":{"NAME":null,"SUBJECTO":null,"PARTOF":null}},
{"type":"Feature","geometry":{"type":"Polygon","coordinates":[[[52.35659697960163,16.233945451933764],[50.76851082127298,16.794067172075167],[48.87215030105925,16.594450275210562],[46.67636443554862,15.795982687752147],[45.47866305436099,15.995599584616752],[43.466347014629946,19.17926376687781],[41.20152310600852,18.89638667414274],[42.76366332481648,16.64545591946306],[42.79587844322468,15.47008093472185],[43.84059050987507,12.663913332182787],[44.963572535021555,12.825172029692553],[45.825903925402415,13.405233942229174],[46.601199182970774,13.40054567928972],[49.33384993980671,14.632695757109545],[51.312563929064524,15.246890627104662],[52.35659697960163,16.233945451933764]]]},"properties":{"NAME":"Sasanian dependencies","SUBJECTO":"Sasanian dependencies","PARTOF":"Sasanian dependencies"}},
{"type":"Feature","geometry":{"type":"Polygon","coordinates":[[[41.20152310600852,18.89638667414274],[43.466347014629946,19.17926376687781],[38.79149700939678,26.575295118440728],[38.19264631880297,26.774912015305333],[36.31222442100788,26.42269667263689],[37.21826842735554,25.166631303984545],[37.201453241808665,24.65831335659685],[38.329417261584055,23.83471830959978],[39.1021948189571,22.400445543486498],[39.16673949669148,21.218801103789232],[39.76407912681843,20.40679510708513],[40.69382003258015,19.868707262236498],[41.20152310600852,18.89638667414274]]]},"properties":{"NAME":"Hejaz","SUBJECTO":"Hejaz","PARTOF":"Hejaz"}},
{"type":"Feature","geometry":{"type":"MultiPolygon","coordinates":[[[[-90,13.752979928891033],[-87.94866653968548,13.171761118132494],[-86.01414200355266,11.367618166167162],[-85.77779099036907,10.138352953154467],[-85.08879562904094,9.583112322050951],[-83.61494156409954,9.151563249785326],[-82.95613571693157,8.256755434233568],[-81.6642732291386,8.16464766140642],[-80.81377121497844,7.270063482481859],[-79.71689316322063,8.883091531950853],[-79.06764694740032,9.034267984587572],[-78.1837052970097,8.413340173918627],[-78.26545425941204,7.885670267302416],[-77.40016647865032,6.67044600125017],[-77.50037857581829,5.51357754345598],[-77.10599991370891,3.792188965041063],[-77.80209824134563,2.576873623091601],[-78.46819778968548,2.467397295195482],[-78.98431107093548,1.296987973410509],[-80.0855607657597,0.817998133856676],[-80.33884903480266,-0.663181163113691],[-80.96610733558391,-1.033107079308607],[-80.1441545157597,-3.414210237305738],[-81.41761490394329,-4.675080694001295],[-80.66836129157386,-6.347182308191553],[-79.65425898507374,-5.723311691284762],[-79.0597204383314,-5.969149322708429],[-79.48595695042772,-7.617649058877557],[-77.75874802161907,-10.658920682709791],[-76.72494444200693,-12.730947490342317],[-76.65629186786155,-11.127076480105156],[-78.42705791028882,-8.148969954204738],[-78.10510044802932,-7.022118836296467],[-75.57639985719698,-10.61262797959937],[-72.22601470838102,-12.242545079023351],[-69.874468975216,-14.37714703700483],[-69.0098021391983,-14.185672371570455],[-67.94227822920921,-15.427997006483967],[-67.23759007893341,-18.364197632633108],[-67.35618174619,-19.194339303429263],[-66.59524723372101,-19.145123826644383],[-65.90622541609757,-18.31105888474315],[-64.66180129731615,-16.804676207468987],[-64.1940629085568,-14.694582386569342],[-69.04501111905242,-8.235853806057],[-70.15820726425522,-5.735421450211085],[-66.40849393304576,3.041936481420927],[-62.65878060183632,4.152921580887431],[-58.55753164582598,3.977596077854006],[-55.8624251890192,1.695565793857857],[-55.80383591821904,0.875529465609527],[-57.97163893782451,-0.589157846288572],[-58.44035310422569,-2.287649024474563],[-56.33113935542037,-4.334740468715777],[-54.16333633581491,-4.626791146196514],[-49.06606977620206,-4.743578120004467],[-45.37494571579276,-3.165484550148441],[-44.549137999466566,-3.10260205994856],[-44.79592606116985,-1.736357845109083],[-47.237137761609304,-0.680439270775892],[-48.042530980603445,-0.815624035637953],[-49.221146550671804,-2.108145631592848],[-50.64313980628704,-1.882471717637159],[-51.529381719128835,-0.429196335118391],[-49.88430496741985,1.21387108441057],[-50.68808075477337,2.216172300536059],[-51.20926758338665,4.070678793150805],[-51.710125890271414,4.228457056242846],[-53.02668091346477,5.426703058440111],[-54.28620621253704,5.881543241698168],[-56.746396031872976,6.00331839199724],[-58.57506653358196,6.984399877745531],[-58.616635289685476,7.499081217009447],[-59.83440491248821,8.440183244902514],[-61.695771781275944,8.610088933385873],[-63.06524366801216,8.32539786170036],[-65.96541257261946,8.180441590467876],[-70.68184887203134,8.55721593295672],[-71.09831711341594,9.327861391264818],[-72.11403366615032,9.904005609709642],[-71.6879548697636,10.769269548613451],[-72.37965866615032,11.810100160796068],[-73.36232468177532,11.32496031399431],[-74.21892258216594,11.367601953703783],[-75.45044418861126,10.627693735319994],[-75.70266434241985,9.425959192473314],[-76.76352402259563,8.692807756621264],[-78.26649185706829,9.385549150664232],[-79.50042435218548,9.638376795012377],[-80.96249863197063,8.864939295012377],[-82.22958847572063,9.046509348112963],[-83.91412827064251,11.251382433134935],[-83.66236588050579,13.705296121794603],[-83.31351944495891,14.767507158476732],[-84.65045639564251,15.933375917632006],[-87.57061478187298,15.908048235136889],[-88.24292813890945,14.835837236778428],[-90,13.752979928891033]]],[[[-48.796904749948716,-28.475548314302703],[-48.85215473085459,-28.563025096783424],[-48.72837921668743,-28.367052472870924],[-48.796904749948716,-28.475548314302703]]],[[[-69.16695114661907,-51.14943734530745],[-69.11474151787864,-51.35236245613261],[-69.07692429115032,-51.49934808139143],[-69.16695114661907,-51.14943734530745]]],[[[-52.14021349238029,-31.740936200871825],[-52.14362427283977,-31.747351087372877],[-52.04218765784954,-31.556572355073072],[-52.14021349238029,-31.740936200871825]]]]},"properties":{"NAME":null,"SUBJECTO":null,"PARTOF":null}},
{"type":"Feature","geometry":{"type":"Polygon","coordinates":[[[8.576292070849188,3.066532455641649],[8.827178987963446,3.611938320357226],[8.478118929369696,3.557397686201952],[8.576292070849188,3.066532455641649]]]},"properties":{"NAME":null,"SUBJECTO":null,"PARTOF":null}},
{"type":"Feature","geometry":{"type":"Polygon","coordinates":[[[-68.195282,12.221109],[-68.363892,12.305277],[-68.285278,12.102221],[-68.195282,12.221109]]]},"properties":{"NAME":null,"SUBJECTO":null,"PARTOF":null}},
{"type":"Feature","geometry":{"type":"Polygon","coordinates":[[[-61.668892,17.084999],[-61.794449,17.16333],[-61.887222,17.033054000000106],[-61.73806,16.989719],[-61.668892,17.084999]]]},"properties":{"NAME":null,"SUBJECTO":null,"PARTOF":null}},
{"type":"Feature","geometry":{"type":"Polygon","coordinates":[[[-68.965561,12.198889],[-69.077789,12.34861],[-69.15834,12.311388],[-69.0625,12.188332000000116],[-68.83223,12.049444000000108],[-68.824173,12.160276000000124],[-68.965561,12.198889]]]},"properties":{"NAME":null,"SUBJECTO":null,"PARTOF":null}},
{"type":"Feature","geometry":{"type":"Polygon","coordinates":[[[-61.599724,12.186666000000116],[-61.724724,12.172222],[-61.789726,12.009165],[-61.642502,12.034166],[-61.599724,12.186666000000116]]]},"properties":{"NAME":null,"SUBJECTO":null,"PARTOF":null}},
{"type":"Feature","geometry":{"type":"Polygon","coordinates":[[[-62.171394,16.671387],[-62.137505,16.692776],[-62.176392,16.808609],[-62.236671,16.711941],[-62.171394,16.671387]]]},"properties":{"NAME":null,"SUBJECTO":null,"PARTOF":null}},
{"type":"Feature","geometry":{"type":"Polygon","coordinates":[[[-62.541389,17.176941],[-62.610001,17.191109],[-62.610558,17.095276],[-62.538612,17.108608000000117],[-62.541389,17.176941]]]},"properties":{"NAME":null,"SUBJECTO":null,"PARTOF":null}},
{"type":"Feature","geometry":{"type":"Polygon","coordinates":[[[-62.692505,17.278332],[-62.730003,17.365276],[-62.812782,17.409443000000124],[-62.863892,17.370831000000123],[-62.778336,17.292221],[-62.692505,17.278332]]]},"properties":{"NAME":null,"SUBJECTO":null,"PARTOF":null}},
{"type":"Feature","geometry":{"type":"Polygon","coordinates":[[[-61.085838,16.304722],[-61.037224,16.311108],[-60.990837,16.340832],[-61.015282,16.350277],[-61.085838,16.304722]]]},"properties":{"NAME":null,"SUBJECTO":null,"PARTOF":null}},
{"type":"Feature","geometry":{"type":"Polygon","coordinates":[[[-62.971947,17.458054],[-62.942505,17.493610000000103],[-62.98583999999988,17.519722],[-62.997505,17.494164000000126],[-62.971947,17.458054]]]},"properties":{"NAME":null,"SUBJECTO":null,"PARTOF":null}},
{"type":"Feature","geometry":{"type":"Polygon","coordinates":[[[38.24188905411519,46.69864137294846],[37.47389129112507,44.69235952969255],[38.81399093552515,44.263565122179],[39.78263890074078,45.79697851305167],[38.24188905411519,46.69864137294846]]]},"properties":{"NAME":"Bulgars","SUBJECTO":"Bulgars","PARTOF":"Bulgars"}},
{"type":"Feature","geometry":{"type":"Polygon","coordinates":[[[18.206108,56.911942],[18.711941,57.241661],[18.809166,57.703606],[18.111385,57.51944],[18.206108,56.911942]]]},"properties":{"NAME":"Guta","SUBJECTO":"Guta","PARTOF":"Guta"}},
{"type":"Feature","geometry":{"type":"Polygon","coordinates":[[[-2.816205878439367,51.616343729619736],[-3.272395590076915,51.179406711534554],[-2.959238240662655,50.72129034116303],[0.191810223562964,50.73128470059099],[1.691691669924506,52.311420046049975],[-0.300924107205891,53.62673244379695],[-0.807211677922682,53.726837541211104],[-2.816205878439367,51.616343729619736]]]},"properties":{"NAME":"Cantia","SUBJECTO":"Cantia","PARTOF":"Cantia"}},
{"type":"Feature","geometry":{"type":"Polygon","coordinates":[[[-5.698169675366632,55.3307262289113],[-5.482397046582452,55.44269903774919],[-5.517836537854425,55.668021761137865],[-5.688657250897638,55.62812002773943],[-5.698169675366632,55.3307262289113]]]},"properties":{"NAME":null,"SUBJECTO":null,"PARTOF":null}},
{"type":"Feature","geometry":{"type":"Polygon","coordinates":[[[-3.272395590076915,51.179406711534554],[-4.280993905560724,51.18723639126482],[-4.540565457837335,50.35795172329607],[-2.959238240662655,50.72129034116303],[-3.272395590076915,51.179406711534554]]]},"properties":{"NAME":"Dumnonia","SUBJECTO":"Dumnonia","PARTOF":"Dumnonia"}},
{"type":"Feature","geometry":{"type":"Polygon","coordinates":[[[-3.810650919754917,43.43371224429101],[-3.854829886674893,42.95186772589263],[-0.86725989190335,43.29965029563334],[-1.401169071336419,44.195493461232815],[-1.914577808873407,43.30541571255388],[-3.810650919754917,43.43371224429101]]]},"properties":{"NAME":"Vasconia","SUBJECTO":"Frankish Kingdom","PARTOF":"Vasconia"}},
{"type":"Feature","geometry":{"type":"Polygon","coordinates":[[[-2.111427368757128,46.83671633780066],[-1.200452737116522,46.56274472133258],[4.887622443760531,50.93565213541841],[2.522131952746161,51.09112127896013],[0.032870042426833,49.333705507475756],[-1.891543593899957,49.526351534087084],[-1.591356840626947,48.6375003683156],[-2.790535417096368,48.58958014126482],[-2.613652196423761,47.572249971587084],[-2.111427368757128,46.83671633780066]]]},"properties":{"NAME":"Neustria","SUBJECTO":"Frankish Kingdom","PARTOF":"Neustria"}},
{"type":"Feature","geometry":{"type":"Polygon","coordinates":[[[15.413038491471186,46.14395062991583],[18.389418262934196,45.338113991603024],[18.633643185972446,44.863974430331794],[20.92179822181212,44.65248758983849],[22.95458675126444,44.65248758983849],[23.13938570848738,43.91329176094675],[25.264573716551173,43.82089228233528],[28.03655807489525,44.37528915400409],[28.217171327364476,45.475711487834296],[24.402069647100305,46.78092947456099],[24.925500133073776,47.55060445537881],[21.779571659523114,47.484209039188755],[19.518435569158573,48.20994121116755],[19.202660546973767,47.773649516349224],[16.660558849601742,48.30898545786882],[14.83955321420632,47.20101205446414],[15.413038491471186,46.14395062991583]]]},"properties":{"NAME":"Avars","SUBJECTO":"Avars","PARTOF":"Avars"}},
{"type":"Feature","geometry":{"type":"Polygon","coordinates":[[[3.983864016404651,51.868138932772446],[5.768283729531163,51.397649528475746],[7.616273301760558,51.305250049864284],[7.508646956811404,53.61410299985114],[5.389523062212714,53.13857229824724],[3.983864016404651,51.868138932772446]]]},"properties":{"NAME":"Frisians","SUBJECTO":"Frisians","PARTOF":"Frisians"}},
{"type":"Feature","geometry":{"type":"Polygon","coordinates":[[[-0.300924107205891,53.62673244379695],[-1.719010558621637,55.45374258633318],[-2.74213143874859,55.95718725796404],[-2.150362935559503,57.571979128081225],[-5.76296564628338,57.619777284819506],[-5.633057561413995,55.93986090298357],[-3.5766758589909,54.924483858305834],[-2.914475408093683,53.267142854887865],[-4.317542043225519,53.09120901699724],[-4.123608317868463,52.37326391812029],[-2.816205878439367,51.616343729619736],[-0.807211677922682,53.726837541211104],[-0.300924107205891,53.62673244379695]]]},"properties":{"NAME":null,"SUBJECTO":null,"PARTOF":null}},
{"type":"Feature","geometry":{"type":"Polygon","coordinates":[[[14.95868,55.02117525000011],[15.118748250000067,55.102707],[14.845067500000042,55.256319],[14.69638825000007,55.148675750000066],[14.95868,55.02117525000011]]]},"properties":{"NAME":null,"SUBJECTO":null,"PARTOF":null}},
{"type":"Feature","geometry":{"type":"Polygon","coordinates":[[[8.220014939034861,53.52916802918103],[8.189001116259345,53.53052099819841],[8.220716789303415,53.49000962758331],[8.220014939034861,53.52916802918103]]]},"properties":{"NAME":null,"SUBJECTO":null,"PARTOF":null}},
{"type":"Feature","geometry":{"type":"Polygon","coordinates":[[[8.885276500000089,56.862011250000066],[8.614791250000025,56.850969],[8.702498500000061,56.70304875000008],[8.885276500000089,56.862011250000066]]]},"properties":{"NAME":null,"SUBJECTO":null,"PARTOF":null}},
{"type":"Feature","geometry":{"type":"Polygon","coordinates":[[[11.550207,56.68006525000011],[11.586526750000075,56.68312100000013],[11.648193250000077,56.722494500000096],[11.5395125000001,56.71166025000005],[11.550207,56.68006525000011]]]},"properties":{"NAME":null,"SUBJECTO":null,"PARTOF":null}},
{"type":"Feature","geometry":{"type":"Polygon","coordinates":[[[10.55034675000006,55.95242674999996],[10.52652625,55.81971924999998],[10.61805450000007,55.78888550000009],[10.603818250000032,55.89451225],[10.55034675000006,55.95242674999996]]]},"properties":{"NAME":null,"SUBJECTO":null,"PARTOF":null}},
{"type":"Feature","geometry":{"type":"Polygon","coordinates":[[[8.47955575000006,56.744913750000066],[8.60707325000007,56.87848725000005],[9.004369749999967,57.0258982500001],[9.815971750000074,57.06637975000004],[10.388017249999947,57.05124775000009],[10.471894750000132,57.698103],[9.196804750000013,57.1437475000001],[8.528958,57.049442249999984],[8.47955575000006,56.744913750000066]]]},"properties":{"NAME":null,"SUBJECTO":null,"PARTOF":null}},
{"type":"Feature","geometry":{"type":"Polygon","coordinates":[[[10.897290500000082,57.277359],[10.961735,57.233259499999974],[11.146249499999968,57.28895375000009],[11.068333,57.31791275000006],[10.897290500000082,57.277359]]]},"properties":{"NAME":null,"SUBJECTO":null,"PARTOF":null}},
{"type":"Feature","geometry":{"type":"Polygon","coordinates":[[[9.649720750000085,54.84839600000012],[9.52624925,55.09027475000009],[10.262221250000124,56.18229150000006],[10.789096500000014,56.208816500000054],[10.950972,56.419651250000015],[10.428235250000014,56.56716025000013],[10.05867825000007,57.0491250000001],[9.276633000000103,56.98046125000005],[8.748957249999961,56.66617575000005],[8.179235,56.66735650000011],[8.678609250000022,55.06034650000002],[9.545277750000096,54.898399],[9.61861,54.87353475000012],[9.649720750000085,54.84839600000012]]]},"properties":{"NAME":null,"SUBJECTO":null,"PARTOF":null}},
{"type":"Feature","geometry":{"type":"Polygon","coordinates":[[[10.232291250000102,54.92152249999998],[10.294444,54.888535],[10.376665500000016,54.891315499999976],[10.248332500000046,54.94617849999996],[10.232291250000102,54.92152249999998]]]},"properties":{"NAME":null,"SUBJECTO":null,"PARTOF":null}},
{"type":"Feature","geometry":{"type":"Polygon","coordinates":[[[11.755971249999988,54.667354750000115],[11.790972,54.925619250000054],[11.000404250000102,54.821815749999956],[11.339139,54.662290500000026],[11.755971249999988,54.667354750000115]]]},"properties":{"NAME":null,"SUBJECTO":null,"PARTOF":null}},
{"type":"Feature","geometry":{"type":"Polygon","coordinates":[[[10.804998500000067,54.873194],[10.901109500000018,55.065138],[10.748749249999989,54.97173275000006],[10.68020775,54.869926],[10.804998500000067,54.873194]]]},"properties":{"NAME":null,"SUBJECTO":null,"PARTOF":null}},
{"type":"Feature","geometry":{"type":"Polygon","coordinates":[[[9.779512,54.92485625],[9.999790250000075,54.88255875000007],[9.92708225,55.02541525],[9.779512,54.92485625]]]},"properties":{"NAME":null,"SUBJECTO":null,"PARTOF":null}},
{"type":"Feature","geometry":{"type":"Polygon","coordinates":[[[10.598609750000037,55.034091750000044],[10.511249,54.99228875000007],[10.565624500000112,54.95006575000005],[10.665901500000032,55.00291250000009],[10.598609750000037,55.034091750000044]]]},"properties":{"NAME":null,"SUBJECTO":null,"PARTOF":null}},
{"type":"Feature","geometry":{"type":"Polygon","coordinates":[[[12.164860500000103,54.93693775000003],[12.464027,54.94319175000008],[12.373332,55.017494500000126],[12.164860500000103,54.93693775000003]]]},"properties":{"NAME":null,"SUBJECTO":null,"PARTOF":null}},
{"type":"Feature","geometry":{"type":"Polygon","coordinates":[[[10.821734750000047,55.25103750000004],[10.353471250000084,55.595830749999976],[9.83409574999996,55.528606500000095],[10.41152624999998,55.042774250000036],[10.821734750000047,55.25103750000004]]]},"properties":{"NAME":null,"SUBJECTO":null,"PARTOF":null}},
{"type":"Feature","geometry":{"type":"Polygon","coordinates":[[[8.418193750000043,55.36812],[8.45965149999995,55.403328],[8.433818249999945,55.43423074999997],[8.37097150000001,55.43818824999995],[8.418193750000043,55.36812]]]},"properties":{"NAME":null,"SUBJECTO":null,"PARTOF":null}},
{"type":"Feature","geometry":{"type":"Polygon","coordinates":[[[12.850363223854629,56.47646877957913],[13.301851305468329,55.3006969320363],[14.397108831137183,55.96974112856973],[12.850363223854629,56.47646877957913]]]},"properties":{"NAME":"Danes","SUBJECTO":"Danes","PARTOF":"Danes"}},
{"type":"Feature","geometry":{"type":"Polygon","coordinates":[[[42.033598342603256,48.09785594146713],[40.26401357623086,47.23721557360997],[43.60656257937872,45.54217660568926],[47.047421847325026,46.29448029770004],[47.93221423051123,47.370545798936526],[44.29473443296798,47.702400718940034],[42.033598342603256,48.09785594146713]]]},"properties":{"NAME":"Khazars","SUBJECTO":"Khazars","PARTOF":"Khazars"}},
{"type":"Feature","geometry":{"type":"Polygon","coordinates":[[[8.220716789303415,53.49000962758331],[8.22333726732918,53.34380503736139],[8.239444818130494,52.445114858993286],[10.451425776095984,50.9834073182767],[12.270165674867608,51.628719612108924],[11.090442497286013,53.29075251605871],[8.855332572036113,53.87171329924848],[8.220014939034861,53.52916802918103],[8.220716789303415,53.49000962758331]]]},"properties":{"NAME":"Saxons","SUBJECTO":"Saxons","PARTOF":"Saxons"}},
{"type":"Feature","geometry":{"type":"Polygon","coordinates":[[[12.448797568798627,47.10596180006795],[12.878527502376915,47.05540533729403],[12.874096780143914,47.18460266955733],[12.698244625391364,49.73445891346931],[12.143847753722543,50.10405682791518],[9.926260267047287,49.64205943485784],[9.094664959544062,49.82685839208077],[7.616273301760558,51.305250049864284],[5.768283729531163,51.397649528475746],[4.887622443760531,50.93565213541841],[-1.200452737116522,46.56274472133258],[-2.111427368757128,46.83671633780066],[-1.075199690358392,46.01461752529802],[-1.401169071336419,44.195493461232815],[-0.86725989190335,43.29965029563334],[1.517907713403588,42.527299581774706],[3.273497807021503,43.72849280372381],[3.80746892402912,43.46722754116716],[5.828570398791083,43.02081640835466],[7.467525371293705,43.81083423046961],[7.552810224993475,43.867450319487475],[8.04806702830276,44.01842822925312],[7.616273301760558,45.02208550428438],[7.893471737594965,45.8536808117876],[9.002265480932593,46.96247455512523],[10.4806571387161,47.23967299095964],[12.448797568798627,47.10596180006795]]]},"properties":{"NAME":"Frankish Kingdom","SUBJECTO":"Frankish Kingdom","PARTOF":"Frankish Kingdom"}},
{"type":"Feature","geometry":{"type":"Polygon","coordinates":[[[14.83955321420632,47.20101205446414],[13.938367980666602,47.62584593916281],[12.874096780143914,47.18460266955733],[12.878527502376915,47.05540533729403],[13.673180613024481,45.71450766201677],[14.540364200433025,45.25606156202871],[15.413038491471186,46.14395062991583],[14.83955321420632,47.20101205446414]]]},"properties":{"NAME":"Slavs","SUBJECTO":"Eastern Roman Empire","PARTOF":"Slavs"}},
{"type":"Feature","geometry":{"type":"Polygon","coordinates":[[[-56.12695583342671,53.46584387832734],[-58.78822689960135,52.57259027862411],[-60.1714630701033,53.29857710058178],[-60.221656217027494,53.32492080384565],[-62.88947585561168,54.72511691082654],[-65.64317158321862,55.262874161982396],[-71.0333844968322,55.19604828321671],[-74.19720512004018,52.927225836668605],[-78.74176950876009,52.74413883037645],[-78.49098679115032,52.25613745327654],[-79.5943498282597,51.265792452055834],[-81.74736496497844,52.170096956450365],[-82.34120651771282,52.98082312222185],[-82.20208450843548,54.968871675688646],[-84.46836563636516,55.16687735195818],[-87.46717545081829,55.91202887173357],[-89.72552200843548,56.93423422451677],[-90.44457718421673,57.144347749907396],[-92.40409578747519,56.97508393725052],[-93.82461083808953,56.86329884105465],[-102.14428729171048,57.21394132630312],[-111.28421353653351,58.55314202309659],[-114.56521270134176,60.59956315497872],[-118.19774749095093,62.712635573894396],[-124.93551363296793,64.83463268032534],[-132.43494029538678,62.496969371290604],[-139.52424206220468,62.41569007667785],[-144.68009789261768,63.19218524961806],[-150.1289000770314,63.324002732781025],[-160.9394989447178,63.98492305338062],[-161.13301559974408,63.56284292813005],[-165.43123337318158,62.42954214688005],[-165.89809128333783,61.27033575649919],[-164.02740952064252,59.798244081694506],[-162.37810226966596,60.16311606045427],[-162.00392624427533,58.82661017056169],[-160.4305314688847,59.00216635342302],[-158.2914170890019,58.730208955962084],[-157.66533371497846,57.60424383755388],[-160.45729538490033,56.19991263027849],[-159.07692429115033,55.991962038237475],[-156.68457504798627,57.40069922085466],[-154.64931198646283,58.07648047085466],[-154.28227707435346,59.24877508755388],[-151.7829942374394,59.99495657559099],[-151.38795944740033,59.21278341885271],[-149.32562729408002,60.02748068447771],[-148.49261948158002,61.06433828945818],[-144.40642258216596,60.09257086392107],[-139.57256027747846,59.89999731655779],[-139.20009323646283,59.27733954067888],[-137.57666489173627,58.6041637289113],[-134.12349411536908,58.239215456206225],[-130.66179631968183,54.95945627584521],[-130.47570035171248,54.96824644247599],[-129.85166667284474,54.99772241705144],[-128.5879066342332,55.05741560353968],[-125.6971741533699,55.193958165256824],[-115.03392686774305,52.03295961287972],[-114.46737387359948,51.99955012922175],[-105.19092937331824,51.45252059422696],[-98.92187739770243,50.2317206620755],[-95.56635546846715,49.996303801904524],[-87.78991594567441,49.93094833834401],[-85.03622021806746,49.0940751201903],[-81.93098886565963,48.90187753952613],[-72.32234845443543,46.29511259543804],[-71.03368165476002,46.74621076936823],[-69.50712296058391,48.459212862212084],[-67.31770798255657,49.42533453579607],[-66.37273880531048,50.31387671108904],[-61.64020630408977,50.27692373867693],[-60.13784500648235,50.411700807768725],[-58.52433868934368,51.37948568936052],[-56.96410461951946,51.4884410726613],[-55.6590242057011,52.18734701748552],[-56.12695583342671,53.46584387832734]]]},"properties":{"NAME":"Subarctic forest hunter-gatherers","SUBJECTO":"Subarctic forest hunter-gatherers","PARTOF":"Subarctic forest hunter-gatherers"}},
{"type":"Feature","geometry":{"type":"Polygon","coordinates":[[[142.33755019615435,-10.91538277987776],[141.67852309654498,-12.467817701142408],[141.4681501717403,-14.75677625064192],[141.71129897545123,-15.226692594330885],[140.80094436119342,-17.561829007905104],[140.2497206063106,-17.79824296359358],[139.24831679771685,-17.431642926972486],[137.07371047447467,-16.031298078339674],[136.6871443123653,-16.025764859955885],[135.38805678795123,-14.896969236176588],[135.8308973641231,-13.484774030488111],[136.66369155357623,-12.624820150178053],[135.4445448250606,-12.17612496737776],[134.93998244713092,-12.33612195376692],[133.55918410728717,-11.951347745698072],[130.46349624107623,-12.758938230317213],[129.1964216561153,-14.992895520966627],[127.96256545494343,-14.703128255646803],[126.8534269661739,-13.783772863190748],[125.86320022056843,-14.694914258759596],[125.15565780113484,-14.80450574282942],[124.42450240562702,-15.657898343842604],[124.27727034996296,-16.5227836740428],[122.73833754966999,-16.58328477267561],[122.08547500084187,-17.398397840302565],[122.19645217369343,-18.243687070649244],[120.87214950035359,-19.676941312592604],[117.59692672203327,-20.75833360080061],[116.41879561851765,-20.83712235812483],[113.62543014000202,-22.56592980746565],[113.76201919029499,-23.481134809296705],[113.43258956383015,-24.874161161225416],[114.18252089927937,-26.0170406473094],[113.43298629234577,-26.572010434907057],[113.96464065025593,-28.033178724091627],[114.63039687584187,-28.90295831088362],[115.0582609505489,-30.80351296786604],[115.74726394127156,-32.20761147860823],[115.64668563316609,-33.36537591342268],[115.04692367027546,-34.42245522860823],[116.56097701500202,-35.18929711703596],[118.20707992027546,-35.090340055268385],[119.77148726890827,-34.12017098788557],[123.62303451011921,-33.915073789399244],[124.24838546226765,-33.1441272867137],[126.05894759605671,-32.43436471347151],[127.26507857750202,-32.38098565463362],[129.1853895516231,-31.798204816620924],[131.2801618904903,-31.634849942963697],[131.99254897545123,-32.06590691928206],[133.83703139732623,-32.34197274569807],[135.15310195396685,-34.05044213656721],[135.52807143638873,-35.054886258881666],[137.45717910240435,-33.31413308505354],[138.10149672935748,-34.35610619906721],[139.36791518638873,-35.614273465912916],[140.01201919029498,-37.64163247470198],[140.6521864266231,-38.16391030673323],[143.36480239341998,-38.96973077182112],[144.96982863853717,-38.0657581460887],[145.93387893150592,-38.881470121186354],[146.82104018638873,-38.84133569125471],[148.0369978279903,-38.09787026767073],[149.50414565513873,-37.928848661225416],[149.98484328697467,-37.34688226107893],[150.22150710533404,-35.694107450287916],[150.7619734139278,-35.253128446381666],[151.36449721763873,-33.52090112094221],[152.17618850181842,-32.87666741732893],[152.97185805748248,-31.418175138276197],[152.93955520103717,-30.69940034274397],[153.4934950203731,-28.840868390839674],[152.94622329185748,-27.340992368500807],[153.06907180259967,-26.227749265473463],[151.73014357994342,-24.15748826388655],[150.80247024009967,-23.599888242524244],[150.7544050545528,-22.811520017426588],[149.55675795982623,-22.432550824921705],[149.10148147056842,-21.06012383822737],[148.1904402108028,-20.171909726899244],[146.32175734947467,-19.082291044037916],[145.86948684166217,-17.194960035126783],[145.32554152916217,-16.4904293191844],[145.1843366951778,-15.047596372407057],[143.7431745858028,-14.465823568146803],[143.17309096763873,-12.12133923892317],[142.33755019615435,-10.91538277987776]]]},"properties":{"NAME":"Australian aboriginal hunter-gatherers","SUBJECTO":"Australian aboriginal hunter-gatherers","PARTOF":"Australian aboriginal hunter-gatherers"}},
{"type":"Feature","geometry":{"type":"Polygon","coordinates":[[[146.7127333016231,-43.721809781830885],[147.8153181404903,-42.96535149936018],[148.26952651451373,-41.09258309726057],[146.3822126717403,-41.30834618930159],[144.7761335701778,-40.84276238803206],[145.72265151451373,-43.24016610507307],[146.7127333016231,-43.721809781830885]]]},"properties":{"NAME":"Tasmanian hunter-gatherers","SUBJECTO":"Tasmanian hunter-gatherers","PARTOF":"Tasmanian hunter-gatherers"}},
{"type":"Feature","geometry":{"type":"MultiPolygon","coordinates":[[[[143.05691054771685,53.06198462124529],[141.76703933189654,53.2722659933156],[141.64321425865435,51.81308706875505],[142.15287307213092,50.89004477139177],[141.73180678795123,47.471191011626146],[142.48990920494342,47.901603304106615],[143.6331434578731,50.234977327544115],[142.94391921470904,51.61730536099138],[143.05691054771685,53.06198462124529]]],[[[140.01261428306842,41.38180883999529],[140.24552443931842,42.2284427511281],[141.92812636802935,42.50126227017107],[143.2137556404903,41.926539980132006],[143.84792617271685,42.77464636440935],[145.4481306404903,43.16955908413591],[145.05938247154498,43.785766206938646],[143.50817397545123,44.155761324126146],[141.8753309578731,45.435424410063646],[141.30364516685748,43.187030397612475],[139.71174148033404,42.47759588833513],[140.01261428306842,41.38180883999529]]]]},"properties":{"NAME":"Ainu","SUBJECTO":"Ainu","PARTOF":"Ainu"}},
{"type":"Feature","geometry":{"type":"Polygon","coordinates":[[[105.40307092131953,72.748726095192],[98.45947004862771,69.79094730127832],[75.85638492783956,61.42677903286463],[62.80579411405116,56.95520024672745],[59.09429166962169,56.4318399506882],[65.31164209247186,55.04663307077481],[78.36223290626025,56.41019430623805],[93.70004066679506,56.48455609390737],[99.53745541241915,55.2811223478262],[99.48535412032993,55.65854236961009],[107.9615110406255,59.8183896994711],[114.0159088408366,59.54672904426065],[116.70675230759709,54.659373183217475],[119.93576446770969,51.257643821866914],[125.05303583437123,50.372203152868515],[127.65227344924791,50.26159358667648],[128.28937198801248,50.23448210114281],[134.8699457082304,52.00920268938546],[141.0472980268994,52.68965608140495],[140.10245803306842,53.80170401211443],[138.41680434654498,54.091910921294115],[137.97939589927935,53.464583955962084],[136.35065749595904,53.70121344204607],[136.49160293052935,54.4554935323781],[134.98522475670123,54.853934847075365],[137.2290907234981,55.98272284146013],[140.58739760826373,58.239310823637865],[142.84585097740435,59.27252539272966],[148.41608718345904,59.09739264126482],[149.04528335045123,59.58715399380388],[151.14020827720904,59.43957098599138],[152.50420669029498,58.76871832485857],[153.92443374107623,58.922347627837084],[154.31565383384967,59.98334845181169],[155.7338972420528,60.55536612148943],[157.0979872078731,61.63339956875505],[158.84125808189654,61.78396948452654],[160.6449842781856,60.71775396938982],[164.13767531822467,62.532653413969896],[163.32929519127154,60.69494970913591],[159.64911941002154,58.95374640103044],[158.3262586922481,58.026820741850756],[156.77685073326373,57.58045538540544],[155.6275739998653,56.26791723843279],[155.46520522545123,54.91977270718279],[156.6963758797481,50.957748018462084],[157.89777663658404,51.66602285977068],[158.46136001060748,52.82596167202654],[159.8968611092403,53.24057730313005],[159.93114760826373,54.086356722075365],[162.00820449302935,54.73822363491716],[161.50274184654498,55.287372194487475],[162.51240066002154,57.033492647368334],[161.80436232994342,58.1017223226613],[163.3886823983028,59.81406363125505],[164.5846052498653,59.66465338345232],[165.7799940438106,60.35411413784685],[170.3368025154903,60.27710302944841],[170.34409823134902,60.27960975244485],[169.48091979943723,61.192640399715565],[172.4408476128738,63.07842210456581],[171.76813674618367,65.85917681241212],[168.13549806605704,67.45778023799447],[155.89216029229675,68.16901029658281],[130.86731605142418,69.90104204211539],[124.54383390453704,71.58610355723228],[123.5007008987776,73.50494943844788],[123.40985396812702,73.48077734585466],[122.24328139732624,72.90912207241716],[118.46038344810749,73.51922949429216],[111.76165297935749,73.65779455776872],[105.60022262047077,72.74426611538591],[105.40307092131953,72.748726095192]]]},"properties":{"NAME":"Paleo-Siberian hunter-gatherers","SUBJECTO":"Paleo-Siberian hunter-gatherers","PARTOF":"Paleo-Siberian hunter-gatherers"}},
{"type":"Feature","geometry":{"type":"Polygon","coordinates":[[[25.195617809103457,65.26795101619156],[34.72611897050977,65.78029310527337],[34.726172480089915,65.79697760220232],[35.771746668322336,66.25886877651872],[39.19002822349812,66.03870733853044],[41.25529769371296,66.93697699185076],[40.826052698595774,67.66004522915544],[35.43655303428913,69.15035589810076],[29.728575739367255,69.69756659146013],[30.798840555651434,70.30796393032732],[28.30841353843952,70.94864996548357],[24.570508036120184,70.7413822042531],[23.203606638415106,69.9427753316945],[20.157650980456122,69.747829042632],[17.406914743883856,68.77154120083513],[13.168647798998602,66.45833929653826],[12.112141642077216,65.12991675015154],[10.155425240070853,64.09932165034176],[11.528408300596416,61.89775715387968],[15.43013132739913,61.86605293654498],[17.93625548790241,62.54800375576677],[20.70065978477741,63.81812628384294],[20.92119315574909,64.71382483120622],[22.645554575426825,65.93478735562029],[25.25150779197956,65.41688879604997],[25.195617809103457,65.26795101619156]]]},"properties":{"NAME":"Saami","SUBJECTO":"Saami","PARTOF":"Saami"}},
{"type":"Feature","geometry":{"type":"Polygon","coordinates":[[[25.195617809103457,65.26795101619156],[25.18612578819538,65.24265631313982],[21.200139078600653,62.43518408413591],[29.018890834539626,61.77074313018303],[32.51698734132826,60.9322458642223],[46.105746848468755,57.7086220534561],[53.97646398874319,57.7086220534561],[59.09429166962169,56.4318399506882],[62.80579411405116,56.95520024672745],[75.85638492783956,61.42677903286463],[98.45947004862771,69.79094730127832],[105.40307092131953,72.748726095192],[105.2788191170528,72.7515369283742],[113.62504867027546,75.27267035122576],[113.53300765465046,76.0936542379445],[108.24447158287312,76.64641913052263],[103.39330581138874,77.5577884542531],[99.46723464439656,75.96692236538591],[94.69433883140827,76.18358191128435],[91.6346769661739,75.65272863979997],[89.79632857750202,75.52443274136247],[86.95832351158406,74.78206213589372],[87.69079116295124,73.90001257534685],[80.46401503990437,73.31357916470232],[79.22255996177937,72.2712894308156],[73.21685317466999,71.45773657437029],[74.24957564781452,70.5729480611867],[73.91452315758015,69.15427740688982],[74.74171737144734,67.68622168179216],[72.20881179283406,66.17345770474138],[70.83993056724812,66.55140265103044],[72.83769515465046,67.64564856167497],[72.67970565269734,70.823512636382],[71.79755691002156,71.43180426235857],[72.7139997811153,72.76958807583513],[69.34311202476765,72.83426245327654],[68.31624892662312,71.63485296841326],[66.81797316978718,71.10538061733904],[67.42175582359577,70.22343023892107],[66.58425429771687,68.88553961392107],[62.2812719673946,69.7051273214406],[57.02422622154499,68.44890936489763],[53.889117273791086,68.78699835415544],[48.08066085289265,67.56245764370622],[45.8634367317989,68.3833499776906],[43.8221655220821,68.3273197042531],[44.383608850939524,66.61201819058122],[42.21078780601765,66.41000708218279],[39.9513273567989,65.58116491909685],[39.19344237755085,64.5110355245656],[36.88390639732624,65.0676990377492],[37.410540613634836,63.749496065337084],[35.081763300402415,64.28833349819841],[34.725588831408274,65.61499365444841],[34.72611897050977,65.78029310527337],[25.195617809103457,65.26795101619156]]]},"properties":{"NAME":"Finno-Ugric taiga hunter-gatherers","SUBJECTO":"Finno-Ugric taiga hunter-gatherers","PARTOF":"Finno-Ugric taiga hunter-gatherers"}},
{"type":"Feature","geometry":{"type":"MultiPolygon","coordinates":[[[[-75.62469955970501,69.10160406704607],[-73.18491837074016,68.2958026754445],[-72.30491348792766,67.26360663052263],[-75.78904434730266,65.19718512173357],[-73.16355606605266,64.57397040005388],[-71.31892105628704,63.06125982876482],[-69.1552629141972,62.41962011929216],[-65.94033524085735,61.789996706206225],[-66.49595352699016,63.07743414517107],[-64.47394272376751,63.74430426235857],[-67.61417099525188,65.91180761929216],[-62.84475418616985,65.61426123257341],[-61.21058365394329,66.63500555630388],[-68.66534897376751,68.71612890835466],[-66.66814133216594,69.1860843526906],[-69.46268173743938,69.96011694546404],[-71.25251480628704,71.35079535122576],[-73.27524277259563,71.16077002163591],[-75.32202621986126,72.54841955776872],[-80.48866745521282,73.03700598354997],[-81.53178116370891,73.68835791226091],[-88.09924789954876,73.63606604214372],[-89.63864609290813,72.782252870757],[-89.9971818595097,71.541286073882],[-87.94921585609173,71.35059698696794],[-87.94801041175579,70.3849140035695],[-82.26922318031048,69.86035498257341],[-78.71291824866985,70.01144751187029],[-75.62469955970501,69.10160406704607]]],[[[-98.25264450599407,69.69410284634294],[-99.36504837562298,68.97447546597185],[-96.21271225501751,68.53721197720232],[-96.18220993568157,69.2970462667531],[-98.25264450599407,69.69410284634294]]],[[[-81.91070267249798,64.5216785299367],[-85.55754562904094,65.863551698882],[-86.24284073402141,64.54231604214372],[-85.46279617835735,63.20551642056169],[-81.91070267249798,64.5216785299367]]],[[[-60.221656217027494,53.32492080384565],[-60.13723846961712,53.684318147856615],[-57.51535126258587,54.46576651211443],[-59.69376083900188,55.15365942593279],[-61.92769333411907,56.27295645352068],[-62.886959996716726,58.65644415493669],[-64.6706208853886,60.18091925259294],[-65.86144730140423,58.795341097075365],[-67.77240463783001,58.24854239102068],[-69.2142228751347,58.74767645474138],[-70.02829453040813,60.883170686919115],[-73.39458176185344,62.354999147612475],[-75.69460007240032,62.21628912563982],[-77.36155411292766,62.5174938070363],[-77.50717636634563,60.414630495268725],[-78.33678909827923,58.551471315581225],[-76.77238174964641,57.662501894194506],[-76.43862625648235,56.80968817349138],[-77.23383804847454,55.60653647061052],[-79.54511734534954,54.69186361904802],[-78.74176950876009,52.74413883037645],[-74.19720512004018,52.927225836668605],[-71.0333844968322,55.19604828321671],[-65.64317158321862,55.262874161982396],[-62.88947585561168,54.72511691082654],[-60.221656217027494,53.32492080384565]]],[[[-91.05135056068157,74.0474124776906],[-95.06853958656048,74.06405218716326],[-95.05836960365032,72.28313788052263],[-91.31957718421673,73.25516089077654],[-91.05135056068157,74.0474124776906]]],[[[-123.49339005042766,74.44630011196794],[-125.61702438880657,71.9903827535695],[-123.46767136146282,71.19864233608904],[-120.8434953360722,71.53027685757341],[-120.45359512855266,72.2985111105031],[-117.685761580263,73.21545873829851],[-123.49339005042766,74.44630011196794]]],[[[-117.21970840980266,72.85729559536638],[-118.98560806800579,72.03416784878435],[-117.31387802650188,71.47455175991716],[-117.56819626380657,69.99218329067888],[-113.15218063880657,68.59556921597185],[-110.44822403480266,68.65314062710466],[-106.85383316566204,69.45092352505388],[-104.18777176429485,68.89776190396013],[-101.80838486243938,69.1356464254445],[-101.05518051673626,70.03077276821794],[-104.62044428584238,71.09253252294585],[-110.34678520373127,71.19655506982303],[-117.21970840980266,72.85729559536638]]],[[[-43.578778234021414,59.935687624174975],[-42.78493210365032,60.52916296597185],[-42.27136322547649,62.19441946621599],[-40.51624771644329,63.782069765288256],[-39.69494684817376,65.18696970170159],[-42.793355971161034,65.40311483729091],[-43.84796284556369,64.20612586086018],[-44.25808774116473,61.869878095613615],[-43.578778234021414,59.935687624174975]]],[[[-50.93936249305462,67.52581366177263],[-53.10253998328899,65.87324865933122],[-52.07773300697063,65.37242468472185],[-51.365765538708914,63.726012788969896],[-49.85748383094524,62.966544710356615],[-48.915463414685476,61.42103537197771],[-46.15809589644378,60.937403792612976],[-46.13294440676946,61.75918500066533],[-47.65626544757329,62.79478134157128],[-49.06240794677684,64.7863184095137],[-49.472532842377866,67.03273287353856],[-50.53911897259659,67.48805571153352],[-50.93936249305462,67.52581366177263]]],[[[-160.9394989447178,63.98492305338062],[-150.1289000770314,63.324002732781025],[-144.68009789261768,63.19218524961806],[-139.52424206220468,62.41569007667785],[-132.43494029538678,62.496969371290604],[-124.93551363296793,64.83463268032534],[-118.19774749095093,62.712635573894396],[-114.56521270134176,60.59956315497872],[-111.28421353653351,58.55314202309659],[-102.14428729171048,57.21394132630312],[-93.82461083808953,56.86329884105465],[-92.40409578747519,56.97508393725052],[-93.07417770911907,58.55101355190935],[-94.68383499671673,58.87849386807146],[-94.75318619300579,59.94999273892107],[-93.42261978675579,61.858031831938646],[-91.41749283363079,62.852889620024584],[-91.02674576331829,63.39461477871599],[-89.87039658118938,63.57521780605974],[-89.86152359534954,63.6466556417531],[-89.99451157142376,64.03280218716326],[-87.43523117591594,64.568873964507],[-89.6923722891972,65.67328222866716],[-89.77756973792766,65.97996100063982],[-87.78694626380657,65.34908636685076],[-85.9871492057011,66.16278418179216],[-83.13871475745891,66.37349279995622],[-81.29496475745891,67.4987293111867],[-82.68726822425579,68.69747503872576],[-81.47992416908001,69.1886478292531],[-84.31351944495891,69.82621344204607],[-86.48843857337688,67.37778814907732],[-90.00918289710735,68.36909826870622],[-91.1724519400761,69.64666327114763],[-95.41064926673626,71.85898932095232],[-96.69965073158001,70.83835943813982],[-96.12698074866985,69.9408450948781],[-92.95613571693157,69.08434637661638],[-96.20792862464641,68.07355078335466],[-101.91296860267376,67.70532568569841],[-105.6359758048222,68.35485418911638],[-107.66202255775188,67.96261938687029],[-112.5025300650761,67.69295843716326],[-115.28510757972454,68.89208563442888],[-117.83234116126751,69.00779303188982],[-122.32606216956829,69.88448675747576],[-125.97399612952923,69.43039282437029],[-127.35170456458782,70.38026007290544],[-129.01314255286908,69.72018011685076],[-131.67297836829877,69.27615698452654],[-135.4391984610722,69.52628668423357],[-137.72852036048627,69.01584204312029],[-143.30757614661908,70.19675024624529],[-145.27254196693158,70.1163822042531],[-149.28632065345502,70.5392337667531],[-156.90474411536908,71.34585913296404],[-160.24033066322065,70.85846289272966],[-162.87912460853315,69.99906500454607],[-164.06718918372846,69.06467779751482],[-166.84352585365033,68.40520819302263],[-163.73874374915815,67.21832617397966],[-161.93573471595502,67.08837469692888],[-162.27507492591596,66.07097967739763],[-164.46313950111127,66.59615667935076],[-168.1797990470097,65.69388922329607],[-166.1386613516972,65.35480078335466],[-166.58603378822065,64.73040350552263],[-163.02521225501752,64.44165381069841],[-160.9394989447178,63.98492305338062]]],[[[-62.81141255638844,81.15595684596342],[-66.52167984534954,80.71127661343279],[-65.48489090491985,79.15823706265154],[-72.38322922279094,78.52572973843279],[-71.18388077308391,77.25953253384294],[-67.03665634681438,75.93623694058122],[-62.44868119723538,76.33836403843989],[-63.35819002201287,78.2356337190557],[-62.81141255638844,81.15595684596342]]],[[[-102.27919479896282,73.14715918179216],[-101.65373703529094,72.373073183257],[-98.93899246741985,71.39222296353044],[-96.84962173988079,71.87977179165544],[-96.68853470374798,72.81653936978044],[-102.27919479896282,73.14715918179216]]],[[[-91.1346330313847,76.63252600308122],[-91.86679550697063,74.78889807339372],[-88.1436433463261,74.56897314663591],[-80.34932419349407,74.61590155239763],[-79.49518295814251,75.279811464507],[-81.70312210609173,75.8749500143117],[-86.61799332191204,75.432155214507],[-89.80173965980266,75.91820105190935],[-90.64653488685344,75.95013006802263],[-91.15639969398235,75.97433813687029],[-89.81152817298626,76.37251623745622],[-91.1346330313847,76.63252600308122]]],[[[-75.92493912269329,82.51744421597185],[-78.32092758704876,80.965358339507],[-83.6183747916386,80.20665320034685],[-85.80681320716594,78.90618475552263],[-87.27270981361126,76.50420721646013],[-78.21225449134563,76.54684790249529],[-78.36676498939251,78.03287085171404],[-71.45447250892376,79.84579046841326],[-66.48169418861126,81.3028827535695],[-62.4271020560429,82.633571230132],[-70.58430191566204,83.17604406948747],[-75.92493912269329,82.51744421597185]]],[[[-60.1714630701033,53.29857710058178],[-58.78822689960135,52.57259027862411],[-56.12695583342671,53.46584387832734],[-57.56114288856243,54.13071020718279],[-60.1714630701033,53.29857710058178]]],[[[123.5007008987776,73.50494943844788],[124.54383390453704,71.58610355723228],[130.86731605142418,69.90104204211539],[155.89216029229675,68.16901029658281],[168.13549806605704,67.45778023799447],[171.76813674618367,65.85917681241212],[172.4408476128738,63.07842210456581],[169.48091979943723,61.192640399715565],[170.34409823134902,60.27960975244485],[170.51969436119342,60.33994253750505],[173.48090651939654,61.601100527007006],[179.28769973228717,62.81507834072771],[178.14725783775592,64.15663488979997],[180,64.95347937222185],[180,65.05193670864763],[180,65.31103094692888],[180,65.38163336392107],[180,65.96313055630388],[180,66.96313055630388],[180,67.96313055630388],[180,68.91989477749529],[175.6109724373653,69.77942999478044],[170.45170119713092,70.0192142355031],[170.83280471275592,68.9219470846242],[169.38860610435748,68.71748694058122],[167.3200788826778,69.65857275601091],[161.96099379966998,69.52816351528826],[159.4438124031856,69.76456030483904],[158.40867141197467,70.81418951626482],[156.0431776375606,70.98655279751482],[152.13401320884967,70.66443213101091],[146.9151258797481,72.20190008755388],[141.29397109459185,72.78707464810076],[137.62967971275592,71.07541998501482],[132.28361037681842,71.66087683315935],[130.77927688072467,70.67834051724138],[126.2164411873653,72.38231238003435],[127.71956160972859,73.4015384542531],[124.22215560386921,73.69691046353044],[123.5007008987776,73.50494943844788]]],[[[-170.4731340079472,66.29494055386247],[-173.87494370033002,67.1593280660695],[-180,68.91692694302263],[-180,67.96313055630388],[-180,66.96313055630388],[-180,65.96313055630388],[-180,65.381618105132],[-180,65.31103094692888],[-180,65.2592273580617],[-178.11627670814252,65.4824939596242],[-173.0770158438847,64.3839832174367],[-172.56233688880658,65.51480444546404],[-170.4731340079472,66.29494055386247]]]]},"properties":{"NAME":"Arctic marine mammal hunters","SUBJECTO":"Arctic marine mammal hunters","PARTOF":"Arctic marine mammal hunters"}},
{"type":"Feature","geometry":{"type":"Polygon","coordinates":[[[-67.48158657100439,-31.655864143664434],[-69.31964832592786,-29.30477628067829],[-68.6165770763261,-26.666495445378],[-67.12255067092232,-25.032037581988202],[-66.09723843191973,-20.13835052013179],[-65.90622541609757,-18.31105888474315],[-66.59524723372101,-19.145123826644383],[-67.35618174619,-19.194339303429263],[-67.82483020416323,-22.474878509241908],[-67.95249314419908,-24.64514848985133],[-68.19179403160726,-25.492041488175367],[-70.39814468909954,-25.24891320590315],[-70.93462082435344,-27.727417386811354],[-71.43014999915813,-29.100479520600416],[-71.69539352943157,-30.85409013156233],[-71.41605087806438,-32.75256768588362],[-71.61574265052532,-33.70565453891096],[-72.62884995033001,-35.64587823275862],[-73.14423080970501,-37.155796445649244],[-73.67253586341594,-37.500854886811354],[-73.19384476234173,-39.565369046967604],[-73.90523239661907,-40.83904305819807],[-72.72818067052704,-41.55336179549616],[-72.0684836753677,-40.547229038878235],[-69.43682686752817,-37.15902614350158],[-67.64985410812366,-33.57694564055348],[-67.48158657100439,-31.655864143664434]]]},"properties":{"NAME":"Andean hunter-gatherers","SUBJECTO":"Andean hunter-gatherers","PARTOF":"Andean hunter-gatherers"}},
{"type":"Feature","geometry":{"type":"Polygon","coordinates":[[[-69.11474151787864,-51.35236245613261],[-69.16695114661907,-51.14943734530745],[-67.83347031165813,-49.9682125223094],[-67.57759567786907,-49.058533109467604],[-66.07773300697063,-48.142071164887525],[-65.77598282386516,-47.23012200717268],[-67.32806870033001,-46.531616605561354],[-67.47247788001751,-45.92232171420393],[-66.69494339515423,-45.131103910248854],[-65.43618485023235,-44.88974038485823],[-65.30717178870891,-43.6014026773387],[-63.599965062634695,-42.70437280062971],[-64.9920320182011,-42.19338647250471],[-64.93894669105266,-40.8274768960887],[-62.96398254920696,-41.137459195893385],[-62.067765203015554,-39.55577508334456],[-61.360714879529226,-39.03129998568831],[-59.515431371228445,-38.874519742768385],[-57.80888458778118,-38.386490262787916],[-56.69811340858196,-36.944073118012525],[-57.419239964978445,-35.99675027255354],[-57.34773727943157,-34.508438504975416],[-56.33826157142376,-34.99545327548323],[-54.074337926404226,-34.647842801850416],[-52.35066696693157,-32.67519036654768],[-52.14362427283977,-31.747351087372877],[-52.14021349238029,-31.740936200871825],[-53.544487162988226,-31.446480334683482],[-54.36473695419029,-30.592916632921295],[-57.352789764997816,-29.680878909474107],[-63.563252469813456,-30.036561103144948],[-67.48158657100439,-31.655864143664434],[-67.64985410812366,-33.57694564055348],[-69.43682686752817,-37.15902614350158],[-72.0684836753677,-40.547229038878235],[-70.57931764813105,-40.57909976037915],[-71.6339245225337,-43.19554606268768],[-72.1905225951351,-45.990119696472405],[-72.04404941813473,-48.76638855343405],[-71.16521035613252,-51.561440909776984],[-69.11474151787864,-51.35236245613261]]]},"properties":{"NAME":"Pampas cultures","SUBJECTO":"Pampas cultures","PARTOF":"Pampas cultures"}},
{"type":"Feature","geometry":{"type":"MultiPolygon","coordinates":[[[[-48.639821019665945,-1.058396257203199],[-48.40189072181438,-0.390650845807173],[-50.50141235877727,-0.261749692004301],[-50.4762849478886,-1.678760803979017],[-49.34711548377727,-1.644541300576307],[-48.639821019665945,-1.058396257203199]]],[[[-61.695771781275944,8.610088933385873],[-60.792721715466726,9.3882327901906],[-61.530865636365164,9.850575052458666],[-64.06826111366009,10.626809679228685],[-64.8836564688847,10.135678850371264],[-66.4781160025761,10.678809725005053],[-67.97961136390423,10.542116724211596],[-68.69460007240032,11.379503809172533],[-69.74783798743938,11.53345926876726],[-71.09841629554485,11.120093904692553],[-71.49555679847454,10.646208368498705],[-71.09831711341594,9.327861391264818],[-70.68184887203134,8.55721593295672],[-65.96541257261946,8.180441590467876],[-63.06524366801216,8.32539786170036],[-61.695771781275944,8.610088933385873]]],[[[-77.09872910072063,20.533275209624193],[-75.51905533363079,19.907353960234545],[-74.34484573890423,20.32301291104021],[-75.60392471839641,21.013194643217943],[-77.33981796790813,21.511664949614428],[-78.17056747962688,22.120128236967943],[-79.75995346595501,22.758782945830248],[-81.43114944984173,23.136655412871264],[-81.79230972816204,22.207803331572435],[-79.73454758216594,21.671853624541185],[-78.72787949134563,21.61678846951189],[-78.45036026527141,20.96900328274431],[-77.09872910072063,20.533275209624193]]],[[[-70.76542374183391,18.493663393217943],[-68.6568498282597,18.873176180083178],[-70.88160416175579,19.929931246001146],[-72.67646500159954,19.39217909451189],[-72.74589249183391,18.50850065823259],[-71.40075394202923,17.70413168545427],[-70.76542374183391,18.493663393217943]]]]},"properties":{"NAME":"Caribbean hunter-gatherers","SUBJECTO":"Caribbean hunter-gatherers","PARTOF":"Caribbean hunter-gatherers"}},
{"type":"Feature","geometry":{"type":"MultiPolygon","coordinates":[[[[-69.21397110511516,-54.93401757602034],[-66.98282333900188,-54.34066430453596],[-68.30537888099407,-52.94305077914534],[-69.40672012855266,-52.56648675326643],[-70.33333298255657,-53.47274438266096],[-69.21397110511516,-54.93401757602034]]],[[[-69.11474151787864,-51.35236245613261],[-71.16521035613252,-51.561440909776984],[-72.04404941813473,-48.76638855343405],[-72.1905225951351,-45.990119696472405],[-71.6339245225337,-43.19554606268768],[-70.57931764813105,-40.57909976037915],[-72.0684836753677,-40.547229038878235],[-72.72818067052704,-41.55336179549616],[-72.52966019202923,-43.0627063882762],[-72.99853226234173,-43.333660520356275],[-73.57108780433391,-46.26491204623518],[-74.56387039710735,-45.87150613192854],[-75.0111970572636,-46.77391091708479],[-73.97875687171673,-47.0317005289012],[-74.31235214759563,-48.745132840912916],[-74.07494827796673,-50.47341576937971],[-73.4080705313847,-52.023838437836744],[-71.8722810416386,-53.69564858798323],[-70.73358627845501,-52.80150643710432],[-69.4830217032597,-52.360935605805494],[-69.07692429115032,-51.49934808139143],[-69.11474151787864,-51.35236245613261]]]]},"properties":{"NAME":"Patagonian shellfish and marine mammal hunters","SUBJECTO":"Patagonian shellfish and marine mammal hunters","PARTOF":"Patagonian shellfish and marine mammal hunters"}},
{"type":"Feature","geometry":{"type":"Polygon","coordinates":[[[-48.796904749948716,-28.475548314302703],[-48.72837921668743,-28.367052472870924],[-48.51618668128704,-25.87625161532698],[-48.72452255775188,-25.425621427338697],[-46.20621201087688,-23.882822431367018],[-45.459210362927664,-23.855831540864088],[-44.561295476453054,-22.989857114594557],[-43.236432647623026,-23.031526977456625],[-43.27671745526228,-21.589111335510133],[-45.94252927666899,-21.75245598059426],[-49.48718016007792,-24.553337158794967],[-49.83871578487881,-26.797313680361846],[-48.796904749948716,-28.475548314302703]]]},"properties":{"NAME":"Shellfish gatherers","SUBJECTO":"Shellfish gatherers","PARTOF":"Shellfish gatherers"}},
{"type":"Feature","geometry":{"type":"Polygon","coordinates":[[[-65.90622541609757,-18.31105888474315],[-66.09723843191973,-20.13835052013179],[-67.12255067092232,-25.032037581988202],[-68.6165770763261,-26.666495445378],[-69.31964832592786,-29.30477628067829],[-67.48158657100439,-31.655864143664434],[-63.563252469813456,-30.036561103144948],[-57.352789764997816,-29.680878909474107],[-54.36473695419029,-30.592916632921295],[-53.544487162988226,-31.446480334683482],[-52.14021349238029,-31.740936200871825],[-52.04218765784954,-31.556572355073072],[-50.58172699500774,-30.41646806124983],[-48.85215473085459,-28.563025096783424],[-48.796904749948716,-28.475548314302703],[-49.83871578487881,-26.797313680361846],[-49.48718016007792,-24.553337158794967],[-45.94252927666899,-21.75245598059426],[-43.27671745526228,-21.589111335510133],[-43.236432647623026,-23.031526977456625],[-41.95784470130657,-22.92082253817854],[-40.983502355115164,-22.08642999057112],[-40.932816472546804,-21.279411710541822],[-39.69133850623821,-19.40879670504866],[-39.666134801404226,-18.226957715790846],[-39.142498937146414,-17.77471772555647],[-38.94815537025188,-16.001592077057936],[-39.126217809216726,-14.324533857148268],[-38.79886719276165,-12.627316869538404],[-38.266137090222585,-12.886686719697096],[-37.18652435828899,-10.844699300568678],[-35.5985994010136,-9.627626813691236],[-34.890675511853445,-7.611789144318678],[-35.464371648328054,-5.268277086060621],[-37.180600133435476,-4.954271711152174],[-37.88789123444673,-4.393015496284502],[-39.937129019653874,-8.292022806582523],[-48.31539474407497,-13.923762636310581],[-51.537804638083095,-14.378252212655624],[-60.26760598730509,-13.809999263181787],[-64.1940629085568,-14.694582386569342],[-64.66180129731615,-16.804676207468987],[-65.90622541609757,-18.31105888474315]]]},"properties":{"NAME":"Savanna hunter-gatherers","SUBJECTO":"Savanna hunter-gatherers","PARTOF":"Savanna hunter-gatherers"}},
{"type":"Feature","geometry":{"type":"Polygon","coordinates":[[[-64.1940629085568,-14.694582386569342],[-60.26760598730509,-13.809999263181787],[-51.537804638083095,-14.378252212655624],[-48.31539474407497,-13.923762636310581],[-39.937129019653874,-8.292022806582523],[-37.88789123444673,-4.393015496284502],[-38.78636261512493,-3.604257978242018],[-40.23088928748821,-2.8512109888011],[-42.31647202064251,-2.817604697983839],[-43.33403870155071,-2.432190097611524],[-44.549137999466566,-3.10260205994856],[-45.37494571579276,-3.165484550148441],[-49.06606977620206,-4.743578120004467],[-54.16333633581491,-4.626791146196514],[-56.33113935542037,-4.334740468715777],[-58.44035310422569,-2.287649024474563],[-57.97163893782451,-0.589157846288572],[-55.80383591821904,0.875529465609527],[-55.8624251890192,1.695565793857857],[-58.55753164582598,3.977596077854006],[-62.65878060183632,4.152921580887431],[-66.40849393304576,3.041936481420927],[-70.15820726425522,-5.735421450211085],[-69.04501111905242,-8.235853806057],[-64.1940629085568,-14.694582386569342]]]},"properties":{"NAME":"Amazon hunter-gatherers","SUBJECTO":"Amazon hunter-gatherers","PARTOF":"Amazon hunter-gatherers"}},
{"type":"Feature","geometry":{"type":"Polygon","coordinates":[[[-94.11755719209039,29.69269900006508],[-94.11755719209039,31.93047980661485],[-95.8203078747199,32.71453265402474],[-97.13856646772321,34.47135574600093],[-96.40620058272137,35.6463101014922],[-94.61922782331685,36.09733578518024],[-94.11755719209039,35.87563266465669],[-94.11755719209039,39.73169383481236],[-94.23473573369067,46.72103383947717],[-95.56635546846715,49.996303801904524],[-98.92187739770243,50.2317206620755],[-105.19092937331824,51.45252059422696],[-114.46737387359948,51.99955012922175],[-114.12579317034083,47.95182480671353],[-111.66773503433551,41.93525523128791],[-111.54786525513434,41.64185091509596],[-104.51715275911663,33.873009655417874],[-98.18951151270068,29.180839383625194],[-97.20648541578431,28.073580382344584],[-97.11536881019329,28.10694845791521],[-96.83145615150188,28.15840109463396],[-94.11755719209039,29.69269900006508]]]},"properties":{"NAME":"Plain bison hunters","SUBJECTO":"Plain bison hunters","PARTOF":"Plain bison hunters"}},
{"type":"Feature","geometry":{"type":"Polygon","coordinates":[[[-120.13217009553428,34.518639095266465],[-119.78493210365032,34.45920523281755],[-117.49671646644329,33.325431429106615],[-116.70472427894329,31.590745531279467],[-115.60230728675579,29.685151659209154],[-114.06728836585735,28.42289312954607],[-114.47785660316204,27.243947588164232],[-112.41098496009563,26.19277151699724],[-112.16581436683391,25.010667406279467],[-110.22465988685344,23.39993818875017],[-110.20493790199016,24.31546553250017],[-110.79756638099407,24.8800483572072],[-112.86987015296673,28.334659181792162],[-114.68277451087688,30.14322432156267],[-114.83865067054485,31.815496050078295],[-113.05207535316204,31.13870009060564],[-112.65433212806438,29.918511949736498],[-111.69163223792766,28.49610289211931],[-110.60444351722454,27.856137834746264],[-109.93666030813027,28.204353485407555],[-107.5637948407243,27.76457612510461],[-104.22420640511586,25.115656057798073],[-100.35731453230613,23.969822801072763],[-97.82193741595154,24.14289165269257],[-97.25996109534954,25.811372362334154],[-97.63798996497844,26.846942506987475],[-97.44714829017376,27.985446535307787],[-97.20648541578431,28.073580382344584],[-98.18951151270068,29.180839383625194],[-104.51715275911663,33.873009655417874],[-111.54786525513434,41.64185091509596],[-111.66773503433551,41.93525523128791],[-115.0925161385432,42.5115845772342],[-119.01799728215308,43.11329780515409],[-120.47361831890835,43.5702362219749],[-121.36156811415898,39.68662126087367],[-120.13217009553428,34.518639095266465]]]},"properties":{"NAME":"Desert hunter-gatherers","SUBJECTO":"Desert hunter-gatherers","PARTOF":"Desert hunter-gatherers"}},
{"type":"Feature","geometry":{"type":"Polygon","coordinates":[[[-120.47361831890835,43.5702362219749],[-119.01799728215308,43.11329780515409],[-115.0925161385432,42.5115845772342],[-111.66773503433551,41.93525523128791],[-114.12579317034083,47.95182480671353],[-114.46737387359948,51.99955012922175],[-115.03392686774305,52.03295961287972],[-125.6971741533699,55.193958165256824],[-128.5879066342332,55.05741560353968],[-124.75974582056752,52.44778520770332],[-120.48272905215676,48.962018954129185],[-120.30696123975633,44.29914221354117],[-120.47361831890835,43.5702362219749]]]},"properties":{"NAME":"Plateau fichers and hunter gatherers","SUBJECTO":"Plateau fichers and hunter gatherers","PARTOF":"Plateau fichers and hunter gatherers"}},
{"type":"Feature","geometry":{"type":"MultiPolygon","coordinates":[[[[-120.20444199134563,34.53100927944841],[-120.13217009553428,34.518639095266465],[-121.36156811415898,39.68662126087367],[-120.47361831890835,43.5702362219749],[-120.30696123975633,44.29914221354117],[-120.48272905215676,48.962018954129185],[-124.75974582056752,52.44778520770332],[-128.5879066342332,55.05741560353968],[-129.85166667284474,54.99772241705144],[-130.00363632728315,53.93796118374529],[-128.88876816322065,53.418319307524584],[-127.55576798011516,52.16784247036638],[-127.24746414710735,50.96811636563005],[-124.93922134925579,50.595809541899584],[-124.79498764564251,50.03529318447771],[-122.60556503822063,48.83472784634294],[-122.8260392813847,48.023482881743334],[-124.6752824454472,48.38582571621599],[-123.99469467689251,45.76409491177263],[-124.1404924063847,44.7891116964406],[-124.23045217275275,44.45096392151133],[-124.62967392493938,43.013995729643725],[-124.15260788490032,41.58015020962419],[-124.36481186439251,40.33432348843279],[-123.79630753089641,39.03041037197771],[-121.93205734779094,37.00897558804216],[-121.92680069495891,36.33826788540544],[-120.20444199134563,34.53100927944841]]],[[[-126.56312271644329,49.572249971587084],[-123.90202042152141,48.47059591885271],[-123.86136337806438,49.15797003384294],[-125.7185945182011,50.40942724819841],[-127.84801956702923,50.86110647793474],[-126.56312271644329,49.572249971587084]]]]},"properties":{"NAME":"North American Pacifi foraging, hunting and fishing peoples","SUBJECTO":"North American Pacifi foraging, hunting and fishing peoples","PARTOF":"North American Pacifi foraging, hunting and fishing peoples"}},
{"type":"Feature","geometry":{"type":"Polygon","coordinates":[[[44.136579672502506,1.151131692540679],[42.540379255011075,1.263781398355505],[40.85860208828577,0.322086976400683],[40.4549755682717,-1.3595608910117],[39.479544811571024,-2.468897035586251],[38.773198401546395,-2.267256227148658],[36.01508384811689,1.297408540251279],[33.92968016137751,2.843586349070006],[22.224511080969368,6.196195772852339],[12.604745687300603,7.731968465838291],[5.359488992633966,5.368345627897537],[5.354585680468329,5.362343393523119],[5.606589827044257,4.632113062102221],[6.844479593737372,4.291642271239184],[8.874658617480048,4.620119177061937],[9.923090013964423,2.824045501906298],[9.851344141466864,1.87705787296953],[9.202508005602606,-0.634416438382246],[8.815209421618231,-0.895802534859754],[9.656445536120184,-2.419099487107374],[11.772603067858466,-4.536981023591139],[12.371690783007391,-6.257806695740797],[13.387093576891669,-8.15567819003401],[13.203851732714423,-9.636731542389967],[13.816288980944403,-10.976270116608717],[13.649036440356024,-12.196759618561842],[12.585389170153388,-13.463659681122877],[12.060033831103095,-15.593660749238111],[11.782002481920966,-15.867509282868483],[11.774609598620184,-17.59605256442366],[14.415466341479071,-22.267668165009596],[14.396092447741278,-23.074791349213697],[14.90903666923786,-25.01834908847151],[14.843331369860419,-25.62222329501448],[15.453804048998602,-27.61645928744612],[16.788300547106513,-29.138924039643385],[18.178561243517645,-31.805298246186354],[18.487156900866278,-34.39771691684065],[20.25607207725788,-34.62289086703596],[22.681775125963934,-34.10311547641096],[24.429938349230536,-34.33470193270979],[26.658656153185614,-33.84707299594221],[28.921853098376044,-32.29790917758284],[30.391005548937567,-30.81392899874983],[31.563080820544013,-29.209801114838697],[32.234744104845774,-28.74441758517561],[32.767230066759836,-27.51663247470198],[33.347266230089915,-25.303612149994947],[34.88371947716023,-24.72201577548323],[35.29743102501179,-23.825008786957838],[35.260760340197336,-22.274328626435377],[34.69901565025593,-20.57224885348616],[34.72620299766804,-19.860380567353346],[35.91478255699421,-19.031639493744947],[37.27531722496296,-17.713161863129713],[39.471255335314524,-16.717016614716627],[40.38579848716999,-15.73632661227522],[40.59920791099812,-14.401239789765455],[40.311343225939524,-11.344973005097486],[40.619517359240305,-10.76598969821272],[39.6576147408321,-9.795738614838697],[39.270125421984446,-7.801093496125318],[39.5664282173946,-7.044216073792555],[38.921526941759836,-6.340208925049879],[39.26727202842976,-4.776162542145826],[40.23441604088093,-3.191706575196363],[42.440066370470774,-0.511580146592237],[43.724307093127024,0.800251446921251],[44.136579672502506,1.151131692540679]]]},"properties":{"NAME":"Khoiasan","SUBJECTO":"Khoiasan","PARTOF":"Khoiasan"}},
{"type":"Feature","geometry":{"type":"Polygon","coordinates":[[[32.879012053950184,12.47057777553059],[30.599761371261398,11.115971520296771],[24.074465964367207,11.181973046384048],[23.19994183767005,11.775300538947805],[20.441827284240546,11.972795349850172],[17.750983817480044,12.82691062976631],[8.26576059714931,12.367349972804174],[2.345904970276228,13.285633546771772],[-6.264794123357345,13.351095379469161],[-6.264794123357347,13.35109537946916],[-8.909412972680991,12.636297987321042],[-10.17691939781287,14.210015429381807],[-13.395529310272655,14.916671886604806],[-16.87041946937298,14.363524996001146],[-16.49428078223919,13.474656664091967],[-16.77209946204876,12.597077928740404],[-15.808596578137628,11.84292086239519],[-14.591384854809991,10.46654852505388],[-13.680051770703546,9.91564520474138],[-12.263942685620538,7.35138853665056],[-9.93726345588421,5.863056265074633],[-9.247899022595636,5.17188414211931],[-7.528605428235284,4.336791597563646],[-4.999971356885187,5.238270841795824],[-3.941593614117853,5.265976034361742],[-2.031221595303766,4.698200784880541],[1.557863506777533,6.237427316862963],[3.949497255785712,6.579388700682543],[5.44819215248371,5.476928793150805],[5.359488992633966,5.368345627897537],[12.604745687300603,7.731968465838291],[22.224511080969368,6.196195772852339],[33.92968016137751,2.843586349070006],[36.01508384811689,1.297408540251279],[38.773198401546395,-2.267256227148658],[39.479544811571024,-2.468897035586251],[40.4549755682717,-1.3595608910117],[40.85860208828577,0.322086976400683],[42.540379255011075,1.263781398355505],[44.136579672502506,1.151131692540679],[44.300696405871165,1.290809475142382],[46.36050322960163,2.667831026274584],[48.4715795845821,5.201433740813158],[49.04607299278523,6.41633804913225],[50.77938369224812,9.36842020626726],[51.18070510338093,11.777448259550951],[50.69729140709187,11.94795950527849],[49.3035002083614,11.246025644499682],[47.39071181724812,11.159307085234545],[46.677344355089915,10.700275980193041],[45.909365686877024,10.83206423397722],[44.28083709190632,10.396465860564135],[43.36809447716023,11.455634676176928],[43.3304777474239,12.434074007231615],[42.35496428927535,13.270696245149416],[40.474884875857306,13.054716835155183],[38.30499949893068,13.221631094918767],[37.804256719639916,14.22311665350029],[38.30499949893068,15.057687952318227],[39.51792815646285,15.463048540071291],[40.73913863619918,14.919243417695803],[42.35708144616374,13.467672906964545],[40.739138636095774,14.919243417937182],[39.517928156359446,15.46304854031267],[39.23590702458268,16.248613143243993],[35.82926599345835,14.223975272058462],[35.38399995306791,12.804345445509801],[34.2156001347228,12.55397405586442],[32.879012053950184,12.47057777553059]],[[34.23240005138806,11.70943726607304],[37.125056778155596,11.64355829727965],[39.14318937822596,9.06293447268527],[38.605020684873864,6.597308569790442],[35.57782178476831,5.527006069275479],[33.02152049134584,6.864538013373648],[32.34880962465572,9.527647378549165],[34.23240005138806,11.70943726607304]]]},"properties":{"NAME":"West African cereal farmers","SUBJECTO":"West African cereal farmers","PARTOF":"West African cereal farmers"}},
{"type":"Feature","geometry":{"type":"Polygon","coordinates":[[[44.672198328478586,-16.23558083895979],[43.97164824913288,-17.552675641816236],[44.47033599327351,-20.17013780001936],[43.50102523277546,-21.49418679599104],[43.3763647408321,-22.63212624911604],[43.82707503746296,-23.412924207490065],[43.67141250084187,-24.226787961762525],[44.425330194933665,-25.31205026034651],[45.576182398302805,-25.62107697848616],[47.25847915123249,-24.765831388276197],[48.087378534777415,-22.04376069430647],[49.34185317466999,-18.227621473115065],[49.42470839927937,-17.197809613984205],[50.503340754015696,-15.314229406159498],[49.81718734215046,-12.83071366671858],[49.176333460314524,-12.266468442719557],[48.75133803795124,-13.417710698884108],[46.92456725548054,-15.360046781342604],[44.672198328478586,-16.23558083895979]]]},"properties":{"NAME":"Vazimba","SUBJECTO":"Vazimba","PARTOF":"Vazimba"}},
{"type":"Feature","geometry":{"type":"Polygon","coordinates":[[[127.65227344924791,50.26159358667648],[110.70143086835411,50.98293023313427],[105.30115815324875,51.21273678060715],[93.94115045927443,51.095929022398096],[82.20868349664521,51.32924897531792],[80.71884642202563,46.43604046828073],[91.33393557869015,45.92025067110863],[90.9596929884755,43.54918991631177],[92.06638620905717,43.302633685043524],[94.59838164027629,41.11591035808156],[96.32474216156204,40.65554755240535],[98.97182829420022,41.00081965666251],[101.05086809025461,40.08489468499134],[102.90587986114673,38.87913703391146],[103.55513398095896,40.73414880480358],[104.84145406657181,41.231001059500606],[110.7110798389434,40.88572895524346],[116.23543350705785,41.57627316375776],[119.04448226790814,42.31090881006189],[123.97500880206402,42.957361580786376],[125.50753879482706,42.59850546209688],[127.29928464837805,43.23841469550794],[129.24704700781476,45.18617705494466],[129.95047553405325,45.2866668444073],[127.65227344924791,50.26159358667648]]]},"properties":{"NAME":"Göktürks","SUBJECTO":"Göktürks","PARTOF":"Göktürks"}},
{"type":"Feature","geometry":{"type":"Polygon","coordinates":[[[127.65227344924791,50.26159358667648],[129.95047553405325,45.2866668444073],[132.12231525269752,44.62967352367703],[132.8273573250606,42.86189993496599],[134.13894179771685,42.99295385952654],[136.03397658775592,44.39840658779802],[137.72051528404498,45.99668081875505],[140.08100417564654,48.50260504360857],[140.3234968514278,50.51783712979021],[141.25706008384967,52.10346182461443],[141.0472980268994,52.68965608140495],[134.8699457082304,52.00920268938546],[128.28937198801248,50.23448210114281],[127.65227344924791,50.26159358667648]]]},"properties":{"NAME":null,"SUBJECTO":null,"PARTOF":null}},
{"type":"Feature","geometry":{"type":"Polygon","coordinates":[[[37.12776854942585,21.227176271635912],[36.66042998741413,22.166537843901537],[35.74630263756062,22.914340578276537],[35.468489679796946,23.720668398100756],[35.72469619224812,23.91181906338396],[35.189864191515696,24.39991911526384],[35.1898641916191,24.399919115022463],[33.657230668213316,24.017988632918694],[33.345321283718846,23.354044941061307],[34.4217777775482,20.50604967705261],[34.52779006636866,20.17476127448868],[37.12776854942585,21.227176271635912]]]},"properties":{"NAME":"Blemmyes","SUBJECTO":"Blemmyes","PARTOF":"Blemmyes"}},
{"type":"Feature","geometry":{"type":"Polygon","coordinates":[[[-95.56635546846715,49.996303801904524],[-94.23473573369067,46.72103383947717],[-94.11755719209039,39.73169383481236],[-94.11755719209039,35.87563266465669],[-94.61922782331685,36.09733578518024],[-96.40620058272137,35.6463101014922],[-97.13856646772321,34.47135574600093],[-95.8203078747199,32.71453265402474],[-94.11755719209039,31.93047980661485],[-94.11755719209039,29.69269900006508],[-93.4455232291386,29.767768465239428],[-90.65007492591594,29.239488207060717],[-90.43607803870891,29.325677477080248],[-90.09218308021282,29.222343050200365],[-90.07866379310344,29.501367174345873],[-90.10844131995891,30.038699709135912],[-90.16053482581829,30.390046678740404],[-87.77458664466594,30.262803636748217],[-86.38868423988079,30.47271307583513],[-85.3047761588261,29.66390761013689],[-83.88618179847454,30.04834898586931],[-82.6469621329472,28.906501375395678],[-82.4292878775761,27.826148592192553],[-80.59153010156074,28.49188131613878],[-81.51154800941204,30.72724875088396],[-80.58063980628704,32.496783815581225],[-76.62176224281048,34.76295050259294],[-75.72924515296673,35.882125459868334],[-76.2151765494511,37.942611299712084],[-75.66752335120891,37.8981090414113],[-74.15280624915813,39.76523550625505],[-73.74050613929485,40.97749289150896],[-70.3020906119511,41.75944098110857],[-70.86807724525188,42.871425234038256],[-70.21647354652141,43.799621187407396],[-67.16887375404094,44.71121557827654],[-65.71257492591594,43.55995138760271],[-61.032086339490164,45.3788333761281],[-64.53479477454876,46.271659456450365],[-65.21308609534954,48.121425234038256],[-64.95240494300579,49.20725592251482],[-66.02990433265423,49.16588171597185],[-69.25392624427532,48.120055757719896],[-71.03368165476002,46.74621076936823],[-72.32234845443543,46.29511259543804],[-81.93098886565963,48.90187753952613],[-85.03622021806746,49.0940751201903],[-87.78991594567441,49.93094833834401],[-95.56635546846715,49.996303801904524]],[[-86.37180935,42.248191925],[-87.553758725,41.766200275],[-87.9083685,43.19183065],[-86.7200657,45.86716155],[-85.38184874999999,46.07483505],[-84.95189925,45.408151925],[-86.0017717,44.917198575],[-86.513782,43.68081785],[-86.37180935,42.248191925]],[[-84.746765825,45.854430475],[-83.793586075,46.2570047],[-80.8070809,45.954834575],[-79.91808425,44.9668327],[-81.094857375,44.79918825],[-81.807915275,43.3176176],[-83.3855778,44.3126677],[-83.43090175,45.27498137500001],[-84.746765825,45.854430475]],[[-92.26545825,46.6505315],[-89.5166857,48.003690725],[-88.09495135,49.0046085],[-86.38397137499999,48.7253306],[-85.026610175,47.939546825],[-84.442197375,46.817028875],[-87.27262622500001,46.51189025],[-87.76048219999998,46.8639025],[-90.831846925,46.94397755],[-92.26545825,46.6505315]]]},"properties":{"NAME":"Eastern North Amercian hunter-gatherers","SUBJECTO":"Eastern North Amercian hunter-gatherers","PARTOF":"Eastern North Amercian hunter-gatherers"}},
{"type":"Feature","geometry":{"type":"Polygon","coordinates":[[[-69.874468975216,-14.37714703700483],[-72.22601470838102,-12.242545079023351],[-75.57639985719698,-10.61262797959937],[-78.10510044802932,-7.022118836296467],[-78.42705791028882,-8.148969954204738],[-76.65629186786155,-11.127076480105156],[-76.72494444200693,-12.730947490342317],[-76.24178024818157,-14.105595983307936],[-75.23090836097454,-15.221601880829908],[-74.04964157630657,-16.044990934174635],[-71.61186691810344,-17.22145501498518],[-69.874468975216,-14.37714703700483]]]},"properties":{"NAME":"Huari Empire","SUBJECTO":"Huari Empire","PARTOF":"Huari Empire"}},
{"type":"Feature","geometry":{"type":"Polygon","coordinates":[[[42.35496428927535,13.270696245149416],[42.35708144616374,13.467672906964545],[40.73913863619918,14.919243417695803],[39.51792815646285,15.463048540071291],[38.30499949893068,15.057687952318227],[37.804256719639916,14.22311665350029],[38.30499949893068,13.221631094918767],[40.474884875857306,13.054716835155183],[42.35496428927535,13.270696245149416]]]},"properties":{"NAME":"Axum","SUBJECTO":"Axum","PARTOF":"Axum"}},
{"type":"Feature","geometry":{"type":"Polygon","coordinates":[[[19.351007085417145,29.406573618946076],[18.61181125652539,29.406573618946076],[18.6118112566288,29.406573618704698],[19.351007085417145,29.406573618946076]]]},"properties":{"NAME":null,"SUBJECTO":null,"PARTOF":null}},
{"type":"Feature","geometry":{"type":"Polygon","coordinates":[[[21.291396136257998,29.960970490614894],[19.351007085417145,29.406573618946076],[19.351007085520557,29.406573618704698],[21.291396136257998,29.960970490614894]]]},"properties":{"NAME":null,"SUBJECTO":null,"PARTOF":null}},
{"type":"Feature","geometry":{"type":"Polygon","coordinates":[[[22.30779040098416,29.960970490614894],[21.291396136257998,29.960970490614894],[21.29139613636141,29.960970490373516],[22.30779040098416,29.960970490614894]]]},"properties":{"NAME":null,"SUBJECTO":null,"PARTOF":null}},
{"type":"Feature","geometry":{"type":"Polygon","coordinates":[[[26.742965374334684,28.574978311442855],[22.30779040098416,29.960970490614894],[22.307790401087573,29.960970490373516],[26.742965374334684,28.574978311442855]]]},"properties":{"NAME":null,"SUBJECTO":null,"PARTOF":null}},
{"type":"Feature","geometry":{"type":"Polygon","coordinates":[[[28.406155989341126,27.743383003939627],[26.742965374334684,28.574978311442855],[26.742965374438096,28.574978311201477],[28.406155989341126,27.743383003939627]]]},"properties":{"NAME":null,"SUBJECTO":null,"PARTOF":null}},
{"type":"Feature","geometry":{"type":"Polygon","coordinates":[[[35.189864191515696,24.39991911526384],[35.189864191483686,24.399919115245694],[35.1898641916191,24.399919115022463],[35.189864191515696,24.39991911526384]]]},"properties":{"NAME":null,"SUBJECTO":null,"PARTOF":null}},
{"type":"Feature","geometry":{"type":"Polygon","coordinates":[[[20.11676886986042,30.957103334624193],[19.124539408190497,30.19894369717302],[19.66391471346969,30.44150122256641],[20.11676886986042,30.957103334624193]]]},"properties":{"NAME":null,"SUBJECTO":null,"PARTOF":null}},
{"type":"Feature","geometry":{"type":"Polygon","coordinates":[[[5.354585680468329,5.362343393523119],[5.359488992633966,5.368345627897537],[5.44819215248371,5.476928793150805],[5.354585680468329,5.362343393523119]]]},"properties":{"NAME":null,"SUBJECTO":null,"PARTOF":null}},
{"type":"Feature","geometry":{"type":"Polygon","coordinates":[[[44.136579672502506,1.151131692540679],[43.724307093127024,0.800251446921251],[44.300696405871165,1.290809475142382],[44.136579672502506,1.151131692540679]]]},"properties":{"NAME":null,"SUBJECTO":null,"PARTOF":null}},
{"type":"Feature","geometry":{"type":"Polygon","coordinates":[[[39.14318937822596,9.06293447268527],[37.125056778155596,11.64355829727965],[34.23240005138806,11.70943726607304],[32.34880962465572,9.527647378549165],[33.02152049134584,6.864538013373648],[35.57782178476831,5.527006069275479],[38.605020684873864,6.597308569790442],[39.14318937822596,9.06293447268527]]]},"properties":{"NAME":null,"SUBJECTO":null,"PARTOF":null}},
{"type":"Feature","geometry":{"type":"Polygon","coordinates":[[[29.84684159061306,20.124679070067614],[30.808542433239328,23.862604902257928],[28.406155989341126,27.743383003939627],[26.742965374438096,28.574978311201477],[22.307790401087573,29.960970490373516],[21.29139613636141,29.960970490373516],[19.351007085520557,29.406573618704698],[18.6118112566288,29.406573618704698],[18.61181125652539,29.406573618946076],[14.453834719009276,31.162163712563995],[9.833860788435814,32.917753806181906],[8.632667566486717,34.02654754951954],[7.985871216206434,35.504939207303046],[6.784677994257332,35.87453712174893],[6.047393831713446,36.84155615444841],[5.144465002520331,36.66767843838396],[1.057602915270575,36.46185644741716],[-1.146667149560205,35.62936743374529],[-2.035251822964899,35.05456884976091],[-3.440804210202447,35.166278444487475],[-4.295350995557062,35.151786409575365],[-4.59297749091839,35.15118750210466],[-6.327673976628373,34.81162115476519],[-6.511472192303888,34.45429953213396],[-7.004007783429376,33.874984346587084],[-8.314414945142023,33.33848150845232],[-9.21868607093548,32.5803600179738],[-9.81326672126507,31.289060198027514],[-9.662592854993097,29.95481642361345],[-11.576458898083917,28.228616319853685],[-12.866208997266046,27.857324205595873],[-13.628725018994562,26.591056429106615],[-14.367254224316827,26.119227968413256],[-14.820046391980402,24.73287733669939],[-15.714025464551202,23.873057924467943],[-16.80602165748333,21.989650331694506],[-17.051907506482355,21.00409849758806],[-16.34728142310833,20.522616945464037],[-15.982691731946222,18.178399645048998],[-16.450055089490167,16.11839064236345],[-17.22053810645794,14.725009523589037],[-16.87041946937298,14.363524996001146],[-13.395529310272655,14.916671886604806],[-10.17691939781287,14.210015429381807],[-11.181130053221922,15.456828694060974],[-9.908968488119,17.89393581159949],[-7.455514041134801,19.443455602687497],[-5.183796960593872,17.20081784693365],[-4.547716178042412,15.106206151848557],[-6.264794123357345,13.351095379469161],[2.345904970276228,13.285633546771772],[8.26576059714931,12.367349972804174],[17.750983817480044,12.82691062976631],[20.441827284240546,11.972795349850172],[23.19994183767005,11.775300538947805],[24.074465964367207,11.181973046384048],[30.599761371261398,11.115971520296771],[32.879012053950184,12.47057777553059],[31.79791680409795,12.522213583776395],[31.281234584742,13.056592643902102],[30.53134399740492,14.092987641453036],[30.53134399740492,15.823850263060105],[30.346545040181983,16.932644006397737],[29.661815263018052,18.64446844930756],[29.84684159061306,20.124679070067614]]]},"properties":{"NAME":null,"SUBJECTO":null,"PARTOF":null}},
{"type":"Feature","geometry":{"type":"Polygon","coordinates":[[[39.23590702458268,16.248613143243993],[38.685671839220774,18.002805315215014],[37.39818480919148,18.91500052090349],[37.12776854942585,21.227176271635912],[34.52779006636866,20.17476127448868],[35.15131792797838,18.226236706958304],[35.26711548130835,16.385531884130845],[35.46620719044046,14.280027585313688],[35.15131792797838,13.05186590471603],[34.70122792752911,12.658037154322917],[35.38399995306791,12.804345445509801],[35.82926599345835,14.223975272058462],[39.23590702458268,16.248613143243993]]]},"properties":{"NAME":null,"SUBJECTO":null,"PARTOF":null}},
{"type":"Feature","geometry":{"type":"Polygon","coordinates":[[[-80.59153010156074,28.49188131613878],[-82.4292878775761,27.826148592192553],[-82.31009384681438,26.82493170376482],[-81.09792038490032,25.125047289091967],[-80.31409927894329,25.243880830962084],[-80.04998489906048,26.551089845854662],[-80.59153010156074,28.49188131613878]]]},"properties":{"NAME":"Caloosahatchee cultureure","SUBJECTO":"Caloosahatchee cultureure","PARTOF":"Caloosahatchee cultureure"}},
{"type":"Feature","geometry":{"type":"Polygon","coordinates":[[[-4.547716178042412,15.106206151848557],[-5.183796960593872,17.20081784693365],[-7.455514041134801,19.443455602687497],[-9.908968488119,17.89393581159949],[-11.181130053221922,15.456828694060974],[-8.909412972680991,12.636297987321042],[-6.264794123357347,13.35109537946916],[-4.547716178042412,15.106206151848557]]]},"properties":{"NAME":"Empire of Ghana","SUBJECTO":"Empire of Ghana","PARTOF":"Empire of Ghana"}},
{"type":"Feature","geometry":{"type":"Polygon","coordinates":[[[-4.153334,53.225555],[-4.276945,53.398331],[-4.5675,53.273331],[-4.351389,53.124443],[-4.153334,53.225555]]]},"properties":{"NAME":null,"SUBJECTO":null,"PARTOF":null}},
{"type":"Feature","geometry":{"type":"Polygon","coordinates":[[[-5.103612,55.438606],[-5.154723,55.673332],[-5.400278,55.600555],[-5.103612,55.438606]]]},"properties":{"NAME":null,"SUBJECTO":null,"PARTOF":null}},
{"type":"Feature","geometry":{"type":"Polygon","coordinates":[[[-6.121667,55.878883],[-6.3275,55.589439],[-6.024723,55.68083200000012],[-6.121667,55.878883]]]},"properties":{"NAME":null,"SUBJECTO":null,"PARTOF":null}},
{"type":"Feature","geometry":{"type":"Polygon","coordinates":[[[-5.946945,55.829994],[-5.746112,56.06360600000011],[-5.968056,56.023605],[-6.078889,55.905548],[-5.946945,55.829994]]]},"properties":{"NAME":null,"SUBJECTO":null,"PARTOF":null}},
{"type":"Feature","geometry":{"type":"Polygon","coordinates":[[[-7.466945,56.940826],[-7.376112,56.978607],[-7.445556,57.05555],[-7.553612,56.966385],[-7.466945,56.940826]]]},"properties":{"NAME":null,"SUBJECTO":null,"PARTOF":null}},
{"type":"Feature","geometry":{"type":"Polygon","coordinates":[[[-7.223056,57.337494],[-7.425,57.382217],[-7.38139,57.108604],[-7.230278,57.09471900000011],[-7.223056,57.337494]]]},"properties":{"NAME":null,"SUBJECTO":null,"PARTOF":null}},
{"type":"Feature","geometry":{"type":"Polygon","coordinates":[[[-7.268889,57.39888800000011],[-7.204722,57.460831],[-7.351111,57.489441],[-7.388056,57.423882],[-7.268889,57.39888800000011]]]},"properties":{"NAME":null,"SUBJECTO":null,"PARTOF":null}},
{"type":"Feature","geometry":{"type":"Polygon","coordinates":[[[-7.188612,57.68721800000014],[-7.476945,57.562492],[-7.15389,57.509438],[-7.188612,57.68721800000014]]]},"properties":{"NAME":null,"SUBJECTO":null,"PARTOF":null}},
{"type":"Feature","geometry":{"type":"Polygon","coordinates":[[[-7.00639,57.881386000000134],[-6.993611,57.91861],[-7.073611,57.896111],[-7.00639,57.881386000000134]]]},"properties":{"NAME":null,"SUBJECTO":null,"PARTOF":null}},
{"type":"Feature","geometry":{"type":"Polygon","coordinates":[[[-6.802222,58.203049],[-6.794445,58.218048],[-6.854167,58.25],[-6.873056,58.206383],[-6.802222,58.203049]]]},"properties":{"NAME":null,"SUBJECTO":null,"PARTOF":null}},
{"type":"Feature","geometry":{"type":"Polygon","coordinates":[[[-6.204167,58.35611],[-7.031945,58.238052],[-6.473889,57.940277],[-6.204167,58.35611]]]},"properties":{"NAME":null,"SUBJECTO":null,"PARTOF":null}},
{"type":"Feature","geometry":{"type":"Polygon","coordinates":[[[-2.918334,58.731941],[-2.876667,58.820274],[-3.036945,58.818054],[-2.918334,58.731941]]]},"properties":{"NAME":null,"SUBJECTO":null,"PARTOF":null}},
{"type":"Feature","geometry":{"type":"Polygon","coordinates":[[[-3.231389,58.775551],[-3.136389,58.804161],[-3.335556,58.927498],[-3.431111,58.871384],[-3.231389,58.775551]]]},"properties":{"NAME":null,"SUBJECTO":null,"PARTOF":null}},
{"type":"Feature","geometry":{"type":"Polygon","coordinates":[[[-2.793056,58.951385],[-3.076945,59.121666],[-3.195,58.91111000000012],[-2.793056,58.951385]]]},"properties":{"NAME":null,"SUBJECTO":null,"PARTOF":null}},
{"type":"Feature","geometry":{"type":"Polygon","coordinates":[[[-2.681389,59.195831],[-2.620556,59.236107],[-2.495556,59.244995],[-2.414444,59.313606],[-2.592778,59.29055],[-2.681389,59.195831]]]},"properties":{"NAME":null,"SUBJECTO":null,"PARTOF":null}},
{"type":"Feature","geometry":{"type":"Polygon","coordinates":[[[-2.89,59.29527300000012],[-3.048889,59.329163],[-3.003334,59.263611],[-2.971945,59.287216],[-2.89,59.29527300000012]]]},"properties":{"NAME":null,"SUBJECTO":null,"PARTOF":null}},
{"type":"Feature","geometry":{"type":"Polygon","coordinates":[[[-1.296111,60.491104],[-1.320278,60.356384],[-1.655,60.226105],[-1.126111,60.151665],[-1.041389,60.446938],[-1.296111,60.491104]]]},"properties":{"NAME":null,"SUBJECTO":null,"PARTOF":null}},
{"type":"Feature","geometry":{"type":"Polygon","coordinates":[[[-1.029444,60.495827],[-0.991111,60.719994],[-1.177222,60.63666500000011],[-1.029444,60.495827]]]},"properties":{"NAME":null,"SUBJECTO":null,"PARTOF":null}},
{"type":"Feature","geometry":{"type":"Polygon","coordinates":[[[-0.819722,60.68888900000013],[-0.767778,60.82888800000012],[-0.938889,60.79444100000012],[-0.965556,60.688049],[-0.819722,60.68888900000013]]]},"properties":{"NAME":null,"SUBJECTO":null,"PARTOF":null}},
{"type":"Feature","geometry":{"type":"Polygon","coordinates":[[[-6.706944,61.937492000000134],[-6.718889,62.02861],[-7.192223,62.3077770000001],[-7.232223,62.172493],[-6.706944,61.937492000000134]]]},"properties":{"NAME":null,"SUBJECTO":null,"PARTOF":null}},
{"type":"Feature","geometry":{"type":"Polygon","coordinates":[[[-4.777779,54.05555],[-4.394444,54.186386],[-4.5275,54.367218],[-4.777779,54.05555]]]},"properties":{"NAME":null,"SUBJECTO":null,"PARTOF":null}},
{"type":"Feature","geometry":{"type":"Polygon","coordinates":[[[129.715515,28.451107],[129.157745,28.234993],[129.368561,28.116108],[129.715515,28.451107]]]},"properties":{"NAME":null,"SUBJECTO":null,"PARTOF":null}},
{"type":"Feature","geometry":{"type":"Polygon","coordinates":[[[129.963013,29.957218000000125],[129.94165,30],[129.92358400000012,29.983883],[129.963013,29.957218000000125]]]},"properties":{"NAME":null,"SUBJECTO":null,"PARTOF":null}},
{"type":"Feature","geometry":{"type":"Polygon","coordinates":[[[129.89636200000018,29.87416500000012],[129.877167,29.83083],[129.923309,29.824997],[129.89636200000018,29.87416500000012]]]},"properties":{"NAME":null,"SUBJECTO":null,"PARTOF":null}},
{"type":"Feature","geometry":{"type":"Polygon","coordinates":[[[130.906097,30.354717000000107],[131.074402,30.689163],[130.945251,30.683331000000123],[130.906097,30.354717000000107]]]},"properties":{"NAME":null,"SUBJECTO":null,"PARTOF":null}},
{"type":"Feature","geometry":{"type":"Polygon","coordinates":[[[130.558594,30.236382000000106],[130.671906,30.373329000000126],[130.510803,30.458885000000123],[130.387207,30.397217],[130.558594,30.236382000000106]]]},"properties":{"NAME":null,"SUBJECTO":null,"PARTOF":null}},
{"type":"Feature","geometry":{"type":"Polygon","coordinates":[[[121.734711,25.138885],[121.00166300000012,25.001663],[120.11554,23.631386],[120.328598,22.519444],[120.878593,22.341385000000116],[121.839706,24.476383000000112],[121.734711,25.138885]]]},"properties":{"NAME":null,"SUBJECTO":null,"PARTOF":null}},
{"type":"Feature","geometry":{"type":"Polygon","coordinates":[[[128.900818,32.643051],[128.649414,32.777771],[128.610229,32.61166400000013],[128.900818,32.643051]]]},"properties":{"NAME":null,"SUBJECTO":null,"PARTOF":null}},
{"type":"Feature","geometry":{"type":"Polygon","coordinates":[[[128.532471,38.330551],[128.279694,38.43027500000011],[128.260529,38.411659],[128.2435610000001,38.395271],[128.150818,38.335266000000104],[128.01052900000013,38.30555],[127.133881,38.29916400000013],[126.54749300000015,37.647217],[126.658867,37.554993],[126.66277300000013,37.54055],[126.67442300000016,37.488045],[126.65637200000015,37.411102],[126.766098,37.231934],[126.658867,37.248604000000114],[126.660812,37.161934],[126.661102,37.156097],[126.723038,37.131660000000124],[126.738586,37.14888],[126.75943,37.168884],[126.769989,37.174164],[126.869141,37.176384],[126.85942100000011,37.138885],[126.77304100000015,37.118599],[126.754173,37.054161000000136],[126.752777,37.04860700000012],[126.756104,37.044441],[126.865807,36.950546],[126.921654,36.916939],[126.99220300000013,36.91082],[126.846367,36.752495000000124],[126.823318,36.913879],[126.781097,36.963608],[126.76138300000014,36.969986],[126.499153,37.049721],[126.44914200000017,36.99137900000011],[126.33499100000017,36.9855500000001],[126.344994,36.95665700000012],[126.352768,36.948875],[126.38304100000016,36.929436],[126.32083100000011,36.8780440000001],[126.32166300000017,36.884438],[126.308868,36.942215],[126.304428,36.962212],[126.286102,36.959991],[126.184418,36.878326],[126.19166600000017,36.819885],[126.12359600000013,36.70916000000011],[126.49720800000011,36.72387700000013],[126.544418,36.136406],[126.75193800000011,35.778328],[126.479431,35.639992],[126.371368,34.789162],[126.620247,34.624161],[126.463318,34.484718],[126.478317,34.345268],[126.524986,34.316101],[126.556374,34.300545],[126.60027300000013,34.30027],[126.683868,34.434433000000126],[126.772491,34.582771],[126.800812,34.46305100000012],[126.81694,34.44249],[126.889427,34.412491],[126.896942,34.449158],[126.98552700000016,34.526382],[126.989433,34.537773],[127.00972000000013,34.602219],[127.21666000000016,34.707497],[127.27388,34.727486],[127.328598,34.74305],[127.352768,34.692764],[127.242203,34.569443],[127.315262,34.443604],[127.554153,34.656097],[128.451904,34.845543],[129.136932,35.11221300000011],[129.43942300000015,35.475822],[129.342468,37.257217],[128.532471,38.330551]]]},"properties":{"NAME":null,"SUBJECTO":null,"PARTOF":null}},
{"type":"Feature","geometry":{"type":"Polygon","coordinates":[[[123.870819,24.252499],[123.92192100000011,24.371109],[123.767212,24.41444],[123.678864,24.316109],[123.870819,24.252499]]]},"properties":{"NAME":null,"SUBJECTO":null,"PARTOF":null}},
{"type":"Feature","geometry":{"type":"Polygon","coordinates":[[[125.356369,24.776665],[125.261932,24.878883],[125.252213,24.737774],[125.356369,24.776665]]]},"properties":{"NAME":null,"SUBJECTO":null,"PARTOF":null}},
{"type":"Feature","geometry":{"type":"Polygon","coordinates":[[[124.26165800000012,24.457497],[124.077766,24.419994],[124.121918,24.344997],[124.22971300000017,24.338329],[124.26165800000012,24.457497]]]},"properties":{"NAME":null,"SUBJECTO":null,"PARTOF":null}},
{"type":"Feature","geometry":{"type":"Polygon","coordinates":[[[128.252777,26.63888500000013],[128.247192,26.839996],[127.958878,26.544441],[128.252777,26.63888500000013]]]},"properties":{"NAME":null,"SUBJECTO":null,"PARTOF":null}},
{"type":"Feature","geometry":{"type":"Polygon","coordinates":[[[126.76193200000012,26.38694],[126.701927,26.348606],[126.781097,26.29833200000013],[126.8099820000001,26.346943],[126.76193200000012,26.38694]]]},"properties":{"NAME":null,"SUBJECTO":null,"PARTOF":null}},
{"type":"Feature","geometry":{"type":"Polygon","coordinates":[[[128.95108,27.67582700000014],[129.029968,27.774441000000138],[128.89886500000011,27.89777400000014],[128.89721700000018,27.725826],[128.95108,27.67582700000014]]]},"properties":{"NAME":null,"SUBJECTO":null,"PARTOF":null}},
{"type":"Feature","geometry":{"type":"Polygon","coordinates":[[[128.609131,27.358887],[128.69635000000017,27.4486050000001],[128.52359000000013,27.413609],[128.609131,27.358887]]]},"properties":{"NAME":null,"SUBJECTO":null,"PARTOF":null}},
{"type":"Feature","geometry":{"type":"Polygon","coordinates":[[[129.992188,28.281666],[130.0324710000001,28.35305],[129.943024,28.32222],[129.992188,28.281666]]]},"properties":{"NAME":null,"SUBJECTO":null,"PARTOF":null}},
{"type":"Feature","geometry":{"type":"Polygon","coordinates":[[[129.33609000000013,28.075275],[129.3402400000001,28.110828],[129.223846,28.183605],[129.219116,28.097775],[129.33609000000013,28.075275]]]},"properties":{"NAME":null,"SUBJECTO":null,"PARTOF":null}},
{"type":"Feature","geometry":{"type":"Polygon","coordinates":[[[129.733032,29.609718],[129.75332600000013,29.64777400000014],[129.70968600000015,29.651661],[129.733032,29.609718]]]},"properties":{"NAME":null,"SUBJECTO":null,"PARTOF":null}},
{"type":"Feature","geometry":{"type":"Polygon","coordinates":[[[123.97500880206402,42.957361580786376],[124.70226816912908,42.31090881006189],[127.29928464837805,43.23841469550794],[125.50753879482706,42.59850546209688],[123.97500880206402,42.957361580786376]]]},"properties":{"NAME":null,"SUBJECTO":null,"PARTOF":null}},
{"type":"Feature","geometry":{"type":"Polygon","coordinates":[[[110.7110798389434,40.88572895524346],[116.16921402302536,40.64139821625898],[118.20972697100667,40.826899393348185],[119.04448226790814,42.31090881006189],[116.23543350705785,41.57627316375776],[110.7110798389434,40.88572895524346]]]},"properties":{"NAME":null,"SUBJECTO":null,"PARTOF":null}},
{"type":"Feature","geometry":{"type":"Polygon","coordinates":[[[25.18612578819538,65.24265631313982],[25.195617809103457,65.26795101619156],[25.25150779197956,65.41688879604997],[25.18612578819538,65.24265631313982]]]},"properties":{"NAME":null,"SUBJECTO":null,"PARTOF":null}},
{"type":"Feature","geometry":{"type":"Polygon","coordinates":[[[34.72611897050977,65.78029310527337],[34.725588831408274,65.61499365444841],[34.726172480089915,65.79697760220232],[34.72611897050977,65.78029310527337]]]},"properties":{"NAME":null,"SUBJECTO":null,"PARTOF":null}},
{"type":"Feature","geometry":{"type":"Polygon","coordinates":[[[91.6346769661739,75.65272863979997],[90,75.60154303188982],[89.79632857750202,75.52443274136247],[91.6346769661739,75.65272863979997]]]},"properties":{"NAME":null,"SUBJECTO":null,"PARTOF":null}},
{"type":"Feature","geometry":{"type":"Polygon","coordinates":[[[105.2788191170528,72.7515369283742],[105.40307092131953,72.748726095192],[105.60022262047077,72.74426611538591],[105.2788191170528,72.7515369283742]]]},"properties":{"NAME":null,"SUBJECTO":null,"PARTOF":null}},
{"type":"Feature","geometry":{"type":"Polygon","coordinates":[[[170.3368025154903,60.27710302944841],[170.51969436119342,60.33994253750505],[170.34409823134902,60.27960975244485],[170.3368025154903,60.27710302944841]]]},"properties":{"NAME":null,"SUBJECTO":null,"PARTOF":null}},
{"type":"Feature","geometry":{"type":"Polygon","coordinates":[[[123.40985396812702,73.48077734585466],[123.5007008987776,73.50494943844788],[124.22215560386921,73.69691046353044],[123.40985396812702,73.48077734585466]]]},"properties":{"NAME":null,"SUBJECTO":null,"PARTOF":null}},
{"type":"Feature","geometry":{"type":"MultiPolygon","coordinates":[[[[18.893071207610316,59.92568930240039],[18.80408576439167,60.108398042876146],[18.41686538170124,60.181624971587084],[17.93074897239948,60.59030874844255],[17.706456217272528,60.553580843169115],[17.14620879600788,60.95282705898943],[17.93625548790241,62.54800375576677],[15.43013132739913,61.86605293654498],[11.528408300596416,61.89775715387968],[9.832105669482,63.683620058257006],[7.08818009804035,62.91019781704607],[5.148983511431464,61.7408824789113],[5.096230539782294,60.26413305874529],[5.805763277514227,59.94925268765154],[5.61548427055622,58.45521505947771],[8.153747591479071,58.08954580898943],[10.54927161644245,59.37863119717302],[12.288620981676825,56.87985571499529],[12.850363223854629,56.47646877957913],[14.397108831137183,55.96974112856973],[15.770541223986395,56.03321035977068],[16.658679041369208,57.442950807768725],[16.684202571249493,58.64028888351093],[15.293919866282437,59.416016838506046],[15.866447282609235,60.31144642769223],[18.252362274811773,60.3024242483598],[18.41686538180465,60.181624971345705],[18.80408576449508,60.10839804263477],[18.893071207610316,59.92568930240039]]],[[[18.51546958407516,59.40079077334766],[17.35812285850788,59.245177828032396],[16.407576593962855,59.44749792666797],[17.358122858611292,59.24517782779102],[18.51546958407516,59.40079077334766]]]]},"properties":{"NAME":null,"SUBJECTO":null,"PARTOF":null}},
{"type":"Feature","geometry":{"type":"Polygon","coordinates":[[[15.293919866282437,59.416016838506046],[16.684202571668358,58.640288883277215],[17.739108118621058,59.110423646882815],[17.74520019015426,58.986129365876955],[18.2733717294609,59.286666475251955],[18.51546958407516,59.40079077334766],[17.358122858611292,59.24517782779102],[16.407576593962855,59.44749792666797],[18.03008368929977,59.35928305240039],[18.893071207610316,59.92568930240039],[18.80408576449508,60.10839804263477],[18.41686538180465,60.181624971345705],[18.252362274811773,60.3024242483598],[15.866447282609235,60.31144642769223],[15.293919866282437,59.416016838506046]]]},"properties":{"NAME":"Swedes","SUBJECTO":"Swedes","PARTOF":"Swedes"}},
{"type":"Feature","geometry":{"type":"Polygon","coordinates":[[[101.63276806613318,13.725322769116794],[100.90870955894734,13.447337709624193],[100.87163070152546,12.678542696196459],[101.91858199547077,12.585492693144701],[102.65849593590046,12.066133104521654],[103.03959182213093,10.897970758635424],[104.9785261483028,9.980911813933275],[104.74248031090046,8.493669115263842],[106.48202804039265,9.552120767790697],[106.77315810631062,10.63917215939226],[106.92988223329209,11.842432690832473],[104.38988927786042,11.981466355975801],[101.63276806613318,13.725322769116794]]]},"properties":{"NAME":"Funan","SUBJECTO":"Funan","PARTOF":"Funan"}},
{"type":"Feature","geometry":{"type":"Polygon","coordinates":[[[14.83955321420632,47.20101205446414],[14.755568394885449,48.18708182286137],[12.753521627474107,48.93294238326952],[12.874096780143914,47.18460266955733],[13.938367980666602,47.62584593916281],[14.83955321420632,47.20101205446414]]]},"properties":{"NAME":"Ostrogoths","SUBJECTO":"","PARTOF":""}},
{"type":"Feature","geometry":{"type":"Polygon","coordinates":[[[14.238621744616278,45.06235464688005],[14.34962153297136,45.31194725711341],[13.526890787585028,45.454310976225756],[13.895102533800848,44.759181581694506],[14.238621744616278,45.06235464688005]]]},"properties":{"NAME":"Ostrogoths","SUBJECTO":"","PARTOF":""}},
{"type":"Feature","geometry":{"type":"Polygon","coordinates":[[[18.914347725434567,47.834364717448544],[18.914391569484653,47.836337699702405],[18.888120637961585,47.8398878255839],[18.914347725434567,47.834364717448544]]]},"properties":{"NAME":"Ostrogoths","SUBJECTO":"","PARTOF":""}},
{"type":"Feature","geometry":{"type":"Polygon","coordinates":[[[7.467525371293705,43.81083423046961],[7.5069784988937,43.837025068435956],[7.552810224993475,43.867450319487475],[7.467525371293705,43.81083423046961]]]},"properties":{"NAME":"Ostrogoths","SUBJECTO":"","PARTOF":""}},
{"type":"Feature","geometry":{"type":"Polygon","coordinates":[[[14.253,36.073],[14.191,36.024],[14.275,36.012],[14.253,36.073]]]},"properties":{"NAME":null,"SUBJECTO":null,"PARTOF":null}},
{"type":"Feature","geometry":{"type":"Polygon","coordinates":[[[14.332,35.981],[14.336,35.884],[14.52,35.8],[14.57,35.869],[14.332,35.981]]]},"properties":{"NAME":null,"SUBJECTO":null,"PARTOF":null}},
{"type":"Feature","geometry":{"type":"MultiPolygon","coordinates":[[[[8.04806702830276,44.01842822925312],[8.89658549736286,44.437186800200365],[9.909300837023505,44.11047705288591],[10.7427559227779,42.850509248930834],[11.589450882053729,43.91329176094675],[11.404651924830791,45.57648237595319],[12.448797568798627,47.10596180006795],[10.4806571387161,47.23967299095964],[9.002265480932593,46.96247455512523],[7.893471737594965,45.8536808117876],[7.616273301760558,45.02208550428438],[8.04806702830276,44.01842822925312]]],[[[15.873253855211981,41.50214346523943],[14.429446711338755,42.326661124424014],[13.32910725781167,41.31109494888881],[14.992320093615302,40.372218691069506],[15.839826898181318,40.679310009545325],[15.873253855211981,41.50214346523943]]]]},"properties":{"NAME":"Lombard principalities","SUBJECTO":"Lombard principalities","PARTOF":"Lombard principalities"}},
{"type":"Feature","geometry":{"type":"MultiPolygon","coordinates":[[[[41.12255385826374,43.019088350493334],[41.68046859215046,41.79333838101091],[40.36101439903523,40.96344336147966],[38.65118316124226,40.921569429594896],[36.38289550255085,41.23751791592302],[35.95779326866413,41.68564566250505],[33.55554107139851,41.982501589018725],[30.744805368883856,41.04032477017107],[26.127575907213934,39.878558717924975],[26.707943949206122,39.182128511626146],[27.160407099230536,37.36008032437029],[29.002251657946356,36.69479712124529],[29.298188242419013,36.17311819668474],[30.472832712633856,36.18825491543474],[31.37069037864948,36.71234472866716],[33.171336206896555,35.97088202114763],[34.4851293892696,36.62678106899919],[35.70863250206257,36.21223410244646],[35.873065027697336,34.422286592680834],[34.84289077232624,32.670699678618334],[34.50065902183796,31.621099077422045],[33.557601007921946,30.967715822417162],[32.07651046226765,31.013650499541185],[30.995955500109442,31.468850694853685],[29.248847040636786,30.753661714751146],[23.153338465197333,32.138812624174975],[21.673419031603583,32.8155895101613],[20.365721735461005,32.29824026699724],[20.11676886986042,30.957103334624193],[19.66391471346969,30.44150122256641],[19.124539408190497,30.19894369717302],[17.421629938586005,30.99598654385271],[15.84332564781452,31.28500326748552],[15.009786638720282,32.3634410726613],[12.564756426317938,32.73963888760271],[10.41260055015827,33.63112600918474],[10.019480738146552,34.081473909575365],[11.125108751757391,35.24060782070818],[10.132734331591376,37.10474737759294],[9.416118654711493,37.27537878628435],[7.913174662096747,36.77524908657732],[6.047393831713446,36.84155615444841],[6.784677994257332,35.87453712174893],[7.985871216206434,35.504939207303046],[8.632667566486717,34.02654754951954],[9.833860788435814,32.917753806181906],[14.453834719009276,31.162163712563995],[18.61181125652539,29.406573618946076],[19.351007085417145,29.406573618946076],[21.291396136257998,29.960970490614894],[22.30779040098416,29.960970490614894],[26.742965374334684,28.574978311442855],[28.406155989341126,27.743383003939627],[30.808542433239328,23.862604902257928],[32.748931484080174,23.770205423646452],[33.657230668213316,24.017988632918694],[35.189864191515696,24.39991911526384],[33.928809198839915,26.56382330532732],[33.35421660850788,27.90954741116228],[35.111590418322336,28.072061144072435],[36.16771219270454,30.422967883672243],[38.37574401120885,33.531644259724374],[43.1900725671762,40.30971209509945],[44.3912657891253,41.88050323149442],[43.836868917456485,42.89689749622059],[41.12255385826374,43.019088350493334]]],[[[29.61591628502155,45.4102054464406],[28.217171327364476,45.475711487834296],[28.03655807489525,44.37528915400409],[25.264573716551173,43.82089228233528],[23.13938570848738,43.91329176094675],[22.95458675126444,44.65248758983849],[20.92179822181212,44.65248758983849],[18.633643185972446,44.863974430331794],[18.389418262934196,45.338113991603024],[15.413038491471186,46.14395062991583],[14.540364200433025,45.25606156202871],[15.412318262560614,43.93475683804216],[16.992262873156317,43.32271536465349],[19.606965097887763,41.76153906460466],[19.369067224962958,40.260280214507006],[20.02855971763874,39.813781343657396],[21.22843078087116,37.904906831938646],[22.638745340807684,37.49228628750505],[23.555766138537177,38.351764284331225],[22.72025779197956,39.2872691976613],[22.602265390856513,40.39723929043474],[23.885952982409247,40.732894502837084],[28.827807459337958,40.914699159819506],[27.501950296862372,42.51634558315935],[28.445693048937567,43.476363741118334],[28.68624785850788,44.48805197354021],[29.61591628502155,45.4102054464406]]],[[[14.429446711338755,42.326661124424014],[13.600871119005927,43.53480490322771],[12.345076593859442,44.30104025479021],[12.176189455492743,45.21429022427263],[13.673180613024481,45.71450766201677],[12.878527502376915,47.05540533729403],[12.448797568798627,47.10596180006795],[11.404651924830791,45.57648237595319],[11.589450882053729,43.91329176094675],[10.7427559227779,42.850509248930834],[12.641516718371161,41.53109701748552],[13.32910725781167,41.31109494888881],[14.429446711338755,42.326661124424014]]],[[[14.992320093615302,40.372218691069506],[15.666200670702704,40.09186133022966],[16.08256247947956,39.01247366543474],[17.084080728991278,40.525111757475756],[15.873253855211981,41.50214346523943],[15.839826898181318,40.679310009545325],[14.992320093615302,40.372218691069506]]],[[[13.32247546623493,38.220511995512865],[12.454147371752509,37.766009889799975],[15.027343782885321,36.745116792876146],[15.386741671068915,38.20554693813982],[13.32247546623493,38.220511995512865]]],[[[8.240707430346259,40.855338655669115],[8.696099314196356,38.99581106777849],[9.478920015795477,39.144157015044115],[9.793739351732977,40.56368216152849],[9.306203875048407,41.184447847563646],[8.240707430346259,40.855338655669115]]],[[[-6.705645883017173,38.276923565647124],[-8.791,37.829161287768315],[-8.659,37.109],[-7.127,37.221],[-5.614,36.006],[-4.392,36.723],[-2.117,36.736],[-0.512,38.325],[-0.334579244322047,39.425702467443685],[-1.531275080774897,39.200918351761814],[-2.824867781335467,37.72252669397831],[-5.781651096902479,37.90732565120125],[-6.705645883017173,38.276923565647124]]],[[[-4.59297749091839,35.15118750210466],[-5.919,35.791],[-6.511472192303888,34.45429953213396],[-6.327673976628373,34.81162115476519],[-4.59297749091839,35.15118750210466]]]]},"properties":{"NAME":"Eastern Roman Empire","SUBJECTO":"Eastern Roman Empire","PARTOF":"Eastern Roman Empire"}},
{"type":"Feature","geometry":{"type":"Polygon","coordinates":[[[147.232,75.362],[148.256,74.789],[150.148,75.219],[147.232,75.362]]]},"properties":{"NAME":null,"SUBJECTO":null,"PARTOF":null}},
{"type":"Feature","geometry":{"type":"Polygon","coordinates":[[[102.904,79.265],[99.354,78.054],[104.759,78.328],[102.904,79.265]]]},"properties":{"NAME":null,"SUBJECTO":null,"PARTOF":null}},
{"type":"Feature","geometry":{"type":"Polygon","coordinates":[[[96.954,80.906],[93.468,81.04],[91.958,80.297],[97.159,80.234],[96.954,80.906]]]},"properties":{"NAME":null,"SUBJECTO":null,"PARTOF":null}},
{"type":"Feature","geometry":{"type":"Polygon","coordinates":[[[68.794,76.582],[61.679,76.311],[55.727,75.079],[53.752,73.719],[56.759,73.247],[61.699,75.367],[67.035,76.084],[68.794,76.582]]]},"properties":{"NAME":null,"SUBJECTO":null,"PARTOF":null}},
{"type":"Feature","geometry":{"type":"Polygon","coordinates":[[[143.015,73.661],[141.086,73.871],[140.788,73.449],[143.185,73.203],[143.015,73.661]]]},"properties":{"NAME":null,"SUBJECTO":null,"PARTOF":null}},
{"type":"Feature","geometry":{"type":"Polygon","coordinates":[[[139.694,75.973],[138.162,74.774],[144.348,75.044],[145.384,75.529],[139.694,75.973]]]},"properties":{"NAME":null,"SUBJECTO":null,"PARTOF":null}},
{"type":"Feature","geometry":{"type":"Polygon","coordinates":[[[97.449,79.742],[93.646,79.615],[95.008,79.04],[98.56,78.776],[97.449,79.742]]]},"properties":{"NAME":null,"SUBJECTO":null,"PARTOF":null}},
{"type":"Feature","geometry":{"type":"Polygon","coordinates":[[[55.804,73.296],[53.153,73.156],[52.746,72.337],[53.572,70.886],[57.056,70.862],[55.322,71.949],[55.804,73.296]]]},"properties":{"NAME":null,"SUBJECTO":null,"PARTOF":null}},
{"type":"Feature","geometry":{"type":"Polygon","coordinates":[[[76.92164753014544,29.387818748901008],[72.62766425774089,28.366551993013818],[74.1173958209184,26.544342617090322],[78.54104452261383,27.627746371315755],[76.92164753014544,29.387818748901008]]]},"properties":{"NAME":"Chauhans","SUBJECTO":"Chauhans","PARTOF":"Chauhans"}},
{"type":"Feature","geometry":{"type":"MultiPolygon","coordinates":[[[[101.05086809025461,40.08489468499134],[100.40161397044237,39.71389233081292],[97.99009866828263,39.89939350790213],[96.59883984011354,39.71389233081292],[96.41333866302433,38.32263350264383],[99.38135749645171,37.58062879428699],[101.78956935299207,37.669821826010704],[100.6798657360762,32.850348778512085],[99.75235985063013,27.47081464292496],[100.6798657360762,24.131793455319148],[102.25662574133449,25.337551106399026],[103.6826637888953,26.05637059211011],[106.43040222584175,24.873798163675996],[103.83338574659278,20.1435181479011],[103.23424489264612,20.122862737146093],[104.3810912608956,18.327951477109472],[106.45149726589356,16.187961290965557],[107.37534490539612,16.691467982144694],[106.43306258629109,17.550279222685717],[105.53258040855671,18.844211183745287],[105.84338668297077,19.70240934963884],[106.8070402474239,20.905006014067553],[107.90002730797077,21.47900541897478],[109.11740401695515,21.39900930996599],[110.07721999595906,20.867482744414232],[111.08559707115437,21.479402147490404],[112.7495222420528,21.756068788725756],[113.71678451011921,22.482215486723803],[116.34061721275593,22.91333159084978],[118.81294539879109,24.8494144308156],[119.4703474373653,25.77168234463396],[119.42890456627156,26.590831361967943],[120.35180953453327,27.177013002592943],[121.35852340172077,28.3856635915822],[121.77031997154499,29.834281526762865],[121.60595992515827,31.827626787382982],[120.66086104820515,32.543117128569506],[119.97359755943562,34.13522299404802],[119.02086165855671,34.6919322835988],[120.13933852623249,36.19480093594255],[121.84669784019734,36.86017569180193],[120.6581144661739,37.73646505947771],[119.59885695884968,37.11661871548357],[118.87524703453327,37.949428163725756],[117.58946517418171,38.28448065396013],[117.75288680504109,39.20253714199724],[118.97764113853718,39.22413595791521],[121.01060775230671,40.85068091030779],[122.08235457847859,40.48801382656755],[124.70226816912908,42.31090881006189],[123.97500880206402,42.957361580786376],[119.04448226790814,42.31090881006189],[118.20972697100667,40.826899393348185],[116.16921402302536,40.64139821625898],[110.7110798389434,40.88572895524346],[104.84145406657181,41.231001059500606],[103.55513398095896,40.73414880480358],[102.90587986114673,38.87913703391146],[101.05086809025461,40.08489468499134]]],[[[108.93858626793171,18.33060225125017],[110.26251510093952,18.62562712307634],[110.61735061119343,20.017461382109545],[109.5503263802364,19.91355665798845],[108.57689956138874,19.187371813017748],[108.93858626793171,18.33060225125017]]]]},"properties":{"NAME":"Sui Empire","SUBJECTO":"Sui Empire","PARTOF":"Sui Empire"}},
{"type":"Feature","geometry":{"type":"Polygon","coordinates":[[[92.04127738188208,23.115047512755766],[91.57107070396687,22.543313585478685],[92.17629531334187,20.886634432036303],[93.11448952568811,20.59172347679869],[92.90178541664709,21.60872524621757],[92.04127738188208,23.115047512755766]]]},"properties":{"NAME":"Arakan","SUBJECTO":"Arakan","PARTOF":"Arakan"}},
{"type":"Feature","geometry":{"type":"Polygon","coordinates":[[[104.38988927786042,11.981466355975801],[104.01888692368199,12.90897224142186],[104.11163751222661,15.505988720670814],[106.45149726589356,16.187961290965557],[104.3810912608956,18.327951477109472],[103.23424489264612,20.122862737146093],[100.69818881548598,19.47885849129998],[100.12273530839072,20.169402699814288],[100.35291671122881,20.744856206909542],[100.12336220480856,23.85354168968533],[100.6798657360762,24.131793455319148],[99.75235985063013,27.47081464292496],[100.6798657360762,32.850348778512085],[101.78956935299207,37.669821826010704],[99.38135749645171,37.58062879428699],[96.41333866302433,38.32263350264383],[96.59883984011354,39.71389233081292],[97.99009866828263,39.89939350790213],[100.40161397044237,39.71389233081292],[101.05086809025461,40.08489468499134],[98.97182829420022,41.00081965666251],[96.32474216156204,40.65554755240535],[94.59838164027629,41.11591035808156],[92.06638620905717,43.302633685043524],[90.9596929884755,43.54918991631177],[91.33393557869015,45.92025067110863],[80.71884642202563,46.43604046828073],[82.20868349664521,51.32924897531792],[93.94115045927443,51.095929022398096],[105.30115815324875,51.21273678060715],[110.70143086835411,50.98293023313427],[125.05303583437123,50.372203152868515],[119.93576446770969,51.257643821866914],[116.70675230759709,54.659373183217475],[114.0159088408366,59.54672904426065],[107.9615110406255,59.8183896994711],[99.48535412032993,55.65854236961009],[99.53745541241915,55.2811223478262],[93.70004066679506,56.48455609390737],[78.36223290626025,56.41019430623805],[65.31164209247186,55.04663307077481],[59.09429166962169,56.4318399506882],[53.97646398874319,57.7086220534561],[46.105746848468755,57.7086220534561],[32.51698734132826,60.9322458642223],[29.018890834539626,61.77074313018303],[21.200139078600653,62.43518408413591],[21.560151133044013,60.51248510952654],[23.664656671984442,59.83555182095232],[25.580544504626044,60.26233633633318],[28.43523124168659,60.33733709927263],[27.702038797838934,59.297504030424975],[25.721121820910223,59.45984228726091],[23.415757212145575,59.11896475430193],[24.34649947593952,57.159720979887865],[23.21544936607624,56.98066671963396],[21.67733100364948,57.46365698452654],[20.964827570421942,56.60902365322771],[21.137343439562567,54.845458589751146],[18.27944854210163,54.724120699126146],[13.78049949119831,53.77517660732927],[12.652518305285223,54.32142599697771],[11.407822641833075,53.8592906820363],[9.649720750000085,54.84839600000012],[9.61861,54.87353475000012],[9.545277750000096,54.898399],[8.678609250000022,55.06034650000002],[8.855332572036113,53.87171329924848],[11.090442497286013,53.29075251605871],[12.270165674867608,51.628719612108924],[10.451425776095984,50.9834073182767],[8.239444818130494,52.445114858993286],[8.22333726732918,53.34380503736139],[7.508646956811404,53.61410299985114],[7.616273301760558,51.305250049864284],[9.094664959544062,49.82685839208077],[9.926260267047287,49.64205943485784],[12.143847753722543,50.10405682791518],[12.698244625391364,49.73445891346931],[12.874096780143914,47.18460266955733],[13.938367980666602,47.62584593916281],[14.83955321420632,47.20101205446414],[16.660558849601742,48.30898545786882],[19.202660546973767,47.773649516349224],[19.518435569158573,48.20994121116755],[21.779571659523114,47.484209039188755],[24.925500133073776,47.55060445537881],[24.402069647100305,46.78092947456099],[28.217171327364476,45.475711487834296],[29.61591628502155,45.4102054464406],[30.832856211169013,46.576591097075365],[33.638838800890696,45.92677267666521],[33.39549544761921,44.600490175444506],[35.06732085655476,44.86172445889177],[34.906809839709055,46.27302130337419],[37.42214492271687,47.07688101406755],[38.24188905411519,46.69864137294846],[39.78263890074078,45.79697851305167],[38.81399093552515,44.263565122179],[40.25161651085163,43.26818426724138],[41.12255385826374,43.019088350493334],[43.836868917456485,42.89689749622059],[44.3912657891253,41.88050323149442],[48.25410039415661,42.24844277673614],[47.56529525230671,43.007709108549975],[47.56529525230671,43.84395559902849],[46.84594634483601,44.446410738188646],[47.55630401085163,45.45349844570818],[49.53451446007038,46.54151877041521],[51.36885741661335,47.09002264614763],[53.185217890246165,46.865226350981615],[52.60973647545124,45.39955099697771],[51.5127287239864,45.37257345791521],[50.874304804308665,44.626247011382006],[51.17103484581257,43.7180667745656],[52.51981643150593,42.072555147368334],[53.98521712730671,42.10553701992693],[54.81849578331257,40.879569612700365],[53.257300409777415,40.764632784087084],[52.84545043419148,40.18038138027849],[54.03310683677937,38.992721162993334],[56.85521264874998,39.435640565179085],[61.95649501870329,41.290652336071204],[62.69849972706014,39.99214409644672],[65.01726444067529,38.50813467973303],[66.77952562302279,38.04438173701],[67.05777738865662,37.11687585156395],[67.14921128017005,34.6024438349445],[69.9330456335394,35.63286643485026],[73.82857035241283,36.745873497385524],[75.21982918058193,34.79811113794881],[78.34239662748489,32.59394588131141],[80.73848919898596,30.90258641907537],[85.65427039185006,28.583821705460224],[88.32746285555693,28.01314016826437],[93.90907277231997,26.821560523112716],[94.55832689213223,25.70855346057745],[92.12502007705353,22.968455637607107],[92.90178541664709,21.60872524621757],[93.11448952568811,20.59172347679869],[94.05371383140827,19.061149202544115],[94.4648542733028,17.26426275845232],[94.14335921715046,16.215379320341967],[95.32981399009968,15.677930437285326],[96.4692488045528,16.512576662260912],[97.57322219322468,16.44506987209978],[97.82298568199421,14.616008363921068],[98.19403629243605,13.657839339222171],[101.60737162152225,15.320487543581606],[102.62762809551292,14.671233423769362],[101.63276806613318,13.725322769116794],[104.38988927786042,11.981466355975801]],[[42.033598342603256,48.09785594146713],[44.29473443296798,47.702400718940034],[47.93221423051123,47.370545798936526],[47.047421847325026,46.29448029770004],[43.60656257937872,45.54217660568926],[40.26401357623086,47.23721557360997],[42.033598342603256,48.09785594146713]]]},"properties":{"NAME":null,"SUBJECTO":null,"PARTOF":null}},
{"type":"Feature","geometry":{"type":"Polygon","coordinates":[[[100.30192092369343,7.886848531920336],[99.72404769371296,9.257984720427416],[99.07134536216999,9.898278795439623],[99.89526656578327,12.079245172697924],[100.23968032310749,13.490372263152025],[100.90870955894734,13.447337709624193],[101.63276806613318,13.725322769116794],[102.62762809551292,14.671233423769362],[101.60737162152225,15.320487543581606],[98.19403629243605,13.657839339222171],[98.73837569664265,11.43508108730974],[98.63262465904499,10.100653253752611],[98.17717269371296,8.600222192961596],[99.11860183189656,7.642843805510424],[100.30192092369343,7.886848531920336]]]},"properties":{"NAME":"Dvaravati","SUBJECTO":"Dvaravati","PARTOF":"Dvaravati"}},
{"type":"Feature","geometry":{"type":"Polygon","coordinates":[[[178.175537,-18.241665],[178.170532,-17.342499],[177.510254,-17.509445],[177.333313,-18.119446],[178.175537,-18.241665]]]},"properties":{"NAME":"Tuʻi Tonga Empire","SUBJECTO":"Tuʻi Tonga Empire","PARTOF":"Tuʻi Tonga Empire"}}
]}