{"type":"FeatureCollection", "features": [
{"type":"Feature","geometry":{"type":"Polygon","coordinates":[[[33.78049758395312,35.2081371173418],[32.81907180270312,35.2817455157793],[32.60339263400195,34.61473425479297],[33.92467406710742,34.95322760196094],[33.78049758395312,35.2081371173418]]]},"properties":{"NAME":"Cyprus","SUBJECTO":"Cyprus","PARTOF":"Cyprus"}},
{"type":"Feature","geometry":{"type":"MultiPolygon","coordinates":[[[[136.81084731539843,37.31068380923633],[135.97788527926562,35.97254904361133],[135.15697768649218,35.646468721345705],[132.66285232028125,35.380626283601565],[130.89904311617968,33.90366705508594],[134.4273176523125,34.628177247957034],[135.75567153414843,33.34231527896289],[136.73385146578906,34.874087892488284],[138.14905837496875,34.52788122744922],[139.42260268649218,35.165511690095705],[140.31661513766406,35.033816896394534],[140.8722181650078,37.91744955630664],[141.9981184335625,39.67198904605274],[141.15255263766406,40.86541708560352],[139.91515639742968,40.574954591707034],[140.03008559664843,39.48317679019336],[139.19793227633593,37.92043264956836],[137.17620376071093,36.64306601138477],[136.81084731539843,37.31068380923633]]],[[[130.57931045016406,30.906545244172854],[131.31928542575,31.51120527835254],[131.6698255868828,33.30853231997852],[130.42656997164843,33.674171052888674],[129.34337905367968,33.15138968081836],[130.57931045016406,30.906545244172854]]],[[[140.01261428311824,41.38180883994109],[141.15503982017782,41.74934347744646],[140.2455244393871,42.22844275109872],[141.9281263681328,42.50126226992969],[143.21375564059375,41.92653997989063],[143.8479261728203,42.77464636416797],[145.44813064049032,43.16955908413591],[145.3595533699825,43.32998999233904],[145.14857009361532,43.59949835415544],[145.05938247164843,43.78576620669727],[145.13999465426562,44.17828329654102],[143.50817397555468,44.15576132388477],[143.50817397545126,44.155761324126146],[143.02050307711718,44.46368368716602],[143.02050307701376,44.463683687407396],[142.5390425057247,44.842650972563646],[142.1321821541622,45.20967825527849],[141.90395644615438,45.40314444180193],[141.56659987877157,44.96956595059099],[141.74572280357592,44.6285663472757],[141.74572280367968,44.62856634707813],[141.74268630455282,44.24878653164568],[141.70942214439657,43.91419180508318],[141.3036451668575,43.187030397612475],[140.8965559335625,43.13482626529102],[140.89655593345907,43.134826265532396],[140.59891799410937,43.32699164004688],[140.498240503875,43.320357881501955],[140.5168257088353,43.057002626480426],[140.51682570895312,43.057002626375],[140.49982741783407,42.896407686430834],[139.7117414804375,42.47759588809375],[139.7772016854122,42.112052522856615],[140.09969619235156,41.94597204776172],[140.1244917244747,41.7921520101613],[140.01261428311824,41.38180883994109]]]]},"properties":{"NAME":"Japan","SUBJECTO":"Japan","PARTOF":"Japan"}},
{"type":"Feature","geometry":{"type":"Polygon","coordinates":[[[120.62239364108203,21.92519911380176],[120.72464278658984,21.988931261018557],[120.78197768649218,22.34474142642383],[121.18240645846484,23.03791006656055],[121.32531264742968,23.400237642244143],[121.59270766696093,24.645675264314455],[121.78051284274218,24.900125108674807],[121.42886641940234,25.134364686921877],[120.85697463473437,24.80925329776172],[120.26632216891406,23.97598608584766],[120.02075484713671,23.61978491397266],[120.11343673190234,22.6418529376543],[120.62239364108203,21.92519911380176]]]},"properties":{"NAME":"Taiwan","SUBJECTO":"Taiwan","PARTOF":"Taiwan"}},
{"type":"Feature","geometry":{"type":"Polygon","coordinates":[[[-82.17722794094922,22.365911088899416],[-79.7345475820625,21.671853624299807],[-77.29118057766797,20.70449598880176],[-77.46084305325391,19.87143477054004],[-75.51905533352735,19.907353959993166],[-75.60392471829297,21.013194642976565],[-77.33981796780469,21.51166494937305],[-79.75995346585157,22.75878294558887],[-81.43114944973829,23.136655412629885],[-82.17722794094922,22.365911088899416]]]},"properties":{"NAME":null,"SUBJECTO":null,"PARTOF":null}},
{"type":"Feature","geometry":{"type":"Polygon","coordinates":[[[-61.686668,17.024441000000138],[-61.794449,17.16333],[-61.887222,17.033054000000106],[-61.686668,17.024441000000138]]]},"properties":{"NAME":null,"SUBJECTO":null,"PARTOF":null}},
{"type":"Feature","geometry":{"type":"Polygon","coordinates":[[[-71.550587621125,19.89672239871387],[-72.6764650014961,19.39217909427051],[-72.74589249173047,18.508500657991213],[-71.40075394192579,17.704131685212893],[-70.62097641507032,18.506677232698244],[-68.65684982815625,18.8731761798418],[-70.88160416165235,19.929931245759768],[-71.550587621125,19.89672239871387]]]},"properties":{"NAME":null,"SUBJECTO":null,"PARTOF":null}},
{"type":"Feature","geometry":{"type":"MultiPolygon","coordinates":[[[[120.36362746676562,14.530945383027834],[121.00936416110156,13.655685029939455],[121.72879317721484,14.108259759858889],[121.24220565280078,15.307833276704592],[122.3955793710625,17.114329896882815],[122.02781203707812,18.009172044709963],[121.03637221774218,18.527911745027346],[120.39307692965625,18.043792329744143],[120.30344680270312,16.417462907747073],[119.77184585055468,15.469834886506838],[120.36362746676562,14.530945383027834]]],[[[121.87300399264453,10.468407236055178],[122.89682296237109,11.150391183809084],[121.99363997897265,11.758330903962893],[121.87300399264453,10.468407236055178]]],[[[126.0452375741875,6.608192525819582],[126.27187636813281,8.425783716157717],[125.93394759616015,9.17475088687305],[123.46498397311328,7.790728651002688],[124.22405532321093,6.089605890229983],[126.0452375741875,6.608192525819582]]]]},"properties":{"NAME":"Philippines","SUBJECTO":"Philippines","PARTOF":"Philippines"}},
{"type":"Feature","geometry":{"type":"Polygon","coordinates":[[[-67.15195175694825,17.986524187280757],[-65.77500626126172,18.39626082034473],[-67.21057602444183,18.437686525306134],[-67.16167923499897,18.329742037005953],[-67.15195175694825,17.986524187280757]]]},"properties":{"NAME":null,"SUBJECTO":null,"PARTOF":null}},
{"type":"Feature","geometry":{"type":"Polygon","coordinates":[[[-77.29082962551954,17.805966936067385],[-76.42635056057813,18.1192642077959],[-77.76949783841016,18.510497652009768],[-77.29082962551954,17.805966936067385]]]},"properties":{"NAME":null,"SUBJECTO":null,"PARTOF":null}},
{"type":"Feature","geometry":{"type":"Polygon","coordinates":[[[44.67219832858203,-16.23558083920117],[43.971648249236324,-17.552675642057615],[44.47033599337695,-20.17013780026074],[43.5010252328789,-21.49418679623242],[43.37636474093554,-22.63212624935742],[43.67141250094531,-24.226787962003904],[44.425330195037105,-25.31205026058789],[45.576182398406246,-25.621076978727537],[47.25847915133593,-24.765831388517576],[48.087378534880855,-22.04376069454785],[49.34185317477343,-18.227621473356443],[49.42470839938281,-17.197809614225584],[50.50334075411914,-15.314229406400877],[49.8171873422539,-12.830713666959959],[48.75133803805468,-13.417710699125486],[46.92456725558398,-15.360046781583982],[44.67219832858203,-16.23558083920117]],[[48.01471769870798,-17.022773083871385],[48.488183848332966,-20.041119787730583],[47.18615193686429,-23.1186497602929],[45.52902041317688,-23.592115909917876],[45.2922873383644,-22.645183610667928],[46.6535025185362,-17.73297230830884],[48.01471769870798,-17.022773083871385]]]},"properties":{"NAME":"Madagascar","SUBJECTO":"Madagascar","PARTOF":"Madagascar"}},
{"type":"Feature","geometry":{"type":"MultiPolygon","coordinates":[[[[175.3076887460625,-37.32097665218945],[174.2168684335625,-35.33676568417187],[173.16649917086718,-35.420879758878904],[174.76465896090625,-37.29654351620312],[174.6547346445,-38.983257688566404],[173.80480483492968,-39.41970483212109],[175.3535871835625,-40.29998055843945],[176.01143935641406,-41.25534478573437],[178.40819838961718,-38.77115289120312],[175.3076887460625,-37.32097665218945]]],[[[172.06266311129687,-43.92314187435742],[174.2335462900078,-42.0112346783125],[173.26403335055468,-41.54367486385937],[171.45835402926562,-41.99285165218945],[171.02405837496875,-42.886883176847654],[168.41573623141406,-44.220909513517576],[167.13749221285937,-45.19984856991406],[166.52276137789843,-46.232723630949216],[169.39930251559375,-46.70957223324414],[170.61156753024218,-45.946060575529295],[171.37786391696093,-44.337749876066404],[172.06266311129687,-43.92314187435742]]]]},"properties":{"NAME":"Maori","SUBJECTO":"Maori","PARTOF":"Maori"}},
{"type":"Feature","geometry":{"type":"MultiPolygon","coordinates":[[[[19.821213755217773,69.36973150821095],[18.95870688865925,68.29369696255388],[18.40022206484757,67.23493152447254],[18.534030738741084,66.43207948149077],[18.400222064951013,67.23493152423117],[19.821213755217773,69.36973150821095]]],[[[11.736376188093523,57.69820870947779],[11.73637618816939,57.69820870956508],[11.736376187990079,57.69820870971917],[11.736376188093523,57.69820870947779]]],[[[13.282957110015136,79.48708685489063],[11.760330233184082,78.88018377871876],[15.098876032439453,77.11526831241017],[19.11582282504199,78.45454748721485],[17.834054026213867,79.80945166201954],[13.282957110015136,79.48708685489063]]],[[[10.141728434172851,54.33675345034961],[9.884802784904497,54.2541031475196],[9.739429584504371,54.27590912757962],[9.674011644324317,54.188685207339546],[9.448683183777394,54.188685207339546],[9.674011644427761,54.18868520709817],[9.739429584607816,54.27590912733824],[9.884802785007942,54.25410314727822],[10.141728434172851,54.33675345034961]]],[[[8.884012255278808,54.229449830964846],[9.44141452371429,54.24683448725822],[9.441414523684116,54.2468344874996],[8.884012255175364,54.229449831206225],[8.884012255278808,54.229449830964846]]],[[[16.06315060859225,56.39623928206121],[16.063150608395468,56.39623928217551],[16.031445536120188,56.353072725493334],[14.652893099291575,56.12061651821794],[14.126021418078196,55.666583620268725],[14.652893099395019,56.120616517976565],[15.770541224089843,56.0332103595293],[16.031445536223632,56.353072725251955],[16.06315060859225,56.39623928206121]]],[[[-22.37291046668743,63.773185335356615],[-18.641863789948243,63.32381781192188],[-14.821200337799805,64.19502600283985],[-13.525573697583425,65.18334540005388],[-14.82120033790325,64.19502600308122],[-18.641863790051687,63.323817812163256],[-22.37291046668743,63.773185335356615]]]]},"properties":{"NAME":"Denmark-Norway","SUBJECTO":"Denmark-Norway","PARTOF":"Denmark-Norway"}},
{"type":"Feature","geometry":{"type":"MultiPolygon","coordinates":[[[[-6.343146768006104,53.93964346499805],[-6.018187966736573,55.093001924470705],[-8.345380750092286,55.09528311343555],[-9.890640225800293,52.19443091006641],[-9.819109883698243,51.434554658845705],[-6.405971017273682,52.21443899722461],[-6.343146768006104,53.93964346499805]]],[[[-1.981956508380175,55.58968674287802],[-3.319288161980509,54.88630502079788],[-2.914475407990235,53.26714285464649],[-4.317542043122071,53.09120901675586],[-4.159330811890381,51.67681463809375],[-3.521466937454957,50.61743124575977],[0.191810223666412,50.73128470034961],[1.691691670027954,52.311420045808596],[-0.319215585085171,53.57891424746875],[-1.981956508380175,55.58968674287802]]]]},"properties":{"NAME":"England","SUBJECTO":"England","PARTOF":"England"}},
{"type":"Feature","geometry":{"type":"Polygon","coordinates":[[[-3.319288161980509,54.88630502079788],[-1.981956508380175,55.58968674287802],[-2.742131438645142,55.95718725772266],[-2.150362935456055,57.571979127839846],[-5.762965646179932,57.61977728457813],[-5.633057561310547,55.93986090274219],[-3.319288161980509,54.88630502079788]]]},"properties":{"NAME":"Scottland","SUBJECTO":"Scottland","PARTOF":"Scottland"}},
{"type":"Feature","geometry":{"type":"Polygon","coordinates":[[[-7.491503682526368,37.20815619082813],[-6.933383431824463,38.961349092439455],[-6.708704438599366,41.96004446597461],[-8.806055035980958,41.889178834871096],[-8.694069829376954,40.992171846345705],[-9.549007382782715,38.77451666446094],[-8.853651967438477,38.4996410235918],[-8.667059865387696,37.12144049258594],[-7.491503682526368,37.20815619082813]]]},"properties":{"NAME":"Portugal","SUBJECTO":"Portugal","PARTOF":"Portugal"}},
{"type":"Feature","geometry":{"type":"MultiPolygon","coordinates":[[[[149.55416396578906,-6.406063951536375],[152.05868056735156,-5.4981354847395],[151.58762649020312,-4.901724733396726],[149.55416396578906,-6.406063951536375]]],[[[140.94761184176562,-9.273864187284666],[142.60740188082812,-9.376576818510252],[144.37983230075,-7.758321680113035],[145.81963637789843,-8.09844247250195],[146.64609816989062,-9.27887574581738],[147.87362197360156,-10.178817190214353],[149.78336623629687,-10.409889616056638],[149.8299055429375,-9.71058026699658],[148.58870986422656,-9.160280622526365],[146.90914443453906,-6.894825376554685],[147.3764906259453,-6.124768175169187],[145.59342483004687,-5.423136152311521],[145.728220972625,-4.997029222532468],[143.445506128875,-3.610096134229856],[140.8697767587578,-2.794752515836912],[140.94549087008593,-6.379222787901121],[140.94761184176562,-9.273864187284666]]]]},"properties":{"NAME":"Papua New Guinea","SUBJECTO":"Papua New Guinea","PARTOF":"Papua New Guinea"}},
{"type":"Feature","geometry":{"type":"Polygon","coordinates":[[[-61.114247289093754,10.821682535127444],[-61.80907532254102,10.724968515352053],[-61.20665833035352,10.118220888093752],[-61.114247289093754,10.821682535127444]]]},"properties":{"NAME":null,"SUBJECTO":null,"PARTOF":null}},
{"type":"Feature","geometry":{"type":"MultiPolygon","coordinates":[[[[-73.11150833645704,-72.74946252255077],[-70.02071854153516,-72.67219201473827],[-68.39805313626172,-71.12679711727733],[-70.32980057278516,-68.96324578671093],[-71.7979249624336,-69.7359432354414],[-72.10699936428907,-71.04952660946483],[-75.27505966702344,-71.6676830425703],[-73.11150833645704,-72.74946252255077]]],[[[-102.55128189602735,-72.1313060894453],[-97.14239975491407,-72.67219201473827],[-97.21967026272657,-71.8222240581953],[-102.55128189602735,-72.1313060894453]]],[[[-55.18492981472852,-80.94006005673046],[-44.83078476467969,-80.32190362362499],[-44.21262451687696,-78.39015618710155],[-48.84880920925977,-78.08107415585155],[-55.18492981472852,-80.94006005673046]]],[[[169.76938918551562,-83.41788903622265],[162.01522353610156,-81.65986291317577],[159.31539443453906,-80.02740899471874],[163.64298537692187,-78.66061059383983],[162.34563735446093,-75.10688439755077],[164.61622146090625,-74.17193261532421],[168.9746809335625,-73.23894158749218],[170.72912124117968,-71.9042781963789],[167.63463881930468,-70.86511651424999],[160.5985365243828,-70.22093621639843],[157.30686477145312,-69.15642968563671],[151.093455347625,-68.8858226910078],[146.87545302828906,-67.99737969784374],[145.58565810641406,-67.22348443417187],[141.1574964853203,-66.72243157772655],[134.20519545992968,-66.18008843807812],[130.27210524996875,-66.25291863827343],[129.00962356051562,-67.02982751278515],[122.45820907076953,-66.64516106991405],[118.28564742526171,-67.07014123348827],[113.01485732516406,-65.76308099178905],[110.60744002780078,-66.05907861141796],[109.40372756442187,-66.71026269344921],[102.63083938082812,-65.92616692928905],[99.65426162203906,-66.54946557430858],[90,-66.6065258160078],[81.81432631930468,-67.30195275692577],[78.25992110690234,-68.38373223690624],[76.86905959567187,-69.31096307186718],[72.54195693453906,-70.23820153622265],[70.30113509616015,-72.01540795712108],[67.36488631686328,-71.70632592587108],[67.51269057711718,-70.46442071346874],[68.95107558688281,-69.88906518368358],[69.37389663180468,-67.84283868221874],[62.805972132292965,-67.61102715878124],[56.62694838961718,-66.94232598690624],[55.14159301241992,-65.96285668758983],[52.45182326754687,-65.9883617535078],[48.96721557101367,-66.97347680477733],[47.305083307830074,-67.7748607769453],[44.79703811129687,-67.74518243221874],[39.6471433969414,-68.93355981258983],[38.33204940280078,-70.02947656063671],[33.54134276827929,-68.54216424374218],[32.74804213961718,-69.34959832577343],[23.707478556243164,-70.5859188213789],[17.603171381560546,-70.08366052059765],[12.657907518950683,-70.31547204403515],[10.339816126433593,-70.70181695370312],[8.485341105071289,-70.08366052059765],[0.681093785372955,-71.31997338680858],[-4.88232704678418,-71.28133813290233],[-7.200421777161377,-70.89499322323437],[-11.141175237091797,-71.59042016415233],[-11.8284835485542,-72.32257501034374],[-16.39551826992871,-73.44488946346874],[-14.45094105282666,-74.06464806942577],[-18.40453049221875,-75.68571130184765],[-23.581604924591797,-75.91752282528515],[-33.16305252591016,-77.38564721493358],[-36.40837952175977,-79.16285363583202],[-29.567681279572266,-79.22431603817577],[-28.91321846524121,-80.47643700985546],[-38.03104874173047,-80.94006005673046],[-43.82627960720899,-81.79002801327343],[-60.2074594167793,-82.3309139385664],[-74.88871475735547,-80.70824853329296],[-76.58865067044141,-79.39465752987499],[-80.76121231594922,-78.23561517147655],[-74.5023698476875,-78.08107415585155],[-78.59766098538282,-76.61294976620312],[-70.56160446682813,-76.69022027401562],[-64.45729538479688,-75.68571130184765],[-61.366505589875004,-73.90851251034374],[-60.825619664582035,-72.74946252255077],[-61.675587621125004,-70.81772271542187],[-65.38453384915235,-67.34058038143749],[-61.134694066437504,-64.86795464901562],[-57.271210637482426,-63.708904661222654],[-58.121178594025395,-63.399822629972654],[-62.91190430203321,-64.71340600399608],[-66.85265823880079,-66.79969445614452],[-67.08446976223829,-68.65416375546093],[-68.78439804592969,-69.8132137432539],[-67.08446976223829,-71.8222240581953],[-67.62535568753125,-72.74946252255077],[-75.58414169827344,-73.75397149471874],[-81.76572128811719,-74.02441064266796],[-88.56545731106641,-73.25171319393749],[-99.78819748440625,-72.9977611675703],[-101.88011642971875,-74.09877435116405],[-100.04510208645704,-75.30987969784374],[-105.64207932034375,-75.06755486874218],[-110.55704971829297,-75.30289117245312],[-113.23789688626172,-74.32137719540233],[-128.97754379788282,-74.91301385311718],[-134.77277084866407,-74.64256707577343],[-140.56799789944532,-75.2607235088789],[-146.67230698147657,-76.11069146542187],[-146.14586350003125,-77.4565242901289],[-149.99490829983594,-77.7333568706953],[-154.16746994534375,-77.11520043758983],[-158.18549057522657,-77.8106273785078],[-154.55382248440625,-79.12421838192577],[-148.604054418,-79.66510430721874],[-145.66779037991407,-80.51507226376171],[-152.08118149319532,-82.60135308651562],[-153.3097428945625,-83.94192925839062],[-148.75858017483594,-85.07398644833202],[-156.56282516995313,-85.460331358],[-167.22606369534375,-84.76490441708202],[-180,-84.32231561092968],[-180,-85.32231561092968],[-180,-86.32231561092968],[-180,-87.32231561092968],[-180,-88.32231561092968],[-180,-89.32231561092968],[-180,-90],[-179.203663793,-90],[-178.203663793,-90],[-177.203663793,-90],[-176.203663793,-90],[-175.203663793,-90],[-174.203663793,-90],[-173.203663793,-90],[-172.203663793,-90],[-171.203663793,-90],[-170.203663793,-90],[-169.203663793,-90],[-168.203663793,-90],[-167.203663793,-90],[-166.203663793,-90],[-165.203663793,-90],[-164.203663793,-90],[-163.203663793,-90],[-162.203663793,-90],[-161.203663793,-90],[-160.203663793,-90],[-159.203663793,-90],[-158.203663793,-90],[-157.203663793,-90],[-156.203663793,-90],[-155.203663793,-90],[-154.203663793,-90],[-153.203663793,-90],[-152.203663793,-90],[-151.203663793,-90],[-150.203663793,-90],[-149.203663793,-90],[-148.203663793,-90],[-147.203663793,-90],[-146.203663793,-90],[-145.203663793,-90],[-144.203663793,-90],[-143.203663793,-90],[-142.203663793,-90],[-141.203663793,-90],[-140.203663793,-90],[-139.203663793,-90],[-138.203663793,-90],[-137.203663793,-90],[-136.203663793,-90],[-135.203663793,-90],[-134.203663793,-90],[-133.203663793,-90],[-132.203663793,-90],[-131.203663793,-90],[-130.203663793,-90],[-129.203663793,-90],[-128.203663793,-90],[-127.203663793,-90],[-126.203663793,-90],[-125.203663793,-90],[-124.203663793,-90],[-123.203663793,-90],[-122.203663793,-90],[-121.203663793,-90],[-120.203663793,-90],[-119.203663793,-90],[-118.203663793,-90],[-117.203663793,-90],[-116.203663793,-90],[-115.203663793,-90],[-114.203663793,-90],[-113.203663793,-90],[-112.203663793,-90],[-111.203663793,-90],[-110.203663793,-90],[-109.203663793,-90],[-108.203663793,-90],[-107.203663793,-90],[-106.203663793,-90],[-105.203663793,-90],[-104.203663793,-90],[-103.203663793,-90],[-102.203663793,-90],[-101.203663793,-90],[-100.203663793,-90],[-99.203663793,-90],[-98.203663793,-90],[-97.203663793,-90],[-96.203663793,-90],[-95.203663793,-90],[-94.203663793,-90],[-93.203663793,-90],[-92.203663793,-90],[-91.203663793,-90],[-90,-90],[-89.203663793,-90],[-88.203663793,-90],[-87.203663793,-90],[-86.203663793,-90],[-85.203663793,-90],[-84.203663793,-90],[-83.203663793,-90],[-82.203663793,-90],[-81.203663793,-90],[-80.203663793,-90],[-79.203663793,-90],[-78.203663793,-90],[-77.203663793,-90],[-76.203663793,-90],[-75.203663793,-90],[-74.203663793,-90],[-73.203663793,-90],[-72.203663793,-90],[-71.203663793,-90],[-70.203663793,-90],[-69.203663793,-90],[-68.203663793,-90],[-67.203663793,-90],[-66.203663793,-90],[-65.203663793,-90],[-64.203663793,-90],[-63.203663793,-90],[-62.203663793,-90],[-61.203663793,-90],[-60.203663793,-90],[-59.203663793,-90],[-58.203663793,-90],[-57.203663793,-90],[-56.203663793,-90],[-55.203663793,-90],[-54.203663793,-90],[-53.203663793,-90],[-52.203663793,-90],[-51.203663793,-90],[-50.203663793,-90],[-49.203663793,-90],[-48.203663793,-90],[-47.203663793,-90],[-46.203663793,-90],[-45.203663793,-90],[-44.203663793,-90],[-43.203663793,-90],[-42.203663793,-90],[-41.203663793,-90],[-40.203663793,-90],[-39.203663793,-90],[-38.203663793,-90],[-37.203663793,-90],[-36.203663793,-90],[-35.203663793,-90],[-34.203663793,-90],[-33.203663793,-90],[-32.203663793,-90],[-31.203663793,-90],[-30.203663793,-90],[-29.203663793,-90],[-28.203663793,-90],[-27.203663793,-90],[-26.203663793,-90],[-25.203663793,-90],[-24.203663793,-90],[-23.203663793,-90],[-22.203663793,-90],[-21.203663793,-90],[-20.203663793,-90],[-19.203663793,-90],[-18.203663793,-90],[-17.203663793,-90],[-16.203663793,-90],[-15.203663793,-90],[-14.203663793,-90],[-13.203663793,-90],[-12.203663793,-90],[-11.203663793,-90],[-10.203663793,-90],[-9.203663793,-90],[-8.203663793,-90],[-7.203663793,-90],[-6.203663793,-90],[-5.203663793,-90],[-4.203663793,-90],[-3.203663793,-90],[-2.203663793,-90],[-1.203663793,-90],[-0.203663793,-90],[0.778056177703125,-90],[1.778056177703125,-90],[2.778056177703125,-90],[3.778056177703125,-90],[4.778056177703125,-90],[5.778056177703125,-90],[6.778056177703125,-90],[7.778056177703125,-90],[8.778056177703125,-90],[9.778056177703125,-90],[10.778056177703125,-90],[11.778056177703125,-90],[12.778056177703125,-90],[13.778056177703125,-90],[14.778056177703125,-90],[15.778056177703125,-90],[16.778056177703125,-90],[17.778056177703125,-90],[18.778056177703125,-90],[19.778056177703125,-90],[20.778056177703125,-90],[21.778056177703125,-90],[22.778056177703125,-90],[23.778056177703125,-90],[24.778056177703125,-90],[25.778056177703125,-90],[26.778056177703125,-90],[27.778056177703125,-90],[28.778056177703125,-90],[29.778056177703125,-90],[30.778056177703125,-90],[31.778056177703125,-90],[32.77805617770312,-90],[33.77805617770312,-90],[34.77805617770312,-90],[35.77805617770312,-90],[36.77805617770312,-90],[37.77805617770312,-90],[38.77805617770312,-90],[39.77805617770312,-90],[40.77805617770312,-90],[41.77805617770312,-90],[42.77805617770312,-90],[43.77805617770312,-90],[44.77805617770312,-90],[45.77805617770312,-90],[46.77805617770312,-90],[47.77805617770312,-90],[48.77805617770312,-90],[49.77805617770312,-90],[50.77805617770312,-90],[51.77805617770312,-90],[52.77805617770312,-90],[53.77805617770312,-90],[54.77805617770312,-90],[55.77805617770312,-90],[56.77805617770312,-90],[57.77805617770312,-90],[58.77805617770312,-90],[59.77805617770312,-90],[60.77805617770312,-90],[61.77805617770312,-90],[62.77805617770312,-90],[63.77805617770312,-90],[64.77805617770312,-90],[65.77805617770312,-90],[66.77805617770312,-90],[67.77805617770312,-90],[68.77805617770312,-90],[69.77805617770312,-90],[70.77805617770312,-90],[71.77805617770312,-90],[72.77805617770312,-90],[73.77805617770312,-90],[74.77805617770312,-90],[75.77805617770312,-90],[76.77805617770312,-90],[77.77805617770312,-90],[78.77805617770312,-90],[79.77805617770312,-90],[80.77805617770312,-90],[81.77805617770312,-90],[82.77805617770312,-90],[83.77805617770312,-90],[84.77805617770312,-90],[85.77805617770312,-90],[86.77805617770312,-90],[87.77805617770312,-90],[88.77805617770312,-90],[89.77805617770312,-90],[89.796336207,-90],[90,-90],[91.77805617770312,-90],[92.77805617770312,-90],[93.77805617770312,-90],[94.77805617770312,-90],[95.77805617770312,-90],[96.77805617770312,-90],[97.77805617770312,-90],[98.77805617770312,-90],[99.77805617770312,-90],[100.77805617770312,-90],[101.77805617770312,-90],[102.77805617770312,-90],[103.77805617770312,-90],[104.77805617770312,-90],[105.77805617770312,-90],[106.77805617770312,-90],[107.77805617770312,-90],[108.77805617770312,-90],[109.77805617770312,-90],[110.77805617770312,-90],[111.77805617770312,-90],[112.77805617770312,-90],[113.77805617770312,-90],[114.77805617770312,-90],[115.77805617770312,-90],[116.77805617770312,-90],[117.77805617770312,-90],[118.77805617770312,-90],[119.77805617770312,-90],[120.77805617770312,-90],[121.77805617770312,-90],[122.77805617770312,-90],[123.77805617770312,-90],[124.77805617770312,-90],[125.77805617770312,-90],[126.77805617770312,-90],[127.77805617770312,-90],[128.77805617770312,-90],[129.77805617770312,-90],[130.77805617770312,-90],[131.77805617770312,-90],[132.77805617770312,-90],[133.77805617770312,-90],[134.77805617770312,-90],[135.77805617770312,-90],[136.77805617770312,-90],[137.77805617770312,-90],[138.77805617770312,-90],[139.77805617770312,-90],[140.77805617770312,-90],[141.77805617770312,-90],[142.77805617770312,-90],[143.77805617770312,-90],[144.77805617770312,-90],[145.77805617770312,-90],[146.77805617770312,-90],[147.77805617770312,-90],[148.77805617770312,-90],[149.77805617770312,-90],[150.77805617770312,-90],[151.77805617770312,-90],[152.77805617770312,-90],[153.77805617770312,-90],[154.77805617770312,-90],[155.77805617770312,-90],[156.77805617770312,-90],[157.77805617770312,-90],[158.77805617770312,-90],[159.77805617770312,-90],[160.77805617770312,-90],[161.77805617770312,-90],[162.77805617770312,-90],[163.77805617770312,-90],[164.77805617770312,-90],[165.77805617770312,-90],[166.77805617770312,-90],[167.77805617770312,-90],[168.77805617770312,-90],[169.77805617770312,-90],[170.77805617770312,-90],[171.77805617770312,-90],[172.77805617770312,-90],[173.77805617770312,-90],[174.77805617770312,-90],[175.77805617770312,-90],[176.77805617770312,-90],[177.77805617770312,-90],[178.77805617770312,-90],[180,-90],[180,-89.31921807674999],[180,-88.31921807674999],[180,-87.31921807674999],[180,-86.31921807674999],[180,-85.31921807674999],[180,-84.34037438778515],[169.76938918551562,-83.41788903622265]]]]},"properties":{"NAME":null,"SUBJECTO":null,"PARTOF":null}},
{"type":"Feature","geometry":{"type":"Polygon","coordinates":[[[12.37776521272152,44.73152979882409],[11.169817827810615,45.067184016221326],[12.302206036932475,43.2775996688826],[11.960132972376597,42.00737273955097],[13.760507236170481,41.20669841632788],[14.076401988875073,42.6337763953921],[12.37776521272152,44.73152979882409]]]},"properties":{"NAME":"Papal States","SUBJECTO":"Papal States","PARTOF":"Papal States"}},
{"type":"Feature","geometry":{"type":"Polygon","coordinates":[[[48.01471769870798,-17.022773083871385],[46.6535025185362,-17.73297230830884],[45.2922873383644,-22.645183610667928],[45.52902041317688,-23.592115909917876],[47.18615193686429,-23.1186497602929],[48.488183848332966,-20.041119787730583],[48.01471769870798,-17.022773083871385]]]},"properties":{"NAME":"Expansionist Kingdom of Merina","SUBJECTO":"Expansionist Kingdom of Merina","PARTOF":"Expansionist Kingdom of Merina"}},
{"type":"Feature","geometry":{"type":"Polygon","coordinates":[[[142.61463454674032,47.45959814663591],[142.85399917086718,49.127696596101565],[143.97294143150594,49.05807837124529],[142.85399917076376,49.12769659634294],[142.61463454674032,47.45959814663591]]]},"properties":{"NAME":null,"SUBJECTO":null,"PARTOF":null}},
{"type":"Feature","geometry":{"type":"Polygon","coordinates":[[[-1.172564294695594,10.84764110987392],[0.083859731972161,11.73452865810998],[-0.063954859400518,13.28658186752308],[-1.68991536449996,13.803932937327449],[-3.020246686854049,13.656118345954777],[-3.833226939403772,12.695323502032377],[-3.168061278226727,10.921548405560255],[-1.172564294695594,10.84764110987392]]]},"properties":{"NAME":"Mossi States","SUBJECTO":"Mossi States","PARTOF":"Mossi States"}},
{"type":"Feature","geometry":{"type":"Polygon","coordinates":[[[12.37169078311084,-6.257806695982175],[13.387093576995117,-8.155678190275388],[13.08375838717578,-9.287485517545896],[14.329051675258405,-9.368144601960868],[14.398621075334972,-7.198350479153216],[15.04963703106931,-6.014685105090788],[14.576170881444337,-4.771836462325236],[12.371690783152545,-6.257806695952786],[12.37169078311084,-6.257806695982175]]]},"properties":{"NAME":"Congo","SUBJECTO":"Congo","PARTOF":"Congo"}},
{"type":"Feature","geometry":{"type":"Polygon","coordinates":[[[102.67077926119921,12.03772410006885],[103.03959182223437,10.897970758394045],[104.97852614840625,9.980911813691897],[104.7424803110039,8.493669115022463],[106.48202804049609,9.552120767549319],[106.85380080660937,10.575815759614748],[107.38450149020312,12.354075990632815],[107.4802961679375,13.256602846101565],[105.01560168467714,13.406013804863036],[103.65654406918522,12.846401845542832],[102.67077926119921,12.03772410006885]]]},"properties":{"NAME":"Cambodia","SUBJECTO":"Cambodia","PARTOF":"Cambodia"}},
{"type":"Feature","geometry":{"type":"Polygon","coordinates":[[[7.397118601409179,43.76409491153125],[6.942603621093017,44.86865194888477],[5.533431053993224,46.096995468728146],[6.015196937201104,48.653030668862],[5.361129202599225,49.69675577726925],[1.825507855919507,50.24268837026159],[1.796177011925293,50.92141446442835],[1.274518880454284,50.00430258365039],[-1.563408580216187,49.036239229158205],[-1.75196905427781,48.17821145459153],[-2.576483931931275,47.324866853669924],[-1.075199690254944,46.01461752505664],[-1.561407771500367,43.524425111726565],[-1.914577808769959,43.3054157123125],[-0.907353666218537,42.881297670320315],[1.728236340524384,42.501004432498135],[3.001891169158203,42.77080877871875],[4.078196081725341,43.48708685489063],[5.828570398894531,43.020816408113284],[7.397118601409179,43.76409491153125]]]},"properties":{"NAME":"France","SUBJECTO":"France","PARTOF":"France"}},
{"type":"Feature","geometry":{"type":"MultiPolygon","coordinates":[[[[16.639813456145507,43.38973578067188],[16.701476130095703,43.84666021914844],[15.494369067245392,43.88844455774298],[16.639813456145507,43.38973578067188]]],[[[13.367695841399414,45.69448813052539],[13.709092915095635,46.83906489156842],[12.074753794280273,46.92750509829883],[9.544866594878417,46.31158407779102],[9.997694467681434,45.40138518626623],[11.169817827810615,45.067184016221326],[12.37776521272152,44.73152979882409],[13.367695841399414,45.69448813052539]]]]},"properties":{"NAME":"Venice","SUBJECTO":"Venice","PARTOF":"Venice"}},
{"type":"Feature","geometry":{"type":"Polygon","coordinates":[[[40.40044311007617,-11.230388082548338],[40.619517359343746,-10.7659896984541],[39.65761474093554,-9.795738615080076],[39.27012542208789,-7.801093496366697],[39.56642821749804,-7.044216074033933],[38.92152694186328,-6.340208925291257],[39.2672720285332,-4.776162542387205],[40.23441604098437,-3.191706575437742],[42.440066370574215,-0.511580146833616],[44.300696405974605,1.290809474901003],[42.78556262127668,1.320128879382771],[39.41664348928457,-1.375006426210909],[37.73218392328853,-4.575479601603398],[38.237521793080454,-9.291966386327958],[39.24819753258153,-11.144871908746616],[40.40044310997273,-11.230388082306959],[40.40044310980092,-11.23038808252791],[40.40044311007617,-11.230388082548338]]]},"properties":{"NAME":"Islamic city-states","SUBJECTO":"Islamic city-states","PARTOF":"Islamic city-states"}},
{"type":"Feature","geometry":{"type":"Polygon","coordinates":[[[109.42965224703906,18.096622072175784],[110.26251510104296,18.625627122834963],[110.61735061129687,20.017461381868166],[109.55032638033984,19.913556657747073],[108.57689956149218,19.18737181277637],[109.42965224703906,18.096622072175784]]]},"properties":{"NAME":null,"SUBJECTO":null,"PARTOF":null}},
{"type":"Feature","geometry":{"type":"Polygon","coordinates":[[[52.61114028414843,72.74000128360157],[51.48213485201953,71.84467657657032],[54.30786803683398,71.20566137881642],[55.51757720431445,72.47799261660938],[52.61114028414843,72.74000128360157]]]},"properties":{"NAME":null,"SUBJECTO":null,"PARTOF":null}},
{"type":"Feature","geometry":{"type":"Polygon","coordinates":[[[80.56289962252734,5.931666456178469],[81.2026853891289,6.079191289857668],[81.86616805514453,7.084561429933352],[80.66241744479296,9.29945620150928],[79.6746321054375,8.804930292085452],[79.85409072360156,7.061153493837161],[80.56289962252734,5.931666456178469]]]},"properties":{"NAME":"Sinhalese kingdoms","SUBJECTO":"Sinhalese kingdoms","PARTOF":"Sinhalese kingdoms"}},
{"type":"Feature","geometry":{"type":"Polygon","coordinates":[[[96.11843398532031,3.951094470933718],[96.60203078707812,5.07678660006885],[95.46405318698046,5.569940172151369],[95.56092360934375,4.534462533906741],[96.11843398532031,3.951094470933718]]]},"properties":{"NAME":"Aceh","SUBJECTO":"Aceh","PARTOF":"Aceh"}},
{"type":"Feature","geometry":{"type":"MultiPolygon","coordinates":[[[[103.31132033785937,-0.81817577032681],[103.72215560397265,0.015183419004721],[102.47178176364062,0.622509859517855],[101.05975631198046,2.080969177202029],[98.6252928110039,3.657878957704348],[98.6456735054942,2.759710716826364],[100.20241314308922,0.891623151712334],[101.13645692564624,-1.365649322800451],[103.31132033785937,-0.81817577032681]]],[[[103.33394155595983,3.393729771446281],[101.26427749117968,3.225161157563967],[101.33639815768359,2.780523143724245],[103.42773726901171,1.380763731912417],[103.33394155595983,3.393729771446281]]],[[[108.99905684908984,0.198187835530085],[109.93203587805812,0.191090314794574],[110.81756118258593,1.244261227563662],[109.28236678561328,1.882722817376894],[108.99905684908984,0.198187835530085]]]]},"properties":{"NAME":"Malacca","SUBJECTO":"Malacca","PARTOF":"Malacca"}},
{"type":"Feature","geometry":{"type":"MultiPolygon","coordinates":[[[[103.31132033785937,-0.81817577032681],[101.13645692564624,-1.365649322800451],[100.20241314308922,0.891623151712334],[98.6456735054942,2.759710716826364],[98.6252928110039,3.657878957704348],[97.38407424410937,5.180140577272219],[96.60203078707812,5.07678660006885],[96.11843398532031,3.951094470933718],[96.72036269625781,3.704589210466189],[97.59714797457812,2.251384101823611],[98.60055068453906,1.707089506105227],[99.11331466158984,0.221247725204272],[99.69655135592578,-0.152409575864034],[100.81207564791796,-2.336048044248777],[102.4622297616875,-4.181821741148191],[104.56848433932421,-6.071165479704099],[105.72847274264453,-5.827141679807859],[105.942820582,-3.214655078932005],[103.31132033785937,-0.81817577032681]]],[[[140.8697767587578,-2.794752515836912],[137.8543196054375,-1.613961376234251],[136.27088454684375,-2.418122448011594],[135.24643996676562,-3.538871921583372],[134.28306106051562,-2.854586996122556],[133.90731337985156,-1.006078936144071],[132.25400832614062,-0.526697672887998],[131.21142104586718,-1.02463797478314],[132.71871474703906,-2.934237636610227],[132.71282485446093,-3.887547172590452],[134.04062941989062,-3.948230661436277],[137.38517287692187,-5.123125947996336],[137.82358840426562,-5.427235998197752],[139.15613845309375,-7.725116647764402],[140.94761184176562,-9.273864187284666],[140.94549087008593,-6.379222787901121],[140.8697767587578,-2.794752515836912]]],[[[119.69212630709765,-0.016971983],[119.17457107028125,-2.175528682752805],[118.68360427340625,-2.901070751234251],[119.461131128875,-3.808197893186765],[119.47684005221484,-5.803768075987058],[120.24806502780078,-5.58600751309033],[120.14419082125781,-3.075864233061033],[121.87277511080859,-4.95966473965283],[122.64091018160937,-4.284319795652586],[122.25816634616015,-3.211096681638914],[120.50657180270312,-1.448180831953245],[119.69212630709765,-0.016971983]]],[[[105.18477920016406,-6.865668691679197],[106.48369887789843,-7.503360189481931],[108.1602278085625,-7.855642713590818],[109.03720382174609,-7.720286764188963],[110.77773574313281,-8.320307172819334],[113.07378676852343,-8.347123540922361],[112.27479079684375,-7.026889719053464],[111.04471877535937,-6.851591505094724],[108.55577376803515,-6.920526422544675],[106.94509414157031,-6.025983728452879],[106.02416518649218,-6.080723680540281],[105.18477920016406,-6.865668691679197]]],[[[108.99905684908984,0.198187835530085],[109.17891982516406,-0.869010366483884],[109.94090560397265,-1.642648614927488],[110.10230544528125,-3.078540958448606],[112.79538253268359,-2.971020854994016],[114.71241286715625,-4.206153310819822],[115.56814101657031,-3.803909935041624],[116.34913161715625,-2.416793264433103],[116.04627517184375,-1.934458293005186],[117.04563430270312,-0.934580959364133],[117.53428939303515,0.610662959531588],[118.5172605844414,1.165625892595095],[117.07397750338671,3.507199846223635],[118.39120772799609,4.374171338990969],[119.04260543307421,5.169805131868166],[116.5956297250664,6.899092756227297],[114.87784865817187,4.855816923097414],[113.81483748873828,4.262612424806399],[112.75924972018359,3.008589826539797],[111.37182906588671,2.598927341417117],[110.81756118258593,1.244261227563662],[109.93203587805812,0.191090314794574],[108.99905684908984,0.198187835530085]]]]},"properties":{"NAME":"Malaysian Islamic states","SUBJECTO":"Malaysian Islamic states","PARTOF":"Malaysian Islamic states"}},
{"type":"Feature","geometry":{"type":"Polygon","coordinates":[[[41.48396209200976,41.436542116121096],[42.87842467745898,41.54550512881641],[43.95678618868945,42.59115561099414],[45.38218596896289,42.62306936831836],[43.61690948985557,43.77276186641766],[41.30960614170756,43.55716533432493],[41.12255385836718,43.019088350251955],[41.48396209200976,41.436542116121096]]]},"properties":{"NAME":"Georgia","SUBJECTO":"Georgia","PARTOF":"Georgia"}},
{"type":"Feature","geometry":{"type":"Polygon","coordinates":[[[27.822714884859057,56.72547289790126],[27.581015363247555,58.231117703251044],[27.650492184401756,58.84330601458431],[27.661188779931567,58.937558034835455],[27.702038797942382,59.297504030183596],[25.72112182101367,59.459842287019534],[23.415757212249023,59.11896475406055],[24.34649947604297,57.15972097964649],[21.67733100375293,57.46365698428516],[20.96482757052539,56.60902365298633],[21.137343439666015,54.84545858950977],[18.684934699267238,54.25402242176603],[19.205657437370427,53.254443613064254],[22.234254536362332,54.12709023480768],[21.904501310419565,56.35003932005873],[24.71495558870266,56.34042456498023],[27.370532924309803,55.71934336460985],[27.822714884859057,56.72547289790126]]]},"properties":{"NAME":"Teutonic Knights","SUBJECTO":"Teutonic Knights","PARTOF":"Teutonic Knights"}},
{"type":"Feature","geometry":{"type":"Polygon","coordinates":[[[30.776741301074846,56.07208713755613],[28.812678436232478,56.88349626766491],[27.822714884859057,56.72547289790126],[27.370532924309803,55.71934336460985],[24.71495558870266,56.34042456498023],[21.904501310419565,56.35003932005873],[22.234254536362332,54.12709023480768],[19.205657437370427,53.254443613064254],[18.684934699267238,54.25402242176603],[17.657612833586914,54.685462556794924],[16.20375518114817,53.706387822934694],[15.764534781005738,52.26547121356442],[18.646036580345903,50.64451035793008],[18.92670686530177,49.6219602967043],[19.380532145994035,49.803490408981204],[23.888529934203877,49.25890007215049],[25.666328204619678,48.69197572343361],[25.901907832855404,46.87634211538826],[26.539548388414325,45.250358698713015],[28.368347043126835,45.33088004691821],[30.88622493739214,47.453796702867386],[32.00743848810459,46.90592190895213],[32.09354664006856,46.92695177475523],[36.07009119029129,47.89812809597303],[38.13611358684011,49.04904202943989],[38.291748155819505,51.20592846687059],[36.86001366692355,52.09459125308187],[33.6929575030712,51.34239032304902],[30.854099441258455,51.54064855462102],[32.555269314703956,53.31918831374814],[32.20804470799959,54.863963071722274],[30.776741301074846,56.07208713755613]]]},"properties":{"NAME":"Poland-Lithuania","SUBJECTO":"Poland-Lithuania","PARTOF":"Poland-Lithuania"}},
{"type":"Feature","geometry":{"type":"Polygon","coordinates":[[[18.92670686530177,49.6219602967043],[16.557037974845283,47.495365569453625],[16.535293701753467,46.364663368679096],[14.354488405791503,45.32289084048633],[15.494369067245392,43.88844455774298],[16.701476130095703,43.84666021914844],[18.93864747832931,44.39284710591741],[23.542637777287393,45.856117226493986],[26.539548388414325,45.250358698713015],[25.901907832855404,46.87634211538826],[25.666328204619678,48.69197572343361],[23.888529934203877,49.25890007215049],[19.380532145994035,49.803490408981204],[18.92670686530177,49.6219602967043]]]},"properties":{"NAME":"Imperial Hungary","SUBJECTO":"Imperial Hungary","PARTOF":"Imperial Hungary"}},
{"type":"Feature","geometry":{"type":"Polygon","coordinates":[[[-2.142923348652397,43.33147102864046],[-2.674633299121739,42.42257699528868],[-2.130006796731537,41.816570404078114],[-0.907353666218537,42.881297670320315],[-1.914577808769959,43.3054157123125],[-2.142923348652397,43.33147102864046]]]},"properties":{"NAME":"Navarre","SUBJECTO":"Navarre","PARTOF":"Navarre"}},
{"type":"Feature","geometry":{"type":"Polygon","coordinates":[[[-8.806055035980958,41.889178834871096],[-6.708704438599366,41.96004446597461],[-6.933383431824463,38.961349092439455],[-7.491503682526368,37.20815619082813],[-6.632153954895752,37.02175100894336],[-5.660587277802247,36.008006654695315],[-4.446585622223633,36.72201880069141],[-1.940475192459839,36.95159872622852],[-1.80693318636912,39.857512826356974],[-2.130006796731537,41.816570404078114],[-2.674633299121739,42.42257699528868],[-2.142923348652397,43.33147102864046],[-7.636274781616944,43.721412263826174],[-9.270803418549317,43.048690401033205],[-8.806055035980958,41.889178834871096]]]},"properties":{"NAME":"Castille","SUBJECTO":"Castille","PARTOF":"Castille"}},
{"type":"Feature","geometry":{"type":"Polygon","coordinates":[[[-2.192973938378113,35.05424841494922],[-4.592977490814942,35.151187501863284],[-5.928758588227051,35.72785910220508],[-7.004007783325928,33.874984346345705],[-8.314414945038575,33.33848150821094],[-4.887862901786627,32.40242363843313],[-1.80221161966863,32.42724029323339],[-1.738150325211304,34.60509451480274],[-2.192973938378113,35.05424841494922]]]},"properties":{"NAME":"Wattasid Caliphate","SUBJECTO":"Wattasid Caliphate","PARTOF":"Wattasid Caliphate"}},
{"type":"Feature","geometry":{"type":"Polygon","coordinates":[[[6.502893292241122,32.73261356616335],[6.923042807189209,36.81784018130664],[1.057602915374023,36.461856447175784],[-2.192973938378113,35.05424841494922],[-1.738150325211304,34.60509451480274],[-1.80221161966863,32.42724029323339],[2.453117778158791,32.66867682371612],[6.502893292241122,32.73261356616335]]]},"properties":{"NAME":"Zayyanid Caliphate","SUBJECTO":"Zayyanid Caliphate","PARTOF":"Zayyanid Caliphate"}},
{"type":"Feature","geometry":{"type":"Polygon","coordinates":[[[12.117019686309082,32.87850149722461],[10.01948073825,34.08147390933399],[11.12510875186084,35.2406078204668],[10.132734331694824,37.104747377351565],[6.923042807189209,36.81784018130664],[6.502893292241122,32.73261356616335],[7.892289991797107,32.59260448506384],[12.532702649586438,30.804904526735157],[12.117019686309082,32.87850149722461]]]},"properties":{"NAME":"Hafsid Caliphate","SUBJECTO":"Hafsid Caliphate","PARTOF":"Hafsid Caliphate"}},
{"type":"Feature","geometry":{"type":"MultiPolygon","coordinates":[[[[35.18986419161914,24.399919115022463],[33.928809198943355,26.56382330508594],[34.05800536593554,27.790313325837893],[34.88559249362109,28.357480607942385],[37.21826842745898,25.166631303743166],[38.329417261687496,23.8347183093584],[39.10219481906054,22.40044554324512],[39.16673949679492,21.218801103547854],[40.81975844821093,19.68472059817676],[41.922550675010456,20.766511713374978],[41.8124565280542,21.71258711067685],[40.17983704942846,24.02797449086812],[37.42091199004359,27.834118954094563],[36.593479460352896,29.78728888284727],[36.52476660905813,31.161545908742568],[37.211895122005785,33.56649570405934],[38.03644933754296,34.59718847348081],[38.90606634258856,36.005565224263044],[37.952465849583675,37.32310020493649],[38.609688547521756,38.36804254311937],[36.49442451607618,37.369167861603394],[35.89087584933398,36.7711139545],[35.87306502780078,34.422286592439455],[34.5006590219414,31.621099077180666],[33.55760100802539,30.967715822175784],[32.07651046237109,31.013650499299807],[30.99595550021289,31.468850694612307],[29.248847040740234,30.753661714509768],[23.15333846530078,32.138812623933596],[21.67341903170703,32.815589509919924],[20.365721735564453,32.29824026675586],[20.116768869963867,30.957103334382815],[18.915026697722656,30.204860292390627],[17.421629938689453,30.99598654361133],[15.843325647917968,31.285003267244143],[15.00978663882373,32.363441072419924],[12.117019686309082,32.87850149722461],[12.532702649586438,30.804904526735157],[17.001952545408127,28.75095138312349],[21.679066131999978,28.081928277555637],[25.43818691601931,28.00822002688859],[27.428309684029546,27.197429269551087],[29.34472420137273,24.02797449086812],[30.81888921471365,23.659433237532895],[32.5141789800557,23.73314148819994],[35.18986419161914,24.399919115022463]]],[[[38.527468714324215,18.161315523103518],[37.39818480929492,18.91500052066211],[37.165026901801795,20.764269181727983],[35.96004721089719,19.417995380301335],[36.45019833851943,18.070079779340162],[37.43050059376394,17.70246643362347],[38.527468714324215,18.161315523103518]]]]},"properties":{"NAME":"Mamluke Sultanate","SUBJECTO":"Mamluke Sultanate","PARTOF":"Mamluke Sultanate"}},
{"type":"Feature","geometry":{"type":"Polygon","coordinates":[[[24.715638193694335,35.03477057071094],[24.38828376254199,35.37296637149219],[23.529439005461914,35.569625459626955],[23.567723307219726,35.254981599763674],[24.715638193694335,35.03477057071094]]]},"properties":{"NAME":null,"SUBJECTO":null,"PARTOF":null}},
{"type":"Feature","geometry":{"type":"Polygon","coordinates":[[[43.49670832934207,9.728573861702625],[44.28083709180991,10.396465860482012],[42.80995849093554,11.778485856965823],[41.654002062769365,11.350155376136255],[41.50658556143529,10.760489370799888],[42.46479282010688,9.50744910946011],[43.49670832934207,9.728573861702625]]]},"properties":{"NAME":"Adal","SUBJECTO":"Adal","PARTOF":"Adal"}},
{"type":"Feature","geometry":{"type":"Polygon","coordinates":[[[42.46479282010688,9.50744910946011],[41.50658556143529,10.760489370799888],[40.69579480409777,11.276447125469208],[41.432877310768234,12.750612138810123],[41.13804430810005,13.85623589881581],[38.85308853742163,15.625233914824907],[36.420716265409126,14.88815140815445],[35.609925508071626,12.234654384140804],[35.462509006737534,9.581157360127158],[35.97846676140685,7.443618090782829],[38.31870824188588,6.496079369539378],[42.169959817438695,7.148785088114647],[42.46479282010688,9.50744910946011]]]},"properties":{"NAME":"Ethiopia","SUBJECTO":"Ethiopia","PARTOF":"Ethiopia"}},
{"type":"Feature","geometry":{"type":"Polygon","coordinates":[[[33.69351099072843,16.43602467216241],[34.20946874539776,17.24681542949991],[33.03013673472502,18.278730938838553],[31.629679972051154,17.394231930834003],[32.145637726720466,16.28860817082832],[33.69351099072843,16.43602467216241]]]},"properties":{"NAME":"Alwa","SUBJECTO":"Alwa","PARTOF":"Alwa"}},
{"type":"Feature","geometry":{"type":"Polygon","coordinates":[[[32.145637726720466,16.28860817082832],[31.850804724052285,14.88815140815445],[31.777096473385242,12.382070885474892],[32.36676247872161,10.981614122801025],[33.61980274006139,10.981614122801025],[34.57800999873298,12.750612138810123],[34.20946874539776,15.698942165491951],[33.69351099072843,16.43602467216241],[32.145637726720466,16.28860817082832]]]},"properties":{"NAME":"Funj","SUBJECTO":"Funj","PARTOF":"Funj"}},
{"type":"Feature","geometry":{"type":"Polygon","coordinates":[[[28.01797568936591,-21.22889141869797],[28.091683940032954,-22.776764682705927],[28.644495820035804,-24.914303952050254],[29.381578326706258,-25.87251121072185],[30.4134938360449,-25.87251121072185],[31.371701094716496,-25.282845205385485],[33.057691187353086,-23.081724446541298],[33.360227850335804,-20.842813842547024],[33.36022785033581,-20.842813842547017],[33.395286385371406,-20.583364541170305],[33.400642777606656,-20.543724772368655],[33.65665686539491,-18.64910264535137],[33.35561910432516,-16.538949895848496],[32.95642848405798,-16.069313872004763],[30.081806708043192,-16.364146874672947],[28.1653921907,-19.681018154690005],[28.01797568936591,-21.22889141869797]]]},"properties":{"NAME":"Mwenemutapa","SUBJECTO":"Mwenemutapa","PARTOF":"Mwenemutapa"}},
{"type":"Feature","geometry":{"type":"Polygon","coordinates":[[[16.195603907263067,-9.121149179620682],[15.236068572002875,-9.883133122327303],[16.195603907263067,-10.193571024911483],[16.195603907263067,-9.121149179620682]]]},"properties":{"NAME":"Ndongo","SUBJECTO":"Ndongo","PARTOF":"Ndongo"}},
{"type":"Feature","geometry":{"type":"Polygon","coordinates":[[[3.94949725588916,6.579388700441164],[5.448192152474972,5.476928793140104],[5.333021196929199,5.247909151033205],[5.419493708117258,4.955793939787767],[5.419493708182831,4.955793939674324],[6.088779959288818,4.328133188203616],[6.088779959396713,4.32813318844306],[6.763964026187234,5.826528050484133],[7.36542505664093,6.939555134305373],[7.365425056537486,7.912899567815642],[6.878752839963379,8.642907892676803],[5.337624153817803,8.724019928789726],[4.82339239621597,7.929541061182515],[3.94949725588916,6.579388700441164]]]},"properties":{"NAME":"Benin","SUBJECTO":"Benin","PARTOF":"Benin"}},
{"type":"Feature","geometry":{"type":"Polygon","coordinates":[[[5.33762415368887,8.724019928991726],[4.320773099910705,9.802282112128292],[2.330650331900469,9.581157360127156],[1.96210907856524,8.401825349454423],[2.625483334568652,7.812159344118056],[4.247064849243658,7.664742842783964],[4.823392395846381,7.929541061012704],[4.82339239621597,7.929541061182515],[5.337624153817803,8.724019928789726],[5.33762415368887,8.724019928991726]]]},"properties":{"NAME":"Oyo","SUBJECTO":"Oyo","PARTOF":"Oyo"}},
{"type":"Feature","geometry":{"type":"Polygon","coordinates":[[[-3.941593614014405,5.265976034120364],[-2.031221595200318,4.698200784639162],[0.536134216395599,5.720493398622317],[-0.396554942780224,6.116869578776002],[-1.797011705454096,6.264286080110096],[-3.492301470796146,5.895744826774865],[-3.941593613866756,5.265976034327322],[-3.941593614014405,5.265976034120364]]]},"properties":{"NAME":"Akan","SUBJECTO":"Akan","PARTOF":"Akan"}},
{"type":"Feature","geometry":{"type":"Polygon","coordinates":[[[-9.388961524159807,12.2346543841408],[-8.725587268156396,11.644988378804431],[-5.09493157608749,12.849296444586217],[-2.534094212124554,15.035567909488538],[-0.8388044467825,15.182984410822627],[-0.101721940112043,14.593318405486265],[1.129886344038496,12.711769436237628],[1.931542124130615,12.325787023600682],[3.393978003952887,13.123057242245908],[3.409688037857382,14.099562120072807],[1.192469167267234,17.055853947526334],[-0.396554942780224,18.94210519484196],[-1.575886953452958,19.384354698844234],[-3.639717972130239,19.015813445509007],[-5.902631218621245,17.79492690438972],[-8.209629513487075,15.182984410822627],[-8.946712020157532,13.929944149482854],[-9.388961524159807,12.2346543841408]]]},"properties":{"NAME":"Songhai","SUBJECTO":"Songhai","PARTOF":"Songhai"}},
{"type":"Feature","geometry":{"type":"Polygon","coordinates":[[[-16.05569073239209,18.673932634309573],[-16.45005508938672,16.118390642122073],[-17.433180776032227,14.807168565706057],[-16.69670006324505,14.077932916838549],[-16.696700063245046,14.077932916838549],[-16.640429463879812,13.842927538115404],[-16.470890965955007,13.722545229155443],[-16.470890965851563,13.722545228914065],[-14.253706068184826,13.487694645480573],[-12.705832804176865,12.013529632139662],[-10.948697533997315,11.426886275359074],[-9.388961524159807,12.2346543841408],[-8.946712020157532,13.929944149482854],[-8.209629513487075,15.182984410822627],[-5.902631218621245,17.79492690438972],[-7.104005753481388,18.426147440172638],[-9.094128521491623,18.647272192173777],[-12.042458548173453,18.426147440172638],[-16.05569073239209,18.673932634309573]]]},"properties":{"NAME":"Mali","SUBJECTO":"Mali","PARTOF":"Mali"}},
{"type":"Feature","geometry":{"type":"Polygon","coordinates":[[[1.931542124130615,12.325787023600682],[1.129886344038496,12.711769436237628],[-0.101721940112043,14.593318405486265],[-0.8388044467825,15.182984410822627],[-2.534094212124554,15.035567909488538],[-5.09493157608749,12.849296444586217],[-8.725587268156396,11.644988378804431],[-9.388961524159807,12.2346543841408],[-10.948697533997315,11.426886275359074],[-12.705832804176865,12.013529632139662],[-14.253706068184826,13.487694645480573],[-16.470890965851563,13.722545228914065],[-16.570601430432546,12.311540209013842],[-16.278988805310476,12.210499368864916],[-16.08601566840862,11.969427667815111],[-16.086015668408624,11.969427667815111],[-15.098965611951105,11.81267889614763],[-6.829072900729209,10.112949384236067],[-3.477042960220825,10.289372012683884],[-1.172564294695594,10.84764110987392],[1.601718991767224,12.48459075399787],[1.931542124130615,12.325787023600682]],[[-1.172564294695594,10.84764110987392],[-3.168061278226727,10.921548405560255],[-3.833226939403772,12.695323502032377],[-3.020246686854049,13.656118345954777],[-1.68991536449996,13.803932937327449],[-0.063954859400518,13.28658186752308],[0.083859731972161,11.73452865810998],[-1.172564294695594,10.84764110987392]]]},"properties":{"NAME":null,"SUBJECTO":null,"PARTOF":null}},
{"type":"Feature","geometry":{"type":"Polygon","coordinates":[[[3.557502629230058,12.17797243222801],[4.666112064525134,11.512806771050965],[7.18337508206762,11.049155160089907],[9.848891899939133,10.907905872133977],[10.726510310751465,11.291084884230614],[10.070016651940268,14.224777152151031],[8.301018635931172,14.519610154819215],[3.779224516289073,13.656118345954777],[3.557502629230058,12.17797243222801]]]},"properties":{"NAME":"Hausa States","SUBJECTO":"Hausa States","PARTOF":"Hausa States"}},
{"type":"Feature","geometry":{"type":"Polygon","coordinates":[[[10.070016651940268,14.224777152151031],[10.726510310751465,11.291084884230614],[12.354972422515246,11.202738875043536],[14.712640872177422,12.506980996133255],[14.712640872341106,12.5069809959252],[15.819260203969836,13.11915339214535],[15.819260203969836,14.29848540281808],[15.008469446632336,15.035567909488538],[13.313265659826719,20.972940618902264],[11.986431169283456,20.342561957515834],[11.765306417282318,16.214899920161265],[10.807099158610729,14.593318405486265],[10.070016651940268,14.224777152151031]]]},"properties":{"NAME":"Bornu-Kanem","SUBJECTO":"Bornu-Kanem","PARTOF":"Bornu-Kanem"}},
{"type":"Feature","geometry":{"type":"Polygon","coordinates":[[[46.87773410632187,13.473871601441703],[46.335271204734354,14.096846193663826],[46.659412505469874,15.424765841731508],[46.27689140929314,17.117825990832582],[45.2403691342878,17.693671699168874],[42.76366332491992,16.645455919221682],[42.79587844332812,15.470080934480471],[43.84059050997851,12.663913331941409],[44.963572535124996,12.825172029451174],[45.825903925505855,13.405233941987795],[46.87773410632187,13.473871601441703]]]},"properties":{"NAME":"Yemen","SUBJECTO":"Yemen","PARTOF":"Yemen"}},
{"type":"Feature","geometry":{"type":"Polygon","coordinates":[[[46.659412505469874,15.424765841731508],[46.335271204734354,14.096846193663826],[46.87773410632187,13.473871601441703],[49.33384993991015,14.632695756868166],[52.135169062224605,15.687059961274905],[52.894324335662105,16.60995253177051],[55.19483855685351,17.148564897493166],[55.561072382537105,17.937171541169924],[57.83862975558398,19.034806810334963],[57.80608275851367,20.171960435823244],[58.51204970797656,20.421229921296877],[59.837283167449215,22.279178224519534],[58.18030483547615,21.849213133895084],[56.94577797342595,20.635920153691636],[53.95502854221405,19.729632447263786],[50.511135257788226,17.14671248394442],[47.837586523826076,16.42168231880214],[46.659412505469874,15.424765841731508]]]},"properties":{"NAME":"Hadramaut","SUBJECTO":"Hadramaut","PARTOF":"Hadramaut"}},
{"type":"Feature","geometry":{"type":"Polygon","coordinates":[[[59.837283167449215,22.279178224519534],[58.62849334200976,23.458295427278323],[57.14619735201953,23.98247107119922],[56.01545623263476,25.771625123933596],[54.34709838351367,24.15445288272266],[51.58590224703906,24.00322111697559],[50.968333277312496,24.436244569734377],[50.56882690905954,23.854467511249652],[53.99322390099948,23.106621357530045],[56.41177587601193,23.452128782531823],[57.62096561207203,22.704566093210317],[58.18030483547615,21.849213133895084],[59.837283167449215,22.279178224519534]]]},"properties":{"NAME":"Muscat","SUBJECTO":"Muscat","PARTOF":"Muscat"}},
{"type":"Feature","geometry":{"type":"Polygon","coordinates":[[[40.81975844821093,19.68472059817676],[41.62855819186328,18.047204576448244],[42.76366332491992,16.645455919221682],[45.2403691342878,17.693671699168874],[46.27689140929314,17.117825990832582],[46.659412505469874,15.424765841731508],[47.837586523826076,16.42168231880214],[50.511135257788226,17.14671248394442],[53.95502854221405,19.729632447263786],[56.94577797342595,20.635920153691636],[58.18030483547615,21.849213133895084],[57.62096561207203,22.704566093210317],[56.41177587601193,23.452128782531823],[53.99322390099948,23.106621357530045],[50.56882690905954,23.854467511249652],[50.968333277312496,24.436244569734377],[49.93686202487109,25.95578344912891],[50.1217642160332,26.737586580232424],[48.85502150973437,27.52269133181934],[47.8449087472832,29.50315435977344],[46.90507516233225,29.437615717313662],[44.08318025148226,30.33699169320539],[40.02912202509114,34.39104991959652],[38.03644933754296,34.59718847348081],[37.211895122005785,33.56649570405934],[36.52476660905813,31.161545908742568],[36.593479460352896,29.78728888284727],[37.42091199004359,27.834118954094563],[40.17983704942846,24.02797449086812],[41.8124565280542,21.71258711067685],[41.922550675010456,20.766511713374978],[40.81975844821093,19.68472059817676]]]},"properties":{"NAME":"Arabs","SUBJECTO":"Arabs","PARTOF":"Arabs"}},
{"type":"Feature","geometry":{"type":"Polygon","coordinates":[[[38.03644933754296,34.59718847348081],[40.02912202509114,34.39104991959652],[44.08318025148226,30.33699169320539],[46.90507516233225,29.437615717313662],[47.8449087472832,29.50315435977344],[47.91136077365039,29.89029272647266],[50.1323728891289,30.06642874331836],[51.350134882537105,28.0361343249834],[52.89083388766406,27.052323900178713],[54.6460562082207,26.39131888003711],[55.89973357638476,27.10480459781055],[56.79043105563281,26.97391279788379],[57.254771265593746,25.793286882356448],[59.03145888766406,25.307866655305666],[60.479590448943355,25.29820593448047],[59.983740747051954,26.51188909497121],[59.18044204169284,28.478110124891],[57.190319273682604,30.763065895569415],[53.98448852023242,36.78191336245899],[51.79552367648242,36.432349763826174],[50.56095412692187,36.68642767520313],[48.837229761687496,37.51097448916797],[48.824954065886715,38.3095775470293],[49.80730346163867,40.58070334048633],[47.56529525241015,43.007709108308596],[47.49336150607226,43.58319052310352],[47.35008529147265,41.442325197175784],[45.38218596896289,42.62306936831836],[43.95678618868945,42.59115561099414],[42.87842467745898,41.54550512881641],[41.48396209200976,41.436542116121096],[41.2117525587671,40.243789637618185],[38.609688547521756,38.36804254311937],[37.952465849583675,37.32310020493649],[38.90606634258856,36.005565224263044],[38.03644933754296,34.59718847348081]]]},"properties":{"NAME":"Emirate of the White Sheep Turks","SUBJECTO":"Emirate of the White Sheep Turks","PARTOF":"Emirate of the White Sheep Turks"}},
{"type":"Feature","geometry":{"type":"Polygon","coordinates":[[[69.10719588717578,22.898904405549807],[69.01259806383516,24.63304927276811],[69.35218063374515,26.19315435421258],[70.13443593871565,28.104429657872576],[72.81646841509631,31.057898898237596],[70.34162650159193,31.38417418540322],[69.56846972061388,29.95594150131562],[66.99351661239967,27.741027618220542],[65.51935159905877,26.93023686088304],[59.983740747051954,26.51188909497121],[60.479590448943355,25.29820593448047],[61.34399321993945,25.026860795930666],[66.62050918063281,25.31748541446094],[67.31589034518359,24.092885576204104],[69.10719588717578,22.898904405549807]]]},"properties":{"NAME":"Islamic states","SUBJECTO":"Islamic states","PARTOF":"Islamic states"}},
{"type":"Feature","geometry":{"type":"Polygon","coordinates":[[[72.81646841509631,31.057898898237596],[74.5854664311054,30.689357644902373],[74.88029943377359,27.962152370221677],[76.42817269778155,27.519902866219404],[77.77178780701463,25.64372501236574],[78.27712567681345,24.296157359568895],[78.95090950321186,23.95926544636969],[82.54595750314634,23.24482432753075],[83.13562350848271,24.792697591538712],[85.27316277782703,24.203031586202346],[86.23137003649862,27.003945111550085],[83.73995815754355,28.204841484859358],[80.05398091956965,29.981535549206498],[77.53379645778723,32.089814407576235],[77.31267170578609,34.00622892491943],[77.9775895576193,34.873103664072296],[74.65917468177244,34.96443618359102],[72.02654188250249,35.60796864563479],[70.34162650159193,31.38417418540322],[72.81646841509631,31.057898898237596]]]},"properties":{"NAME":"Sultanate of Delhi","SUBJECTO":"Sultanate of Delhi","PARTOF":"Sultanate of Delhi"}},
{"type":"Feature","geometry":{"type":"Polygon","coordinates":[[[85.37910750826953,19.60537489505176],[86.11916640719531,19.806542955354494],[87.64071944674609,21.563081346467776],[90,21.930253587678713],[90,22.560958467439455],[91.41017440280078,22.720834337190432],[91.71659611295476,24.093340760463043],[92.0340178859286,25.42622824700979],[91.54683397020176,26.2851075494896],[88.66374230851113,26.41427910621372],[86.23137003649862,27.003945111550085],[85.27316277782703,24.203031586202346],[83.13562350848271,24.792697591538712],[82.54595750314634,23.24482432753075],[84.30392613659156,20.751919203880185],[85.37910750826953,19.60537489505176]]]},"properties":{"NAME":"Bengal","SUBJECTO":"Bengal","PARTOF":"Bengal"}},
{"type":"Feature","geometry":{"type":"Polygon","coordinates":[[[77.9775895576193,34.873103664072296],[77.31267170578609,34.00622892491943],[77.53379645778723,32.089814407576235],[80.05398091956965,29.981535549206498],[83.73995815754355,28.204841484859358],[86.23137003649862,27.003945111550085],[88.66374230851113,26.41427910621372],[91.54683397020176,26.2851075494896],[94.32436945100218,26.88334596073892],[95.4781149584116,27.908897522880622],[97.34041884860156,28.18211515994434],[98.63722518405078,27.478742204622073],[100.6816287683553,28.690961623773696],[102.40610101778157,33.720672351267005],[101.68757091385396,36.307380725406425],[95.51860962054639,37.10197545293535],[91.68578058586002,36.36489294626489],[90,36.51230944759898],[89.91678256985091,35.18556093559216],[86.82103604183499,35.11185268492512],[82.69337400448043,34.74331143158989],[77.9775895576193,34.873103664072296]]]},"properties":{"NAME":"Tibet","SUBJECTO":"Tibet","PARTOF":"Tibet"}},
{"type":"Feature","geometry":{"type":"Polygon","coordinates":[[[125.296092066375,39.36432608218555],[124.73619368991015,38.2797809466875],[126.20971969088671,37.75405081363086],[126.39185622653125,37.614322267488284],[126.44296554049609,37.47432669253711],[126.78633407076953,37.07390173526172],[126.79962447604296,36.94661673159961],[126.6853514047539,36.838172517732424],[126.39093306979296,36.95851095767383],[126.25480178317187,36.90731009097461],[125.9602766366875,36.722125612214846],[126.36143783053515,36.62746389956836],[126.43670180758593,36.13125952334766],[126.62643722018359,35.92805441470508],[126.2254133554375,35.16399344058399],[126.40957931002734,34.26900442691211],[126.61678603610156,34.40909155459766],[126.82445815524218,34.42855414004688],[127.35909560641406,34.80417975039844],[128.16448501071093,34.79946478457813],[129.06002334078906,35.169784151033205],[129.24999526461718,37.00887640567188],[128.45106032809375,38.25542410464649],[128.14414504489062,38.53463324160938],[127.95601943453906,38.69407232852344],[127.40455916842578,39.07533987613086],[127.27688888033984,39.2216869220293],[127.67152694186328,39.86643560977344],[129.47782424410937,40.682025514558596],[129.6412611337578,41.65584906192188],[125.296092066375,39.36432608218555]]]},"properties":{"NAME":"Korea","SUBJECTO":"Korea","PARTOF":"Korea"}},
{"type":"Feature","geometry":{"type":"Polygon","coordinates":[[[72.81646841509631,31.057898898237596],[70.13443593871565,28.104429657872576],[69.35218063374515,26.19315435421258],[69.01259806383516,24.63304927276811],[69.10719588717578,22.898904405549807],[70.38064864596484,22.860560975984377],[73.03759316709744,24.203031586202346],[73.71308028726574,22.945315502172253],[76.9282456403432,23.89692302722776],[76.9282456403432,23.896923027227757],[78.27712567681345,24.296157359568895],[77.77178780701463,25.64372501236574],[76.42817269778155,27.519902866219404],[74.88029943377359,27.962152370221677],[74.5854664311054,30.689357644902373],[72.81646841509631,31.057898898237596]]]},"properties":{"NAME":"Rajastan","SUBJECTO":"Rajastan","PARTOF":"Rajastan"}},
{"type":"Feature","geometry":{"type":"Polygon","coordinates":[[[85.37910750826953,19.60537489505176],[84.30392613659156,20.751919203880185],[81.86185280164281,18.730193974174206],[79.32813168496313,17.23299513249984],[79.9555400983786,17.603736467699896],[82.3230553009172,17.004105065534894],[84.26272872408984,18.455840669587893],[85.37910750826953,19.60537489505176]]]},"properties":{"NAME":"Orissa","SUBJECTO":"Orissa","PARTOF":"Orissa"}},
{"type":"Feature","geometry":{"type":"Polygon","coordinates":[[[73.71308028726574,22.945315502172253],[73.03759316709744,24.203031586202346],[70.38064864596484,22.860560975984377],[69.12606337985156,21.9685073718584],[70.20994857272265,20.94797857852344],[71.02444747408984,20.657476030305666],[72.12086013278125,21.155339799836916],[73.10968306979296,20.687320314363284],[72.85335067233203,19.244680009797854],[73.48528545488139,19.906576034685543],[74.27144928500712,21.905666264880928],[73.71308028726574,22.945315502172253]]]},"properties":{"NAME":"Islamic states","SUBJECTO":"Islamic states","PARTOF":"Islamic states"}},
{"type":"Feature","geometry":{"type":"MultiPolygon","coordinates":[[[[79.43194022866344,16.017480187525738],[77.92243661540213,16.245599858221798],[77.48542541828698,16.31164199916177],[79.43194022866344,16.017480187525738]]],[[[78.53339335239603,19.12351896415684],[78.75228597662682,19.19087054084324],[78.53339335239603,19.123518964156844],[78.53339335239603,19.12351896415684]]]]},"properties":{"NAME":"Bahmani Kingdom","SUBJECTO":"Bahmani Kingdom","PARTOF":"Bahmani Kingdom"}},
{"type":"Feature","geometry":{"type":"Polygon","coordinates":[[[73.4942371633562,16.287958595761864],[74.73362258395312,13.683358751252932],[75.21094039401171,12.102367959932131],[76.07506087741015,10.553955636934084],[76.70353225192187,8.706356607393069],[77.89976027926562,8.257814966157717],[79.82626632174609,10.358728013948244],[79.71073440035937,11.444942079500002],[80.22375777682421,12.831091485933108],[80.0894041391289,15.175155244783205],[80.45975783785937,15.773146234468264],[79.43194022866344,16.017480187525738],[77.48542541828698,16.31164199916177],[76.10339571827987,15.966134574159993],[73.4942371633562,16.287958595761864]]]},"properties":{"NAME":"Vijayanagara","SUBJECTO":"Vijayanagara","PARTOF":"Vijayanagara"}},
{"type":"Feature","geometry":{"type":"Polygon","coordinates":[[[92.82709792575,20.424287401155276],[92.88073824764543,21.902014389280605],[91.71659611295476,24.093340760463043],[91.41017440280078,22.720834337190432],[92.17629531344531,20.886634431794924],[92.82709792575,20.424287401155276]]]},"properties":{"NAME":"Arakan","SUBJECTO":"Arakan","PARTOF":"Arakan"}},
{"type":"Feature","geometry":{"type":"Polygon","coordinates":[[[109.04842666110156,11.933768831208987],[107.38450149020312,12.354075990632815],[106.85380080660937,10.575815759614748],[107.26571944674609,10.347982011750979],[108.69589522799609,11.145221315339846],[109.04842666110156,11.933768831208987]]]},"properties":{"NAME":"Champa","SUBJECTO":"Champa","PARTOF":"Champa"}},
{"type":"Feature","geometry":{"type":"Polygon","coordinates":[[[105.57353084205278,17.880943206122055],[103.89931014498828,19.313087068513674],[102.97995917125925,20.966465634824544],[101.85148057967355,20.53243540729158],[101.65736732451045,19.661170456750355],[101.64604373237519,17.998714290611886],[104.11128589995545,17.998714290611886],[104.93303328914885,17.450882697816272],[105.57353084205278,17.880943206122055]]]},"properties":{"NAME":"Laos","SUBJECTO":"Laos","PARTOF":"Laos"}},
{"type":"Feature","geometry":{"type":"Polygon","coordinates":[[[107.46579268893359,20.976270280793948],[105.41238593284501,21.902014389280605],[102.97995917125925,20.966465634824544],[103.89931014498828,19.313087068513674],[105.57353084205278,17.880943206122055],[107.10751632174609,16.169568620637698],[107.46341231783984,14.996761880830569],[107.4802961679375,13.256602846101565],[107.38450149020312,12.354075990632815],[109.04842666110156,11.933768831208987],[109.30712417086718,12.906332574800295],[108.78612044772265,15.090558610872073],[108.23614791354296,16.080380998567385],[106.43306258639453,17.55027922244434],[105.53258040866015,18.84421118350391],[106.80704024752734,20.905006013826174],[107.46579268893359,20.976270280793948]]]},"properties":{"NAME":"Đại Việt","SUBJECTO":"Đại Việt","PARTOF":"Đại Việt"}},
{"type":"Feature","geometry":{"type":"Polygon","coordinates":[[[95.51860962054639,37.10197545293535],[101.68757091385396,36.307380725406425],[102.40610101778157,33.720672351267005],[100.6816287683553,28.690961623773696],[98.63722518405078,27.478742204622073],[98.56449102289989,24.709651302358104],[99.59167525939165,22.997677574871826],[99.84117787233083,20.481864939489157],[101.65736732451045,19.661170456750355],[101.85148057967355,20.53243540729158],[102.97995917125925,20.966465634824544],[105.41238593284501,21.902014389280605],[107.46579268893359,20.976270280793948],[107.90002730807421,21.4790054187334],[109.11740401705859,21.39900930972461],[110.0772199960625,20.867482744172854],[111.08559707125781,21.479402147249026],[112.74952224215625,21.756068788484377],[113.71678451022265,22.482215486482424],[116.34061721285937,22.9133315906084],[118.81294539889453,24.84941443057422],[119.47034743746875,25.77168234439258],[119.428904566375,26.590831361726565],[120.35180953463671,27.177013002351565],[121.35852340182421,28.385663591340823],[121.77031997164843,29.834281526521487],[121.60595992526171,31.827626787141604],[120.66086104830859,32.54311712832813],[119.97359755953906,34.13522299380664],[119.02086165866015,34.691932283357424],[120.13933852633593,36.194800935701174],[121.84669784030078,36.86017569156055],[120.65811446627734,37.73646505923633],[119.59885695895312,37.11661871524219],[118.87524703463671,37.94942816348438],[117.58946517428515,38.28448065371875],[117.75288680514453,39.20253714175586],[118.97764113864062,39.22413595767383],[121.01060775241015,40.85068091006641],[122.10791305026171,40.35372122378711],[122.02749160250781,39.25575979800586],[124.1040754648125,39.884784303621096],[125.296092066375,39.36432608218555],[129.6412611337578,41.65584906192188],[131.86515334567187,43.290381990388674],[119.60429468774207,42.029571993653185],[102.92628881258447,39.01838997027853],[99.27761667761577,38.981719898570304],[95.59231787121342,38.94468171961149],[95.15006836721116,37.69164145827171],[95.51860962054639,37.10197545293535]]]},"properties":{"NAME":"Ming Chinese Empire","SUBJECTO":"Ming Chinese Empire","PARTOF":"Ming Chinese Empire"}},
{"type":"Feature","geometry":{"type":"Polygon","coordinates":[[[94.46485427340625,17.26426275821094],[95.89381200802129,17.79327744331353],[98.66999851710162,18.397251431266096],[99.84117787233083,20.481864939489157],[99.59167525939165,22.997677574871826],[98.56449102289989,24.709651302358104],[98.63722518405078,27.478742204622073],[97.34041884860156,28.18211515994434],[95.4781149584116,27.908897522880622],[94.32436945100218,26.88334596073892],[91.54683397020176,26.2851075494896],[92.0340178859286,25.42622824700979],[91.71659611295476,24.093340760463043],[92.88073824764543,21.902014389280605],[92.82709792575,20.424287401155276],[94.05371383151171,19.061149202302737],[94.46485427340625,17.26426275821094]]]},"properties":{"NAME":"Burmese kingdoms","SUBJECTO":"Burmese kingdoms","PARTOF":"Burmese kingdoms"}},
{"type":"Feature","geometry":{"type":"Polygon","coordinates":[[[94.46485427340625,17.26426275821094],[94.1433592172539,16.21537932010059],[95.32981399020312,15.677930437043948],[96.46924880465625,16.512576662019534],[97.57322219332812,16.4450698718584],[98.66999851710162,18.397251431266096],[95.89381200802129,17.79327744331353],[94.46485427340625,17.26426275821094]]]},"properties":{"NAME":"Pegu","SUBJECTO":"Pegu","PARTOF":"Pegu"}},
{"type":"Feature","geometry":{"type":"Polygon","coordinates":[[[-98.14564987698438,16.172238908723635],[-97.08426273611974,17.643069689098446],[-95.17407750556644,16.974504858404796],[-93.74143858265148,17.165523381460122],[-93.78490158596875,18.349187456086916],[-94.58994003811719,18.271188341096682],[-96.01226517239454,18.929256044343752],[-97.50419327298047,21.189153276399416],[-97.88202377835157,22.33262213321094],[-99.94954058194966,22.896079073119992],[-99.94954058194966,19.839782704234725],[-100.90463319722632,19.6487641811794],[-100.90463319722632,18.78918082743042],[-103.1013462123626,19.839782704234725],[-105.50686356106641,20.10414846988086],[-103.49393936673047,18.353892885164065],[-101.9926042226875,18.02653082461719],[-101.2207765249336,17.41792257876758],[-98.14564987698438,16.172238908723635]]]},"properties":{"NAME":"Aztec Empire","SUBJECTO":"Aztec Empire","PARTOF":"Aztec Empire"}},
{"type":"Feature","geometry":{"type":"Polygon","coordinates":[[[-95.13016983548047,16.299468599275393],[-95.17407750556644,16.974504858404796],[-97.08426273611974,17.643069689098446],[-98.14564987698438,16.172238908723635],[-96.3329362539375,15.750238977388186],[-95.13016983548047,16.299468599275393]]]},"properties":{"NAME":"Mixtec Empire","SUBJECTO":"Mixtec Empire","PARTOF":"Mixtec Empire"}},
{"type":"Feature","geometry":{"type":"Polygon","coordinates":[[[-90,19.38150557132129],[-88.8704662447406,18.693671565902758],[-89.9210681215449,16.974504858404796],[-88.74182602444532,16.269479356721682],[-88.24188705960157,17.01350363345508],[-87.65071579495313,20.189910493806643],[-87.20057388821485,21.528873048738284],[-88.33372208157422,21.59004171939258],[-90,21.160729967073244],[-90,19.38150557132129]]]},"properties":{"NAME":"Maya city-states","SUBJECTO":"Maya city-states","PARTOF":"Maya city-states"}},
{"type":"Feature","geometry":{"type":"Polygon","coordinates":[[[-71.5198487905586,-32.181175626798826],[-71.61574265042188,-33.70565453915234],[-72.62884995022657,-35.645878233],[-73.14423080960157,-37.15579644589062],[-71.02706756161055,-37.21173164186502],[-70.28925943201642,-36.47392351227089],[-69.36699927002375,-34.44495115588703],[-69.36699927002375,-32.6004308319017],[-68.44473910803109,-30.9403625403149],[-68.26028707563256,-28.542486119133965],[-67.15357488124135,-25.22234953596037],[-65.49350658965456,-19.135432466808773],[-66.04686268685016,-16.55310401322931],[-67.15357488124135,-14.708583689243973],[-68.62919114042963,-13.048515397657177],[-74.34720414478414,-12.126255235664509],[-77.88516689942037,-6.977321235497577],[-77.91501584604785,-4.193517981858475],[-78.77405292234894,-3.641461745331988],[-78.77405292234894,-2.165845486143716],[-78.4051488575519,-0.321325162158395],[-79.77687546292188,0.863141022638125],[-80.33884903469922,-0.66318116335507],[-80.96610733548047,-1.033107079549985],[-80.14415451565625,-3.414210237547117],[-81.41761490383985,-4.675080694242673],[-80.61159225979688,-6.369872011228757],[-79.06024643460157,-8.215522207304197],[-77.75874802151563,-10.65892068295117],[-76.23803421536329,-13.502021230741697],[-76.24178024807813,-14.105595983549314],[-74.04964157620313,-16.044990934416013],[-71.611866918,-17.22145501522656],[-70.58412643948438,-18.083280958219724],[-70.20851608792188,-19.06719819454785],[-70.11063095608594,-21.74793664364453],[-70.57323929348829,-23.16559449581738],[-70.3981446889961,-25.24891320614453],[-71.68157669583204,-30.60000077633496],[-71.5198487905586,-32.181175626798826]]]},"properties":{"NAME":"Inca Empire","SUBJECTO":"Inca Empire","PARTOF":"Inca Empire"}},
{"type":"Feature","geometry":{"type":"MultiPolygon","coordinates":[[[[-51.11682220985149,-31.472069181244947],[-49.93631836453321,-29.627403654142576],[-48.93729492703321,-28.69782678036328],[-48.72837921658399,-28.367052473112302],[-48.56390854397657,-27.680593885465818],[-48.72452255764844,-25.425621427580076],[-46.20621201077344,-23.882822431608396],[-45.45921036282422,-23.855831541105466],[-44.56129547634961,-22.989857114835935],[-41.95784470120313,-22.92082253841992],[-40.98350235501172,-22.086429990812498],[-40.93281647244336,-21.2794117107832],[-39.69133850613477,-19.408796705290037],[-39.666134801300785,-18.226957716032224],[-39.14249893704297,-17.77471772579785],[-38.94815537014844,-16.001592077299314],[-39.126217809113285,-14.324533857389646],[-37.18652435818555,-10.844699300810056],[-35.59859940091016,-9.627626813932615],[-34.890675511750004,-7.611789144560056],[-35.46437164822461,-5.268277086302],[-37.180600133332035,-4.954271711393552],[-38.78636261502149,-3.604257978483396],[-40.23088928738477,-2.851210989042478],[-42.31647202053907,-2.817604698225217],[-43.33403870144727,-2.432190097852903],[-44.22212311306836,-2.77724377064343],[-44.79592606106641,-1.736357845350462],[-47.23713776150586,-0.680439271017271],[-48.042530980500004,-0.815624035879331],[-49.22114655056836,-2.108145631834226],[-50.6431398061836,-1.882471717878538],[-51.529381719025395,-0.429196335359769],[-49.88430496731641,1.213871084169192],[-50.688080754669926,2.21617230029468],[-51.20926758328321,4.070678792909426],[-53.02668091336133,5.426703058198733],[-54.2862062124336,5.881543241456789],[-56.746396031769535,6.003318391755862],[-58.57506653347852,6.984399877504153],[-58.616635289582035,7.499081216768069],[-59.83440491238477,8.440183244661135],[-60.9567269949043,8.587117753938479],[-61.12109467078899,9.165086351591967],[-61.28992935706829,8.770693384367846],[-63.06524366801216,8.32539786170036],[-65.96541257261946,8.180441590467876],[-70.68184887203134,8.55721593295672],[-72.11403366604688,9.904005609468264],[-71.68795486966016,10.769269548372073],[-72.37965866604688,11.81010016055469],[-74.2189225820625,11.367601953462405],[-75.45044418850782,10.627693735078616],[-75.70266434231641,9.425959192231936],[-76.76352402249219,8.692807756379885],[-79.50042435208204,9.638376794770998],[-80.96249863186719,8.864939294770998],[-82.22958847561719,9.046509347871584],[-83.91412827053907,11.251382432893557],[-83.66236588040235,13.705296121553225],[-83.31351944485547,14.767507158235354],[-84.65045639553907,15.933375917390627],[-88.66434189358594,15.725766740754885],[-88.74182602444532,16.269479356721682],[-89.9210681215449,16.974504858404796],[-88.8704662447406,18.693671565902758],[-90,19.38150557132129],[-93.78490158596875,18.349187456086916],[-93.74143858265148,17.165523381460122],[-95.17407750556644,16.974504858404796],[-95.13016983548047,16.299468599275393],[-94.0753907827461,16.11115988345508],[-91.51571365872266,14.058868013337893],[-87.94866653958204,13.171761117891116],[-86.01414200344922,11.367618165925784],[-85.77779099026563,10.138352952913088],[-85.0887956289375,9.583112321809573],[-83.6149415639961,9.151563249543948],[-82.95613571682813,8.25675543399219],[-81.66427322903516,8.164647661165041],[-80.813771214875,7.270063482240481],[-79.71689316311719,8.883091531709475],[-79.06764694729688,9.034267984346194],[-77.40016647854688,6.670446001008791],[-77.50037857571485,5.513577543214602],[-77.10599991360547,3.792188964799685],[-77.80209824124219,2.576873622850222],[-78.46819778958204,2.467397294954104],[-78.98431107083204,1.296987973169131],[-79.77687546292188,0.863141022638125],[-78.4051488575519,-0.321325162158395],[-78.77405292234894,-2.165845486143716],[-78.77405292234894,-3.641461745331988],[-77.91501584604785,-4.193517981858475],[-77.88516689942037,-6.977321235497577],[-74.34720414478414,-12.126255235664509],[-68.62919114042963,-13.048515397657177],[-67.15357488124135,-14.708583689243973],[-66.04686268685016,-16.55310401322931],[-65.49350658965456,-19.135432466808773],[-65.71878024503351,-18.084155408373633],[-64.66180129731615,-16.804676207468987],[-64.1940629085568,-14.694582386569342],[-69.04501111905242,-8.235853806057],[-70.15820726425522,-5.735421450211085],[-66.40849393304576,3.041936481420927],[-62.65878060183632,4.152921580887431],[-58.55753164582598,3.977596077854006],[-55.8624251890192,1.695565793857857],[-55.80383591821904,0.875529465609527],[-57.97163893782451,-0.589157846288572],[-58.44035310422569,-2.287649024474563],[-56.33113935542037,-4.334740468715777],[-54.16333633581491,-4.626791146196514],[-49.06606977620206,-4.743578120004467],[-46.280890913956334,-3.552810001275475],[-53.123378851919725,-14.275041705614404],[-48.46896037885509,-23.748769173313708],[-49.48718016007792,-24.553337158794967],[-49.83871578487881,-26.797313680361846],[-48.796904749948716,-28.475548314302703],[-49.54647919227337,-29.156509794037916],[-49.93631836463665,-29.627403653901197],[-51.11682220985149,-31.472069181244947]],[[-77.2535000266561,-2.097904193884223],[-77.2535000266561,-2.759051555925397],[-78.39231762535397,-2.912757309929439],[-78.5616013224577,-2.128662113961151],[-77.2535000266561,-2.097904193884223]]],[[[-58.522782292859304,-34.58706323031721],[-57.34773727932813,-34.508438505216795],[-56.33826157132032,-34.99545327572461],[-54.074337926300785,-34.647842802091795],[-52.35066696682813,-32.67519036678906],[-52.0421876577461,-31.55657235531445],[-51.44541641751172,-31.01539460568066],[-51.23235413113477,-30.26536027340527],[-50.60855194617962,-30.302172101777174],[-51.23235413123821,-30.265360273163893],[-51.445416417615164,-31.015394605439283],[-52.04218765784954,-31.556572355073072],[-52.14021349238029,-31.740936200871825],[-52.35066696693157,-32.67519036654768],[-54.074337926404226,-34.647842801850416],[-56.33826157142376,-34.99545327548323],[-57.34773727943157,-34.508438504975416],[-58.522782292859304,-34.58706323031721]]],[[[-72.58717819740032,-41.61827508334456],[-72.72818067052704,-41.55336179549616],[-73.46355148841594,-41.78677026156721],[-72.58717819740032,-41.61827508334456]]],[[[-68.26028707563256,-28.542486119133965],[-68.44473910803109,-30.9403625403149],[-68.4096187266585,-30.483797582471198],[-68.26028707563256,-28.542486119133965]]],[[[-65.78120132972454,-47.71157876376448],[-67.57759567786907,-49.058533109467604],[-67.83347031165813,-49.9682125223094],[-69.04092117835735,-50.56240121249495],[-69.11474151787864,-51.35236245613261],[-69.07692429115032,-51.49934808139143],[-69.04092117825391,-50.562401212736326],[-67.83347031155469,-49.96821252255078],[-67.57759567776563,-49.05853310970898],[-65.78120132972454,-47.71157876376448]]],[[[-71.44228836585735,-53.88161126498518],[-70.73358627835157,-52.8015064373457],[-69.48302170315625,-52.36093560604687],[-68.4558992057011,-52.420181669037916],[-69.4830217032597,-52.360935605805494],[-70.73358627845501,-52.80150643710432],[-71.44228836585735,-53.88161126498518]]],[[[-62.35104462196087,-39.33307305697737],[-57.80888458767774,-38.386490263029295],[-56.69811340858196,-36.944073118012525],[-57.80888458778118,-38.386490262787916],[-62.35104462196087,-39.33307305697737]]],[[[-67.46862503577923,-46.26589242343245],[-66.69494339505079,-45.13110391049023],[-65.65723129798626,-44.94175759677229],[-66.69494339515423,-45.131103910248854],[-67.46862503577923,-46.26589242343245]]],[[[-50.4762849478886,-1.678760803979017],[-48.8856935171211,-1.421139515920835],[-48.55282684852337,-0.632448054593183],[-48.88569351722454,-1.421139515679457],[-50.4762849478886,-1.678760803979017]]]]},"properties":{"NAME":null,"SUBJECTO":null,"PARTOF":null}},
{"type":"Feature","geometry":{"type":"Polygon","coordinates":[[[8.884012255278808,54.229449830964846],[4.641012701598388,52.75569876284961],[4.264411482421142,52.07089193911914],[1.796177011925293,50.92141446442835],[1.825507855919507,50.24268837026159],[5.361129202599225,49.69675577726925],[6.015196937201104,48.653030668862],[5.533431053993224,46.096995468728146],[6.942603621093017,44.86865194888477],[7.397118601409179,43.76409491153125],[8.896585497466308,44.43718679995899],[9.909300837126953,44.110477052644534],[10.742755922881347,42.850509248689455],[11.960132972376597,42.00737273955097],[12.302206036932475,43.2775996688826],[11.169817827810615,45.067184016221326],[9.997694467681434,45.40138518626623],[9.544866594878417,46.31158407779102],[12.074753794280273,46.92750509829883],[13.709092915095635,46.83906489156842],[13.367695841399414,45.69448813052539],[13.67318061312793,45.71450766177539],[14.354488405791503,45.32289084048633],[16.535293701753467,46.364663368679096],[16.557037974845283,47.495365569453625],[18.92670686530177,49.6219602967043],[18.646036580345903,50.64451035793008],[15.764534781005738,52.26547121356442],[16.20375518114817,53.706387822934694],[17.657612833586914,54.685462556794924],[14.472936663237792,53.87677725406055],[12.652518305388671,54.32142599673633],[11.407822641936523,53.859290681794924],[10.141728434172851,54.33675345034961],[9.884802785007942,54.25410314727822],[9.739429584607816,54.27590912733824],[9.674011644427761,54.18868520709817],[9.448683183777394,54.188685207339546],[9.448683183704123,54.188685207339546],[9.44141452371429,54.24683448725822],[8.884012255278808,54.229449830964846]],[[9.61686450855526,47.495817667608804],[9.497568217971077,46.792531987163144],[7.439620081115901,45.923195456322446],[7.007524208964814,46.63687085468651],[7.732566435116636,47.524558221080845],[8.936604233198908,47.65937945325917],[9.61686450855526,47.495817667608804]]]},"properties":{"NAME":"Holy Roman Empire","SUBJECTO":"Holy Roman Empire","PARTOF":"Holy Roman Empire"}},
{"type":"Feature","geometry":{"type":"Polygon","coordinates":[[[-14.50982440309849,28.050049749026638],[-13.880964773397412,28.19936673357924],[-14.147020770578637,28.391039461179965],[-14.50982440309849,28.050049749026638]]]},"properties":{"NAME":"Guanches","SUBJECTO":"Guanches","PARTOF":"Guanches"}},
{"type":"Feature","geometry":{"type":"Polygon","coordinates":[[[-168.50734421292188,53.42886313052539],[-168.37433334866407,53.23527868838672],[-167.86543747464063,53.32341345401172],[-168.22346970120313,53.58995398135547],[-168.50734421292188,53.42886313052539]]]},"properties":{"NAME":null,"SUBJECTO":null,"PARTOF":null}},
{"type":"Feature","geometry":{"type":"Polygon","coordinates":[[[-128.34309860755658,50.66847189541521],[-127.38545700589063,50.05001028628711],[-126.52219864417766,49.82167013760271],[-128.34309860755658,50.66847189541521]]]},"properties":{"NAME":null,"SUBJECTO":null,"PARTOF":null}},
{"type":"Feature","geometry":{"type":"Polygon","coordinates":[[[-133.09669968167188,54.01911123843555],[-132.56876083889844,53.27950247378711],[-131.89424606854965,53.89415320029373],[-133.09669968167188,54.01911123843555]]]},"properties":{"NAME":"Bella","SUBJECTO":"Bella","PARTOF":"Bella"}},
{"type":"Feature","geometry":{"type":"Polygon","coordinates":[[[-133.01601120521283,55.371032320219896],[-133.01601120510938,55.37103231997852],[-132.17378708401563,54.846309267],[-132.17378708411908,54.84630926724138],[-133.01601120521283,55.371032320219896]]]},"properties":{"NAME":null,"SUBJECTO":null,"PARTOF":null}},
{"type":"Feature","geometry":{"type":"Polygon","coordinates":[[[-166.61009689846875,53.70682867617969],[-166.77057358303907,54.001239381746096],[-167.14842697659375,53.94021566958789],[-166.9272203115547,53.45891150088672],[-166.61009689846875,53.70682867617969]]]},"properties":{"NAME":null,"SUBJECTO":null,"PARTOF":null}},
{"type":"Feature","geometry":{"type":"Polygon","coordinates":[[[-164.56093308010938,54.831317506746096],[-165.0097398428047,54.52799566836719],[-164.56448837796094,54.33413656802539],[-164.07188889065625,54.657455049470705],[-164.56093308010938,54.831317506746096]]]},"properties":{"NAME":null,"SUBJECTO":null,"PARTOF":null}},
{"type":"Feature","geometry":{"type":"Polygon","coordinates":[[[-162.78760239163282,55.1516185626543],[-163.09088608303907,55.27271994204883],[-163.26241013089063,55.17098196597461],[-162.9679917959297,54.948733888582034],[-162.78760239163282,55.1516185626543]]]},"properties":{"NAME":null,"SUBJECTO":null,"PARTOF":null}},
{"type":"Feature","geometry":{"type":"Polygon","coordinates":[[[-162.2183122305,55.13241537661914],[-161.5751237539375,55.478641115144534],[-161.81046005764844,55.78313788028125],[-162.58459946194532,55.38870581241016],[-162.2183122305,55.13241537661914]]]},"properties":{"NAME":null,"SUBJECTO":null,"PARTOF":null}},
{"type":"Feature","geometry":{"type":"Polygon","coordinates":[[[-135.00233933010938,57.32577093692188],[-135.46605392971875,57.229198060945315],[-134.94566818753125,56.453502260164065],[-134.76378342190625,56.79368170352344],[-135.00233933010938,57.32577093692188]]]},"properties":{"NAME":null,"SUBJECTO":null,"PARTOF":null}},
{"type":"Feature","geometry":{"type":"Polygon","coordinates":[[[-153.6700181631172,56.96903570742969],[-152.679493871125,57.764537416414065],[-154.1886491445625,57.63143118472461],[-153.6700181631172,56.96903570742969]]]},"properties":{"NAME":null,"SUBJECTO":null,"PARTOF":null}},
{"type":"Feature","geometry":{"type":"Polygon","coordinates":[[[-136.59644028225782,57.90492209048633],[-135.11499496975782,57.67462881656055],[-135.32489487210157,58.09266623111133],[-136.30008408108594,58.180091463044924],[-136.59644028225782,57.90492209048633]]]},"properties":{"NAME":null,"SUBJECTO":null,"PARTOF":null}},
{"type":"Feature","geometry":{"type":"Polygon","coordinates":[[[-117.28129288235547,73.3101001605547],[-117.33621689358594,74.1672778949297],[-121.23873611966016,74.58000525088673],[-124.06482407132032,73.86521490664845],[-125.61702438870313,71.99038275332813],[-123.46767136135938,71.19864233584767],[-120.84349533596875,71.53027685733204],[-120.45359512844922,72.29851111026173],[-117.28129288235547,73.3101001605547]]]},"properties":{"NAME":null,"SUBJECTO":null,"PARTOF":null}},
{"type":"Feature","geometry":{"type":"Polygon","coordinates":[[[-66.40353104153516,45.10778006167774],[-65.7125749258125,43.55995138736133],[-61.03208633938672,45.37883337588672],[-64.53479477444532,46.27165945620899],[-65.2130860952461,48.12142523379688],[-64.95240494290235,49.20725592227344],[-66.97269913235547,48.95458944888477],[-67.35399553963548,48.845890707072265],[-66.40353104153516,45.10778006167774]]]},"properties":{"NAME":"Mi'kma'ki","SUBJECTO":"Mi'kma'ki","PARTOF":"Mi'kma'ki"}},
{"type":"Feature","geometry":{"type":"Polygon","coordinates":[[[-78.69849106350782,83.00252112002735],[-90,82.01732977481251],[-85.8068132070625,78.90618475528126],[-87.27270981350782,76.50420721621876],[-78.21225449124219,76.54684790225392],[-78.36676498928907,78.03287085147267],[-71.45447250882032,79.84579046817188],[-62.42710205593946,82.63357122989063],[-70.5843019155586,83.1760440692461],[-78.69849106350782,83.00252112002735]]]},"properties":{"NAME":null,"SUBJECTO":null,"PARTOF":null}},
{"type":"Feature","geometry":{"type":"Polygon","coordinates":[[[-111.99119278469922,77.97737463565235],[-113.02425095120313,77.6020923480547],[-110.61967178860547,77.5374942645586],[-109.6612062124336,77.9498706683672],[-111.99119278469922,77.97737463565235]]]},"properties":{"NAME":null,"SUBJECTO":null,"PARTOF":null}},
{"type":"Feature","geometry":{"type":"Polygon","coordinates":[[[-97.30984207669141,78.8221851214922],[-97.45977493801954,78.10106237979298],[-95.09702774563672,78.43840368838673],[-97.30984207669141,78.8221851214922]]]},"properties":{"NAME":null,"SUBJECTO":null,"PARTOF":null}},
{"type":"Feature","geometry":{"type":"Polygon","coordinates":[[[-169.37530991116407,63.254466615632815],[-170.48152634182813,63.688373170808596],[-170.9664048818672,63.45857199283008],[-169.90311142483594,63.07521017642383],[-169.37530991116407,63.254466615632815]]]},"properties":{"NAME":null,"SUBJECTO":null,"PARTOF":null}},
{"type":"Feature","geometry":{"type":"Polygon","coordinates":[[[-174.63516708889844,66.40478857608204],[-175.51398178616407,67.66881140323048],[-180,68.91692694278126],[-180,67.96313055606251],[-180,66.96313055606251],[-180,65.96313055606251],[-180,65.38161810489063],[-180,65.31103094668751],[-180,65.25922735782032],[-178.11627670803907,65.48249395938282],[-173.07701584378125,64.38398321719532],[-172.56233688870313,65.51480444522267],[-170.61266037503125,66.0377612933672],[-171.95799728909375,66.95566900821095],[-174.63516708889844,66.40478857608204]]]},"properties":{"NAME":null,"SUBJECTO":null,"PARTOF":null}},
{"type":"Feature","geometry":{"type":"Polygon","coordinates":[[[-121.13805100003125,76.88191565127735],[-122.6593522695625,76.53863104434376],[-120.09985825100782,75.97814520450001],[-118.73600479641797,76.93774756045704],[-121.13805100003125,76.88191565127735]]]},"properties":{"NAME":null,"SUBJECTO":null,"PARTOF":null}},
{"type":"Feature","geometry":{"type":"Polygon","coordinates":[[[-104.96614548245313,78.5338550433672],[-101.16788193264844,78.26887091250782],[-99.89162155667188,78.65814550967579],[-102.56874558010938,79.01609381289845],[-104.96614548245313,78.5338550433672]]]},"properties":{"NAME":null,"SUBJECTO":null,"PARTOF":null}},
{"type":"Feature","geometry":{"type":"Polygon","coordinates":[[[-88.34770676175,80.41079290957813],[-92.02487656155469,81.25921972842579],[-96.43336960354688,79.93342169375782],[-92.70153519192579,78.43416937442188],[-90,78.26269873233204],[-86.99668594876172,79.44534643741017],[-88.34770676175,80.41079290957813]]]},"properties":{"NAME":null,"SUBJECTO":null,"PARTOF":null}},
{"type":"Feature","geometry":{"type":"Polygon","coordinates":[[[-103.00374589778191,33.14507230281062],[-108.93005139830672,32.23919840734652],[-108.693565450754,30.998396255405748],[-112.72126100106298,30.072553174842405],[-111.69163223782422,28.496102891877932],[-110.6044435171211,27.856137834504885],[-109.25747580228663,26.087242251477676],[-101.22811772154284,28.3031294495507],[-101.07039699486937,31.5824366671322],[-102.3338960030558,32.32538921607184],[-102.96304571495108,32.69533678159322],[-102.98333487794909,32.919531285433706],[-103.00374589778191,33.14507230281062]]]},"properties":{"NAME":"Apache","SUBJECTO":"Apache","PARTOF":"Apache"}},
{"type":"Feature","geometry":{"type":"Polygon","coordinates":[[[-83.41397736519366,29.59362940545258],[-82.64696213284375,28.9065013751543],[-82.84134384671094,27.838002763704104],[-81.09792038479688,25.12504728885059],[-80.31409927883985,25.243880830720705],[-80.04998489895704,26.551089845613284],[-80.60545822659375,28.560990892366213],[-81.46285649986508,30.42702730157192],[-82.51870524834182,29.976034161558236],[-83.41397736519366,29.59362940545258]]]},"properties":{"NAME":"Calusa","SUBJECTO":"Calusa","PARTOF":"Calusa"}},
{"type":"Feature","geometry":{"type":"Polygon","coordinates":[[[-108.93005139830672,32.23919840734652],[-109.72512690151343,36.41082638585194],[-115.77045380486392,35.52235439619138],[-116.63217535998558,35.39570856266532],[-114.33968546041713,31.589696087397094],[-113.0520753530586,31.13870009036426],[-112.72126100106298,30.072553174842405],[-108.693565450754,30.998396255405748],[-108.93005139830672,32.23919840734652]]]},"properties":{"NAME":"Hopi","SUBJECTO":"Hopi","PARTOF":"Hopi"}},
{"type":"Feature","geometry":{"type":"Polygon","coordinates":[[[-103.00374589778191,33.14507230281062],[-103.38363431941367,37.3428253698462],[-109.72512690151343,36.41082638585194],[-108.93005139830672,32.23919840734652],[-103.00374589778191,33.14507230281062]]]},"properties":{"NAME":"Navajo","SUBJECTO":"Navajo","PARTOF":"Navajo"}},
{"type":"Feature","geometry":{"type":"Polygon","coordinates":[[[-82.51870524834182,29.976034161558236],[-81.46285649986508,30.42702730157192],[-80.5806398061836,32.496783815339846],[-79.34851547757032,33.10972937198047],[-77.45936288387531,34.497555525070155],[-79.2322552596183,39.362221092355725],[-80.26101278563881,38.77447889044434],[-86.13125462176183,35.42073539379995],[-86.00400266559895,35.22894593685218],[-82.51870524834182,29.976034161558236]]]},"properties":{"NAME":"Cherookee","SUBJECTO":"Cherookee","PARTOF":"Cherookee"}},
{"type":"Feature","geometry":{"type":"Polygon","coordinates":[[[-120.18036445114328,41.01431404923603],[-120.99684123209875,48.53318300415619],[-122.4219552407345,48.39421205361684],[-122.3452882436836,48.07669409366016],[-122.66283127346875,47.46903570742969],[-123.18336197415235,47.48833426089649],[-122.82603928136751,48.02348288155218],[-124.73341843167188,48.32687719912891],[-124.30878922033604,47.45928534136069],[-124.3087892202461,47.45928534121875],[-123.90527817288282,47.04205282779102],[-124.13072678128125,46.66863592715625],[-123.78710648098829,46.298465333894534],[-124.07430740868745,46.015296541187205],[-124.02785202554178,45.94021185508442],[-124.02785202542188,45.94021185489063],[-123.99469467678907,45.76409491153125],[-124.33127304592969,44.07199057193164],[-124.13729569009854,43.66595800987311],[-124.62967392483594,43.013995729402346],[-124.24943253088362,41.93350561729236],[-124.36481186436224,40.33432348840071],[-124.32835025606542,40.29567607688752],[-120.71064725694377,40.92244262579009],[-120.18036445114328,41.01431404923603]]]},"properties":{"NAME":"Coqs","SUBJECTO":"Coqs","PARTOF":"Coqs"}},
{"type":"Feature","geometry":{"type":"Polygon","coordinates":[[[-104.55259587352057,45.07168732573311],[-104.5369739366403,47.134040143982624],[-106.28487496563851,47.91758198456803],[-107.81177701395879,47.194312593258424],[-110.16240253571502,46.79249626475309],[-111.54866886905845,45.506684013536],[-110.27913260322268,44.74806491673072],[-107.17977460389922,43.95803248553062],[-105.97704280676489,43.31207640819602],[-104.55259587352057,45.07168732573311]]]},"properties":{"NAME":"Crow","SUBJECTO":"Crow","PARTOF":"Crow"}},
{"type":"Feature","geometry":{"type":"Polygon","coordinates":[[[-105.97704280676489,43.31207640819602],[-104.16411034627212,41.971420471024906],[-102.95294958485049,42.98452978718262],[-102.22930007330926,44.16522109548673],[-103.21955729962883,45.19356513820321],[-104.55259587352057,45.07168732573311],[-105.97704280676489,43.31207640819602]]]},"properties":{"NAME":"Cheyenne","SUBJECTO":"Cheyenne","PARTOF":"Cheyenne"}},
{"type":"Feature","geometry":{"type":"Polygon","coordinates":[[[-117.85214491591846,46.34744769166525],[-117.3945136228921,44.79150129537561],[-116.39476525966526,44.67885359247681],[-114.20517553456989,45.53075184564897],[-114.47271382895454,46.36856913595878],[-116.62710114689403,46.86844331757219],[-117.85214491591846,46.34744769166525]]]},"properties":{"NAME":"Nez Perce","SUBJECTO":"Nez Perce","PARTOF":"Nez Perce"}},
{"type":"Feature","geometry":{"type":"Polygon","coordinates":[[[-95.25179459000181,33.72793186672626],[-94.86178286132007,29.783144373886454],[-94.85739609284022,29.783898912379634],[-94.85739609280469,29.783898912385744],[-93.44552322903516,29.76776846499805],[-90,29.108672700837893],[-89.23280808010938,30.406005464509768],[-86.38868423977735,30.472713075593752],[-85.30477615872266,29.66390760989551],[-84.31742569485547,30.091956697419924],[-83.41397736519366,29.59362940545258],[-82.51870524834182,29.976034161558236],[-86.00400266559895,35.22894593685218],[-95.40685511258685,35.29629703408726],[-95.25179459000181,33.72793186672626]]]},"properties":{"NAME":"Natchez","SUBJECTO":"Natchez","PARTOF":"Natchez"}},
{"type":"Feature","geometry":{"type":"Polygon","coordinates":[[[-79.84015434559726,42.82863250434404],[-81.627996925,41.55822305],[-82.46791966868601,41.40946956922857],[-80.26101278563881,38.77447889044434],[-79.2322552596183,39.362221092355725],[-77.45936288387531,34.497555525070155],[-76.62176224270704,34.762950502351565],[-75.72924515286329,35.882125459626955],[-75.66752335110547,37.898109041169924],[-73.25049639942698,41.178237669784565],[-76.94046282978611,43.23706229821089],[-78.55014126276423,43.354027634925885],[-79.84015434559726,42.82863250434404]]]},"properties":{"NAME":"Delaware","SUBJECTO":"Delaware","PARTOF":"Delaware"}},
{"type":"Feature","geometry":{"type":"Polygon","coordinates":[[[-94.86178286132007,29.783144373886454],[-95.25179459000181,33.72793186672626],[-96.50975434859951,33.633347439243614],[-99.43706380291346,33.41324668728518],[-103.00374589778191,33.14507230281061],[-102.98333487794909,32.919531285433706],[-102.96304571495108,32.69533678159323],[-102.3338960030558,32.32538921607184],[-101.07039699486937,31.5824366671322],[-101.07039699486937,31.582436667132185],[-101.0827182559606,31.326254735445843],[-101.0827182559606,31.326254735445847],[-101.22811772154284,28.303129449550685],[-95.37649035688234,28.96021683328952],[-95.05766006985547,29.675384126619143],[-95.0576600698298,29.675384126661132],[-94.86178286132007,29.783144373886454]]]},"properties":{"NAME":"Comanche","SUBJECTO":"Comanche","PARTOF":"Comanche"}},
{"type":"Feature","geometry":{"type":"Polygon","coordinates":[[[-102.98333487794909,32.919531285433706],[-102.96304571495108,32.69533678159322],[-102.3338960030558,32.32538921607184],[-102.96304571495108,32.69533678159323],[-102.98333487794909,32.919531285433706]]]},"properties":{"NAME":null,"SUBJECTO":null,"PARTOF":null}},
{"type":"Feature","geometry":{"type":"Polygon","coordinates":[[[-102.3338960030558,32.32538921607184],[-101.07039699486937,31.582436667132185],[-101.07039699486937,31.5824366671322],[-102.3338960030558,32.32538921607184]]]},"properties":{"NAME":null,"SUBJECTO":null,"PARTOF":null}},
{"type":"Feature","geometry":{"type":"MultiPolygon","coordinates":[[[[-97.75182432504585,28.693487274932362],[-101.22811772154284,28.303129449550685],[-109.25747580228663,26.087242251477676],[-108.01261612454297,24.981280885652346],[-105.53994461575391,22.284598909333987],[-105.50686356106641,20.10414846988086],[-103.1013462123626,19.839782704234725],[-100.90463319722632,18.78918082743042],[-100.90463319722632,19.6487641811794],[-99.94954058194966,19.839782704234725],[-99.94954058194966,22.896079073119992],[-97.88202377835157,22.33262213321094],[-97.82254501858594,24.20810469241504],[-97.2599610952461,25.811372362092776],[-97.63229843655469,27.228431306794924],[-97.26656815091016,27.67427595706348],[-97.5678224233711,27.908885560945315],[-96.83145615139844,28.15840109439258],[-96.68452927151563,28.24772986026172],[-96.57712265540813,28.425990663725756],[-96.60265928396231,28.383607986771057],[-97.75182432504585,28.693487274932362]]],[[[-95.37649035688234,28.96021683328952],[-95.37649035740624,28.96021683323069],[-96.77357956458782,28.622674547392748],[-95.37649035688234,28.96021683328952]]]]},"properties":{"NAME":null,"SUBJECTO":null,"PARTOF":null}},
{"type":"Feature","geometry":{"type":"Polygon","coordinates":[[[-70.7149930895445,45.701627830944865],[-71.73816251992208,45.01433657401992],[-75.04504653767833,44.86804175335248],[-76.4621574083853,44.245431059791976],[-76.94046282978611,43.23706229821089],[-73.25049639942698,41.178237669784565],[-70.30209061184766,41.75944098086719],[-70.86807724514844,42.87142523379688],[-70.21647354641797,43.79962118716602],[-67.1688737539375,44.71121557803516],[-66.83111866982588,45.20336350990065],[-67.88013116587311,46.19512634488492],[-70.01582709400736,46.17127700302244],[-70.7149930895445,45.701627830944865]]]},"properties":{"NAME":"Iroquois","SUBJECTO":"Iroquois","PARTOF":"Iroquois"}},
{"type":"Feature","geometry":{"type":"Polygon","coordinates":[[[-114.33968546041713,31.589696087397094],[-116.63217535998558,35.39570856266532],[-115.77045380486392,35.52235439619138],[-118.84228412095587,38.880148963177184],[-120.71064725694377,40.92244262579009],[-124.32835025606542,40.29567607688752],[-123.81972977200391,39.60736807437305],[-123.74487778225782,39.07595404239063],[-121.9320573476875,37.008975587800784],[-121.92680069485547,36.338267885164065],[-120.67728897610547,35.189334474519534],[-120.52868362942579,34.50833090396289],[-118.60435196438672,34.096419893220705],[-117.49671646633985,33.32543142886524],[-115.60230728665235,29.685151658967776],[-114.06728836575391,28.42289312930469],[-114.4778566030586,27.243947587922854],[-112.41098495999219,26.19277151675586],[-112.16581436673047,25.01066740603809],[-110.79756638089063,24.880048356965823],[-112.86987015286329,28.334659181550784],[-114.68277451077344,30.14322432132129],[-114.98750778714063,31.166480623201174],[-114.33968546041713,31.589696087397094]]]},"properties":{"NAME":"Pomo","SUBJECTO":"Pomo","PARTOF":"Pomo"}},
{"type":"Feature","geometry":{"type":"Polygon","coordinates":[[[-144.1738196486161,63.3338212565769],[-150.13764073862706,61.24437798072107],[-151.78299423733594,59.99495657534961],[-149.32562729397657,60.02748068423633],[-148.49261948147657,61.0643382892168],[-144.4064225820625,60.09257086367969],[-141.43944260159375,60.091231904939455],[-139.30663010173694,59.706344209818404],[-139.78506943235584,59.51837881663874],[-136.93880173245313,58.943179689363284],[-136.93880173197437,58.943179689273926],[-135.3257188468144,58.58088644619646],[-135.51483627835157,58.97349890323047],[-135.14375778714063,59.16753347964649],[-135.04585739661908,58.90538366909685],[-133.47411057047077,57.842258058730756],[-133.47411057034375,57.84225805850391],[-133.34084030681166,57.37681540117868],[-133.4004258778894,57.21945150962055],[-132.10095688399454,56.349383913156],[-132.27916428128125,56.13155706973438],[-132.26401230384565,55.937152467924975],[-132.2640123037422,55.937152467683596],[-132.25558945228315,55.850036226469896],[-130.86738331598954,55.730666354682874],[-128.7045383210282,60.73996921652957],[-138.75110884633855,62.42455409805741],[-144.1738196486161,63.3338212565769]]]},"properties":{"NAME":"Tlinoit","SUBJECTO":"Tlinoit","PARTOF":"Tlinoit"}},
{"type":"Feature","geometry":{"type":"Polygon","coordinates":[[[-81.2701833712973,49.73879659827082],[-81.91980316949233,47.774999957714506],[-70.7149930895445,45.701627830944865],[-70.01582709400736,46.17127700302244],[-67.88013116587311,46.19512634488492],[-66.83111866982588,45.20336350990065],[-66.40353104153516,45.10778006167774],[-67.35399553963548,48.845890707072265],[-66.97269913235547,48.95458944888477],[-69.2228378155875,48.67809440585023],[-81.17307476239817,50.03235532362845],[-81.2701833712973,49.73879659827082]]]},"properties":{"NAME":"Algonquin","SUBJECTO":"Algonquin","PARTOF":"Algonquin"}},
{"type":"Feature","geometry":{"type":"Polygon","coordinates":[[[-76.4621574083853,44.245431059791976],[-75.04504653767833,44.86804175335248],[-71.73816251992208,45.01433657401992],[-70.7149930895445,45.701627830944865],[-81.91980316949233,47.774999957714506],[-81.2701833712973,49.73879659827082],[-83.27104039329372,50.231586831415726],[-83.76076930601978,49.01513137921545],[-84.61079884438561,46.903712102945775],[-84.78501212736853,46.4709773951855],[-84.98283930133326,45.97958728504639],[-85.2508368295087,45.313898480784246],[-85.50469497228339,44.683331010007926],[-82.5226474333687,41.94499485358417],[-80.46517969558677,42.57407285704688],[-80.36438722232268,42.61512350634413],[-79.84015434559726,42.82863250434404],[-78.55014126276423,43.354027634925885],[-77.27780966413972,43.88707249578907],[-76.911091112552,44.04819107618048],[-76.4621574083853,44.245431059791976]],[[-84.12723735,45.95084145],[-83.793586075,46.2570047],[-80.8070809,45.954834575],[-81.807915275,43.3176176],[-83.3855778,44.3126677],[-84.12723735,45.95084145]]]},"properties":{"NAME":"Huron","SUBJECTO":"Huron","PARTOF":"Huron"}},
{"type":"Feature","geometry":{"type":"Polygon","coordinates":[[[-143.60797110440964,68.64958656363149],[-159.86095443078094,70.54037132074728],[-162.17723557034375,70.2842212543047],[-164.067189183625,69.06467779727345],[-166.84352585354688,68.40520819278126],[-163.7387437490547,67.21832617373829],[-168.17979904690625,65.6938892230547],[-166.5860337881172,64.73040350528126],[-163.02521225491407,64.44165381045704],[-161.13301559964063,63.562842927888674],[-165.43123337307813,62.429542146638674],[-165.89809128323438,61.270335756257815],[-164.02740952053907,59.79824408145313],[-162.3781022695625,60.16311606021289],[-162.00392624417188,58.826610170320315],[-158.29141708889844,58.730208955720705],[-157.665333714875,57.6042438373125],[-160.45729538479688,56.19991263003711],[-159.07692429104688,55.991962037996096],[-156.68457504788282,57.400699220613284],[-154.64931198635938,58.076480470613284],[-154.28227707425,59.2487750873125],[-150.41518860143032,61.30900921344329],[-143.60797110440964,68.64958656363149]]]},"properties":{"NAME":null,"SUBJECTO":null,"PARTOF":null}},
{"type":"Feature","geometry":{"type":"Polygon","coordinates":[[[-69.2228378155875,48.67809440585023],[-67.31770798245313,49.42533453555469],[-66.37273880520704,50.31387671084766],[-64.88091258026634,50.33396529223979],[-63.19500571251935,53.73466862348492],[-64.88091258015237,50.33396529246969],[-66.37273880531048,50.31387671108904],[-67.31770798255657,49.42533453579607],[-69.22283781595095,48.67809440589142],[-81.17307476239817,50.03235532362845],[-69.2228378155875,48.67809440585023]]]},"properties":{"NAME":null,"SUBJECTO":null,"PARTOF":null}},
{"type":"Feature","geometry":{"type":"Polygon","coordinates":[[[-96.80946823635938,76.9196964129961],[-95.87341782132032,76.51327856631642],[-93.93760391751172,76.39846380801563],[-94.19506546536329,76.8990665301836],[-96.80946823635938,76.9196964129961]]]},"properties":{"NAME":null,"SUBJECTO":null,"PARTOF":null}},
{"type":"Feature","geometry":{"type":"Polygon","coordinates":[[[-61.363617,15.198055],[-61.25528,15.285],[-61.304169,15.57361],[-61.474724,15.486387],[-61.363617,15.198055]]]},"properties":{"NAME":null,"SUBJECTO":null,"PARTOF":null}},
{"type":"Feature","geometry":{"type":"Polygon","coordinates":[[[-61.746948,11.997499],[-61.59639,12.125555],[-61.724724,12.172222],[-61.746948,11.997499]]]},"properties":{"NAME":null,"SUBJECTO":null,"PARTOF":null}},
{"type":"Feature","geometry":{"type":"Polygon","coordinates":[[[-60.86084,14.402777],[-60.829727,14.57],[-61.034447,14.829166],[-61.231674,14.809444],[-61.03389,14.465832],[-60.86084,14.402777]]]},"properties":{"NAME":null,"SUBJECTO":null,"PARTOF":null}},
{"type":"Feature","geometry":{"type":"Polygon","coordinates":[[[-62.171394,16.671387],[-62.137505,16.692776],[-62.176392,16.808609],[-62.236671,16.711941],[-62.171394,16.671387]]]},"properties":{"NAME":null,"SUBJECTO":null,"PARTOF":null}},
{"type":"Feature","geometry":{"type":"Polygon","coordinates":[[[-63.167778,18.164444],[-62.993057,18.227219],[-63.057503,18.256386],[-63.167778,18.164444]]]},"properties":{"NAME":null,"SUBJECTO":null,"PARTOF":null}},
{"type":"Feature","geometry":{"type":"Polygon","coordinates":[[[-62.701668,17.336941],[-62.812782,17.409443000000124],[-62.863892,17.370831000000123],[-62.778336,17.292221],[-62.701668,17.336941]]]},"properties":{"NAME":null,"SUBJECTO":null,"PARTOF":null}},
{"type":"Feature","geometry":{"type":"Polygon","coordinates":[[[-60.954727,13.709444],[-60.878059,13.956665],[-61.075005,13.896944],[-60.954727,13.709444]]]},"properties":{"NAME":null,"SUBJECTO":null,"PARTOF":null}},
{"type":"Feature","geometry":{"type":"Polygon","coordinates":[[[-61.173058,13.1325],[-61.123337,13.248888000000136],[-61.208893,13.367777],[-61.278061,13.250277],[-61.173058,13.1325]]]},"properties":{"NAME":null,"SUBJECTO":null,"PARTOF":null}},
{"type":"Feature","geometry":{"type":"Polygon","coordinates":[[[-64.761948,17.774166],[-64.870834,17.774719],[-64.888901,17.686943],[-64.738892,17.708054],[-64.761948,17.774166]]]},"properties":{"NAME":null,"SUBJECTO":null,"PARTOF":null}},
{"type":"Feature","geometry":{"type":"Polygon","coordinates":[[[-61.346115,16.334164],[-61.49889399999989,16.34861000000012],[-61.793892,16.241943000000106],[-61.695007,15.949165],[-61.55277999999987,16.054443000000106],[-61.581116,16.204720000000123],[-61.346115,16.334164]]]},"properties":{"NAME":null,"SUBJECTO":null,"PARTOF":null}},
{"type":"Feature","geometry":{"type":"Polygon","coordinates":[[[-68.965561,12.198889],[-69.077789,12.34861],[-69.15834,12.311388],[-69.0625,12.188332000000116],[-68.83223,12.049444000000108],[-68.824173,12.160276000000124],[-68.965561,12.198889]]]},"properties":{"NAME":null,"SUBJECTO":null,"PARTOF":null}},
{"type":"Feature","geometry":{"type":"Polygon","coordinates":[[[-63.011459,18.067276],[-63.045006,18.121387],[-63.139839,18.058601],[-63.011459,18.067276]]]},"properties":{"NAME":null,"SUBJECTO":null,"PARTOF":null}},
{"type":"Feature","geometry":{"type":"Polygon","coordinates":[[[-63.139839,18.058601],[-63.03334,18.015553],[-63.011459,18.067276],[-63.139839,18.058601]]]},"properties":{"NAME":null,"SUBJECTO":null,"PARTOF":null}},
{"type":"Feature","geometry":{"type":"Polygon","coordinates":[[[-155.93127914954874,20.283723436552904],[-156.03416916419718,19.10568770046892],[-154.94768234779093,19.48286589260759],[-155.93127914954874,20.283723436552904]]]},"properties":{"NAME":"Polynesians","SUBJECTO":"Polynesians","PARTOF":"Polynesians"}},
{"type":"Feature","geometry":{"type":"Polygon","coordinates":[[[-53.11499496975782,48.523910127595705],[-56.66153427639844,50.05606039615039],[-57.35559937039258,50.59522970767383],[-59.1565560964668,47.6700511798418],[-56.07894608059766,47.865218721345705],[-52.72859665432813,47.45452459903125],[-53.11499496975782,48.523910127595705]]]},"properties":{"NAME":"Beothuk","SUBJECTO":"Beothuk","PARTOF":"Beothuk"}},
{"type":"Feature","geometry":{"type":"Polygon","coordinates":[[[-61.93277350549649,56.28076257051526],[-62.27666738519987,55.58708186686823],[-62.74228639818014,54.64786502231671],[-63.19500571251935,53.73466862348492],[-64.88091258026634,50.33396529223979],[-60.13784500637891,50.411700807527346],[-58.52433868924024,51.37948568911914],[-56.96410461941602,51.488441072419924],[-55.65902420559766,52.18734701724414],[-55.88126083889844,53.351932130769534],[-57.515351262482426,54.46576651187305],[-59.69376083889844,55.15365942569141],[-61.93277350549649,56.28076257051526]]]},"properties":{"NAME":"Innu","SUBJECTO":"Innu","PARTOF":"Innu"}},
{"type":"Feature","geometry":{"type":"Polygon","coordinates":[[[-77.2535000266561,-2.097904193884223],[-78.5616013224577,-2.128662113961151],[-78.39231762535397,-2.912757309929439],[-77.2535000266561,-2.759051555925397],[-77.2535000266561,-2.097904193884223]]]},"properties":{"NAME":"Shuar","SUBJECTO":"Shuar","PARTOF":"Shuar"}},
{"type":"Feature","geometry":{"type":"Polygon","coordinates":[[[19.334442,57.955826],[19.104721,57.975273],[19.1416660000001,57.907776],[19.334442,57.955826]]]},"properties":{"NAME":null,"SUBJECTO":null,"PARTOF":null}},
{"type":"Feature","geometry":{"type":"Polygon","coordinates":[[[8.936604233198908,47.65937945325917],[7.732566435116636,47.524558221080845],[7.007524208964814,46.63687085468651],[7.439620081115901,45.923195456322446],[9.497568217971077,46.792531987163144],[9.61686450855526,47.495817667608804],[9.188972040298468,47.65081161990754],[9.139912757901124,47.66512715237991],[9.010931712396605,47.67139246838201],[8.97635885326021,47.665804706169055],[8.936604233198908,47.65937945325917]]]},"properties":{"NAME":"Swiss Confederation","SUBJECTO":"Swiss Confederation","PARTOF":"Swiss Confederation"}},
{"type":"Feature","geometry":{"type":"Polygon","coordinates":[[[142.33755019615435,-10.91538277987776],[141.67852309654498,-12.467817701142408],[141.4681501717403,-14.75677625064192],[141.71129897545123,-15.226692594330885],[140.80094436119342,-17.561829007905104],[139.24831679771685,-17.431642926972486],[135.38805678795123,-14.896969236176588],[135.8308973641231,-13.484774030488111],[136.66369155357623,-12.624820150178053],[135.4445448250606,-12.17612496737776],[133.55918410728717,-11.951347745698072],[130.46349624107623,-12.758938230317213],[129.1964216561153,-14.992895520966627],[127.96256545494343,-14.703128255646803],[126.8534269661739,-13.783772863190748],[124.42450240562702,-15.657898343842604],[124.27727034996296,-16.5227836740428],[122.73833754966999,-16.58328477267561],[122.08547500084187,-17.398397840302565],[122.19645217369343,-18.243687070649244],[120.87214950035359,-19.676941312592604],[117.59692672203327,-20.75833360080061],[116.41879561851765,-20.83712235812483],[113.62543014000202,-22.56592980746565],[113.43258956383015,-24.874161161225416],[114.18252089927937,-26.0170406473094],[113.43298629234577,-26.572010434907057],[114.63039687584187,-28.90295831088362],[115.0582609505489,-30.80351296786604],[115.74726394127156,-32.20761147860823],[115.64668563316609,-33.36537591342268],[115.04692367027546,-34.42245522860823],[116.56097701500202,-35.18929711703596],[118.20707992027546,-35.090340055268385],[119.77148726890827,-34.12017098788557],[123.62303451011921,-33.915073789399244],[124.24838546226765,-33.1441272867137],[126.05894759605671,-32.43436471347151],[127.26507857750202,-32.38098565463362],[129.1853895516231,-31.798204816620924],[131.2801618904903,-31.634849942963697],[131.99254897545123,-32.06590691928206],[133.83703139732623,-32.34197274569807],[135.15310195396685,-34.05044213656721],[135.52807143638873,-35.054886258881666],[137.45717910240435,-33.31413308505354],[139.36791518638873,-35.614273465912916],[140.01201919029498,-37.64163247470198],[140.6521864266231,-38.16391030673323],[143.36480239341998,-38.96973077182112],[144.96982863853717,-38.0657581460887],[145.93387893150592,-38.881470121186354],[148.0369978279903,-38.09787026767073],[149.50414565513873,-37.928848661225416],[149.98484328697467,-37.34688226107893],[150.22150710533404,-35.694107450287916],[150.7619734139278,-35.253128446381666],[151.36449721763873,-33.52090112094221],[152.17618850181842,-32.87666741732893],[152.97185805748248,-31.418175138276197],[153.4934950203731,-28.840868390839674],[152.94622329185748,-27.340992368500807],[153.06907180259967,-26.227749265473463],[151.73014357994342,-24.15748826388655],[150.80247024009967,-23.599888242524244],[150.7544050545528,-22.811520017426588],[149.55675795982623,-22.432550824921705],[149.10148147056842,-21.06012383822737],[148.1904402108028,-20.171909726899244],[146.32175734947467,-19.082291044037916],[145.86948684166217,-17.194960035126783],[145.32554152916217,-16.4904293191844],[145.1843366951778,-15.047596372407057],[143.7431745858028,-14.465823568146803],[143.17309096763873,-12.12133923892317],[142.33755019615435,-10.91538277987776]]]},"properties":{"NAME":"Australian aboriginal hunter-gatherers","SUBJECTO":"Australian aboriginal hunter-gatherers","PARTOF":"Australian aboriginal hunter-gatherers"}},
{"type":"Feature","geometry":{"type":"Polygon","coordinates":[[[146.7127333016231,-43.721809781830885],[147.8153181404903,-42.96535149936018],[148.26952651451373,-41.09258309726057],[146.3822126717403,-41.30834618930159],[144.7761335701778,-40.84276238803206],[145.72265151451373,-43.24016610507307],[146.7127333016231,-43.721809781830885]]]},"properties":{"NAME":"Tasmanian hunter-gatherers","SUBJECTO":"Tasmanian hunter-gatherers","PARTOF":"Tasmanian hunter-gatherers"}},
{"type":"Feature","geometry":{"type":"Polygon","coordinates":[[[-81.17307476239817,50.03235532362845],[-69.22283781595095,48.67809440589142],[-67.31770798255657,49.42533453579607],[-66.37273880531048,50.31387671108904],[-64.88091258015237,50.33396529246969],[-62.74228639818014,54.64786502231671],[-65.64317158321862,55.262874161982396],[-71.0333844968322,55.19604828321671],[-74.19720512004018,52.927225836668605],[-78.57313248206829,52.48867758389177],[-78.49098679115032,52.25613745327654],[-78.55341812659954,52.01023443813982],[-78.70010086585735,51.56555517788591],[-78.74842545081829,51.32038458462419],[-78.82266708900188,51.16139944668474],[-79.11176010658001,51.52498587246599],[-79.5340470938847,51.41818197842302],[-79.49529739906048,51.140258394438646],[-79.33848282386516,50.84304770107927],[-81.74736496497844,52.170096956450365],[-81.71294876624798,52.329669557768725],[-82.34120651771282,52.98082312222185],[-82.16040512611126,53.802421175200365],[-82.39934250404094,54.27056463833513],[-82.33566757728313,54.65296515103044],[-87.46717545081829,55.91202887173357],[-90.20366379310344,57.07395132656755],[-90.44457718421673,57.144347749907396],[-92.71141469288669,56.83125797836517],[-102.14428729171048,57.21394132630312],[-111.28421353653351,58.55314202309659],[-122.49112572639841,54.243561521059334],[-115.03392686774305,52.03295961287972],[-114.46737387359948,51.99955012922175],[-105.19092937331824,51.45252059422696],[-98.92187739770243,50.2317206620755],[-95.56635546846715,49.996303801904524],[-87.78991594567441,49.93094833834401],[-85.03622021806746,49.0940751201903],[-83.76076930601978,49.01513137921545],[-83.27104039329372,50.231586831415726],[-81.2701833712973,49.73879659827082],[-81.17307476239817,50.03235532362845]]]},"properties":{"NAME":"Subarctic forest hunter-gatherers","SUBJECTO":"Subarctic forest hunter-gatherers","PARTOF":"Subarctic forest hunter-gatherers"}},
{"type":"Feature","geometry":{"type":"MultiPolygon","coordinates":[[[[-128.43214890052533,52.938537203032396],[-128.07719131995893,52.93924292202654],[-127.87297531654094,52.41333349819841],[-127.86647743746704,52.41254897736534],[-125.757913379286,53.13079169844382],[-122.49112572639841,54.243561521059334],[-111.28421353653351,58.55314202309659],[-118.19774749095093,62.712635573894396],[-124.93551363296793,64.83463268032534],[-132.43494029538678,62.496969371290604],[-138.75110884633855,62.42455409805741],[-128.7045383210282,60.73996921652957],[-130.86738331596834,55.73066635473199],[-130.69536301185346,55.4653812276906],[-130.69032761146283,54.97167547817888],[-130.06500717689252,55.10212286587419],[-129.8417100577519,54.97854956265154],[-130.17645737220502,54.172145448882006],[-128.81406113197065,53.76392706509294],[-128.43214890052533,52.938537203032396]]],[[[-132.10095688399454,56.349383913156],[-132.2791642813847,56.131557069975756],[-132.26401230384565,55.937152467924975],[-132.25558945228315,55.850036226469896],[-132.2640123037422,55.937152467683596],[-132.27916428128125,56.13155706973438],[-132.10095688399454,56.349383913156]]]]},"properties":{"NAME":"Athabaskan","SUBJECTO":"Athabaskan","PARTOF":"Athabaskan"}},
{"type":"Feature","geometry":{"type":"Polygon","coordinates":[[[-64.1940629085568,-14.694582386569342],[-64.66180129731615,-16.804676207468987],[-65.71878024503351,-18.084155408373633],[-65.49350658965456,-19.135432466808773],[-67.15357488124135,-25.22234953596037],[-68.26028707563256,-28.542486119133965],[-68.4096187266585,-30.483797582471198],[-67.48158657100439,-31.655864143664434],[-63.563252469813456,-30.036561103144948],[-57.352789764997816,-29.680878909474107],[-54.36473695419029,-30.592916632921295],[-53.544487162988226,-31.446480334683482],[-52.14021349238029,-31.740936200871825],[-52.04218765784954,-31.556572355073072],[-51.445416417615164,-31.015394605439283],[-51.23235413123821,-30.265360273163893],[-50.60855194617962,-30.302172101777174],[-51.11682220985149,-31.472069181244947],[-49.93631836463665,-29.627403653901197],[-49.54647919227337,-29.156509794037916],[-48.796904749948716,-28.475548314302703],[-49.83871578487881,-26.797313680361846],[-49.48718016007792,-24.553337158794967],[-48.46896037885509,-23.748769173313708],[-53.123378851919725,-14.275041705614404],[-60.26760598730509,-13.809999263181787],[-64.1940629085568,-14.694582386569342]]]},"properties":{"NAME":"Savanna hunter-gatherers","SUBJECTO":"Savanna hunter-gatherers","PARTOF":"Savanna hunter-gatherers"}},
{"type":"Feature","geometry":{"type":"MultiPolygon","coordinates":[[[[-70.49821945716594,-54.92306558017073],[-65.26215836097454,-54.81925240878401],[-66.98282333900188,-54.34066430453596],[-68.70525833656048,-53.23463097934065],[-68.30537888099407,-52.94305077914534],[-69.40672012855266,-52.56648675326643],[-70.33333298255657,-53.47274438266096],[-69.4406633048222,-53.411072171967604],[-70.04246231605266,-53.98573724154768],[-69.05546280433391,-54.60197869662581],[-70.49821945716594,-54.92306558017073]]],[[[-74.23627182533001,-43.36826363925276],[-73.69581314613079,-43.38647881869612],[-73.83051773597454,-42.56413308505354],[-73.45523544837688,-42.26160851840315],[-74.16859909583782,-42.34649316195784],[-74.23627182533001,-43.36826363925276]]],[[[-73.24332901527141,-52.57389108065901],[-73.08035751868938,-53.03203622226057],[-72.84486099769329,-52.64614907626448],[-73.24332901527141,-52.57389108065901]]],[[[-69.11474151787864,-51.35236245613261],[-71.16521035613252,-51.561440909776984],[-72.04404941813473,-48.76638855343405],[-72.1905225951351,-45.990119696472405],[-71.6339245225337,-43.19554606268768],[-70.57931764813105,-40.57909976037915],[-72.0684836753677,-40.547229038878235],[-72.72818067052704,-41.55336179549616],[-72.58717819740032,-41.61827508334456],[-72.60860153724407,-41.99678460482893],[-72.46592423011516,-42.03499261264143],[-72.52966019202923,-43.0627063882762],[-72.76007553626751,-44.369339383881666],[-72.58269974281048,-44.43984643344221],[-73.13770004798626,-45.344314969819166],[-73.04726120521282,-45.37648812655745],[-73.96972366859173,-46.71342507724104],[-73.99523636390423,-46.48629800204573],[-74.42934891273235,-46.53258553866682],[-74.04179855872844,-46.09079781894026],[-75.44431015540813,-46.62543145541487],[-75.02187058021282,-46.553223050873854],[-74.86196610023235,-46.819073118012525],[-73.97875687171673,-47.0317005289012],[-74.38108536292766,-47.42256585482893],[-74.29662796546673,-47.76078835849104],[-73.36047073890423,-47.97384683017073],[-73.96308609534954,-49.24083367709456],[-73.93245407630657,-49.99314156894026],[-73.93423172523235,-50.5060543191844],[-73.53017136146282,-50.432861722748854],[-74.20847794105266,-51.02063409213362],[-73.67884537269329,-51.2307857644969],[-73.77848526527141,-51.614231504242994],[-73.25848862220501,-51.705818570893385],[-73.1069230704472,-52.10275308017073],[-72.44915482093548,-52.16112939242659],[-72.21230789710735,-52.57189217929182],[-71.67799850990032,-52.64390984896956],[-72.75086685706829,-53.137833036225416],[-71.15202042152141,-52.96183053378401],[-71.44228836585735,-53.88161126498518],[-70.73358627845501,-52.80150643710432],[-69.4830217032597,-52.360935605805494],[-68.4558992057011,-52.420181669037916],[-69.07692429115032,-51.49934808139143],[-69.11474151787864,-51.35236245613261]]]]},"properties":{"NAME":"Patagonian shellfish and marine mammal hunters","SUBJECTO":"Patagonian shellfish and marine mammal hunters","PARTOF":"Patagonian shellfish and marine mammal hunters"}},
{"type":"Feature","geometry":{"type":"Polygon","coordinates":[[[-67.48158657100439,-31.655864143664434],[-68.4096187266585,-30.483797582471198],[-68.44473910803109,-30.9403625403149],[-69.36699927002375,-32.6004308319017],[-69.36699927002375,-34.44495115588703],[-70.28925943201642,-36.47392351227089],[-71.02706756161055,-37.21173164186502],[-73.14423080960157,-37.15579644589062],[-72.62884995022657,-35.645878233],[-71.61574265042188,-33.70565453915234],[-71.5198487905586,-32.181175626798826],[-71.61574265052532,-33.70565453891096],[-72.62884995033001,-35.64587823275862],[-73.43500992347454,-37.90178338412581],[-73.19384476234173,-39.565369046967604],[-73.75937363197063,-40.243389524262525],[-73.66562363197063,-41.47935906771956],[-73.46355148841594,-41.78677026156721],[-72.72818067052704,-41.55336179549616],[-72.0684836753677,-40.547229038878235],[-69.43682686752817,-37.15902614350158],[-67.64985410812366,-33.57694564055348],[-67.48158657100439,-31.655864143664434]]]},"properties":{"NAME":"Andean hunter-gatherers","SUBJECTO":"Andean hunter-gatherers","PARTOF":"Andean hunter-gatherers"}},
{"type":"Feature","geometry":{"type":"Polygon","coordinates":[[[-53.123378851919725,-14.275041705614404],[-46.280890913956334,-3.552810001275475],[-49.06606977620206,-4.743578120004467],[-54.16333633581491,-4.626791146196514],[-56.33113935542037,-4.334740468715777],[-58.44035310422569,-2.287649024474563],[-57.97163893782451,-0.589157846288572],[-55.80383591821904,0.875529465609527],[-55.8624251890192,1.695565793857857],[-58.55753164582598,3.977596077854006],[-62.65878060183632,4.152921580887431],[-66.40849393304576,3.041936481420927],[-70.15820726425522,-5.735421450211085],[-69.04501111905242,-8.235853806057],[-64.1940629085568,-14.694582386569342],[-60.26760598730509,-13.809999263181787],[-53.123378851919725,-14.275041705614404]]]},"properties":{"NAME":"Amazon hunter-gatherers","SUBJECTO":"Amazon hunter-gatherers","PARTOF":"Amazon hunter-gatherers"}},
{"type":"Feature","geometry":{"type":"MultiPolygon","coordinates":[[[[-50.4762849478886,-1.678760803979017],[-48.88569351722454,-1.421139515679457],[-48.55282684852337,-0.632448054593183],[-49.14270493079876,-0.195259444158651],[-50.50141235877727,-0.261749692004301],[-50.4762849478886,-1.678760803979017]]],[[[-70.68184887203134,8.55721593295672],[-65.96541257261946,8.180441590467876],[-63.06524366801216,8.32539786170036],[-61.28992935706829,8.770693384367846],[-61.12109467078899,9.165086351591967],[-62.296898808972585,9.721817575652025],[-62.92532440711712,10.368699632841967],[-62.20323273231243,10.618119798857592],[-64.06826111366009,10.626809679228685],[-64.8836564688847,10.135678850371264],[-66.4781160025761,10.678809725005053],[-68.30246445228313,10.725720964629076],[-68.69460007240032,11.379503809172533],[-69.7429093985722,11.656647287566088],[-69.77518936683391,11.78598555203142],[-69.78696152259563,11.872883402068041],[-69.8699845938847,12.012325845915697],[-70.19743057777141,11.751242243010424],[-69.86523911048626,11.757694803435228],[-69.79154678870891,11.69302614803972],[-71.45634933997844,10.884672723967455],[-71.49555679847454,10.646208368498705],[-71.38124558021282,10.407673441130541],[-71.08939072181438,9.918922983366869],[-70.68184887203134,8.55721593295672]]]]},"properties":{"NAME":"Caribbean hunter-gatherers","SUBJECTO":"Caribbean hunter-gatherers","PARTOF":"Caribbean hunter-gatherers"}},
{"type":"Feature","geometry":{"type":"Polygon","coordinates":[[[-69.11474151787864,-51.35236245613261],[-69.04092117835735,-50.56240121249495],[-67.83347031165813,-49.9682125223094],[-67.57759567786907,-49.058533109467604],[-65.78120132972454,-47.71157876376448],[-67.46862503577923,-46.26589242343245],[-66.69494339515423,-45.131103910248854],[-65.65723129798626,-44.94175759677229],[-65.62660690833782,-44.72252313021956],[-64.69799515296673,-43.20144311312971],[-65.08506485511516,-42.78441659335432],[-64.16540237952923,-42.6476673257762],[-64.00108429481243,-42.852947629731275],[-63.62366196204876,-42.56950417880354],[-64.11973663856243,-42.38424722079573],[-64.9920320182011,-42.19338647250471],[-64.92474838783001,-41.73123971347151],[-65.13462540199016,-41.24435464267073],[-62.25975128699993,-40.80290643100081],[-62.4657983451054,-40.36791268710432],[-62.10818192054485,-39.689834989350416],[-62.35104462196087,-39.33307305697737],[-57.80888458778118,-38.386490262787916],[-56.69811340858196,-36.944073118012525],[-57.371693578259695,-36.14943734530745],[-57.236832585828054,-35.58266106967268],[-58.522782292859304,-34.58706323031721],[-57.34773727943157,-34.508438504975416],[-56.33826157142376,-34.99545327548323],[-54.074337926404226,-34.647842801850416],[-52.35066696693157,-32.67519036654768],[-52.14021349238029,-31.740936200871825],[-53.544487162988226,-31.446480334683482],[-54.36473695419029,-30.592916632921295],[-57.352789764997816,-29.680878909474107],[-63.563252469813456,-30.036561103144948],[-67.48158657100439,-31.655864143664434],[-67.64985410812366,-33.57694564055348],[-69.43682686752817,-37.15902614350158],[-72.0684836753677,-40.547229038878235],[-70.57931764813105,-40.57909976037915],[-71.6339245225337,-43.19554606268768],[-72.1905225951351,-45.990119696472405],[-72.04404941813473,-48.76638855343405],[-71.16521035613252,-51.561440909776984],[-69.11474151787864,-51.35236245613261]]]},"properties":{"NAME":"Pampas cultures","SUBJECTO":"Pampas cultures","PARTOF":"Pampas cultures"}},
{"type":"Feature","geometry":{"type":"Polygon","coordinates":[[[-118.84228412095587,38.880148963177184],[-109.04855657130156,38.880148963177184],[-111.66773503433551,41.93525523128791],[-119.01799728215308,43.11329780515409],[-120.4573587365241,43.565132127127946],[-120.18036445114328,41.01431404923603],[-120.71064725694377,40.92244262579009],[-118.84228412095587,38.880148963177184]]]},"properties":{"NAME":"Desert hunter-gatherers","SUBJECTO":"Desert hunter-gatherers","PARTOF":"Desert hunter-gatherers"}},
{"type":"Feature","geometry":{"type":"MultiPolygon","coordinates":[[[[-132.17378708411908,54.84630926724138],[-132.68808456947065,55.64917715664568],[-132.62077805091596,55.75095327969255],[-133.26630112220502,55.83106192227068],[-133.01601120521283,55.371032320219896],[-132.17378708411908,54.84630926724138]]],[[[-122.5346345572636,48.69742926235857],[-122.34528824378704,48.07669409390154],[-123.18336197415235,47.48833426089649],[-122.66283127346875,47.46903570742969],[-122.3452882436836,48.07669409366016],[-122.4219552407345,48.39421205361684],[-120.99684123209875,48.53318300415619],[-120.46297020916187,43.61680772696322],[-120.30696123975633,44.29914221354117],[-120.48272905215676,48.962018954129185],[-125.757913379286,53.13079169844382],[-127.86647743746704,52.41254897736534],[-127.43061539222454,52.46078833218279],[-127.03732773353313,52.46355780239763],[-127.45502945472454,51.76947744961443],[-127.35296341468548,51.63696631069841],[-127.45511337806438,51.02064474697771],[-126.69128891517376,50.9890514242238],[-126.4252595572636,51.088824831206225],[-126.2281388907597,50.930404268462084],[-126.08587357093548,50.71250113125505],[-124.93922134925579,50.595809541899584],[-124.47060867835735,49.81253393765154],[-124.14968582679485,49.9313236105031],[-123.92052933265423,49.885795198637865],[-123.69860550452923,49.52535208340349],[-123.21204849769329,49.62469061489763],[-122.98425766517376,49.13523062344255],[-122.60556503822063,48.83472784634294],[-122.5346345572636,48.69742926235857]]],[[[-128.34309860755658,50.66847189541521],[-126.52219864417766,49.82167013760271],[-126.56312271644329,49.572249971587084],[-125.89224716712688,49.37682684536638],[-125.77978226234173,49.08870657559099],[-124.99902817298626,49.16885336514177],[-125.0977677970097,48.79537924404802],[-123.59341904212688,48.634723268706225],[-125.7185945182011,50.40942724819841],[-128.34309860755658,50.66847189541521]]]]},"properties":{"NAME":"North American Pacifi foraging, hunting and fishing peoples","SUBJECTO":"North American Pacifi foraging, hunting and fishing peoples","PARTOF":"North American Pacifi foraging, hunting and fishing peoples"}},
{"type":"Feature","geometry":{"type":"Polygon","coordinates":[[[-122.49112572639841,54.243561521059334],[-125.757913379286,53.13079169844382],[-120.48272905215676,48.962018954129185],[-120.30696123975633,44.29914221354117],[-120.46297020916187,43.61680772696322],[-120.4573587365241,43.565132127127946],[-119.01799728215308,43.11329780515409],[-111.66773503433551,41.93525523128791],[-114.12579317034083,47.95182480671353],[-114.46737387359948,51.99955012922175],[-115.03392686774305,52.03295961287972],[-122.49112572639841,54.243561521059334]],[[-117.85214491591846,46.34744769166525],[-116.62710114689403,46.86844331757219],[-114.47271382895454,46.36856913595878],[-114.20517553456989,45.53075184564897],[-116.39476525966526,44.67885359247681],[-117.3945136228921,44.79150129537561],[-117.85214491591846,46.34744769166525]]]},"properties":{"NAME":"Plateau fichers and hunter gatherers","SUBJECTO":"Plateau fichers and hunter gatherers","PARTOF":"Plateau fichers and hunter gatherers"}},
{"type":"Feature","geometry":{"type":"MultiPolygon","coordinates":[[[[-109.04855657130156,38.880148963177184],[-102.5682060899621,38.880148963177184],[-102.5682060899621,33.177819998503566],[-96.50975434859951,33.633347439243614],[-97.13856646772321,34.47135574600093],[-96.40620058272137,35.6463101014922],[-94.11755719209039,35.87563266465669],[-94.11755719209039,39.73169383481236],[-94.23473573369067,46.72103383947717],[-95.56635546846715,49.996303801904524],[-98.92187739770243,50.2317206620755],[-105.19092937331824,51.45252059422696],[-114.46737387359948,51.99955012922175],[-114.12579317034083,47.95182480671353],[-111.66773503433551,41.93525523128791],[-109.04855657130156,38.880148963177184]],[[-105.97704280676489,43.31207640819602],[-107.17977460389922,43.95803248553062],[-110.27913260322268,44.74806491673072],[-111.54866886905845,45.506684013536],[-110.16240253571502,46.79249626475309],[-107.81177701395879,47.194312593258424],[-106.28487496563851,47.91758198456803],[-104.5369739366403,47.134040143982624],[-104.55259587352057,45.07168732573311],[-103.21955729962883,45.19356513820321],[-102.22930007330926,44.16522109548673],[-102.95294958485049,42.98452978718262],[-104.16411034627212,41.971420471024906],[-105.97704280676489,43.31207640819602]]],[[[-96.77357956458782,28.622674547392748],[-95.37649035740624,28.96021683323069],[-97.75182432504585,28.693487274932362],[-96.60265928396231,28.383607986771057],[-96.57712265540813,28.425990663725756],[-96.77357956458782,28.622674547392748]]],[[[-101.0827182559606,31.326254735445843],[-101.07039699486937,31.582436667132185],[-101.07039699486937,31.5824366671322],[-101.0827182559606,31.326254735445847],[-101.0827182559606,31.326254735445843]]]]},"properties":{"NAME":"Plain bison hunters","SUBJECTO":"Plain bison hunters","PARTOF":"Plain bison hunters"}},
{"type":"Feature","geometry":{"type":"Polygon","coordinates":[[[-84.78501212736853,46.4709773951855],[-87.76048219999998,46.8639025],[-90.27661125,46.624989925],[-91.15034487499999,47.3676057],[-89.5166857,48.003690725],[-88.09495135,49.0046085],[-86.38397137499999,48.7253306],[-85.026610175,47.939546825],[-84.61079884438561,46.903712102945775],[-83.76076930601978,49.01513137921545],[-85.03622021806746,49.0940751201903],[-87.78991594567441,49.93094833834401],[-95.56635546846715,49.996303801904524],[-94.23473573369067,46.72103383947717],[-94.11755719209039,39.73169383481236],[-94.11755719209039,35.87563266465669],[-96.40620058272137,35.6463101014922],[-97.13856646772321,34.47135574600093],[-96.50975434859951,33.633347439243614],[-95.25179459000181,33.72793186672626],[-95.40685511258685,35.29629703408726],[-86.00400266559895,35.22894593685218],[-86.13125462176183,35.42073539379995],[-80.26101278563881,38.77447889044434],[-82.46791966868601,41.40946956922857],[-82.5226474333687,41.94499485358417],[-85.50469497228339,44.683331010007926],[-85.2508368295087,45.313898480784246],[-86.0017717,44.917198575],[-86.513782,43.68081785],[-86.2300562,42.61661005],[-87.224453225,41.634622675],[-87.9083685,43.19183065],[-86.7200657,45.86716155],[-84.98283930133326,45.97958728504639],[-84.78501212736853,46.4709773951855]]]},"properties":{"NAME":null,"SUBJECTO":null,"PARTOF":null}},
{"type":"Feature","geometry":{"type":"Polygon","coordinates":[[[-103.00374589778191,33.14507230281062],[-103.00374589778191,33.14507230281061],[-99.43706380291346,33.41324668728518],[-102.5682060899621,33.177819998503566],[-102.5682060899621,38.880148963177184],[-109.04855657130156,38.880148963177184],[-118.84228412095587,38.880148963177184],[-115.77045380486392,35.52235439619138],[-109.72512690151343,36.41082638585194],[-103.38363431941367,37.3428253698462],[-103.00374589778191,33.14507230281062]]]},"properties":{"NAME":null,"SUBJECTO":null,"PARTOF":null}},
{"type":"Feature","geometry":{"type":"Polygon","coordinates":[[[-120.18036445114328,41.01431404923603],[-120.4573587365241,43.565132127127946],[-120.46297020916187,43.61680772696322],[-120.99684123209875,48.53318300415619],[-120.18036445114328,41.01431404923603]]]},"properties":{"NAME":null,"SUBJECTO":null,"PARTOF":null}},
{"type":"Feature","geometry":{"type":"Polygon","coordinates":[[[-122.98425766517376,49.13523062344255],[-122.5346345572636,48.69742926235857],[-122.60556503822063,48.83472784634294],[-122.98425766517376,49.13523062344255]]]},"properties":{"NAME":null,"SUBJECTO":null,"PARTOF":null}},
{"type":"Feature","geometry":{"type":"Polygon","coordinates":[[[-123.69860550452923,49.52535208340349],[-123.53099533596875,49.512569032625],[-123.21204849769329,49.62469061489763],[-123.69860550452923,49.52535208340349]]]},"properties":{"NAME":null,"SUBJECTO":null,"PARTOF":null}},
{"type":"Feature","geometry":{"type":"Polygon","coordinates":[[[-124.47060867835735,49.81253393765154],[-123.92052933265423,49.885795198637865],[-124.14968582679485,49.9313236105031],[-124.47060867835735,49.81253393765154]]]},"properties":{"NAME":null,"SUBJECTO":null,"PARTOF":null}},
{"type":"Feature","geometry":{"type":"Polygon","coordinates":[[[-126.08587357093548,50.71250113125505],[-125.41228958645704,50.54865988345508],[-124.93922134925579,50.595809541899584],[-126.08587357093548,50.71250113125505]]]},"properties":{"NAME":null,"SUBJECTO":null,"PARTOF":null}},
{"type":"Feature","geometry":{"type":"Polygon","coordinates":[[[-127.45511337806438,51.02064474697771],[-126.2281388907597,50.930404268462084],[-126.4252595572636,51.088824831206225],[-126.69128891517376,50.9890514242238],[-127.45511337806438,51.02064474697771]]]},"properties":{"NAME":null,"SUBJECTO":null,"PARTOF":null}},
{"type":"Feature","geometry":{"type":"Polygon","coordinates":[[[-127.45502945472454,51.76947744961443],[-128.0128602649101,51.80822714441354],[-128.01286026516797,51.80822714419727],[-127.4550294546211,51.76947744937305],[-127.35296341468548,51.63696631069841],[-127.45502945472454,51.76947744961443]]]},"properties":{"NAME":null,"SUBJECTO":null,"PARTOF":null}},
{"type":"Feature","geometry":{"type":"Polygon","coordinates":[[[-127.87297531654094,52.41333349819841],[-127.71019455471875,52.393680177644534],[-127.4306153921211,52.46078833194141],[-127.03732773353313,52.46355780239763],[-127.43061539222454,52.46078833218279],[-127.86647743746704,52.41254897736534],[-127.87297531654094,52.41333349819841]]]},"properties":{"NAME":null,"SUBJECTO":null,"PARTOF":null}},
{"type":"Feature","geometry":{"type":"Polygon","coordinates":[[[-144.1738196486161,63.3338212565769],[-138.75110884633852,62.42455409805741],[-132.43494029538678,62.496969371290604],[-124.93551363296793,64.83463268032534],[-118.19774749095093,62.712635573894396],[-111.28421353653351,58.55314202309659],[-102.14428729171048,57.21394132630312],[-92.71141469288669,56.83125797836517],[-93.07417770901563,58.55101355166797],[-94.68383499661329,58.87849386783008],[-94.37603470364454,60.79513510318164],[-92.89387332847357,62.12595365067066],[-98.73431339043634,65.62893813521374],[-128.3674944405715,66.87659139169848],[-143.60797110440964,68.64958656363149],[-150.41518860143032,61.30900921344329],[-150.13764073862706,61.24437798072107],[-144.1738196486161,63.3338212565769]]]},"properties":{"NAME":null,"SUBJECTO":null,"PARTOF":null}},
{"type":"Feature","geometry":{"type":"Polygon","coordinates":[[[-90.20366379310344,57.07395132656755],[-90,57.073951326326174],[-90,57.17785605044727],[-90.44457718421673,57.144347749907396],[-90.20366379310344,57.07395132656755]]]},"properties":{"NAME":null,"SUBJECTO":null,"PARTOF":null}},
{"type":"Feature","geometry":{"type":"Polygon","coordinates":[[[-82.33566757728313,54.65296515103044],[-82.39934250404094,54.27056463833513],[-82.39934250393092,54.27056463813324],[-82.33566757717969,54.652965150789065],[-82.20208450833204,54.96887167544727],[-82.20208450850268,54.968871675529726],[-82.33566757728313,54.65296515103044]]]},"properties":{"NAME":null,"SUBJECTO":null,"PARTOF":null}},
{"type":"Feature","geometry":{"type":"Polygon","coordinates":[[[-82.34120651771282,52.98082312222185],[-82.21217056790235,53.34127768130664],[-82.16040512611126,53.802421175200365],[-82.34120651771282,52.98082312222185]]]},"properties":{"NAME":null,"SUBJECTO":null,"PARTOF":null}},
{"type":"Feature","geometry":{"type":"Polygon","coordinates":[[[-81.71294876624798,52.329669557768725],[-81.74736496497844,52.170096956450365],[-81.74736496482686,52.17009695643221],[-81.71294876614454,52.329669557527346],[-81.73378464260938,52.54909857364063],[-81.73378464270168,52.54909857376471],[-81.71294876624798,52.329669557768725]]]},"properties":{"NAME":null,"SUBJECTO":null,"PARTOF":null}},
{"type":"Feature","geometry":{"type":"Polygon","coordinates":[[[-79.33848282386516,50.84304770107927],[-79.49529739906048,51.140258394438646],[-79.59434982812719,51.265792451887904],[-79.59434982815625,51.265792451814455],[-79.49529739895704,51.14025839419727],[-79.33848282390191,50.8430477011036],[-79.33848282386516,50.84304770107927]]]},"properties":{"NAME":null,"SUBJECTO":null,"PARTOF":null}},
{"type":"Feature","geometry":{"type":"Polygon","coordinates":[[[-78.70010086585735,51.56555517788591],[-78.79678055324693,51.77088507267093],[-78.79678055325391,51.770885072664065],[-78.70010086586036,51.56555517787062],[-78.70010086585735,51.56555517788591]]]},"properties":{"NAME":null,"SUBJECTO":null,"PARTOF":null}},
{"type":"Feature","geometry":{"type":"Polygon","coordinates":[[[-78.57313248206829,52.48867758389177],[-78.72467514560475,52.69467886557873],[-78.72467514553907,52.694678865388674],[-78.5731324819998,52.48867758369792],[-78.57313248206829,52.48867758389177]]]},"properties":{"NAME":null,"SUBJECTO":null,"PARTOF":null}},
{"type":"Feature","geometry":{"type":"Polygon","coordinates":[[[-79.5451173452461,54.69186361880664],[-78.74176950874033,52.744138830377246],[-74.19720512004018,52.927225836668605],[-71.0333844968322,55.19604828321671],[-65.64317158321862,55.262874161982396],[-62.74228639818014,54.64786502231671],[-62.27666738519987,55.58708186686823],[-62.365707654341946,55.58607597097469],[-64.59723094346496,58.15038074970358],[-68.21383765342296,57.03704553219471],[-74.52366212611562,60.12343617193946],[-75.37010199440368,54.66213683183806],[-79.5451173452461,54.69186361880664]]]},"properties":{"NAME":null,"SUBJECTO":null,"PARTOF":null}},
{"type":"Feature","geometry":{"type":"Polygon","coordinates":[[[-128.43214890052533,52.938537203032396],[-128.88876816307075,53.418319307367085],[-128.8887681631172,53.418319307283205],[-128.43214890042188,52.93853720279102],[-128.0771913199493,52.939242921784974],[-128.07719131995893,52.93924292202654],[-128.43214890052533,52.938537203032396]]]},"properties":{"NAME":null,"SUBJECTO":null,"PARTOF":null}},
{"type":"Feature","geometry":{"type":"Polygon","coordinates":[[[-130.17645737220502,54.172145448882006],[-129.43387314358594,53.517535768464846],[-128.81406113197065,53.76392706509294],[-130.17645737220502,54.172145448882006]]]},"properties":{"NAME":null,"SUBJECTO":null,"PARTOF":null}},
{"type":"Feature","geometry":{"type":"Polygon","coordinates":[[[-130.69032761146283,54.97167547817888],[-129.8417100577519,54.97854956265154],[-130.06500717689252,55.10212286587419],[-130.69032761146283,54.97167547817888]]]},"properties":{"NAME":null,"SUBJECTO":null,"PARTOF":null}},
{"type":"Feature","geometry":{"type":"Polygon","coordinates":[[[-130.86738331596834,55.73066635473199],[-130.86738331598954,55.730666354682874],[-130.69536301186562,55.46538122762754],[-130.69536301185346,55.4653812276906],[-130.86738331596834,55.73066635473199]]]},"properties":{"NAME":null,"SUBJECTO":null,"PARTOF":null}},
{"type":"Feature","geometry":{"type":"Polygon","coordinates":[[[35.03266814659382,-21.188030637543775],[34.67331984947468,-20.51510850314436],[34.719489671813776,-20.042782596759878],[33.470967024050125,-20.023292969069587],[33.395286385371406,-20.583364541170305],[33.395286385371406,-20.761010594130624],[33.360227850335804,-20.842813842547024],[33.057691187353086,-23.081724446541298],[31.371701094716496,-25.282845205385485],[30.4134938360449,-25.87251121072185],[29.381578326706258,-25.87251121072185],[28.644495820035804,-24.914303952050254],[28.091683940032954,-22.776764682705927],[28.01797568936591,-21.22889141869797],[28.14071896835091,-19.940086989355457],[12.905971244193594,-19.70227026922537],[12.52433207939411,-19.062439359467604],[14.53272059868122,-22.49620095614729],[14.396092447741278,-23.074791349213697],[15.153246912462958,-26.33334580783186],[15.291948351366766,-27.15286485080061],[15.659789118273505,-27.889295972626783],[16.788300547106513,-29.138924039643385],[18.178561243517645,-31.805298246186354],[17.927741083605536,-33.09596673373518],[18.073050531847723,-33.22279015902815],[18.45907500694538,-33.832127012055494],[18.346327814562567,-34.34715691928206],[18.72423842857624,-34.21926537875471],[18.840062174303778,-34.435120023530104],[19.279349359972723,-34.504131711762525],[19.883807215197333,-34.99228707675276],[22.681775125963934,-34.10311547641096],[24.429938349230536,-34.33470193270979],[26.658656153185614,-33.84707299594221],[28.921853098376044,-32.29790917758284],[30.391005548937567,-30.81392899874983],[31.563080820544013,-29.209801114838697],[32.234744104845774,-28.74441758517561],[32.91596892784382,-26.518461622040846],[32.499712976916086,-26.06808701876936],[33.347266230089915,-25.303612149994947],[34.58479979942585,-24.875175870698072],[35.500865015490305,-24.085165418427565],[35.29743102501179,-23.825008786957838],[35.53088286827351,-22.45806733493147],[35.260760340197336,-22.274328626435377],[34.99418929527546,-21.270725644867994],[35.03266814659382,-21.188030637543775]]]},"properties":{"NAME":"Khoiasan","SUBJECTO":"Khoiasan","PARTOF":"Khoiasan"}},
{"type":"Feature","geometry":{"type":"MultiPolygon","coordinates":[[[[43.49670832934207,9.728573861702625],[42.46479282010688,9.50744910946011],[42.169959817438695,7.148785088114647],[38.31870824188588,6.496079369539378],[35.57782178476831,5.527006069275479],[33.02152049134584,6.864538013373648],[32.34880962465572,9.527647378549165],[30.599761371261398,11.115971520296771],[24.074465964367207,11.181973046384048],[23.19994183767005,11.775300538947805],[20.673287450301128,11.956221643123333],[18.627952846500676,10.169490738236744],[15.657358111202049,11.30618068591897],[14.712640872177422,12.506980996133255],[12.354972422515246,11.202738875043536],[10.726510310751465,11.291084884230614],[9.848891899939133,10.907905872133977],[7.18337508206762,11.049155160089907],[4.666112064525134,11.512806771050965],[3.557502629230058,12.17797243222801],[3.393978003952887,13.123057242245908],[1.931542124130615,12.325787023600682],[1.601718991767224,12.48459075399787],[-1.172564294695594,10.84764110987392],[-3.477042960220825,10.289372012683884],[-6.829072900729209,10.112949384236067],[-15.098965611951105,11.81267889614763],[-15.341422048108331,11.221154772002123],[-15.029396024243585,11.15828665371599],[-14.966219869153253,10.847027384001635],[-14.574861493603937,10.784330927092455],[-14.466443028943292,10.333368860442064],[-13.680051770703546,9.91564520474138],[-13.281672444836847,9.27468355770769],[-13.141406980054132,9.0271488058156],[-13.14486786414837,8.722107492644213],[-12.927251782910577,8.627264581877611],[-12.91199776221966,8.557393633086107],[-12.990156140820734,8.455546938139818],[-13.212491002576105,8.347035967070482],[-13.044136968152277,8.13769110317888],[-12.27409264137005,7.630976759154223],[-12.046761479871027,7.262896143156908],[-9.93726345588421,5.863056265074633],[-9.247899022595636,5.17188414211931],[-7.528605428235284,4.336791597563646],[-4.999971356885187,5.238270841795824],[-3.941593613866756,5.265976034327322],[-3.492301470796146,5.895744826774865],[-1.797011705454096,6.264286080110096],[-0.396554942780224,6.116869578776002],[0.536134215945515,5.720493398813595],[1.557863506777533,6.237427316862963],[3.949497255785712,6.579388700682543],[4.823392395846381,7.929541061012704],[4.247064849243658,7.664742842783964],[2.625483334568652,7.812159344118056],[1.96210907856524,8.401825349454423],[2.330650331900469,9.581157360127156],[4.320773099910705,9.802282112128292],[5.33762415368887,8.724019928991726],[6.878752839859935,8.642907892918181],[7.365425056537486,7.912899567815642],[7.36542505664093,6.939555134305373],[6.763964026187234,5.826528050484133],[12.604745687300603,7.731968465838291],[22.224511080969368,6.196195772852339],[33.92968016137751,2.843586349070006],[34.405956738036096,2.490461302647428],[43.41489377502695,2.514787056134711],[44.281409389217814,3.357797510020823],[46.449290647584505,4.080424596143054],[47.63646532348032,4.096041917326511],[49.04607299278523,6.41633804913225],[50.77938369224812,9.36842020626726],[51.18070510338093,11.777448259550951],[50.69729140709187,11.94795950527849],[49.3035002083614,11.246025644499682],[47.39071181724812,11.159307085234545],[44.28083709190632,10.396465860564135],[43.49670832934207,9.728573861702625]]],[[[5.359488992633966,5.368345627897537],[5.359488992633969,5.368345627897538],[5.448192152474972,5.476928793140104],[5.359488992633966,5.368345627897537]]],[[[-16.47089096595501,13.722545229155443],[-16.57060143043255,12.311540209013842],[-16.27898880531048,12.210499368864916],[-16.086015668408624,11.969427667815111],[-16.08601566840862,11.969427667815111],[-16.278988805310476,12.210499368864916],[-16.570601430432546,12.311540209013842],[-16.470890965955007,13.722545229155443],[-16.640429463879812,13.842927538115404],[-16.696700063245046,14.077932916838549],[-16.69670006324505,14.077932916838549],[-16.640429463879816,13.842927538115404],[-16.47089096595501,13.722545229155443]]]]},"properties":{"NAME":"West African cereal farmers","SUBJECTO":"West African cereal farmers","PARTOF":"West African cereal farmers"}},
{"type":"Feature","geometry":{"type":"MultiPolygon","coordinates":[[[[140.5168257088353,43.057002626480426],[140.49982741783407,42.896407686430834],[140.51682570895312,43.057002626375],[140.5168257088353,43.057002626480426]]],[[[140.89655593345907,43.134826265532396],[140.59891799400594,43.326991640288256],[140.498240503875,43.320357881501955],[140.59891799410937,43.32699164004688],[140.8965559335625,43.13482626529102],[141.3036451668575,43.187030397612475],[140.89655593345907,43.134826265532396]]],[[[141.74572280357592,44.6285663472757],[141.74268630455282,44.24878653164568],[141.74572280367968,44.62856634707813],[141.74572280357592,44.6285663472757]]],[[[143.50817397545126,44.155761324126146],[143.02050307701376,44.463683687407396],[143.02050307711718,44.46368368716602],[143.50817397555468,44.15576132388477],[145.13999465426562,44.17828329654102],[143.50817397545126,44.155761324126146]]],[[[143.13886550377157,52.856246553618334],[141.8409986824825,52.960021578032396],[142.0165815682247,51.4305911886281],[142.11239150474813,51.21959265347185],[141.88917067955282,48.453971468169115],[141.9775190682247,48.284747682768725],[141.90938857506063,47.07343252773943],[141.89834121177938,45.91478308315935],[143.30341628502157,46.01119955654802],[142.61463454674032,47.45959814663591],[142.85399917076376,49.12769659634294],[143.97294143150594,49.05807837124529],[143.07418349693563,51.2676273214406],[143.13886550377157,52.856246553618334]]]]},"properties":{"NAME":"Ainus","SUBJECTO":"Ainus","PARTOF":"Ainus"}},
{"type":"Feature","geometry":{"type":"Polygon","coordinates":[[[32.09354664006856,46.92695177475523],[32.20216659030078,46.170360170320315],[33.63883880099414,45.92677267642383],[33.39549544772265,44.60049017520313],[35.386660608855465,45.08192404361133],[35.33576601751995,46.34010543631374],[37.42214492282031,47.076881013826174],[37.97017196139453,46.44128378482227],[37.47389129122851,44.692359529451174],[41.12255385836718,43.019088350251955],[41.30960614170756,43.55716533432493],[42.524167467140586,47.0509879345626],[44.364277194929954,49.42860289444802],[43.67309502787673,50.86033738334398],[42.586951622507385,50.909707538133496],[40.02647141522063,49.080365976747565],[38.13611358684011,49.04904202943989],[36.07009119029129,47.89812809597303],[32.09354664006856,46.92695177475523]]]},"properties":{"NAME":"Crimean Khanate","SUBJECTO":"Ottoman Empire","PARTOF":"Ottoman Empire"}},
{"type":"Feature","geometry":{"type":"Polygon","coordinates":[[[-1.75196905427781,48.17821145459153],[-3.091225352677125,48.87155111880664],[-4.350201573761719,48.390506349519534],[-2.576483931931275,47.324866853669924],[-1.75196905427781,48.17821145459153]]]},"properties":{"NAME":"Britany","SUBJECTO":"Britany","PARTOF":"Britany"}},
{"type":"Feature","geometry":{"type":"Polygon","coordinates":[[[-5.902631218621245,17.79492690438972],[-3.639717972130239,19.015813445509007],[-1.575886953452958,19.384354698844234],[-0.396554942780224,18.94210519484196],[1.192469167267234,17.055853947526334],[3.409688037857382,14.099562120072807],[3.393978003952887,13.123057242245908],[3.557502629230058,12.17797243222801],[3.779224516289073,13.656118345954777],[8.301018635931172,14.519610154819215],[10.070016651940268,14.224777152151031],[10.807099158610729,14.593318405486265],[11.765306417282318,16.214899920161265],[11.986431169283456,20.342561957515834],[13.313265659826719,20.972940618902264],[15.008469446632336,15.035567909488538],[15.819260203969836,14.29848540281808],[15.819260203969836,13.11915339214535],[14.712640872341106,12.5069809959252],[15.657358111202049,11.30618068591897],[18.627952846500676,10.169490738236744],[20.673287450301128,11.956221643123333],[23.19994183767005,11.775300538947805],[24.074465964367207,11.181973046384048],[30.599761371261398,11.115971520296771],[32.34880962465572,9.527647378549165],[33.02152049134584,6.864538013373648],[35.57782178476831,5.527006069275479],[38.31870824188588,6.496079369539378],[35.97846676140685,7.443618090782829],[35.462509006737534,9.581157360127158],[35.609925508071626,12.234654384140804],[36.420716265409126,14.88815140815445],[38.85308853742163,15.625233914824907],[41.13804430810005,13.85623589881581],[41.432877310768234,12.750612138810123],[40.69579480409777,11.276447125469208],[41.50658556143529,10.760489370799888],[41.654002062769365,11.350155376136255],[42.80995849093554,11.778485856965823],[43.33047774752734,12.434074006990237],[42.354964289281355,13.27069624519603],[42.354964289281355,13.270696245196033],[40.739138636199215,14.919243417695803],[39.51792815646289,15.463048540071291],[38.527468714324215,18.161315523103518],[37.43050059376394,17.70246643362347],[36.45019833851943,18.070079779340162],[35.96004721089719,19.417995380301335],[37.165026901801795,20.764269181727983],[36.660429987517574,22.16653784366016],[35.74630263766406,22.91434057803516],[35.18986419161914,24.399919115022463],[32.5141789800557,23.73314148819994],[30.81888921471365,23.659433237532895],[29.34472420137273,24.02797449086812],[27.428309684029546,27.197429269551087],[25.43818691601931,28.00822002688859],[21.679066131999978,28.081928277555637],[17.001952545408127,28.75095138312349],[12.532702649586438,30.804904526735157],[7.892289991797107,32.59260448506384],[6.502893292241122,32.73261356616335],[2.453117778158791,32.66867682371612],[-1.80221161966863,32.42724029323339],[-4.887862901786627,32.40242363843313],[-8.314414945038575,33.33848150821094],[-9.218686070832032,32.580360017732424],[-9.813266721161622,31.289060197786135],[-9.662592854889649,29.954816423372073],[-11.57645889798047,28.228616319612307],[-12.866208997162598,27.857324205354494],[-13.628725018891114,26.591056428865237],[-14.36725422421338,26.119227968171877],[-14.820046391876954,24.73287733645801],[-15.714025464447754,23.873057924226565],[-16.806021657379883,21.989650331453127],[-17.051907506378907,21.004098497346682],[-16.347281423004883,20.52261694522266],[-16.471602406891602,19.365741334871096],[-16.05569073239209,18.673932634309573],[-12.042458548173453,18.426147440172638],[-9.094128521491623,18.647272192173777],[-7.104005753481388,18.426147440172638],[-5.902631218621245,17.79492690438972]],[[32.145637726720466,16.28860817082832],[31.629679972051154,17.394231930834003],[33.03013673472502,18.278730938838553],[34.20946874539776,17.24681542949991],[33.69351099072843,16.43602467216241],[34.20946874539776,15.698942165491951],[34.57800999873298,12.750612138810123],[33.61980274006139,10.981614122801025],[32.36676247872161,10.981614122801025],[31.777096473385242,12.382070885474892],[31.850804724052285,14.88815140815445],[32.145637726720466,16.28860817082832]]]},"properties":{"NAME":null,"SUBJECTO":null,"PARTOF":null}},
{"type":"Feature","geometry":{"type":"Polygon","coordinates":[[[47.63646532348032,4.096041917326511],[46.449290647584505,4.080424596143054],[44.281409389217814,3.357797510020823],[43.41489377502695,2.514787056134711],[39.41664348918111,-1.375006425969531],[39.41664348928457,-1.375006426210909],[42.78556262127668,1.320128879382771],[44.300696405974605,1.290809474901003],[45.541262659636715,1.967072092012209],[47.63646532348032,4.096041917326511]]]},"properties":{"NAME":null,"SUBJECTO":null,"PARTOF":null}},
{"type":"Feature","geometry":{"type":"Polygon","coordinates":[[[40.40044311007617,-11.230388082548338],[40.40044310980092,-11.23038808252791],[40.311343225939524,-11.344973005097486],[40.36584380577351,-12.990858472626783],[40.40044311007617,-11.230388082548338]]]},"properties":{"NAME":null,"SUBJECTO":null,"PARTOF":null}},
{"type":"Feature","geometry":{"type":"Polygon","coordinates":[[[40.61833480308796,-14.483810819428541],[40.60333159874226,-13.530550397675611],[40.59920791099812,-14.401239789765455],[40.61833480308796,-14.483810819428541]]]},"properties":{"NAME":null,"SUBJECTO":null,"PARTOF":null}},
{"type":"Feature","geometry":{"type":"Polygon","coordinates":[[[40.527442011339915,-15.183100141327955],[40.78103927096484,-14.921983160062986],[40.85543731163288,-14.699382222931959],[40.527442011339915,-15.183100141327955]]]},"properties":{"NAME":null,"SUBJECTO":null,"PARTOF":null}},
{"type":"Feature","geometry":{"type":"Polygon","coordinates":[[[34.67331984947468,-20.51510850314436],[34.710295710173824,-20.292583860441404],[34.72620299777148,-19.860380567594724],[34.84678939303515,-19.802927412077146],[35.91478255709765,-19.031639493986326],[37.2753172250664,-17.71316186337109],[39.79506209811328,-16.423971571012693],[40.57406905601765,-15.481702245514967],[39.795062098009836,-16.423971570771315],[37.27531722496296,-17.713161863129713],[35.91478255699421,-19.031639493744947],[34.84678939293171,-19.802927411835768],[34.72620299766804,-19.860380567353346],[34.719489671813776,-20.042782596759878],[34.67331984947468,-20.51510850314436]]]},"properties":{"NAME":null,"SUBJECTO":null,"PARTOF":null}},
{"type":"Feature","geometry":{"type":"Polygon","coordinates":[[[33.400642777606656,-20.543724772368655],[33.470967024050125,-20.023292969069587],[33.65665686539491,-18.64910264535137],[33.400642777606656,-20.543724772368655]]]},"properties":{"NAME":null,"SUBJECTO":null,"PARTOF":null}},
{"type":"Feature","geometry":{"type":"Polygon","coordinates":[[[28.01797568936591,-21.22889141869797],[28.1653921907,-19.681018154690005],[28.14071896835091,-19.940086989355457],[28.01797568936591,-21.22889141869797]]]},"properties":{"NAME":null,"SUBJECTO":null,"PARTOF":null}},
{"type":"Feature","geometry":{"type":"Polygon","coordinates":[[[14.53272059868122,-22.49620095614729],[12.52433207939411,-19.062439359467604],[12.079512629015692,-18.49144021395979],[14.53272059868122,-22.49620095614729]]]},"properties":{"NAME":null,"SUBJECTO":null,"PARTOF":null}},
{"type":"Feature","geometry":{"type":"Polygon","coordinates":[[[13.418027910692938,-9.985778249543287],[13.203851732760935,-9.636731542465768],[13.20385173281787,-9.636731542631345],[13.418027910796386,-9.985778249784666],[13.639446291505656,-10.303040899280628],[13.639446291430243,-10.30304089907942],[13.418027910692938,-9.985778249543287]]]},"properties":{"NAME":null,"SUBJECTO":null,"PARTOF":null}},
{"type":"Feature","geometry":{"type":"Polygon","coordinates":[[[12.37169078311084,-6.257806695982175],[12.371690783152545,-6.257806695952786],[12.371690783007391,-6.257806695740797],[12.339376482542207,-6.18981782336405],[12.33937648257373,-6.189817823454099],[12.37169078311084,-6.257806695982175]]]},"properties":{"NAME":null,"SUBJECTO":null,"PARTOF":null}},
{"type":"Feature","geometry":{"type":"Polygon","coordinates":[[[10.524656328661688,-3.23696366671858],[12.226512941820868,-5.362102903168775],[11.772603067858466,-4.536981023591139],[10.524656328661688,-3.23696366671858]]]},"properties":{"NAME":null,"SUBJECTO":null,"PARTOF":null}},
{"type":"Feature","geometry":{"type":"Polygon","coordinates":[[[9.656445536120184,-2.419099487107374],[10.060082468493231,-2.570729650300123],[9.893924746020087,-2.443995393555738],[9.656445536120184,-2.419099487107374]]]},"properties":{"NAME":null,"SUBJECTO":null,"PARTOF":null}},
{"type":"Feature","geometry":{"type":"Polygon","coordinates":[[[8.981377634508856,-1.098785198968031],[9.111855539885742,-1.352692641302305],[9.465267214281806,-1.593399680893995],[8.981377634508856,-1.098785198968031]]]},"properties":{"NAME":null,"SUBJECTO":null,"PARTOF":null}},
{"type":"Feature","geometry":{"type":"Polygon","coordinates":[[[9.602188143236884,0.332348339516543],[9.350058588748313,0.535152576911577],[9.350058588591796,0.535152576879305],[9.602188143340332,0.332348339275164],[9.85422900634045,0.174033097961577],[9.854229006273993,0.17403309817972],[9.602188143236884,0.332348339516543]]]},"properties":{"NAME":null,"SUBJECTO":null,"PARTOF":null}},
{"type":"Feature","geometry":{"type":"Polygon","coordinates":[[[9.557406458361395,1.126579128462694],[9.370391878808439,1.170653425362142],[9.370391878691894,1.17065342517261],[9.557406458464843,1.126579128221316],[9.622189554707527,1.088586412427262],[9.622189554674872,1.088586412627123],[9.557406458361395,1.126579128462694]]]},"properties":{"NAME":null,"SUBJECTO":null,"PARTOF":null}},
{"type":"Feature","geometry":{"type":"Polygon","coordinates":[[[35.260760340197336,-22.274328626435377],[35.03266814659382,-21.188030637543775],[34.99418929527546,-21.270725644867994],[35.260760340197336,-22.274328626435377]]]},"properties":{"NAME":null,"SUBJECTO":null,"PARTOF":null}},
{"type":"Feature","geometry":{"type":"Polygon","coordinates":[[[35.29743102501179,-23.825008786957838],[35.42541411837695,-23.456112302824216],[35.53088286827351,-22.45806733493147],[35.29743102501179,-23.825008786957838]]]},"properties":{"NAME":null,"SUBJECTO":null,"PARTOF":null}},
{"type":"Feature","geometry":{"type":"Polygon","coordinates":[[[32.499712976916086,-26.06808701876936],[33.347266230193355,-25.303612150236326],[34.58479979952929,-24.87517587093945],[35.500865015490305,-24.085165418427565],[34.58479979942585,-24.875175870698072],[33.347266230089915,-25.303612149994947],[32.499712976916086,-26.06808701876936]]]},"properties":{"NAME":null,"SUBJECTO":null,"PARTOF":null}},
{"type":"Feature","geometry":{"type":"Polygon","coordinates":[[[19.883807215197333,-34.99228707675276],[22.681775126067382,-34.10311547665234],[24.429938349333984,-34.33470193295117],[26.658656153289062,-33.84707299618359],[28.92185309847949,-32.297909177824216],[30.391005549041015,-30.81392899899121],[31.56308082064746,-29.209801115080076],[32.234744104949215,-28.74441758541699],[32.91596892784382,-26.518461622040846],[32.234744104845774,-28.74441758517561],[31.563080820544013,-29.209801114838697],[30.391005548937567,-30.81392899874983],[28.921853098376044,-32.29790917758284],[26.658656153185614,-33.84707299594221],[24.429938349230536,-34.33470193270979],[22.681775125963934,-34.10311547641096],[19.883807215197333,-34.99228707675276]]]},"properties":{"NAME":null,"SUBJECTO":null,"PARTOF":null}},
{"type":"Feature","geometry":{"type":"Polygon","coordinates":[[[18.346327814562567,-34.34715691928206],[18.724238428679687,-34.21926537899609],[18.840062174407226,-34.43512002377148],[19.279349359972723,-34.504131711762525],[18.840062174303778,-34.435120023530104],[18.72423842857624,-34.21926537875471],[18.346327814562567,-34.34715691928206]]]},"properties":{"NAME":null,"SUBJECTO":null,"PARTOF":null}},
{"type":"Feature","geometry":{"type":"Polygon","coordinates":[[[17.927741083605536,-33.09596673373518],[18.45907500694538,-33.832127012055494],[18.073050531847723,-33.22279015902815],[17.927741083605536,-33.09596673373518]]]},"properties":{"NAME":null,"SUBJECTO":null,"PARTOF":null}},
{"type":"Feature","geometry":{"type":"Polygon","coordinates":[[[15.659789118273505,-27.889295972626783],[16.78830054720996,-29.138924039884763],[18.178561243517645,-31.805298246186354],[16.788300547106513,-29.138924039643385],[15.659789118273505,-27.889295972626783]]]},"properties":{"NAME":null,"SUBJECTO":null,"PARTOF":null}},
{"type":"Feature","geometry":{"type":"Polygon","coordinates":[[[15.291948351366766,-27.15286485080061],[15.136913332532849,-26.829073347076022],[15.136913332549316,-26.82907334713574],[15.291948351399416,-27.152864850894126],[15.291948351366766,-27.15286485080061]]]},"properties":{"NAME":null,"SUBJECTO":null,"PARTOF":null}},
{"type":"Feature","geometry":{"type":"Polygon","coordinates":[[[15.153246912462958,-26.33334580783186],[14.947422060540049,-26.00966111555416],[14.94742206057666,-26.009661115690427],[15.153246912453255,-26.3333458078953],[15.153246912462958,-26.33334580783186]]]},"properties":{"NAME":null,"SUBJECTO":null,"PARTOF":null}},
{"type":"Feature","geometry":{"type":"Polygon","coordinates":[[[9.765205416186102,3.382905565459154],[9.585654291745579,3.674833141309228],[9.585654291716796,3.674833141282839],[9.76520541625253,3.382905565277968],[9.765205416186102,3.382905565459154]]]},"properties":{"NAME":null,"SUBJECTO":null,"PARTOF":null}},
{"type":"Feature","geometry":{"type":"Polygon","coordinates":[[[9.032190355761298,4.137507520872973],[9.780175241930731,3.853175722319506],[9.650894197924384,4.018121801573656],[9.032190355761298,4.137507520872973]]]},"properties":{"NAME":null,"SUBJECTO":null,"PARTOF":null}},
{"type":"Feature","geometry":{"type":"Polygon","coordinates":[[[8.262993845446356,4.745887361723803],[8.924869570238837,4.524912439543627],[8.327965769274481,4.841343008238695],[8.262993845446356,4.745887361723803]]]},"properties":{"NAME":null,"SUBJECTO":null,"PARTOF":null}},
{"type":"Feature","geometry":{"type":"Polygon","coordinates":[[[6.088779959288818,4.328133188203616],[8.298690828783759,4.555330358702562],[6.088779959396713,4.32813318844306],[6.088779959288818,4.328133188203616]]]},"properties":{"NAME":null,"SUBJECTO":null,"PARTOF":null}},
{"type":"Feature","geometry":{"type":"Polygon","coordinates":[[[33.395286385371406,-20.761010594130624],[33.395286385371406,-20.583364541170305],[33.36022785033581,-20.842813842547017],[33.395286385371406,-20.761010594130624]]]},"properties":{"NAME":null,"SUBJECTO":null,"PARTOF":null}},
{"type":"Feature","geometry":{"type":"Polygon","coordinates":[[[5.33762415368887,8.724019928991726],[5.337624153817803,8.724019928789726],[6.878752839963379,8.642907892676803],[7.365425056537486,7.912899567815642],[6.878752839859935,8.642907892918181],[5.33762415368887,8.724019928991726]]]},"properties":{"NAME":null,"SUBJECTO":null,"PARTOF":null}},
{"type":"Feature","geometry":{"type":"Polygon","coordinates":[[[0.536134216395599,5.720493398622317],[1.557863506880981,6.237427316621584],[3.94949725588916,6.579388700441164],[4.82339239621597,7.929541061182515],[4.823392395846381,7.929541061012704],[3.949497255785712,6.579388700682543],[1.557863506777533,6.237427316862963],[0.536134215945515,5.720493398813595],[-0.396554942780224,6.116869578776002],[0.536134216395599,5.720493398622317]]]},"properties":{"NAME":null,"SUBJECTO":null,"PARTOF":null}},
{"type":"Feature","geometry":{"type":"Polygon","coordinates":[[[-12.046761479871027,7.262896143156908],[-9.937263455780762,5.863056264833254],[-9.247899022492188,5.171884141877932],[-7.528605428131836,4.336791597322268],[-4.999971356781739,5.238270841554446],[-3.941593614014405,5.265976034120364],[-3.941593613866756,5.265976034327322],[-4.999971356885187,5.238270841795824],[-7.528605428235284,4.336791597563646],[-9.247899022595636,5.17188414211931],[-9.93726345588421,5.863056265074633],[-12.046761479871027,7.262896143156908]]]},"properties":{"NAME":null,"SUBJECTO":null,"PARTOF":null}},
{"type":"Feature","geometry":{"type":"Polygon","coordinates":[[[-13.044136968152277,8.13769110317888],[-12.51305100003125,7.72578390689258],[-12.27409264137005,7.630976759154223],[-13.044136968152277,8.13769110317888]]]},"properties":{"NAME":null,"SUBJECTO":null,"PARTOF":null}},
{"type":"Feature","geometry":{"type":"Polygon","coordinates":[[[-13.14486786414837,8.722107492644213],[-13.17434689083266,8.772887788780166],[-13.174346890839356,8.772887788728518],[-13.144867864044922,8.722107492402834],[-12.927251782863216,8.627264581660677],[-12.927251782910577,8.627264581877611],[-13.14486786414837,8.722107492644213]]]},"properties":{"NAME":null,"SUBJECTO":null,"PARTOF":null}},
{"type":"Feature","geometry":{"type":"Polygon","coordinates":[[[-13.281672444836847,9.27468355770769],[-13.625553098146135,9.623440347795741],[-13.625553098114747,9.623440347627444],[-13.281672444733399,9.274683557466311],[-13.141406980060333,9.027148805767725],[-13.141406980054132,9.0271488058156],[-13.281672444836847,9.27468355770769]]]},"properties":{"NAME":null,"SUBJECTO":null,"PARTOF":null}},
{"type":"Feature","geometry":{"type":"Polygon","coordinates":[[[-14.466443028943292,10.333368860442064],[-14.058002438935059,10.080054841951174],[-13.680051770703546,9.91564520474138],[-14.466443028943292,10.333368860442064]]]},"properties":{"NAME":null,"SUBJECTO":null,"PARTOF":null}},
{"type":"Feature","geometry":{"type":"Polygon","coordinates":[[[-14.966219869153253,10.847027384001635],[-14.820922818573731,10.8028579577959],[-14.574861493603937,10.784330927092455],[-14.966219869153253,10.847027384001635]]]},"properties":{"NAME":null,"SUBJECTO":null,"PARTOF":null}},
{"type":"Feature","geometry":{"type":"Polygon","coordinates":[[[-15.341422048108331,11.221154772002123],[-15.116153684052247,11.15809591861133],[-15.029396024243585,11.15828665371599],[-15.341422048108331,11.221154772002123]]]},"properties":{"NAME":null,"SUBJECTO":null,"PARTOF":null}},
{"type":"Feature","geometry":{"type":"Polygon","coordinates":[[[-16.57060143043255,12.311540209013842],[-16.42452904263379,12.248307786897463],[-16.27898880531048,12.210499368864916],[-16.57060143043255,12.311540209013842]]]},"properties":{"NAME":null,"SUBJECTO":null,"PARTOF":null}},
{"type":"Feature","geometry":{"type":"Polygon","coordinates":[[[5.359488992633966,5.368345627897537],[5.333021196825751,5.247909151274584],[5.419493708117255,4.955793939787767],[5.419493708182831,4.955793939674324],[5.419493708117258,4.955793939787767],[5.333021196825754,5.247909151274584],[5.359488992633969,5.368345627897538],[5.359488992633966,5.368345627897537]]]},"properties":{"NAME":"Khoiasan","SUBJECTO":"Khoiasan","PARTOF":"Khoiasan"}},
{"type":"Feature","geometry":{"type":"Polygon","coordinates":[[[9.032190355761298,4.137507520872973],[9.650894197924384,4.018121801573656],[9.780175241930731,3.853175722319506],[9.765205416186102,3.382905565459154],[9.851335558398016,3.147975765425585],[9.923090013964423,2.824045501906298],[9.851344141466864,1.87705787296953],[9.557406458361395,1.126579128462694],[9.622189554674872,1.088586412627123],[9.64398482750202,0.955186568457506],[9.565582308275946,0.611869775015734],[9.602188143236884,0.332348339516543],[9.854229006273993,0.17403309817972],[9.883252176745184,0.078766025859736],[9.473350557787665,0.116013907153032],[8.981377634508856,-1.098785198968031],[9.465267214281806,-1.593399680893995],[9.656445536120184,-2.419099487107374],[9.893924746020087,-2.443995393555738],[10.060082468493231,-2.570729650300123],[10.524656328661688,-3.23696366671858],[11.772603067858466,-4.536981023591139],[12.226512941820868,-5.362102903168775],[12.371690783007391,-6.257806695740797],[12.371690783152545,-6.257806695952786],[14.576170881444337,-4.771836462325236],[15.04963703106931,-6.014685105090788],[14.398621075334972,-7.198350479153216],[14.329051675258405,-9.368144601960868],[13.08375838717578,-9.287485517545896],[13.418027910692938,-9.985778249543287],[13.639446291430243,-10.30304089907942],[13.729883226855048,-10.544334806244947],[13.816288980944403,-10.976270116608717],[13.649036440356024,-12.196759618561842],[12.585389170153388,-13.463659681122877],[11.782002481920966,-15.867509282868483],[11.774609598620184,-17.59605256442366],[12.079512629015692,-18.49144021395979],[12.52433207939411,-19.062439359467604],[12.905971244193594,-19.70227026922537],[28.14071896835091,-19.940086989355457],[28.1653921907,-19.681018154690005],[30.081806708043192,-16.364146874672947],[32.95642848405798,-16.069313872004763],[33.35561910432516,-16.538949895848496],[33.65665686539491,-18.64910264535137],[33.470967024050125,-20.023292969069587],[34.719489671813776,-20.042782596759878],[34.72620299766804,-19.860380567353346],[34.84678939293171,-19.802927411835768],[35.91478255699421,-19.031639493744947],[37.27531722496296,-17.713161863129713],[39.795062098009836,-16.423971570771315],[40.57406905601765,-15.481702245514967],[40.527442011339915,-15.183100141327955],[40.85543731163288,-14.699382222931959],[40.61833480308796,-14.483810819428541],[40.59920791099812,-14.401239789765455],[40.60333159874226,-13.530550397675611],[40.36584380577351,-12.990858472626783],[40.311343225939524,-11.344973005097486],[40.40044310997273,-11.230388082306959],[39.24819753258153,-11.144871908746616],[38.23752179298391,-9.291966386150964],[37.732183923185076,-4.575479601362019],[39.41664348918111,-1.375006425969531],[43.41489377502695,2.514787056134711],[34.405956738036096,2.490461302647428],[33.92968016137751,2.843586349070006],[22.224511080969368,6.196195772852339],[12.604745687300603,7.731968465838291],[6.763964026187234,5.826528050484133],[6.088779959396713,4.32813318844306],[8.298690828783759,4.555330358702562],[8.262993845446356,4.745887361723803],[8.327965769274481,4.841343008238695],[8.924869570238837,4.524912439543627],[9.032190355761298,4.137507520872973]],[[16.195603907263067,-9.121149179620682],[16.195603907263067,-10.193571024911483],[15.236068572002875,-9.883133122327303],[16.195603907263067,-9.121149179620682]]]},"properties":{"NAME":"Bantou","SUBJECTO":"Bantou","PARTOF":"Bantou"}},
{"type":"Feature","geometry":{"type":"Polygon","coordinates":[[[-4.153334,53.225555],[-4.276945,53.398331],[-4.5675,53.273331],[-4.351389,53.124443],[-4.153334,53.225555]]]},"properties":{"NAME":null,"SUBJECTO":null,"PARTOF":null}},
{"type":"Feature","geometry":{"type":"Polygon","coordinates":[[[-5.103612,55.438606],[-5.154723,55.673332],[-5.400278,55.600555],[-5.103612,55.438606]]]},"properties":{"NAME":null,"SUBJECTO":null,"PARTOF":null}},
{"type":"Feature","geometry":{"type":"Polygon","coordinates":[[[-6.121667,55.878883],[-6.3275,55.589439],[-6.024723,55.68083200000012],[-6.121667,55.878883]]]},"properties":{"NAME":null,"SUBJECTO":null,"PARTOF":null}},
{"type":"Feature","geometry":{"type":"Polygon","coordinates":[[[-5.946945,55.829994],[-5.746112,56.06360600000011],[-5.968056,56.023605],[-6.078889,55.905548],[-5.946945,55.829994]]]},"properties":{"NAME":null,"SUBJECTO":null,"PARTOF":null}},
{"type":"Feature","geometry":{"type":"Polygon","coordinates":[[[-7.466945,56.940826],[-7.376112,56.978607],[-7.445556,57.05555],[-7.553612,56.966385],[-7.466945,56.940826]]]},"properties":{"NAME":null,"SUBJECTO":null,"PARTOF":null}},
{"type":"Feature","geometry":{"type":"Polygon","coordinates":[[[-7.223056,57.337494],[-7.425,57.382217],[-7.38139,57.108604],[-7.230278,57.09471900000011],[-7.223056,57.337494]]]},"properties":{"NAME":null,"SUBJECTO":null,"PARTOF":null}},
{"type":"Feature","geometry":{"type":"Polygon","coordinates":[[[-7.268889,57.39888800000011],[-7.204722,57.460831],[-7.351111,57.489441],[-7.388056,57.423882],[-7.268889,57.39888800000011]]]},"properties":{"NAME":null,"SUBJECTO":null,"PARTOF":null}},
{"type":"Feature","geometry":{"type":"Polygon","coordinates":[[[-7.188612,57.68721800000014],[-7.476945,57.562492],[-7.15389,57.509438],[-7.188612,57.68721800000014]]]},"properties":{"NAME":null,"SUBJECTO":null,"PARTOF":null}},
{"type":"Feature","geometry":{"type":"Polygon","coordinates":[[[-7.00639,57.881386000000134],[-6.993611,57.91861],[-7.073611,57.896111],[-7.00639,57.881386000000134]]]},"properties":{"NAME":null,"SUBJECTO":null,"PARTOF":null}},
{"type":"Feature","geometry":{"type":"Polygon","coordinates":[[[-6.802222,58.203049],[-6.794445,58.218048],[-6.854167,58.25],[-6.873056,58.206383],[-6.802222,58.203049]]]},"properties":{"NAME":null,"SUBJECTO":null,"PARTOF":null}},
{"type":"Feature","geometry":{"type":"Polygon","coordinates":[[[-6.204167,58.35611],[-7.031945,58.238052],[-6.473889,57.940277],[-6.204167,58.35611]]]},"properties":{"NAME":null,"SUBJECTO":null,"PARTOF":null}},
{"type":"Feature","geometry":{"type":"Polygon","coordinates":[[[-4.777779,54.05555],[-4.394444,54.186386],[-4.5275,54.367218],[-4.777779,54.05555]]]},"properties":{"NAME":null,"SUBJECTO":null,"PARTOF":null}},
{"type":"Feature","geometry":{"type":"Polygon","coordinates":[[[129.715515,28.451107],[129.157745,28.234993],[129.368561,28.116108],[129.715515,28.451107]]]},"properties":{"NAME":null,"SUBJECTO":null,"PARTOF":null}},
{"type":"Feature","geometry":{"type":"Polygon","coordinates":[[[129.963013,29.957218000000125],[129.94165,30],[129.92358400000012,29.983883],[129.963013,29.957218000000125]]]},"properties":{"NAME":null,"SUBJECTO":null,"PARTOF":null}},
{"type":"Feature","geometry":{"type":"Polygon","coordinates":[[[129.89636200000018,29.87416500000012],[129.877167,29.83083],[129.923309,29.824997],[129.89636200000018,29.87416500000012]]]},"properties":{"NAME":null,"SUBJECTO":null,"PARTOF":null}},
{"type":"Feature","geometry":{"type":"Polygon","coordinates":[[[130.906097,30.354717000000107],[131.074402,30.689163],[130.945251,30.683331000000123],[130.906097,30.354717000000107]]]},"properties":{"NAME":null,"SUBJECTO":null,"PARTOF":null}},
{"type":"Feature","geometry":{"type":"Polygon","coordinates":[[[130.558594,30.236382000000106],[130.671906,30.373329000000126],[130.510803,30.458885000000123],[130.387207,30.397217],[130.558594,30.236382000000106]]]},"properties":{"NAME":null,"SUBJECTO":null,"PARTOF":null}},
{"type":"Feature","geometry":{"type":"Polygon","coordinates":[[[121.734711,25.138885],[121.384987,25.157497],[121.00166300000012,25.001663],[120.697746,24.60083],[120.694702,24.59638600000011],[120.665817,24.533054],[120.642761,24.47916],[120.558868,24.385273],[120.4272,24.149998],[120.11554,23.631386],[120.328598,22.519444],[120.573036,22.366108],[120.674988,22.181938],[120.69303900000011,22.104443],[120.68637100000012,22.053608],[120.698318,21.945827],[120.88247700000011,22.039440000000127],[120.878593,22.341385000000116],[121.839706,24.476383000000112],[121.81694000000016,24.847775],[121.999153,25.01083],[121.734711,25.138885]]]},"properties":{"NAME":null,"SUBJECTO":null,"PARTOF":null}},
{"type":"Feature","geometry":{"type":"Polygon","coordinates":[[[128.900818,32.643051],[128.649414,32.777771],[128.610229,32.61166400000013],[128.900818,32.643051]]]},"properties":{"NAME":null,"SUBJECTO":null,"PARTOF":null}},
{"type":"Feature","geometry":{"type":"Polygon","coordinates":[[[128.532471,38.330551],[128.279694,38.43027500000011],[128.260529,38.411659],[128.2435610000001,38.395271],[128.150818,38.335266000000104],[128.01052900000013,38.30555],[127.133881,38.29916400000013],[126.54749300000015,37.647217],[126.766098,37.231934],[126.658867,37.248604000000114],[126.660812,37.161934],[126.661102,37.156097],[126.723038,37.131660000000124],[126.738586,37.14888],[126.75943,37.168884],[126.769989,37.174164],[126.869141,37.176384],[126.85942100000011,37.138885],[126.77304100000015,37.118599],[126.754173,37.054161000000136],[126.752777,37.04860700000012],[126.756104,37.044441],[126.865807,36.950546],[126.921654,36.916939],[126.99220300000013,36.91082],[126.846367,36.752495000000124],[126.823318,36.913879],[126.781097,36.963608],[126.76138300000014,36.969986],[126.499153,37.049721],[126.44914200000017,36.99137900000011],[126.33499100000017,36.9855500000001],[126.344994,36.95665700000012],[126.352768,36.948875],[126.38304100000016,36.929436],[126.32083100000011,36.8780440000001],[126.32166300000017,36.884438],[126.308868,36.942215],[126.304428,36.962212],[126.286102,36.959991],[126.184418,36.878326],[126.19166600000017,36.819885],[126.12359600000013,36.70916000000011],[126.49720800000011,36.72387700000013],[126.544418,36.136406],[126.75193800000011,35.778328],[126.479431,35.639992],[126.371368,34.789162],[126.620247,34.624161],[126.463318,34.484718],[126.478317,34.345268],[126.524986,34.316101],[126.556374,34.300545],[126.60027300000013,34.30027],[126.683868,34.434433000000126],[126.772491,34.582771],[126.800812,34.46305100000012],[126.81694,34.44249],[126.889427,34.412491],[126.896942,34.449158],[126.98552700000016,34.526382],[126.989433,34.537773],[127.00972000000013,34.602219],[127.21666000000016,34.707497],[127.27388,34.727486],[127.328598,34.74305],[127.352768,34.692764],[127.242203,34.569443],[127.315262,34.443604],[127.554153,34.656097],[128.451904,34.845543],[129.136932,35.11221300000011],[129.43942300000015,35.475822],[129.342468,37.257217],[128.532471,38.330551]]]},"properties":{"NAME":null,"SUBJECTO":null,"PARTOF":null}},
{"type":"Feature","geometry":{"type":"Polygon","coordinates":[[[123.870819,24.252499],[123.92192100000011,24.371109],[123.767212,24.41444],[123.678864,24.316109],[123.870819,24.252499]]]},"properties":{"NAME":null,"SUBJECTO":null,"PARTOF":null}},
{"type":"Feature","geometry":{"type":"Polygon","coordinates":[[[125.356369,24.776665],[125.261932,24.878883],[125.252213,24.737774],[125.356369,24.776665]]]},"properties":{"NAME":null,"SUBJECTO":null,"PARTOF":null}},
{"type":"Feature","geometry":{"type":"Polygon","coordinates":[[[124.26165800000012,24.457497],[124.077766,24.419994],[124.121918,24.344997],[124.22971300000017,24.338329],[124.26165800000012,24.457497]]]},"properties":{"NAME":null,"SUBJECTO":null,"PARTOF":null}},
{"type":"Feature","geometry":{"type":"Polygon","coordinates":[[[128.252777,26.63888500000013],[128.247192,26.839996],[127.958878,26.544441],[128.252777,26.63888500000013]]]},"properties":{"NAME":null,"SUBJECTO":null,"PARTOF":null}},
{"type":"Feature","geometry":{"type":"Polygon","coordinates":[[[126.76193200000012,26.38694],[126.701927,26.348606],[126.781097,26.29833200000013],[126.8099820000001,26.346943],[126.76193200000012,26.38694]]]},"properties":{"NAME":null,"SUBJECTO":null,"PARTOF":null}},
{"type":"Feature","geometry":{"type":"Polygon","coordinates":[[[128.95108,27.67582700000014],[129.029968,27.774441000000138],[128.89886500000011,27.89777400000014],[128.89721700000018,27.725826],[128.95108,27.67582700000014]]]},"properties":{"NAME":null,"SUBJECTO":null,"PARTOF":null}},
{"type":"Feature","geometry":{"type":"Polygon","coordinates":[[[128.609131,27.358887],[128.69635000000017,27.4486050000001],[128.52359000000013,27.413609],[128.609131,27.358887]]]},"properties":{"NAME":null,"SUBJECTO":null,"PARTOF":null}},
{"type":"Feature","geometry":{"type":"Polygon","coordinates":[[[129.992188,28.281666],[130.0324710000001,28.35305],[129.943024,28.32222],[129.992188,28.281666]]]},"properties":{"NAME":null,"SUBJECTO":null,"PARTOF":null}},
{"type":"Feature","geometry":{"type":"Polygon","coordinates":[[[129.33609000000013,28.075275],[129.3402400000001,28.110828],[129.223846,28.183605],[129.219116,28.097775],[129.33609000000013,28.075275]]]},"properties":{"NAME":null,"SUBJECTO":null,"PARTOF":null}},
{"type":"Feature","geometry":{"type":"Polygon","coordinates":[[[129.733032,29.609718],[129.75332600000013,29.64777400000014],[129.70968600000015,29.651661],[129.733032,29.609718]]]},"properties":{"NAME":null,"SUBJECTO":null,"PARTOF":null}},
{"type":"Feature","geometry":{"type":"Polygon","coordinates":[[[69.08476546729746,66.68753393741852],[69.79152205905078,66.75493200869923],[70.83993056735156,66.55140265078907],[71.34951308677937,66.66239508267107],[70.83993056724812,66.55140265103044],[69.79152205894734,66.7549320089406],[69.08476546729746,66.68753393741852]]]},"properties":{"NAME":null,"SUBJECTO":null,"PARTOF":null}},
{"type":"Feature","geometry":{"type":"MultiPolygon","coordinates":[[[[-42.82441422034954,60.80161245938005],[-42.27136322537305,62.19441946597461],[-40.51624771633985,63.78206976504688],[-39.99201675914489,65.53330572697179],[-35.97189804592969,65.84693487735157],[-34.43306061306836,66.3839526996172],[-32.95602127591016,67.64102514834767],[-26.963623967560547,68.50170477481251],[-22.73232933560254,69.77407415957813],[-24.584732976453054,70.3040271627492],[-27.474936452405203,70.20676001187029],[-27.606051412018555,71.0681568011797],[-25.29125496426465,71.56889685244923],[-24.076420751111257,73.75567206021013],[-20.32958885719036,73.41964300747576],[-19.193547215955007,75.44353827114763],[-21.182682958142507,76.69747503872576],[-18.253375020520437,77.30013617153826],[-20.878828969495046,78.8179202901906],[-14.20194813300823,81.2101322042531],[-22.05288025418164,81.53975256533985],[-22.432360616223562,82.74334295864763],[-32.513173070447195,83.57699926968279],[-49.64758774329876,82.47806128140154],[-61.1224145560429,81.79757269497576],[-61.111805882947195,81.1824451314992],[-67.14280411292766,80.56214483853044],[-65.16448685208204,79.31037481875782],[-58.829685071429104,78.23804477753517],[-51.82027961469955,74.2130654045799],[-55.988476767578724,73.92051855186065],[-54.73041245022657,73.03760107608204],[-55.62637039700391,71.73035009951954],[-51.720124211701176,71.58955725283985],[-50.572628941925785,69.8662525043047],[-50.47708984890821,67.48220404239063],[-52.30317017117383,66.9094653949297],[-53.10253998318555,65.87324865908985],[-52.07773300686719,65.37242468448048],[-51.36576553860547,63.72601278872852],[-49.857483830998824,62.96654471015333],[-48.915463414582035,61.42103537173633],[-43.14357086697461,59.81878241153125],[-42.82441422034954,60.80161245938005]]],[[[8.214038881762278,55.3985973226613],[8.559559854967844,55.356124483305834],[8.742068323595774,54.60780295010271],[8.950601610644114,54.41855581875505],[8.884012255175364,54.229449831206225],[9.441414523684116,54.2468344874996],[9.448683183704123,54.188685207339546],[9.674011644324317,54.188685207339546],[9.739429584504371,54.27590912757962],[9.884802784904497,54.2541031475196],[10.141728434069407,54.33675345059099],[10.064928087694895,54.43389471646013],[9.864808115465891,54.41139944668474],[9.97801021049763,54.49014624233904],[9.421020540697825,54.97648199673357],[9.704480526428771,55.483473432970705],[9.690073046190989,55.60486563320818],[10.14714625786091,55.764892183501146],[10.175156626208079,56.07587393398943],[10.750668558581125,56.097282015044115],[10.229683908922922,56.60512503262224],[8.316974672777903,55.8489147054738],[8.214038881762278,55.3985973226613]]],[[[-22.37291046668743,63.773185335356615],[-18.641863790051687,63.323817812163256],[-14.82120033790325,64.19502600308122],[-13.525573697583425,65.18334540005388],[-14.754071202771414,65.6970706808156],[-17.861041036145437,65.8370853292531],[-19.155894246594656,65.72528418179216],[-21.49471565772747,65.56796606655779],[-21.29616829444622,65.6994129049367],[-22.560055699841726,66.1131854879445],[-22.474139180676687,65.99637945767107],[-23.426138844983328,65.82667120571794],[-23.266970601575125,65.72486456509294],[-24.146887746350515,65.43931921597185],[-21.72894951392864,65.18245276089372],[-23.50830742408489,64.55902441616716],[-21.488474813000906,64.37614019985857],[-22.37291046668743,63.773185335356615]]],[[[10.401182207567942,57.505878053862475],[8.36822894523884,56.66685827847185],[10.462837252123606,57.24166067715349],[10.401182207567942,57.505878053862475]]],[[[12.469224962694895,55.710631929594896],[11.230098757250559,55.33680685635271],[11.584776911242258,55.16218145962419],[12.301355394823801,55.170280061919115],[12.158434900744211,55.37909277554216],[12.469224962694895,55.710631929594896]]],[[[27.77145810972306,58.891166933607025],[31.653789165834095,59.52564149113044],[30.928500363757202,61.099656847765026],[29.72705078125,61.84794921875002],[32.22307225828601,62.84757902596933],[30.434281578326694,63.415819968255285],[30.065044621152076,64.55977823945089],[31.11602034561944,67.06682203827701],[30.46871805492153,67.48594399194793],[25.62589044961474,66.69969682907089],[21.87924758349281,66.96731417665103],[18.534030738741084,66.43207948149077],[18.40022206484757,67.23493152447254],[18.95870688865925,68.29369696255388],[17.126420053942454,68.41608008022966],[16.64854720543171,68.04574926968279],[15.761817965014231,67.67628821011247],[14.616473230822336,67.2452655660695],[14.777660402758372,67.21653326626482],[13.991646799547922,66.68745764370622],[13.255395922167551,66.39254339810076],[13.581009897692454,66.18811377163591],[12.496170076830637,65.3844714986867],[11.507721933825266,64.51671942349138],[7.101563486559641,62.704642854887865],[7.546737703783762,62.59925421353044],[5.528184446795237,61.93255194302263],[5.833900007708323,61.81940802212419],[5.119612726671946,61.13709982510271],[5.387047800524485,61.02558477993669],[5.075472387774241,60.591693483549975],[5.551142248614084,60.50888785000505],[5.279052290423166,60.12533529873552],[5.894064459307444,60.16126211758318],[5.694047483904612,59.752894960600756],[6.185389551623118,59.82426031704607],[5.741123232348215,59.628043733794115],[5.418557676775706,59.51516684170427],[5.176648649676096,59.30741461392107],[5.350331816180002,59.39049109097185],[5.528521570666086,59.26589926357927],[5.682913813097727,59.414229952055834],[5.799501928789866,59.43203695889177],[6.113430532915842,59.52704580898943],[6.020303759081614,59.25403555508318],[6.237526449663889,59.28369482632341],[5.822302374346506,59.01698263760271],[6.266145262224924,58.993285738188646],[6.093553575976145,58.79797705288591],[5.665794405443918,58.821647249419115],[5.53099921654011,58.88080938931169],[5.615484270556223,58.45521505947771],[6.651709589464915,58.1720462667531],[6.643655333025706,58.042411409575365],[9.14589408348347,58.656066499907396],[9.346200022204172,58.84530981655779],[10.363341364367258,59.21253546353044],[10.378625902636301,59.3667484151906],[10.633557352526438,59.44985159512224],[10.65680602501179,59.22439535732927],[11.178854975207102,59.07028921719255],[11.140391382677805,58.85121878262224],[11.406709703905832,58.33127173062029],[11.613860163195383,58.24734839077654],[11.80188659141804,58.17793997402849],[11.736376187990079,57.69820870971917],[11.73637618816939,57.69820870956508],[11.736376188093523,57.69820870947779],[11.876622233000976,57.325206361726565],[12.87157538841511,56.51151617642107],[12.51335719536091,56.12061651821794],[12.985865625841868,55.666583620268725],[13.301851305468332,55.3006969320363],[14.117195162279856,55.34711416836443],[14.126021418078196,55.666583620268725],[14.652893099291575,56.12061651821794],[16.031445536120188,56.353072725493334],[16.063150608395468,56.39623928217551],[16.06315060859225,56.39623928206121],[16.744044336779368,58.311950288969896],[19.037323984606516,59.86324270840349],[17.146208796113257,60.95282705886664],[18.48662475070117,62.98124273867969],[20.70065978488086,63.818126283601565],[20.92119315585254,64.71382483096485],[22.645554575530273,65.93478735537892],[25.251507792083007,65.4168887958086],[24.470093760100585,64.63552435489063],[21.03372863253711,62.477298341707034],[21.56015113314746,60.51248510928516],[23.66465667208789,59.83555182071094],[25.58054450472949,60.2623363360918],[28.435231241686594,60.33733709927263],[27.702038797942382,59.297504030183596],[27.661188779931567,58.937558034835455],[27.77145810972306,58.891166933607025]]]]},"properties":{"NAME":"Kalmar Union","SUBJECTO":"Kalmar Union","PARTOF":"Kalmar Union"}},
{"type":"Feature","geometry":{"type":"MultiPolygon","coordinates":[[[[-97.08239456692579,73.66727026553517],[-101.6537370351875,72.37307318301563],[-98.93899246731641,71.39222296328907],[-96.84962173977735,71.87977179141407],[-97.08239456692579,73.66727026553517]]],[[[-108.39633652249219,76.30341681094532],[-115.18592545071485,75.15434607119923],[-112.20279404202344,74.49975927920704],[-105.77345749417188,75.23006781192188],[-108.39633652249219,76.30341681094532]]],[[[-94.10856339016797,72.22202643008595],[-90,73.59081610293751],[-95.06853958645704,74.06405218692188],[-95.64077469387891,73.14367254825001],[-94.10856339016797,72.22202643008595]]],[[[-80.76611038723829,75.60955389590626],[-86.6179933218086,75.43215521426563],[-90,75.95013006778126],[-92.36552139798047,75.4212833270586],[-89.69807907620313,74.61462744326954],[-80.34932419339063,74.61590155215626],[-80.76611038723829,75.60955389590626]]],[[[-65.16448685208204,79.31037481875782],[-72.3832292226875,78.52572973819142],[-71.18388077298047,77.25953253360157],[-67.03665634671094,75.93623694033985],[-63.65076920071485,76.37993963809376],[-58.63566299954297,75.79326208682423],[-55.98847676757872,73.92051855186065],[-51.82027961469955,74.2130654045799],[-58.829685071429104,78.23804477753517],[-65.16448685208204,79.31037481875782]]],[[[-107.52726456204297,72.01640661807423],[-108.98631760159375,72.73019751162892],[-111.7255372671211,72.3305850848711],[-114.64695450344922,73.35488470645313],[-118.98560806790235,72.03416784854298],[-117.31387802639844,71.47455175967579],[-117.56819626370313,69.99218329043751],[-113.15218063870313,68.59556921573048],[-110.44822403469922,68.65314062686329],[-106.8538331655586,69.45092352481251],[-104.18777176419141,68.89776190371876],[-101.80838486233594,69.13564642520313],[-101.05518051663282,70.03077276797657],[-103.86364456692579,70.70147284121876],[-105.31259628811719,72.65014227481251],[-107.52726456204297,72.01640661807423]]],[[[-92.89387332847357,62.12595365067066],[-87.4352311758125,64.56887396426563],[-88.17144485989454,65.13038214297657],[-85.98714920559766,66.16278418155079],[-83.13871475735547,66.37349279971485],[-81.29496475735547,67.49872931094532],[-84.31351944485547,69.8262134418047],[-86.48843857327344,67.37778814883595],[-88.32388016262891,67.81254919619923],[-88.90501877346875,69.22760351748829],[-91.65772720852735,70.28584631533985],[-93.2711686758125,71.55854376407032],[-95.41064926663282,71.85898932071095],[-96.69965073147657,70.83835943789845],[-96.12698074856641,69.94084509463673],[-92.95613571682813,69.08434637637501],[-96.20792862454297,68.07355078311329],[-101.91296860257032,67.70532568545704],[-105.63597580471875,68.35485418887501],[-107.66202255764844,67.96261938662892],[-112.50253006497266,67.69295843692188],[-115.2851075796211,68.89208563418751],[-117.83234116116407,69.00779303164845],[-122.32606216946485,69.88448675723438],[-125.97399612942579,69.43039282412892],[-127.35170456448438,70.38026007266407],[-131.67297836819532,69.27615698428517],[-135.43919846096875,69.5262866839922],[-137.72852036038282,69.01584204287892],[-143.30757614651563,70.19675024600392],[-145.27254196682813,70.11638220401173],[-156.90474411526563,71.34585913272267],[-159.86095443078094,70.54037132074728],[-143.60797110440964,68.64958656363149],[-128.3674944405715,66.87659139169848],[-98.73431339043634,65.62893813521374],[-92.89387332847357,62.12595365067066]]],[[[-74.55905624905469,64.78008612246876],[-73.16355606594922,64.57397039981251],[-71.3189210561836,63.06125982852344],[-65.94033524075391,61.789996705964846],[-66.49595352688672,63.07743414492969],[-64.47394272366407,63.74430426211719],[-67.61417099514844,65.91180761905079],[-62.84475418606641,65.61426123233204],[-61.21058365383985,66.63500555606251],[-68.66534897366407,68.71612890811329],[-66.6681413320625,69.18608435244923],[-69.46268173733594,69.96011694522267],[-71.2525148061836,71.35079535098438],[-73.27524277249219,71.16077002139454],[-75.32202621975782,72.54841955752735],[-80.48866745510938,73.0370059833086],[-81.53178116360547,73.68835791201954],[-88.09924789944532,73.63606604190235],[-89.99718185940625,71.54128607364063],[-87.94801041165235,70.38491400332813],[-82.26922318020704,69.86035498233204],[-78.71291824856641,70.01144751162892],[-73.18491837063672,68.29580267520313],[-72.30491348782422,67.26360663028126],[-75.78904434719922,65.1971851214922],[-74.55905624905469,64.78008612246876]]],[[[-64.59723094346496,58.15038074970358],[-62.365707654341946,55.58607597097469],[-62.27666738519987,55.58708186686823],[-61.93277350549649,56.28076257051526],[-62.886959996716726,58.65644415493669],[-64.6706208853886,60.18091925259294],[-65.86144730140423,58.795341097075365],[-67.77240463783001,58.24854239102068],[-69.2142228751347,58.74767645474138],[-70.02829453040813,60.883170686919115],[-73.39458176185344,62.354999147612475],[-77.36155411292766,62.5174938070363],[-77.50717636634563,60.414630495268725],[-78.33678909827923,58.551471315581225],[-76.77238174964641,57.662501894194506],[-76.43862625648235,56.80968817349138],[-77.23383804847454,55.60653647061052],[-79.5451173452461,54.69186361880664],[-75.37010199440368,54.66213683183806],[-74.52366212611562,60.12343617193946],[-68.21383765342296,57.03704553219471],[-64.59723094346496,58.15038074970358]]],[[[-84.12235733548047,65.34141119571095],[-86.24284073391797,64.54231604190235],[-85.46279617825391,63.205516420320315],[-82.10960861721875,64.6435733661211],[-84.12235733548047,65.34141119571095]]]]},"properties":{"NAME":"Thule","SUBJECTO":"Thule","PARTOF":"Thule"}},
{"type":"Feature","geometry":{"type":"Polygon","coordinates":[[[87.20627555014318,49.60604875570896],[85.51557830875312,48.41095961683674],[77.18128826938226,46.782874312556444],[74.06566582475763,45.542142661719026],[68.22752273894962,42.24242135981991],[64.5310697758558,40.1531843533753],[65.07710209505649,39.53434772494786],[68.57842650276659,37.12842877446031],[72.02654188250249,35.60796864563479],[74.65917468177244,34.96443618359102],[77.9775895576193,34.873103664072296],[82.69337400448043,34.74331143158989],[86.82103604183499,35.11185268492512],[89.91678256985091,35.18556093559216],[90,36.51230944759898],[91.68578058586002,36.36489294626489],[95.51860962054639,37.10197545293535],[95.15006836721116,37.69164145827171],[95.59231787121342,38.94468171961149],[99.27761667761577,38.981719898570304],[102.92628881258447,39.01838997027853],[119.60429468774207,42.029571993653185],[131.86515334567187,43.290381990388674],[132.95279983004687,42.669540010408205],[134.1389417978203,42.99295385928516],[136.03397658785937,44.39840658755664],[137.72051528414843,45.996680818513674],[140.08100417575,48.50260504336719],[141.12119582614062,53.051631532625],[140.10245803317187,53.80170401187305],[138.41680434664843,54.09191092105274],[136.48705581042677,53.654841982205966],[126.43676989997174,54.917240104841824],[118.10962183723511,56.89317354345729],[109.07678326070727,57.59886405724852],[102.58571378556123,57.29554305373703],[87.20627555014318,49.60604875570896]]]},"properties":{"NAME":"Chagatai Khanate","SUBJECTO":"Chagatai Khanate","PARTOF":"Chagatai Khanate"}},
{"type":"Feature","geometry":{"type":"Polygon","coordinates":[[[102.58571378556123,57.29554305373703],[93.97500626557478,56.89317354345729],[85.08330579180519,58.16341646828151],[77.03843393458506,61.974145242754204],[75.23862977019192,62.1341278351447],[75.66408415320137,58.61500359769926],[78.39786864332953,58.58887058703125],[82.53616626600059,57.08035531913417],[79.3007699428214,54.399005245635244],[78.80450682888119,54.39358501806853],[87.20627555014318,49.60604875570896],[102.58571378556123,57.29554305373703]]]},"properties":{"NAME":"Oirat Confederation","SUBJECTO":"Oirat Confederation","PARTOF":"Oirat Confederation"}},
{"type":"Feature","geometry":{"type":"Polygon","coordinates":[[[59.983740747051954,26.51188909497121],[65.51935159905877,26.93023686088304],[66.99351661239967,27.741027618220542],[69.56846972061388,29.95594150131562],[70.34162650159193,31.38417418540322],[72.02654188250249,35.60796864563479],[68.57842650276659,37.12842877446031],[65.07710209505649,39.53434772494786],[64.5310697758558,40.1531843533753],[68.22752273894962,42.24242135981991],[66.66606251877415,44.42658302668195],[61.27115266643268,46.25556180691702],[60.94361047461047,44.44112794636124],[60.07694589898692,43.608606228433],[58.878617465573335,43.84928936262868],[55.64244600967464,40.05030547961718],[54.07141784152148,38.89694555850391],[53.98448852023242,36.78191336245899],[57.190319273682604,30.763065895569415],[59.18044204169284,28.478110124891],[59.983740747051954,26.51188909497121]]]},"properties":{"NAME":"Timurid Emirates","SUBJECTO":"Timurid Emirates","PARTOF":"Timurid Emirates"}},
{"type":"Feature","geometry":{"type":"MultiPolygon","coordinates":[[[[8.582376513091308,39.06576880069141],[9.478920015898925,39.14415701480274],[9.793739351836425,40.56368216128711],[8.240707430449707,40.85533865542774],[8.582376513091308,39.06576880069141]]],[[[13.760507236170481,41.20669841632788],[15.666200670806152,40.091861329988284],[17.084080729094726,40.52511175723438],[14.076401988875073,42.6337763953921],[13.760507236170481,41.20669841632788]]],[[[14.21591285189746,37.0493236407793],[15.027343782988769,36.74511679263477],[15.386741671172363,38.20554693789844],[12.454147371855957,37.766009889558596],[14.21591285189746,37.0493236407793]]],[[[-0.907353666218537,42.881297670320315],[-2.130006796731537,41.816570404078114],[-1.80693318636912,39.857512826356974],[-1.940475192459839,36.95159872622852],[0.172570082751495,38.738345704988284],[-0.394848432930726,39.434459291414065],[0.879201922026855,41.0217357501543],[3.128878864852172,41.85722693057422],[3.001891169158203,42.77080877871875],[1.728236340524384,42.501004432498135],[-0.907353666218537,42.881297670320315]]]]},"properties":{"NAME":"Aragón","SUBJECTO":"Aragón","PARTOF":"Aragón"}},
{"type":"Feature","geometry":{"type":"Polygon","coordinates":[[[77.99743626561295,16.465319160725013],[78.32174567760443,17.41541742915295],[78.17326478847012,19.01271017525656],[77.38743409986243,18.770916117223425],[77.17392081962738,16.658273812483774],[77.99743626561295,16.465319160725013]]]},"properties":{"NAME":"Bidar","SUBJECTO":"Bidar","PARTOF":"Deccan Sultanates"}},
{"type":"Feature","geometry":{"type":"Polygon","coordinates":[[[77.99743626561295,16.465319160725013],[77.17392081962738,16.658273812483774],[77.38743409986243,18.770916117223425],[75.41238086827632,18.499855690839688],[73.39573464248812,16.6164075182339],[73.4942371633562,16.287958595761864],[76.10339571827987,15.966134574159993],[77.48542541828698,16.31164199916177],[77.92243661540213,16.245599858221798],[77.99743626561295,16.465319160725013]]]},"properties":{"NAME":"Bijapur","SUBJECTO":"Bijapur","PARTOF":"Deccan Sultanates"}},
{"type":"Feature","geometry":{"type":"Polygon","coordinates":[[[76.9282456403432,23.89692302722776],[73.71308028726574,22.945315502172253],[74.27144928500712,21.905666264880928],[73.48528545488139,19.906576034685543],[72.85335067233203,19.244680009797854],[73.39573464248812,16.6164075182339],[75.41238086827632,18.499855690839688],[77.38743409986243,18.770916117223425],[78.17326478847012,19.01271017525656],[78.53339335239603,19.12351896415684],[78.57282758004725,20.438284063905545],[76.09256220492745,21.046963981675567],[76.9282456403432,23.89692302722776]]]},"properties":{"NAME":"Ahmadnagar","SUBJECTO":"Ahmadnagar","PARTOF":"Deccan Sultanates"}},
{"type":"Feature","geometry":{"type":"Polygon","coordinates":[[[82.3230553009172,17.004105065534894],[79.9555400983786,17.603736467699896],[79.32813168496313,17.23299513249984],[78.75228597662682,19.19087054084324],[78.53339335239603,19.12351896415684],[78.17326478847012,19.01271017525656],[78.32174567760443,17.41541742915295],[77.99743626561295,16.465319160725013],[77.92243661540213,16.245599858221798],[79.43194022866344,16.017480187525738],[80.45975783785937,15.773146234468264],[81.08790114840625,15.826792322114748],[82.3230553009172,17.004105065534894]]]},"properties":{"NAME":"Golkonda","SUBJECTO":"Golkonda","PARTOF":"Deccan Sultanates"}},
{"type":"Feature","geometry":{"type":"Polygon","coordinates":[[[82.54595750314634,23.24482432753075],[78.95090950321186,23.95926544636969],[78.27712567681345,24.296157359568895],[76.9282456403432,23.896923027227757],[76.09256220492745,21.046963981675567],[78.57282758004725,20.438284063905545],[78.53339335239603,19.123518964156844],[78.75228597662682,19.19087054084324],[79.32813168496313,17.23299513249984],[81.86185280164281,18.730193974174206],[84.30392613659156,20.751919203880185],[82.54595750314634,23.24482432753075]]]},"properties":{"NAME":"Islamic states","SUBJECTO":"Islamic states","PARTOF":"Islamic states"}},
{"type":"Feature","geometry":{"type":"Polygon","coordinates":[[[101.65736732451045,19.661170456750355],[99.84117787233083,20.481864939489157],[98.66999851710162,18.397251431266096],[97.57322219332812,16.4450698718584],[97.82298568209765,14.61600836367969],[98.48591903170703,13.111775957063479],[98.73837569674609,11.435081087068362],[98.1771726938164,8.600222192720217],[99.02450850924609,7.871374689058108],[100.1391096445,6.177317224458498],[100.66430953463671,3.903745017961306],[101.26427749117968,3.225161157563967],[103.33394155595983,3.393729771446281],[103.34182265719531,4.805444799379153],[101.55989364108203,6.739531599000735],[100.61492446383593,6.97892864795093],[100.131541285125,8.53205069156055],[99.07134536227343,9.898278795198244],[99.89526656588671,12.079245172456545],[100.8716307016289,12.67854269595508],[102.67077926119921,12.03772410006885],[103.65654406918522,12.846401845542832],[105.01560168467714,13.406013804863036],[107.4802961679375,13.256602846101565],[107.46341231783984,14.996761880830569],[107.10751632174609,16.169568620637698],[105.57353084205278,17.880943206122055],[104.93303328914885,17.450882697816272],[104.11128589995545,17.998714290611886],[101.64604373237519,17.998714290611886],[101.65736732451045,19.661170456750355]]]},"properties":{"NAME":"Ayutthaya","SUBJECTO":"Ayutthaya","PARTOF":"Ayutthaya"}},
{"type":"Feature","geometry":{"type":"Polygon","coordinates":[[[32.158672826313655,69.6900519979009],[28.30841353854297,70.9486499652422],[24.570508036223632,70.74138220401173],[23.203606638518554,69.94277533145313],[19.821213755217773,69.36973150821095],[18.400222064951013,67.23493152423117],[18.534030738741084,66.43207948149077],[21.87924758349281,66.96731417665103],[25.62589044961474,66.69969682907089],[30.46871805492153,67.48594399194793],[28.902152032819235,68.35596032285164],[32.158672826313655,69.6900519979009]]]},"properties":{"NAME":"Sámi","SUBJECTO":"Sámi","PARTOF":"Sámi"}},
{"type":"Feature","geometry":{"type":"Polygon","coordinates":[[[67.85209448247736,61.67359318330169],[70.97027739959411,64.244828715124],[72.36169195612237,62.93862149326707],[74.37151298221869,63.07895426139875],[75.23862977019192,62.1341278351447],[77.03843393458506,61.974145242754204],[85.08330579180519,58.16341646828151],[93.97500626557478,56.89317354345729],[102.58571378556123,57.29554305373703],[109.07678326070727,57.59886405724852],[118.10962183723511,56.89317354345729],[126.43676989997174,54.917240104841824],[136.48705581042677,53.654841982205966],[136.49160293052938,54.4554935323781],[134.98522475670126,54.853934847075365],[137.22909072349813,55.98272284146013],[140.58739760826376,58.239310823637865],[142.84585097740438,59.27252539272966],[148.41608718345907,59.09739264126482],[151.14020827720907,59.43957098599138],[152.504206690295,58.76871832485857],[153.92443374107626,58.922347627837084],[154.3156538338497,59.98334845181169],[157.09798720787313,61.63339956875505],[158.84125808189657,61.78396948452654],[160.64498427818563,60.71775396938982],[164.1376753182247,62.532653413969896],[163.32929519127157,60.69494970913591],[158.32625869224813,58.026820741850756],[156.77685073326376,57.58045538540544],[155.62757399986532,56.26791723843279],[155.46520522545126,54.91977270718279],[156.69637587974813,50.957748018462084],[157.89777663658407,51.66602285977068],[158.4613600106075,52.82596167202654],[159.89686110924032,53.24057730313005],[159.93114760826376,54.086356722075365],[162.00820449302938,54.73822363491716],[161.502741846545,55.287372194487475],[162.51240066002157,57.033492647368334],[161.80436232994344,58.1017223226613],[163.38868239830282,59.81406363125505],[165.77999404381063,60.35411413784685],[170.33680251549032,60.27710302944841],[173.48090651939657,61.601100527007006],[179.2876997322872,62.81507834072771],[178.14725783775594,64.15663488979997],[180,64.95347937222185],[180,65.05193670864763],[180,65.31103094692888],[180,65.38163336392107],[180,65.96313055630388],[180,66.96313055630388],[180,67.96313055630388],[180,68.91989477749529],[175.61097243736532,69.77942999478044],[170.45170119713094,70.0192142355031],[167.32007888267782,69.65857275601091],[161.96099379967,69.52816351528826],[159.44381240318563,69.76456030483904],[158.4086714119747,70.81418951626482],[152.1340132088497,70.66443213101091],[146.91512587974813,72.20190008755388],[141.29397109459188,72.78707464810076],[137.62967971275594,71.07541998501482],[132.28361037681844,71.66087683315935],[130.7792768807247,70.67834051724138],[126.2164411873653,72.38231238003435],[125.71732619713093,73.39780005093279],[120.57851699302937,72.83511694546404],[118.46038344810749,73.51922949429216],[108.33986190269734,73.69124182339372],[113.62504867027546,75.27267035122576],[113.53300765465046,76.0936542379445],[108.24447158287312,76.64641913052263],[103.39330581138874,77.5577884542531],[99.46723464439656,75.96692236538591],[90,75.60154303188982],[86.95832351158406,74.78206213589372],[87.69079116295124,73.90001257534685],[80.46401503990437,73.31357916470232],[79.22255996177937,72.2712894308156],[73.21685317466999,71.45773657437029],[74.24957564781452,70.5729480611867],[73.91452315758015,69.15427740688982],[74.74171737144734,67.68622168179216],[72.20881179283406,66.17345770474138],[69.08476546729746,66.68753393741852],[66.50797799864696,66.53156291025425],[65.47673079483178,64.68781480191561],[66.04172919884515,63.59908156784637],[65.06232041091931,62.969310395224056],[67.85209448247736,61.67359318330169]]]},"properties":{"NAME":"Siberians","SUBJECTO":"Siberians","PARTOF":"Siberians"}},
{"type":"Feature","geometry":{"type":"Polygon","coordinates":[[[56.371764956718366,57.363878684925865],[52.8615103097832,46.93716009707813],[53.14924910983203,45.95704611392383],[51.51272872408984,45.37257345767383],[50.874304804412105,44.62624701114063],[51.17103484591601,43.71806677432422],[52.51981643160937,42.072555147126955],[53.98521712741015,42.10553701968555],[54.81849578341601,40.87956961245899],[53.257300409880855,40.764632783845705],[52.84545043429492,40.18038138003711],[54.07141784152148,38.89694555850391],[55.64244600967464,40.05030547961718],[58.878617465573335,43.84928936262868],[58.19851459213994,44.519655010233876],[58.81544552581277,45.931203365557586],[60.2705078125,46.69970703125],[61.27115266643268,46.25556180691702],[66.66606251877415,44.42658302668195],[68.22752273894962,42.24242135981991],[74.06566582475763,45.542142661719026],[77.18128826938226,46.782874312556444],[85.51557830875312,48.41095961683674],[87.20627555014318,49.60604875570896],[78.80450682888119,54.39358501806853],[68.59135730718171,54.282036137997714],[64.67878500938362,55.97380969520192],[64.2273343596377,57.66184452184806],[65.89851441865153,59.72904863682564],[65.40600056386982,60.00166971419421],[61.30740542201808,58.835831528167866],[58.580954966621995,57.58018821352842],[56.371764956718366,57.363878684925865]]]},"properties":{"NAME":"White Horde","SUBJECTO":"White Horde","PARTOF":"White Horde"}},
{"type":"Feature","geometry":{"type":"Polygon","coordinates":[[[56.343768131113166,57.359235439819514],[52.783563617180135,46.948622960411875],[52.8615103097832,46.93716009707813],[56.371764956718366,57.363878684925865],[56.37176495671807,57.36387868492584],[56.343768131113166,57.359235439819514]]]},"properties":{"NAME":null,"SUBJECTO":null,"PARTOF":null}},
{"type":"Feature","geometry":{"type":"Polygon","coordinates":[[[56.37176495671807,57.36387868492584],[56.34444110035853,57.36120331048442],[56.343768131113166,57.359235439819514],[56.37176495671807,57.36387868492584]]]},"properties":{"NAME":null,"SUBJECTO":null,"PARTOF":null}},
{"type":"Feature","geometry":{"type":"Polygon","coordinates":[[[39.126165488684656,55.17143508445812],[38.176112141202275,53.97314164574755],[40.513639940151855,53.85171889290343],[39.126165488684656,55.17143508445812]]]},"properties":{"NAME":"Ryazan","SUBJECTO":"Ryazan","PARTOF":"Ryazan"}},
{"type":"Feature","geometry":{"type":"Polygon","coordinates":[[[56.343768131113166,57.359235439819514],[46.87531888461633,56.44538613691696],[45.71822213035606,55.348101417761576],[43.97390395669196,54.82321639286512],[44.43514591035459,53.71930113086838],[43.99070027596602,52.61850811777212],[41.300450626979014,52.30530168374731],[39.63989148276066,51.74846898964323],[37.69930629834532,52.73640326534558],[36.86001366692355,52.09459125308187],[38.291748155819505,51.20592846687059],[38.13611358684011,49.04904202943989],[40.02647141522063,49.080365976747565],[42.586951622507385,50.909707538133496],[43.67309502787673,50.86033738334398],[44.364277194929954,49.42860289444802],[42.524167467140586,47.0509879345626],[41.30960614170756,43.55716533432493],[43.61690948985557,43.77276186641766],[45.38218596896289,42.62306936831836],[47.35008529147265,41.442325197175784],[47.49336150607226,43.58319052310352],[46.84594634493945,44.44641073794727],[47.556304010955074,45.4534984454668],[49.534514460173824,46.54151877017383],[51.36885741671679,47.09002264590625],[52.783563617180135,46.948622960411875],[56.343768131113166,57.359235439819514]]]},"properties":{"NAME":"Golden Horde","SUBJECTO":"Golden Horde","PARTOF":"Golden Horde"}},
{"type":"Feature","geometry":{"type":"Polygon","coordinates":[[[32.90732248224336,52.40088942632782],[32.943486159550474,51.89675171887084],[33.395615169016445,51.77992825005288],[33.654511369927356,52.36256651651616],[32.90732248224336,52.40088942632782]]]},"properties":{"NAME":"Novgorod-Seversky","SUBJECTO":"Novgorod-Seversky","PARTOF":"Novgorod-Seversky"}},
{"type":"Feature","geometry":{"type":"Polygon","coordinates":[[[27.581015363247555,58.231117703251044],[29.872696098900843,58.114411631653134],[31.169848179778224,57.1120242258203],[30.776741301074846,56.07208713755613],[32.20804470799959,54.863963071722274],[32.555269314703956,53.31918831374814],[30.854099441258455,51.54064855462102],[33.6929575030712,51.34239032304902],[36.86001366692355,52.09459125308187],[37.69930629834532,52.73640326534558],[39.63989148276066,51.74846898964323],[41.300450626979014,52.30530168374731],[43.99070027596602,52.61850811777212],[44.43514591035459,53.71930113086838],[43.97390395669196,54.82321639286512],[45.71822213035606,55.348101417761576],[46.87531888461633,56.44538613691696],[56.343768131113166,57.359235439819514],[56.34444110035853,57.36120331048442],[56.371764956718366,57.363878684925865],[58.580954966621995,57.58018821352842],[61.30740542201808,58.835831528167866],[65.40600056386982,60.00166971419421],[65.89851441865153,59.72904863682564],[68.62179070597223,59.80803347137739],[69.66596454589364,60.670951553340856],[67.85209448247736,61.67359318330169],[65.06232041091931,62.969310395224056],[66.04172919884515,63.59908156784637],[65.47673079483178,64.68781480191561],[66.50797799864696,66.53156291025425],[69.08476546729746,66.68753393741852],[69.79152205894734,66.7549320089406],[70.83993056724812,66.55140265103044],[71.34951308677937,66.66239508267107],[73.39364913414265,68.38238867397966],[72.52553084800984,69.06907995815935],[72.67970565269734,70.823512636382],[71.79755691002156,71.43180426235857],[72.7139997811153,72.76958807583513],[69.34311202476765,72.83426245327654],[66.81797316978718,71.10538061733904],[67.42175582359577,70.22343023892107],[66.58425429771687,68.88553961392107],[62.2812719673946,69.7051273214406],[57.02422622164843,68.44890936465626],[53.88911727389453,68.78699835391407],[48.08066085299609,67.56245764346485],[45.86343673190234,68.38334997744923],[43.82216552218554,68.32731970401173],[44.383608851042965,66.61201819033985],[42.21078780612109,66.41000708194142],[39.95132735690234,65.58116491885548],[39.19344237765429,64.51103552432423],[37.41054061373828,63.749496065095705],[35.081763300505855,64.28833349795704],[34.29341414889453,65.39624365420704],[35.77174666842578,66.25886877627735],[39.19002822360156,66.03870733828907],[41.2552976938164,66.93697699160938],[40.826052698699215,67.66004522891407],[37.24586394747851,68.7934985980547],[32.158672826313655,69.6900519979009],[28.902152032819235,68.35596032285164],[30.46871805492153,67.48594399194793],[31.11602034561944,67.06682203827701],[30.065044621152076,64.55977823945089],[30.434281578326694,63.415819968255285],[32.22307225828601,62.84757902596933],[29.72705078125,61.84794921875002],[30.928500363757202,61.099656847765026],[31.653789165834095,59.52564149113044],[27.77145810972306,58.891166933607025],[27.650492184401756,58.84330601458431],[27.581015363247555,58.231117703251044]],[[39.126165488684656,55.17143508445812],[40.513639940151855,53.85171889290343],[38.176112141202275,53.97314164574755],[39.126165488684656,55.17143508445812]],[[32.90732248224336,52.40088942632782],[33.654511369927356,52.36256651651616],[33.395615169016445,51.77992825005288],[32.943486159550474,51.89675171887084],[32.90732248224336,52.40088942632782]]]},"properties":{"NAME":"Grand Duchy of Moscow","SUBJECTO":"Grand Duchy of Moscow","PARTOF":"Grand Duchy of Moscow"}},
{"type":"Feature","geometry":{"type":"Polygon","coordinates":[[[67.85209448247736,61.67359318330169],[69.66596454589364,60.670951553340856],[68.62179070597223,59.80803347137739],[65.89851441865153,59.72904863682564],[64.2273343596377,57.66184452184806],[64.67878500938362,55.97380969520192],[68.59135730718171,54.282036137997714],[79.3007699428214,54.399005245635244],[82.53616626600059,57.08035531913417],[78.39786864332953,58.58887058703125],[75.66408415320137,58.61500359769926],[75.23862977019192,62.1341278351447],[74.37151298221869,63.07895426139875],[72.36169195612237,62.93862149326707],[70.97027739959411,64.244828715124],[67.85209448247736,61.67359318330169]]]},"properties":{"NAME":"Khanate of Sibir","SUBJECTO":"Khanate of Sibir","PARTOF":"Khanate of Sibir"}},
{"type":"Feature","geometry":{"type":"MultiPolygon","coordinates":[[[[27.77145810972306,58.891166933607025],[27.661188779931567,58.937558034835455],[27.650492184401756,58.84330601458431],[27.77145810972306,58.891166933607025]]],[[[27.822714884859057,56.72547289790126],[28.812678436232478,56.88349626766491],[30.776741301074846,56.07208713755613],[31.169848179778224,57.1120242258203],[29.872696098900843,58.114411631653134],[27.581015363247555,58.231117703251044],[27.822714884859057,56.72547289790126]]]]},"properties":{"NAME":"Pskov","SUBJECTO":"Pskov","PARTOF":"Pskov"}},
{"type":"Feature","geometry":{"type":"Polygon","coordinates":[[[178.175537,-18.241665],[178.170532,-17.342499],[177.510254,-17.509445],[177.333313,-18.119446],[178.175537,-18.241665]]]},"properties":{"NAME":"Tuʻi Tonga Empire","SUBJECTO":"Tuʻi Tonga Empire","PARTOF":"Tuʻi Tonga Empire"}},
{"type":"Feature","geometry":{"type":"Polygon","coordinates":[[[-109.241386,-27.133057],[-109.365837,-27.063335],[-109.42778,-27.201946],[-109.241386,-27.133057]]]},"properties":{"NAME":"Polynesians","SUBJECTO":"Polynesians","PARTOF":"Polynesians"}},
{"type":"Feature","geometry":{"type":"MultiPolygon","coordinates":[[[[41.48396209200976,41.436542116121096],[40.36101439913867,40.963443361238284],[38.6511831613457,40.92156942935352],[36.38289550265429,41.23751791568164],[35.957793268767574,41.685645662263674],[33.55554107150195,41.982501588777346],[30.744805368987304,41.04032476992969],[26.127575907317382,39.878558717683596],[26.70794394930957,39.18212851138477],[27.160407099333984,37.36008032412891],[30.472832712737304,36.18825491519336],[31.37069037875293,36.712344728425784],[33.171336207,35.97088202090625],[34.48512938937304,36.626781068757815],[35.89087584933398,36.7711139545],[36.49442451607618,37.369167861603394],[38.609688547521756,38.36804254311937],[41.2117525587671,40.243789637618185],[41.48396209200976,41.436542116121096]]],[[[17.30407422969127,43.07620747861257],[19.60696509799121,41.761539064363284],[19.369067225066406,40.26028021426563],[20.028559717742187,39.81378134341602],[21.22843078097461,37.90490683169727],[22.638745340911132,37.492286287263674],[23.555766138640625,38.351764284089846],[22.720257792083007,39.287269197419924],[22.60226539095996,40.39723929019336],[23.885952982512695,40.732894502595705],[28.827807459441406,40.91469915957813],[27.50195029696582,42.51634558291797],[28.445693049041015,43.476363740876955],[28.686247858611328,44.48805197329883],[30.83285621127246,46.57659109683399],[32.00743848810459,46.90592190895213],[30.88622493739214,47.453796702867386],[28.368347043126835,45.33088004691821],[26.539548388414325,45.250358698713015],[23.542637777287393,45.856117226493986],[18.93864747832931,44.39284710591741],[16.701476130095703,43.84666021914844],[16.639813456145507,43.38973578067188],[16.992262873259765,43.32271536441211],[17.30407422969127,43.07620747861257]]]]},"properties":{"NAME":"Ottoman Empire","SUBJECTO":"Ottoman Empire","PARTOF":"Ottoman Empire"}}
]}