{"type":"FeatureCollection", "features": [
{"type":"Feature","geometry":{"type":"Polygon","coordinates":[[[40.38988402804492,14.905787073091311],[39.51792815646289,15.463048540071291],[38.96278113754671,17.191577028193105],[38.04318950329174,16.232013050756727],[38.04318950329174,15.006635231701111],[39.63618066806404,14.148870758362172],[40.38988402804492,14.905787073091311]]]},"properties":{"NAME":"Ottoman Empire","SUBJECTO":"Ottoman Empire","PARTOF":"Ottoman Empire"}},
{"type":"Feature","geometry":{"type":"MultiPolygon","coordinates":[[[[136.72185805758593,37.265933595613284],[136.66849807223437,36.66749533267383],[135.15697768649218,35.646468721345705],[132.66285232028125,35.380626283601565],[130.89904311617968,33.90366705508594],[134.4273176523125,34.628177247957034],[135.75567153414843,33.34231527896289],[136.73385146578906,34.874087892488284],[138.14905837496875,34.52788122744922],[139.42260268649218,35.165511690095705],[140.31661513766406,35.033816896394534],[140.8722181650078,37.91744955630664],[141.9981184335625,39.67198904605274],[141.15255263766406,40.86541708560352],[139.91515639742968,40.574954591707034],[140.03008559664843,39.48317679019336],[139.19793227633593,37.92043264956836],[137.46403029879687,36.85367926211719],[136.72185805758593,37.265933595613284]]],[[[132.6987562509453,32.54885824771289],[133.99859145602343,33.14826925845508],[134.54041579684375,34.012698732332034],[132.78431228121875,33.90752371402149],[132.1211195321953,33.34754904361133],[132.6987562509453,32.54885824771289]]],[[[130.74401381930468,30.887834154084963],[131.83098891696093,32.69308813662891],[131.6698255868828,33.30853231997852],[130.42656997164843,33.674171052888674],[129.34337905367968,33.15138968081836],[130.74401381930468,30.887834154084963]]],[[[140.1124525400078,41.27311285586719],[140.24552443942187,42.22844275088672],[141.9281263681328,42.50126226992969],[143.21375564059375,41.92653997989063],[143.8479261728203,42.77464636416797],[145.44813064059375,43.169559083894534],[145.05938247164843,43.78576620669727],[143.50817397555468,44.15576132388477],[141.87533095797656,45.43542440982227],[141.30364516696093,43.187030397371096],[139.7117414804375,42.47759588809375],[140.1124525400078,41.27311285586719]]]]},"properties":{"NAME":"Tokugawa Shogunate","SUBJECTO":"Tokugawa Shogunate","PARTOF":"Tokugawa Shogunate"}},
{"type":"Feature","geometry":{"type":"Polygon","coordinates":[[[120.3162502807665,24.046422528539278],[120.02075484713671,23.61978491397266],[120.11343673190234,22.6418529376543],[120.52810195407031,22.096486650422854],[120.57657912692187,21.950509630159182],[120.62239364108203,21.92519911380176],[120.72464278658984,21.988931261018557],[120.78197768649218,22.34474142642383],[121.18240645846484,23.03791006656055],[121.38181961955995,23.747186745911844],[120.67012842440555,23.864822638890246],[120.3162502807665,24.046422528539278]]]},"properties":{"NAME":"Dutch Formosa","SUBJECTO":"Netherlands","PARTOF":"Dutch Formosa"}},
{"type":"Feature","geometry":{"type":"Polygon","coordinates":[[[-82.17722794094922,22.365911088899416],[-79.7345475820625,21.671853624299807],[-78.72787949124219,21.61678846927051],[-78.45036026516797,20.969003282502932],[-77.29118057766797,20.70449598880176],[-77.46084305325391,19.87143477054004],[-75.51905533352735,19.907353959993166],[-75.60392471829297,21.013194642976565],[-77.33981796780469,21.51166494937305],[-79.75995346585157,22.75878294558887],[-81.43114944973829,23.136655412629885],[-82.17722794094922,22.365911088899416]]]},"properties":{"NAME":"Cuba (Spain)","SUBJECTO":"Spanish Habsburg","PARTOF":"Cuba (Spain)"}},
{"type":"Feature","geometry":{"type":"Polygon","coordinates":[[[-71.550587621125,19.89672239871387],[-72.6764650014961,19.39217909427051],[-72.74589249173047,18.508500657991213],[-71.40075394192579,17.704131685212893],[-70.62097641507032,18.506677232698244],[-68.65684982815625,18.8731761798418],[-70.88160416165235,19.929931245759768],[-71.550587621125,19.89672239871387]]]},"properties":{"NAME":"Hispaniola (Spain)","SUBJECTO":"Spanish Habsburg","PARTOF":"Hispaniola (Spain)"}},
{"type":"Feature","geometry":{"type":"MultiPolygon","coordinates":[[[[120.36362746676562,14.530945383027834],[121.00936416110156,13.655685029939455],[121.72879317721484,14.108259759858889],[121.24220565280078,15.307833276704592],[122.3955793710625,17.114329896882815],[122.02781203707812,18.009172044709963],[121.03637221774218,18.527911745027346],[120.39307692965625,18.043792329744143],[120.30344680270312,16.417462907747073],[119.77184585055468,15.469834886506838],[120.36362746676562,14.530945383027834]]],[[[121.87300399264453,10.468407236055178],[122.89682296237109,11.150391183809084],[121.99363997897265,11.758330903962893],[121.87300399264453,10.468407236055178]]],[[[126.0452375741875,6.608192525819582],[126.27187636813281,8.425783716157717],[125.93394759616015,9.17475088687305],[123.46498397311328,7.790728651002688],[124.22405532321093,6.089605890229983],[126.0452375741875,6.608192525819582]]]]},"properties":{"NAME":"Philippines","SUBJECTO":"Philippines","PARTOF":"Philippines"}},
{"type":"Feature","geometry":{"type":"Polygon","coordinates":[[[44.67219832858203,-16.23558083920117],[43.971648249236324,-17.552675642057615],[44.47033599337695,-20.17013780026074],[43.5010252328789,-21.49418679623242],[43.37636474093554,-22.63212624935742],[43.67141250094531,-24.226787962003904],[44.425330195037105,-25.31205026058789],[45.576182398406246,-25.621076978727537],[47.25847915133593,-24.765831388517576],[48.087378534880855,-22.04376069454785],[49.34185317477343,-18.227621473356443],[49.42470839938281,-17.197809614225584],[50.50334075411914,-15.314229406400877],[49.8171873422539,-12.830713666959959],[48.75133803805468,-13.417710699125486],[46.92456725558398,-15.360046781583982],[44.67219832858203,-16.23558083920117]],[[48.01471769870798,-17.022773083871385],[48.488183848332966,-20.041119787730583],[47.18615193686429,-23.1186497602929],[45.52902041317688,-23.592115909917876],[45.2922873383644,-22.645183610667928],[46.6535025185362,-17.73297230830884],[48.01471769870798,-17.022773083871385]]]},"properties":{"NAME":"Madagascar","SUBJECTO":"Madagascar","PARTOF":"Madagascar"}},
{"type":"Feature","geometry":{"type":"MultiPolygon","coordinates":[[[[175.3076887460625,-37.32097665218945],[174.2168684335625,-35.33676568417187],[173.16649917086718,-35.420879758878904],[174.76465896090625,-37.29654351620312],[174.6547346445,-38.983257688566404],[173.80480483492968,-39.41970483212109],[175.3535871835625,-40.29998055843945],[176.01143935641406,-41.25534478573437],[177.1565656991875,-39.85422173885937],[178.40819838961718,-38.77115289120312],[175.3076887460625,-37.32097665218945]]],[[[172.06266311129687,-43.92314187435742],[174.2335462900078,-42.0112346783125],[173.26403335055468,-41.54367486385937],[171.45835402926562,-41.99285165218945],[171.02405837496875,-42.886883176847654],[168.41573623141406,-44.220909513517576],[167.13749221285937,-45.19984856991406],[166.52276137789843,-46.232723630949216],[169.39930251559375,-46.70957223324414],[170.61156753024218,-45.946060575529295],[171.37786391696093,-44.337749876066404],[172.06266311129687,-43.92314187435742]]]]},"properties":{"NAME":"Maori","SUBJECTO":"Maori","PARTOF":"Maori"}},
{"type":"Feature","geometry":{"type":"Polygon","coordinates":[[[-24.218850102814454,65.53374060244923],[-21.95479675808789,65.37804754825001],[-22.372910466583985,63.77318533511524],[-18.641863789948243,63.32381781192188],[-14.821200337799805,64.19502600283985],[-13.646900144013184,65.49534185977345],[-16.92214104214551,65.97755011172657],[-24.218850102814454,65.53374060244923]]]},"properties":{"NAME":null,"SUBJECTO":null,"PARTOF":null}},
{"type":"Feature","geometry":{"type":"MultiPolygon","coordinates":[[[[-6.343146768006104,53.93964346499805],[-6.018187966736573,55.093001924470705],[-8.345380750092286,55.09528311343555],[-8.590084996613282,54.20284994693164],[-9.890640225800293,52.19443091006641],[-9.819109883698243,51.434554658845705],[-6.405971017273682,52.21443899722461],[-6.343146768006104,53.93964346499805]]],[[[-2.296936633546925,55.82392932944124],[-3.174440671307445,54.84460798797341],[-2.914475407990235,53.26714285464649],[-4.317542043122071,53.09120901675586],[-4.159330811890381,51.67681463809375],[-3.521466937454957,50.61743124575977],[0.191810223666412,50.73128470034961],[1.691691670027954,52.311420045808596],[-0.319215585085171,53.57891424746875],[-2.296936633546925,55.82392932944124]]]]},"properties":{"NAME":"England and Ireland","SUBJECTO":"England and Ireland","PARTOF":"England and Ireland"}},
{"type":"Feature","geometry":{"type":"Polygon","coordinates":[[[-8.806055035980958,41.889178834871096],[-6.708704438599366,41.96004446597461],[-6.933383431824463,38.961349092439455],[-7.491503682526368,37.20815619082813],[-6.632153954895752,37.02175100894336],[-5.660587277802247,36.008006654695315],[-4.446585622223633,36.72201880069141],[-2.238797393234986,36.728396974519534],[-0.918272283467072,37.57034262271289],[0.172570082751495,38.738345704988284],[-0.394848432930726,39.434459291414065],[0.879201922026855,41.0217357501543],[3.128878864852172,41.85722693057422],[3.087081465331298,42.36864431949024],[0.744199428168518,42.77189215274219],[-0.611982133778351,42.73087652774219],[-1.914577808769959,43.3054157123125],[-7.636274781616944,43.721412263826174],[-9.270803418549317,43.048690401033205],[-8.806055035980958,41.889178834871096]]]},"properties":{"NAME":"Spain","SUBJECTO":"Spanish Habsburg","PARTOF":"Spain"}},
{"type":"Feature","geometry":{"type":"Polygon","coordinates":[[[-7.491503682526368,37.20815619082813],[-6.933383431824463,38.961349092439455],[-6.708704438599366,41.96004446597461],[-8.806055035980958,41.889178834871096],[-8.694069829376954,40.992171846345705],[-9.549007382782715,38.77451666446094],[-8.853651967438477,38.4996410235918],[-8.667059865387696,37.12144049258594],[-7.491503682526368,37.20815619082813]]]},"properties":{"NAME":"Portugal","SUBJECTO":"Portugal","PARTOF":"Portugal"}},
{"type":"Feature","geometry":{"type":"Polygon","coordinates":[[[-88.32046219387891,18.49439962954883],[-89.15433975735547,17.831187807039065],[-88.94077774563672,15.904618822053713],[-88.44453903714063,16.44117697329883],[-88.32046219387891,18.49439962954883]]]},"properties":{"NAME":"Belize","SUBJECTO":"Belize","PARTOF":"Belize"}},
{"type":"Feature","geometry":{"type":"MultiPolygon","coordinates":[[[[102.0738020273125,6.154240690187258],[101.76259902438281,5.586182676271243],[100.1587400766289,6.340098463014407],[100.66430953463671,3.903745017961306],[101.33639815768359,2.780523143724245],[103.42773726901171,1.380763731912417],[104.17563918551562,1.388738475755495],[103.30775741061328,3.026256643251223],[103.34182265719531,4.805444799379153],[102.0738020273125,6.154240690187258]]],[[[109.5175047250664,1.820520602182192],[110.54860213717578,0.726002536729617],[111.56202224215625,0.763813756421847],[112.39998153170703,1.429807148889346],[113.67678359469531,1.145051680520815],[114.65887740573046,1.595793567613406],[115.53003982028125,3.170721374467654],[115.70677474459765,4.156728349641604],[117.55868819674609,3.980721078828616],[119.04260543307421,5.169805131868166],[116.5956297250664,6.899092756227297],[114.96151259860156,4.876515947297854],[115.16134170016406,4.309385381654543],[114.43372634371875,3.998343549684328],[114.07372573336718,4.455024801210207],[112.75924972018359,3.008589826539797],[111.37182906588671,2.598927341417117],[110.81756118258593,1.244261227563662],[109.5175047250664,1.820520602182192]]]]},"properties":{"NAME":"Malaya","SUBJECTO":"Malaya","PARTOF":"Malaya"}},
{"type":"Feature","geometry":{"type":"MultiPolygon","coordinates":[[[[149.55416396578906,-6.406063951536375],[152.05868056735156,-5.4981354847395],[151.58762649020312,-4.901724733396726],[149.55416396578906,-6.406063951536375]]],[[[140.94761184176562,-9.273864187284666],[142.60740188082812,-9.376576818510252],[143.43680861910937,-8.357819952055173],[144.37983230075,-7.758321680113035],[145.81963637789843,-8.09844247250195],[146.64609816989062,-9.27887574581738],[147.87362197360156,-10.178817190214353],[149.78336623629687,-10.409889616056638],[149.8299055429375,-9.71058026699658],[148.58870986422656,-9.160280622526365],[147.37603286227343,-7.796340860410886],[146.90914443453906,-6.894825376554685],[147.3764906259453,-6.124768175169187],[145.59342483004687,-5.423136152311521],[145.728220972625,-4.997029222532468],[143.445506128875,-3.610096134229856],[140.8697767587578,-2.794752515836912],[140.94549087008593,-6.379222787901121],[140.94761184176562,-9.273864187284666]]]]},"properties":{"NAME":"Papous","SUBJECTO":"Papous","PARTOF":"Papous"}},
{"type":"Feature","geometry":{"type":"Polygon","coordinates":[[[7.159938845244628,53.16400106997852],[4.641012701598388,52.75569876284961],[3.775046858397705,51.38774450869922],[6.381445440856201,51.81990011783008],[7.159938845244628,53.16400106997852]]]},"properties":{"NAME":"Dutch Republic","SUBJECTO":"Dutch Republic","PARTOF":"Dutch Republic"}},
{"type":"Feature","geometry":{"type":"MultiPolygon","coordinates":[[[[-59.83440491238477,8.440183244661135],[-61.28992935696485,8.770693384126467],[-61.53086563626172,9.850575052217287],[-64.06826111355664,10.626809678987307],[-64.88365646878125,10.135678850129885],[-66.47811600247266,10.678809724763674],[-67.97961136380079,10.542116723970217],[-68.69460007229688,11.379503808931155],[-69.74783798733594,11.533459268525881],[-71.68795486966016,10.769269548372073],[-71.9878663686836,11.607564531282229],[-71.43680283108594,12.422281824067873],[-72.72308185593164,10.983406830819185],[-73.12703333099395,8.828998963820194],[-72.72308185593164,6.674591096821196],[-71.51122743074471,6.539940605133761],[-68.59177953741134,5.200856831325332],[-67.79770396868764,5.200856831325332],[-66.25985825493467,7.347843555258383],[-65.3173048131226,8.021096013695573],[-59.83440491238477,8.440183244661135]]],[[[-82.55992600003125,9.583112321809573],[-83.91412827053907,11.251382432893557],[-83.66236588040235,13.705296121553225],[-83.31351944485547,14.767507158235354],[-84.65045639553907,15.933375917390627],[-86.37202927151563,15.802567087129397],[-88.94077774563672,15.904618822053713],[-89.15433975735547,17.831187807039065],[-88.32046219387891,18.49439962954883],[-87.65071579495313,20.189910493806643],[-86.93589493313672,20.97639998050098],[-87.20057388821485,21.528873048738284],[-88.33372208157422,21.59004171939258],[-90,21.160729967073244],[-90,19.38150557132129],[-91.70248123684766,18.823484025911135],[-94.24197098294141,18.240150056794924],[-96.01226517239454,18.929256044343752],[-97.50419327298047,21.189153276399416],[-97.88202377835157,22.33262213321094],[-97.82254501858594,24.20810469241504],[-97.2599610952461,25.811372362092776],[-99.13596252406724,26.17715816220621],[-104.70427826101046,29.450533097031705],[-105.10005688787962,30.34103500748732],[-106.3863374252044,31.429426231377512],[-106.68206520519847,32.09481373636416],[-106.91355999981059,32.423125376352615],[-107.20671873308679,33.1940784924298],[-106.98000536550813,34.10093196274436],[-105.93125060152684,36.66988239945999],[-106.37952291603027,37.1815459697947],[-107.38058341154678,36.91564499898685],[-107.87989938844541,36.47002098541706],[-108.56214022291829,33.250105879982314],[-108.3515154586191,29.03761059399865],[-109.6152640444142,28.616361065400298],[-110.6683878659101,31.143858236990482],[-113.03100080907149,33.08817821906703],[-113.80928042848947,32.940776775995445],[-114.33442392857172,33.186937791659],[-114.25529952997977,33.421014137493536],[-117.49671646633985,33.32543142886524],[-116.70472427883985,31.59074553103809],[-115.60230728665235,29.685151658967776],[-114.06728836575391,28.42289312930469],[-114.4778566030586,27.243947587922854],[-112.41098495999219,26.19277151675586],[-112.16581436673047,25.01066740603809],[-110.22465988675,23.39993818850879],[-110.20493790188672,24.31546553225879],[-110.79756638089063,24.880048356965823],[-112.86987015286329,28.334659181550784],[-114.68277451077344,30.14322432132129],[-114.83865067044141,31.815496049836916],[-113.0520753530586,31.13870009036426],[-112.65433212796094,29.91851194949512],[-111.69163223782422,28.496102891877932],[-110.6044435171211,27.856137834504885],[-110.38207718411329,27.214393220857424],[-109.13188644925,26.288686357454104],[-105.53994461575391,22.284598909333987],[-104.94791122952344,19.43783911319141],[-103.49393936673047,18.353892885164065],[-101.9926042226875,18.02653082461719],[-101.2207765249336,17.41792257876758],[-98.85616013089063,16.596610628083987],[-97.88092514553907,16.052028261140627],[-96.3329362539375,15.750238977388186],[-95.13016983548047,16.299468599275393],[-94.0753907827461,16.11115988345508],[-91.51571365872266,14.058868013337893],[-87.94866653958204,13.171761117891116],[-86.01414200344922,11.367618165925784],[-85.77779099026563,10.138352952913088],[-85.0887956289375,9.583112321809573],[-83.6149415639961,9.151563249543948],[-82.95746323147657,8.047210298494143],[-82.55992600003125,9.583112321809573]]]]},"properties":{"NAME":"Vice-Royalty of New Spain","SUBJECTO":"Spanish Habsburg","PARTOF":"Vice-Royalty of New Spain"}},
{"type":"Feature","geometry":{"type":"Polygon","coordinates":[[[114.07372573336718,4.455024801210207],[114.43372634371875,3.998343549684328],[115.16134170016406,4.309385381654543],[114.96151259860156,4.876515947297854],[114.07372573336718,4.455024801210207]]]},"properties":{"NAME":"Brunei","SUBJECTO":"Brunei","PARTOF":"Brunei"}},
{"type":"Feature","geometry":{"type":"MultiPolygon","coordinates":[[[[140.8697767587578,-2.794752515836912],[137.8543196054375,-1.613961376234251],[136.27088454684375,-2.418122448011594],[135.24643996676562,-3.538871921583372],[134.28306106051562,-2.854586996122556],[133.90731337985156,-1.006078936144071],[132.25400832614062,-0.526697672887998],[131.21142104586718,-1.02463797478314],[132.71871474703906,-2.934237636610227],[132.71282485446093,-3.887547172590452],[134.04062941989062,-3.948230661436277],[137.38517287692187,-5.123125947996336],[137.82358840426562,-5.427235998197752],[139.15613845309375,-7.725116647764402],[140.94761184176562,-9.273864187284666],[140.94549087008593,-6.379222787901121],[140.8697767587578,-2.794752515836912]]],[[[103.71359542330859,-0.016971983],[102.47178176364062,0.622509859517855],[101.05975631198046,2.080969177202029],[98.14550307711718,4.069854341462893],[97.38407424410937,5.180140577272219],[96.18733504733203,5.14578827472095],[95.56092360934375,4.534462533906741],[96.72036269625781,3.704589210466189],[97.59714797457812,2.251384101823611],[98.60055068453906,1.707089506105227],[99.11331466158984,0.221247725204272],[99.69655135592578,-0.152409575864034],[100.65030196627734,-1.630999959989744],[100.81207564791796,-2.336048044248777],[102.4622297616875,-4.181821741148191],[104.56848433932421,-6.071165479704099],[105.72847274264453,-5.827141679807859],[105.942820582,-3.214655078932005],[104.35242751559375,-1.889892257734495],[104.29766372164843,-1.362546600385862],[103.2376203866875,-0.659467495962339],[103.71359542330859,-0.016971983]]],[[[105.18477920016406,-6.865668691679197],[106.48369887789843,-7.503360189481931],[108.1602278085625,-7.855642713590818],[109.03720382174609,-7.720286764188963],[110.77773574313281,-8.320307172819334],[113.07378676852343,-8.347123540922361],[112.27479079684375,-7.026889719053464],[111.04471877535937,-6.851591505094724],[108.55577376803515,-6.920526422544675],[106.94509414157031,-6.025983728452879],[106.02416518649218,-6.080723680540281],[105.18477920016406,-6.865668691679197]]],[[[123.49192336520312,-10.352161802335935],[125.21153548678515,-9.395053304716306],[125.07982161959765,-8.77246705441113],[123.66542342623828,-9.747970022245603],[123.49192336520312,-10.352161802335935]]],[[[117.55868819674609,3.980721078828616],[115.70677474459765,4.156728349641604],[115.53003982028125,3.170721374467654],[114.65887740573046,1.595793567613406],[113.67678359469531,1.145051680520815],[112.39998153170703,1.429807148889346],[111.56202224215625,0.763813756421847],[110.54860213717578,0.726002536729617],[109.5175047250664,1.820520602182192],[108.81431106051562,0.807816825822634],[109.17891982516406,-0.869010366483884],[109.94090560397265,-1.642648614927488],[110.10230544528125,-3.078540958448606],[112.79538253268359,-2.971020854994016],[114.71241286715625,-4.206153310819822],[115.56814101657031,-3.803909935041624],[116.34913161715625,-2.416793264433103],[116.04627517184375,-1.934458293005186],[117.04563430270312,-0.934580959364133],[117.53428939303515,0.610662959531588],[118.5172605844414,1.165625892595095],[117.07397750338671,3.507199846223635],[117.55868819674609,3.980721078828616]]],[[[119.69212630709765,-0.016971983],[119.17457107028125,-2.175528682752805],[118.68360427340625,-2.901070751234251],[119.461131128875,-3.808197893186765],[119.47684005221484,-5.803768075987058],[120.24806502780078,-5.58600751309033],[120.14419082125781,-3.075864233061033],[121.87277511080859,-4.95966473965283],[122.64091018160937,-4.284319795652586],[122.25816634616015,-3.211096681638914],[120.50657180270312,-1.448180831953245],[119.69212630709765,-0.016971983]]]]},"properties":{"NAME":"Dutch East Indies","SUBJECTO":"Netherlands","PARTOF":"Dutch East Indies"}},
{"type":"Feature","geometry":{"type":"Polygon","coordinates":[[[-26.78747841397168,71.55832251162892],[-23.753737416657227,70.58956488223438],[-21.72596260586621,71.40459021182423],[-25.072955098541993,72.63444861026173],[-24.076420751007813,73.75567205996876],[-20.329588857086915,73.41964300723438],[-19.193547215851563,75.44353827090626],[-21.182682958039063,76.69747503848438],[-18.253375020416993,77.30013617129688],[-20.878828969391602,78.81792028994923],[-14.201948132904786,81.21013220401173],[-22.05288025418164,81.53975256533985],[-22.432360616120118,82.74334295840626],[-32.513173070343754,83.57699926944142],[-49.64758774319532,82.47806128116017],[-61.12241455593946,81.79757269473438],[-61.111805882843754,81.18244513125782],[-67.14280411282422,80.56214483828907],[-65.48489090481641,79.15823706241017],[-72.3832292226875,78.52572973819142],[-71.18388077298047,77.25953253360157],[-67.03665634671094,75.93623694033985],[-63.65076920071485,76.37993963809376],[-58.63566299954297,75.79326208682423],[-54.73041245022657,73.03760107608204],[-55.62637039700391,71.73035009951954],[-51.720124211701176,71.58955725283985],[-50.572628941925785,69.8662525043047],[-50.47708984890821,67.48220404239063],[-52.30317017117383,66.9094653949297],[-53.10253998318555,65.87324865908985],[-52.07773300686719,65.37242468448048],[-51.36576553860547,63.72601278872852],[-49.8574838308418,62.96654471011524],[-48.915463414582035,61.42103537173633],[-43.14357086697461,59.81878241153125],[-42.27136322537305,62.19441946597461],[-40.51624771633985,63.78206976504688],[-39.9920167593086,65.53330572696095],[-35.97189804592969,65.84693487735157],[-34.43306061306836,66.3839526996172],[-32.95602127591016,67.64102514834767],[-26.963623967560547,68.50170477481251],[-22.73232933560254,69.77407415957813],[-24.58473297634961,70.30402716250782],[-28.38448235073926,70.45799597354298],[-26.78747841397168,71.55832251162892]]]},"properties":{"NAME":null,"SUBJECTO":null,"PARTOF":null}},
{"type":"Feature","geometry":{"type":"MultiPolygon","coordinates":[[[[-73.11150833645704,-72.74946252255077],[-70.02071854153516,-72.67219201473827],[-68.39805313626172,-71.12679711727733],[-70.32980057278516,-68.96324578671093],[-71.7979249624336,-69.7359432354414],[-72.10699936428907,-71.04952660946483],[-75.27505966702344,-71.6676830425703],[-73.11150833645704,-72.74946252255077]]],[[[-102.55128189602735,-72.1313060894453],[-97.14239975491407,-72.67219201473827],[-97.21967026272657,-71.8222240581953],[-102.55128189602735,-72.1313060894453]]],[[[-55.18492981472852,-80.94006005673046],[-44.83078476467969,-80.32190362362499],[-44.21262451687696,-78.39015618710155],[-48.84880920925977,-78.08107415585155],[-55.18492981472852,-80.94006005673046]]],[[[169.76938918551562,-83.41788903622265],[162.01522353610156,-81.65986291317577],[159.31539443453906,-80.02740899471874],[163.64298537692187,-78.66061059383983],[162.34563735446093,-75.10688439755077],[164.61622146090625,-74.17193261532421],[168.9746809335625,-73.23894158749218],[170.72912124117968,-71.9042781963789],[167.63463881930468,-70.86511651424999],[160.5985365243828,-70.22093621639843],[157.30686477145312,-69.15642968563671],[151.093455347625,-68.8858226910078],[146.87545302828906,-67.99737969784374],[145.58565810641406,-67.22348443417187],[141.1574964853203,-66.72243157772655],[134.20519545992968,-66.18008843807812],[130.27210524996875,-66.25291863827343],[129.00962356051562,-67.02982751278515],[122.45820907076953,-66.64516106991405],[118.28564742526171,-67.07014123348827],[113.01485732516406,-65.76308099178905],[110.60744002780078,-66.05907861141796],[109.40372756442187,-66.71026269344921],[102.63083938082812,-65.92616692928905],[99.65426162203906,-66.54946557430858],[95.72288039645312,-66.5292553081953],[90,-66.6065258160078],[81.81432631930468,-67.30195275692577],[78.25992110690234,-68.38373223690624],[76.86905959567187,-69.31096307186718],[72.54195693453906,-70.23820153622265],[70.30113509616015,-72.01540795712108],[67.36488631686328,-71.70632592587108],[67.51269057711718,-70.46442071346874],[68.95107558688281,-69.88906518368358],[69.37389663180468,-67.84283868221874],[62.805972132292965,-67.61102715878124],[56.62694838961718,-66.94232598690624],[55.14159301241992,-65.96285668758983],[52.45182326754687,-65.9883617535078],[48.96721557101367,-66.97347680477733],[47.305083307830074,-67.7748607769453],[44.79703811129687,-67.74518243221874],[39.6471433969414,-68.93355981258983],[38.33204940280078,-70.02947656063671],[33.54134276827929,-68.54216424374218],[32.74804213961718,-69.34959832577343],[23.707478556243164,-70.5859188213789],[17.603171381560546,-70.08366052059765],[12.657907518950683,-70.31547204403515],[10.339816126433593,-70.70181695370312],[8.485341105071289,-70.08366052059765],[0.681093785372955,-71.31997338680858],[-4.88232704678418,-71.28133813290233],[-7.200421777161377,-70.89499322323437],[-11.141175237091797,-71.59042016415233],[-11.8284835485542,-72.32257501034374],[-16.39551826992871,-73.44488946346874],[-14.45094105282666,-74.06464806942577],[-17.168211903961915,-74.75847283749218],[-18.40453049221875,-75.68571130184765],[-23.581604924591797,-75.91752282528515],[-33.16305252591016,-77.38564721493358],[-36.40837952175977,-79.16285363583202],[-29.567681279572266,-79.22431603817577],[-28.91321846524121,-80.47643700985546],[-38.03104874173047,-80.94006005673046],[-43.82627960720899,-81.79002801327343],[-60.2074594167793,-82.3309139385664],[-74.88871475735547,-80.70824853329296],[-76.58865067044141,-79.39465752987499],[-80.76121231594922,-78.23561517147655],[-74.5023698476875,-78.08107415585155],[-78.59766098538282,-76.61294976620312],[-70.56160446682813,-76.69022027401562],[-64.45729538479688,-75.68571130184765],[-61.366505589875004,-73.90851251034374],[-60.825619664582035,-72.74946252255077],[-61.675587621125004,-70.81772271542187],[-65.38453384915235,-67.34058038143749],[-61.134694066437504,-64.86795464901562],[-57.271210637482426,-63.708904661222654],[-58.121178594025395,-63.399822629972654],[-62.91190430203321,-64.71340600399608],[-66.85265823880079,-66.79969445614452],[-67.08446976223829,-68.65416375546093],[-68.78439804592969,-69.8132137432539],[-67.08446976223829,-71.8222240581953],[-67.62535568753125,-72.74946252255077],[-75.58414169827344,-73.75397149471874],[-81.76572128811719,-74.02441064266796],[-88.56545731106641,-73.25171319393749],[-99.78819748440625,-72.9977611675703],[-101.88011642971875,-74.09877435116405],[-100.04510208645704,-75.30987969784374],[-105.64207932034375,-75.06755486874218],[-110.55704971829297,-75.30289117245312],[-113.23789688626172,-74.32137719540233],[-128.97754379788282,-74.91301385311718],[-134.77277084866407,-74.64256707577343],[-140.56799789944532,-75.2607235088789],[-146.67230698147657,-76.11069146542187],[-146.14586350003125,-77.4565242901289],[-149.99490829983594,-77.7333568706953],[-154.16746994534375,-77.11520043758983],[-158.18549057522657,-77.8106273785078],[-154.55382248440625,-79.12421838192577],[-148.604054418,-79.66510430721874],[-145.66779037991407,-80.51507226376171],[-148.8358659414375,-81.36504022030468],[-154.47655197659375,-81.05595818905468],[-152.08118149319532,-82.60135308651562],[-153.3097428945625,-83.94192925839062],[-148.75858017483594,-85.07398644833202],[-156.56282516995313,-85.460331358],[-167.22606369534375,-84.76490441708202],[-180,-84.32231561092968],[-180,-85.32231561092968],[-180,-86.32231561092968],[-180,-87.32231561092968],[-180,-88.32231561092968],[-180,-89.32231561092968],[-180,-90],[-179.203663793,-90],[-178.203663793,-90],[-177.203663793,-90],[-176.203663793,-90],[-175.203663793,-90],[-174.203663793,-90],[-173.203663793,-90],[-172.203663793,-90],[-171.203663793,-90],[-170.203663793,-90],[-169.203663793,-90],[-168.203663793,-90],[-167.203663793,-90],[-166.203663793,-90],[-165.203663793,-90],[-164.203663793,-90],[-163.203663793,-90],[-162.203663793,-90],[-161.203663793,-90],[-160.203663793,-90],[-159.203663793,-90],[-158.203663793,-90],[-157.203663793,-90],[-156.203663793,-90],[-155.203663793,-90],[-154.203663793,-90],[-153.203663793,-90],[-152.203663793,-90],[-151.203663793,-90],[-150.203663793,-90],[-149.203663793,-90],[-148.203663793,-90],[-147.203663793,-90],[-146.203663793,-90],[-145.203663793,-90],[-144.203663793,-90],[-143.203663793,-90],[-142.203663793,-90],[-141.203663793,-90],[-140.203663793,-90],[-139.203663793,-90],[-138.203663793,-90],[-137.203663793,-90],[-136.203663793,-90],[-135.203663793,-90],[-134.203663793,-90],[-133.203663793,-90],[-132.203663793,-90],[-131.203663793,-90],[-130.203663793,-90],[-129.203663793,-90],[-128.203663793,-90],[-127.203663793,-90],[-126.203663793,-90],[-125.203663793,-90],[-124.203663793,-90],[-123.203663793,-90],[-122.203663793,-90],[-121.203663793,-90],[-120.203663793,-90],[-119.203663793,-90],[-118.203663793,-90],[-117.203663793,-90],[-116.203663793,-90],[-115.203663793,-90],[-114.203663793,-90],[-113.203663793,-90],[-112.203663793,-90],[-111.203663793,-90],[-110.203663793,-90],[-109.203663793,-90],[-108.203663793,-90],[-107.203663793,-90],[-106.203663793,-90],[-105.203663793,-90],[-104.203663793,-90],[-103.203663793,-90],[-102.203663793,-90],[-101.203663793,-90],[-100.203663793,-90],[-99.203663793,-90],[-98.203663793,-90],[-97.203663793,-90],[-96.203663793,-90],[-95.203663793,-90],[-94.203663793,-90],[-93.203663793,-90],[-92.203663793,-90],[-91.203663793,-90],[-90,-90],[-89.203663793,-90],[-88.203663793,-90],[-87.203663793,-90],[-86.203663793,-90],[-85.203663793,-90],[-84.203663793,-90],[-83.203663793,-90],[-82.203663793,-90],[-81.203663793,-90],[-80.203663793,-90],[-79.203663793,-90],[-78.203663793,-90],[-77.203663793,-90],[-76.203663793,-90],[-75.203663793,-90],[-74.203663793,-90],[-73.203663793,-90],[-72.203663793,-90],[-71.203663793,-90],[-70.203663793,-90],[-69.203663793,-90],[-68.203663793,-90],[-67.203663793,-90],[-66.203663793,-90],[-65.203663793,-90],[-64.203663793,-90],[-63.203663793,-90],[-62.203663793,-90],[-61.203663793,-90],[-60.203663793,-90],[-59.203663793,-90],[-58.203663793,-90],[-57.203663793,-90],[-56.203663793,-90],[-55.203663793,-90],[-54.203663793,-90],[-53.203663793,-90],[-52.203663793,-90],[-51.203663793,-90],[-50.203663793,-90],[-49.203663793,-90],[-48.203663793,-90],[-47.203663793,-90],[-46.203663793,-90],[-45.203663793,-90],[-44.203663793,-90],[-43.203663793,-90],[-42.203663793,-90],[-41.203663793,-90],[-40.203663793,-90],[-39.203663793,-90],[-38.203663793,-90],[-37.203663793,-90],[-36.203663793,-90],[-35.203663793,-90],[-34.203663793,-90],[-33.203663793,-90],[-32.203663793,-90],[-31.203663793,-90],[-30.203663793,-90],[-29.203663793,-90],[-28.203663793,-90],[-27.203663793,-90],[-26.203663793,-90],[-25.203663793,-90],[-24.203663793,-90],[-23.203663793,-90],[-22.203663793,-90],[-21.203663793,-90],[-20.203663793,-90],[-19.203663793,-90],[-18.203663793,-90],[-17.203663793,-90],[-16.203663793,-90],[-15.203663793,-90],[-14.203663793,-90],[-13.203663793,-90],[-12.203663793,-90],[-11.203663793,-90],[-10.203663793,-90],[-9.203663793,-90],[-8.203663793,-90],[-7.203663793,-90],[-6.203663793,-90],[-5.203663793,-90],[-4.203663793,-90],[-3.203663793,-90],[-2.203663793,-90],[-1.203663793,-90],[-0.203663793,-90],[0.778056177703125,-90],[1.778056177703125,-90],[2.778056177703125,-90],[3.778056177703125,-90],[4.778056177703125,-90],[5.778056177703125,-90],[6.778056177703125,-90],[7.778056177703125,-90],[8.778056177703125,-90],[9.778056177703125,-90],[10.778056177703125,-90],[11.778056177703125,-90],[12.778056177703125,-90],[13.778056177703125,-90],[14.778056177703125,-90],[15.778056177703125,-90],[16.778056177703125,-90],[17.778056177703125,-90],[18.778056177703125,-90],[19.778056177703125,-90],[20.778056177703125,-90],[21.778056177703125,-90],[22.778056177703125,-90],[23.778056177703125,-90],[24.778056177703125,-90],[25.778056177703125,-90],[26.778056177703125,-90],[27.778056177703125,-90],[28.778056177703125,-90],[29.778056177703125,-90],[30.778056177703125,-90],[31.778056177703125,-90],[32.77805617770312,-90],[33.77805617770312,-90],[34.77805617770312,-90],[35.77805617770312,-90],[36.77805617770312,-90],[37.77805617770312,-90],[38.77805617770312,-90],[39.77805617770312,-90],[40.77805617770312,-90],[41.77805617770312,-90],[42.77805617770312,-90],[43.77805617770312,-90],[44.77805617770312,-90],[45.77805617770312,-90],[46.77805617770312,-90],[47.77805617770312,-90],[48.77805617770312,-90],[49.77805617770312,-90],[50.77805617770312,-90],[51.77805617770312,-90],[52.77805617770312,-90],[53.77805617770312,-90],[54.77805617770312,-90],[55.77805617770312,-90],[56.77805617770312,-90],[57.77805617770312,-90],[58.77805617770312,-90],[59.77805617770312,-90],[60.77805617770312,-90],[61.77805617770312,-90],[62.77805617770312,-90],[63.77805617770312,-90],[64.77805617770312,-90],[65.77805617770312,-90],[66.77805617770312,-90],[67.77805617770312,-90],[68.77805617770312,-90],[69.77805617770312,-90],[70.77805617770312,-90],[71.77805617770312,-90],[72.77805617770312,-90],[73.77805617770312,-90],[74.77805617770312,-90],[75.77805617770312,-90],[76.77805617770312,-90],[77.77805617770312,-90],[78.77805617770312,-90],[79.77805617770312,-90],[80.77805617770312,-90],[81.77805617770312,-90],[82.77805617770312,-90],[83.77805617770312,-90],[84.77805617770312,-90],[85.77805617770312,-90],[86.77805617770312,-90],[87.77805617770312,-90],[88.77805617770312,-90],[89.77805617770312,-90],[89.796336207,-90],[90,-90],[91.77805617770312,-90],[92.77805617770312,-90],[93.77805617770312,-90],[94.77805617770312,-90],[95.77805617770312,-90],[96.77805617770312,-90],[97.77805617770312,-90],[98.77805617770312,-90],[99.77805617770312,-90],[100.77805617770312,-90],[101.77805617770312,-90],[102.77805617770312,-90],[103.77805617770312,-90],[104.77805617770312,-90],[105.77805617770312,-90],[106.77805617770312,-90],[107.77805617770312,-90],[108.77805617770312,-90],[109.77805617770312,-90],[110.77805617770312,-90],[111.77805617770312,-90],[112.77805617770312,-90],[113.77805617770312,-90],[114.77805617770312,-90],[115.77805617770312,-90],[116.77805617770312,-90],[117.77805617770312,-90],[118.77805617770312,-90],[119.77805617770312,-90],[120.77805617770312,-90],[121.77805617770312,-90],[122.77805617770312,-90],[123.77805617770312,-90],[124.77805617770312,-90],[125.77805617770312,-90],[126.77805617770312,-90],[127.77805617770312,-90],[128.77805617770312,-90],[129.77805617770312,-90],[130.77805617770312,-90],[131.77805617770312,-90],[132.77805617770312,-90],[133.77805617770312,-90],[134.77805617770312,-90],[135.77805617770312,-90],[136.77805617770312,-90],[137.77805617770312,-90],[138.77805617770312,-90],[139.77805617770312,-90],[140.77805617770312,-90],[141.77805617770312,-90],[142.77805617770312,-90],[143.77805617770312,-90],[144.77805617770312,-90],[145.77805617770312,-90],[146.77805617770312,-90],[147.77805617770312,-90],[148.77805617770312,-90],[149.77805617770312,-90],[150.77805617770312,-90],[151.77805617770312,-90],[152.77805617770312,-90],[153.77805617770312,-90],[154.77805617770312,-90],[155.77805617770312,-90],[156.77805617770312,-90],[157.77805617770312,-90],[158.77805617770312,-90],[159.77805617770312,-90],[160.77805617770312,-90],[161.77805617770312,-90],[162.77805617770312,-90],[163.77805617770312,-90],[164.77805617770312,-90],[165.77805617770312,-90],[166.77805617770312,-90],[167.77805617770312,-90],[168.77805617770312,-90],[169.77805617770312,-90],[170.77805617770312,-90],[171.77805617770312,-90],[172.77805617770312,-90],[173.77805617770312,-90],[174.77805617770312,-90],[175.77805617770312,-90],[176.77805617770312,-90],[177.77805617770312,-90],[178.77805617770312,-90],[180,-90],[180,-89.31921807674999],[180,-88.31921807674999],[180,-87.31921807674999],[180,-86.31921807674999],[180,-85.31921807674999],[180,-84.34037438778515],[169.76938918551562,-83.41788903622265]]]]},"properties":{"NAME":null,"SUBJECTO":null,"PARTOF":null}},
{"type":"Feature","geometry":{"type":"Polygon","coordinates":[[[11.075394725117917,14.351474857223494],[7.159524033751033,16.03918786463027],[5.178395265950797,15.648814738240262],[4.824575298400774,12.58237501947336],[5.768095211867511,11.167095149273251],[7.18337508206762,11.049155160089907],[8.71659494145107,9.044175343973091],[10.367754790017862,9.515935300706456],[10.839514746751234,10.577395203356538],[10.249814800834521,11.63885510600662],[10.249814800834521,12.700315008656702],[11.075394725117917,14.351474857223494]]]},"properties":{"NAME":"Hausa States","SUBJECTO":"Hausa States","PARTOF":"Hausa States"}},
{"type":"Feature","geometry":{"type":"Polygon","coordinates":[[[92.50995162448046,22.110425554231448],[92.12366774996875,20.996430955842776],[93.33432296237109,20.025172792390627],[94.05371383151171,19.061149202302737],[94.46530891062856,17.64281138984915],[95.36161917302789,18.0383006962205],[94.70239163457208,20.015983311587938],[93.31801380381486,21.729974911573056],[92.50995162448046,22.110425554231448]]]},"properties":{"NAME":"Arakan (Indian princely state)","SUBJECTO":"Arakan (Indian princely state)","PARTOF":"Arakan (Indian princely state)"}},
{"type":"Feature","geometry":{"type":"Polygon","coordinates":[[[9.5724396643412,44.43695577937748],[9.977617798181026,44.40668538484759],[10.05646851357982,44.380401813047996],[10.127055613529333,44.35687277973149],[10.393319124301868,45.02631566340508],[9.130803511207283,44.78858202407104],[9.5724396643412,44.43695577937748]]]},"properties":{"NAME":"Parma","SUBJECTO":"Parma","PARTOF":"Parma"}},
{"type":"Feature","geometry":{"type":"Polygon","coordinates":[[[12.37776521272152,44.73152979882409],[11.169817827810615,45.067184016221326],[11.201986087009125,44.142550853103735],[12.302206036932475,43.2775996688826],[11.960132972376597,42.00737273955097],[13.760507236170481,41.20669841632788],[13.414687551192095,42.36436857508738],[14.076401988875073,42.6337763953921],[12.37776521272152,44.73152979882409]]]},"properties":{"NAME":"Papal States","SUBJECTO":"Papal States","PARTOF":"Papal States"}},
{"type":"Feature","geometry":{"type":"Polygon","coordinates":[[[9.877992587948821,44.29045597291002],[9.977617798181026,44.40668538484759],[9.5724396643412,44.43695577937748],[9.877992587948821,44.29045597291002]]]},"properties":{"NAME":"Pontremoli","SUBJECTO":"Pontremoli","PARTOF":"Pontremoli"}},
{"type":"Feature","geometry":{"type":"Polygon","coordinates":[[[10.05646851357982,44.380401813047996],[10.03722242085276,44.291627365363],[10.140676319198834,44.219209636520745],[10.171712488702655,44.312318145032215],[10.127055613529333,44.35687277973149],[10.05646851357982,44.380401813047996]]]},"properties":{"NAME":"Fivizzano","SUBJECTO":"Fivizzano","PARTOF":"Fivizzano"}},
{"type":"Feature","geometry":{"type":"Polygon","coordinates":[[[10.337910145884042,43.596202827939074],[10.691598471511828,44.09120555244561],[10.410075766198318,43.937397684471996],[10.261382708001271,43.74523947476491],[10.337910145884042,43.596202827939074]]]},"properties":{"NAME":"Lucca","SUBJECTO":"Lucca","PARTOF":"Lucca"}},
{"type":"Feature","geometry":{"type":"Polygon","coordinates":[[[11.960132972376597,42.00737273955097],[12.302206036932475,43.2775996688826],[11.201986087009125,44.142550853103735],[10.691598471511828,44.09120555244561],[10.337910145884042,43.596202827939074],[11.960132972376597,42.00737273955097]]]},"properties":{"NAME":"Tuscany","SUBJECTO":"Tuscany","PARTOF":"Tuscany"}},
{"type":"Feature","geometry":{"type":"Polygon","coordinates":[[[11.201986087009125,44.142550853103735],[11.169817827810615,45.067184016221326],[10.856080977908093,45.05067155043698],[10.393319124301868,45.02631566340508],[10.127055613529333,44.35687277973149],[10.171712488702655,44.312318145032215],[10.140676319198834,44.219209636520745],[10.03722242085276,44.291627365363],[10.05646851357982,44.380401813047996],[9.977617798181026,44.40668538484759],[9.877992587948821,44.29045597291002],[9.825498048980155,44.152548314253266],[10.155236147769687,43.88110436777192],[10.410075766198318,43.937397684471996],[10.691598471511828,44.09120555244561],[11.201986087009125,44.142550853103735]]]},"properties":{"NAME":"Modena","SUBJECTO":"Modena","PARTOF":"Modena"}},
{"type":"Feature","geometry":{"type":"Polygon","coordinates":[[[10.410075766198318,43.937397684471996],[10.155236147769687,43.88110436777192],[10.261382708001271,43.74523947476491],[10.410075766198318,43.937397684471996]]]},"properties":{"NAME":"Massa","SUBJECTO":"Massa","PARTOF":"Massa"}},
{"type":"Feature","geometry":{"type":"Polygon","coordinates":[[[32.944861445037105,-25.53962365536328],[32.094418417568306,-26.255363001558344],[32.88739025363263,-26.715051172821052],[32.944861445037105,-25.53962365536328]]]},"properties":{"NAME":"Delagoa Bay","SUBJECTO":"Delagoa Bay","PARTOF":"Delagoa Bay"}},
{"type":"Feature","geometry":{"type":"Polygon","coordinates":[[[48.01471769870798,-17.022773083871385],[46.6535025185362,-17.73297230830884],[45.2922873383644,-22.645183610667928],[45.52902041317688,-23.592115909917876],[47.18615193686429,-23.1186497602929],[48.488183848332966,-20.041119787730583],[48.01471769870798,-17.022773083871385]]]},"properties":{"NAME":"Expansionist Kingdom of Merina","SUBJECTO":"Expansionist Kingdom of Merina","PARTOF":"Expansionist Kingdom of Merina"}},
{"type":"Feature","geometry":{"type":"Polygon","coordinates":[[[-16.87041946926953,14.363524995759768],[-16.05117067242105,15.069354370396253],[-16.45005508938672,16.118390642122073],[-17.220538106354493,14.725009523347659],[-16.87041946926953,14.363524995759768]]]},"properties":{"NAME":"Senegal","SUBJECTO":"Senegal","PARTOF":"Senegal"}},
{"type":"Feature","geometry":{"type":"Polygon","coordinates":[[[-15.158031430634278,11.87610300631885],[-15.459337985389835,12.480086364634685],[-16.56660553494336,12.309811197236819],[-15.158031430634278,11.87610300631885]]]},"properties":{"NAME":"Portuguese Guinea","SUBJECTO":"Portuguese Guinea","PARTOF":"Portuguese Guinea"}},
{"type":"Feature","geometry":{"type":"Polygon","coordinates":[[[10.839514746751234,10.577395203356538],[12.018914638584654,9.869755268256483],[14.967414368168214,9.987695257439825],[16.618574216735006,11.049155160089907],[16.97239418428503,12.464435030290016],[16.842944292241572,14.32769555876658],[16.8447474764922,14.366466383455776],[16.264754249184975,16.120574694973627],[13.552134497968105,16.120574694973627],[11.075394725117917,14.351474857223494],[10.249814800834521,12.700315008656702],[10.249814800834521,11.63885510600662],[10.839514746751234,10.577395203356538]]]},"properties":{"NAME":"Bornu-Kanem","SUBJECTO":"Bornu-Kanem","PARTOF":"Bornu-Kanem"}},
{"type":"Feature","geometry":{"type":"Polygon","coordinates":[[[1.200910312058618,15.618542998388365],[-0.096882265748185,15.294094853936665],[-0.421330410199882,14.158526348355712],[0.957574203719844,12.536285626097209],[2.498702889865424,12.69850969832306],[3.147599178768822,13.266293951113536],[3.066487142655898,15.050758745597888],[1.200910312058618,15.618542998388365]]]},"properties":{"NAME":"Songhai","SUBJECTO":"Songhai","PARTOF":"Songhai"}},
{"type":"Feature","geometry":{"type":"Polygon","coordinates":[[[-2.773579457474714,12.536285626097209],[-2.692467421361791,10.102924542709454],[-1.556898915780838,9.859588434370679],[-0.502442446312809,10.265148614935306],[-0.096882265748185,12.374061553871357],[-0.836544182399663,13.407954943756758],[-2.043571132458389,13.428518023339386],[-2.773579457474714,12.536285626097209]]]},"properties":{"NAME":"Mossi States","SUBJECTO":"Mossi States","PARTOF":"Mossi States"}},
{"type":"Feature","geometry":{"type":"Polygon","coordinates":[[[20.515311459352628,16.476281702350597],[19.790688165810174,14.966649840803818],[19.367991244577077,13.396632704795163],[19.911458714733918,12.611624136790837],[22.628796065518124,13.215476881409547],[22.80995188890374,13.758944351566388],[22.326869693208767,15.328961487575047],[21.541861125204445,16.597052251274338],[20.515311459352628,16.476281702350597]]]},"properties":{"NAME":"Wadai","SUBJECTO":"Wadai","PARTOF":"Wadai"}},
{"type":"Feature","geometry":{"type":"Polygon","coordinates":[[[22.689181339979996,15.328961487575047],[23.17226353567497,13.577788528180776],[24.31958375045052,12.792779960176453],[29.09002043293835,13.155091606947678],[29.99579954986642,14.24202654726136],[29.15040570740022,17.92552828943551],[27.45961802246783,18.167069387282993],[23.111878261213096,16.597052251274338],[22.689181339979996,15.328961487575047]]]},"properties":{"NAME":"Darfur","SUBJECTO":"Darfur","PARTOF":"Darfur"}},
{"type":"Feature","geometry":{"type":"Polygon","coordinates":[[[23.50438254521526,-10.334780158720244],[23.262841447367776,-9.670542139639663],[23.625153094139,-6.772048965469839],[21.330512664587896,-6.711663691007971],[17.888552020261233,-7.375901710088554],[17.465855099028133,-8.16091027809288],[18.250863667032462,-11.119788726724574],[23.021300349520292,-10.817862354415217],[23.50438254521526,-10.334780158720244]]]},"properties":{"NAME":"Lunda","SUBJECTO":"Lunda","PARTOF":"Lunda"}},
{"type":"Feature","geometry":{"type":"Polygon","coordinates":[[[23.625153094139,-6.772048965469839],[23.262841447367776,-9.670542139639663],[23.50438254521526,-10.334780158720244],[26.372683082154143,-10.274394884258374],[27.338847473544085,-9.610156865177789],[28.727708786167124,-9.730927414101533],[29.271176256323965,-9.187459943944692],[30.358111196637648,-9.247845218406562],[31.0827344901801,-8.70437774824972],[29.331561530785837,-5.322802378384932],[25.980178798151982,-5.141646554999316],[25.3159407790714,-6.530507867622358],[23.625153094139,-6.772048965469839]]]},"properties":{"NAME":"Luba","SUBJECTO":"Luba","PARTOF":"Luba"}},
{"type":"Feature","geometry":{"type":"Polygon","coordinates":[[[12.37169078311084,-6.257806695982175],[13.387093576995117,-8.155678190275388],[13.08375838717578,-9.287485517545896],[14.329051675258405,-9.368144601960868],[14.398621075334972,-7.198350479153216],[14.990453762366187,-7.198350479153216],[15.04963703106931,-6.014685105090788],[14.576170881444337,-4.771836462325236],[12.37169078311084,-6.257806695982175]]]},"properties":{"NAME":"Congo","SUBJECTO":"Congo","PARTOF":"Congo"}},
{"type":"Feature","geometry":{"type":"Polygon","coordinates":[[[26.946343189541924,-18.66794803445848],[26.28210517046134,-20.660662091700235],[26.885957915080052,-21.92875285539953],[29.905221638173614,-22.049523404323274],[30.690230206177944,-20.056809347081522],[30.146762736021103,-18.54717748553474],[27.670966483084378,-18.003710015377898],[26.946343189541924,-18.66794803445848]]]},"properties":{"NAME":"Rozwi","SUBJECTO":"Rozwi","PARTOF":"Rozwi"}},
{"type":"Feature","geometry":{"type":"Polygon","coordinates":[[[37.2753172250664,-17.71316186337109],[36.38557486309061,-16.96567051794163],[35.546153505551345,-16.96567051794163],[34.28702146924246,-15.916393821017556],[35.37788680514453,-19.42682496456738],[37.2753172250664,-17.71316186337109]]]},"properties":{"NAME":"Portuguese East Africa","SUBJECTO":"Portuguese East Africa","PARTOF":"Portuguese East Africa"}},
{"type":"Feature","geometry":{"type":"Polygon","coordinates":[[[39.63618066806404,14.148870758362172],[39.391105104252915,10.59527508310088],[40.493945141402975,9.860048391667512],[42.668772730437496,11.511313043550295],[43.474822077361324,12.097622476533694],[42.07897857150195,13.86101397128467],[40.38988402804492,14.905787073091311],[39.63618066806404,14.148870758362172]]]},"properties":{"NAME":"Awsa","SUBJECTO":"Awsa","PARTOF":"Awsa"}},
{"type":"Feature","geometry":{"type":"Polygon","coordinates":[[[39.391105104252915,10.59527508310088],[39.63618066806404,14.148870758362172],[38.04318950329174,15.006635231701111],[38.04318950329174,16.232013050756727],[36.08258499280275,16.109475268851163],[35.96004721089719,14.761559667889983],[36.462341722311876,8.547458998102522],[37.307962811858374,7.899443881178513],[39.217785899215315,8.432648824064877],[39.56221642132826,9.12150986829074],[39.391105104252915,10.59527508310088]]]},"properties":{"NAME":"Ethiopia","SUBJECTO":"Ethiopia","PARTOF":"Ethiopia"}},
{"type":"Feature","geometry":{"type":"Polygon","coordinates":[[[36.462341722311876,8.547458998102522],[35.102282737558255,8.389595008800768],[34.97974495565269,7.286754971650709],[38.04318950329174,6.796603844028454],[38.04318950329174,5.693763806878394],[36.08258499280275,5.693763806878394],[36.45019833851943,2.63031925923935],[38.410802849008434,1.037328094467039],[42.3320118699864,1.772554785900411],[43.80246525285315,2.87539482305047],[42.82216299760866,4.590923769728338],[41.7193229604586,4.713461551633905],[42.57708743379753,5.816301588783965],[42.94470077951422,6.919141625934017],[41.84186074236416,8.757208354517452],[40.493945141402975,9.860048391667512],[39.391105104252915,10.59527508310088],[39.56221642132826,9.12150986829074],[39.217785899215315,8.432648824064877],[37.307962811858374,7.899443881178513],[36.462341722311876,8.547458998102522]]]},"properties":{"NAME":"Oromo","SUBJECTO":"Oromo","PARTOF":"Oromo"}},
{"type":"Feature","geometry":{"type":"Polygon","coordinates":[[[19.570403223245147,54.25508398112746],[20.409202782229837,53.43409265451934],[21.014303156486196,54.09970306620132],[19.914581807330855,54.394662508616506],[19.570403223245147,54.25508398112746]]]},"properties":{"NAME":"Austrian Empire","SUBJECTO":"Austrian Empire","PARTOF":"Austrian Empire"}},
{"type":"Feature","geometry":{"type":"Polygon","coordinates":[[[18.96497634371875,54.227584444001955],[18.92670686530177,53.49460269194497],[21.116757267450314,53.2687845135575],[22.8066465600312,53.807603214866845],[22.79350760897754,54.90241201968555],[20.945448908416015,56.069957338289065],[21.137343439666015,54.84545858950977],[19.914581807330855,54.394662508616506],[21.014303156486196,54.09970306620132],[20.409202782229837,53.43409265451934],[19.570403223245147,54.25508398112746],[18.96497634371875,54.227584444001955]]]},"properties":{"NAME":"Prussia","SUBJECTO":"Prussia","PARTOF":"Prussia"}},
{"type":"Feature","geometry":{"type":"Polygon","coordinates":[[[10.856080977908093,45.05067155043698],[10.376652918577285,45.3743828896956],[10.393319124301868,45.02631566340508],[10.856080977908093,45.05067155043698]]]},"properties":{"NAME":"Lombardy","SUBJECTO":"Lombardy","PARTOF":"Lombardy"}},
{"type":"Feature","geometry":{"type":"Polygon","coordinates":[[[9.825498048980155,44.152548314253266],[9.877992587948821,44.29045597291002],[9.5724396643412,44.43695577937748],[9.130803511207283,44.78858202407104],[8.250651609541428,44.73595956501666],[8.089567661878178,44.05082949636362],[9.825498048980155,44.152548314253266]]]},"properties":{"NAME":"Genoa","SUBJECTO":"Genoa","PARTOF":"Genoa"}},
{"type":"Feature","geometry":{"type":"Polygon","coordinates":[[[7.97952655276416,43.964915834382815],[7.704807478986009,44.061681521389374],[7.467525371397153,43.81083423022823],[7.97952655276416,43.964915834382815]]]},"properties":{"NAME":null,"SUBJECTO":null,"PARTOF":null}},
{"type":"Feature","geometry":{"type":"Polygon","coordinates":[[[8.819559130278808,38.976913057283205],[9.478920015898925,39.14415701480274],[9.793739351836425,40.56368216128711],[8.240707430449707,40.85533865542774],[8.819559130278808,38.976913057283205]]]},"properties":{"NAME":"Sardinia","SUBJECTO":"Austrian Empire","PARTOF":"Sardinia"}},
{"type":"Feature","geometry":{"type":"Polygon","coordinates":[[[14.076401988875073,42.6337763953921],[13.414687551192095,42.36436857508738],[13.760507236170481,41.20669841632788],[15.666200670806152,40.091861329988284],[17.084080729094726,40.52511175723438],[14.076401988875073,42.6337763953921]]]},"properties":{"NAME":"Naples","SUBJECTO":"Austrian Empire","PARTOF":"Naples"}},
{"type":"Feature","geometry":{"type":"Polygon","coordinates":[[[14.942398104277832,36.738563142732424],[15.386741671172363,38.20554693789844],[12.454147371855957,37.766009889558596],[14.942398104277832,36.738563142732424]]]},"properties":{"NAME":"Sicily","SUBJECTO":"Savoy-Piedmont","PARTOF":"Sicily"}},
{"type":"Feature","geometry":{"type":"Polygon","coordinates":[[[91.0642740656503,26.75261632213409],[90,26.360255315069487],[91.54683397020176,26.2851075494896],[94.32436945100218,26.88334596073892],[95.4781149584116,27.908897522880622],[97.34041884860156,28.18211515994434],[98.63722518405078,27.478742204622073],[100.6816287683553,28.690961623773696],[102.40610101778157,33.720672351267005],[101.68757091385396,36.307380725406425],[99.24456856050006,38.75038307876033],[89.61626516787001,36.882204808548515],[80.13166779602547,36.882204808548515],[79.3294463680683,35.62846298322298],[80.17496274207845,31.573107791782736],[81.448679957,30.40275152774219],[83.40201095065234,29.539681993440432],[85.14416793307421,28.341794572786135],[88.16182424717722,27.74135000362828],[89.67198807878634,28.197480002650515],[91.30052225054807,27.99734349172114],[92.17030536273745,26.98732044282419],[91.0642740656503,26.75261632213409]]]},"properties":{"NAME":"Tibet","SUBJECTO":"Tibet","PARTOF":"Tibet"}},
{"type":"Feature","geometry":{"type":"Polygon","coordinates":[[[66.33588980061525,36.307380725406425],[64.40496122259702,37.63963683521338],[62.66218550003006,39.22046911429389],[61.2289659143878,39.830934432777866],[57.31370916933642,36.82905954775894],[54.06743911227343,36.94152411075],[51.79552367648242,36.432349763826174],[50.25221160372851,36.894786439851565],[49.55710308687251,34.255944236249405],[49.45236495455859,30.07772596927051],[50.1323728891289,30.06642874331836],[51.350134882537105,28.0361343249834],[52.89083388766406,27.052323900178713],[54.6460562082207,26.39131888003711],[55.89973357638476,27.10480459781055],[56.79043105563281,26.97391279788379],[57.254771265593746,25.793286882356448],[59.03145888766406,25.307866655305666],[61.34399321993945,25.026860795930666],[64.4249754281914,25.17311628909473],[66.30008986910937,25.494687639192385],[66.92825506441484,28.1118712695545],[66.76700786297181,30.415433873199976],[67.62924398768496,31.13396397712759],[67.48553796689943,32.427318164197295],[67.77295000847047,33.43326030969596],[67.05441990454287,35.588850621478805],[66.33588980061525,36.307380725406425]]]},"properties":{"NAME":"Safavid Empire","SUBJECTO":"Safavid Empire","PARTOF":"Safavid Empire"}},
{"type":"Feature","geometry":{"type":"Polygon","coordinates":[[[101.96785262545703,22.533715806916994],[102.99293807467578,20.939632020906252],[104.12909224948046,20.939910493806643],[104.71581557711718,20.200439058259768],[103.89931014498828,19.313087068513674],[104.81215957125781,18.721570573762698],[106.63819411715625,16.484338365510744],[107.46341231783984,14.996761880830569],[107.4802961679375,13.256602846101565],[106.85380080660937,10.575815759614748],[107.26571944674609,10.347982011750979],[108.69589522799609,11.145221315339846],[109.30712417086718,12.906332574800295],[108.78612044772265,15.090558610872073],[108.23614791354296,16.080380998567385],[106.43306258639453,17.55027922244434],[105.53258040866015,18.84421118350391],[106.80704024752734,20.905006013826174],[107.87561324557421,21.462068162874026],[107.09811690768359,21.649287782625002],[105.31343368014453,23.296004854158205],[104.47811416110156,22.78323134036426],[101.96785262545703,22.533715806916994]]]},"properties":{"NAME":"Đại Việt","SUBJECTO":"Đại Việt","PARTOF":"Đại Việt"}},
{"type":"Feature","geometry":{"type":"Polygon","coordinates":[[[102.67077926119921,12.03772410006885],[103.03959182223437,10.897970758394045],[104.97852614840625,9.980911813691897],[104.7424803110039,8.493669115022463],[106.48202804049609,9.552120767549319],[106.85380080660937,10.575815759614748],[107.4802961679375,13.256602846101565],[106.06073290081963,13.342657450517313],[105.01560168467714,13.406013804863036],[103.65654406918522,12.846401845542832],[102.67077926119921,12.03772410006885]]]},"properties":{"NAME":"Cambodia","SUBJECTO":"Cambodia","PARTOF":"Cambodia"}},
{"type":"Feature","geometry":{"type":"Polygon","coordinates":[[[100.92656514159049,17.514817803839946],[101.86464980563281,18.107404313997073],[102.66148665866015,17.84536512942676],[103.9275617929375,18.278237901643557],[104.6104002328789,16.643878541902346],[106.146189722625,14.023620210603518],[106.06073290081963,13.342657450517313],[107.4802961679375,13.256602846101565],[107.46341231783984,14.996761880830569],[106.63819411715625,16.484338365510744],[104.81215957125781,18.721570573762698],[103.89931014498828,19.313087068513674],[104.71581557711718,20.200439058259768],[104.12909224948046,20.939910493806643],[102.99293807467578,20.939632020906252],[101.96785262545703,22.533715806916994],[101.0139875741875,21.442420564607424],[100.00115493258593,20.458650194124026],[100.5004148813164,19.43925627322559],[101.22944930514453,18.910132966951174],[100.92656514159049,17.514817803839946]]]},"properties":{"NAME":"Laotian states","SUBJECTO":"Laotian states","PARTOF":"Laotian states"}},
{"type":"Feature","geometry":{"type":"Polygon","coordinates":[[[98.78654722248444,16.394346375933726],[98.1370344491875,15.189550958589358],[99.00300887545703,13.886227212861819],[99.58108809908984,11.888709627107424],[98.59324172457812,10.120483003572268],[98.1771726938164,8.600222192720217],[99.02450850924609,7.871374689058108],[100.1587400766289,6.340098463014407],[101.76259902438281,5.586182676271243],[102.0738020273125,6.154240690187258],[100.61492446383593,6.97892864795093],[100.131541285125,8.53205069156055],[99.07134536227343,9.898278795198244],[99.89526656588671,12.079245172456545],[100.8716307016289,12.67854269595508],[101.91858199557421,12.585492692903323],[102.67077926119921,12.03772410006885],[103.65654406918522,12.846401845542832],[105.01560168467714,13.406013804863036],[106.06073290081963,13.342657450517313],[106.146189722625,14.023620210603518],[104.6104002328789,16.643878541902346],[103.9275617929375,18.278237901643557],[102.66148665866015,17.84536512942676],[101.86464980563281,18.107404313997073],[100.92656514159049,17.514817803839946],[99.9052226803873,16.665736123851396],[98.78654722248444,16.394346375933726]]]},"properties":{"NAME":"Ayutthaya","SUBJECTO":"Ayutthaya","PARTOF":"Ayutthaya"}},
{"type":"Feature","geometry":{"type":"Polygon","coordinates":[[[98.63722518405078,27.478742204622073],[97.34041884860156,28.18211515994434],[95.4781149584116,27.908897522880622],[94.32436945100218,26.88334596073892],[91.54683397020176,26.2851075494896],[90,26.360255315069487],[91.43432931871358,26.097580739176628],[91.56566660666,24.346416899890905],[92.04723666246358,23.689730460158763],[94.38297445759329,24.198530163181207],[95.74203207308521,24.038641031946867],[96.62142229487411,21.32052580096303],[97.26097881981147,20.92080297287717],[100.0402098031914,21.62087782473926],[99.15594008883593,22.307843767122073],[98.76916030367968,24.08975752444629],[97.52405074557421,24.799996934846682],[98.57541182955859,25.955068193391604],[98.63722518405078,27.478742204622073]]]},"properties":{"NAME":"Shan states","SUBJECTO":"Shan states","PARTOF":"Shan states"}},
{"type":"Feature","geometry":{"type":"Polygon","coordinates":[[[100.0402098031914,21.62087782473926],[97.26097881981147,20.92080297287717],[96.62142229487411,21.32052580096303],[95.74203207308521,24.038641031946867],[94.38297445759329,24.198530163181207],[92.04723666246358,23.689730460158763],[92.50995162448046,22.110425554231448],[93.31801380381486,21.729974911573056],[94.70239163457208,20.015983311587938],[95.36161917302789,18.0383006962205],[94.46530891062856,17.64281138984915],[94.1443586679375,16.0057388171709],[95.32981399020312,15.677930437043948],[96.46924880465625,16.512576662019534],[97.57322219332812,16.4450698718584],[97.82298568209765,14.61600836367969],[98.48591903170703,13.111775957063479],[98.73837569674609,11.435081087068362],[98.59324172457812,10.120483003572268],[99.58108809908984,11.888709627107424],[99.00300887545703,13.886227212861819],[98.1370344491875,15.189550958589358],[98.78654722248444,16.394346375933726],[97.78759292086718,17.575469575837893],[97.78882125338671,19.39800413699512],[100.00115493258593,20.458650194124026],[101.0139875741875,21.442420564607424],[100.0402098031914,21.62087782473926]]]},"properties":{"NAME":"Ava","SUBJECTO":"Ava","PARTOF":"Ava"}},
{"type":"Feature","geometry":{"type":"Polygon","coordinates":[[[6.531391647348258,16.708723671922442],[7.780525485116563,16.583810288145614],[8.405092404000719,17.208377207029766],[8.155265636447055,18.20768427724441],[7.15595856623241,18.45751104479807],[6.531391647348258,17.957857509690754],[6.531391647348258,16.708723671922442]]]},"properties":{"NAME":null,"SUBJECTO":null,"PARTOF":null}},
{"type":"Feature","geometry":{"type":"Polygon","coordinates":[[[-10.831568697631214,14.460282763939492],[-11.331222232738538,15.084849682823645],[-13.954403292051984,15.83432998548463],[-14.95371036226663,15.084849682823645],[-12.580356070506845,12.836408774840692],[-11.456135616515368,12.961322158617524],[-10.831568697631214,14.460282763939492]]]},"properties":{"NAME":null,"SUBJECTO":null,"PARTOF":null}},
{"type":"Feature","geometry":{"type":"Polygon","coordinates":[[[57.396296877665264,23.837040823040553],[58.18030483547615,21.849213133895084],[58.774060503887554,20.941229844264516],[59.837283167449215,22.279178224519534],[58.62849334200976,23.458295427278323],[57.396296877665264,23.837040823040553]]]},"properties":{"NAME":"Oman","SUBJECTO":"Oman","PARTOF":"Oman"}},
{"type":"Feature","geometry":{"type":"Polygon","coordinates":[[[47.49336150607226,43.58319052310352],[46.87292006930468,44.68019827456836],[44.75488708305846,44.439494870378866],[43.88049339662065,44.81423502170936],[43.38083986151332,46.1882822432545],[42.25661940752185,46.81284916213865],[40.63274541842304,46.68793577836182],[39.6334383482084,45.68862870814717],[37.47389129122851,44.692359529451174],[38.92371276339648,44.21186026187305],[41.40974334200976,42.78824194522266],[41.48396209200976,41.436542116121096],[42.87842467745898,41.54550512881641],[43.95678618868945,42.59115561099414],[44.9779653879082,42.771991334871096],[47.35008529147265,41.442325197175784],[47.49336150607226,43.58319052310352]]]},"properties":{"NAME":null,"SUBJECTO":null,"PARTOF":null}},
{"type":"Feature","geometry":{"type":"Polygon","coordinates":[[[-87.3830079702461,30.441642366365237],[-86.38868423977735,30.472713075593752],[-85.30477615872266,29.66390760989551],[-83.8861817983711,30.048348985627932],[-82.64696213284375,28.9065013751543],[-82.84134384671094,27.838002763704104],[-81.09792038479688,25.12504728885059],[-80.31409927883985,25.243880830720705],[-80.04998489895704,26.551089845613284],[-80.60545822659375,28.560990892366213],[-81.40536972561719,30.072576127961916],[-81.19919778743586,31.591160146383785],[-83.24698010765437,31.373554927322374],[-87.52838633660527,31.32358957381163],[-87.3830079702461,30.441642366365237]]]},"properties":{"NAME":"Florida","SUBJECTO":"Spanish Habsburg","PARTOF":"Florida"}},
{"type":"Feature","geometry":{"type":"Polygon","coordinates":[[[-78.25297918126469,33.888361006279766],[-79.2497518267958,34.37147613796631],[-79.30544754544141,33.26877935977344],[-78.25297918126469,33.888361006279766]]]},"properties":{"NAME":"South Carolina","SUBJECTO":"South Carolina","PARTOF":"South Carolina"}},
{"type":"Feature","geometry":{"type":"Polygon","coordinates":[[[7.467525371397153,43.81083423022823],[7.704807478986009,44.061681521389374],[7.97952655276416,43.964915834382815],[8.089567661878178,44.05082949636362],[8.250651609541428,44.73595956501666],[7.789928946105224,45.92696722598438],[7.564883567477525,45.987012881044336],[7.19574,45.860518],[7.048637,45.923903],[7.04050974102875,45.93005878139056],[6.939146651162672,46.006833623252234],[6.876258,46.054467],[6.804016,46.136794],[6.855332753311768,46.270439329504306],[6.839291826355962,46.31175421775161],[6.776061,46.362191],[6.809442,46.380232],[6.809247240844113,46.38913682140528],[6.807361283529001,46.3939942785789],[6.383716630705969,46.341576204815574],[6.275253749808851,46.25661297242541],[6.275253749808853,46.25661297242541],[5.941489252654296,46.175540529207034],[5.645716162577157,46.4567227963447],[5.823360340496054,45.39624171880529],[6.942603621093017,44.86865194888477],[7.397118601409179,43.76409491153125],[7.467525371397153,43.81083423022823]]]},"properties":{"NAME":"Sardinia-Piedmont","SUBJECTO":"Sardinia-Piedmont","PARTOF":"Sardinia-Piedmont"}},
{"type":"Feature","geometry":{"type":"Polygon","coordinates":[[[9.130803511207283,44.78858202407104],[10.393319124301868,45.02631566340508],[10.376652918577285,45.3743828896956],[9.544866594878417,46.31158407779102],[8.273211600018517,46.41806721487771],[8.314141537514287,46.39582387142589],[7.873309,45.921406],[7.807142107660216,45.936967275246296],[7.789928946105224,45.92696722598438],[8.250651609541428,44.73595956501666],[9.130803511207283,44.78858202407104]]]},"properties":{"NAME":"Milan","SUBJECTO":"Spanish Habsburg","PARTOF":"Milan"}},
{"type":"Feature","geometry":{"type":"Polygon","coordinates":[[[6.822959456053955,47.37817343325977],[6.251774628440081,47.95721392992383],[5.645716162577157,46.4567227963447],[5.941489252654296,46.175540529207034],[6.010111299433578,46.24040946060946],[6.010111299433579,46.24040946060946],[6.822959456053955,47.37817343325977]]]},"properties":{"NAME":"Franche-Comté","SUBJECTO":"Spanish Habsburg","PARTOF":"Franche-Comté"}},
{"type":"Feature","geometry":{"type":"MultiPolygon","coordinates":[[[[8.983487283772465,47.679618759299416],[6.822959456053955,47.37817343325977],[6.010111299433579,46.24040946060946],[6.119987643559156,46.26259365503246],[6.164277288200115,46.269072909972444],[6.746094491147845,46.48710250305781],[6.776516670160192,46.47343742783546],[6.857919770712584,46.38820405444768],[8.176414000220069,46.47067179698466],[8.273211600018517,46.41806721487771],[9.544866594878417,46.31158407779102],[10.395699534026367,46.88741263003711],[9.53932315928003,47.4872009429331],[8.983487283772465,47.679618759299416]]],[[[6.809247240844113,46.38913682140528],[6.809147838242454,46.39368172924781],[6.807361283529001,46.3939942785789],[6.809247240844113,46.38913682140528]]],[[[6.275253749808851,46.25661297242541],[6.383716630705969,46.341576204815574],[6.200597746576099,46.26499501240314],[6.275253749808851,46.25661297242541]]],[[[7.576875,45.991122],[7.564883567477525,45.987012881044336],[7.789928946105224,45.92696722598438],[7.807142107660216,45.936967275246296],[7.576875,45.991122]]],[[[6.855332753311768,46.270439329504306],[6.863716,46.292272],[6.839291826355962,46.31175421775161],[6.855332753311768,46.270439329504306]]]]},"properties":{"NAME":"Swiss Confederation","SUBJECTO":"Swiss Confederation","PARTOF":"Swiss Confederation"}},
{"type":"Feature","geometry":{"type":"Polygon","coordinates":[[[1.796177011925293,50.92141446442835],[1.274518880454284,50.00430258365039],[0.032870042530281,49.33370550723438],[-1.891543593796509,49.526351533845705],[-3.954837766083497,47.90433844180469],[-2.004645553025025,47.04250296206836],[-1.075199690254944,46.01461752505664],[-1.561407771500367,43.524425111726565],[-1.914577808769959,43.3054157123125],[-0.611982133778351,42.73087652774219],[0.744199428168518,42.77189215274219],[3.087081465331298,42.36864431949024],[4.078196081725341,43.48708685489063],[5.828570398894531,43.020816408113284],[7.397118601409179,43.76409491153125],[6.942603621093017,44.86865194888477],[5.823360340496054,45.39624171880529],[5.645716162577157,46.4567227963447],[6.251774628440081,47.95721392992383],[5.909256214734315,49.200859868256885],[5.361129202599225,49.69675577726925],[1.825507855919507,50.24268837026159],[1.796177011925293,50.92141446442835]]]},"properties":{"NAME":"France","SUBJECTO":"France","PARTOF":"France"}},
{"type":"Feature","geometry":{"type":"Polygon","coordinates":[[[5.909256214734315,49.200859868256885],[6.407898509239333,50.256888252114486],[6.381445440856201,51.81990011783008],[3.775046858397705,51.38774450869922],[1.796177011925293,50.92141446442835],[1.825507855919507,50.24268837026159],[5.361129202599225,49.69675577726925],[5.909256214734315,49.200859868256885]]]},"properties":{"NAME":"Luxembourg","SUBJECTO":"Luxembourg","PARTOF":"Luxembourg"}},
{"type":"Feature","geometry":{"type":"Polygon","coordinates":[[[13.367695841399414,45.69448813052539],[13.709092915095635,46.83906489156842],[10.395699534026367,46.88741263003711],[9.544866594878417,46.31158407779102],[10.376652918577285,45.3743828896956],[10.856080977908093,45.05067155043698],[11.169817827810615,45.067184016221326],[12.37776521272152,44.73152979882409],[13.367695841399414,45.69448813052539]]]},"properties":{"NAME":"Venice","SUBJECTO":"Venice","PARTOF":"Venice"}},
{"type":"Feature","geometry":{"type":"Polygon","coordinates":[[[-48.85215473075115,-28.563025097024802],[-48.56390854397657,-27.680593885465818],[-48.72452255764844,-25.425621427580076],[-46.20621201077344,-23.882822431608396],[-45.45921036282422,-23.855831541105466],[-44.56129547634961,-22.989857114835935],[-41.95784470120313,-22.92082253841992],[-40.98350235501172,-22.086429990812498],[-40.93281647244336,-21.2794117107832],[-39.69133850613477,-19.408796705290037],[-39.666134801300785,-18.226957716032224],[-39.14249893704297,-17.77471772579785],[-38.94815537014844,-16.001592077299314],[-39.126217809113285,-14.324533857389646],[-38.79886719265821,-12.627316869779783],[-38.266137090119145,-12.886686719938474],[-37.18652435818555,-10.844699300810056],[-35.59859940091016,-9.627626813932615],[-34.890675511750004,-7.611789144560056],[-35.46437164822461,-5.268277086302],[-37.180600133332035,-4.954271711393552],[-38.78636261502149,-3.604257978483396],[-40.23088928738477,-2.851210989042478],[-42.31647202053907,-2.817604698225217],[-43.33403870144727,-2.432190097852903],[-44.22212311306836,-2.77724377064343],[-44.79592606106641,-1.736357845350462],[-45.37131592312696,-1.756672538801389],[-46.35766361314768,-3.1936563237538],[-45.10983057658187,-4.554928727280142],[-44.20231564089764,-4.895246828161731],[-41.70664956776601,-4.328049993359087],[-40.005059063358075,-4.554928727280142],[-38.076589825029075,-6.256519231688074],[-36.37499932062114,-6.937155433451252],[-36.14812058670009,-7.617791635214424],[-37.84971109110802,-9.886578974425],[-40.68569526512124,-12.609123781477695],[-40.572255898160705,-15.445107955490915],[-41.13945273296335,-19.528925166069953],[-42.614164503450226,-21.457394404398947],[-48.966769053239844,-23.272424275767406],[-50.17928458733289,-24.637606358208522],[-50.05437120355606,-27.760440952629292],[-48.85215473075115,-28.563025097024802]]]},"properties":{"NAME":"Portuguese Brazil","SUBJECTO":"Portugal","PARTOF":"Portuguese Brazil"}},
{"type":"Feature","geometry":{"type":"Polygon","coordinates":[[[-67.54385005680815,-26.39317506266075],[-67.91698508364286,-26.261480347307323],[-67.6671583160892,-23.76321267177071],[-67.91698508364286,-22.014425298895077],[-66.54293786209772,-19.765984390912124],[-66.54293786209772,-18.267023785590155],[-67.00362839996394,-15.7854260563725],[-69.27241573917452,-15.218229221569857],[-69.6018889310102,-14.22980964606285],[-70.52024877574033,-13.743517451082983],[-74.28756765626122,-12.645921515632779],[-77.88516689942037,-6.977321235497577],[-76.65593157559574,-6.977321235497577],[-74.32038446032895,-7.960709494557271],[-73.21407266888679,-6.731474170732639],[-69.96066676033594,-6.179131814928445],[-69.96066676033594,-6.179131814928444],[-69.280519632648,-4.51885058784832],[-71.00144908600247,-2.674997602111389],[-76.04131391368342,-2.797921134493848],[-76.41502879181613,-1.634285606880208],[-76.3056564907273,2.137993923391058],[-74.94438408720096,5.88149303308851],[-72.72308185593164,6.674591096821196],[-73.12703333099395,8.828998963820194],[-72.72308185593164,10.983406830819185],[-71.43680283108594,12.422281824067873],[-73.36232468167188,11.324960313752932],[-74.2189225820625,11.367601953462405],[-75.45044418850782,10.627693735078616],[-75.70266434231641,9.425959192231936],[-76.76352402249219,8.692807756379885],[-78.26649185696485,9.385549150422854],[-79.50042435208204,9.638376794770998],[-80.96249863186719,8.864939294770998],[-82.22958847561719,9.046509347871584],[-82.55992600003125,9.583112321809573],[-82.95746323147657,8.047210298494143],[-82.38439652005079,8.32122953982715],[-80.813771214875,7.270063482240481],[-79.71689316311719,8.883091531709475],[-79.06764694729688,9.034267984346194],[-77.40016647854688,6.670446001008791],[-77.50037857571485,5.513577543214602],[-77.10599991360547,3.792188964799685],[-77.80209824124219,2.576873622850222],[-78.46819778958204,2.467397294954104],[-78.98431107083204,1.296987973169131],[-80.08556076565625,0.817998133615298],[-80.33884903469922,-0.66318116335507],[-80.96610733548047,-1.033107079549985],[-80.14415451565625,-3.414210237547117],[-81.41761490383985,-4.675080694242673],[-80.61159225979688,-6.369872011228757],[-79.06024643460157,-8.215522207304197],[-77.75874802151563,-10.65892068295117],[-76.23803421536329,-13.502021230741697],[-76.24178024807813,-14.105595983549314],[-75.2309083608711,-15.221601881071287],[-74.04964157620313,-16.044990934416013],[-71.611866918,-17.22145501522656],[-70.58412643948438,-18.083280958219724],[-70.20851608792188,-19.06719819454785],[-70.11063095608594,-21.74793664364453],[-70.57323929348829,-23.16559449581738],[-70.3981446889961,-25.24891320614453],[-71.68157669583204,-30.60000077633496],[-71.51984879060103,-32.181175626495985],[-71.51984879066204,-32.18117562655745],[-71.5198487905586,-32.181175626798826],[-71.44536301185344,-32.54304925326643],[-71.44536301175,-32.54304925350781],[-71.40336319495891,-32.64457742099104],[-71.40336319485547,-32.64457742123242],[-71.75040146389844,-33.191490568205076],[-71.67724956368635,-33.38977699172401],[-71.60992142249798,-33.57227746371565],[-71.60992142239454,-33.57227746395703],[-72.62884995022657,-35.645878233],[-73.14423080960157,-37.15579644589062],[-73.359669652375,-37.32185021786328],[-73.58405014553907,-37.27771798519726],[-73.69026657620313,-37.36710397152539],[-73.67253586341594,-37.500854886811354],[-73.6725358633239,-37.50085488696671],[-73.43500992345813,-37.901783384220295],[-73.4350099233711,-37.901783384367185],[-73.40069290687298,-38.099277890961744],[-73.40069290676954,-38.09927789120312],[-73.44117447415235,-38.6284107342207],[-73.19633957435344,-39.41866723422346],[-73.19633957425,-39.41866723446484],[-73.75937363186719,-40.243389524503904],[-73.90523239651563,-40.83904305843945],[-73.84525772620891,-41.15282861117659],[-73.8452577261211,-41.15282861133621],[-73.66562363192651,-41.47935906785311],[-73.66562363186719,-41.479359067960935],[-73.59364029456829,-41.697239316742994],[-72.58717819729688,-41.618275083585935],[-71.7987303928607,-40.55300222439516],[-71.55127322041433,-39.75840874014674],[-70.84412857571485,-38.726524747892576],[-71.14907545765897,-37.215619901293486],[-70.39072128811719,-36.16510049252148],[-70.48040482083204,-35.35797921566601],[-69.36699927002375,-33.0931064277352],[-69.04120553763433,-32.38223615237202],[-67.53442023354495,-31.617692202499367],[-66.4364315651613,-31.553498063886014],[-61.445099418898025,-32.347573632609716],[-58.83599397880586,-32.347573632609716],[-58.609115244884805,-31.21317996300443],[-59.17631207968745,-30.645983128201784],[-59.031484927095306,-29.777020212648907],[-58.72255461184534,-27.923438321149092],[-53.80177271686098,-28.010267720182952],[-53.177205797976825,-27.510614185075628],[-53.67685933308415,-26.38639373108415],[-53.30211918175365,-23.513385904217046],[-52.052985343985355,-21.88951191511825],[-52.052985343985355,-19.266330855804803],[-53.67685933308415,-18.51685055314382],[-55.05090655462928,-19.516157623358467],[-56.17512700862076,-19.516157623358467],[-58.423567916603716,-17.392630099152342],[-60.7969222083635,-16.268409645160865],[-61.67131589480131,-17.392630099152342],[-60.7969222083635,-19.141417472027975],[-61.046748975917154,-20.140724542242616],[-61.046748975917154,-26.01165357975366],[-65.79345755943673,-27.010960649968307],[-67.54385005680815,-26.39317506266075]],[[-77.8998559610522,-3.112543263869829],[-78.5616013224577,-2.128662113961151],[-77.8536876800239,-1.66723383131634],[-77.2535000266561,-2.759051555925397],[-77.8998559610522,-3.112543263869829]]]},"properties":{"NAME":"Vice Royalty of Peru","SUBJECTO":"Spanish Habsburg","PARTOF":"Vice Royalty of Peru"}},
{"type":"Feature","geometry":{"type":"Polygon","coordinates":[[[-59.83440491238477,8.440183244661135],[-59.97291359895053,6.095120603137303],[-58.83599397880586,5.200856831325339],[-57.58816094224004,5.427735565246401],[-57.23322006741407,6.12937506289844],[-59.83440491238477,8.440183244661135]]]},"properties":{"NAME":"Essequibo","SUBJECTO":"Essequibo","PARTOF":"Essequibo"}},
{"type":"Feature","geometry":{"type":"MultiPolygon","coordinates":[[[[-59.83440491238477,8.440183244661135],[-65.3173048131226,8.021096013695573],[-66.25985825493467,7.347843555258383],[-67.79770396868764,5.200856831325332],[-68.59177953741134,5.200856831325332],[-71.51122743074471,6.539940605133761],[-72.72308185593164,6.674591096821196],[-74.94438408720096,5.88149303308851],[-76.3056564907273,2.137993923391058],[-76.41502879181613,-1.634285606880208],[-76.04131391368342,-2.797921134493848],[-71.00144908600247,-2.674997602111389],[-69.280519632648,-4.51885058784832],[-69.5260850193759,-4.255744816354134],[-66.40849393304576,3.041936481420927],[-62.65878060183632,4.152921580887431],[-58.55753164582598,3.977596077854006],[-55.8624251890192,1.695565793857857],[-55.80383591821904,0.875529465609527],[-57.97163893782451,-0.589157846288572],[-58.421773108119865,-2.305681787196602],[-52.6775522628695,-0.029669754172872],[-50.554928746613285,1.968626819566531],[-51.20926758328321,4.070678792909426],[-52.223916811111664,4.799609116604255],[-53.19832125334888,4.770842486800545],[-53.22682072449082,5.498247524527463],[-54.2862062124336,5.881543241456789],[-54.570146156127365,5.219323705016588],[-55.62539608134159,5.166561208755878],[-55.91075989285352,5.776344381288332],[-57.23322006741407,6.12937506289844],[-57.58816094224004,5.427735565246401],[-58.83599397880586,5.200856831325339],[-59.97291359895053,6.095120603137303],[-59.83440491238477,8.440183244661135]]],[[[-46.35766361314768,-3.1936563237538],[-47.15173918187139,-2.966777589832745],[-48.73989031931879,-3.420535057674854],[-53.0522924142,-2.527937429709489],[-58.92322145171103,-3.652157883700966],[-57.34568467686424,-3.35007637362392],[-56.33113935542037,-4.334740468715777],[-54.16333633581491,-4.626791146196514],[-49.06606977620206,-4.743578120004467],[-46.280890913956334,-3.552810001275475],[-53.123378851919725,-14.275041705614404],[-48.735456882361326,-23.20633508408783],[-48.966769053239844,-23.272424275767406],[-42.614164503450226,-21.457394404398947],[-41.13945273296335,-19.528925166069953],[-40.572255898160705,-15.445107955490915],[-40.68569526512124,-12.609123781477695],[-37.84971109110802,-9.886578974425],[-36.14812058670009,-7.617791635214424],[-36.37499932062114,-6.937155433451252],[-38.076589825029075,-6.256519231688074],[-40.005059063358075,-4.554928727280142],[-41.70664956776601,-4.328049993359087],[-44.20231564089764,-4.895246828161731],[-45.10983057658187,-4.554928727280142],[-46.35766361314768,-3.1936563237538]]],[[[-48.85215473075115,-28.563025097024802],[-50.05437120355606,-27.760440952629292],[-48.852154730931154,-28.56302509690464],[-49.93631836463665,-29.627403653901197],[-51.11682220985149,-31.472069181244947],[-49.93631836453321,-29.627403654142576],[-48.85215473075115,-28.563025097024802]]],[[[-58.522782292859304,-34.58706323031721],[-57.34773727932813,-34.508438505216795],[-56.33826157132032,-34.99545327572461],[-54.074337926300785,-34.647842802091795],[-52.35066696682813,-32.67519036678906],[-52.0421876577461,-31.55657235531445],[-51.44541641751172,-31.01539460568066],[-51.23235413113477,-30.26536027340527],[-50.60855194617962,-30.302172101777174],[-51.23235413123821,-30.265360273163893],[-51.445416417615164,-31.015394605439283],[-52.04218765784954,-31.556572355073072],[-52.14021349238029,-31.740936200871825],[-52.35066696693157,-32.67519036654768],[-54.074337926404226,-34.647842801850416],[-56.33826157142376,-34.99545327548323],[-57.34773727943157,-34.508438504975416],[-58.522782292859304,-34.58706323031721]]],[[[-69.96066676033594,-6.179131814928445],[-73.21407266888679,-6.731474170732639],[-74.32038446032895,-7.960709494557271],[-76.65593157559574,-6.977321235497577],[-77.88516689942037,-6.977321235497577],[-74.28756765626122,-12.645921515632779],[-70.52024877574033,-13.743517451082983],[-69.6018889310102,-14.22980964606285],[-69.27241573917452,-15.218229221569857],[-67.00362839996394,-15.7854260563725],[-66.54293786209772,-18.267023785590155],[-66.54293786209772,-19.765984390912124],[-67.91698508364286,-22.014425298895077],[-67.6671583160892,-23.76321267177071],[-67.91698508364286,-26.261480347307323],[-67.54385005680815,-26.39317506266075],[-67.15357488124135,-25.22234953596037],[-65.49350658965456,-19.135432466808773],[-65.71878024503351,-18.084155408373633],[-64.66180129731615,-16.804676207468987],[-64.1940629085568,-14.694582386569342],[-69.04501111905242,-8.235853806057],[-69.96066676033594,-6.179131814928445]]],[[[-62.35104462196087,-39.33307305697737],[-57.80888458767774,-38.386490263029295],[-56.69811340858196,-36.944073118012525],[-57.80888458778118,-38.386490262787916],[-62.35104462196087,-39.33307305697737]]],[[[-67.46862503577923,-46.26589242343245],[-66.69494339505079,-45.13110391049023],[-65.65723129798626,-44.94175759677229],[-66.69494339515423,-45.131103910248854],[-67.46862503577923,-46.26589242343245]]],[[[-69.07692429115032,-51.49934808139143],[-69.04092117825391,-50.562401212736326],[-67.83347031155469,-49.96821252255078],[-67.57759567776563,-49.05853310970898],[-65.78120132972454,-47.71157876376448],[-67.57759567786907,-49.058533109467604],[-67.83347031165813,-49.9682125223094],[-69.04092117835735,-50.56240121249495],[-69.11474151787864,-51.35236245613261],[-69.07692429115032,-51.49934808139143]]],[[[-66.4364315651613,-31.553498063886014],[-67.53442023354495,-31.617692202499367],[-67.36529256435563,-31.607804117720427],[-66.4364315651613,-31.553498063886014]]],[[[-71.44228836585735,-53.88161126498518],[-70.73358627835157,-52.8015064373457],[-69.48302170315625,-52.36093560604687],[-68.4558992057011,-52.420181669037916],[-69.4830217032597,-52.360935605805494],[-70.73358627845501,-52.80150643710432],[-71.44228836585735,-53.88161126498518]]],[[[-69.36699927002375,-33.0931064277352],[-70.48040482083204,-35.35797921566601],[-70.39072128811719,-36.16510049252148],[-71.14907545765897,-37.215619901293486],[-70.28925943201642,-36.47392351227089],[-69.36699927002375,-34.44495115588703],[-69.36699927002375,-33.0931064277352]]],[[[-70.49821945716594,-54.92306558017073],[-69.67171951809766,-54.77409402279492],[-65.26215836097454,-54.81925240878401],[-69.6717195182011,-54.77409402255354],[-70.49821945716594,-54.92306558017073]]],[[[-50.6166505483711,-0.891101755186277],[-50.47628494778516,-1.678760804220396],[-48.8856935171211,-1.421139515920835],[-48.40189072171094,-0.390650846048551],[-50.50141235867383,-0.261749692245679],[-50.6166505483711,-0.891101755186277]]]]},"properties":{"NAME":null,"SUBJECTO":null,"PARTOF":null}},
{"type":"Feature","geometry":{"type":"Polygon","coordinates":[[[-54.2862062124336,5.881543241456789],[-55.91075989285352,5.776344381288332],[-55.62539608134159,5.166561208755878],[-54.570146156127365,5.219323705016588],[-54.2862062124336,5.881543241456789]]]},"properties":{"NAME":"Surinam","SUBJECTO":"Surinam","PARTOF":"Surinam"}},
{"type":"Feature","geometry":{"type":"Polygon","coordinates":[[[-52.223916811111664,4.799609116604255],[-53.22682072449082,5.498247524527463],[-53.19832125334888,4.770842486800545],[-52.223916811111664,4.799609116604255]]]},"properties":{"NAME":"Cayenne","SUBJECTO":"Cayenne","PARTOF":"Cayenne"}},
{"type":"Feature","geometry":{"type":"Polygon","coordinates":[[[-74.40558334866407,39.613772951082034],[-75.06983167543883,40.39925284187539],[-77.72032715482742,39.14375498321764],[-76.94189163723829,37.2863727435625],[-76.37706467190625,37.29007299991016],[-75.04209610501172,38.49748571963672],[-74.40558334866407,39.613772951082034]]]},"properties":{"NAME":"Virginia","SUBJECTO":"England","PARTOF":"Virginia"}},
{"type":"Feature","geometry":{"type":"Polygon","coordinates":[[[-73.38648697415235,41.13857992740039],[-70.30209061184766,41.75944098086719],[-70.86807724514844,42.87142523379688],[-70.21647354641797,43.79962118716602],[-68.7816667226875,44.627200685457034],[-70.9935657905062,44.30728407453146],[-71.68098164280813,42.459853971470025],[-72.55883595812335,42.4452493522806],[-73.38648697415235,41.13857992740039]]]},"properties":{"NAME":"Massachusetts Bay","SUBJECTO":"England","PARTOF":"Massachusetts Bay"}},
{"type":"Feature","geometry":{"type":"Polygon","coordinates":[[[-69.25392624417188,48.12005575747852],[-69.80172440091016,48.190806947664065],[-73.44873721956854,47.063947592686226],[-73.68327440467164,45.656724482067666],[-69.52023936909171,46.30170174110117],[-69.25392624417188,48.12005575747852]]]},"properties":{"NAME":"New France","SUBJECTO":"France","PARTOF":"New France"}},
{"type":"Feature","geometry":{"type":"Polygon","coordinates":[[[-155.0599107412422,19.41958960147266],[-155.21165939846875,19.896211229280276],[-156.16333481350782,19.808374010041994],[-155.78282639065625,18.945514284089846],[-155.0599107412422,19.41958960147266]]]},"properties":{"NAME":"Polynesians","SUBJECTO":"Polynesians","PARTOF":"Polynesians"}},
{"type":"Feature","geometry":{"type":"Polygon","coordinates":[[[3.94949725588916,6.579388700441164],[5.337624153817803,8.724019928789726],[4.039831576011,10.265148614935306],[2.823151034317121,10.184036578822377],[2.417590853752497,9.048468073241429],[2.616754564849121,6.341382108644289],[3.94949725588916,6.579388700441164]]]},"properties":{"NAME":"Oyo","SUBJECTO":"Oyo","PARTOF":"Oyo"}},
{"type":"Feature","geometry":{"type":"Polygon","coordinates":[[[5.383361372557861,5.610234342531008],[6.899720429156793,6.127803964274134],[7.36542505664093,6.939555134305373],[7.36542505664093,7.912899567660475],[6.878752839963379,8.642907892676803],[5.337624153817803,8.724019928789726],[3.94949725588916,6.579388700441164],[5.383361372557861,5.610234342531008]]]},"properties":{"NAME":"Benin","SUBJECTO":"Benin","PARTOF":"Benin"}},
{"type":"Feature","geometry":{"type":"Polygon","coordinates":[[[1.176365408507568,6.084084115937991],[0.55201402315522,8.237347712112173],[-0.015770229635258,8.642907892676801],[-1.881347060232535,7.912899567660475],[-2.449131313023013,7.020667170418296],[-2.286907240797163,6.209546809289046],[-0.502442446312809,5.966210700950271],[-0.300653104314346,5.478011885646904],[1.176365408507568,6.084084115937991]]]},"properties":{"NAME":"Akan","SUBJECTO":"Akan","PARTOF":"Akan"}},
{"type":"Feature","geometry":{"type":"Polygon","coordinates":[[[-1.081275251301545,32.45392569156055],[-1.68113121071698,33.257815919832034],[-1.738150325211304,34.60509451480274],[-2.192973938378113,35.05424841494922],[-4.592977490814942,35.151187501863284],[-5.928758588227051,35.72785910220508],[-7.004007783325928,33.874984346345705],[-9.218686070832032,32.580360017732424],[-9.813266721161622,31.289060197786135],[-9.662592854889649,29.954816423372073],[-10.339312520416993,29.14631613345508],[-8.37030994926655,27.704236379214215],[-3.50358778249104,17.72745593732442],[-3.746923890829816,15.618542998388365],[-3.260251674152265,14.969646709484964],[-0.745778554651586,15.375206890049592],[-0.096882265748185,15.294094853936665],[1.200910312058618,15.618542998388365],[0.065341806477669,20.079704984599246],[-1.070226699103287,21.783057742970676],[-1.151338735216211,24.45975493469721],[-0.421330410199882,25.43309936805231],[-0.340218374086959,26.406443801407413],[-1.713601456447307,30.05865417642664],[-1.081275251301545,32.45392569156055]]]},"properties":{"NAME":"Morocco","SUBJECTO":"Morocco","PARTOF":"Morocco"}},
{"type":"Feature","geometry":{"type":"Polygon","coordinates":[[[23.678584874596226,56.87258232416636],[21.67733100375293,57.46365698428516],[20.945448908416015,56.069957338289065],[22.79350760897754,54.90241201968555],[22.8066465600312,53.807603214866845],[21.116757267450314,53.2687845135575],[18.92670686530177,53.49460269194497],[18.96497634371875,54.227584444001955],[17.657612833586914,54.685462556794924],[16.20375518114817,53.706387822934694],[15.764534781005738,52.26547121356442],[16.85478643368879,51.916590684705845],[18.646036580345903,50.64451035793008],[18.92670686530177,49.6219602967043],[19.380532145994035,49.803490408981204],[26.16266290937989,48.9405896176508],[29.31636982970131,48.28641554286899],[30.536667676426692,48.2515498901054],[32.00773824423418,48.20951930245376],[33.067889379547154,49.018406630741815],[31.914047962506036,49.5603351133981],[30.197386266538267,50.30078582076703],[30.61031868356928,51.665452247468956],[32.468034117869976,53.08606375212738],[31.513593917378373,55.55893154431019],[28.617120425734697,56.09500949782608],[27.89791851687113,56.7319189235023],[25.856034828943475,56.55690032167993],[23.678584874596226,56.87258232416636]]]},"properties":{"NAME":"Polish–Lithuanian Commonwealth","SUBJECTO":"Polish–Lithuanian Commonwealth","PARTOF":"Polish–Lithuanian Commonwealth"}},
{"type":"Feature","geometry":{"type":"Polygon","coordinates":[[[56.69509032687304,73.42014654727345],[60.88701919039843,75.24749334903126],[66.54819014987109,75.97989233584767],[65.92605880221484,76.50735815616017],[59.01763061007617,75.79893072696095],[54.01755050143359,73.73358496280079],[56.69509032687304,73.42014654727345]]]},"properties":{"NAME":null,"SUBJECTO":null,"PARTOF":null}},
{"type":"Feature","geometry":{"type":"MultiPolygon","coordinates":[[[[116.08469680270312,22.88737829776172],[111.51518048898322,24.56114497983839],[108.02989768725595,28.046427781565637],[106.12883434085927,28.838537509230928],[103.75250515786342,28.363271672631758],[101.37617597486758,26.937474162834242],[98.57541182955859,25.955068193391604],[97.52405074557421,24.799996934846682],[98.76916030367968,24.08975752444629],[99.15594008883593,22.307843767122073],[100.0402098031914,21.62087782473926],[101.0139875741875,21.442420564607424],[101.96785262545703,22.533715806916994],[104.47811416110156,22.78323134036426],[105.31343368014453,23.296004854158205],[107.09811690768359,21.649287782625002],[107.87561324557421,21.462068162874026],[109.11740401705859,21.39900930972461],[110.0772199960625,20.867482744172854],[111.08559707125781,21.479402147249026],[112.74952224215625,21.756068788484377],[113.71678451022265,22.482215486482424],[116.08469680270312,22.88737829776172]]],[[[109.42965224703906,18.096622072175784],[110.26251510104296,18.625627122834963],[110.61735061129687,20.017461381868166],[109.55032638033984,19.913556657747073],[108.57689956149218,19.18737181277637],[109.42965224703906,18.096622072175784]]]]},"properties":{"NAME":"Post-Ming Warlords","SUBJECTO":"Post-Ming Warlords","PARTOF":"Post-Ming Warlords"}},
{"type":"Feature","geometry":{"type":"Polygon","coordinates":[[[137.23923781832812,53.45651587100391],[136.16079852341954,53.020625426272936],[132.01796971420106,52.42879273924172],[131.13022068365424,53.90837445681975],[130.3904298248652,56.05376794730791],[129.20676445080278,56.86753789197583],[127.58098302158292,56.61544897429181],[120.38680943883438,46.42337346340023],[107.71305379618983,43.254934552739094],[103.55574918406575,39.90003124504451],[102.11868897621052,39.75632522425898],[100.53792274756977,40.33114930740107],[99.38827458128559,39.75632522425898],[99.24456856050006,38.75038307876033],[101.68757091385396,36.307380725406425],[102.40610101778157,33.720672351267005],[100.6816287683553,28.690961623773696],[98.63722518405078,27.478742204622073],[98.57541182955859,25.955068193391604],[101.37617597486758,26.937474162834242],[103.75250515786342,28.363271672631758],[106.12883434085927,28.838537509230928],[108.02989768725595,28.046427781565637],[111.51518048898322,24.56114497983839],[116.08469680270312,22.88737829776172],[118.81294539889453,24.84941443057422],[119.47034743746875,25.77168234439258],[119.428904566375,26.590831361726565],[120.35180953463671,27.177013002351565],[121.35852340182421,28.385663591340823],[121.77031997164843,29.834281526521487],[121.60595992526171,31.827626787141604],[120.66086104830859,32.54311712832813],[119.97359755953906,34.13522299380664],[119.02086165866015,34.691932283357424],[120.13933852633593,36.194800935701174],[121.84669784030078,36.86017569156055],[120.65811446627734,37.73646505923633],[119.59885695895312,37.11661871524219],[118.87524703463671,37.94942816348438],[117.58946517428515,38.28448065371875],[117.75288680514453,39.20253714175586],[118.97764113864062,39.22413595767383],[121.01060775241015,40.85068091006641],[122.10791305026171,40.35372122378711],[122.02749160250781,39.25575979800586],[124.13388350924609,39.843143068269534],[125.87949660739062,40.945026002839846],[126.47417739352343,41.651507936433596],[128.09849074801562,41.44936331363086],[129.9656019540703,42.957393251375],[130.43509963473437,42.27675970645313],[132.1817884775078,43.19463690371875],[132.95279983004687,42.669540010408205],[134.1389417978203,42.99295385928516],[136.03397658785937,44.39840658755664],[137.72051528414843,45.996680818513674],[140.08100417575,48.50260504336719],[141.12119582614062,53.051631532625],[140.10245803317187,53.80170401187305],[138.41680434664843,54.09191092105274],[137.23923781832812,53.45651587100391]]]},"properties":{"NAME":"Manchu Empire","SUBJECTO":"Manchu Empire","PARTOF":"Manchu Empire"}},
{"type":"Feature","geometry":{"type":"Polygon","coordinates":[[[53.95502854221405,19.729632447263786],[56.94577797342595,20.635920153691636],[58.18030483547615,21.849213133895084],[57.396296877665264,23.837040823040553],[56.79418853243945,24.26761396975879],[56.01545623263476,25.771625123933596],[54.34709838351367,24.15445288272266],[51.58590224703906,24.00322111697559],[51.586672815886715,25.60911902041797],[50.84732345065234,25.265224061921877],[50.968333277312496,24.436244569734377],[49.70419928565464,24.410299554867095],[49.39540370586717,26.077795685719416],[48.46901696650477,26.69538684529435],[47.43863967379687,28.829289995149416],[46.90507516233225,29.437615717313662],[44.08318025148226,30.33699169320539],[40.02912202509114,34.39104991959652],[38.03644933754296,34.59718847348081],[37.211895122005785,33.56649570405934],[36.52476660905813,31.161545908742568],[36.593479460352896,29.78728888284727],[37.42091199004359,27.834118954094563],[38.814055841182594,24.841439570166344],[40.64753768674403,24.152835076676563],[41.07042045024812,22.262737159805738],[41.8124565280542,21.71258711067685],[41.922550675010456,20.766511713374978],[43.06599035309232,18.65375446750768],[43.48795395996116,16.621825637141917],[44.508690330728925,14.096846193663826],[45.2608118670841,13.828231359251259],[46.335271204734354,14.096846193663826],[46.659412505469874,15.424765841731508],[47.837586523826076,16.42168231880214],[50.511135257788226,17.14671248394442],[53.95502854221405,19.729632447263786]]]},"properties":{"NAME":null,"SUBJECTO":null,"PARTOF":null}},
{"type":"Feature","geometry":{"type":"Polygon","coordinates":[[[50.511135257788226,17.14671248394442],[47.837586523826076,16.42168231880214],[46.659412505469874,15.424765841731508],[46.335271204734354,14.096846193663826],[46.87773410632187,13.473871601441703],[49.33384993991015,14.632695756868166],[51.59900174758798,15.378753642226663],[50.511135257788226,17.14671248394442]]]},"properties":{"NAME":"Hadramaut","SUBJECTO":"Hadramaut","PARTOF":"Hadramaut"}},
{"type":"Feature","geometry":{"type":"Polygon","coordinates":[[[50.511135257788226,17.14671248394442],[51.59900174758798,15.378753642226663],[52.894324335662105,16.60995253177051],[54.910613092986324,16.97005995364551],[55.38948729952929,17.80974157901172],[53.95502854221405,19.729632447263786],[50.511135257788226,17.14671248394442]]]},"properties":{"NAME":"Mahra","SUBJECTO":"Mahra","PARTOF":"Mahra"}},
{"type":"Feature","geometry":{"type":"Polygon","coordinates":[[[53.95502854221405,19.729632447263786],[55.38948729952929,17.80974157901172],[56.25759032687304,17.97677382083301],[56.73888686617968,18.689376436189455],[57.83862975558398,19.034806810334963],[57.80608275851367,20.171960435823244],[58.774060503887554,20.941229844264516],[58.18030483547615,21.849213133895084],[56.94577797342595,20.635920153691636],[53.95502854221405,19.729632447263786]]]},"properties":{"NAME":"Gharra","SUBJECTO":"Gharra","PARTOF":"Gharra"}},
{"type":"Feature","geometry":{"type":"Polygon","coordinates":[[[74.77759773639653,13.527907138893337],[75.21094039401171,12.102367959932131],[76.07506087741015,10.553955636934084],[76.70353225192187,8.706356607393069],[77.89976027926562,8.257814966157717],[79.82626632174609,10.358728013948244],[79.72527965820734,11.515919075722639],[79.07039235928022,11.34983957718938],[78.55874713933034,12.219636451104208],[77.20838858479482,13.10806789217532],[74.77759773639653,13.527907138893337]]]},"properties":{"NAME":"Hindu Kingdoms","SUBJECTO":"Hindu Kingdoms","PARTOF":"Hindu Kingdoms"}},
{"type":"Feature","geometry":{"type":"Polygon","coordinates":[[[-11.285589447196525,10.584656492361042],[-10.948697533997315,9.405534796163813],[-9.938021794399688,8.563305013165781],[-7.916670315204428,8.563305013165781],[-6.905994575606798,9.910872665962629],[-6.905994575606798,11.089994362159857],[-8.085116271804033,11.763778188558284],[-9.938021794399688,11.595332231958672],[-11.285589447196525,10.584656492361042]]]},"properties":{"NAME":"Mali","SUBJECTO":"Mali","PARTOF":"Mali"}},
{"type":"Feature","geometry":{"type":"Polygon","coordinates":[[[13.08375838717578,-9.287485517545896],[13.816288981047851,-10.976270116850095],[13.649036440459472,-12.19675961880322],[12.585389170256835,-13.463659681364256],[11.782002482024414,-15.867509283109861],[11.774609598723632,-17.596052564665037],[14.415466341582519,-22.267668165250974],[14.843331369963867,-25.622223295255857],[15.45380404910205,-27.616459287687498],[16.78830054720996,-29.138924039884763],[18.178561243621093,-31.805298246427732],[18.487156900969726,-34.39771691708203],[20.256072077361328,-34.62289086727734],[22.681775126067382,-34.10311547665234],[24.429938349333984,-34.33470193295117],[26.658656153289062,-33.84707299618359],[28.92185309847949,-32.297909177824216],[30.391005549041015,-30.81392899899121],[31.56308082064746,-29.209801115080076],[32.234744104949215,-28.74441758541699],[32.88739025363263,-26.715051172821052],[32.094418417568306,-26.255363001558344],[32.944861445037105,-25.53962365536328],[34.88371947726367,-24.722015775724607],[35.29743102511523,-23.825008787199216],[35.26076034030078,-22.274328626676756],[34.69901565035937,-20.572248853727537],[35.37788680514453,-19.42682496456738],[34.28702146924246,-15.916393821017556],[35.546153505551345,-16.96567051794163],[36.38557486309061,-16.96567051794163],[37.2753172250664,-17.71316186337109],[39.471255335417965,-16.717016614958006],[40.38579848727343,-15.7363266125166],[40.59920791110156,-14.401239790006834],[40.311343226042965,-11.344973005338865],[40.619517359343746,-10.7659896984541],[39.65761474093554,-9.795738615080076],[39.27012542208789,-7.801093496366697],[39.56642821749804,-7.044216074033933],[38.92152694186328,-6.340208925291257],[39.2672720285332,-4.776162542387205],[40.23441604098437,-3.191706575437742],[42.440066370574215,-0.511580146833616],[43.724307093230465,0.800251446679873],[46.360503229705074,2.667831026033205],[48.47157958468554,5.20143374057178],[49.04607299288867,6.416338048890871],[50.77938369235156,9.368420206025881],[51.18070510348437,11.777448259309573],[50.69729140719531,11.947959505037112],[49.30350020846484,11.246025644258303],[47.39071181735156,11.159307084993166],[44.28083709200976,10.396465860322756],[43.36809447726367,11.45563467593555],[42.668772730437496,11.511313043550295],[40.493945141402975,9.860048391667512],[41.84186074236416,8.757208354517452],[42.94470077951422,6.919141625934017],[42.57708743379753,5.816301588783965],[41.7193229604586,4.713461551633905],[42.82216299760866,4.590923769728338],[43.80246525285315,2.87539482305047],[42.3320118699864,1.772554785900411],[38.410802849008434,1.037328094467039],[36.45019833851943,2.63031925923935],[36.08258499280275,5.693763806878394],[38.04318950329174,5.693763806878394],[38.04318950329174,6.796603844028454],[34.97974495565269,7.286754971650709],[35.102282737558255,8.389595008800768],[36.462341722311876,8.547458998102522],[35.96004721089719,14.761559667889983],[36.08258499280275,16.109475268851163],[38.04318950329174,16.232013050756727],[38.96278113754671,17.191577028193105],[38.527468714324215,18.161315523103518],[37.43050059376394,17.70246643362347],[36.45019833851943,18.070079779340162],[35.96004721089719,19.417995380301335],[37.165026901801795,20.764269181727983],[36.800112757292965,21.914899431184573],[35.25054864164662,21.36938639551212],[32.661727152233055,20.999554754167328],[32.16137597182477,20.643373199356958],[33.87690491850263,19.663070944112462],[34.612131609936,18.070079779340162],[33.631829354691504,15.741861923134486],[33.999442700408196,13.658719630739924],[33.141678227069264,11.575577338345376],[31.671224844202516,11.575577338345376],[31.426149280391396,13.29110628502324],[31.671224844202516,15.864399705040036],[30.690922588958024,16.84470196028454],[29.4655447699024,19.172919816490214],[29.4655447699024,20.76591098126252],[30.346361205137764,22.111400591415908],[29.425700290466107,22.6637971402189],[26.1714823420025,30.315606910930608],[22.429432528192088,31.26488872689992],[21.19694627054442,31.077466980812986],[19.97024852772674,29.723181658957692],[18.85865466952491,29.56216240771757],[17.581183500626388,30.34273983624285],[15.634077778931923,30.51810135736362],[15.1447614181766,25.096705374997708],[9.670226286804233,24.217677390714584],[9.45743516862368,25.184265893032865],[13.674568238020067,26.14324713625792],[13.877496814073512,31.058845691406717],[13.078438899835579,31.825941289075136],[8.770583097822632,33.18925043867925],[8.020752939788085,33.02027853579883],[6.269234644500006,31.873469044264244],[0.873159063104652,31.985887285543306],[-1.081275251301545,32.45392569156055],[-1.713601456447307,30.05865417642664],[-0.340218374086959,26.406443801407413],[-0.421330410199882,25.43309936805231],[-1.151338735216211,24.45975493469721],[-1.070226699103287,21.783057742970676],[0.065341806477669,20.079704984599246],[1.200910312058618,15.618542998388365],[3.066487142655898,15.050758745597888],[3.147599178768822,13.266293951113536],[2.498702889865424,12.69850969832306],[0.957574203719844,12.536285626097209],[-0.421330410199882,14.158526348355712],[-0.096882265748185,15.294094853936665],[-0.745778554651586,15.375206890049592],[-3.260251674152265,14.969646709484964],[-3.746923890829816,15.618542998388365],[-3.50358778249104,17.72745593732442],[-8.37030994926655,27.704236379214215],[-10.339312520416993,29.14631613345508],[-11.57645889798047,28.228616319612307],[-12.866208997162598,27.857324205354494],[-13.628725018891114,26.591056428865237],[-14.36725422421338,26.119227968171877],[-14.820046391876954,24.73287733645801],[-15.714025464447754,23.873057924226565],[-16.806021657379883,21.989650331453127],[-17.051907506378907,21.004098497346682],[-16.347281423004883,20.52261694522266],[-15.982691731842774,18.17839964480762],[-16.45005508938672,16.118390642122073],[-16.05117067242105,15.069354370396253],[-16.87041946926953,14.363524995759768],[-16.56660553494336,12.309811197236819],[-15.459337985389835,12.480086364634685],[-15.158031430634278,11.87610300631885],[-15.341422048004883,11.221154771760744],[-13.680051770600098,9.915645204500002],[-12.26394268551709,7.351388536409182],[-9.937263455780762,5.863056264833254],[-9.247899022492188,5.171884141877932],[-7.528605428131836,4.336791597322268],[-4.999971356781739,5.238270841554446],[-3.941593614014405,5.265976034120364],[-2.031221595200318,4.698200784639162],[-0.300653104314346,5.478011885646904],[-0.502442446312809,5.966210700950271],[-2.286907240797163,6.209546809289046],[-2.449131313023013,7.020667170418296],[-1.881347060232535,7.912899567660475],[-0.015770229635258,8.642907892676801],[0.55201402315522,8.237347712112173],[1.176365408507568,6.084084115937991],[2.616754564849121,6.341382108644289],[2.417590853752497,9.048468073241429],[2.823151034317121,10.184036578822377],[4.039831576011,10.265148614935306],[5.337624153817803,8.724019928789726],[6.878752839963379,8.642907892676803],[7.36542505664093,7.912899567660475],[7.36542505664093,6.939555134305373],[6.899720429156793,6.127803964274134],[5.383361372557861,5.610234342531008],[5.606589827147705,4.632113061860842],[6.84447959384082,4.291642270997805],[8.874658617583496,4.620119176820559],[9.92309001406787,2.824045501664919],[9.851344141570312,1.877057872728152],[9.202508005706054,-0.634416438623624],[8.81520942172168,-0.895802535101133],[9.656445536223632,-2.419099487348753],[11.772603067961914,-4.536981023832517],[12.37169078311084,-6.257806695982175],[14.576170881444337,-4.771836462325236],[15.04963703106931,-6.014685105090788],[14.990453762366187,-7.198350479153216],[14.398621075334972,-7.198350479153216],[14.329051675258405,-9.368144601960868],[13.08375838717578,-9.287485517545896]],[[-11.285589447196525,10.584656492361042],[-9.938021794399688,11.595332231958672],[-8.085116271804033,11.763778188558284],[-6.905994575606798,11.089994362159857],[-6.905994575606798,9.910872665962629],[-7.916670315204428,8.563305013165781],[-9.938021794399688,8.563305013165781],[-10.948697533997315,9.405534796163813],[-11.285589447196525,10.584656492361042]],[[-10.831568697631214,14.460282763939492],[-11.456135616515368,12.961322158617524],[-12.580356070506845,12.836408774840692],[-14.95371036226663,15.084849682823645],[-13.954403292051984,15.83432998548463],[-11.331222232738538,15.084849682823645],[-10.831568697631214,14.460282763939492]],[[6.531391647348258,16.708723671922442],[6.531391647348258,17.957857509690754],[7.15595856623241,18.45751104479807],[8.155265636447055,18.20768427724441],[8.405092404000719,17.208377207029766],[7.780525485116563,16.583810288145614],[6.531391647348258,16.708723671922442]],[[26.946343189541924,-18.66794803445848],[27.670966483084378,-18.003710015377898],[30.146762736021103,-18.54717748553474],[30.690230206177944,-20.056809347081522],[29.905221638173614,-22.049523404323274],[26.885957915080052,-21.92875285539953],[26.28210517046134,-20.660662091700235],[26.946343189541924,-18.66794803445848]],[[23.50438254521526,-10.334780158720244],[23.021300349520292,-10.817862354415217],[18.250863667032462,-11.119788726724574],[17.465855099028133,-8.16091027809288],[17.888552020261233,-7.375901710088554],[21.330512664587896,-6.711663691007971],[23.625153094139,-6.772048965469839],[25.3159407790714,-6.530507867622358],[25.980178798151982,-5.141646554999316],[29.331561530785837,-5.322802378384932],[31.0827344901801,-8.70437774824972],[30.358111196637648,-9.247845218406562],[29.271176256323965,-9.187459943944692],[28.727708786167124,-9.730927414101533],[27.338847473544085,-9.610156865177789],[26.372683082154143,-10.274394884258374],[23.50438254521526,-10.334780158720244]],[[22.689181339979996,15.328961487575047],[23.111878261213096,16.597052251274338],[27.45961802246783,18.167069387282993],[29.15040570740022,17.92552828943551],[29.99579954986642,14.24202654726136],[29.09002043293835,13.155091606947678],[24.31958375045052,12.792779960176453],[23.17226353567497,13.577788528180776],[22.689181339979996,15.328961487575047]],[[20.515311459352628,16.476281702350597],[21.541861125204445,16.597052251274338],[22.326869693208767,15.328961487575047],[22.80995188890374,13.758944351566388],[22.628796065518124,13.215476881409547],[19.911458714733918,12.611624136790837],[19.367991244577077,13.396632704795163],[19.790688165810174,14.966649840803818],[20.515311459352628,16.476281702350597]],[[-2.773579457474714,12.536285626097209],[-2.043571132458389,13.428518023339386],[-0.836544182399663,13.407954943756758],[-0.096882265748185,12.374061553871357],[-0.502442446312809,10.265148614935306],[-1.556898915780838,9.859588434370679],[-2.692467421361791,10.102924542709454],[-2.773579457474714,12.536285626097209]],[[16.842944292241572,14.32769555876658],[16.97239418428503,12.464435030290016],[16.618574216735006,11.049155160089907],[14.967414368168214,9.987695257439825],[12.018914638584654,9.869755268256483],[10.839514746751234,10.577395203356538],[10.367754790017862,9.515935300706456],[8.71659494145107,9.044175343973091],[7.18337508206762,11.049155160089907],[5.768095211867511,11.167095149273251],[4.824575298400774,12.58237501947336],[5.178395265950797,15.648814738240262],[7.159524033751033,16.03918786463027],[11.075394725117917,14.351474857223494],[13.552134497968105,16.120574694973627],[16.264754249184975,16.120574694973627],[16.8447474764922,14.366466383455776],[16.842944292241572,14.32769555876658]]]},"properties":{"NAME":null,"SUBJECTO":null,"PARTOF":null}},
{"type":"Feature","geometry":{"type":"Polygon","coordinates":[[[8.47854685141241,53.50085984409973],[7.159938845244628,53.16400106997852],[6.381445440856201,51.81990011783008],[6.407898509239333,50.256888252114486],[5.909256214734315,49.200859868256885],[6.251774628440081,47.95721392992383],[6.822959456053955,47.37817343325977],[8.983487283772465,47.679618759299416],[9.118142444734893,47.67853423872031],[9.216057312656227,47.67100283816657],[9.53932315928003,47.4872009429331],[10.395699534026367,46.88741263003711],[13.709092915095635,46.83906489156842],[13.367695841399414,45.69448813052539],[14.354488405791503,45.32289084048633],[16.535293701753467,46.364663368679096],[16.557037974845283,47.495365569453625],[18.92670686530177,49.6219602967043],[18.646036580345903,50.64451035793008],[16.85478643368879,51.916590684705845],[15.764534781005738,52.26547121356442],[16.20375518114817,53.706387822934694],[17.657612833586914,54.685462556794924],[14.927451056610263,53.98449905267892],[14.285541030108588,53.29825652901546],[12.594689510005278,54.301141394810145],[10.141728434172851,54.33675345034961],[8.884012255278808,54.229449830964846],[8.821225830173567,53.963005866026386],[8.47854685141241,53.50085984409973]]]},"properties":{"NAME":"Holy Roman Empire","SUBJECTO":"Holy Roman Empire","PARTOF":"Holy Roman Empire"}},
{"type":"Feature","geometry":{"type":"Polygon","coordinates":[[[-2.296936633546925,55.82392932944124],[-2.150362935456055,57.571979127839846],[-5.762965646179932,57.61977728457813],[-5.633057561310547,55.93986090274219],[-3.174440671307445,54.84460798797341],[-2.296936633546925,55.82392932944124]]]},"properties":{"NAME":"Scottalnd","SUBJECTO":"Scottalnd","PARTOF":"Scottalnd"}},
{"type":"Feature","geometry":{"type":"Polygon","coordinates":[[[-92.0171061297012,29.824881587239233],[-91.98128915859135,30.233195057891454],[-92.45987844108333,30.583590782573072],[-94.70753882135823,30.754515526320215],[-95.468153931033,31.216012334437504],[-95.97238192508706,30.839977898193798],[-95.82107409841741,29.644863567672523],[-95.17430086121617,29.105621625434086],[-94.84457870999219,29.346345506624026],[-92.22781082669141,29.80209120364551],[-92.0171061297012,29.824881587239233]]]},"properties":{"NAME":"Atakapa","SUBJECTO":"Atakapa","PARTOF":"Atakapa"}},
{"type":"Feature","geometry":{"type":"Polygon","coordinates":[[[-97.65257554481695,28.557874904362205],[-98.17373449297943,28.24517953546474],[-97.5456153245701,27.922974720486824],[-95.2391862539375,29.05825003238086],[-95.17430086121617,29.105621625434086],[-95.82107409841741,29.644863567672523],[-97.52748910202521,28.681722971125645],[-97.65257554481695,28.557874904362205]]]},"properties":{"NAME":"Atakapa","SUBJECTO":"Atakapa","PARTOF":"Atakapa"}},
{"type":"Feature","geometry":{"type":"Polygon","coordinates":[[[-81.87694142117128,37.363193255759306],[-82.06205774481032,38.3339991459273],[-83.0958774341801,38.95733160569437],[-86.07571065648122,39.200583297310786],[-87.77847249779614,38.364405607379354],[-88.37139849611115,37.08733422639315],[-87.68725311343998,35.79505961468094],[-86.69253429627324,35.11211833722317],[-86.66863665479623,35.09571100128373],[-83.25282200860906,36.668996225569444],[-81.87694142117128,37.363193255759306]]]},"properties":{"NAME":"Shawnee","SUBJECTO":"Shawnee","PARTOF":"Shawnee"}},
{"type":"Feature","geometry":{"type":"Polygon","coordinates":[[[-89.5233210054048,29.97556521147339],[-91.18373730678027,29.85632625098658],[-91.98128915859135,30.233195057891454],[-92.0171061297012,29.824881587239233],[-91.95100876370313,29.832030855134768],[-90,29.108672700837893],[-89.5233210054048,29.97556521147339]]]},"properties":{"NAME":"Chtimacha","SUBJECTO":"Chtimacha","PARTOF":"Chtimacha"}},
{"type":"Feature","geometry":{"type":"Polygon","coordinates":[[[-100.1060536984895,31.040095755971887],[-98.4232320892691,29.693838468595573],[-97.47856133021726,31.104075520332106],[-99.45396032491661,32.23910615254144],[-99.68534829618442,33.9429630318771],[-101.2664930690788,35.945675101031995],[-101.68369895713364,37.62413530204674],[-103.30341475600828,35.92027842271107],[-104.16749087011537,35.39004989814536],[-103.82929650888966,34.2164215433754],[-103.36652056635405,32.38635304334822],[-100.30418200680661,31.123415811274594],[-100.1060536984895,31.040095755971887]]]},"properties":{"NAME":"Comanche","SUBJECTO":"Comanche","PARTOF":"Comanche"}},
{"type":"Feature","geometry":{"type":"Polygon","coordinates":[[[-98.9813126071619,42.48092583151508],[-99.83677604994878,42.6811406798269],[-100.87425299120096,42.76304675413628],[-101.39299146182705,41.716469137960836],[-101.26720334204992,41.14143773326539],[-100.7104408425822,41.01571716886945],[-99.51825242763452,38.767850462823056],[-97.80732554206074,38.77695113774632],[-97.07927154819956,40.11475035146624],[-97.0155668237367,40.35136789947112],[-96.71524455126897,41.188629992411485],[-97.197580322202,41.36154281595351],[-98.25325861330072,42.308013007973045],[-98.9813126071619,42.48092583151508]]]},"properties":{"NAME":"Pawnee","SUBJECTO":"Pawnee","PARTOF":"Pawnee"}},
{"type":"Feature","geometry":{"type":"Polygon","coordinates":[[[-103.4785476511278,42.611278986492934],[-102.22930007330926,44.16522109548673],[-103.21955729962883,45.19356513820321],[-104.55259587352057,45.07168732573311],[-105.97704280676489,43.31207640819602],[-104.16411034627212,41.971420471024906],[-103.4785476511278,42.611278986492934]]]},"properties":{"NAME":"Cheyenne","SUBJECTO":"Cheyenne","PARTOF":"Cheyenne"}},
{"type":"Feature","geometry":{"type":"Polygon","coordinates":[[[-87.16207788207511,32.95345187745109],[-87.32191604831701,31.86655234700624],[-85.82742919395534,31.85856043869415],[-86.10714598487864,32.913492335890616],[-87.16207788207511,32.95345187745107],[-87.16207788207511,32.95345187745109]]]},"properties":{"NAME":"Alabama","SUBJECTO":"Alabama","PARTOF":"Alabama"}},
{"type":"Feature","geometry":{"type":"Polygon","coordinates":[[[-91.62596598967967,32.957145374502055],[-91.62596598967966,31.93861997914048],[-90.40870393180853,32.05040935180212],[-89.97350313269683,32.57975486377784],[-89.95060900762762,32.957507927419755],[-89.94912539975513,32.98198745731575],[-91.62596598967967,32.957145374502055]]]},"properties":{"NAME":"Tunica","SUBJECTO":"Tunica","PARTOF":"Tunica"}},
{"type":"Feature","geometry":{"type":"Polygon","coordinates":[[[-104.55259587352057,45.07168732573311],[-104.5369739366403,47.134040143982624],[-106.18901899358839,47.90581019852679],[-107.81177701395879,47.194312593258424],[-110.1762472023935,46.77965483479044],[-111.54866886905845,45.506684013536],[-110.27913260322268,44.74806491673072],[-107.30900255904729,43.97698591895234],[-107.1797746038992,43.95803248553062],[-106.82274071672225,43.7149455836229],[-105.97704280676489,43.31207640819602],[-104.55259587352057,45.07168732573311]]]},"properties":{"NAME":"Crow","SUBJECTO":"Crow","PARTOF":"Crow"}},
{"type":"Feature","geometry":{"type":"Polygon","coordinates":[[[-95.39231224519642,33.61377120181758],[-95.3510003821267,34.04754576404964],[-95.45428003980099,35.13198216962977],[-97.50954522751955,34.88411099121146],[-98.95546043495973,34.99771861465319],[-99.68534829618442,33.9429630318771],[-99.45396032491661,32.23910615254144],[-97.47856133021726,31.104075520332106],[-96.82789948686917,32.35375937819113],[-96.60068423998571,32.71523818005117],[-96.1462537462188,33.32458816032954],[-95.7641190128239,33.48983561260842],[-95.39231224519642,33.61377120181758]]]},"properties":{"NAME":"Wichita","SUBJECTO":"Wichita","PARTOF":"Wichita"}},
{"type":"Feature","geometry":{"type":"Polygon","coordinates":[[[-82.37360226000148,43.04672870287678],[-83.3855778,44.3126677],[-83.43090175,45.27498137500001],[-84.69224292558786,45.80450431225778],[-86.13946629598819,44.66428174287694],[-86.42336629747763,43.601476609095926],[-86.16130475764122,42.414920192614396],[-85.44063552309109,41.672412496411226],[-82.37360226000148,43.04672870287678]]]},"properties":{"NAME":"Potawatomi","SUBJECTO":"Potawatomi","PARTOF":"Potawatomi"}},
{"type":"Feature","geometry":{"type":"Polygon","coordinates":[[[-91.62603616572511,38.46949748184911],[-90.52805018777178,37.93859552549461],[-90.80932142258536,37.16880056705743],[-89.09208651530243,36.94674432904671],[-88.37139849611115,37.08733422639315],[-87.77847249779614,38.364405607379354],[-87.74494533803735,40.33680289601044],[-87.37485160801948,41.62472907647264],[-87.7913159181256,42.82891446913748],[-89.10477071021725,42.89056799968299],[-89.83227397533817,42.6757952697234],[-91.13500390500107,43.93411395178416],[-92.45253758386472,42.69059901892412],[-91.41627513981467,42.17246779689909],[-91.32745264461039,41.535906581268364],[-92.0380326062447,40.86973786723616],[-92.7955491708819,40.33667065508406],[-92.79554917088191,40.33667065508406],[-92.21567759665328,40.085139159598285],[-91.62603616572511,38.46949748184911]]]},"properties":{"NAME":"Illinnois","SUBJECTO":"Illinnois","PARTOF":"Illinnois"}},
{"type":"Feature","geometry":{"type":"Polygon","coordinates":[[[-85.44063552309109,41.672412496411226],[-86.16130475764122,42.414920192614396],[-87.37485160801948,41.62472907647264],[-87.74494533803735,40.33680289601044],[-87.64805901990378,38.88173508353631],[-85.17235395390892,40.64191845415694],[-85.44063552309109,41.672412496411226]]]},"properties":{"NAME":"Miami","SUBJECTO":"Miami","PARTOF":"Miami"}},
{"type":"Feature","geometry":{"type":"Polygon","coordinates":[[[-79.61260996007726,42.36466961064934],[-81.66155298756502,41.413275444397144],[-83.13127091894104,42.05189648773462],[-82.37193229112192,43.044001906171495],[-82.37360226000148,43.04672870287678],[-85.44063552309109,41.672412496411226],[-85.17235395390892,40.64191845415694],[-80.74645563181255,40.67721887563973],[-79.92087866955761,40.418604405535774],[-79.14369287873127,38.59912124913121],[-79.14369287873127,38.5991212491312],[-77.79947159048069,39.936951058410585],[-78.78951038504476,40.66010983009217],[-78.13373214942634,42.4034624171451],[-79.00649505226482,42.61040619823051],[-79.61260996007726,42.36466961064934]]]},"properties":{"NAME":"Erie","SUBJECTO":"Erie","PARTOF":"Erie"}},
{"type":"Feature","geometry":{"type":"Polygon","coordinates":[[[-88.13552334401334,44.05184054161375],[-89.10477071021725,42.89056799968299],[-87.7913159181256,42.82891446913748],[-87.84802211401234,44.60619052508264],[-87.97361712897926,44.369870606859266],[-87.92371646037913,44.349735831408566],[-88.13552334401332,44.05184054161375],[-88.13552334401334,44.05184054161375]]]},"properties":{"NAME":"Winebago","SUBJECTO":"Winebago","PARTOF":"Winebago"}},
{"type":"Feature","geometry":{"type":"Polygon","coordinates":[[[-101.26558201290135,41.134025942871894],[-104.16411034627212,41.971420471024906],[-105.97704280676489,43.31207640819602],[-106.82274071672225,43.7149455836229],[-106.52596767334906,42.12193885650528],[-105.11691384120113,40.86078648722786],[-104.25812082563621,39.82192396839933],[-104.16161670445695,37.77925340343811],[-102.87489508873333,37.602329181276104],[-101.68369895713364,37.62413530204674],[-99.51825242763452,38.767850462823056],[-100.7104408425822,41.01571716886945],[-101.26558201290135,41.134025942871894]]]},"properties":{"NAME":"Arapaho","SUBJECTO":"Arapaho","PARTOF":"Arapaho"}},
{"type":"Feature","geometry":{"type":"Polygon","coordinates":[[[-99.68534829618442,33.9429630318771],[-98.95546043495973,34.99771861465319],[-97.50954522751955,34.88411099121146],[-96.58604319188419,37.248480736952146],[-97.052479777584,38.21352194874485],[-97.80732554206074,38.77695113774632],[-99.51825242763452,38.767850462823056],[-101.68369895713364,37.62413530204674],[-101.2664930690788,35.945675101031995],[-99.68534829618442,33.9429630318771]]]},"properties":{"NAME":"Kiowa","SUBJECTO":"Kiowa","PARTOF":"Kiowa"}},
{"type":"Feature","geometry":{"type":"Polygon","coordinates":[[[-95.39231224519641,33.613771201817556],[-95.39231224519642,33.61377120181758],[-96.1462537462188,33.32458816032954],[-96.82789948686917,32.35375937819113],[-97.47856133021726,31.104075520332106],[-98.4232320892691,29.693838468595573],[-97.53611169623842,28.691465789496398],[-97.52748910202521,28.681722971125645],[-95.82107409841741,29.644863567672523],[-95.97238192508706,30.839977898193798],[-95.468153931033,31.216012334437504],[-95.56051180331148,31.669641073064707],[-95.226076736333,32.275378205851744],[-95.39231224519641,33.613771201817556]]]},"properties":{"NAME":"Tonkawa","SUBJECTO":"Tonkawa","PARTOF":"Tonkawa"}},
{"type":"Feature","geometry":{"type":"Polygon","coordinates":[[[-117.85214491591846,46.34744769166525],[-117.3945136228921,44.79150129537561],[-116.12419605755781,44.7060247997253],[-114.20517553456989,45.53075184564897],[-114.47271382895454,46.36856913595878],[-116.04274118810653,46.66426935606812],[-116.62710114689403,46.86844331757219],[-117.13401580993863,46.76987657753575],[-117.85214491591846,46.34744769166525]]]},"properties":{"NAME":"Nez Perce","SUBJECTO":"Nez Perce","PARTOF":"Nez Perce"}},
{"type":"Feature","geometry":{"type":"Polygon","coordinates":[[[-101.27202295083084,46.3463279128011],[-101.14348072060642,44.71544836682871],[-99.97856675919758,44.78775337132995],[-100.21154955147935,46.35436180219012],[-101.27202295083084,46.3463279128011]]]},"properties":{"NAME":"Arikara","SUBJECTO":"Arikara","PARTOF":"Arikara"}},
{"type":"Feature","geometry":{"type":"Polygon","coordinates":[[[-117.31643905953787,48.92509929324792],[-117.99076726620949,48.36506400296132],[-117.89067982126434,48.28380488924348],[-117.41358803846514,47.89646304578273],[-116.28208816625344,47.88503375414423],[-116.14584007961969,47.82902065186147],[-115.60204531376257,48.29077360731105],[-115.98663813034531,48.400885243594075],[-116.97927495620206,48.685084168839374],[-117.31643905953787,48.92509929324792]]]},"properties":{"NAME":"Kalispel","SUBJECTO":"Kalispel","PARTOF":"Kalispel"}},
{"type":"Feature","geometry":{"type":"Polygon","coordinates":[[[-121.38095539638559,47.01393738311474],[-121.5109890908681,46.747819236113266],[-120.59664575978795,45.71346834282885],[-118.95082776384366,46.03348850870691],[-119.04797674277093,46.74781923611327],[-119.04797674277093,46.74781923611328],[-120.3566306353794,46.99926365216032],[-120.6023604056072,46.822109631763546],[-121.38095539638559,47.01393738311474]]]},"properties":{"NAME":"Yakima","SUBJECTO":"Yakima","PARTOF":"Yakima"}},
{"type":"Feature","geometry":{"type":"Polygon","coordinates":[[[-87.51364575155813,46.689493454868696],[-88.66735943768614,46.134404794561824],[-87.86718878003192,44.88482321959496],[-86.972050625,45.8531964],[-83.74161689558213,46.25961220405239],[-84.56217589574051,46.53605639416033],[-87.51364575155813,46.689493454868696]]]},"properties":{"NAME":"Menomini","SUBJECTO":"Menomini","PARTOF":"Menomini"}},
{"type":"Feature","geometry":{"type":"Polygon","coordinates":[[[-97.96661346409373,42.71811595547062],[-97.27177505614297,42.903406197590826],[-96.0980311547033,41.93732970651684],[-95.7349062652959,41.972131707373215],[-94.65676516992386,42.093683687078666],[-94.02634638165107,42.62892198288778],[-94.58506654540005,44.21201853256474],[-95.82585473678712,44.51207262976276],[-95.82585473678712,44.512072629762756],[-99.65501841776731,44.516433386266726],[-99.88899972609082,44.200437892432234],[-99.44893540105534,43.991986370047],[-97.96661346409373,42.71811595547062]]]},"properties":{"NAME":"Yankton","SUBJECTO":"Yankton","PARTOF":"Yankton"}},
{"type":"Feature","geometry":{"type":"Polygon","coordinates":[[[-61.686668,17.024441000000138],[-61.794449,17.16333],[-61.887222,17.033054000000106],[-61.686668,17.024441000000138]]]},"properties":{"NAME":null,"SUBJECTO":null,"PARTOF":null}},
{"type":"Feature","geometry":{"type":"Polygon","coordinates":[[[-14.50982440309849,28.050049749026638],[-13.880964773397412,28.19936673357924],[-14.147020770578637,28.391039461179965],[-14.50982440309849,28.050049749026638]]]},"properties":{"NAME":"Guanches","SUBJECTO":"Guanches","PARTOF":"Guanches"}},
{"type":"Feature","geometry":{"type":"Polygon","coordinates":[[[-92.0171061297012,29.824881587239233],[-92.22781082669141,29.80209120364551],[-91.95100876370313,29.832030855134768],[-92.0171061297012,29.824881587239233]]]},"properties":{"NAME":null,"SUBJECTO":null,"PARTOF":null}},
{"type":"Feature","geometry":{"type":"Polygon","coordinates":[[[-96.1462537462188,33.32458816032954],[-95.39231224519642,33.61377120181758],[-95.7641190128239,33.48983561260842],[-96.1462537462188,33.32458816032954]]]},"properties":{"NAME":null,"SUBJECTO":null,"PARTOF":null}},
{"type":"Feature","geometry":{"type":"Polygon","coordinates":[[[-96.1462537462188,33.32458816032954],[-96.60068423998571,32.71523818005117],[-96.82789948686917,32.35375937819113],[-96.1462537462188,33.32458816032954]]]},"properties":{"NAME":null,"SUBJECTO":null,"PARTOF":null}},
{"type":"Feature","geometry":{"type":"Polygon","coordinates":[[[-95.17430086121617,29.105621625434086],[-95.2391862539375,29.05825003238086],[-94.84457870999219,29.346345506624026],[-95.17430086121617,29.105621625434086]]]},"properties":{"NAME":null,"SUBJECTO":null,"PARTOF":null}},
{"type":"Feature","geometry":{"type":"Polygon","coordinates":[[[-100.7104408425822,41.01571716886945],[-101.26720334204992,41.14143773326539],[-101.26558201290135,41.134025942871894],[-100.7104408425822,41.01571716886945]]]},"properties":{"NAME":null,"SUBJECTO":null,"PARTOF":null}},
{"type":"Feature","geometry":{"type":"Polygon","coordinates":[[[-127.21158310452344,50.004230104402346],[-125.96683975735547,49.17351111026172],[-123.86136337796094,49.157970033601565],[-125.71859451809766,50.409427247957034],[-127.21158310452344,50.004230104402346]]]},"properties":{"NAME":null,"SUBJECTO":null,"PARTOF":null}},
{"type":"Feature","geometry":{"type":"Polygon","coordinates":[[[-98.30434891262891,69.3912769183672],[-99.36504837551954,68.97447546573048],[-96.21271225491407,68.53721197696095],[-95.51456924954297,68.80868872256642],[-97.74158188382032,69.8315616473711],[-98.30434891262891,69.3912769183672]]]},"properties":{"NAME":null,"SUBJECTO":null,"PARTOF":null}},
{"type":"Feature","geometry":{"type":"Polygon","coordinates":[[[-84.08714005032422,63.671790681794924],[-83.08543106594922,64.86502417178517],[-85.5575456289375,65.86355169864063],[-86.24284073391797,64.54231604190235],[-84.08714005032422,63.671790681794924]]]},"properties":{"NAME":null,"SUBJECTO":null,"PARTOF":null}},
{"type":"Feature","geometry":{"type":"Polygon","coordinates":[[[-77.06481644192579,67.328731142],[-75.77039810696485,67.30152472110157],[-75.11950394192579,68.11297186465626],[-76.79418655911329,68.14715155215626],[-77.06481644192579,67.328731142]]]},"properties":{"NAME":null,"SUBJECTO":null,"PARTOF":null}},
{"type":"Feature","geometry":{"type":"Polygon","coordinates":[[[-94.97359177151563,74.10442694278126],[-95.05836960354688,72.28313788028126],[-92.00058456936719,72.84113653750782],[-90,73.99981268496876],[-94.97359177151563,74.10442694278126]]]},"properties":{"NAME":null,"SUBJECTO":null,"PARTOF":null}},
{"type":"Feature","geometry":{"type":"Polygon","coordinates":[[[-82.93595596829297,74.68396338076954],[-79.49518295803907,75.27981146426563],[-81.70312210598829,75.87495001407032],[-86.6179933218086,75.43215521426563],[-90,75.95013006778126],[-92.36552139798047,75.4212833270586],[-89.69807907620313,74.61462744326954],[-82.93595596829297,74.68396338076954]]]},"properties":{"NAME":null,"SUBJECTO":null,"PARTOF":null}},
{"type":"Feature","geometry":{"type":"Polygon","coordinates":[[[-93.81957718411329,76.48328741641407],[-94.19506546536329,76.8990665301836],[-96.80946823635938,76.9196964129961],[-95.87341782132032,76.51327856631642],[-93.81957718411329,76.48328741641407]]]},"properties":{"NAME":null,"SUBJECTO":null,"PARTOF":null}},
{"type":"Feature","geometry":{"type":"Polygon","coordinates":[[[-98.15904709378125,75.4435001239336],[-97.81654068508985,76.47571142764454],[-101.88489243069532,76.33266790957813],[-98.15904709378125,75.4435001239336]]]},"properties":{"NAME":null,"SUBJECTO":null,"PARTOF":null}},
{"type":"Feature","geometry":{"type":"Polygon","coordinates":[[[-120.4540300039375,75.95227392764454],[-118.73600479641797,76.93774756045704],[-121.57771774807813,76.70210608096485],[-120.4540300039375,75.95227392764454]]]},"properties":{"NAME":null,"SUBJECTO":null,"PARTOF":null}},
{"type":"Feature","geometry":{"type":"Polygon","coordinates":[[[-110.61967178860547,77.5374942645586],[-109.6612062124336,77.9498706683672],[-113.00970169583204,77.92320593448048],[-113.02425095120313,77.6020923480547],[-110.61967178860547,77.5374942645586]]]},"properties":{"NAME":null,"SUBJECTO":null,"PARTOF":null}},
{"type":"Feature","geometry":{"type":"Polygon","coordinates":[[[-102.56360336819532,78.31003149600392],[-99.89162155667188,78.65814550967579],[-102.56874558010938,79.01609381289845],[-104.96614548245313,78.5338550433672],[-102.56360336819532,78.31003149600392]]]},"properties":{"NAME":null,"SUBJECTO":null,"PARTOF":null}},
{"type":"Feature","geometry":{"type":"Polygon","coordinates":[[[-95.11810013333204,78.28045233340626],[-97.30984207669141,78.8221851214922],[-98.43719955960157,78.66092260928517],[-97.45977493801954,78.10106237979298],[-95.11810013333204,78.28045233340626]]]},"properties":{"NAME":null,"SUBJECTO":null,"PARTOF":null}},
{"type":"Feature","geometry":{"type":"Polygon","coordinates":[[[-76.38208481350782,83.15191229434376],[-90,82.01732977481251],[-86.32239243069532,80.11429174991017],[-85.8068132070625,78.90618475528126],[-87.27270981350782,76.50420721621876],[-78.21225449124219,76.54684790225392],[-78.36676498928907,78.03287085147267],[-71.45447250882032,79.84579046817188],[-66.48169418850782,81.30288275332813],[-62.42710205593946,82.63357122989063],[-76.38208481350782,83.15191229434376]]]},"properties":{"NAME":null,"SUBJECTO":null,"PARTOF":null}},
{"type":"Feature","geometry":{"type":"Polygon","coordinates":[[[-90,78.26269873233204],[-86.99668594876172,79.44534643741017],[-92.02487656155469,81.25921972842579],[-96.43336960354688,79.93342169375782],[-92.70153519192579,78.43416937442188],[-90,78.26269873233204]]]},"properties":{"NAME":null,"SUBJECTO":null,"PARTOF":null}},
{"type":"Feature","geometry":{"type":"Polygon","coordinates":[[[-105.01036545315625,72.04465063662892],[-106.52323624173047,73.19489630313282],[-111.7255372671211,72.3305850848711],[-114.64695450344922,73.35488470645313],[-118.98560806790235,72.03416784854298],[-117.31387802639844,71.47455175967579],[-117.56819626370313,69.99218329043751],[-113.15218063870313,68.59556921573048],[-110.44822403469922,68.65314062686329],[-106.8538331655586,69.45092352481251],[-104.18777176419141,68.89776190371876],[-101.80838486233594,69.13564642520313],[-101.05518051663282,70.03077276797657],[-104.59457108059766,71.04790838809376],[-105.01036545315625,72.04465063662892]]]},"properties":{"NAME":null,"SUBJECTO":null,"PARTOF":null}},
{"type":"Feature","geometry":{"type":"Polygon","coordinates":[[[-97.34347244778516,73.61080511660938],[-99.95504471341016,73.26287420840626],[-101.6537370351875,72.37307318301563],[-98.93899246731641,71.39222296328907],[-96.84962173977735,71.87977179141407],[-97.34347244778516,73.61080511660938]]]},"properties":{"NAME":null,"SUBJECTO":null,"PARTOF":null}},
{"type":"Feature","geometry":{"type":"Polygon","coordinates":[[[-121.01623245755079,74.52375372500782],[-124.06482407132032,73.86521490664845],[-125.61702438870313,71.99038275332813],[-123.46767136135938,71.19864233584767],[-120.84349533596875,71.53027685733204],[-120.45359512844922,72.29851111026173],[-115.65367600003125,73.63253363223438],[-121.01623245755079,74.52375372500782]]]},"properties":{"NAME":null,"SUBJECTO":null,"PARTOF":null}},
{"type":"Feature","geometry":{"type":"Polygon","coordinates":[[[-108.16327377835157,76.00918158145313],[-115.18592545071485,75.15434607119923],[-112.20279404202344,74.49975927920704],[-109.07034012356641,75.13287695498829],[-108.16327377835157,76.00918158145313]]]},"properties":{"NAME":null,"SUBJECTO":null,"PARTOF":null}},
{"type":"Feature","geometry":{"type":"MultiPolygon","coordinates":[[[[-53.11499496975782,48.523910127595705],[-56.66153427639844,50.05606039615039],[-57.35559937039258,50.59522970767383],[-59.1565560964668,47.6700511798418],[-56.07894608059766,47.865218721345705],[-52.72859665432813,47.45452459903125],[-53.11499496975782,48.523910127595705]]],[[[-66.43519489122934,45.13295071256959],[-65.7125749258125,43.55995138736133],[-61.03208633938672,45.37883337588672],[-64.53479477444532,46.27165945620899],[-65.2130860952461,48.12142523379688],[-64.95240494290235,49.20725592227344],[-67.35399553963548,48.845890707072265],[-66.43519489122934,45.13295071256959]]]]},"properties":{"NAME":"Mi'kma'ki","SUBJECTO":"Mi'kma'ki","PARTOF":"Mi'kma'ki"}},
{"type":"Feature","geometry":{"type":"Polygon","coordinates":[[[-121.13576584978337,39.460738236546455],[-120.95559406118072,39.7084744458751],[-120.39070713971284,39.662724971417425],[-120.19010645532764,40.09921404418163],[-120.20112469640713,40.23772907489538],[-120.51079495806793,40.68252817800817],[-121.54115237413933,40.569920810131514],[-121.97704174154464,40.06116386324714],[-121.98624815791418,39.59509124599835],[-121.13576584978337,39.460738236546455]]]},"properties":{"NAME":"Maiou","SUBJECTO":"Maiou","PARTOF":"Maiou"}},
{"type":"Feature","geometry":{"type":"Polygon","coordinates":[[[-120.96992239647412,38.88607000460886],[-121.54583260690501,38.36988381600044],[-121.93830475030977,38.177913745856806],[-121.82312270822358,37.87929363674449],[-120.27326420200916,37.769933862880116],[-119.73645228134787,37.39469302000166],[-119.61181839475704,37.63938010106726],[-119.36647919471261,37.96795938684105],[-119.48006136673843,38.31560986839534],[-120.10759009682138,38.869928011571986],[-120.10759009682138,38.86992801157198],[-120.11672208472464,38.87753800149137],[-120.96992239647412,38.88607000460886]]]},"properties":{"NAME":"Miwok","SUBJECTO":"Miwok","PARTOF":"Miwok"}},
{"type":"Feature","geometry":{"type":"Polygon","coordinates":[[[-123.35160330038184,45.537515051026894],[-123.55669170263518,44.764698188931305],[-122.68050056082501,43.49982075113017],[-121.9294795821306,43.50640865445205],[-122.01431654467753,44.34172643952947],[-122.01512232531505,44.34966027965281],[-122.58826991431869,44.36283608629657],[-122.99523692131004,45.629684995156765],[-123.35160330038184,45.537515051026894]]]},"properties":{"NAME":"Kalapuya","SUBJECTO":"Kalapuya","PARTOF":"Kalapuya"}},
{"type":"Feature","geometry":{"type":"Polygon","coordinates":[[[-122.19958361832771,42.010954600385084],[-122.19441633760142,41.995775713251646],[-121.96838836490929,41.397438252954565],[-120.49972413463857,41.811510987480226],[-120.39449810813232,42.090009440247655],[-121.38268360641447,42.32717395983536],[-121.40101034529225,42.320079738334286],[-122.19958361832771,42.010954600385084]]]},"properties":{"NAME":"Modoc","SUBJECTO":"Modoc","PARTOF":"Modoc"}},
{"type":"Feature","geometry":{"type":"Polygon","coordinates":[[[-59.533058,13.050554],[-59.429169,13.164999],[-59.659447,13.287777],[-59.643333,13.149166],[-59.533058,13.050554]]]},"properties":{"NAME":null,"SUBJECTO":null,"PARTOF":null}},
{"type":"Feature","geometry":{"type":"Polygon","coordinates":[[[-61.363617,15.198055],[-61.25528,15.285],[-61.304169,15.57361],[-61.474724,15.486387],[-61.363617,15.198055]]]},"properties":{"NAME":null,"SUBJECTO":null,"PARTOF":null}},
{"type":"Feature","geometry":{"type":"Polygon","coordinates":[[[-61.746948,11.997499],[-61.59639,12.125555],[-61.724724,12.172222],[-61.746948,11.997499]]]},"properties":{"NAME":null,"SUBJECTO":null,"PARTOF":null}},
{"type":"Feature","geometry":{"type":"Polygon","coordinates":[[[-60.86084,14.402777],[-60.829727,14.57],[-61.034447,14.829166],[-61.231674,14.809444],[-61.03389,14.465832],[-60.86084,14.402777]]]},"properties":{"NAME":null,"SUBJECTO":null,"PARTOF":null}},
{"type":"Feature","geometry":{"type":"Polygon","coordinates":[[[-62.171394,16.671387],[-62.137505,16.692776],[-62.176392,16.808609],[-62.236671,16.711941],[-62.171394,16.671387]]]},"properties":{"NAME":null,"SUBJECTO":null,"PARTOF":null}},
{"type":"Feature","geometry":{"type":"Polygon","coordinates":[[[-63.167778,18.164444],[-62.993057,18.227219],[-63.057503,18.256386],[-63.167778,18.164444]]]},"properties":{"NAME":null,"SUBJECTO":null,"PARTOF":null}},
{"type":"Feature","geometry":{"type":"Polygon","coordinates":[[[-62.701668,17.336941],[-62.812782,17.409443000000124],[-62.863892,17.370831000000123],[-62.778336,17.292221],[-62.701668,17.336941]]]},"properties":{"NAME":null,"SUBJECTO":null,"PARTOF":null}},
{"type":"Feature","geometry":{"type":"Polygon","coordinates":[[[-60.954727,13.709444],[-60.878059,13.956665],[-61.075005,13.896944],[-60.954727,13.709444]]]},"properties":{"NAME":null,"SUBJECTO":null,"PARTOF":null}},
{"type":"Feature","geometry":{"type":"Polygon","coordinates":[[[-61.173058,13.1325],[-61.123337,13.248888000000136],[-61.208893,13.367777],[-61.278061,13.250277],[-61.173058,13.1325]]]},"properties":{"NAME":null,"SUBJECTO":null,"PARTOF":null}},
{"type":"Feature","geometry":{"type":"Polygon","coordinates":[[[-64.761948,17.774166],[-64.870834,17.774719],[-64.888901,17.686943],[-64.738892,17.708054],[-64.761948,17.774166]]]},"properties":{"NAME":null,"SUBJECTO":null,"PARTOF":null}},
{"type":"Feature","geometry":{"type":"Polygon","coordinates":[[[-61.346115,16.334164],[-61.49889399999989,16.34861000000012],[-61.793892,16.241943000000106],[-61.695007,15.949165],[-61.55277999999987,16.054443000000106],[-61.581116,16.204720000000123],[-61.346115,16.334164]]]},"properties":{"NAME":null,"SUBJECTO":null,"PARTOF":null}},
{"type":"Feature","geometry":{"type":"Polygon","coordinates":[[[-68.965561,12.198889],[-69.077789,12.34861],[-69.15834,12.311388],[-69.0625,12.188332000000116],[-68.83223,12.049444000000108],[-68.824173,12.160276000000124],[-68.965561,12.198889]]]},"properties":{"NAME":null,"SUBJECTO":null,"PARTOF":null}},
{"type":"Feature","geometry":{"type":"Polygon","coordinates":[[[-63.011459,18.067276],[-63.045006,18.121387],[-63.139839,18.058601],[-63.011459,18.067276]]]},"properties":{"NAME":null,"SUBJECTO":null,"PARTOF":null}},
{"type":"Feature","geometry":{"type":"Polygon","coordinates":[[[-63.139839,18.058601],[-63.03334,18.015553],[-63.011459,18.067276],[-63.139839,18.058601]]]},"properties":{"NAME":null,"SUBJECTO":null,"PARTOF":null}},
{"type":"Feature","geometry":{"type":"Polygon","coordinates":[[[-115.23616955994761,34.012484270982426],[-116.21343770258828,34.710532944297185],[-116.58083174117499,35.75393201388345],[-116.58083174117499,35.75393201388344],[-117.50666471841352,35.114666386742556],[-118.40310617256507,35.46001678301408],[-119.04237179970598,35.21753671754685],[-119.04237179970599,35.21753671754685],[-118.73376080729315,34.592966851949434],[-117.93284180317411,34.62235837503638],[-116.8820948528161,34.15944188641711],[-115.23616955994761,34.012484270982426]]]},"properties":{"NAME":"Serano","SUBJECTO":"Serano","PARTOF":"Serano"}},
{"type":"Feature","geometry":{"type":"Polygon","coordinates":[[[-122.71692744021196,38.99241812627434],[-122.78150043504431,39.529924382141346],[-122.9794071467819,39.54900224983412],[-123.93289872543515,39.82096520589268],[-123.24715071115908,38.55171917083409],[-122.69079319216462,38.698189610710514],[-122.71692744021196,38.99241812627434]]]},"properties":{"NAME":"Pomo","SUBJECTO":"Pomo","PARTOF":"Pomo"}},
{"type":"Feature","geometry":{"type":"Polygon","coordinates":[[[-107.83641256839427,40.91452407864936],[-105.11691384120113,40.86078648722786],[-106.52596767334906,42.12193885650528],[-107.1797746038992,43.95803248553062],[-107.30900255904729,43.97698591895234],[-110.27913260322266,44.748064916730705],[-111.54866886905843,45.50668401353599],[-113.42918491929733,45.35835704475414],[-114.20517553456989,45.53075184564896],[-116.12419605755781,44.7060247997253],[-116.16022989881502,43.017439895902044],[-116.88090672395968,41.98135730860865],[-117.73671045381897,38.69332565736938],[-117.89886273947654,36.82036082492556],[-118.03398964419112,36.57477948079902],[-117.90814268352254,35.780075524331195],[-116.87864180284988,36.750138987603485],[-115.95540888322253,36.47037166252119],[-115.39451077209885,38.27021512907214],[-113.51707025452421,38.8859098773382],[-111.87220278920432,40.566426359546675],[-107.83641256839427,40.91452407864936]]]},"properties":{"NAME":"Shoshoni","SUBJECTO":"Shoshoni","PARTOF":"Shoshoni"}},
{"type":"Feature","geometry":{"type":"Polygon","coordinates":[[[-120.27326420200916,37.769933862880116],[-121.82312270822358,37.87929363674449],[-120.82946697849245,36.62329514472099],[-120.9202396661903,36.558510714622386],[-119.74073976788813,35.56631623427542],[-119.39727568370381,35.28439601322471],[-119.04237179970598,35.21753671754685],[-118.40310617256507,35.46001678301408],[-118.60894749988402,35.62899251147701],[-118.550063931857,36.436893407107654],[-118.64083661955485,36.81732187510567],[-119.61181839475704,37.63938010106726],[-119.73645228134787,37.39469302000166],[-120.27326420200916,37.769933862880116]]]},"properties":{"NAME":"Yokuts","SUBJECTO":"Yokuts","PARTOF":"Yokuts"}},
{"type":"Feature","geometry":{"type":"Polygon","coordinates":[[[-116.87864180284988,36.750138987603485],[-117.90814268352254,35.780075524331195],[-118.60894749988402,35.62899251147701],[-118.40310617256507,35.46001678301408],[-117.50666471841352,35.114666386742556],[-116.58083174117499,35.75393201388344],[-116.70499105189305,35.986092091163215],[-116.87864180284988,36.750138987603485]]]},"properties":{"NAME":"Kawahsu","SUBJECTO":"Kawahsu","PARTOF":"Kawahsu"}},
{"type":"Feature","geometry":{"type":"Polygon","coordinates":[[[-77.8998559610522,-3.112543263869829],[-77.2535000266561,-2.759051555925397],[-77.8536876800239,-1.66723383131634],[-78.5616013224577,-2.128662113961151],[-77.8998559610522,-3.112543263869829]]]},"properties":{"NAME":"Shuar","SUBJECTO":"Shuar","PARTOF":"Shuar"}},
{"type":"Feature","geometry":{"type":"Polygon","coordinates":[[[-97.53611169623842,28.691465789496398],[-100.1060536984895,31.040095755971887],[-100.30418200680661,31.123415811274594],[-101.27094230533693,29.66749615711314],[-100.33487280993454,28.723098752501443],[-98.17373449297943,28.245179535464743],[-97.65257554481695,28.557874904362205],[-97.53611169623842,28.691465789496398]]]},"properties":{"NAME":"Lipan","SUBJECTO":"Lipan","PARTOF":"Lipan"}},
{"type":"Feature","geometry":{"type":"Polygon","coordinates":[[[-92.84648733947154,34.65530626804458],[-94.93683559732455,34.62058421707906],[-95.3510003821267,34.047545764049644],[-95.39231224519641,33.613771201817556],[-95.226076736333,32.275378205851744],[-95.56051180331148,31.669641073064707],[-94.70753882135823,30.754515526320215],[-92.45987844108333,30.583590782573072],[-92.69943271988247,31.61472352469578],[-91.62596598967966,31.938619979140476],[-91.62596598967967,32.957145374502055],[-92.84648733947154,34.65530626804458]]]},"properties":{"NAME":"Caddo","SUBJECTO":"Caddo","PARTOF":"Caddo"}},
{"type":"Feature","geometry":{"type":"Polygon","coordinates":[[[-97.04301635036605,40.249412514847855],[-97.07927154819956,40.11475035146624],[-97.80732554206074,38.77695113774632],[-97.16036999789416,38.29405296871114],[-94.47382021556317,38.790007972886464],[-95.25922516934114,39.95956642755985],[-97.04301635036605,40.249412514847855]]]},"properties":{"NAME":"Kansa","SUBJECTO":"Kansa","PARTOF":"Kansa"}},
{"type":"Feature","geometry":{"type":"Polygon","coordinates":[[[-90.80696324825423,37.1752545178584],[-90.52805018777178,37.93859552549461],[-91.62603616572511,38.46949748184911],[-94.47382021556317,38.790007972886464],[-97.16036999789416,38.29405296871114],[-97.052479777584,38.21352194874485],[-96.58604319188419,37.248480736952146],[-97.50954522751955,34.88411099121146],[-95.45428003980099,35.13198216962977],[-95.3510003821267,34.04754576404964],[-95.3510003821267,34.047545764049644],[-94.93683559732455,34.62058421707906],[-92.84648733947154,34.65530626804458],[-90.80696324825423,37.1752545178584]]]},"properties":{"NAME":"Osage","SUBJECTO":"Osage","PARTOF":"Osage"}},
{"type":"Feature","geometry":{"type":"Polygon","coordinates":[[[-90.48044581982018,33.88391011570393],[-89.79574188965688,35.01911519639184],[-89.67046244011823,36.19044925515002],[-89.10356147122943,36.94822815955451],[-90.80932142258536,37.16880056705743],[-90.80696324825423,37.1752545178584],[-92.84648733947154,34.65530626804458],[-91.62596598967967,32.957145374502055],[-90.76271555917886,32.969934269768736],[-90.71086823773264,33.37710527693337],[-90.48044581982018,33.88391011570393]]]},"properties":{"NAME":"Quapaw","SUBJECTO":"Quapaw","PARTOF":"Quapaw"}},
{"type":"Feature","geometry":{"type":"Polygon","coordinates":[[[-101.91086310019669,47.15762190231186],[-101.5763171505623,46.82292821084723],[-100.3050425419516,46.89917901351318],[-100.47231551676877,47.685772237407654],[-101.91086310019669,47.15762190231186]]]},"properties":{"NAME":null,"SUBJECTO":null,"PARTOF":null}},
{"type":"Feature","geometry":{"type":"Polygon","coordinates":[[[-106.27727711056001,51.51658223956187],[-108.6422569684612,50.20389337682961],[-106.18901899358839,47.90581019852679],[-103.99452189315807,47.63631055461429],[-101.91086310019669,47.15762190231186],[-100.47231551676877,47.685772237407654],[-98.71638566160651,48.27906442457373],[-98.35253138918397,48.60491630708739],[-98.48766099932753,52.35247201427655],[-100.08972375062079,52.30864516671072],[-102.58727206061094,53.56473014082671],[-106.27727711056001,51.51658223956187]]]},"properties":{"NAME":"Assiniboin","SUBJECTO":"Assiniboin","PARTOF":"Assiniboin"}},
{"type":"Feature","geometry":{"type":"Polygon","coordinates":[[[-113.42918491929733,45.35835704475414],[-111.54866886905843,45.50668401353599],[-110.27913260322266,44.748064916730705],[-107.30900255904729,43.97698591895234],[-110.27913260322268,44.74806491673072],[-111.54866886905845,45.506684013536],[-110.1762472023935,46.77965483479044],[-110.53204054222205,49.154963576449944],[-109.64447321272199,49.64761037192571],[-110.6111322173086,50.33741704394204],[-114.03488460458912,49.62431877403358],[-113.67706161236278,48.50388356005439],[-112.59189930922572,46.67315229574151],[-113.42918491929733,45.35835704475414]]]},"properties":{"NAME":"Blackfoot","SUBJECTO":"Blackfoot","PARTOF":"Blackfoot"}},
{"type":"Feature","geometry":{"type":"Polygon","coordinates":[[[-108.6422569684612,50.20389337682961],[-109.64447321272199,49.64761037192571],[-110.53204054222205,49.154963576449944],[-110.1762472023935,46.77965483479044],[-107.81177701395879,47.194312593258424],[-106.18901899358839,47.90581019852679],[-108.6422569684612,50.20389337682961]]]},"properties":{"NAME":"Gros Ventre","SUBJECTO":"Gros Ventre","PARTOF":"Gros Ventre"}},
{"type":"Feature","geometry":{"type":"Polygon","coordinates":[[[-96.72344406498415,41.19156944072448],[-96.71524455126897,41.188629992411485],[-97.0155668237367,40.35136789947112],[-97.04301635036605,40.249412514847855],[-95.25922516934114,39.95956642755985],[-95.01565229037557,40.68212440023217],[-95.48883613428549,40.824586751477014],[-96.51852952316099,41.21102714342899],[-96.72344406498415,41.19156944072448]]]},"properties":{"NAME":"Oto","SUBJECTO":"Oto","PARTOF":"Oto"}},
{"type":"Feature","geometry":{"type":"Polygon","coordinates":[[[-96.51852952316099,41.21102714342899],[-95.48883613428549,40.824586751477014],[-95.01565229037554,40.68212440023216],[-93.7087589345826,40.175331044782496],[-92.7955491708819,40.33667065508406],[-92.0380326062447,40.86973786723616],[-91.32745264461039,41.535906581268364],[-91.41627513981467,42.17246779689909],[-92.45253758386472,42.69059901892411],[-94.02634638165107,42.62892198288778],[-94.65676516992386,42.093683687078666],[-95.7349062652959,41.972131707373215],[-96.0980311547033,41.93732970651684],[-96.51852952316099,41.21102714342899]]]},"properties":{"NAME":"Iowa","SUBJECTO":"Iowa","PARTOF":"Iowa"}},
{"type":"Feature","geometry":{"type":"Polygon","coordinates":[[[-95.82585473678712,44.51207262976276],[-94.58506654540005,44.21201853256474],[-94.02634638165107,42.62892198288778],[-92.45253758386472,42.69059901892411],[-92.45253758386472,42.69059901892412],[-91.13500390500107,43.93411395178416],[-91.1336583942347,43.93457488038829],[-93.52797756515278,46.10046522204926],[-93.34709682400998,47.23526346401276],[-95.06546386486662,47.65467500876698],[-96.79545611770595,47.165402540086305],[-96.51250979400906,46.64423921347669],[-97.23603275858028,45.34279640032665],[-95.90526730588681,44.630044458542685],[-95.82585473678712,44.51207262976276]]]},"properties":{"NAME":"Santee","SUBJECTO":"Santee","PARTOF":"Santee"}},
{"type":"Feature","geometry":{"type":"Polygon","coordinates":[[[-101.5763171505623,46.82292821084723],[-101.27202295083084,46.3463279128011],[-100.28697005747837,46.62483687350613],[-100.3050425419516,46.89917901351318],[-101.5763171505623,46.82292821084723]]]},"properties":{"NAME":"Mandan","SUBJECTO":"Mandan","PARTOF":"Mandan"}},
{"type":"Feature","geometry":{"type":"Polygon","coordinates":[[[-100.47231551676877,47.685772237407654],[-100.3050425419516,46.89917901351318],[-100.28697005747837,46.62483687350613],[-100.21154955147932,46.35436180219012],[-99.97856675919756,44.78775337132994],[-99.65501841776731,44.516433386266726],[-95.82585473678712,44.512072629762756],[-95.90526730588681,44.630044458542685],[-97.23603275858027,45.342796400326634],[-96.51250979400905,46.64423921347669],[-98.13421882573046,47.59655208416187],[-98.71638566160651,48.27906442457373],[-100.47231551676877,47.685772237407654]]]},"properties":{"NAME":"Yankontai","SUBJECTO":"Yankontai","PARTOF":"Yankontai"}},
{"type":"Feature","geometry":{"type":"Polygon","coordinates":[[[-91.558041775,46.76149155],[-91.15034487499999,47.3676057],[-87.7172821913094,48.90984774153504],[-81.50638353146852,52.1412374589947],[-81.85244461575391,52.70861013980274],[-81.9875022933311,52.80385879037878],[-92.13513351290365,52.52625500347626],[-98.48766099932753,52.35247201427655],[-98.35253138918397,48.60491630708739],[-98.71638566160651,48.27906442457373],[-98.13421882573046,47.59655208416187],[-96.79545611770595,47.165402540086305],[-95.06546386486662,47.65467500876698],[-93.34709682400998,47.23526346401276],[-93.52797756515278,46.10046522204926],[-91.1336583942347,43.93457488038829],[-90.70409642326361,44.08172896091686],[-90.43567175033401,44.4013299005268],[-90.01701253534154,45.33239835969744],[-91.558041775,46.76149155]]]},"properties":{"NAME":"Obiwa","SUBJECTO":"Obiwa","PARTOF":"Obiwa"}},
{"type":"Feature","geometry":{"type":"Polygon","coordinates":[[[-114.20517553456989,45.53075184564897],[-114.20517553456989,45.53075184564896],[-113.42918491929733,45.35835704475414],[-112.59189930922572,46.67315229574151],[-113.67706161236278,48.50388356005439],[-115.18575630256889,48.93599964191052],[-115.62561312297703,48.29752123733511],[-115.60204531376257,48.29077360731105],[-116.14584007961969,47.82902065186147],[-116.43221277792632,46.8003497910654],[-116.04274118810653,46.66426935606812],[-114.47271382895454,46.36856913595878],[-114.20517553456989,45.53075184564897]]]},"properties":{"NAME":null,"SUBJECTO":null,"PARTOF":null}},
{"type":"Feature","geometry":{"type":"Polygon","coordinates":[[[-115.62561312297703,48.29752123733511],[-115.18575630256889,48.93599964191052],[-113.67706161236278,48.50388356005439],[-114.03488460458912,49.62431877403358],[-117.33774395163805,49.34598251027045],[-117.28569624551746,48.90321457818254],[-116.97927495620206,48.685084168839374],[-115.98663813034531,48.400885243594075],[-115.62561312297703,48.29752123733511]]]},"properties":{"NAME":null,"SUBJECTO":null,"PARTOF":null}},
{"type":"Feature","geometry":{"type":"Polygon","coordinates":[[[-111.17776884588511,35.47616956878699],[-110.38954029554903,35.165242196274],[-109.88322543526019,35.584760223370466],[-110.461870989876,36.23573647231326],[-111.17776884588511,35.47616956878699]]]},"properties":{"NAME":"Hopie","SUBJECTO":"Hopie","PARTOF":"Hopie"}},
{"type":"Feature","geometry":{"type":"Polygon","coordinates":[[[-114.14388094761765,34.83250731041746],[-113.94056630351002,34.352099932466494],[-114.33442392857172,33.186937791659],[-113.80928042848947,32.940776775995445],[-113.03100080907147,33.08817821906704],[-111.23190012067445,33.55347201672158],[-111.28900801897555,33.91112400743407],[-111.54498681112962,34.3967681481131],[-111.87765434603523,35.1052555786394],[-112.82366979110384,35.15620091934511],[-114.14388094761765,34.83250731041746]]]},"properties":{"NAME":"Yavapai","SUBJECTO":"Yavapai","PARTOF":"Yavapai"}},
{"type":"Feature","geometry":{"type":"Polygon","coordinates":[[[-107.20671873308679,33.1940784924298],[-106.91355999981059,32.423125376352615],[-106.44543425406405,31.75921787223626],[-104.78491586811565,30.58605105703986],[-103.74080203452685,29.233983476367086],[-102.72184757042214,29.748618449623105],[-101.27094230533693,29.66749615711314],[-100.30418200680661,31.123415811274594],[-103.36652056635405,32.3863530433482],[-103.82929650888966,34.2164215433754],[-104.16749087011537,35.39004989814536],[-104.22896664107951,35.352326129599184],[-105.36388837024074,35.82843559863324],[-105.42682358271901,35.26578022084376],[-105.78814756957605,34.772600151342495],[-107.20671873308679,33.1940784924298]]]},"properties":{"NAME":"Mescalero","SUBJECTO":"Mescalero","PARTOF":"Mescalero"}},
{"type":"Feature","geometry":{"type":"Polygon","coordinates":[[[-105.26852713719904,36.45272855529418],[-105.36388837024074,35.82843559863324],[-104.22896664107951,35.352326129599184],[-104.16749087011537,35.39004989814536],[-103.30341475600828,35.92027842271107],[-102.87489508873333,37.602329181276104],[-104.16161670445695,37.779253403438105],[-104.63201702712163,36.973509554448434],[-105.26852713719904,36.45272855529418]]]},"properties":{"NAME":"Jicarilla","SUBJECTO":"Jicarilla","PARTOF":"Jicarilla"}},
{"type":"Feature","geometry":{"type":"Polygon","coordinates":[[[-114.14388094761765,34.83250731041746],[-112.82366979110384,35.15620091934511],[-113.3711039881228,35.888964791429544],[-114.72786477887728,35.74242400751926],[-114.14388094761765,34.83250731041746]]]},"properties":{"NAME":null,"SUBJECTO":null,"PARTOF":null}},
{"type":"Feature","geometry":{"type":"Polygon","coordinates":[[[-113.51707025452421,38.8859098773382],[-112.46091211710639,38.67519582895374],[-111.74633429376173,37.86815433988445],[-110.33844886137375,37.17374464893033],[-107.80045441137496,36.71970519906702],[-107.38058341154678,36.91564499898685],[-106.37952291603027,37.1815459697947],[-105.93125060152684,37.128180218068096],[-104.63201702712163,36.973509554448434],[-104.16161670445695,37.77925340343811],[-104.25812082563621,39.82192396839933],[-105.11691384120113,40.86078648722786],[-107.83641256839427,40.91452407864936],[-111.87220278920432,40.566426359546675],[-113.51707025452421,38.8859098773382]]]},"properties":{"NAME":"Ute","SUBJECTO":"Ute","PARTOF":"Ute"}},
{"type":"Feature","geometry":{"type":"Polygon","coordinates":[[[-115.95540888322253,36.47037166252119],[-116.87864180284988,36.750138987603485],[-116.70499105189305,35.986092091163215],[-116.58083174117499,35.75393201388345],[-116.21343770258828,34.710532944297185],[-115.23616955994761,34.012484270982426],[-114.66030437411494,34.35483605517907],[-114.92600924122684,35.55656564883044],[-115.95540888322253,36.47037166252119]]]},"properties":{"NAME":null,"SUBJECTO":null,"PARTOF":null}},
{"type":"Feature","geometry":{"type":"Polygon","coordinates":[[[-111.19731175121306,35.46581253611134],[-111.17776884588511,35.47616956878699],[-110.461870989876,36.23573647231326],[-110.33844886137375,37.17374464893033],[-111.74633429376173,37.86815433988445],[-112.46091211710639,38.67519582895374],[-113.51707025452421,38.8859098773382],[-115.39451077209885,38.27021512907214],[-115.95540888322253,36.47037166252119],[-114.92600924122684,35.55656564883044],[-114.72786477887728,35.74242400751926],[-113.3711039881228,35.888964791429544],[-112.58202945207222,36.37831442615366],[-111.19731175121306,35.46581253611134]]]},"properties":{"NAME":"Southern Paiute","SUBJECTO":"Southern Paiute","PARTOF":"Southern Paiute"}},
{"type":"Feature","geometry":{"type":"Polygon","coordinates":[[[-112.82366979110384,35.15620091934511],[-111.87765434603523,35.1052555786394],[-111.19731175121306,35.46581253611134],[-112.58202945207222,36.37831442615366],[-113.3711039881228,35.888964791429544],[-112.82366979110384,35.15620091934511]]]},"properties":{"NAME":null,"SUBJECTO":null,"PARTOF":null}},
{"type":"Feature","geometry":{"type":"Polygon","coordinates":[[[-110.42638670043237,33.88407767844239],[-110.71390668634554,33.963503905898094],[-111.28900801897555,33.91112400743407],[-111.23190012067445,33.55347201672158],[-110.43625957124202,32.18945521393503],[-109.98336513019309,32.35794229665768],[-109.95712834909688,32.38784722970465],[-110.42638670043237,33.88407767844239]]]},"properties":{"NAME":null,"SUBJECTO":null,"PARTOF":null}},
{"type":"Feature","geometry":{"type":"Polygon","coordinates":[[[-110.97231024601234,34.97077477555137],[-111.19731175121306,35.46581253611134],[-111.87765434603523,35.1052555786394],[-111.54498681112962,34.3967681481131],[-110.97231024601234,34.97077477555137]]]},"properties":{"NAME":null,"SUBJECTO":null,"PARTOF":null}},
{"type":"Feature","geometry":{"type":"Polygon","coordinates":[[[-110.79368672929346,34.70767350781284],[-110.97231024601234,34.97077477555137],[-111.54498681112962,34.3967681481131],[-111.28900801897555,33.91112400743407],[-110.71390668634554,33.963503905898094],[-110.79368672929346,34.70767350781284]]]},"properties":{"NAME":null,"SUBJECTO":null,"PARTOF":null}},
{"type":"Feature","geometry":{"type":"Polygon","coordinates":[[[-109.95712834909688,32.38784722970465],[-109.29496557979877,33.14258666246663],[-109.27564760291357,33.84882355952301],[-110.05950582530336,34.471242369239754],[-110.42638670043237,33.88407767844239],[-109.95712834909688,32.38784722970465]]]},"properties":{"NAME":null,"SUBJECTO":null,"PARTOF":null}},
{"type":"Feature","geometry":{"type":"Polygon","coordinates":[[[-110.71390668634554,33.963503905898094],[-110.42638670043237,33.88407767844239],[-110.05950582530336,34.471242369239754],[-110.79368672929346,34.70767350781284],[-110.71390668634554,33.963503905898094]]]},"properties":{"NAME":null,"SUBJECTO":null,"PARTOF":null}},
{"type":"Feature","geometry":{"type":"Polygon","coordinates":[[[-122.35927645642332,48.167852449070814],[-122.6331835804103,47.4920514777741],[-122.47773677025785,47.47392145804742],[-121.5104159447059,47.361101223061034],[-121.29271558237745,47.44857453089092],[-121.2793331085619,47.58403998266867],[-121.46150637314238,48.05454096361384],[-122.35927645642332,48.167852449070814]]]},"properties":{"NAME":null,"SUBJECTO":null,"PARTOF":null}},
{"type":"Feature","geometry":{"type":"Polygon","coordinates":[[[-123.52524890506598,47.56633171389085],[-124.3087892202461,47.45928534121875],[-124.1192944530142,47.102914431460945],[-123.64666001031765,47.41756547395165],[-123.52524890506598,47.56633171389085]]]},"properties":{"NAME":null,"SUBJECTO":null,"PARTOF":null}},
{"type":"Feature","geometry":{"type":"Polygon","coordinates":[[[-123.64666001031765,47.41756547395165],[-124.1192944530142,47.102914431460945],[-124.17554526888047,46.81135422223555],[-123.7074116351322,46.63389580256316],[-123.17251464051608,46.82849889558615],[-123.64666001031765,47.41756547395165]]]},"properties":{"NAME":null,"SUBJECTO":null,"PARTOF":null}},
{"type":"Feature","geometry":{"type":"Polygon","coordinates":[[[-124.57052705632654,43.16009523159662],[-124.36982301822877,42.192083254170065],[-123.8535391076086,42.28008109730302],[-123.87822452638153,42.69374819681135],[-123.95248726382064,43.05121021767062],[-124.57052705632654,43.16009523159662]]]},"properties":{"NAME":null,"SUBJECTO":null,"PARTOF":null}},
{"type":"Feature","geometry":{"type":"Polygon","coordinates":[[[-123.87822452638153,42.69374819681135],[-123.8535391076086,42.28008109730302],[-123.54760629751412,41.938089543725724],[-123.17516796492663,42.217151677427985],[-123.21625411088375,42.675369964444656],[-123.87822452638153,42.69374819681135]]]},"properties":{"NAME":null,"SUBJECTO":null,"PARTOF":null}},
{"type":"Feature","geometry":{"type":"Polygon","coordinates":[[[-123.8535391076086,42.28008109730302],[-124.36982301822877,42.192083254170065],[-124.19386085599261,41.73070031267889],[-123.63762223443328,41.798051467876306],[-123.54760629751412,41.938089543725724],[-123.8535391076086,42.28008109730302]]]},"properties":{"NAME":null,"SUBJECTO":null,"PARTOF":null}},
{"type":"Feature","geometry":{"type":"Polygon","coordinates":[[[-124.26059020125723,41.0172279624429],[-124.34525901598117,40.8061143819423],[-123.91236379916525,41.0172279624429],[-124.26059020125723,41.0172279624429]]]},"properties":{"NAME":null,"SUBJECTO":null,"PARTOF":null}},
{"type":"Feature","geometry":{"type":"Polygon","coordinates":[[[-120.51161789986936,48.74826441422407],[-119.97634438045432,47.8656331684682],[-119.46604275436019,47.802380258074635],[-119.24034329125865,48.7114861157292],[-120.51161789986936,48.74826441422407]]]},"properties":{"NAME":null,"SUBJECTO":null,"PARTOF":null}},
{"type":"Feature","geometry":{"type":"Polygon","coordinates":[[[-120.51161789986936,48.74826441422407],[-119.24034329125865,48.7114861157292],[-119.1179431911146,49.1959627991639],[-120.91911454511562,49.0441757406209],[-120.51161789986936,48.74826441422407]]]},"properties":{"NAME":null,"SUBJECTO":null,"PARTOF":null}},
{"type":"Feature","geometry":{"type":"Polygon","coordinates":[[[-121.77645300178123,46.649423649861845],[-122.14391354487552,46.58883597420427],[-121.987014296277,46.361312596223684],[-121.77645300178123,46.649423649861845]]]},"properties":{"NAME":null,"SUBJECTO":null,"PARTOF":null}},
{"type":"Feature","geometry":{"type":"Polygon","coordinates":[[[-122.58731982404205,47.231830095303735],[-122.47773677025785,47.47392145804742],[-122.6331835804103,47.4920514777741],[-123.13110847751925,47.53219595781812],[-123.52524890506598,47.56633171389085],[-123.64666001031765,47.41756547395165],[-123.17251464051608,46.82849889558615],[-122.58731982404205,47.231830095303735]]]},"properties":{"NAME":null,"SUBJECTO":null,"PARTOF":null}},
{"type":"Feature","geometry":{"type":"Polygon","coordinates":[[[-121.5104159447059,47.361101223061034],[-122.47773677025785,47.47392145804742],[-122.58731982404205,47.231830095303735],[-122.14391354487552,46.58883597420427],[-121.77645300178123,46.649423649861845],[-121.5109890908681,46.747819236113266],[-121.38095539638559,47.01393738311474],[-121.5104159447059,47.361101223061034]]]},"properties":{"NAME":null,"SUBJECTO":null,"PARTOF":null}},
{"type":"Feature","geometry":{"type":"Polygon","coordinates":[[[-121.77645300178123,46.649423649861845],[-121.987014296277,46.361312596223684],[-122.37733218997039,45.578642033436324],[-121.8976809535067,45.677827899641784],[-121.87648633314669,45.68586667056058],[-121.51145806826788,45.671697060248704],[-120.99829179685443,45.631111946616485],[-120.99829179685443,45.63111194661649],[-120.58755378578067,45.71523622666359],[-120.59664575978795,45.71346834282885],[-121.5109890908681,46.747819236113266],[-121.77645300178123,46.649423649861845]]]},"properties":{"NAME":null,"SUBJECTO":null,"PARTOF":null}},
{"type":"Feature","geometry":{"type":"Polygon","coordinates":[[[-119.46604275436019,47.802380258074635],[-119.97634438045432,47.8656331684682],[-120.0711384191265,46.944409252530946],[-119.04797674277093,46.74781923611328],[-119.04797674277093,46.74781923611327],[-118.84702808631707,46.71828509547251],[-118.78058356370873,47.58420325757135],[-119.46604275436019,47.802380258074635]]]},"properties":{"NAME":null,"SUBJECTO":null,"PARTOF":null}},
{"type":"Feature","geometry":{"type":"Polygon","coordinates":[[[-121.17585081065224,49.02254024076657],[-122.6826805203304,48.89555773638174],[-122.35927645642332,48.167852449070814],[-121.46150637314238,48.05454096361384],[-121.17585081065224,49.02254024076657]]]},"properties":{"NAME":null,"SUBJECTO":null,"PARTOF":null}},
{"type":"Feature","geometry":{"type":"Polygon","coordinates":[[[-121.17585081065224,49.02254024076657],[-121.46150637314238,48.05454096361384],[-121.2793331085619,47.58403998266867],[-120.35663063537939,46.99926365216032],[-120.0711384191265,46.944409252530946],[-119.97634438045432,47.8656331684682],[-120.51161789986936,48.74826441422407],[-120.91911454511562,49.0441757406209],[-121.17585081065224,49.02254024076657]]]},"properties":{"NAME":null,"SUBJECTO":null,"PARTOF":null}},
{"type":"Feature","geometry":{"type":"Polygon","coordinates":[[[-117.33774395163805,49.34598251027045],[-119.1179431911146,49.1959627991639],[-119.24034329125865,48.7114861157292],[-117.99076726620949,48.36506400296132],[-117.31643905953787,48.92509929324792],[-117.28569624551746,48.90321457818254],[-117.33774395163805,49.34598251027045]]]},"properties":{"NAME":null,"SUBJECTO":null,"PARTOF":null}},
{"type":"Feature","geometry":{"type":"Polygon","coordinates":[[[-117.99076726620949,48.36506400296132],[-119.24034329125865,48.7114861157292],[-119.46604275436019,47.802380258074635],[-118.78058356370873,47.58420325757135],[-117.89067982126434,48.28380488924348],[-117.99076726620949,48.36506400296132]]]},"properties":{"NAME":null,"SUBJECTO":null,"PARTOF":null}},
{"type":"Feature","geometry":{"type":"Polygon","coordinates":[[[-119.46675660984793,44.76513895369119],[-122.01431654467753,44.34172643952947],[-121.9294795821306,43.50640865445205],[-121.99996686477238,43.505790344955194],[-121.88519933720906,43.30577044680257],[-121.29233982106518,43.170852883749134],[-121.29233982106513,43.17085288374913],[-120.39449810813235,42.09000944024766],[-120.39449810813232,42.090009440247655],[-120.49972413463857,41.811510987480226],[-120.43402823724159,40.9702819244858],[-120.50366795658678,40.67229121224434],[-120.20112469640713,40.23772907489538],[-120.19010645532764,40.09921404418163],[-119.3597538397287,38.86426778000676],[-119.48006136673843,38.31560986839534],[-119.36647919471261,37.96795938684105],[-118.34327173218419,37.242643617351504],[-118.00828390129595,36.621497422761074],[-117.89886273947654,36.82036082492556],[-117.73671045381897,38.69332565736938],[-116.88090672395968,41.98135730860865],[-116.16022989881502,43.017439895902044],[-116.12419605755781,44.7060247997253],[-117.3945136228921,44.79150129537561],[-118.99662453373357,44.933868398348196],[-119.46675660984793,44.76513895369119]]]},"properties":{"NAME":"Northern Paiute","SUBJECTO":"Northern Paiute","PARTOF":"Northern Paiute"}},
{"type":"Feature","geometry":{"type":"Polygon","coordinates":[[[-122.81370046646657,45.772960585234536],[-122.37733218997039,45.578642033436324],[-121.987014296277,46.361312596223684],[-122.14391354487552,46.58883597420427],[-122.58731982404205,47.231830095303735],[-123.17251464051608,46.82849889558615],[-123.7074116351322,46.63389580256316],[-122.81370046646657,45.772960585234536]]]},"properties":{"NAME":null,"SUBJECTO":null,"PARTOF":null}},
{"type":"Feature","geometry":{"type":"Polygon","coordinates":[[[-123.64884440033386,45.85618094044586],[-123.35160330038184,45.537515051026894],[-122.99523692131004,45.629684995156765],[-122.97254469712286,45.64916280687895],[-123.64884440033386,45.85618094044586]]]},"properties":{"NAME":null,"SUBJECTO":null,"PARTOF":null}},
{"type":"Feature","geometry":{"type":"Polygon","coordinates":[[[-122.81370046646657,45.772960585234536],[-123.7074116351322,46.63389580256316],[-124.17554526888047,46.81135422223555],[-124.04449041833952,45.892102817474175],[-123.64884440033386,45.85618094044586],[-122.97254469712286,45.64916280687895],[-122.81370046646657,45.772960585234536]]]},"properties":{"NAME":null,"SUBJECTO":null,"PARTOF":null}},
{"type":"Feature","geometry":{"type":"Polygon","coordinates":[[[-123.95248726382064,43.05121021767062],[-123.3223142710306,43.3543793450362],[-124.1449249806831,43.65098042724204],[-124.57052705632654,43.16009523159662],[-123.95248726382064,43.05121021767062]]]},"properties":{"NAME":null,"SUBJECTO":null,"PARTOF":null}},
{"type":"Feature","geometry":{"type":"Polygon","coordinates":[[[-123.00745646233402,42.08384971447687],[-123.17516796492663,42.217151677427985],[-123.54760629751412,41.938089543725724],[-123.63762223443328,41.798051467876306],[-123.52305414828686,41.363594446589644],[-123.28432290542163,41.19154344396144],[-123.10857863934564,41.24286698649743],[-123.00745646233402,42.08384971447687]]]},"properties":{"NAME":null,"SUBJECTO":null,"PARTOF":null}},
{"type":"Feature","geometry":{"type":"Polygon","coordinates":[[[-122.19441633760142,41.995775713251646],[-122.19958361832771,42.010954600385084],[-122.17453622841975,42.02065036422042],[-122.35693182039574,42.64381131757092],[-122.71085201126132,42.88572293050372],[-123.21625411088375,42.675369964444656],[-123.17516796492663,42.217151677427985],[-123.00745646233402,42.08384971447687],[-122.19441633760142,41.995775713251646]]]},"properties":{"NAME":null,"SUBJECTO":null,"PARTOF":null}},
{"type":"Feature","geometry":{"type":"Polygon","coordinates":[[[-122.71085201126132,42.88572293050372],[-122.84497032420879,43.50177872450379],[-123.3223142710306,43.3543793450362],[-123.95248726382064,43.05121021767062],[-123.87822452638153,42.69374819681135],[-123.21625411088375,42.675369964444656],[-122.71085201126132,42.88572293050372]]]},"properties":{"NAME":null,"SUBJECTO":null,"PARTOF":null}},
{"type":"Feature","geometry":{"type":"Polygon","coordinates":[[[-122.35693182039574,42.64381131757092],[-121.88519933720906,43.30577044680257],[-121.99996686477238,43.505790344955194],[-122.68050056082501,43.49982075113017],[-122.84497032420879,43.50177872450379],[-122.71085201126132,42.88572293050372],[-122.35693182039574,42.64381131757092]]]},"properties":{"NAME":null,"SUBJECTO":null,"PARTOF":null}},
{"type":"Feature","geometry":{"type":"Polygon","coordinates":[[[-121.88519933720906,43.30577044680257],[-122.35693182039574,42.64381131757092],[-122.17453622841975,42.02065036422042],[-121.40101034529225,42.320079738334286],[-121.38268360641447,42.32717395983536],[-120.39449810813235,42.09000944024766],[-121.29233982106513,43.17085288374913],[-121.29233982106518,43.170852883749134],[-121.88519933720906,43.30577044680257]]]},"properties":{"NAME":null,"SUBJECTO":null,"PARTOF":null}},
{"type":"Feature","geometry":{"type":"Polygon","coordinates":[[[-122.79132487877328,39.57202511774322],[-123.0013628661222,40.472101907398404],[-123.17011890875257,40.44960125640216],[-124.02053620938014,39.962634670483624],[-123.93289872543515,39.82096520589268],[-122.9794071467819,39.54900224983412],[-122.79132487877328,39.57202511774322]]]},"properties":{"NAME":null,"SUBJECTO":null,"PARTOF":null}},
{"type":"Feature","geometry":{"type":"Polygon","coordinates":[[[-123.28432290542163,41.19154344396144],[-123.52305414828686,41.363594446589644],[-123.91236379916525,41.0172279624429],[-124.34525901598117,40.8061143819423],[-124.02053620938014,39.962634670483624],[-123.17011890875257,40.44960125640216],[-123.30904640713268,40.77479801245003],[-123.28432290542163,41.19154344396144]]]},"properties":{"NAME":null,"SUBJECTO":null,"PARTOF":null}},
{"type":"Feature","geometry":{"type":"Polygon","coordinates":[[[-122.96817540610029,41.117159886853635],[-123.30904640713268,40.77479801245003],[-123.17011890875257,40.44960125640216],[-123.0013628661222,40.472101907398404],[-122.28275837356928,40.56791518104027],[-122.04922702028952,40.922324018913265],[-122.10402057687621,41.076217667861556],[-122.96817540610029,41.117159886853635]]]},"properties":{"NAME":null,"SUBJECTO":null,"PARTOF":null}},
{"type":"Feature","geometry":{"type":"Polygon","coordinates":[[[-121.97704174154464,40.06116386324714],[-122.28275837356928,40.56791518104027],[-123.0013628661222,40.472101907398404],[-122.79132487877328,39.57202511774322],[-121.98624815791418,39.59509124599835],[-121.97704174154464,40.06116386324714]]]},"properties":{"NAME":null,"SUBJECTO":null,"PARTOF":null}},
{"type":"Feature","geometry":{"type":"Polygon","coordinates":[[[-121.70040316856958,40.96792537304268],[-122.04922702028952,40.922324018913265],[-122.28275837356928,40.56791518104027],[-121.97704174154464,40.06116386324714],[-121.54115237413933,40.569920810131514],[-121.41352967329237,40.58386864628965],[-121.70040316856958,40.96792537304268]]]},"properties":{"NAME":null,"SUBJECTO":null,"PARTOF":null}},
{"type":"Feature","geometry":{"type":"Polygon","coordinates":[[[-122.10402057687621,41.076217667861556],[-121.96838836490929,41.397438252954565],[-122.19441633760142,41.995775713251646],[-123.00745646233402,42.08384971447687],[-123.10857863934564,41.24286698649743],[-122.96817540610029,41.117159886853635],[-122.10402057687621,41.076217667861556]]]},"properties":{"NAME":null,"SUBJECTO":null,"PARTOF":null}},
{"type":"Feature","geometry":{"type":"Polygon","coordinates":[[[-123.30904640713268,40.77479801245003],[-122.96817540610029,41.117159886853635],[-123.10857863934564,41.24286698649743],[-123.28432290542163,41.19154344396144],[-123.30904640713268,40.77479801245003]]]},"properties":{"NAME":null,"SUBJECTO":null,"PARTOF":null}},
{"type":"Feature","geometry":{"type":"Polygon","coordinates":[[[-123.91236379916525,41.0172279624429],[-123.52305414828686,41.363594446589644],[-123.63762223443328,41.798051467876306],[-124.19386085599261,41.73070031267889],[-124.26059020125723,41.0172279624429],[-123.91236379916525,41.0172279624429]]]},"properties":{"NAME":null,"SUBJECTO":null,"PARTOF":null}},
{"type":"Feature","geometry":{"type":"Polygon","coordinates":[[[-76.01640357170878,44.31784920305934],[-76.17388185,43.625176175],[-77.699754775,43.299572775],[-79.00649505226482,42.61040619823051],[-78.13373214942634,42.4034624171451],[-75.36569066714866,42.0612543737722],[-74.60377647545405,42.64449295598307],[-73.69970182453072,43.24592615934721],[-73.36259827058966,43.7328524631256],[-72.99612784508847,45.02175112566054],[-74.7776438735629,45.02175112566054],[-76.01640357170878,44.31784920305934]]]},"properties":{"NAME":"Iroquois","SUBJECTO":"Iroquois","PARTOF":"Iroquois"}},
{"type":"Feature","geometry":{"type":"Polygon","coordinates":[[[-90.01701253534154,45.33239835969744],[-90.43567175033401,44.4013299005268],[-90.70409642326361,44.081728960916855],[-88.13552334401332,44.05184054161375],[-87.92371646037913,44.349735831408566],[-89.3240593519057,44.91477013787863],[-90.01701253534154,45.33239835969744]]]},"properties":{"NAME":"Fox","SUBJECTO":"Fox","PARTOF":"Fox"}},
{"type":"Feature","geometry":{"type":"Polygon","coordinates":[[[-86.69253429627324,35.11211833722317],[-87.68725311343998,35.79505961468094],[-88.37139849611115,37.08733422639315],[-89.09208651530243,36.94674432904671],[-89.10356147122943,36.94822815955451],[-89.67046244011823,36.19044925515002],[-89.79574188965688,35.01911519639184],[-90.48044581982018,33.88391011570393],[-89.06559577601922,33.85352861075912],[-89.02515245735864,33.438289743633334],[-90.71086823773264,33.37710527693337],[-90.76271555917886,32.969934269768736],[-89.94912539975513,32.98198745731575],[-89.95060900762762,32.957507927419755],[-88.84621717452875,33.27967194127635],[-87.11035932207919,33.26106507667502],[-86.69253429627324,35.11211833722317]]]},"properties":{"NAME":null,"SUBJECTO":null,"PARTOF":null}},
{"type":"Feature","geometry":{"type":"Polygon","coordinates":[[[-80.22145867875184,37.64253216867145],[-81.87694142117128,37.363193255759306],[-83.25282200860906,36.668996225569444],[-83.15891745704451,35.95828179531381],[-84.29499100341435,35.2273532409107],[-85.0513103111087,34.97200148259221],[-85.04405048453732,34.9720014825922],[-85.09398778327885,34.19083968695278],[-85.00659751048117,33.921919567039474],[-83.69574341851597,34.04614255518724],[-80.31249142877721,37.131722350941295],[-80.22145867875184,37.64253216867145]]]},"properties":{"NAME":"Cherokee","SUBJECTO":"Cherokee","PARTOF":"Cherokee"}},
{"type":"Feature","geometry":{"type":"Polygon","coordinates":[[[-85.0513103111087,34.97200148259221],[-84.29499100341435,35.2273532409107],[-83.15891745704451,35.95828179531381],[-83.25282200860906,36.668996225569444],[-86.66863665479623,35.09571100128373],[-85.0513103111087,34.97200148259221]]]},"properties":{"NAME":"Yuchi","SUBJECTO":"Yuchi","PARTOF":"Yuchi"}},
{"type":"Feature","geometry":{"type":"Polygon","coordinates":[[[-90.48044581982018,33.88391011570393],[-90.71086823773264,33.37710527693337],[-89.02515245735864,33.438289743633334],[-89.06559577601922,33.85352861075912],[-90.48044581982018,33.88391011570393]]]},"properties":{"NAME":null,"SUBJECTO":null,"PARTOF":null}},
{"type":"Feature","geometry":{"type":"Polygon","coordinates":[[[-86.66863665479623,35.09571100128373],[-87.16207788207511,32.95345187745107],[-86.10714598487864,32.913492335890616],[-86.11650261398346,33.548239481156244],[-85.00659751048117,33.921919567039474],[-85.09398778327885,34.19083968695278],[-85.04405048453732,34.9720014825922],[-86.23006132964869,34.9720014825922],[-86.66863665479623,35.09571100128373]]]},"properties":{"NAME":null,"SUBJECTO":null,"PARTOF":null}},
{"type":"Feature","geometry":{"type":"Polygon","coordinates":[[[-64.33289950820145,56.95102276765051],[-66.07237542543024,50.33197804365007],[-61.64020630398633,50.27692373843555],[-60.13784500637891,50.411700807527346],[-58.52433868924024,51.37948568911914],[-56.96410461941602,51.488441072419924],[-55.65902420559766,52.18734701724414],[-55.88126083889844,53.351932130769534],[-57.515351262482426,54.46576651187305],[-59.69376083889844,55.15365942569141],[-61.92769333401563,56.2729564532793],[-61.40771888387985,57.04843983552924],[-64.33289950820145,56.95102276765051]]]},"properties":{"NAME":"Montagnais Innu","SUBJECTO":"Montagnais Innu","PARTOF":"Montagnais Innu"}},
{"type":"Feature","geometry":{"type":"MultiPolygon","coordinates":[[[[-121.17585081065224,49.02254024076657],[-120.91911454511562,49.0441757406209],[-119.1179431911146,49.1959627991639],[-117.33774395163805,49.34598251027045],[-114.03488460458912,49.62431877403358],[-110.6111322173086,50.33741704394204],[-109.64447321272199,49.64761037192571],[-108.6422569684612,50.20389337682961],[-106.27727711056001,51.51658223956187],[-115.03392686774305,52.03295961287972],[-122.49112572639841,54.243561521059334],[-127.87297531654094,52.41333349819841],[-127.24746414700391,50.968116365388674],[-124.93922134915235,50.595809541658205],[-124.79498764553907,50.03529318423633],[-122.6826805203304,48.89555773638174],[-121.17585081065224,49.02254024076657]]],[[[-134.79862274364473,60.552669192688725],[-132.05461693500254,59.845232152917106],[-128.42716101184885,55.66806036922231],[-130.07507628289582,57.56570580391931],[-128.7045383210282,60.73996921652957],[-133.4635788209756,61.53795372841777],[-134.79862274364473,60.552669192688725]]],[[[-117.37591583605023,65.66149178499796],[-121.03346212643422,64.07451616905271],[-123.09180924950894,64.25397504330579],[-118.19774749095093,62.712635573894396],[-111.37138842942214,58.60559089257427],[-112.44918874467501,58.52455626842842],[-107.51282838068006,58.89569747249361],[-117.28389704899656,65.76295544055601],[-117.37591583605023,65.66149178499796]]]]},"properties":{"NAME":null,"SUBJECTO":null,"PARTOF":null}},
{"type":"Feature","geometry":{"type":"Polygon","coordinates":[[[-69.80172440091016,48.190806947664065],[-66.07237542543024,50.33197804365007],[-64.33289950820145,56.95102276765051],[-76.47167326414613,56.546766108381256],[-76.46291061917188,56.57139166446094],[-77.2338380483711,55.60653647036914],[-79.5451173452461,54.69186361880664],[-78.49098679104688,52.25613745303516],[-79.59434982815625,51.265792451814455],[-81.50638353146852,52.1412374589947],[-87.7172821913094,48.90984774153504],[-86.38397137499999,48.7253306],[-85.026610175,47.939546825],[-84.56217589574051,46.53605639416033],[-83.74161689558213,46.25961220405239],[-80.8070809,45.954834575],[-81.094857375,44.79918825],[-82.37193229112192,43.044001906171495],[-83.13127091894104,42.05189648773462],[-81.439461875,42.5870946],[-79.61260996007726,42.36466961064934],[-79.00649505226482,42.61040619823051],[-77.699754775,43.299572775],[-79.152904575,43.772410875],[-76.01640357170878,44.31784920305934],[-74.7776438735629,45.02175112566054],[-72.99612784508847,45.02175112566054],[-73.36259827058966,43.7328524631256],[-72.27983643397718,43.37524776610115],[-72.55883595812335,42.4452493522806],[-71.68098164280813,42.459853971470025],[-70.9935657905062,44.30728407453146],[-68.7816667226875,44.627200685457034],[-67.90804764309766,44.47718771548633],[-66.43519489122934,45.13295071256959],[-67.35399553963548,48.845890707072265],[-69.25392624417188,48.12005575747852],[-69.52023936909171,46.30170174110117],[-73.68327440467164,45.656724482067666],[-73.44873721956854,47.063947592686226],[-69.80172440091016,48.190806947664065]]]},"properties":{"NAME":null,"SUBJECTO":null,"PARTOF":null}},
{"type":"Feature","geometry":{"type":"Polygon","coordinates":[[[-101.27094230533693,29.66749615711314],[-102.72184757042214,29.748618449623105],[-103.74080203452685,29.233983476367086],[-104.78491586811565,30.58605105703986],[-106.44543425406405,31.75921787223626],[-106.68206520519847,32.09481373636416],[-106.3863374252044,31.429426231377512],[-105.10005688787962,30.34103500748732],[-104.70427826101046,29.450533097031705],[-99.13596252406724,26.17715816220621],[-97.2599610952461,25.811372362092776],[-97.637989964875,26.846942506746096],[-97.5456153245701,27.922974720486824],[-98.17373449297943,28.24517953546474],[-100.33487280993454,28.723098752501443],[-101.27094230533693,29.66749615711314]]]},"properties":{"NAME":null,"SUBJECTO":null,"PARTOF":null}},
{"type":"Feature","geometry":{"type":"MultiPolygon","coordinates":[[[[-119.48006136673843,38.31560986839534],[-119.3597538397287,38.86426778000676],[-120.19010645532764,40.09921404418163],[-120.39070713971284,39.662724971417425],[-120.0765127987939,38.99091600021615],[-120.10759009682138,38.869928011571986],[-119.48006136673843,38.31560986839534]]],[[[-121.54583260690501,38.36988381600044],[-121.93564812151612,38.1792131838537],[-121.93830475030977,38.177913745856806],[-121.54583260690501,38.36988381600044]]],[[[-122.79132487877328,39.57202511774322],[-122.9794071467819,39.54900224983412],[-122.78150043504431,39.529924382141346],[-122.79132487877328,39.57202511774322]]],[[[-121.13576584978337,39.460738236546455],[-121.042965933293,39.5883381217207],[-120.95559406118072,39.7084744458751],[-121.13576584978337,39.460738236546455]]],[[[-120.95089598915344,38.88587974053566],[-120.96992239647412,38.88607000460886],[-120.11672208472464,38.87753800149137],[-120.95089598915344,38.88587974053566]]],[[[-122.71804675494387,38.691014653615134],[-122.69079319216462,38.698189610710514],[-123.24715071115908,38.55171917083409],[-122.71804675494387,38.691014653615134]]],[[[-120.9202396661903,36.558510714622386],[-120.82946697849245,36.62329514472099],[-120.89650264829393,36.57545181459042],[-120.9202396661903,36.558510714622386]]],[[[-121.98383375160381,36.53121180390033],[-121.99720474758985,36.57644613833789],[-121.92680069485547,36.338267885164065],[-121.98383375160381,36.53121180390033]]],[[[-118.73376080729315,34.592966851949434],[-119.04237179970598,35.21753671754685],[-119.39727568370381,35.28439601322471],[-119.04237179970599,35.21753671754685],[-118.73376080729315,34.592966851949434]]],[[[-114.92600924122684,35.55656564883044],[-114.66030437411494,34.35483605517907],[-115.23616955994761,34.012484270982426],[-116.8820948528161,34.15944188641711],[-117.3824020846737,34.37985696059214],[-117.97152092031256,33.70752032205939],[-117.49671646633985,33.32543142886524],[-114.25529952997977,33.421014137493536],[-113.94056630351002,34.352099932466494],[-114.14388094761765,34.83250731041746],[-114.72786477887728,35.74242400751926],[-114.92600924122684,35.55656564883044]]],[[[-118.731739964875,34.10775717349414],[-118.60435196438672,34.096419893220705],[-118.67381940409983,34.10260235805952],[-118.731739964875,34.10775717349414]]],[[[-118.73376080729315,34.592966851949434],[-118.59956791263996,34.597891361844965],[-117.93284180317411,34.62235837503638],[-118.73376080729315,34.592966851949434]]],[[[-120.95406046668973,35.488779696940234],[-121.08413406887891,35.55812796206836],[-120.92773148098829,35.474742494539065],[-120.95406046668973,35.488779696940234]]]]},"properties":{"NAME":null,"SUBJECTO":null,"PARTOF":null}},
{"type":"Feature","geometry":{"type":"Polygon","coordinates":[[[-123.64884440033386,45.85618094044586],[-124.04449041833952,45.892102817474175],[-124.1449249806831,43.65098042724204],[-123.3223142710306,43.3543793450362],[-122.84497032420879,43.50177872450379],[-122.68050056082501,43.49982075113017],[-123.55669170263518,44.764698188931305],[-123.35160330038184,45.537515051026894],[-123.64884440033386,45.85618094044586]]]},"properties":{"NAME":null,"SUBJECTO":null,"PARTOF":null}},
{"type":"Feature","geometry":{"type":"Polygon","coordinates":[[[-123.52524890506598,47.56633171389085],[-123.13110847751925,47.53219595781812],[-122.82603928128125,48.023482881501955],[-124.67528244534375,48.38582571597461],[-124.3087892202461,47.45928534121875],[-123.52524890506598,47.56633171389085]]]},"properties":{"NAME":null,"SUBJECTO":null,"PARTOF":null}},
{"type":"Feature","geometry":{"type":"Polygon","coordinates":[[[-91.558041775,46.76149155],[-90.01701253534154,45.33239835969744],[-89.3240593519057,44.91477013787863],[-87.97361712897926,44.369870606859266],[-87.84802211401234,44.60619052508264],[-87.86718878003192,44.88482321959496],[-88.66735943768614,46.134404794561824],[-87.51364575155813,46.689493454868696],[-88.45661925000002,46.91968975],[-90.27661125,46.624989925],[-91.558041775,46.76149155]]]},"properties":{"NAME":null,"SUBJECTO":null,"PARTOF":null}},
{"type":"Feature","geometry":{"type":"Polygon","coordinates":[[[-117.85214491591846,46.34744769166525],[-118.95089881939555,46.033175952119976],[-118.99662453373357,44.933868398348196],[-117.3945136228921,44.79150129537561],[-117.85214491591846,46.34744769166525]]]},"properties":{"NAME":"Cayuse","SUBJECTO":"Cayuse","PARTOF":"Cayuse"}},
{"type":"Feature","geometry":{"type":"Polygon","coordinates":[[[-94.47382021556317,38.790007972886464],[-91.62603616572511,38.46949748184911],[-92.21567759665328,40.085139159598285],[-92.79554917088191,40.33667065508406],[-93.70875893458262,40.17533104478249],[-95.01565229037554,40.68212440023216],[-95.01565229037557,40.68212440023217],[-95.25922516934114,39.95956642755985],[-94.47382021556317,38.790007972886464]]]},"properties":{"NAME":"Missouri","SUBJECTO":"Missouri","PARTOF":"Missouri"}},
{"type":"Feature","geometry":{"type":"Polygon","coordinates":[[[-98.29306568372365,42.317467187198496],[-98.25325861330072,42.308013007973045],[-97.197580322202,41.36154281595351],[-96.72344406498415,41.19156944072448],[-96.51852952316099,41.21102714342899],[-96.0980311547033,41.93732970651684],[-97.27177505614297,42.903406197590826],[-97.96661346409373,42.71811595547062],[-98.01161688271095,42.75679076834481],[-98.29306568372365,42.317467187198496]]]},"properties":{"NAME":"Omaha","SUBJECTO":"Omaha","PARTOF":"Omaha"}},
{"type":"Feature","geometry":{"type":"Polygon","coordinates":[[[-100.45093155855709,44.14807665958136],[-100.85559165206374,42.761573490520185],[-99.83677604994878,42.6811406798269],[-98.9813126071619,42.48092583151508],[-98.29306568372365,42.317467187198496],[-98.01161688271095,42.75679076834481],[-99.44893540105534,43.991986370047],[-99.88899972609082,44.200437892432234],[-99.86174262489138,44.3276376980296],[-100.45093155855709,44.14807665958136]]]},"properties":{"NAME":"Ponca","SUBJECTO":"Ponca","PARTOF":"Ponca"}},
{"type":"Feature","geometry":{"type":"Polygon","coordinates":[[[-91.1336583942347,43.93457488038829],[-89.83227397533817,42.6757952697234],[-89.10477071021725,42.89056799968299],[-88.13552334401334,44.05184054161375],[-90.70409642326361,44.081728960916855],[-90.70409642326361,44.08172896091686],[-91.1336583942347,43.93457488038829]]]},"properties":{"NAME":null,"SUBJECTO":null,"PARTOF":null}},
{"type":"Feature","geometry":{"type":"Polygon","coordinates":[[[-103.99452189315807,47.63631055461429],[-104.5369739366403,47.134040143982624],[-104.34879666320707,45.21038862926993],[-103.21955729962883,45.193565138203205],[-102.22930007330925,44.16522109548671],[-103.4785476511278,42.611278986492934],[-104.16411034627211,41.971420471024906],[-101.2746826878246,41.14312661779516],[-101.39299146182705,41.716469137960836],[-100.45093155855709,44.14807665958136],[-99.86174262489138,44.3276376980296],[-99.97856675919756,44.78775337132994],[-101.1434807206064,44.71544836682872],[-101.27202295083084,46.3463279128011],[-101.5763171505623,46.82292821084723],[-101.91086310019669,47.15762190231186],[-103.99452189315807,47.63631055461429]]]},"properties":{"NAME":"Teton","SUBJECTO":"Teton","PARTOF":"Teton"}},
{"type":"Feature","geometry":{"type":"Polygon","coordinates":[[[-121.2793331085619,47.58403998266867],[-121.29271558237745,47.44857453089092],[-120.41421867106277,46.95774669620255],[-120.3566306353794,46.99926365216032],[-120.35663063537939,46.99926365216032],[-121.2793331085619,47.58403998266867]]]},"properties":{"NAME":null,"SUBJECTO":null,"PARTOF":null}},
{"type":"Feature","geometry":{"type":"Polygon","coordinates":[[[-119.46675660984793,44.76513895369119],[-118.99662453373357,44.933868398348196],[-118.95089881939555,46.033175952119976],[-118.95107483096886,46.03344046787701],[-120.1748196498262,45.79549008643252],[-119.46675660984793,44.76513895369119]]]},"properties":{"NAME":"Umatilla","SUBJECTO":"Umatilla","PARTOF":"Umatilla"}},
{"type":"Feature","geometry":{"type":"Polygon","coordinates":[[[-121.11406630668094,45.306343339958055],[-121.24052909919118,45.27881643916385],[-121.8686505265082,45.09984695005392],[-122.1084874369996,44.35180660405935],[-122.01512232531505,44.34966027965281],[-122.01431654467753,44.34172643952947],[-119.46675660984793,44.76513895369119],[-120.1748196498262,45.79549008643252],[-120.58755378578067,45.71523622666359],[-120.99829179685443,45.63111194661649],[-121.11406630668094,45.306343339958055]]]},"properties":{"NAME":"Tenimo","SUBJECTO":"Tenimo","PARTOF":"Tenimo"}},
{"type":"Feature","geometry":{"type":"Polygon","coordinates":[[[-118.84702808631707,46.71828509547251],[-119.04797674277093,46.74781923611327],[-118.95082776384366,46.03348850870691],[-118.95107483096886,46.03344046787701],[-118.95089881939555,46.033175952119976],[-117.85214491591846,46.34744769166525],[-117.13401580993863,46.76987657753575],[-117.10177632988139,46.77614536532465],[-117.42627950561632,47.0080833848191],[-118.84702808631707,46.71828509547251]]]},"properties":{"NAME":null,"SUBJECTO":null,"PARTOF":null}},
{"type":"Feature","geometry":{"type":"Polygon","coordinates":[[[-121.23805149392487,41.07676616840547],[-121.17683876423962,40.60973650520252],[-120.51079495806793,40.68252817800817],[-120.50366795658678,40.67229121224434],[-120.43402823724159,40.9702819244858],[-121.23805149392487,41.07676616840547]]]},"properties":{"NAME":null,"SUBJECTO":null,"PARTOF":null}},
{"type":"Feature","geometry":{"type":"Polygon","coordinates":[[[-121.38095539638559,47.01393738311474],[-120.6023604056072,46.822109631763546],[-120.41421867106277,46.95774669620255],[-121.29271558237745,47.44857453089092],[-121.5104159447059,47.361101223061034],[-121.38095539638559,47.01393738311474]]]},"properties":{"NAME":null,"SUBJECTO":null,"PARTOF":null}},
{"type":"Feature","geometry":{"type":"Polygon","coordinates":[[[-121.51145806826788,45.671697060248704],[-121.24052909919118,45.27881643916385],[-121.11406630668094,45.306343339958055],[-120.99829179685443,45.631111946616485],[-121.51145806826788,45.671697060248704]]]},"properties":{"NAME":null,"SUBJECTO":null,"PARTOF":null}},
{"type":"Feature","geometry":{"type":"Polygon","coordinates":[[[-121.8976809535067,45.677827899641784],[-122.37733218997039,45.578642033436324],[-122.81370046646657,45.772960585234536],[-122.97254469712286,45.64916280687895],[-122.99523692131004,45.629684995156765],[-122.81839081502515,45.079180180431244],[-122.30133389439597,45.00680460701333],[-122.27905767106019,45.01159478885779],[-121.8686505265082,45.09984695005392],[-121.24052909919118,45.27881643916385],[-121.51145806826788,45.671697060248704],[-121.87648633314669,45.68586667056058],[-121.8976809535067,45.677827899641784]]]},"properties":{"NAME":null,"SUBJECTO":null,"PARTOF":null}},
{"type":"Feature","geometry":{"type":"Polygon","coordinates":[[[-121.8686505265082,45.09984695005392],[-122.27905767106019,45.01159478885779],[-122.30133389439597,45.00680460701333],[-122.81839081502515,45.079180180431244],[-122.58826991431869,44.36283608629657],[-122.1084874369996,44.35180660405935],[-121.8686505265082,45.09984695005392]]]},"properties":{"NAME":null,"SUBJECTO":null,"PARTOF":null}},
{"type":"Feature","geometry":{"type":"Polygon","coordinates":[[[-117.42627950561632,47.0080833848191],[-117.10177632988139,46.77614536532465],[-116.62710114689403,46.86844331757219],[-116.43221277792632,46.8003497910654],[-116.14584007961969,47.82902065186147],[-116.28208816625344,47.88503375414423],[-117.35760872588939,47.89589759818096],[-117.42627950561632,47.0080833848191]]]},"properties":{"NAME":null,"SUBJECTO":null,"PARTOF":null}},
{"type":"Feature","geometry":{"type":"Polygon","coordinates":[[[-117.35760872588939,47.89589759818096],[-117.41358803846514,47.89646304578273],[-117.89067982126434,48.28380488924348],[-118.78058356370873,47.58420325757135],[-118.84702808631707,46.71828509547251],[-117.42627950561632,47.0080833848191],[-117.35760872588939,47.89589759818096]]]},"properties":{"NAME":null,"SUBJECTO":null,"PARTOF":null}},
{"type":"Feature","geometry":{"type":"Polygon","coordinates":[[[-118.34327173218419,37.242643617351504],[-119.36647919471261,37.96795938684105],[-119.61181839475704,37.63938010106726],[-118.64083661955485,36.81732187510567],[-118.63965909301118,36.81238685962475],[-118.34327173218419,37.242643617351504]]]},"properties":{"NAME":null,"SUBJECTO":null,"PARTOF":null}},
{"type":"Feature","geometry":{"type":"Polygon","coordinates":[[[-118.63965909301118,36.81238685962475],[-118.550063931857,36.436893407107654],[-118.60894749988402,35.62899251147701],[-117.90814268352254,35.780075524331195],[-118.03398964419112,36.57477948079902],[-118.00828390129595,36.621497422761074],[-118.34327173218419,37.242643617351504],[-118.63965909301118,36.81238685962475]]]},"properties":{"NAME":null,"SUBJECTO":null,"PARTOF":null}},
{"type":"Feature","geometry":{"type":"Polygon","coordinates":[[[-120.43402823724159,40.9702819244858],[-120.49972413463857,41.811510987480226],[-121.30461009576958,41.58458278698514],[-121.23805149392487,41.07676616840547],[-120.43402823724159,40.9702819244858]]]},"properties":{"NAME":null,"SUBJECTO":null,"PARTOF":null}},
{"type":"Feature","geometry":{"type":"Polygon","coordinates":[[[-121.41352967329237,40.58386864628965],[-121.17683876423962,40.60973650520252],[-121.23805149392487,41.07676616840547],[-121.70040316856958,40.96792537304268],[-121.41352967329237,40.58386864628965]]]},"properties":{"NAME":null,"SUBJECTO":null,"PARTOF":null}},
{"type":"Feature","geometry":{"type":"Polygon","coordinates":[[[-122.04922702028952,40.922324018913265],[-121.70040316856958,40.96792537304268],[-121.23805149392487,41.07676616840547],[-121.30461009576958,41.58458278698514],[-121.96838836490929,41.397438252954565],[-122.10402057687621,41.076217667861556],[-122.04922702028952,40.922324018913265]]]},"properties":{"NAME":null,"SUBJECTO":null,"PARTOF":null}},
{"type":"Feature","geometry":{"type":"Polygon","coordinates":[[[-106.49285054964041,35.12275079187458],[-105.78814756957605,34.772600151342495],[-105.42682358271901,35.26578022084376],[-106.49285054964041,35.12275079187458]]]},"properties":{"NAME":"Tano","SUBJECTO":"Tano","PARTOF":"Tano"}},
{"type":"Feature","geometry":{"type":"Polygon","coordinates":[[[-105.93125060152684,37.128180218068096],[-105.93125060152684,36.669882399459986],[-106.38633742520439,35.88193578365559],[-106.98000536550813,34.10093196274436],[-107.20671873308679,33.1940784924298],[-105.78996263398754,34.770707660214775],[-106.49285054964041,35.12275079187458],[-105.42682358271901,35.26578022084376],[-105.26852713719904,36.45272855529418],[-105.93125060152684,37.128180218068096]]]},"properties":{"NAME":null,"SUBJECTO":null,"PARTOF":null}},
{"type":"Feature","geometry":{"type":"Polygon","coordinates":[[[-113.03100080907147,33.08817821906704],[-110.66838786591009,31.14385823699048],[-109.61526404441419,28.616361065400298],[-108.35151545861909,29.03761059399864],[-108.56214022291827,33.25010587998229],[-107.87989938844541,36.47002098541705],[-107.80045441137496,36.71970519906702],[-110.31720960122205,37.33516302608331],[-110.461870989876,36.235736472313256],[-109.88322543526019,35.58476022337047],[-110.38954029554901,35.16524219627401],[-111.18504437368274,35.454261429347746],[-110.86692287810708,34.73125803031212],[-110.01342068504874,34.45640139186961],[-109.27564760291357,33.84882355952301],[-109.29496557979877,33.14258666246663],[-109.98336513019309,32.35794229665768],[-110.43625957124202,32.18945521393503],[-111.20817902964451,33.55617931515432],[-112.717966592381,33.38386660418984],[-113.03100080907147,33.08817821906704]]]},"properties":{"NAME":null,"SUBJECTO":null,"PARTOF":null}},
{"type":"Feature","geometry":{"type":"Polygon","coordinates":[[[-160.92662128121404,63.95158169791209],[-157.17792550553273,64.01250660088307],[-138.2996295205391,69.14342168331653],[-143.30757614651563,70.19675024600392],[-145.27254196682813,70.11638220401173],[-156.90474411526563,71.34585913272267],[-160.2403306631172,70.85846289248829],[-162.8791246084297,69.9990650043047],[-164.067189183625,69.06467779727345],[-166.84352585354688,68.40520819278126],[-163.7387437490547,67.21832617373829],[-168.17979904690625,65.6938892230547],[-166.5860337881172,64.73040350528126],[-161.00630661526563,64.15789373965626],[-160.92662128121404,63.95158169791209]]]},"properties":{"NAME":"Inupiaq","SUBJECTO":"Inupiaq","PARTOF":"Inupiaq"}},
{"type":"Feature","geometry":{"type":"MultiPolygon","coordinates":[[[[-151.78411527149856,59.962461871463304],[-151.38795944729688,59.21278341861133],[-148.83966537991407,60.54507788272266],[-148.75514838839038,60.6827566498791],[-151.78411527149856,59.962461871463304]]],[[[-157.15331099330217,58.685655689040125],[-157.665333714875,57.6042438373125],[-160.45729538479688,56.19991263003711],[-159.07692429104688,55.991962037996096],[-156.68457504788282,57.400699220613284],[-154.64931198635938,58.076480470613284],[-154.28227707425,59.2487750873125],[-154.0968867535181,59.412479885374964],[-157.15331099330217,58.685655689040125]]]]},"properties":{"NAME":"Suspiaq","SUBJECTO":"Suspiaq","PARTOF":"Suspiaq"}},
{"type":"Feature","geometry":{"type":"Polygon","coordinates":[[[-153.97601791897657,59.519210420564455],[-153.16960451118246,59.74011827120309],[-161.00122217240968,63.62827504596931],[-165.43123337307813,62.429542146638674],[-165.89809128323438,61.270335756257815],[-164.02740952053907,59.79824408145313],[-162.3781022695625,60.16311606021289],[-162.00392624417188,58.826610170320315],[-160.43053146878125,59.00216635318164],[-157.15331099330217,58.685655689040125],[-154.0968867535181,59.412479885374964],[-153.97601791897657,59.519210420564455]]]},"properties":{"NAME":"Yup'ik & Cup'ik","SUBJECTO":"Yup'ik & Cup'ik","PARTOF":"Yup'ik & Cup'ik"}},
{"type":"Feature","geometry":{"type":"Polygon","coordinates":[[[-129.96955250552944,53.91281090128833],[-128.42716101184885,55.66806036922231],[-132.05461693500254,59.845232152917106],[-134.79862274364473,60.552669192688725],[-138.6074405381188,61.53462731284501],[-145.51130826283057,62.576375375632956],[-147.06781754577045,60.909945829297776],[-146.57832809964063,60.83646734805469],[-144.4064225820625,60.09257086367969],[-139.572560277375,59.89999731631641],[-137.57666489163282,58.604163728669924],[-134.12349411526563,58.239215455964846],[-131.76700302639844,56.0100055560625],[-131.19051071682813,56.03476294131641],[-129.96955250552944,53.91281090128833]]]},"properties":{"NAME":"Eyaq","SUBJECTO":"Eyaq","PARTOF":"Eyaq"}},
{"type":"Feature","geometry":{"type":"MultiPolygon","coordinates":[[[[-94.75318619290235,59.94999273867969],[-93.42261978665235,61.85803183169727],[-87.4352311758125,64.56887396426563],[-88.17144485989454,65.13038214297657],[-85.98714920559766,66.16278418155079],[-83.13871475735547,66.37349279971485],[-81.29496475735547,67.49872931094532],[-84.31351944485547,69.8262134418047],[-86.48843857327344,67.37778814883595],[-88.32388016262891,67.81254919619923],[-88.90501877346875,69.22760351748829],[-92.6712159780586,69.74241217227345],[-91.65772720852735,70.28584631533985],[-93.2711686758125,71.55854376407032],[-95.41064926663282,71.85898932071095],[-96.69965073147657,70.83835943789845],[-96.12698074856641,69.94084509463673],[-92.95613571682813,69.08434637637501],[-96.20792862454297,68.07355078311329],[-101.91296860257032,67.70532568545704],[-105.63597580471875,68.35485418887501],[-107.66202255764844,67.96261938662892],[-112.50253006497266,67.69295843692188],[-115.2851075796211,68.89208563418751],[-117.83234116116407,69.00779303164845],[-123.07813818797997,69.83523760141962],[-120.33140572803676,67.90479160702763],[-116.36695075263688,66.77401770466535],[-117.28389704899656,65.76295544055601],[-107.51282838068006,58.89569747249361],[-94.74057321101562,59.85598193569289],[-94.75318619290235,59.94999273867969]]],[[[-72.38791367092969,63.858172975496096],[-71.3189210561836,63.06125982852344],[-65.94033524075391,61.789996705964846],[-66.49595352688672,63.07743414492969],[-64.47394272366407,63.74430426211719],[-67.61417099514844,65.91180761905079],[-62.84475418606641,65.61426123233204],[-61.21058365383985,66.63500555606251],[-68.66534897366407,68.71612890811329],[-66.6681413320625,69.18608435244923],[-69.46268173733594,69.96011694522267],[-71.2525148061836,71.35079535098438],[-73.27524277249219,71.16077002139454],[-75.32202621975782,72.54841955752735],[-80.48866745510938,73.0370059833086],[-81.53178116360547,73.68835791201954],[-88.09924789944532,73.63606604190235],[-89.63864609280469,72.78225287051563],[-89.99718185940625,71.54128607364063],[-87.94921585598829,71.35059698672657],[-87.94801041165235,70.38491400332813],[-82.26922318020704,69.86035498233204],[-78.71291824856641,70.01144751162892],[-73.18491837063672,68.29580267520313],[-72.30491348782422,67.26360663028126],[-75.78904434719922,65.1971851214922],[-72.38791367092969,63.858172975496096]]]]},"properties":{"NAME":"T'atsaot'ine","SUBJECTO":"T'atsaot'ine","PARTOF":"T'atsaot'ine"}},
{"type":"Feature","geometry":{"type":"Polygon","coordinates":[[[-98.48766099932753,52.35247201427655],[-92.13513351290365,52.52625500347626],[-81.9875022933311,52.80385879037878],[-82.06906601467969,52.86138113589649],[-82.20208450833204,54.96887167544727],[-84.46836563626172,55.1668773517168],[-87.46717545071485,55.91202887149219],[-90,57.17785605044727],[-92.48305222073438,56.97671469302539],[-93.07417770901563,58.55101355166797],[-94.68383499661329,58.87849386783008],[-94.72808548489454,59.76290472598438],[-94.74057321101562,59.85598193569289],[-107.51282838068006,58.89569747249361],[-112.44918874467501,58.52455626842842],[-111.97660968507122,58.28688340601539],[-102.58727206061094,53.56473014082671],[-100.08972375062079,52.30864516671072],[-98.48766099932753,52.35247201427655]]]},"properties":{"NAME":"Cree","SUBJECTO":"Cree","PARTOF":"Cree"}},
{"type":"Feature","geometry":{"type":"Polygon","coordinates":[[[-61.40771888387985,57.04843983552924],[-64.67062088528516,60.180919252351565],[-65.86144730130079,58.79534109683399],[-67.77240463772657,58.2485423907793],[-69.21422287503125,58.7476764545],[-70.02829453030469,60.88317068667774],[-73.39458176175,62.354999147371096],[-75.69460007229688,62.21628912539844],[-77.36155411282422,62.517493806794924],[-77.50717636624219,60.414630495027346],[-78.33678909817579,58.551471315339846],[-76.77238174954297,57.66250189395313],[-76.46291061917188,56.57139166446094],[-76.47167326414613,56.546766108381256],[-61.40771888387985,57.04843983552924]]]},"properties":{"NAME":"Naskapi Innu","SUBJECTO":"Naskapi Innu","PARTOF":"Naskapi Innu"}},
{"type":"Feature","geometry":{"type":"Polygon","coordinates":[[[-121.98383375160381,36.53121180390033],[-121.92680069485547,36.338267885164065],[-121.649652197283,36.09883554164803],[-121.34397062788504,36.463460654149706],[-121.98383375160381,36.53121180390033]]]},"properties":{"NAME":null,"SUBJECTO":null,"PARTOF":null}},
{"type":"Feature","geometry":{"type":"Polygon","coordinates":[[[-122.78150043504431,39.529924382141346],[-122.71692744021196,38.99241812627434],[-122.35187144173804,38.51710425255131],[-122.31333963558758,38.220756482796354],[-121.93564812151612,38.1792131838537],[-121.54583260690501,38.36988381600044],[-120.96992239647412,38.88607000460886],[-120.95089598915344,38.88587974053566],[-121.042965933293,39.5883381217207],[-121.13576584978337,39.460738236546455],[-121.98624815791418,39.59509124599835],[-122.79132487877328,39.57202511774322],[-122.78150043504431,39.529924382141346]]]},"properties":{"NAME":null,"SUBJECTO":null,"PARTOF":null}},
{"type":"Feature","geometry":{"type":"Polygon","coordinates":[[[-120.39070713971284,39.662724971417425],[-120.95559406118072,39.7084744458751],[-121.042965933293,39.5883381217207],[-120.95089598915344,38.88587974053566],[-120.11672208472464,38.87753800149137],[-120.10759009682138,38.86992801157198],[-120.0765127987939,38.99091600021615],[-120.39070713971284,39.662724971417425]]]},"properties":{"NAME":null,"SUBJECTO":null,"PARTOF":null}},
{"type":"Feature","geometry":{"type":"Polygon","coordinates":[[[-119.74073976788813,35.56631623427542],[-120.95406046668973,35.488779696940234],[-120.92773148098829,35.474742494539065],[-120.52868362942579,34.50833090396289],[-118.731739964875,34.10775717349414],[-118.67381940409983,34.10260235805952],[-118.59956791263996,34.597891361844965],[-118.73376080729315,34.592966851949434],[-119.04237179970599,35.21753671754685],[-119.39727568370381,35.28439601322471],[-119.74073976788813,35.56631623427542]]]},"properties":{"NAME":null,"SUBJECTO":null,"PARTOF":null}},
{"type":"Feature","geometry":{"type":"Polygon","coordinates":[[[-122.71692744021196,38.99241812627434],[-122.69079319216462,38.698189610710514],[-122.71804675494387,38.691014653615134],[-122.35187144173804,38.51710425255131],[-122.71692744021196,38.99241812627434]]]},"properties":{"NAME":null,"SUBJECTO":null,"PARTOF":null}},
{"type":"Feature","geometry":{"type":"Polygon","coordinates":[[[-121.34397062788504,36.463460654149706],[-120.89650264829393,36.57545181459042],[-120.82946697849245,36.62329514472099],[-121.82312270822358,37.87929363674449],[-121.93830475030977,38.177913745856806],[-121.93564812151612,38.1792131838537],[-122.31333963558758,38.220756482796354],[-122.48976608792188,38.164527498201174],[-121.99720474758985,36.57644613833789],[-121.98383375160381,36.53121180390033],[-121.34397062788504,36.463460654149706]]]},"properties":{"NAME":null,"SUBJECTO":null,"PARTOF":null}},
{"type":"Feature","geometry":{"type":"Polygon","coordinates":[[[-119.74073976788813,35.56631623427542],[-120.9202396661903,36.558510714622386],[-120.89650264829393,36.57545181459042],[-121.34397062788504,36.463460654149706],[-121.649652197283,36.09883554164803],[-121.08413406887891,35.55812796206836],[-120.95406046668973,35.488779696940234],[-119.74073976788813,35.56631623427542]]]},"properties":{"NAME":null,"SUBJECTO":null,"PARTOF":null}},
{"type":"Feature","geometry":{"type":"Polygon","coordinates":[[[-122.71804675494387,38.691014653615134],[-123.24715071115908,38.55171917083409],[-122.48976608792188,38.164527498201174],[-122.31333963558758,38.220756482796354],[-122.35187144173804,38.51710425255131],[-122.71804675494387,38.691014653615134]]]},"properties":{"NAME":null,"SUBJECTO":null,"PARTOF":null}},
{"type":"Feature","geometry":{"type":"Polygon","coordinates":[[[-117.3824020846737,34.37985696059214],[-117.93284180317411,34.62235837503638],[-118.59956791263996,34.597891361844965],[-118.67381940409983,34.10260235805952],[-118.60435196438672,34.096419893220705],[-117.97152092031256,33.70752032205939],[-117.3824020846737,34.37985696059214]]]},"properties":{"NAME":null,"SUBJECTO":null,"PARTOF":null}},
{"type":"Feature","geometry":{"type":"Polygon","coordinates":[[[142.86388686617968,53.34086950869922],[141.767039332,53.27226599307422],[141.6432142587578,51.813087068513674],[142.15287307223437,50.89004477115039],[141.73180678805468,47.47119101138477],[142.48990920504687,47.90160330386524],[143.63314345797656,50.23497732730274],[142.9439192148125,51.61730536075],[142.86388686617968,53.34086950869922]]]},"properties":{"NAME":"Ainu","SUBJECTO":"Ainu","PARTOF":"Ainu"}},
{"type":"Feature","geometry":{"type":"Polygon","coordinates":[[[120.67012842440555,23.864822638890246],[121.38181961955995,23.747186745911844],[121.5725584360039,24.226443849519534],[121.59270766696093,24.645675264314455],[121.78051284274218,24.900125108674807],[121.42886641940234,25.134364686921877],[120.85697463473437,24.80925329776172],[120.57515330309066,24.411671828342936],[120.93673676720027,24.040273162265553],[120.67012842440555,23.864822638890246]]]},"properties":{"NAME":null,"SUBJECTO":null,"PARTOF":null}},
{"type":"Feature","geometry":{"type":"Polygon","coordinates":[[[120.57515330309066,24.411671828342936],[120.3162502807665,24.046422528539278],[120.67012842440555,23.864822638890246],[120.93673676720027,24.040273162265553],[120.57515330309066,24.411671828342936]]]},"properties":{"NAME":"Middag Kingdom","SUBJECTO":"Manchu Empire","PARTOF":"Middag Kingdom"}},
{"type":"Feature","geometry":{"type":"Polygon","coordinates":[[[80.07855673535745,7.744494187697722],[81.13943723001034,8.175451510230726],[81.39641758440916,7.276020269834881],[81.05641434733707,6.473188004174884],[81.47649176379242,6.316065257565576],[81.8048582406914,7.313169561342043],[80.66241744479296,9.29945620150928],[79.6746321054375,8.804930292085452],[79.83821686130435,7.81597091101397],[80.07855673535745,7.744494187697722]]]},"properties":{"NAME":"Ceylon","SUBJECTO":"Ceylon","PARTOF":"Ceylon"}},
{"type":"Feature","geometry":{"type":"Polygon","coordinates":[[[81.05641434733707,6.473188004174884],[81.39641758440916,7.276020269834881],[81.13943723001034,8.175451510230726],[80.07855673535745,7.744494187697722],[81.05641434733707,6.473188004174884]]]},"properties":{"NAME":"Kandy","SUBJECTO":"Kandy","PARTOF":"Kandy"}},
{"type":"Feature","geometry":{"type":"Polygon","coordinates":[[[80.07855673535745,7.744494187697722],[79.83821686130435,7.81597091101397],[80.22215560397265,6.058007322267336],[81.47649176379242,6.316065257565576],[81.05641434733707,6.473188004174884],[80.07855673535745,7.744494187697722]]]},"properties":{"NAME":"Ceylon (Dutch)","SUBJECTO":"Netherlands","PARTOF":"Ceylon (Dutch)"}},
{"type":"Feature","geometry":{"type":"Polygon","coordinates":[[[-45.37131592312696,-1.756672538801389],[-47.23713776150586,-0.680439271017271],[-48.042530980500004,-0.815624035879331],[-49.22114655056836,-2.108145631834226],[-50.6431398061836,-1.882471717878538],[-51.529381719025395,-0.429196335359769],[-49.88430496731641,1.213871084169192],[-50.554928746613285,1.968626819566531],[-52.6775522628695,-0.029669754172872],[-58.421773108119865,-2.305681787196602],[-59.29796160304153,-2.652850813486317],[-58.92322145171103,-3.652157883700966],[-53.0522924142,-2.527937429709489],[-48.73989031931879,-3.420535057674854],[-47.15173918187139,-2.966777589832745],[-46.35766361314768,-3.1936563237538],[-45.37131592312696,-1.756672538801389]]]},"properties":{"NAME":"Dutch Brazil","SUBJECTO":"Netherlands","PARTOF":"Dutch Brazil"}},
{"type":"Feature","geometry":{"type":"Polygon","coordinates":[[[-74.29292770901563,40.631595216707034],[-73.38648697415235,41.13857992740039],[-72.55883595812335,42.4452493522806],[-72.27983643397718,43.37524776610115],[-73.36259827058966,43.7328524631256],[-73.69970182453072,43.24592615934721],[-74.29292770901563,40.631595216707034]]]},"properties":{"NAME":"New Amsterdam","SUBJECTO":"Netherlands","PARTOF":"New Amsterdam"}},
{"type":"Feature","geometry":{"type":"Polygon","coordinates":[[[-79.14369287873127,38.59912124913121],[-79.92087866955761,40.418604405535774],[-80.74645563181255,40.67721887563973],[-85.17235395390892,40.64191845415694],[-87.64805901990378,38.88173508353631],[-87.74494533803735,40.33680289601044],[-87.77847249779614,38.364405607379354],[-86.07571065648122,39.200583297310786],[-83.0958774341801,38.95733160569437],[-82.06205774481032,38.3339991459273],[-81.87694142117128,37.363193255759306],[-80.22145867875184,37.64253216867145],[-79.16330929961951,38.532172812603406],[-79.14369287873127,38.59912124913121]]]},"properties":{"NAME":null,"SUBJECTO":null,"PARTOF":null}},
{"type":"Feature","geometry":{"type":"Polygon","coordinates":[[[-91.62596598967966,31.938619979140476],[-92.69943271988247,31.61472352469578],[-92.45987844108333,30.583590782573072],[-91.5409240661985,30.795697912547453],[-90.25621396127643,31.320676034622124],[-90.22962454861315,32.02281382263113],[-90.40870393180853,32.05040935180212],[-91.62596598967966,31.938619979140476]]]},"properties":{"NAME":"Natchez","SUBJECTO":"Natchez","PARTOF":"Natchez"}},
{"type":"Feature","geometry":{"type":"Polygon","coordinates":[[[-90.25621396127643,31.320676034622124],[-91.5409240661985,30.795697912547453],[-90.36978060950578,30.75797119454502],[-90.25621396127643,31.320676034622124]]]},"properties":{"NAME":"Houma","SUBJECTO":"Houma","PARTOF":"Houma"}},
{"type":"Feature","geometry":{"type":"Polygon","coordinates":[[[-77.11833909851146,36.67866514234477],[-77.09629431139923,36.77417639016781],[-77.13081508461016,36.92292547424849],[-78.04777390092252,36.93174211908519],[-77.11833909851146,36.67866514234477]]]},"properties":{"NAME":null,"SUBJECTO":null,"PARTOF":null}},
{"type":"Feature","geometry":{"type":"Polygon","coordinates":[[[-89.97350313269683,32.57975486377784],[-90.40870393180853,32.05040935180212],[-90.22962454861315,32.02281382263113],[-89.97350313269683,32.57975486377784]]]},"properties":{"NAME":null,"SUBJECTO":null,"PARTOF":null}},
{"type":"Feature","geometry":{"type":"Polygon","coordinates":[[[-76.96877491480396,36.08382697420913],[-76.98243134974526,35.55532846390536],[-76.73228019742008,36.163677463185515],[-76.96877491480396,36.08382697420913]]]},"properties":{"NAME":null,"SUBJECTO":null,"PARTOF":null}},
{"type":"Feature","geometry":{"type":"Polygon","coordinates":[[[-77.12766976093044,35.3189011645884],[-77.06258102932811,35.206771455720684],[-77.00272492375097,35.52229343648728],[-77.12766976093044,35.3189011645884]]]},"properties":{"NAME":null,"SUBJECTO":null,"PARTOF":null}},
{"type":"Feature","geometry":{"type":"Polygon","coordinates":[[[-77.19939020128146,34.68039159983789],[-77.06258102932811,35.206771455720684],[-77.12766976093044,35.3189011645884],[-77.46528965083942,35.20359997622468],[-77.19939020128146,34.68039159983789]]]},"properties":{"NAME":"Catawba","SUBJECTO":"Catawba","PARTOF":"Catawba"}},
{"type":"Feature","geometry":{"type":"Polygon","coordinates":[[[-77.09629431139923,36.77417639016781],[-77.11833909851146,36.67866514234477],[-76.96877491480396,36.08382697420913],[-76.73228019742008,36.163677463185515],[-76.70146948776122,36.17408044494843],[-76.40070501975283,36.418564845906744],[-77.09629431139923,36.77417639016781]]]},"properties":{"NAME":null,"SUBJECTO":null,"PARTOF":null}},
{"type":"Feature","geometry":{"type":"Polygon","coordinates":[[[-76.37986751261278,36.53270409033531],[-76.40070501975283,36.418564845906744],[-76.70146948776122,36.17408044494843],[-76.00889113170487,36.52145490236083],[-76.37986751261278,36.53270409033531]]]},"properties":{"NAME":null,"SUBJECTO":null,"PARTOF":null}},
{"type":"Feature","geometry":{"type":"Polygon","coordinates":[[[-76.40070501975283,36.418564845906744],[-76.37986751261278,36.53270409033531],[-76.32556580295707,36.9372162913724],[-76.6616381989771,37.153085910024686],[-77.13081508461016,36.92292547424849],[-77.09629431139923,36.77417639016781],[-76.40070501975283,36.418564845906744]]]},"properties":{"NAME":null,"SUBJECTO":null,"PARTOF":null}},
{"type":"Feature","geometry":{"type":"Polygon","coordinates":[[[-78.04777390092252,36.93174211908519],[-78.23792594631483,35.549293746780705],[-77.46528965083942,35.20359997622468],[-77.12766976093044,35.3189011645884],[-77.00272492375097,35.52229343648728],[-76.98243134974526,35.55532846390536],[-76.96877491480396,36.08382697420913],[-77.11833909851146,36.67866514234477],[-78.04777390092252,36.93174211908519]]]},"properties":{"NAME":null,"SUBJECTO":null,"PARTOF":null}},
{"type":"Feature","geometry":{"type":"MultiPolygon","coordinates":[[[[-74.40558334866407,39.613772951082034],[-74.220001,40.51166500000011],[-74.233887,40.535553],[-74.29292770901563,40.631595216707034],[-73.69970182453072,43.24592615934721],[-74.60377647545405,42.64449295598307],[-75.36569066714866,42.0612543737722],[-78.13373214942634,42.4034624171451],[-78.78951038504476,40.66010983009217],[-77.79947159048069,39.936951058410585],[-79.14369287873127,38.5991212491312],[-79.16330929961951,38.532172812603406],[-80.22145867875184,37.64253216867145],[-80.31249142877721,37.131722350941295],[-83.69574341851597,34.04614255518724],[-85.00659751048117,33.921919567039474],[-86.11650261398346,33.548239481156244],[-86.10714598487864,32.913492335890616],[-85.82742919395534,31.85856043869415],[-87.32191604831701,31.86655234700624],[-87.16207788207511,32.95345187745109],[-87.11035932207919,33.26106507667502],[-88.84621717452875,33.27967194127635],[-89.95060900762762,32.957507927419755],[-89.97350313269683,32.57975486377784],[-90.22962454861315,32.02281382263113],[-90.25621396127643,31.320676034622124],[-90.36978060950578,30.75797119454502],[-91.5409240661985,30.795697912547453],[-92.45987844108333,30.583590782573072],[-91.98128915859135,30.233195057891454],[-91.18373730678027,29.85632625098658],[-89.5233210054048,29.97556521147339],[-89.23280808010938,30.406005464509768],[-87.3830079702461,30.441642366365237],[-87.52838633660527,31.32358957381163],[-83.24698010765437,31.373554927322374],[-81.19919778743586,31.591160146383785],[-80.5806398061836,32.496783815339846],[-79.30544754544141,33.26877935977344],[-79.2497518267958,34.37147613796631],[-78.25297918126469,33.888361006279766],[-77.19939020128146,34.68039159983789],[-77.46528965083942,35.20359997622468],[-78.23792594631483,35.549293746780705],[-78.04777390092252,36.93174211908519],[-77.13081508461016,36.92292547424849],[-76.6616381989771,37.153085910024686],[-76.94189163723829,37.2863727435625],[-77.72032715482742,39.14375498321764],[-75.06983167543883,40.39925284187539],[-74.40558334866407,39.613772951082034]]],[[[-76.00889113170487,36.52145490236083],[-76.32556580295707,36.9372162913724],[-76.37986751261278,36.53270409033531],[-76.00889113170487,36.52145490236083]]]]},"properties":{"NAME":null,"SUBJECTO":null,"PARTOF":null}},
{"type":"Feature","geometry":{"type":"Polygon","coordinates":[[[7.873309,45.921406],[8.314141537514287,46.39582387142589],[8.176414000220069,46.47067179698466],[6.857919770712584,46.38820405444768],[6.809147838242454,46.39368172924781],[6.809442,46.380232],[6.776061,46.362191],[6.863716,46.292272],[6.804016,46.136794],[6.876258,46.054467],[7.048637,45.923903],[7.19574,45.860518],[7.576875,45.991122],[7.873309,45.921406]]]},"properties":{"NAME":"Republic of the Seven Zenden","SUBJECTO":"Republic of the Seven Zenden","PARTOF":"Republic of the Seven Zenden"}},
{"type":"Feature","geometry":{"type":"Polygon","coordinates":[[[6.164277288200115,46.269072909972444],[6.119987643559156,46.26259365503246],[6.010111299433578,46.24040946060946],[5.941489252654296,46.175540529207034],[6.275253749808853,46.25661297242541],[6.200597746576099,46.26499501240314],[6.164277288200115,46.269072909972444]]]},"properties":{"NAME":"Geneva","SUBJECTO":"Geneva","PARTOF":"Geneva"}},
{"type":"Feature","geometry":{"type":"Polygon","coordinates":[[[-132.95046430889985,68.59658837981705],[-136.41621540114485,68.19175019659022],[-136.08218309315131,67.00022944441072],[-133.8953857481374,67.00028947378973],[-132.46270181844713,64.77624044122261],[-130.99432362934212,64.2883993376291],[-130.11398384565643,63.86968558981642],[-130.11398384565643,63.86968558981641],[-130.11398384565643,63.869685589816406],[-129.86062726312704,63.517952326101415],[-130.1326447547409,63.25736570785466],[-130.07233237351184,63.23342324986222],[-128.78143231313138,62.0558697711933],[-125.99742126024618,62.93711459762692],[-124.52384927911808,63.99935594532547],[-123.09180924950896,64.25397504330579],[-123.09180924950894,64.25397504330579],[-121.03346212643422,64.07451616905271],[-117.37591583605023,65.66149178499796],[-116.36695075263688,66.77401770466535],[-120.47352641080643,67.94532841727244],[-130.62437571151344,68.3990411710504],[-132.64349446535056,68.63244586365252],[-132.95046430889985,68.59658837981705]]]},"properties":{"NAME":"Sahtu","SUBJECTO":"Sahtu","PARTOF":"Sahtu"}},
{"type":"Feature","geometry":{"type":"Polygon","coordinates":[[[146.7127333016231,-43.721809781830885],[147.8153181404903,-42.96535149936018],[148.26952651451373,-41.09258309726057],[146.3822126717403,-41.30834618930159],[144.7761335701778,-40.84276238803206],[145.72265151451373,-43.24016610507307],[146.7127333016231,-43.721809781830885]]]},"properties":{"NAME":"Tasmanian hunter-gatherers","SUBJECTO":"Tasmanian hunter-gatherers","PARTOF":"Tasmanian hunter-gatherers"}},
{"type":"Feature","geometry":{"type":"Polygon","coordinates":[[[-111.97660968507122,58.28688340601539],[-122.49112572639841,54.243561521059334],[-115.03392686774305,52.03295961287972],[-106.27727711056001,51.51658223956187],[-102.58727206061094,53.56473014082671],[-111.97660968507122,58.28688340601539]]]},"properties":{"NAME":"Subarctic forest hunter-gatherers","SUBJECTO":"Subarctic forest hunter-gatherers","PARTOF":"Subarctic forest hunter-gatherers"}},
{"type":"Feature","geometry":{"type":"MultiPolygon","coordinates":[[[[-130.11398384565643,63.869685589816406],[-130.9943236293421,64.28839933762907],[-132.46270181844713,64.7762404412226],[-132.46270181844713,64.77624044122261],[-133.8953857481374,67.00028947378973],[-136.08218309315131,67.00022944441072],[-136.41621540114485,68.19175019659022],[-132.95046430889985,68.59658837981705],[-132.30321213284375,69.48670538516407],[-138.2996295205391,69.14342168331653],[-157.17792550553273,64.01250660088307],[-160.92662128121404,63.95158169791209],[-160.89000412503125,63.85677679629688],[-161.00122217240968,63.62827504596931],[-153.16960451118246,59.74011827120309],[-151.78411527149856,59.962461871463304],[-148.75514838839038,60.6827566498791],[-148.72780319729688,60.7273021564043],[-147.637989964875,61.05192144961719],[-147.44673811920524,60.993899399631644],[-147.27010056057813,60.940311037019534],[-147.06781754577045,60.909945829297776],[-145.51130826283057,62.576375375632956],[-138.6074405381188,61.53462731284501],[-134.79862274364473,60.552669192688725],[-133.4635788209756,61.53795372841777],[-128.7045383210282,60.73996921652957],[-130.07507628289582,57.56570580391931],[-128.42716101184885,55.66806036922231],[-129.96955250552944,53.91281090128833],[-128.81406113197065,53.76392706509294],[-128.43214890052533,52.938537203032396],[-128.07719131995893,52.93924292202654],[-127.87297531654094,52.41333349819841],[-122.49112572639841,54.243561521059334],[-111.97660968507122,58.28688340601539],[-112.44918874467501,58.52455626842842],[-111.37138842942214,58.60559089257427],[-118.19774749095093,62.712635573894396],[-123.09180924950896,64.25397504330579],[-124.52384927911808,63.99935594532547],[-125.99742126024618,62.93711459762692],[-128.78143231313138,62.0558697711933],[-130.07233237351184,63.23342324986222],[-130.1326447547409,63.25736570785465],[-129.86062726312704,63.517952326101415],[-130.11398384565643,63.869685589816406]]],[[[-132.64349446535056,68.63244586365252],[-130.62437571151344,68.3990411710504],[-130.46303606851828,68.39182976917176],[-129.942677464875,69.64258917422657],[-132.64349446535056,68.63244586365252]]]]},"properties":{"NAME":"Athabascan","SUBJECTO":"Athabascan","PARTOF":"Athabascan"}},
{"type":"Feature","geometry":{"type":"Polygon","coordinates":[[[-130.11398384565643,63.86968558981641],[-130.11398384565643,63.86968558981642],[-130.99432362934212,64.2883993376291],[-132.46270181844713,64.77624044122261],[-132.46270181844713,64.7762404412226],[-130.9943236293421,64.28839933762907],[-130.11398384565643,63.86968558981641]]]},"properties":{"NAME":null,"SUBJECTO":null,"PARTOF":null}},
{"type":"Feature","geometry":{"type":"Polygon","coordinates":[[[-130.1326447547409,63.25736570785466],[-130.1326447547409,63.25736570785465],[-130.07233237351184,63.23342324986222],[-130.1326447547409,63.25736570785466]]]},"properties":{"NAME":null,"SUBJECTO":null,"PARTOF":null}},
{"type":"Feature","geometry":{"type":"Polygon","coordinates":[[[-123.07813818797997,69.83523760141962],[-125.97399612942579,69.43039282412892],[-127.35170456448438,70.38026007266407],[-129.942677464875,69.64258917422657],[-130.46303606851828,68.39182976917176],[-120.47352641080643,67.94532841727244],[-120.33140572803676,67.90479160702763],[-123.07813818797997,69.83523760141962]]]},"properties":{"NAME":null,"SUBJECTO":null,"PARTOF":null}},
{"type":"Feature","geometry":{"type":"Polygon","coordinates":[[[-94.75318619290235,59.94999273867969],[-94.74057321101562,59.85598193569289],[-94.72808548489454,59.76290472598438],[-94.75318619290235,59.94999273867969]]]},"properties":{"NAME":null,"SUBJECTO":null,"PARTOF":null}},
{"type":"Feature","geometry":{"type":"Polygon","coordinates":[[[-81.85244461575391,52.70861013980274],[-82.06906601467969,52.86138113589649],[-81.9875022933311,52.80385879037878],[-81.85244461575391,52.70861013980274]]]},"properties":{"NAME":null,"SUBJECTO":null,"PARTOF":null}},
{"type":"Feature","geometry":{"type":"Polygon","coordinates":[[[-146.57832809964063,60.83646734805469],[-147.06781754577045,60.909945829297776],[-147.27010056057813,60.940311037019534],[-146.57832809964063,60.83646734805469]]]},"properties":{"NAME":null,"SUBJECTO":null,"PARTOF":null}},
{"type":"Feature","geometry":{"type":"Polygon","coordinates":[[[-147.637989964875,61.05192144961719],[-147.27010056057813,60.940311037019534],[-147.44673811920524,60.993899399631644],[-147.637989964875,61.05192144961719]]]},"properties":{"NAME":null,"SUBJECTO":null,"PARTOF":null}},
{"type":"Feature","geometry":{"type":"Polygon","coordinates":[[[-148.72780319729688,60.7273021564043],[-148.75514838839038,60.6827566498791],[-148.83966537991407,60.54507788272266],[-148.72780319729688,60.7273021564043]]]},"properties":{"NAME":null,"SUBJECTO":null,"PARTOF":null}},
{"type":"Feature","geometry":{"type":"Polygon","coordinates":[[[-154.0968867535181,59.412479885374964],[-154.28227707425,59.2487750873125],[-153.97601791897657,59.519210420564455],[-154.0968867535181,59.412479885374964]]]},"properties":{"NAME":null,"SUBJECTO":null,"PARTOF":null}},
{"type":"Feature","geometry":{"type":"Polygon","coordinates":[[[-160.92662128121404,63.95158169791209],[-161.00630661526563,64.15789373965626],[-160.89000412503125,63.85677679629688],[-160.92662128121404,63.95158169791209]]]},"properties":{"NAME":null,"SUBJECTO":null,"PARTOF":null}},
{"type":"Feature","geometry":{"type":"MultiPolygon","coordinates":[[[[-53.123378851919725,-14.275041705614404],[-60.26760598730509,-13.809999263181787],[-64.1940629085568,-14.694582386569342],[-64.66180129731615,-16.804676207468987],[-65.71878024503351,-18.084155408373633],[-65.49350658965456,-19.135432466808773],[-67.15357488124135,-25.22234953596037],[-67.54385005680815,-26.39317506266075],[-65.79345755943673,-27.010960649968307],[-61.046748975917154,-26.01165357975366],[-61.046748975917154,-20.140724542242616],[-60.7969222083635,-19.141417472027975],[-61.67131589480131,-17.392630099152342],[-60.7969222083635,-16.268409645160865],[-58.423567916603716,-17.392630099152342],[-56.17512700862076,-19.516157623358467],[-55.05090655462928,-19.516157623358467],[-53.67685933308415,-18.51685055314382],[-52.052985343985355,-19.266330855804803],[-52.052985343985355,-21.88951191511825],[-53.30211918175365,-23.513385904217046],[-53.67685933308415,-26.38639373108415],[-53.177205797976825,-27.510614185075628],[-53.80177271686098,-28.010267720182952],[-58.72255461184534,-27.923438321149092],[-59.031484927095306,-29.777020212648907],[-57.352789764997816,-29.680878909474107],[-54.36473695419029,-30.592916632921295],[-53.544487162988226,-31.446480334683482],[-52.14021349238029,-31.740936200871825],[-52.04218765784954,-31.556572355073072],[-51.445416417615164,-31.015394605439283],[-51.23235413123821,-30.265360273163893],[-50.60855194617962,-30.302172101777174],[-51.11682220985149,-31.472069181244947],[-49.93631836463665,-29.627403653901197],[-48.852154730931154,-28.56302509690464],[-50.05437120355606,-27.760440952629292],[-50.17928458733289,-24.637606358208522],[-48.966769053239844,-23.272424275767406],[-48.735456882361326,-23.20633508408783],[-53.123378851919725,-14.275041705614404]]],[[[-67.53442023354495,-31.617692202499367],[-67.48158657100439,-31.655864143664434],[-67.36529256435563,-31.607804117720427],[-67.53442023354495,-31.617692202499367]]]]},"properties":{"NAME":"Savanna hunter-gatherers","SUBJECTO":"Savanna hunter-gatherers","PARTOF":"Savanna hunter-gatherers"}},
{"type":"Feature","geometry":{"type":"Polygon","coordinates":[[[-71.7987303928607,-40.55300222439516],[-70.57931764813105,-40.57909976037915],[-71.6339245225337,-43.19554606268768],[-72.1905225951351,-45.990119696472405],[-72.04404941813473,-48.76638855343405],[-71.16521035613252,-51.561440909776984],[-69.11474151787864,-51.35236245613261],[-69.04092117835735,-50.56240121249495],[-67.83347031165813,-49.9682125223094],[-67.57759567786907,-49.058533109467604],[-65.78120132972454,-47.71157876376448],[-67.46862503577923,-46.26589242343245],[-66.69494339515423,-45.131103910248854],[-65.65723129798626,-44.94175759677229],[-65.62660690833782,-44.72252313021956],[-64.69799515296673,-43.20144311312971],[-65.08506485511516,-42.78441659335432],[-64.16540237952923,-42.6476673257762],[-64.00108429481243,-42.852947629731275],[-63.62366196204876,-42.56950417880354],[-64.11973663856243,-42.38424722079573],[-64.9920320182011,-42.19338647250471],[-64.92474838783001,-41.73123971347151],[-65.13462540199016,-41.24435464267073],[-62.25975128699993,-40.80290643100081],[-62.4657983451054,-40.36791268710432],[-62.10818192054485,-39.689834989350416],[-62.35104462196087,-39.33307305697737],[-57.80888458778118,-38.386490262787916],[-56.69811340858196,-36.944073118012525],[-57.371693578259695,-36.14943734530745],[-57.236832585828054,-35.58266106967268],[-58.522782292859304,-34.58706323031721],[-57.34773727943157,-34.508438504975416],[-56.33826157142376,-34.99545327548323],[-54.074337926404226,-34.647842801850416],[-52.35066696693157,-32.67519036654768],[-52.14021349238029,-31.740936200871825],[-53.544487162988226,-31.446480334683482],[-54.36473695419029,-30.592916632921295],[-57.352789764997816,-29.680878909474107],[-59.031484927095306,-29.777020212648907],[-59.17631207968745,-30.645983128201784],[-58.609115244884805,-31.21317996300443],[-58.83599397880586,-32.347573632609716],[-61.445099418898025,-32.347573632609716],[-66.4364315651613,-31.553498063886014],[-67.36529256435563,-31.607804117720427],[-67.48158657100439,-31.655864143664434],[-67.64985410812366,-33.57694564055348],[-69.43682686752817,-37.15902614350158],[-71.55127322041433,-39.75840874014674],[-71.7987303928607,-40.55300222439516]]]},"properties":{"NAME":"Pampas cultures","SUBJECTO":"Pampas cultures","PARTOF":"Pampas cultures"}},
{"type":"Feature","geometry":{"type":"MultiPolygon","coordinates":[[[[-70.49821945716594,-54.92306558017073],[-69.6717195182011,-54.77409402255354],[-65.26215836097454,-54.81925240878401],[-66.98282333900188,-54.34066430453596],[-68.70525833656048,-53.23463097934065],[-68.30537888099407,-52.94305077914534],[-69.40672012855266,-52.56648675326643],[-70.33333298255657,-53.47274438266096],[-69.4406633048222,-53.411072171967604],[-70.04246231605266,-53.98573724154768],[-69.05546280433391,-54.60197869662581],[-70.49821945716594,-54.92306558017073]]],[[[-74.23627182533001,-43.36826363925276],[-73.69581314613079,-43.38647881869612],[-73.83051773597454,-42.56413308505354],[-73.45523544837688,-42.26160851840315],[-74.16859909583782,-42.34649316195784],[-74.23627182533001,-43.36826363925276]]],[[[-73.24332901527141,-52.57389108065901],[-73.08035751868938,-53.03203622226057],[-72.84486099769329,-52.64614907626448],[-73.24332901527141,-52.57389108065901]]],[[[-69.11474151787864,-51.35236245613261],[-71.16521035613252,-51.561440909776984],[-72.04404941813473,-48.76638855343405],[-72.1905225951351,-45.990119696472405],[-71.6339245225337,-43.19554606268768],[-70.57931764813105,-40.57909976037915],[-71.7987303928607,-40.55300222439516],[-72.58717819729688,-41.618275083585935],[-72.60860153724407,-41.99678460482893],[-72.46592423011516,-42.03499261264143],[-72.52966019202923,-43.0627063882762],[-72.76007553626751,-44.369339383881666],[-72.58269974281048,-44.43984643344221],[-73.13770004798626,-45.344314969819166],[-73.04726120521282,-45.37648812655745],[-73.96972366859173,-46.71342507724104],[-73.99523636390423,-46.48629800204573],[-74.42934891273235,-46.53258553866682],[-74.04179855872844,-46.09079781894026],[-75.44431015540813,-46.62543145541487],[-75.02187058021282,-46.553223050873854],[-74.86196610023235,-46.819073118012525],[-73.97875687171673,-47.0317005289012],[-74.38108536292766,-47.42256585482893],[-74.29662796546673,-47.76078835849104],[-73.36047073890423,-47.97384683017073],[-73.96308609534954,-49.24083367709456],[-73.93245407630657,-49.99314156894026],[-73.93423172523235,-50.5060543191844],[-73.53017136146282,-50.432861722748854],[-74.20847794105266,-51.02063409213362],[-73.67884537269329,-51.2307857644969],[-73.77848526527141,-51.614231504242994],[-73.25848862220501,-51.705818570893385],[-73.1069230704472,-52.10275308017073],[-72.44915482093548,-52.16112939242659],[-72.21230789710735,-52.57189217929182],[-71.67799850990032,-52.64390984896956],[-72.75086685706829,-53.137833036225416],[-71.15202042152141,-52.96183053378401],[-71.44228836585735,-53.88161126498518],[-70.73358627845501,-52.80150643710432],[-69.4830217032597,-52.360935605805494],[-68.4558992057011,-52.420181669037916],[-69.07692429115032,-51.49934808139143],[-69.11474151787864,-51.35236245613261]]]]},"properties":{"NAME":"Patagonian shellfish and marine mammal hunters","SUBJECTO":"Patagonian shellfish and marine mammal hunters","PARTOF":"Patagonian shellfish and marine mammal hunters"}},
{"type":"Feature","geometry":{"type":"MultiPolygon","coordinates":[[[[-71.55127322041433,-39.75840874014674],[-69.43682686752817,-37.15902614350158],[-67.64985410812366,-33.57694564055348],[-67.48158657100439,-31.655864143664434],[-67.53442023354495,-31.617692202499367],[-69.04120553763433,-32.38223615237202],[-69.36699927002375,-33.0931064277352],[-69.36699927002375,-34.44495115588703],[-70.28925943201642,-36.47392351227089],[-71.14907545765897,-37.215619901293486],[-70.84412857571485,-38.726524747892576],[-71.55127322041433,-39.75840874014674]]],[[[-73.59364029456829,-41.697239316742994],[-73.66562363186719,-41.479359067960935],[-73.66562363192651,-41.47935906785311],[-73.59364029456829,-41.697239316742994]]],[[[-73.84525772620891,-41.15282861117659],[-73.8452577261211,-41.15282861133621],[-73.90523239651563,-40.83904305843945],[-73.75937363186719,-40.243389524503904],[-73.19633957425,-39.41866723446484],[-73.44117447415235,-38.6284107342207],[-73.40069290676954,-38.09927789120312],[-73.4350099233711,-37.901783384367185],[-73.43500992345813,-37.901783384220295],[-73.40069290687298,-38.099277890961744],[-73.44117447425579,-38.62841073397932],[-73.19633957435344,-39.41866723422346],[-73.75937363197063,-40.243389524262525],[-73.90523239661907,-40.83904305819807],[-73.84525772620891,-41.15282861117659]]],[[[-73.67253586341594,-37.500854886811354],[-73.6725358633239,-37.50085488696671],[-73.69026657620313,-37.36710397152539],[-73.58405014553907,-37.27771798519726],[-73.359669652375,-37.32185021786328],[-73.14423080960157,-37.15579644589062],[-72.62884995022657,-35.645878233],[-71.60992142239454,-33.57227746395703],[-71.75040146389844,-33.191490568205076],[-71.40336319485547,-32.64457742123242],[-71.44536301175,-32.54304925350781],[-71.5198487905586,-32.181175626798826],[-71.51984879060103,-32.181175626495985],[-71.51984879066204,-32.18117562655745],[-71.44536301185344,-32.54304925326643],[-71.40336319495891,-32.64457742099104],[-71.75040146400188,-33.1914905679637],[-71.67724956368635,-33.38977699172401],[-71.60992142249798,-33.57227746371565],[-72.62884995033001,-35.64587823275862],[-73.14423080970501,-37.155796445649244],[-73.35966965247844,-37.3218502176219],[-73.58405014564251,-37.277717984955885],[-73.69026657630657,-37.36710397128401],[-73.67253586341594,-37.500854886811354]]]]},"properties":{"NAME":"Andean hunter-gatherers","SUBJECTO":"Andean hunter-gatherers","PARTOF":"Andean hunter-gatherers"}},
{"type":"Feature","geometry":{"type":"Polygon","coordinates":[[[-69.280519632648,-4.51885058784832],[-69.96066676033594,-6.179131814928444],[-69.04501111905242,-8.235853806057],[-64.1940629085568,-14.694582386569342],[-60.26760598730509,-13.809999263181787],[-53.123378851919725,-14.275041705614404],[-46.280890913956334,-3.552810001275475],[-49.06606977620206,-4.743578120004467],[-54.16333633581491,-4.626791146196514],[-56.33113935542037,-4.334740468715777],[-57.34568467686424,-3.35007637362392],[-58.92322145171103,-3.652157883700966],[-59.29796160304153,-2.652850813486317],[-58.421773108119865,-2.305681787196602],[-57.97163893782451,-0.589157846288572],[-55.80383591821904,0.875529465609527],[-55.8624251890192,1.695565793857857],[-58.55753164582598,3.977596077854006],[-62.65878060183632,4.152921580887431],[-66.40849393304576,3.041936481420927],[-69.5260850193759,-4.255744816354134],[-69.280519632648,-4.51885058784832]]]},"properties":{"NAME":"Amazon hunter-gatherers","SUBJECTO":"Amazon hunter-gatherers","PARTOF":"Amazon hunter-gatherers"}},
{"type":"Feature","geometry":{"type":"Polygon","coordinates":[[[119.916613,-32.180435],[120.06567,-32.340735],[120.230338,-32.553784],[120.312095,-32.653447],[120.405981,-32.775557],[120.460871,-32.87702],[120.537713,-32.969157],[120.581625,-33.051999],[120.713351,-33.17152],[121.404776,-33.115188],[122.754834,-33.391263],[122.799511,-33.164512],[122.832563,-33.035414],[122.909677,-32.758142],[122.931749,-32.489288],[122.920766,-32.368504],[122.997872,-32.098498],[123.108011,-31.752857],[123.185113,-31.462272],[123.383313,-30.991704],[123.251243,-30.953939],[123.119174,-30.916159],[122.965094,-30.87836],[122.667937,-30.82162],[122.260738,-30.6986],[121.83145,-30.878161],[121.38015,-31.019653],[121.215024,-31.113891],[120.961832,-31.245661],[120.697618,-31.405428],[120.422362,-31.639915],[120.169103,-31.892512],[120.058983,-32.013889],[119.916613,-32.180435]]]},"properties":{"NAME":"Kalaako/Malpa","SUBJECTO":"Kalaako/Malpa","PARTOF":"Kalaako/Malpa"}},
{"type":"Feature","geometry":{"type":"Polygon","coordinates":[[[128.18139174888873,-15.249349988740065],[128.08187667318947,-15.35935034726468],[128.067624,-15.416614],[128.018188,-15.511912],[128.089599,-15.54896],[128.16101,-15.570127],[128.452148,-15.575419],[128.474121,-15.42191],[128.463134,-15.315975],[128.463134,-15.241789],[128.562011,-15.156973],[128.765256,-15.093339],[129.248657,-15.358356],[129.594726,-15.358356],[129.81445,-15.315975],[129.869384,-15.284185],[129.693162912508,-15.09048741156292],[129.63227370689654,-15.27802983645735],[129.1964216561153,-14.992895520966627],[128.45885756920123,-14.886408246796705],[128.18139174888873,-15.249349988740065]]]},"properties":{"NAME":"Kadjerong","SUBJECTO":"Kadjerong","PARTOF":"Kadjerong"}},
{"type":"Feature","geometry":{"type":"Polygon","coordinates":[[[151.2595566318519,-34.009754865687235],[151.31200116331465,-33.765448],[151.105957,-33.760882],[150.99884,-33.728908],[150.883483,-33.943359],[151.056518,-33.966142],[151.2595566318519,-34.009754865687235]]]},"properties":{"NAME":"Eora","SUBJECTO":"Eora","PARTOF":"Eora"}},
{"type":"Feature","geometry":{"type":"Polygon","coordinates":[[[125.650634,-18.114529],[125.491333,-18.307595],[125.496826,-18.417078],[125.590209,-18.646245],[125.919799,-18.953051],[126.227416,-18.958246],[126.419677,-18.911483],[126.765747,-18.729501],[126.77124,-18.604601],[126.776733,-18.437924],[126.727294,-18.281518],[126.567993,-18.145851],[126.309814,-18.072756],[125.925292,-18.046644],[125.744018,-18.046644],[125.650634,-18.114529]]]},"properties":{"NAME":"Gooniyandi","SUBJECTO":"Gooniyandi","PARTOF":"Gooniyandi"}},
{"type":"Feature","geometry":{"type":"Polygon","coordinates":[[[115.894775,-22.568366],[116.004639,-22.781246],[116.482544,-23.029187],[116.790161,-22.968509],[116.878052,-22.796439],[116.878052,-22.684984],[116.861572,-22.60894],[116.784668,-22.47703],[116.411133,-22.324671],[116.07605,-22.370396],[115.944214,-22.512557],[115.894775,-22.568366]]]},"properties":{"NAME":"Pinikura","SUBJECTO":"Pinikura","PARTOF":"Pinikura"}},
{"type":"Feature","geometry":{"type":"Polygon","coordinates":[[[128.01755813072467,-15.020859159272291],[127.96878560110463,-14.739066362538406],[127.699584,-15.119855],[127.628173,-15.342464],[127.628173,-15.480151],[127.710571,-15.586001],[127.880859,-15.554252],[128.067624,-15.4325],[128.08561017582701,-15.355223468741034],[128.06614211509967,-15.376742757599928],[127.9848738045528,-15.287912763398268],[128.01755813072467,-15.020859159272291]]]},"properties":{"NAME":"Yiiji","SUBJECTO":"Yiiji","PARTOF":"Yiiji"}},
{"type":"Feature","geometry":{"type":"Polygon","coordinates":[[[138.96274856041217,-16.993572629731275],[138.2810037697996,-16.850312875897313],[138.183288,-17.075164],[138.100891,-17.345395],[138.067932,-17.476432],[138.051452,-17.589048],[138.257446,-17.722526],[138.339843,-17.85329],[138.372802,-17.989182],[138.625488,-17.973508],[138.971557,-17.942154],[139.290161,-17.973508],[139.378051,-17.780074],[139.510153745982,-17.589837545738202],[139.17309096763873,-17.355503476899244],[139.07531264732623,-17.075981534760572],[138.96274856041217,-16.993572629731275]]]},"properties":{"NAME":"Ganggalida","SUBJECTO":"Ganggalida","PARTOF":"Ganggalida"}},
{"type":"Feature","geometry":{"type":"Polygon","coordinates":[[[143.4735212654903,-13.665407575409986],[143.45367608934242,-13.343424948591842],[143.434753,-13.344192],[143.374328,-13.344192],[143.346862,-13.34152],[143.352355,-13.432366],[143.335876,-13.672675],[143.311157,-13.848747],[143.4375,-13.806075],[143.50104806215634,-13.784585205824436],[143.4735212654903,-13.665407575409986]]]},"properties":{"NAME":"Umpila","SUBJECTO":"Umpila","PARTOF":"Umpila"}},
{"type":"Feature","geometry":{"type":"Polygon","coordinates":[[[116.77440932701374,-20.785517133515455],[116.41879561851765,-20.83712235812483],[116.20099304861486,-20.94963361427321],[116.383667,-21.248422],[116.61438,-21.407048],[116.790161,-21.427503],[117.070313,-21.299611],[117.092285,-21.130622],[117.059326,-20.971699],[116.976929,-20.884475],[116.8210671475695,-20.784471196307972],[116.77440932701374,-20.785517133515455]]]},"properties":{"NAME":"Martuthunira","SUBJECTO":"Martuthunira","PARTOF":"Martuthunira"}},
{"type":"Feature","geometry":{"type":"Polygon","coordinates":[[[141.84760573814654,-12.842509664338209],[142.02301,-12.910875],[142.094421,-12.862682],[142.130126,-12.838581],[142.12738,-12.742158],[142.124633,-12.656417],[142.124633,-12.551882],[142.116394,-12.517028],[142.066955,-12.495576],[141.992797,-12.503621],[141.924133,-12.525071],[141.81588575346865,-12.601909974296172],[141.84760573814654,-12.842509664338209]]]},"properties":{"NAME":"Awngthim","SUBJECTO":"Awngthim","PARTOF":"Awngthim"}},
{"type":"Feature","geometry":{"type":"Polygon","coordinates":[[[137.296142,-29.554345],[136.653442,-29.792984],[136.972045,-30.035811],[137.334594,-30.415519],[137.598266,-31.001154],[137.576293,-31.189308],[137.686157,-31.311408],[138.081665,-31.536408],[138.279418,-31.583215],[138.466186,-31.648705],[138.630981,-31.728167],[138.598022,-31.578535],[138.532104,-31.395846],[138.477172,-31.165809],[138.504638,-30.765439],[138.955078,-30.259067],[139.246215,-29.792984],[139.421997,-29.678508],[139.520874,-29.487424],[139.125366,-29.501768],[138.587036,-29.501768],[138.2135,-29.51133],[137.296142,-29.554345]]]},"properties":{"NAME":"Kuyani","SUBJECTO":"Kuyani","PARTOF":"Kuyani"}},
{"type":"Feature","geometry":{"type":"Polygon","coordinates":[[[118.504028,-23.629427],[118.575439,-23.498514],[117.592163,-22.897683],[117.498779,-22.811631],[117.454834,-22.73059],[117.240601,-22.720457],[117.15271,-22.745789],[116.982422,-22.796439],[116.982422,-22.882501],[116.982422,-22.933101],[117.202148,-23.20601],[117.185669,-23.352343],[117.180176,-23.513626],[117.147217,-23.619362],[117.081299,-23.895883],[117.608643,-23.961156],[117.883301,-24.031414],[118.504028,-23.629427]]]},"properties":{"NAME":"Yinhawangka","SUBJECTO":"Yinhawangka","PARTOF":"Yinhawangka"}},
{"type":"Feature","geometry":{"type":"Polygon","coordinates":[[[143.778076,-25.463114],[143.569335,-25.383735],[142.712402,-26.441065],[142.163085,-26.362342],[142.020263,-26.608174],[141.954345,-26.87308],[141.899414,-27.02977],[141.437988,-27.352252],[141.558837,-27.508271],[141.624755,-27.761329],[141.899414,-28.159189],[142.086181,-28.401064],[142.311401,-28.536274],[142.415771,-28.420391],[142.514648,-28.265682],[143.031005,-28.05259],[143.547363,-27.974997],[143.73413,-27.887639],[143.657226,-27.771051],[143.558349,-27.479034],[143.536376,-26.696545],[143.591308,-26.608174],[143.602294,-26.391869],[143.690185,-26.165298],[143.778076,-25.463114]]]},"properties":{"NAME":"Wangkumara","SUBJECTO":"Wangkumara","PARTOF":"Wangkumara"}},
{"type":"Feature","geometry":{"type":"Polygon","coordinates":[[[144.201049,-34.1209],[144.107666,-34.189085],[143.882446,-34.307143],[143.800048,-34.415973],[143.849487,-34.691944],[143.931884,-34.809293],[144.036254,-34.827332],[144.135131,-34.818313],[144.569091,-34.68291],[144.70642,-34.68291],[144.788818,-34.68291],[144.755859,-34.615126],[144.766845,-34.170908],[144.816284,-34.0299],[144.799804,-33.943359],[144.536132,-34.09361],[144.39331,-34.148181],[144.201049,-34.1209]]]},"properties":{"NAME":"Nari Nari","SUBJECTO":"Nari Nari","PARTOF":"Nari Nari"}},
{"type":"Feature","geometry":{"type":"Polygon","coordinates":[[[134.362792,-17.85329],[134.560546,-17.968282],[135.076904,-18.156291],[135.692138,-18.469188],[136.395263,-18.771115],[137.263183,-18.521283],[137.351074,-18.417078],[137.175292,-18.32324],[136.867675,-18.114529],[136.636962,-18.051867],[136.362304,-17.957832],[135.802001,-17.685895],[135.527343,-17.644022],[135.186767,-17.644022],[134.967041,-17.644022],[134.615478,-17.696361],[134.362792,-17.85329]]]},"properties":{"NAME":"Wambaya","SUBJECTO":"Wambaya","PARTOF":"Wambaya"}},
{"type":"Feature","geometry":{"type":"Polygon","coordinates":[[[146.107177,-29.954934],[146.206054,-30.107117],[146.854248,-30.590637],[147.08496,-31.231591],[147.106933,-31.559814],[147.128906,-31.728167],[147.513427,-31.793555],[148.73291,-31.840232],[149.128417,-31.933516],[149.326171,-31.512995],[149.315185,-31.099981],[148.392333,-30.097613],[148.084716,-29.97397],[147.557373,-30.021543],[147.008056,-29.954934],[146.678466,-29.926374],[146.107177,-29.954934]]]},"properties":{"NAME":"Wailwan","SUBJECTO":"Wailwan","PARTOF":"Wailwan"}},
{"type":"Feature","geometry":{"type":"Polygon","coordinates":[[[152.93955520103717,-30.69940034274397],[152.964982564571,-30.623136496684932],[152.874755,-30.609549],[152.649536,-30.55753],[152.369384,-30.50075],[152.111206,-30.443937],[152.050781,-30.524413],[152.006835,-30.628458],[151.853027,-30.765439],[151.726684,-30.935212],[151.622314,-31.114091],[152.638549,-31.325486],[152.803344,-31.283245],[152.981602419585,-31.297233738585856],[153.00107863853717,-31.05550614718733],[152.93955520103717,-30.69940034274397]]]},"properties":{"NAME":"Dainggatti","SUBJECTO":"Dainggatti","PARTOF":"Dainggatti"}},
{"type":"Feature","geometry":{"type":"Polygon","coordinates":[[[138.328857,-23.674712],[138.581542,-23.634459],[138.405761,-23.5237],[138.262939,-22.674847],[138.581542,-22.116177],[138.383789,-21.953235],[138.065185,-21.841104],[137.944335,-21.728885],[137.69165,-21.637005],[137.296142,-21.637005],[136.988525,-21.647217],[136.966552,-21.779905],[136.966552,-22.258596],[136.900634,-22.543],[136.966552,-22.887562],[137.186279,-23.342255],[137.977294,-23.654587],[138.328857,-23.674712]]]},"properties":{"NAME":"Andegerebenha","SUBJECTO":"Andegerebenha","PARTOF":"Andegerebenha"}},
{"type":"Feature","geometry":{"type":"Polygon","coordinates":[[[122.53744368398276,-16.92315705694575],[122.1288763581068,-17.352761724804484],[122.159729,-17.389958],[122.65686,-17.3952],[122.816162,-17.366367],[122.827148,-17.32442],[122.838134,-17.256236],[122.862854,-17.188026],[122.923278,-17.111917],[122.895812,-17.038403],[122.862854,-17.025272],[122.643127,-16.985875],[122.557983,-16.943842],[122.53744368398276,-16.92315705694575]]]},"properties":{"NAME":"Jabirrjabirr","SUBJECTO":"Jabirrjabirr","PARTOF":"Jabirrjabirr"}},
{"type":"Feature","geometry":{"type":"Polygon","coordinates":[[[118.465576,-28.396233],[119.20166,-28.642389],[119.520264,-28.806174],[119.685059,-29.00814],[120.113525,-28.921631],[120.882568,-28.88316],[121.706543,-28.921631],[122.365723,-28.806174],[122.266846,-28.584522],[121.959229,-28.15919],[121.80542,-27.9847],[121.755981,-27.907058],[121.613159,-27.790491],[121.49231,-27.649472],[121.322021,-27.527758],[121.179199,-27.532629],[120.975952,-27.532629],[120.866089,-27.5375],[120.217896,-27.352253],[119.32251,-27.283926],[118.833618,-28.042895],[118.646851,-28.14466],[118.465576,-28.396233]]]},"properties":{"NAME":"Kuwarra","SUBJECTO":"Kuwarra","PARTOF":"Kuwarra"}},
{"type":"Feature","geometry":{"type":"Polygon","coordinates":[[[113.66741469810749,-23.780147947114088],[114.44458,-24.021379],[114.631348,-23.765237],[114.702759,-23.493477],[114.708252,-23.200961],[114.730225,-23.054462],[114.77417,-22.928042],[114.796143,-22.82682],[114.75769,-22.771117],[113.774414,-22.857195],[113.74328468116462,-23.248402729344676],[113.66741469810749,-23.780147947114088]]]},"properties":{"NAME":"Payungu","SUBJECTO":"Payungu","PARTOF":"Payungu"}},
{"type":"Feature","geometry":{"type":"Polygon","coordinates":[[[137.197265,-18.437924],[136.516113,-18.542116],[136.120605,-18.895892],[135.681152,-19.880391],[135.692138,-20.148784],[136.087646,-20.704738],[136.658935,-20.848545],[137.24121,-20.951179],[138.405761,-20.488773],[138.933105,-20.437307],[138.801269,-20.097206],[138.537597,-19.870059],[137.537841,-19.611543],[137.702636,-19.103648],[137.845458,-18.781516],[137.911376,-18.500447],[137.680664,-18.375379],[137.24121,-18.427501],[137.197265,-18.437924]]]},"properties":{"NAME":"Wakaya","SUBJECTO":"Wakaya","PARTOF":"Wakaya"}},
{"type":"Feature","geometry":{"type":"Polygon","coordinates":[[[143.410034,-33.660353],[143.223266,-33.742612],[142.976074,-33.888657],[142.877197,-33.952473],[142.805786,-34.034452],[142.904663,-34.148181],[143.036499,-34.220886],[143.173828,-34.347971],[143.272705,-34.429567],[143.330383,-34.488447],[143.388061,-34.569906],[143.388061,-34.619647],[143.388061,-34.669358],[143.464965,-34.725812],[143.706665,-34.748383],[143.890686,-34.825077],[144.014282,-34.854382],[143.920898,-34.710009],[143.8385,-34.524661],[143.942871,-34.325291],[144.179077,-34.179997],[144.173583,-34.052659],[143.794555,-33.783713],[143.591308,-33.669496],[143.481445,-33.628341],[143.410034,-33.660353]]]},"properties":{"NAME":"Madi Madi","SUBJECTO":"Madi Madi","PARTOF":"Madi Madi"}},
{"type":"Feature","geometry":{"type":"Polygon","coordinates":[[[145.601806,-28.955282],[145.48645,-28.839861],[145.277709,-29.056169],[145.063476,-29.310351],[144.997558,-29.692824],[144.981079,-30.059585],[144.997558,-30.297017],[145.162353,-30.353916],[145.398559,-30.311245],[145.596313,-30.164126],[145.67871,-29.954934],[145.794067,-29.745301],[145.79956,-29.540008],[145.744628,-29.286398],[145.67871,-29.070574],[145.601806,-28.955282]]]},"properties":{"NAME":"Gunu","SUBJECTO":"Gunu","PARTOF":"Gunu"}},
{"type":"Feature","geometry":{"type":"Polygon","coordinates":[[[113.66741469810749,-23.780147947114088],[113.373413,-24.263811277431273],[113.565674,-24.791722],[113.68103,-24.83161],[114.125977,-24.746831],[114.483032,-24.791722],[114.938965,-24.97112],[115.076294,-25.045792],[115.158691,-25.050769],[115.3125,-24.806681],[115.257568,-24.487149],[114.867554,-24.106647],[114.631348,-23.99629],[114.263306,-23.931034],[113.66741469810749,-23.780147947114088]]]},"properties":{"NAME":"Maya","SUBJECTO":"Maya","PARTOF":"Maya"}},
{"type":"Feature","geometry":{"type":"Polygon","coordinates":[[[153.05732174354836,-27.101782023563192],[153.06907180259967,-26.227749265473463],[152.97153432024214,-25.874234578739877],[152.693481,-26.017297],[152.633056,-25.587039],[152.72241948717397,-25.411068103274093],[152.48574355552935,-25.31320420626936],[152.39725183221648,-24.97102352649552],[152.089233,-25.095548],[151.798095,-25.135339],[151.776123,-25.239727],[151.847534,-25.557309],[151.847534,-25.789999],[152.028808,-26.258936],[152.435302,-26.735799],[152.698974,-26.946556],[152.852783,-27.010196],[153.001098,-27.083582],[153.05732174354836,-27.101782023563192]]]},"properties":{"NAME":"Dyungungoo (Gubbi Gubbi)","SUBJECTO":"Dyungungoo (Gubbi Gubbi)","PARTOF":"Dyungungoo (Gubbi Gubbi)"}},
{"type":"Feature","geometry":{"type":"Polygon","coordinates":[[[133.637695,-13.410994],[132.978512,-13.304102],[132.258911,-13.084828],[132.182006,-13.191816],[132.209472,-13.239945],[132.264404,-13.266679],[132.676391,-13.384275],[132.621456,-13.576581],[132.198486,-13.68335],[132.099606,-13.720708],[132.044677,-13.795406],[132.110593,-14.599531],[132.929077,-14.74301],[133.632202,-13.555221],[133.637695,-13.410994]]]},"properties":{"NAME":"Jawoyn","SUBJECTO":"Jawoyn","PARTOF":"Jawoyn"}},
{"type":"Feature","geometry":{"type":"Polygon","coordinates":[[[138.361816,-17.94738],[138.262939,-18.31281],[138.10913,-18.521283],[138.010253,-18.719097],[138.603515,-18.927072],[138.900146,-19.082884],[139.130859,-19.207428],[139.383544,-19.051733],[139.416503,-18.062312],[139.339599,-17.874203],[138.790283,-17.957832],[138.416748,-17.884659],[138.361816,-17.94738]]]},"properties":{"NAME":"Nguburinji","SUBJECTO":"Nguburinji","PARTOF":"Nguburinji"}},
{"type":"Feature","geometry":{"type":"Polygon","coordinates":[[[132.165527,-19.37334],[132.72583,-20.416716],[132.857666,-20.612219],[132.989499,-20.766386],[133.099365,-20.951179],[134.0332,-20.848545],[135.065917,-20.117839],[135.439453,-20.055931],[135.74707,-20.014645],[136.40625,-18.823116],[136.16455,-18.615013],[135.263671,-18.030974],[134.780273,-17.968282],[134.230957,-17.936928],[133.494873,-18.030974],[133.374023,-18.448346],[133.747558,-18.85431],[133.483886,-19.124409],[132.978512,-19.269665],[132.473143,-19.311143],[132.165527,-19.37334]]]},"properties":{"NAME":"Warumungu","SUBJECTO":"Warumungu","PARTOF":"Warumungu"}},
{"type":"Feature","geometry":{"type":"Polygon","coordinates":[[[131.050412,-23.699864],[130.935058,-24.236947],[130.825195,-24.437147],[130.588989,-24.652009],[130.534055,-24.776759],[130.69885,-24.84158],[130.847167,-24.881453],[131.061399,-25.209911],[131.050412,-25.398622],[131.033935,-25.5127],[131.209713,-25.596948],[131.500854,-25.700937],[131.934812,-25.878994],[132.62695,-26.194876],[132.923583,-26.470573],[133.121337,-26.441065],[133.319088,-26.313112],[133.813476,-26.115985],[134.01123,-25.987674],[133.121337,-24.577099],[132.385253,-23.976214],[132.12158,-23.412847],[132.341308,-23.089838],[132.286374,-22.978623],[131.660156,-22.978623],[131.286621,-22.948276],[131.066893,-22.998851],[131.050412,-23.699864]]]},"properties":{"NAME":"Luritja","SUBJECTO":"Luritja","PARTOF":"Luritja"}},
{"type":"Feature","geometry":{"type":"Polygon","coordinates":[[[143.241157,-36.908867],[143.225947,-36.917811],[143.222945,-36.935118],[143.259424,-37.016924],[143.224427,-37.044414],[143.250592,-37.05872],[143.279678,-37.067586],[143.287842,-37.086306],[143.3196,-37.081084],[143.347466,-37.129043],[143.302158,-37.170811],[143.306157,-37.191739],[143.307496,-37.214068],[143.303778,-37.235048],[143.319412,-37.251197],[143.308156,-37.296272],[143.961434,-37.478458],[144.202422,-37.447612],[144.302643,-37.412955],[144.359092,-37.414446],[144.405035,-37.429843],[144.419246,-37.214975],[144.434369,-37.185045],[144.47485,-37.16382],[144.473132,-37.144029],[144.494562,-37.121716],[144.509543,-37.087375],[144.549188,-37.054889],[144.525857,-36.643459],[144.611212,-36.542316],[144.641296,-36.464598],[144.719081,-36.356075],[144.573507,-36.198551],[144.188081,-36.189758],[144.12748,-36.141798],[144.070856,-36.128331],[144.00694,-36.129587],[144.004699,-36.111909],[143.930181,-36.113434],[143.901935,-36.108359],[143.845678,-36.108473],[143.757046,-36.101733],[143.368013,-36.164208],[143.158676,-36.213202],[142.959268,-36.258235],[142.959007,-36.318769],[142.966352,-36.325478],[142.979539,-36.330474],[142.987842,-36.355983],[142.978176,-36.370305],[142.910256,-36.482807],[142.850273,-36.581776],[143.241157,-36.908867]]]},"properties":{"NAME":"Dja Dja Wurrung","SUBJECTO":"Dja Dja Wurrung","PARTOF":"Dja Dja Wurrung"}},
{"type":"Feature","geometry":{"type":"Polygon","coordinates":[[[135.856933,-19.952696],[135.351562,-19.952696],[134.846191,-20.055931],[134.055174,-20.612219],[133.571777,-20.776659],[132.824705,-20.776659],[132.956542,-21.043491],[132.978512,-21.514406],[132.912597,-21.902277],[133.02246,-22.126354],[133.681637,-22.207749],[134.099121,-22.390713],[134.538574,-22.573438],[135.021972,-21.881889],[136.252441,-20.776659],[136.032714,-20.571081],[135.856933,-19.952696]]]},"properties":{"NAME":"Kaytej","SUBJECTO":"Kaytej","PARTOF":"Kaytej"}},
{"type":"Feature","geometry":{"type":"Polygon","coordinates":[[[117.74103439727651,-35.21994455438074],[118.20707992027546,-35.090340055268385],[118.67277053306843,-34.605842984955885],[119.00806548507641,-34.6147762996628],[119.031372,-34.492975],[118.652344,-34.252676],[116.520996,-34.329828],[116.570435,-34.827332],[116.411133,-35.083956],[117.74103439727651,-35.21994455438074]]]},"properties":{"NAME":"Minang","SUBJECTO":"Minang","PARTOF":"Minang"}},
{"type":"Feature","geometry":{"type":"Polygon","coordinates":[[[113.8964788126402,-25.590076929474836],[113.06012978169673,-26.116165003410305],[113.598633,-26.760326],[113.796387,-26.819169],[114.109497,-26.622908],[114.307251,-26.55905],[114.570923,-26.485324],[114.807129,-26.426309],[114.812622,-25.780107],[114.647827,-25.720735],[114.158936,-25.735581],[113.977661,-25.65143],[113.8964788126402,-25.590076929474836]]]},"properties":{"NAME":"Malkana","SUBJECTO":"Malkana","PARTOF":"Malkana"}},
{"type":"Feature","geometry":{"type":"Polygon","coordinates":[[[141.71129897545123,-15.226692594330885],[141.64184371630634,-15.33626286169445],[141.654968,-15.337167],[141.745605,-15.347761],[141.775817,-15.286834],[141.775817,-15.228539],[141.731872,-15.212638],[141.70587105310693,-15.209136877603104],[141.71129897545123,-15.226692594330885]]]},"properties":{"NAME":"Yir Yoront","SUBJECTO":"Yir Yoront","PARTOF":"Yir Yoront"}},
{"type":"Feature","geometry":{"type":"Polygon","coordinates":[[[122.22805979526163,-18.143873215772317],[122.22443278319372,-18.183419174019004],[122.308044,-18.072756],[122.22805979526163,-18.143873215772317]]]},"properties":{"NAME":"Yawuru","SUBJECTO":"Yawuru","PARTOF":"Yawuru"}},
{"type":"Feature","geometry":{"type":"Polygon","coordinates":[[[138.131103,-25.997549],[137.977294,-26.032106],[138.015747,-26.342652],[138.076171,-26.480407],[138.323364,-26.426308],[138.894653,-26.421389],[138.949584,-26.342652],[138.927612,-26.101187],[138.927612,-25.987674],[138.911132,-25.903703],[138.630981,-25.918526],[138.400268,-25.928407],[138.191528,-25.948166],[138.131103,-25.997549]]]},"properties":{"NAME":"Karangura","SUBJECTO":"Karangura","PARTOF":"Karangura"}},
{"type":"Feature","geometry":{"type":"Polygon","coordinates":[[[117.559204,-33.774581],[116.213379,-33.947917],[117.564697,-34.207259],[117.559204,-33.774581]]]},"properties":{"NAME":"Kaniyang","SUBJECTO":"Kaniyang","PARTOF":"Kaniyang"}},
{"type":"Feature","geometry":{"type":"Polygon","coordinates":[[[139.163818,-34.732584],[139.141845,-35.003003],[139.064941,-35.137879],[139.30664,-35.173808],[139.537353,-35.218697],[139.822998,-34.669358],[141.108398,-34.597041],[141.25122,-34.642247],[141.328125,-34.777715],[141.448974,-34.831841],[141.635742,-34.705493],[141.811523,-34.452218],[142.03125,-34.025347],[142.086181,-33.906895],[142.009277,-33.852169],[141.514892,-33.687781],[141.020507,-33.458942],[140.800781,-33.385586],[140.317382,-33.293802],[139.51538,-33.468107],[139.207763,-33.632915],[139.075927,-33.669496],[139.0979,-34.343436],[139.163818,-34.732584]]]},"properties":{"NAME":"Meru","SUBJECTO":"Meru","PARTOF":"Meru"}},
{"type":"Feature","geometry":{"type":"Polygon","coordinates":[[[146.398315,-20.344626],[146.085205,-20.31372],[145.689697,-20.427012],[145.524902,-20.509354],[145.426025,-20.663626],[145.415039,-21.545066],[145.513916,-21.698265],[145.947875,-21.642111],[146.348876,-21.591042],[146.607055,-21.601258],[146.585083,-21.519517],[146.568603,-21.361013],[146.541137,-20.925527],[146.574096,-20.694461],[146.848754,-20.643065],[146.958618,-20.504209],[146.398315,-20.344626]]]},"properties":{"NAME":"Yilba","SUBJECTO":"Yilba","PARTOF":"Yilba"}},
{"type":"Feature","geometry":{"type":"Polygon","coordinates":[[[129.512329,-15.977172],[129.353027,-16.177748],[129.259643,-16.330682],[129.23767,-16.546696],[129.193725,-16.69934],[129.23767,-16.836089],[130.220947,-17.172282],[130.33081,-17.093541],[130.682373,-16.694078],[130.957031,-16.441353],[130.968017,-16.362309],[130.902099,-16.262139],[130.869137,-16.103874],[130.709837,-16.051092],[130.484619,-15.961329],[130.446166,-15.80811],[130.446166,-15.660064],[130.418701,-15.52779],[130.358274,-15.448385],[130.286865,-15.395431],[130.034179,-15.570127],[129.786987,-15.739388],[129.512329,-15.977172]]]},"properties":{"NAME":"Ngarinman","SUBJECTO":"Ngarinman","PARTOF":"Ngarinman"}},
{"type":"Feature","geometry":{"type":"Polygon","coordinates":[[[140.51484533327277,-25.928896834121886],[140.427246,-26.07652],[140.344848,-26.263862],[140.223999,-26.460738],[140.086669,-26.814266],[139.993286,-27.161807],[139.938354,-27.396155],[139.960327,-27.542371],[140.169067,-27.591066],[140.262451,-27.595934],[140.690917,-27.737022],[141.361083,-27.522886],[141.492919,-27.425414],[141.674194,-27.347373],[141.838989,-27.215556],[141.921386,-27.039556],[141.954345,-26.912273],[141.860961,-26.76523],[141.416015,-26.40663],[141.190795,-26.263862],[141.020507,-26.135713],[140.784301,-26.002487],[140.586547,-25.943226],[140.51484533327277,-25.928896834121886]]]},"properties":{"NAME":"Yawarawarka","SUBJECTO":"Yawarawarka","PARTOF":"Yawarawarka"}},
{"type":"Feature","geometry":{"type":"Polygon","coordinates":[[[122.18199477444101,-17.917591268201893],[122.21255686736647,-18.04935504949987],[122.247619,-18.059701],[122.689819,-17.916022],[122.700805,-17.821915],[122.75299,-17.714677],[122.299804,-17.740838],[122.192687,-17.764381],[122.156982,-17.790535],[122.18199477444101,-17.917591268201893]]]},"properties":{"NAME":"Jukun","SUBJECTO":"Jukun","PARTOF":"Jukun"}},
{"type":"Feature","geometry":{"type":"Polygon","coordinates":[[[134.40871718834185,-12.121143735688307],[134.398498,-12.134662],[134.456176,-12.134662],[134.513854,-12.13332],[134.604492,-12.109151],[134.6078362047793,-12.05764245360416],[134.59479812095904,-12.057175077241041],[134.40871718834185,-12.121143735688307]]]},"properties":{"NAME":"Nakara","SUBJECTO":"Nakara","PARTOF":"Nakara"}},
{"type":"Feature","geometry":{"type":"Polygon","coordinates":[[[134.873657,-14.610162],[134.752807,-14.758947],[134.86267,-14.870469],[134.873657,-15.135764],[134.967041,-15.241789],[135.225219,-15.337167],[135.401,-15.83982],[135.516357,-15.82925],[135.697631,-15.723526],[135.823974,-15.448385],[135.94482510663988,-15.359255389268563],[135.027465,-14.445319],[134.873657,-14.610162]]]},"properties":{"NAME":"Mara","SUBJECTO":"Mara","PARTOF":"Mara"}},
{"type":"Feature","geometry":{"type":"Polygon","coordinates":[[[130.0855360359981,-13.592476285737135],[129.86139302196594,-13.715128495474543],[129.946289,-13.712703],[130.036926,-13.670007],[130.091857,-13.699361],[130.11383,-13.85408],[130.168759,-13.894077],[130.248413,-13.878079],[130.284118,-13.643317],[130.212707,-13.603278],[130.19087070088815,-13.497752313631134],[130.0855360359981,-13.592476285737135]]]},"properties":{"NAME":"Maranunggu","SUBJECTO":"Maranunggu","PARTOF":"Maranunggu"}},
{"type":"Feature","geometry":{"type":"Polygon","coordinates":[[[145.316162,-26.421389],[145.810546,-26.293415],[146.568603,-25.631621],[146.78833,-24.906367],[146.733398,-24.756808],[146.694946,-24.302046],[145.832519,-24.427145],[145.755615,-24.567108],[145.67871,-24.547123],[145.634765,-24.736853],[145.272216,-24.916331],[145.096435,-24.836595],[144.920654,-24.676969],[144.569091,-24.567108],[144.470214,-24.746831],[144.107666,-25.035838],[143.712158,-25.314235],[143.657226,-25.562265],[143.64624,-25.809781],[143.426513,-26.627818],[143.635253,-26.667095],[144.371337,-26.647458],[144.909667,-26.539394],[145.316162,-26.421389]]]},"properties":{"NAME":"Dharawala","SUBJECTO":"Dharawala","PARTOF":"Dharawala"}},
{"type":"Feature","geometry":{"type":"Polygon","coordinates":[[[116.433105,-23.976215],[116.345215,-24.462151],[116.383667,-24.642024],[116.889038,-24.482149],[116.993408,-24.16179],[117.504272,-24.061512],[117.729492,-23.986253],[117.729492,-23.855698],[117.641602,-23.830576],[117.498781,-23.725012],[117.279055,-23.679744],[117.031862,-23.563987],[116.691288,-23.397724],[116.279301,-23.211058],[115.977175,-23.01402],[115.735476,-22.902743],[115.697021,-23.251441],[115.823364,-23.699865],[115.768433,-23.835601],[115.894775,-23.855698],[116.273804,-23.875792],[116.433105,-23.976215]]]},"properties":{"NAME":"Thiin","SUBJECTO":"Thiin","PARTOF":"Thiin"}},
{"type":"Feature","geometry":{"type":"Polygon","coordinates":[[[128.045654,-15.644196],[127.820434,-15.866241],[127.864379,-15.961329],[128.430174,-16.040534],[128.627929,-16.114429],[128.82019,-16.156644],[129.171752,-16.235772],[129.325561,-16.314867],[129.435424,-16.140815],[129.803463,-15.760536],[130.012205,-15.644196],[130.166012,-15.511912],[130.133056,-15.437795],[129.91333,-15.411319],[129.885864,-15.342464],[129.81445,-15.252389],[129.715576,-15.289483],[129.281616,-15.294782],[128.781737,-15.082731],[128.474121,-15.167577],[128.452148,-15.331869],[128.441161,-15.490738],[128.144531,-15.559544],[128.045654,-15.644196]]]},"properties":{"NAME":"Doolboong/Miriwoong","SUBJECTO":"Doolboong/Miriwoong","PARTOF":"Doolboong/Miriwoong"}},
{"type":"Feature","geometry":{"type":"Polygon","coordinates":[[[129.034423,-18.010079],[129.144286,-18.916679],[128.858642,-19.165924],[128.71582,-19.300774],[130.495605,-20.550508],[130.396728,-21.002471],[130.133056,-21.207458],[129.979248,-21.677848],[130.726317,-22.796439],[130.946044,-22.867317],[131.264648,-22.968509],[131.462402,-23.008964],[131.781005,-23.008964],[132.12158,-23.029187],[132.231445,-23.029187],[132.033691,-22.745789],[131.879882,-22.553147],[132.06665,-22.004174],[132.901611,-21.963424],[133.077392,-21.677848],[133.099365,-21.207458],[133.000487,-20.879342],[132.824705,-20.210656],[132.528076,-19.81839],[132.451169,-19.55979],[132.198486,-19.155546],[132.055664,-18.947855],[131.594237,-18.562947],[131.231687,-18.30238],[130.946044,-18.104087],[129.891357,-18.31281],[129.265136,-18.32324],[129.034423,-18.010079]]]},"properties":{"NAME":"Warlpiri","SUBJECTO":"Warlpiri","PARTOF":"Warlpiri"}},
{"type":"Feature","geometry":{"type":"Polygon","coordinates":[[[142.954101,-24.487148],[142.954101,-24.557116],[143.173828,-24.836595],[143.470458,-25.115445],[143.723144,-25.344026],[143.909912,-25.234758],[144.118652,-25.095548],[144.470214,-24.836595],[144.656982,-24.647017],[144.93164,-24.806681],[145.14038,-24.916331],[145.415039,-24.916331],[145.667724,-24.746831],[145.722656,-24.47715],[145.415039,-24.287026],[145.173339,-24.066528],[145.019531,-23.8356],[143.613281,-23.704894],[143.261718,-23.8356],[143.085937,-24.136728],[142.954101,-24.487148]]]},"properties":{"NAME":"Kuungkari","SUBJECTO":"Kuungkari","PARTOF":"Kuungkari"}},
{"type":"Feature","geometry":{"type":"Polygon","coordinates":[[[141.965332,-33.998027],[141.866455,-34.089061],[141.921386,-34.189085],[142.141113,-34.234512],[142.316894,-34.606084],[142.492675,-34.714524],[142.679443,-34.714524],[142.899169,-34.642247],[143.10791,-34.560859],[143.349609,-34.443158],[142.998046,-34.143634],[142.767333,-33.906895],[142.602539,-33.742612],[142.415771,-33.706062],[142.229003,-33.751747],[142.053222,-33.870415],[141.965332,-33.998027]]]},"properties":{"NAME":"Kureinji","SUBJECTO":"Kureinji","PARTOF":"Kureinji"}},
{"type":"Feature","geometry":{"type":"Polygon","coordinates":[[[142.893676,-34.610605],[142.976074,-34.705493],[142.948608,-34.831841],[142.970581,-34.845366],[143.009033,-34.863397],[143.184814,-34.768691],[143.366088,-34.719039],[143.393554,-34.637727],[143.393554,-34.515609],[143.289184,-34.452218],[143.146362,-34.488447],[142.943115,-34.587997],[142.893676,-34.610605]]]},"properties":{"NAME":"Dadi Dadi","SUBJECTO":"Dadi Dadi","PARTOF":"Dadi Dadi"}},
{"type":"Feature","geometry":{"type":"Polygon","coordinates":[[[138.2705288048129,-34.57889648966803],[138.56762221763873,-34.92772332553206],[138.53460219810748,-35.29727212313948],[138.4584989665608,-35.48263381363805],[138.521118,-35.438295],[138.581542,-35.335293],[138.652954,-35.173808],[138.713378,-34.994003],[138.790283,-34.85889],[138.790283,-34.687427],[138.746337,-34.606084],[138.691406,-34.488447],[138.54309,-34.082237],[138.414001,-33.529947],[138.356323,-33.337412],[138.323364,-33.298394],[138.1698179369114,-33.324328267206496],[137.993774,-33.468107],[138.114624,-34.252676],[138.2705288048129,-34.57889648966803]]]},"properties":{"NAME":"Kaurna Pangkarra","SUBJECTO":"Kaurna Pangkarra","PARTOF":"Kaurna Pangkarra"}},
{"type":"Feature","geometry":{"type":"Polygon","coordinates":[[[124.881591,-18.479609],[124.749755,-18.677471],[124.760742,-19.103648],[124.969482,-19.590844],[124.991455,-20.04561],[124.870605,-20.25189],[125.0354,-20.282808],[125.595703,-20.354927],[125.925292,-20.40642],[126.134033,-20.40642],[126.397705,-20.427012],[126.540527,-20.282808],[126.75476,-19.673625],[126.77124,-19.466592],[126.815185,-19.264479],[126.831665,-19.134789],[126.848144,-19.093266],[126.776733,-19.062117],[126.44165,-19.067309],[126.342773,-18.958246],[126.221923,-18.927072],[126.057128,-18.927072],[125.875854,-18.85431],[125.546264,-18.427501],[125.45288,-18.417078],[125.310058,-18.484818],[124.881591,-18.479609]]]},"properties":{"NAME":"Walmatjarri","SUBJECTO":"Walmatjarri","PARTOF":"Walmatjarri"}},
{"type":"Feature","geometry":{"type":"Polygon","coordinates":[[[152.929687,-27.059125],[152.852783,-26.941659],[152.556152,-26.779943],[152.06726,-26.229374],[151.929931,-25.888878],[151.880493,-25.527571],[151.781616,-25.120419],[151.561889,-25.020906],[151.347656,-25.095548],[151.067504,-25.398622],[150.946655,-25.542441],[150.880737,-25.65143],[150.831298,-25.710836],[150.9906,-25.834505],[151.375122,-26.224446],[151.512451,-26.657277],[152.138671,-27.215556],[152.237548,-27.220441],[152.369384,-27.196014],[152.506713,-27.205785],[152.737426,-27.332735],[152.797851,-27.29857],[152.841796,-27.186242],[152.929687,-27.059125]]]},"properties":{"NAME":"Waka Waka","SUBJECTO":"Waka Waka","PARTOF":"Waka Waka"}},
{"type":"Feature","geometry":{"type":"Polygon","coordinates":[[[141.55391898424222,-14.88682144543221],[141.65236953209185,-15.036095060151197],[141.708512529426,-15.217680295702927],[141.725006,-15.218601],[141.866455,-14.97132],[142.03125,-14.753635],[142.058715,-14.455958],[141.53048174216536,-14.476011258596959],[141.49385023857567,-14.574538503397578],[141.55391898424222,-14.88682144543221]]]},"properties":{"NAME":"Thaayorre","SUBJECTO":"Thaayorre","PARTOF":"Thaayorre"}},
{"type":"Feature","geometry":{"type":"Polygon","coordinates":[[[116.77440932701374,-20.785517133515455],[116.779175,-20.797201],[116.81169540612015,-20.784681284412475],[116.77440932701374,-20.785517133515455]]]},"properties":{"NAME":"Jaburrara","SUBJECTO":"Jaburrara","PARTOF":"Jaburrara"}},
{"type":"Feature","geometry":{"type":"Polygon","coordinates":[[[120.393677,-32.773418],[120.415649,-32.565333],[120.388184,-32.356763],[120.289307,-32.217449],[119.366455,-31.667408],[118.471069,-31.099982],[118.234863,-30.836215],[117.91626,-31.264466],[117.723999,-31.527044],[117.526245,-31.956823],[117.537231,-32.212801],[117.669067,-32.546813],[118.037109,-32.976412],[120.327759,-32.953367],[120.393677,-32.773418]]]},"properties":{"NAME":"Nyaki-nyaki","SUBJECTO":"Nyaki-nyaki","PARTOF":"Nyaki-nyaki"}},
{"type":"Feature","geometry":{"type":"Polygon","coordinates":[[[144.849243,-35.469617],[144.604797,-35.619349],[144.50592,-35.822267],[144.563598,-35.957999],[144.799804,-36.129001],[145.000305,-36.186658],[145.500183,-36.213255],[145.632019,-36.197741],[145.761108,-36.137874],[145.832519,-36.018003],[145.783081,-35.937988],[145.629272,-35.884599],[145.327148,-35.639441],[145.327148,-35.142371],[145.217285,-35.155845],[145.074462,-35.241132],[144.849243,-35.469617]]]},"properties":{"NAME":"Yorta Yorta","SUBJECTO":"Yorta Yorta","PARTOF":"Yorta Yorta"}},
{"type":"Feature","geometry":{"type":"Polygon","coordinates":[[[149.589843,-35.380092],[149.260253,-35.353216],[148.842773,-35.236646],[148.381347,-35.146862],[147.996826,-35.146862],[147.985839,-35.2815],[147.810058,-35.960222],[147.810058,-36.279707],[147.810058,-36.738884],[147.843017,-36.967449],[147.996826,-37.099002],[148.084716,-37.274052],[148.359375,-37.387617],[148.535156,-37.256566],[149.029541,-37.081475],[149.337158,-37.07271],[149.501953,-37.037639],[149.490966,-35.835628],[149.589843,-35.380092]]]},"properties":{"NAME":"Ngarigo","SUBJECTO":"Ngarigo","PARTOF":"Ngarigo"}},
{"type":"Feature","geometry":{"type":"Polygon","coordinates":[[[146.030273,-27.994401],[145.975341,-27.974997],[145.909423,-28.246327],[145.766601,-28.584521],[145.557861,-28.931246],[145.656738,-29.017748],[145.755615,-29.305561],[145.733642,-29.707139],[145.854492,-29.64032],[146.656494,-29.735762],[146.777343,-29.831113],[146.964111,-29.916852],[147.052001,-29.678508],[147.590332,-29.142566],[147.41455,-28.979312],[146.898193,-28.758028],[146.447753,-28.459033],[146.030273,-27.994401]]]},"properties":{"NAME":"Muruwari","SUBJECTO":"Muruwari","PARTOF":"Muruwari"}},
{"type":"Feature","geometry":{"type":"Polygon","coordinates":[[[117.08811477134968,-20.778484739106275],[116.81161310451738,-20.784683129383104],[116.779175,-20.82801],[116.921997,-20.899871],[116.987915,-20.976828],[117.13623,-21.063997],[117.932739,-21.325198],[118.026123,-21.299611],[117.828369,-20.627643],[117.81429361993523,-20.618859926966778],[117.75520614097859,-20.675350583832838],[117.59692672203327,-20.75833360080061],[117.08811477134968,-20.778484739106275]]]},"properties":{"NAME":"Ngarluma","SUBJECTO":"Ngarluma","PARTOF":"Ngarluma"}},
{"type":"Feature","geometry":{"type":"Polygon","coordinates":[[[142.910156,-19.456233],[142.591552,-19.828725],[142.415771,-20.13847],[142.690429,-20.457896],[142.833251,-20.540221],[142.899169,-20.612219],[143.162841,-20.601936],[143.536376,-20.581367],[144.019775,-20.519644],[144.294433,-20.529933],[144.349365,-20.25189],[144.371337,-19.942369],[144.239501,-19.673625],[144.052734,-19.611543],[143.953857,-19.580493],[143.558349,-19.570142],[142.910156,-19.456233]]]},"properties":{"NAME":"Mbara","SUBJECTO":"Mbara","PARTOF":"Mbara"}},
{"type":"Feature","geometry":{"type":"Polygon","coordinates":[[[153.2027235359981,-29.910084165375807],[153.34187285716314,-29.251465347429548],[152.786865,-29.573457],[152.545166,-29.487424],[152.232055,-29.458731],[151.853027,-29.453948],[151.671752,-29.434813],[151.430053,-29.678508],[151.391601,-29.759608],[151.391601,-29.893043],[151.677246,-30.183121],[151.847534,-30.311245],[152.111206,-30.477082],[152.39685,-30.543338],[152.742919,-30.623731],[152.95082701027255,-30.665593002742312],[153.2027235359981,-29.910084165375807]]]},"properties":{"NAME":"Gumbainggir","SUBJECTO":"Gumbainggir","PARTOF":"Gumbainggir"}},
{"type":"Feature","geometry":{"type":"Polygon","coordinates":[[[142.602539,-12.444622],[142.583312,-12.535796],[142.586059,-13.031317],[142.619018,-13.079478],[142.709655,-13.11693],[142.814025,-13.11693],[142.885437,-13.087504],[142.965087,-13.028641],[142.984313,-12.977794],[142.967834,-12.677855],[142.926635,-12.597454],[142.756347,-12.549201],[142.646484,-12.463396],[142.602539,-12.444622]]]},"properties":{"NAME":"Yinwum","SUBJECTO":"Yinwum","PARTOF":"Yinwum"}},
{"type":"Feature","geometry":{"type":"Polygon","coordinates":[[[130.078125,-14.06998],[130.028686,-14.067316],[130.039672,-14.101948],[130.080871,-14.123258],[130.102844,-14.128585],[130.190733,-14.131248],[130.253906,-14.104612],[130.325317,-13.952726],[130.32257,-13.920737],[130.308837,-13.886078],[130.262145,-13.872746],[130.2182,-13.902075],[130.2182,-13.952726],[130.215454,-13.987376],[130.18524,-14.035343],[130.13031,-14.05133],[130.067138,-14.05133],[130.078125,-14.06998]]]},"properties":{"NAME":"Marramaninjsji","SUBJECTO":"Marramaninjsji","PARTOF":"Marramaninjsji"}},
{"type":"Feature","geometry":{"type":"Polygon","coordinates":[[[148.573608,-22.350075],[148.584594,-22.192491],[148.584594,-21.769702],[148.617553,-21.621686],[148.183593,-21.621686],[147.96936,-21.59615],[147.74414,-21.565502],[147.738647,-21.672743],[147.733154,-21.779905],[147.727661,-21.897181],[147.727661,-22.034729],[147.76062,-22.273847],[147.700195,-22.43134],[147.727661,-22.543],[147.777099,-22.649502],[147.870483,-22.745789],[148.024291,-22.654571],[148.172607,-22.608939],[148.474731,-22.441494],[148.573608,-22.350075]]]},"properties":{"NAME":"Barna","SUBJECTO":"Barna","PARTOF":"Barna"}},
{"type":"Feature","geometry":{"type":"Polygon","coordinates":[[[143.43748000572467,-13.080647863190748],[143.37588254565608,-12.83283924083931],[143.239746,-12.884102],[143.138122,-12.937645],[143.127136,-12.945675],[143.179321,-13.031317],[143.258972,-13.237271],[143.330383,-13.346865],[143.385314,-13.394963],[143.45685260143756,-13.394963],[143.43748000572467,-13.080647863190748]]]},"properties":{"NAME":"Uutaalnganu","SUBJECTO":"Uutaalnganu","PARTOF":"Uutaalnganu"}},
{"type":"Feature","geometry":{"type":"Polygon","coordinates":[[[141.009521,-36.897194],[141.470947,-36.800488],[141.9104,-36.800488],[142.459716,-36.315125],[142.745361,-36.315125],[143.020019,-36.368221],[143.701171,-36.22655],[143.865966,-36.146746],[143.953857,-36.075742],[143.997802,-35.986896],[143.953857,-35.862343],[143.778076,-35.835628],[143.558349,-35.746512],[143.426513,-35.559043],[143.360595,-35.362176],[143.31665,-35.236646],[143.239746,-35.012002],[143.041992,-34.85889],[142.800292,-34.804782],[142.415771,-34.714524],[141.756591,-34.587997],[141.569824,-34.660322],[141.437988,-34.768691],[141.394042,-34.85889],[141.284179,-35.209721],[141.141357,-35.532226],[140.998535,-35.960222],[140.998535,-36.253133],[140.998535,-36.518465],[140.987548,-36.75649],[141.009521,-36.897194]]]},"properties":{"NAME":"Wergaia","SUBJECTO":"Wergaia","PARTOF":"Wergaia"}},
{"type":"Feature","geometry":{"type":"Polygon","coordinates":[[[125.507812,-17.57072],[125.343017,-17.602139],[125.310058,-17.769612],[125.408935,-17.936928],[125.617675,-18.135411],[125.69458,-18.156291],[125.859375,-18.0832],[126.068115,-17.989182],[126.3208,-17.790535],[126.298828,-17.644022],[126.057128,-17.476432],[125.870361,-17.413546],[125.69458,-17.413546],[125.507812,-17.57072]]]},"properties":{"NAME":"Punuba","SUBJECTO":"Punuba","PARTOF":"Punuba"}},
{"type":"Feature","geometry":{"type":"Polygon","coordinates":[[[131.489868,-17.978733],[131.105346,-18.062312],[130.902099,-18.156291],[131.083373,-18.349311],[131.374511,-18.490028],[131.85791,-18.901089],[132.149047,-19.222989],[132.429199,-19.342244],[133.538817,-19.269665],[133.846435,-18.812717],[133.560791,-18.5317],[133.500366,-18.338883],[133.341062,-18.16673],[133.352049,-17.748686],[132.280881,-17.685895],[132.011718,-17.800996],[131.638183,-17.910795],[131.489868,-17.978733]]]},"properties":{"NAME":"Warlmanpa","SUBJECTO":"Warlmanpa","PARTOF":"Warlmanpa"}},
{"type":"Feature","geometry":{"type":"Polygon","coordinates":[[[148.062744,-25.060721],[147.51892,-25.324166],[147.293701,-25.5127],[147.189331,-25.656382],[147.178344,-25.864166],[147.178344,-25.97286],[147.22229,-26.061717],[148.238525,-26.140645],[148.315429,-25.958044],[148.348388,-25.720735],[148.38684,-25.477992],[148.397827,-25.264568],[148.337402,-25.150257],[148.233032,-25.075648],[148.062744,-25.060721]]]},"properties":{"NAME":"Nguri","SUBJECTO":"Nguri","PARTOF":"Nguri"}},
{"type":"Feature","geometry":{"type":"Polygon","coordinates":[[[148.374989,-26.600665],[148.358718,-26.506061],[148.398501,-26.117748],[148.371979,-26.082022],[148.310094,-26.062169],[148.287992,-25.950931],[148.296833,-25.843567],[148.358718,-25.612603],[148.407342,-25.46503],[148.429443,-25.349238],[148.429443,-25.26532],[148.425023,-25.181343],[148.310094,-24.941091],[148.221687,-24.804739],[148.111178,-24.696353],[148.029077,-24.679055],[147.96629,-24.726147],[147.85215,-24.796626],[147.715181,-24.941605],[147.413849,-25.400265],[147.345365,-25.552767],[147.203831,-25.774989],[147.130781,-25.927013],[147.071176,-26.055138],[147.002691,-26.214992],[146.923095,-26.574877],[146.750304,-26.826854],[146.610547,-26.883529],[146.564808,-26.919786],[146.430133,-27.008113],[147.678055,-27.700496],[148.541551,-27.810503],[148.552458,-27.426353],[148.374989,-26.600665]]]},"properties":{"NAME":"Gunggari","SUBJECTO":"Gunggari","PARTOF":"Gunggari"}},
{"type":"Feature","geometry":{"type":"Polygon","coordinates":[[[150.974121,-29.797751],[150.908203,-30.007273],[150.809326,-30.320729],[150.809326,-30.604821],[151.029052,-31.015278],[151.182861,-31.109388],[151.287231,-31.179909],[151.660766,-31.043521],[151.814575,-30.921076],[151.995849,-30.755998],[152.111206,-30.56699],[152.138671,-30.453409],[151.726684,-30.164126],[151.506958,-29.978728],[151.375122,-29.792984],[151.243286,-29.81205],[151.040039,-29.81205],[150.996093,-29.797751],[150.974121,-29.797751]]]},"properties":{"NAME":"Nganyaywana","SUBJECTO":"Nganyaywana","PARTOF":"Nganyaywana"}},
{"type":"Feature","geometry":{"type":"Polygon","coordinates":[[[125.870361,-16.836089],[125.661621,-17.046281],[125.683593,-17.214264],[125.727539,-17.308687],[125.804443,-17.43451],[126.035156,-17.476432],[126.188964,-17.591666],[126.287841,-17.738222],[126.529541,-17.727758],[127.529296,-17.277218],[127.364501,-16.615137],[127.419433,-16.415009],[127.452392,-16.077485],[127.474365,-15.940202],[126.968994,-15.940202],[126.595458,-16.783505],[125.870361,-16.836089]]]},"properties":{"NAME":"Worla","SUBJECTO":"Worla","PARTOF":"Worla"}},
{"type":"Feature","geometry":{"type":"Polygon","coordinates":[[[140.086669,-20.179723],[140.064697,-20.107523],[139.625244,-20.169411],[138.801269,-20.324023],[138.834228,-20.468189],[139.075927,-20.910134],[139.141845,-21.186972],[139.152832,-21.575718],[139.257202,-21.514406],[139.614257,-21.59615],[140.059204,-21.718679],[140.240478,-21.805408],[140.421752,-21.764601],[140.72937,-21.739091],[140.822753,-21.688057],[140.685424,-21.407048],[140.509643,-20.946049],[140.372314,-20.76125],[140.202026,-20.509354],[140.136108,-20.349777],[140.086669,-20.179723]]]},"properties":{"NAME":"Kalkadoon","SUBJECTO":"Kalkadoon","PARTOF":"Kalkadoon"}},
{"type":"Feature","geometry":{"type":"Polygon","coordinates":[[[118.652344,-28.033198],[118.756714,-28.125283],[118.954468,-27.945886],[119.338989,-27.318095],[119.899292,-27.337615],[120.690308,-27.5375],[121.316528,-27.57646],[121.278076,-27.401032],[121.151733,-27.279043],[120.926514,-26.907375],[120.849609,-26.593439],[120.838623,-26.465656],[120.800171,-26.35742],[119.311523,-25.775161],[118.937988,-25.730633],[118.806152,-25.869109],[118.569946,-26.308189],[118.43811,-26.480407],[118.256836,-26.838776],[118.108521,-27.068909],[118.042603,-27.15692],[118.02063,-27.205786],[118.328247,-27.71271],[118.652344,-28.033198]]]},"properties":{"NAME":"Tjupany","SUBJECTO":"Tjupany","PARTOF":"Tjupany"}},
{"type":"Feature","geometry":{"type":"Polygon","coordinates":[[[143.206787,-20.632784],[143.118896,-20.529933],[142.646484,-20.663626],[142.283935,-20.612219],[141.822509,-20.591652],[141.350097,-20.035289],[141.119384,-20.107523],[140.778808,-20.25189],[140.50415,-20.540221],[140.372314,-20.869077],[140.515136,-21.207458],[140.657958,-21.493963],[140.789794,-21.769702],[140.855712,-21.963424],[141.119384,-21.892084],[141.37207,-21.749295],[141.657714,-21.708473],[142.536621,-21.881889],[142.976074,-21.728885],[143.239746,-21.698265],[143.393554,-21.667638],[143.206787,-20.632784]]]},"properties":{"NAME":"Wunumara","SUBJECTO":"Wunumara","PARTOF":"Wunumara"}},
{"type":"Feature","geometry":{"type":"Polygon","coordinates":[[[131.044919,-25.453194],[130.946044,-25.750424],[130.78125,-26.07652],[130.869137,-26.735799],[130.704343,-27.332735],[130.704343,-27.518015],[131.429442,-28.207608],[131.802978,-28.343064],[132.231445,-28.420391],[132.659911,-28.410728],[133.110351,-28.410728],[133.461914,-28.401064],[133.505856,-28.207608],[133.341062,-27.800209],[133.242187,-27.254629],[133.110351,-26.892679],[133.066406,-26.716173],[132.989499,-26.382027],[132.912597,-26.096254],[132.637937,-25.849336],[131.770018,-25.740529],[131.341552,-25.611809],[131.044919,-25.453194]]]},"properties":{"NAME":"Yankuntjatjara","SUBJECTO":"Yankuntjatjara","PARTOF":"Yankuntjatjara"}},
{"type":"Feature","geometry":{"type":"Polygon","coordinates":[[[126.958007,-26.637638],[127.221679,-27.916766],[127.221679,-28.314053],[127.298583,-28.632746],[127.562255,-28.555576],[127.990722,-28.439713],[129.188232,-28.362401],[129.594726,-28.362401],[129.902343,-28.372068],[129.990231,-28.285033],[130.155029,-28.033197],[130.594482,-27.673798],[130.583496,-27.518015],[130.20996,-27.498526],[129.287106,-27.127591],[129.078369,-26.82407],[129.023437,-26.40171],[129.023437,-26.096254],[129.023437,-25.958044],[129.023437,-25.839449],[128.759762,-25.908644],[128.276367,-25.918526],[127.792968,-26.283564],[127.474365,-26.391869],[126.958007,-26.637638]]]},"properties":{"NAME":"Nakako","SUBJECTO":"Nakako","PARTOF":"Nakako"}},
{"type":"Feature","geometry":{"type":"Polygon","coordinates":[[[147.194824,-37.090239],[147.403564,-37.50101],[147.667236,-37.509725],[147.996826,-37.343959],[148.150634,-37.169071],[148.216552,-37.055177],[148.260498,-36.084621],[148.095703,-36.022446],[147.897949,-35.986896],[147.700195,-35.951329],[147.249755,-35.978006],[147.139892,-36.022446],[147.227783,-36.129001],[147.271728,-36.359374],[147.293701,-36.544949],[147.293701,-36.774092],[147.227783,-36.949891],[147.183837,-37.020098],[147.194824,-37.090239]]]},"properties":{"NAME":"Jaitmatang","SUBJECTO":"Jaitmatang","PARTOF":"Jaitmatang"}},
{"type":"Feature","geometry":{"type":"Polygon","coordinates":[[[125.441894,-25.869109],[125.101318,-25.859223],[124.552001,-26.391869],[124.409179,-26.843677],[124.37622,-27.117812],[124.354248,-27.44979],[124.398193,-27.673798],[126.090087,-28.777289],[126.738281,-28.940861],[127.39746,-28.632746],[127.276611,-28.149503],[127.320556,-27.790491],[127.144775,-26.86328],[127.012939,-26.608174],[126.804199,-26.519735],[126.419677,-26.382027],[125.441894,-25.869109]]]},"properties":{"NAME":"Mandjindja","SUBJECTO":"Mandjindja","PARTOF":"Mandjindja"}},
{"type":"Feature","geometry":{"type":"Polygon","coordinates":[[[131.440429,-30.230594],[131.154785,-30.126124],[130.847167,-30.031055],[130.517575,-29.869228],[130.352781,-29.659416],[130.144042,-29.506549],[130.045166,-29.353451],[129.869384,-28.738763],[129.902343,-28.545925],[129.946289,-28.314053],[129.616699,-28.256005],[127.957763,-28.314053],[127.529296,-28.478348],[127.39746,-28.574874],[127.430419,-28.67131],[127.595214,-28.806173],[127.803955,-29.075375],[128.210449,-29.506549],[128.397213,-29.792984],[128.4082,-30.059585],[128.463134,-30.126124],[129.342041,-30.088107],[130.155029,-30.116621],[131.253661,-30.211608],[131.440429,-30.230594]]]},"properties":{"NAME":"Ngalea","SUBJECTO":"Ngalea","PARTOF":"Ngalea"}},
{"type":"Feature","geometry":{"type":"Polygon","coordinates":[[[146.392822,-38.298559],[146.513671,-38.004819],[146.315917,-37.509725],[146.217041,-37.422525],[146.085205,-37.466138],[145.722656,-37.4138],[144.953613,-37.081475],[144.7229,-37.081475],[144.536132,-37.116526],[144.327392,-37.142803],[144.173583,-37.177825],[144.195556,-37.300275],[144.239501,-37.378887],[144.283447,-37.579412],[144.404296,-37.883524],[144.525146,-37.95286],[144.733886,-37.918201],[144.986572,-37.857507],[146.052246,-38.358887],[146.315917,-38.384727],[146.392822,-38.298559]]]},"properties":{"NAME":"Wurundjeri","SUBJECTO":"Wurundjeri","PARTOF":"Wurundjeri"}},
{"type":"Feature","geometry":{"type":"Polygon","coordinates":[[[117.96847060631062,-20.471458829682447],[117.7938557116938,-20.638399614256095],[117.79541,-20.689323],[117.91626,-21.156238],[118.00415,-21.391705],[118.487549,-21.677848],[118.586426,-21.657428],[118.674316,-21.565502],[118.883057,-20.94605],[118.877563,-20.509355],[118.68887848976185,-20.340335484003713],[117.96847060631062,-20.471458829682447]]]},"properties":{"NAME":"Kariyarra","SUBJECTO":"Kariyarra","PARTOF":"Kariyarra"}},
{"type":"Feature","geometry":{"type":"Polygon","coordinates":[[[144.16809,-38.487994],[143.10791,-38.771216],[143.519897,-38.912407],[143.73413,-38.831149],[144.16809,-38.487994]]]},"properties":{"NAME":"Gadubanud","SUBJECTO":"Gadubanud","PARTOF":"Gadubanud"}},
{"type":"Feature","geometry":{"type":"Polygon","coordinates":[[[144.838256,-36.111252],[144.761352,-36.27085],[144.673461,-36.354951],[144.574584,-36.487557],[144.508666,-36.531708],[144.459228,-36.584657],[144.645996,-36.628753],[144.860229,-36.655199],[145.162353,-36.655199],[145.645751,-36.44338],[145.794067,-36.22655],[145.79956,-36.111252],[145.579833,-36.160052],[145.277709,-36.151182],[144.992065,-36.11569],[144.838256,-36.111252]]]},"properties":{"NAME":"Ngurraiillam","SUBJECTO":"Ngurraiillam","PARTOF":"Ngurraiillam"}},
{"type":"Feature","geometry":{"type":"Polygon","coordinates":[[[122.65291090743645,-16.736166],[122.54289516987875,-16.917424871233973],[122.546997,-16.928077],[122.557983,-16.954351],[122.623901,-16.999008],[122.714538,-17.027898],[122.8656,-17.038403],[122.980957,-17.027898],[123.07886361220325,-16.979021688633626],[123.02266982506062,-16.856033719819166],[122.92699175105447,-16.733536],[122.862854,-16.733536],[122.785949,-16.741427],[122.728271,-16.741427],[122.65291090743645,-16.736166]]]},"properties":{"NAME":"Nyul Nyul","SUBJECTO":"Nyul Nyul","PARTOF":"Nyul Nyul"}},
{"type":"Feature","geometry":{"type":"Polygon","coordinates":[[[146.090698,-36.487557],[145.821533,-36.106814],[145.755615,-36.080181],[145.667724,-36.106814],[145.601806,-36.186658],[145.546875,-36.29299],[145.420532,-36.50522],[145.343627,-36.567012],[144.838256,-36.597889],[144.541625,-36.571423],[144.376831,-36.549362],[144.277954,-36.567012],[144.18457,-36.641977],[144.250488,-37.006939],[144.316406,-37.125286],[144.365844,-37.164694],[144.591064,-37.138424],[144.942626,-37.164694],[145.876464,-37.487935],[146.162109,-37.492293],[146.33789,-37.426888],[146.618041,-37.330856],[146.953124,-37.099002],[146.953124,-37.020098],[146.656494,-36.98939],[146.530151,-36.919156],[146.090698,-36.487557]]]},"properties":{"NAME":"Taungurung","SUBJECTO":"Taungurung","PARTOF":"Taungurung"}},
{"type":"Feature","geometry":{"type":"Polygon","coordinates":[[[133.59375,-26.066652],[133.176268,-26.234302],[132.967529,-26.362342],[132.978512,-26.76523],[133.176268,-27.586197],[133.231201,-28.013801],[133.253173,-28.3914],[133.582763,-28.738763],[133.912353,-28.931246],[134.42871,-29.046565],[134.681396,-28.892778],[134.87915,-28.72913],[135.153808,-27.420538],[135.318603,-27.196014],[135.20874,-26.971037],[134.165039,-26.037041],[133.934326,-26.007424],[133.59375,-26.066652]]]},"properties":{"NAME":"Antakarinja","SUBJECTO":"Antakarinja","PARTOF":"Antakarinja"}},
{"type":"Feature","geometry":{"type":"Polygon","coordinates":[[[132.143554,-16.003575],[131.561279,-16.604609],[131.940305,-16.314867],[132.143554,-16.003575]]]},"properties":{"NAME":"Karangpurru","SUBJECTO":"Karangpurru","PARTOF":"Karangpurru"}},
{"type":"Feature","geometry":{"type":"Polygon","coordinates":[[[116.268311,-21.391705],[115.64209,-22.116177],[115.389404,-22.339914],[115.19165,-22.502407],[115.806885,-22.573438],[115.949707,-22.461802],[116.169434,-22.421185],[116.422119,-22.43134],[116.751709,-22.66471],[116.960449,-22.867318],[116.993408,-22.87744],[117.509766,-22.755921],[117.822876,-22.207749],[117.822876,-22.070369],[117.674561,-21.943046],[117.4823,-21.815608],[117.262573,-21.733989],[116.94397,-21.42239],[116.685791,-21.37636],[116.372681,-21.309846],[116.268311,-21.391705]]]},"properties":{"NAME":"Kurrama","SUBJECTO":"Kurrama","PARTOF":"Kurrama"}},
{"type":"Feature","geometry":{"type":"Polygon","coordinates":[[[140.493164,-23.966175],[140.493164,-24.186847],[140.526123,-24.497146],[140.734863,-24.96614],[140.701904,-25.244695],[140.614013,-25.463114],[140.482177,-25.720735],[140.416259,-25.918526],[140.822753,-26.066652],[140.943603,-26.145576],[141.097412,-26.263862],[141.361083,-25.958044],[141.877441,-25.145284],[142.108154,-24.846565],[142.272949,-24.577099],[142.371826,-24.47715],[142.503662,-24.256981],[142.514648,-24.076559],[141.558837,-24.03643],[140.657958,-23.885837],[140.482177,-23.905926],[140.493164,-23.966175]]]},"properties":{"NAME":"Karuwali","SUBJECTO":"Karuwali","PARTOF":"Karuwali"}},
{"type":"Feature","geometry":{"type":"Polygon","coordinates":[[[141.833496,-14.944784],[141.745605,-15.135764],[141.70166,-15.337167],[141.690673,-15.538375],[141.657714,-15.887376],[141.657714,-16.151368],[141.756591,-16.488764],[141.767578,-16.69934],[141.78955,-16.920194],[142.855224,-17.382094],[142.970581,-17.198522],[143.366088,-16.862376],[143.453979,-16.730906],[143.54187,-16.641455],[143.492431,-16.594081],[143.305664,-16.509832],[142.734375,-16.29905],[142.833251,-16.161919],[143.217773,-16.003575],[143.558349,-16.003575],[143.657226,-16.035253],[143.701171,-15.739388],[143.701171,-15.220589],[143.701171,-14.944784],[143.492431,-14.838611],[143.217773,-14.806749],[142.536621,-14.81737],[142.152099,-14.870469],[141.833496,-14.944784]]]},"properties":{"NAME":"Kunjen","SUBJECTO":"Kunjen","PARTOF":"Kunjen"}},
{"type":"Feature","geometry":{"type":"Polygon","coordinates":[[[148.661499,-22.309425],[148.496704,-22.344995],[148.079223,-22.598797],[147.903442,-22.679915],[147.897949,-22.745789],[148.007812,-22.882501],[148.117675,-23.049407],[148.244018,-23.216106],[148.342895,-23.367471],[148.452758,-23.468285],[148.524169,-23.569022],[148.83728,-23.427968],[148.996582,-23.32208],[149.117431,-23.281719],[149.320678,-23.25144],[149.25476,-23.145411],[149.106445,-22.887562],[149.057006,-22.669778],[148.919677,-22.436417],[148.853759,-22.329752],[148.661499,-22.309425]]]},"properties":{"NAME":"Gabalbara","SUBJECTO":"Gabalbara","PARTOF":"Gabalbara"}},
{"type":"Feature","geometry":{"type":"Polygon","coordinates":[[[137.71964003139894,-35.21377046054726],[137.91953720344176,-34.63179157960657],[138.054199,-34.189085],[136.9854642175642,-35.3955690841258],[137.71964003139894,-35.21377046054726]]]},"properties":{"NAME":"Narangga","SUBJECTO":"Narangga","PARTOF":"Narangga"}},
{"type":"Feature","geometry":{"type":"Polygon","coordinates":[[[121.849365,-26.037041],[120.981445,-26.244156],[120.772705,-26.421389],[120.827636,-26.784847],[121.058349,-27.313213],[121.442871,-27.673798],[121.68457,-27.955591],[122.277832,-27.683528],[123.057861,-26.676913],[123.112792,-26.470573],[123.156738,-26.391869],[122.827148,-26.037041],[122.420654,-25.977798],[121.849365,-26.037041]]]},"properties":{"NAME":"Nana","SUBJECTO":"Nana","PARTOF":"Nana"}},
{"type":"Feature","geometry":{"type":"Polygon","coordinates":[[[152.686922,-27.754206],[152.851638,-27.485245],[152.715499,-27.443133],[152.566072,-27.754206],[152.686922,-27.754206]]]},"properties":{"NAME":"Yuggera","SUBJECTO":"Yuggera","PARTOF":"Yuggera"}},
{"type":"Feature","geometry":{"type":"Polygon","coordinates":[[[143.997802,-31.606609],[143.591308,-31.886886],[143.283691,-32.240682],[142.723388,-32.639373],[142.591552,-33.358061],[142.756347,-33.632915],[142.794799,-34.0299],[143.206787,-33.770015],[143.294677,-33.788278],[143.558349,-33.642062],[144.173583,-33.082335],[144.360351,-32.842672],[144.382324,-32.537551],[144.569091,-32.045332],[144.733886,-31.709476],[144.821777,-31.456782],[144.404296,-31.559814],[144.052734,-31.559814],[143.997802,-31.606609]]]},"properties":{"NAME":"Barindji","SUBJECTO":"Barindji","PARTOF":"Barindji"}},
{"type":"Feature","geometry":{"type":"Polygon","coordinates":[[[134.14269545982623,-12.08357182864485],[134.022213,-12.056270418496828],[134.016723,-12.13332],[134.016723,-12.197757],[134.01947,-12.270231],[134.057921,-12.321219],[134.110107,-12.302435],[134.13208,-12.264863],[134.148559,-12.208495],[134.192504,-12.114522],[134.2277249737305,-12.095581076950193],[134.14269545982623,-12.08357182864485]]]},"properties":{"NAME":"Gunibidji","SUBJECTO":"Gunibidji","PARTOF":"Gunibidji"}},
{"type":"Feature","geometry":{"type":"Polygon","coordinates":[[[133.1488,-14.881087],[133.297119,-14.955399],[133.57727,-15.066819],[133.709105,-15.066819],[133.796997,-14.992545],[133.840942,-14.902321],[134.005737,-14.81206],[134.077148,-14.774882],[134.148559,-14.72176],[133.533324,-14.291],[133.434448,-14.27503],[133.412475,-14.461277],[133.1488,-14.881087]]]},"properties":{"NAME":"Mangarayi","SUBJECTO":"Mangarayi","PARTOF":"Mangarayi"}},
{"type":"Feature","geometry":{"type":"Polygon","coordinates":[[[153.2964735359981,-27.912666715424635],[153.15214132829578,-27.677089376197493],[152.957632,-27.797207],[152.795798,-27.853059],[152.699537,-27.903087],[152.541355,-27.987475],[151.684348,-28.250582],[151.96289,-28.758028],[152.093239,-29.164959],[152.099078,-29.319329],[152.078905,-29.42101],[152.064011,-29.483537],[152.092095,-29.528482],[152.873235,-29.603979],[153.32857579750197,-29.314402727525078],[153.4934950203731,-28.840868390839674],[153.47783950279498,-28.503797925751783],[153.2964735359981,-27.912666715424635]]]},"properties":{"NAME":"Bundjalung","SUBJECTO":"Bundjalung","PARTOF":"Bundjalung"}},
{"type":"Feature","geometry":{"type":"Polygon","coordinates":[[[114.971924,-30.342065],[115.43335,-31.391158],[115.916748,-31.372399],[116.38916,-31.391158],[116.828613,-30.054831],[116.716003,-29.99776],[114.971924,-30.342065]]]},"properties":{"NAME":"Yuat","SUBJECTO":"Yuat","PARTOF":"Yuat"}},
{"type":"Feature","geometry":{"type":"Polygon","coordinates":[[[149.68872,-35.241132],[149.27124,-34.935481],[148.92517,-34.637727],[148.656005,-34.465806],[148.50769,-34.311681],[148.381347,-34.220886],[148.035278,-34.411441],[147.925415,-34.565382],[147.914428,-35.191766],[148.134155,-35.205233],[148.348388,-35.209721],[148.584594,-35.232159],[148.892211,-35.285984],[149.293212,-35.420391],[149.458007,-35.415914],[149.68872,-35.241132]]]},"properties":{"NAME":"Ngunawal","SUBJECTO":"Ngunawal","PARTOF":"Ngunawal"}},
{"type":"Feature","geometry":{"type":"Polygon","coordinates":[[[141.04248,-19.362976],[140.614013,-19.601194],[140.339355,-19.859727],[140.05371,-20.169411],[140.097656,-20.499064],[140.361328,-20.910134],[140.537109,-20.601936],[140.976562,-20.220965],[141.339111,-20.035289],[141.218261,-19.735683],[141.130371,-19.35261],[141.04248,-19.362976]]]},"properties":{"NAME":"Mayi-Thakurti","SUBJECTO":"Mayi-Thakurti","PARTOF":"Mayi-Thakurti"}},
{"type":"Feature","geometry":{"type":"Polygon","coordinates":[[[141.94668736031696,-11.962753],[141.920013,-12.006568262712635],[141.91246,-12.085652],[141.91658,-12.126606],[141.925506,-12.154129],[141.930999,-12.185676],[141.972885,-12.193059],[141.999664,-12.187019],[142.044296,-12.176951],[142.118453,-12.161513],[142.150039,-12.138019],[142.175445,-12.086324],[142.180938,-12.045364],[142.160339,-12.003054],[142.117767,-11.975516],[142.075195,-11.966784],[141.985244,-11.984248],[141.94668736031696,-11.962753]]]},"properties":{"NAME":"Teppathiggi","SUBJECTO":"Teppathiggi","PARTOF":"Teppathiggi"}},
{"type":"Feature","geometry":{"type":"Polygon","coordinates":[[[135.725097,-15.538375],[135.670166,-15.697086],[135.494384,-15.760536],[135.41748,-15.771109],[135.395507,-16.088042],[135.362548,-16.309595],[135.615234,-16.457158],[135.922851,-16.794023],[136.527099,-17.14079],[136.582031,-17.161785],[136.61499,-16.878146],[136.61499,-16.193574],[136.647949,-16.045812],[136.142578,-15.633616],[135.911865,-15.506619],[135.725097,-15.538375]]]},"properties":{"NAME":"Binbinga","SUBJECTO":"Binbinga","PARTOF":"Binbinga"}},
{"type":"Feature","geometry":{"type":"Polygon","coordinates":[[[135.560302,-17.539296],[135.736083,-17.706828],[136.527099,-18.062312],[136.812744,-18.072756],[136.845703,-17.444991],[136.845703,-17.214264],[136.571044,-17.067287],[136.252441,-16.836089],[135.95581,-16.804541],[135.889892,-17.046281],[135.560302,-17.539296]]]},"properties":{"NAME":"Gunindiri","SUBJECTO":"Gunindiri","PARTOF":"Gunindiri"}},
{"type":"Feature","geometry":{"type":"Polygon","coordinates":[[[145.612792,-20.560795],[145.513916,-20.385825],[144.766845,-20.324023],[144.250488,-20.437307],[143.668212,-20.488773],[143.096923,-20.468189],[143.063964,-20.735565],[143.118896,-21.053744],[143.31665,-21.493963],[143.327636,-21.779905],[143.327636,-22.085639],[143.206787,-22.43134],[143.327636,-22.370396],[143.635253,-22.187404],[144.832763,-22.034729],[145.865478,-22.502407],[145.887451,-22.370396],[145.865478,-22.156883],[145.612792,-21.759499],[145.546875,-21.545066],[145.46997,-21.279137],[145.612792,-20.560795]]]},"properties":{"NAME":"Yirandali","SUBJECTO":"Yirandali","PARTOF":"Yirandali"}},
{"type":"Feature","geometry":{"type":"Polygon","coordinates":[[[146.10622695396685,-18.548672117035963],[145.92455581138873,-18.25660363559065],[145.99628442833898,-17.95617103758169],[145.409545,-18.098865],[145.38208,-18.145851],[145.684204,-18.656654],[145.892944,-18.64104],[146.13392360364054,-18.63258222366003],[146.10622695396685,-18.548672117035963]]]},"properties":{"NAME":"Wargamaygan","SUBJECTO":"Wargamaygan","PARTOF":"Wargamaygan"}},
{"type":"Feature","geometry":{"type":"Polygon","coordinates":[[[142.064208,-29.850173],[141.833496,-30.382353],[141.119384,-31.26916],[140.976562,-31.306715],[141.119384,-31.400535],[141.800537,-31.428663],[142.382812,-31.428663],[142.338867,-31.316101],[142.338867,-31.212801],[142.492675,-30.996445],[142.77832,-30.921076],[143.283691,-30.86451],[143.305664,-30.56226],[143.305664,-30.249577],[143.360595,-29.935895],[143.470458,-29.754839],[143.063964,-29.716681],[142.382812,-29.630771],[142.174072,-29.630771],[142.064208,-29.630771],[142.064208,-29.850173]]]},"properties":{"NAME":"Bandjigali","SUBJECTO":"Bandjigali","PARTOF":"Bandjigali"}},
{"type":"Feature","geometry":{"type":"Polygon","coordinates":[[[148.754882,-24.256981],[149.073486,-24.402135],[149.16687,-23.986252],[149.27124,-23.8356],[149.611816,-24.106647],[149.677734,-24.211899],[149.837036,-24.936257],[150.117187,-24.916331],[150.578613,-24.796708],[150.710449,-24.766784],[150.836791,-24.332081],[150.776367,-24.221919],[150.737915,-24.116674],[150.600585,-23.750153],[150.507202,-23.614328],[150.084228,-23.498514],[149.7052,-23.54888],[149.293212,-23.170663],[148.963623,-23.31199],[148.61206,-23.448128],[148.50769,-23.558951],[148.601074,-24.106647],[148.754882,-24.256981]]]},"properties":{"NAME":"Gangulu","SUBJECTO":"Gangulu","PARTOF":"Gangulu"}},
{"type":"Feature","geometry":{"type":"Polygon","coordinates":[[[115.4934749938742,-31.546000069359817],[115.75751530977965,-32.49378553621099],[116.026611,-32.435612],[116.202393,-32.361403],[116.5979,-32.147711],[116.669312,-31.989442],[116.391907,-31.470839],[115.982666,-31.421632],[115.4934749938742,-31.546000069359817]]]},"properties":{"NAME":"Wajuk","SUBJECTO":"Wajuk","PARTOF":"Wajuk"}},
{"type":"Feature","geometry":{"type":"Polygon","coordinates":[[[140.800781,-17.727758],[140.811767,-17.926475],[140.822753,-18.16673],[140.899658,-18.31281],[140.998535,-18.625424],[141.108398,-19.228176],[141.108398,-19.40443],[141.470947,-19.290405],[142.261962,-19.311143],[142.822265,-19.50802],[142.943115,-19.207428],[142.954101,-18.947855],[142.932128,-18.781516],[142.712402,-18.739906],[142.338867,-18.656654],[141.383056,-18.156291],[141.306152,-17.94738],[141.306152,-17.633552],[141.229248,-17.455472],[140.965576,-17.602139],[140.800781,-17.727758]]]},"properties":{"NAME":"Mayi-Kulan","SUBJECTO":"Mayi-Kulan","PARTOF":"Mayi-Kulan"}},
{"type":"Feature","geometry":{"type":"Polygon","coordinates":[[[133.417968,-16.204124],[133.341062,-16.530898],[133.352049,-17.43451],[133.308105,-17.57072],[133.275146,-17.769612],[133.253173,-17.905568],[133.26416,-18.291949],[133.538817,-18.218916],[133.835449,-18.187606],[134.176025,-18.093644],[134.329833,-17.968282],[134.439697,-17.811456],[134.505615,-17.539296],[134.505615,-17.235251],[134.395751,-17.025272],[134.121093,-16.688816],[133.736572,-16.330682],[133.417968,-16.204124]]]},"properties":{"NAME":"Jingili","SUBJECTO":"Jingili","PARTOF":"Jingili"}},
{"type":"Feature","geometry":{"type":"Polygon","coordinates":[[[145.22220900963092,-15.66417542819319],[144.865722,-15.887376],[144.629516,-15.987734],[144.27246,-16.098598],[143.871459,-16.119706],[143.865966,-16.246319],[143.893432,-16.309595],[143.882446,-16.515099],[143.898925,-16.67303],[143.920898,-16.778246],[144.058227,-16.962232],[144.179077,-17.035777],[144.349365,-17.219511],[144.656982,-17.460712],[144.832763,-17.413546],[145.38208,-17.350638],[145.321655,-17.235251],[145.266723,-17.109292],[145.22220900963092,-15.66417542819319]]]},"properties":{"NAME":"Kuku-yalanji","SUBJECTO":"Kuku-yalanji","PARTOF":"Kuku-yalanji"}},
{"type":"Feature","geometry":{"type":"Polygon","coordinates":[[[142.146606,-12.025889],[142.146606,-12.060809],[142.204284,-12.157485],[142.478942,-12.407071],[142.599792,-12.474123],[142.857971,-12.621577],[142.943115,-12.621577],[142.879943,-12.342684],[142.811279,-12.213864],[142.739868,-12.06618],[142.706909,-11.996338],[142.487182,-11.990965],[142.272949,-11.982905],[142.152099,-11.982905],[142.146606,-12.025889]]]},"properties":{"NAME":"Mpalitjanh","SUBJECTO":"Mpalitjanh","PARTOF":"Mpalitjanh"}},
{"type":"Feature","geometry":{"type":"Polygon","coordinates":[[[115.125732,-22.400872],[115.422363,-22.400872],[115.718994,-22.278931],[116.455078,-21.42239],[116.444092,-21.207459],[116.2513178229213,-20.923637118570117],[116.1345548958614,-20.983953870576002],[115.34923842857624,-21.60229340915022],[114.68547737591399,-21.953433112323193],[115.125732,-22.400872]]]},"properties":{"NAME":"Nhuwala","SUBJECTO":"Nhuwala","PARTOF":"Nhuwala"}},
{"type":"Feature","geometry":{"type":"Polygon","coordinates":[[[149.419555,-26.189947],[149.60083,-26.160368],[149.776611,-26.135713],[149.924926,-26.12585],[149.985351,-26.037041],[149.979858,-25.898761],[150.040283,-25.770213],[150.045776,-25.621715],[150.007324,-25.378772],[150.007324,-24.96116],[150.001831,-24.921313],[149.89746,-24.96116],[149.15039,-25.140311],[149.024047,-25.180087],[149.024047,-25.294371],[149.018554,-25.542441],[148.974609,-25.962983],[148.908691,-26.115985],[149.419555,-26.189947]]]},"properties":{"NAME":"Yiman","SUBJECTO":"Yiman","PARTOF":"Yiman"}},
{"type":"Feature","geometry":{"type":"Polygon","coordinates":[[[126.716308,-18.667063],[126.298828,-18.885497],[126.309814,-19.020577],[126.44165,-19.103648],[126.694335,-19.082884],[126.826171,-19.155546],[127.056884,-19.269665],[127.72705,-19.425153],[128.111572,-19.383704],[128.540039,-19.259294],[128.781737,-19.248922],[129.199218,-18.937464],[129.243164,-18.625424],[129.25415,-18.427501],[129.276123,-18.218916],[129.199218,-17.926475],[128.935544,-17.759149],[128.80371,-17.633552],[128.594968,-17.549771],[128.375244,-17.539296],[128.221435,-17.581194],[128.122558,-17.811456],[127.419433,-18.30238],[126.85913,-18.385804],[126.716308,-18.667063]]]},"properties":{"NAME":"Jaru","SUBJECTO":"Jaru","PARTOF":"Jaru"}},
{"type":"Feature","geometry":{"type":"Polygon","coordinates":[[[129.851531,-14.123258],[129.848784,-14.268375],[129.873504,-14.35886],[129.988861,-14.405419],[129.988861,-14.43069],[130.014952,-14.455958],[130.043792,-14.455958],[130.039672,-14.406749],[130.003965,-14.337573],[130.10559,-14.165871],[130.10559,-14.116599],[130.038299,-14.088629],[129.925689,-14.083301],[129.868011,-14.091293],[129.851531,-14.123258]]]},"properties":{"NAME":"Ngan’gikurunggurr","SUBJECTO":"Ngan’gikurunggurr","PARTOF":"Ngan’gikurunggurr"}},
{"type":"Feature","geometry":{"type":"Polygon","coordinates":[[[143.519897,-33.623768],[143.470458,-33.696922],[143.871459,-33.934245],[144.085693,-34.111804],[144.294433,-34.193629],[144.563598,-34.152726],[144.613037,-34.102707],[144.695434,-34.043556],[144.783325,-33.998027],[144.849243,-33.934245],[144.953613,-33.833919],[145.184326,-33.74718],[145.206298,-33.541393],[144.689941,-33.169742],[144.431762,-33.017876],[144.255981,-32.925707],[144.124145,-33.017876],[143.673706,-33.440609],[143.519897,-33.623768]]]},"properties":{"NAME":"Yitha Yitha","SUBJECTO":"Yitha Yitha","PARTOF":"Yitha Yitha"}},
{"type":"Feature","geometry":{"type":"Polygon","coordinates":[[[142.597045,-13.066101],[142.451477,-13.06075],[142.341613,-13.052723],[142.212524,-12.811801],[142.146606,-12.809123],[142.094421,-12.830548],[142.050476,-12.881424],[142.036743,-12.913552],[141.990051,-12.975118],[141.990051,-13.074127],[141.965332,-13.173096],[141.984558,-13.218555],[142.341613,-13.141003],[142.594299,-13.132979],[142.679443,-13.11693],[142.597045,-13.066101]]]},"properties":{"NAME":"Mbeiwum","SUBJECTO":"Mbeiwum","PARTOF":"Mbeiwum"}},
{"type":"Feature","geometry":{"type":"Polygon","coordinates":[[[132.214965,-12.795731],[132.242431,-12.576009],[132.21643730356897,-12.341204230748561],[131.8174696297481,-12.368270314972975],[131.6346302106427,-12.389595507666531],[131.610717,-12.913552],[131.720581,-12.951029],[132.214965,-12.795731]]]},"properties":{"NAME":"Limilngan","SUBJECTO":"Limilngan","PARTOF":"Limilngan"}},
{"type":"Feature","geometry":{"type":"Polygon","coordinates":[[[118.689829,-28.556544],[118.223877,-28.30438],[117.88915,-28.353246],[116.309509,-29.214507],[116.519951,-29.598447],[116.948857,-30.119043],[117.922116,-30.666336],[118.086612,-30.744342],[118.265185,-30.907193],[118.351752,-31.067261],[118.869088,-31.530349],[119.916613,-32.180435],[120.169103,-31.892512],[120.422362,-31.639915],[120.697618,-31.405428],[120.961832,-31.245661],[121.215024,-31.113891],[120.739259,-30.634491],[120.003662,-29.32472],[118.689829,-28.556544]]]},"properties":{"NAME":"Kalaamaya","SUBJECTO":"Kalaamaya","PARTOF":"Kalaamaya"}},
{"type":"Feature","geometry":{"type":"Polygon","coordinates":[[[115.889282,-22.619082],[115.751953,-22.806567],[115.697021,-22.907803],[115.86731,-22.998852],[116.213379,-23.200961],[116.553955,-23.377556],[116.883545,-23.528737],[117.355957,-23.745126],[117.658081,-23.865745],[117.778931,-23.755182],[117.822876,-23.579092],[117.723999,-23.473324],[117.333984,-23.372514],[117.097778,-23.306946],[116.856079,-23.20601],[116.669312,-23.089838],[116.455078,-22.968509],[116.087036,-22.796439],[115.9552,-22.639363],[115.889282,-22.619082]]]},"properties":{"NAME":"Jiwarli","SUBJECTO":"Jiwarli","PARTOF":"Jiwarli"}},
{"type":"Feature","geometry":{"type":"Polygon","coordinates":[[[125.10795882652546,-15.205084241669752],[125.08435084521513,-15.308381459522261],[125.375976,-15.331869],[125.375976,-15.458974],[125.601196,-15.665354],[125.672607,-15.749962],[125.744018,-15.82925],[125.826416,-15.665354],[125.892333,-15.517205],[126.002197,-14.806749],[126.002197,-14.647368],[126.002197,-14.541049],[125.96783151436236,-14.47974626821869],[125.86320022056843,-14.694914258759596],[125.49717238853718,-14.676636136811354],[125.15565780113484,-14.80450574282942],[125.10795882652546,-15.205084241669752]]]},"properties":{"NAME":"Wunambul","SUBJECTO":"Wunambul","PARTOF":"Wunambul"}},
{"type":"Feature","geometry":{"type":"Polygon","coordinates":[[[139.207763,-21.504185],[139.207763,-21.708473],[139.240722,-22.167057],[139.383544,-22.065278],[139.581298,-22.146707],[139.768066,-22.177231],[140.284423,-22.238259],[140.306396,-22.044913],[140.29541,-21.922663],[140.3833,-21.754397],[140.284423,-21.728885],[139.790039,-21.463293],[139.482421,-21.463293],[139.207763,-21.504185]]]},"properties":{"NAME":"Yalarrnga","SUBJECTO":"Yalarrnga","PARTOF":"Yalarrnga"}},
{"type":"Feature","geometry":{"type":"Polygon","coordinates":[[[130.979003,-17.549771],[130.979003,-17.832374],[130.98999,-17.905568],[131.407468,-17.94738],[131.550292,-17.978733],[131.759031,-17.989182],[132.473143,-17.769612],[132.753295,-17.743454],[132.879638,-17.743454],[133.033447,-17.727758],[133.258666,-17.717293],[133.379516,-17.644022],[133.500366,-17.313932],[133.412475,-16.962232],[133.417968,-16.562491],[133.390502,-16.409738],[133.187255,-16.488764],[132.632443,-16.415009],[132.429199,-16.161919],[132.231445,-16.309595],[131.929318,-16.436084],[130.979003,-17.549771]]]},"properties":{"NAME":"Mudburra","SUBJECTO":"Mudburra","PARTOF":"Mudburra"}},
{"type":"Feature","geometry":{"type":"Polygon","coordinates":[[[135.77672829118066,-35.10650250093591],[136.64622087318887,-34.11543399091405],[136.801757,-33.952473],[136.549072,-33.852169],[136.153564,-33.623768],[135.966796,-33.174341],[135.758056,-33.054716],[135.472412,-32.851903],[135.41748,-32.7688],[135.241699,-32.556072],[135.065917,-32.454155],[134.890136,-32.333557],[134.25809768150592,-32.87542382602034],[134.23734081778736,-33.26928474898151],[134.4209120102348,-33.29059905264635],[135.59542670473445,-35.1106221580791],[135.77672829118066,-35.10650250093591]]]},"properties":{"NAME":"Nawu","SUBJECTO":"Nawu","PARTOF":"Nawu"}},
{"type":"Feature","geometry":{"type":"Polygon","coordinates":[[[134.681396,-13.939398],[134.917602,-13.864747],[135.137329,-13.795406],[135.29663,-13.624633],[135.373535,-13.517837],[135.219726,-13.202512],[135.093383,-13.100879],[135.005493,-13.058074],[134.785766,-13.068776],[134.412231,-13.272026],[134.329833,-13.42168],[134.681396,-13.939398]]]},"properties":{"NAME":"Ngalkbun","SUBJECTO":"Ngalkbun","PARTOF":"Ngalkbun"}},
{"type":"Feature","geometry":{"type":"Polygon","coordinates":[[[139.575805,-24.652009],[139.41101,-25.040815],[139.350585,-25.229789],[139.240722,-25.334096],[139.63623,-25.229789],[139.943847,-25.274503],[140.48767,-25.473033],[140.652465,-25.572175],[140.71289,-25.487909],[140.784301,-25.289404],[140.81726,-24.916331],[140.71289,-24.701924],[140.614013,-24.432146],[140.597534,-24.37712],[140.317382,-24.46715],[139.96582,-24.547123],[139.713134,-24.617057],[139.575805,-24.652009]]]},"properties":{"NAME":"Mithaka","SUBJECTO":"Mithaka","PARTOF":"Mithaka"}},
{"type":"Feature","geometry":{"type":"Polygon","coordinates":[[[149.199829,-23.850674],[149.078979,-24.096618],[149.029541,-24.337086],[148.991088,-24.58709],[148.985595,-25.115445],[149.04602,-25.19997],[149.199829,-25.165173],[149.562377,-25.095548],[149.848022,-25.01095],[149.941406,-24.946219],[149.941406,-24.871486],[149.875488,-24.58709],[149.589843,-23.971195],[149.232788,-23.785344],[149.199829,-23.850674]]]},"properties":{"NAME":"Wadjigu","SUBJECTO":"Wadjigu","PARTOF":"Wadjigu"}},
{"type":"Feature","geometry":{"type":"Polygon","coordinates":[[[137.8262100742351,-33.02355145507526],[137.86823562095904,-32.74712411288557],[138.16576674888873,-33.19179955844221],[138.18874648521685,-33.2935413492137],[138.14848512571004,-33.35902567233297],[138.208007,-33.344296],[138.383789,-33.293802],[138.411254,-33.280026],[138.43872,-32.838057],[138.356323,-32.537551],[138.2135,-32.314991],[138.131103,-32.245328],[137.614746,-32.49123],[137.614746,-32.801127],[137.697143,-32.948757],[137.79602,-33.008663],[137.8262100742351,-33.02355145507526]]]},"properties":{"NAME":"Nukunu","SUBJECTO":"Nukunu","PARTOF":"Nukunu"}},
{"type":"Feature","geometry":{"type":"Polygon","coordinates":[[[143.294677,-28.796546],[143.393554,-29.659416],[143.294677,-29.945415],[143.261718,-30.429729],[143.261718,-30.760718],[143.272705,-31.222197],[143.547363,-31.531726],[143.865966,-31.606609],[144.382324,-31.625321],[144.799804,-31.541089],[145.250244,-30.921076],[144.986572,-30.439202],[144.986572,-30.183121],[145.030517,-29.764377],[145.096435,-29.477861],[145.38208,-29.123373],[145.480957,-28.902397],[145.041503,-28.854296],[144.481201,-28.748396],[143.920898,-28.748396],[143.503417,-28.72913],[143.294677,-28.796546]]]},"properties":{"NAME":"Barundji","SUBJECTO":"Barundji","PARTOF":"Barundji"}},
{"type":"Feature","geometry":{"type":"Polygon","coordinates":[[[152.76116469810748,-25.420729078095533],[152.68316511466583,-25.40128017090013],[152.600097,-25.532528],[152.677001,-26.056782],[152.9892791167984,-25.938548789483512],[152.90423110435748,-25.63030091647444],[152.76116469810748,-25.420729078095533]]]},"properties":{"NAME":"Badtjala","SUBJECTO":"Badtjala","PARTOF":"Badtjala"}},
{"type":"Feature","geometry":{"type":"Polygon","coordinates":[[[118.569946,-24.337086],[118.575439,-24.447149],[119.404907,-24.836595],[119.646606,-25.020906],[119.778442,-24.986058],[119.981689,-24.086589],[119.871826,-23.820526],[119.701538,-23.558951],[119.602661,-23.438049],[119.18518,-23.382598],[118.981933,-23.433009],[118.789672,-23.584126],[118.569946,-24.337086]]]},"properties":{"NAME":"Ngalawangka","SUBJECTO":"Ngalawangka","PARTOF":"Ngalawangka"}},
{"type":"Feature","geometry":{"type":"Polygon","coordinates":[[[142.470703,-24.156778],[142.23999,-24.427145],[142.042236,-24.856534],[141.383056,-25.562265],[141.262207,-25.918526],[141.064453,-26.224446],[141.196289,-26.391869],[141.679687,-26.686729],[141.954345,-26.961245],[142.712402,-26.509904],[143.52539,-25.601902],[143.745117,-25.413508],[143.756103,-25.264568],[143.283691,-24.746831],[142.888183,-24.266997],[142.525634,-24.146753],[142.470703,-24.156778]]]},"properties":{"NAME":"Birria","SUBJECTO":"Birria","PARTOF":"Birria"}},
{"type":"Feature","geometry":{"type":"Polygon","coordinates":[[[122.843627,-18.536908],[122.739257,-18.999802],[122.876586,-19.181489],[123.046874,-19.28522],[123.370971,-19.668452],[123.601684,-20.143627],[123.83789,-20.679044],[124.381713,-20.663626],[124.848632,-20.303417],[125.002441,-20.148784],[125.112304,-19.875225],[124.799194,-18.958246],[124.804687,-18.781516],[124.859619,-18.698285],[124.859619,-18.588982],[124.700317,-18.557739],[124.590454,-18.349311],[124.354248,-18.20848],[124.145507,-18.344097],[123.876342,-18.802318],[123.321533,-18.443135],[123.140258,-18.437924],[122.931518,-18.448346],[122.843627,-18.536908]]]},"properties":{"NAME":"Mangala","SUBJECTO":"Mangala","PARTOF":"Mangala"}},
{"type":"Feature","geometry":{"type":"Polygon","coordinates":[[[132.890625,-12.768946],[132.841186,-12.661777],[132.769775,-12.651058],[132.654418,-12.667137],[132.64343,-12.726084],[132.692871,-12.795731],[132.890625,-12.768946]]]},"properties":{"NAME":"Bukurnidja","SUBJECTO":"Bukurnidja","PARTOF":"Bukurnidja"}},
{"type":"Feature","geometry":{"type":"Polygon","coordinates":[[[120.223389,-29.40132],[120.992432,-30.732393],[121.069336,-31.099982],[121.618652,-31.099982],[122.277832,-31.043522],[122.805176,-30.977609],[123.354492,-30.921076],[123.552246,-30.949347],[123.585205,-30.704058],[123.552246,-30.259067],[122.76123,-28.873539],[122.739258,-28.748397],[122.541504,-28.652031],[122.299805,-28.700225],[122.102051,-28.767659],[121.849365,-28.844674],[119.871826,-28.854296],[119.729004,-28.969701],[120.223389,-29.40132]]]},"properties":{"NAME":"Wangkathaa","SUBJECTO":"Wangkathaa","PARTOF":"Wangkathaa"}},
{"type":"Feature","geometry":{"type":"Polygon","coordinates":[[[137.763061,-33.004056],[137.768554,-32.944148],[137.658691,-32.791891],[137.653198,-32.495863],[138.144836,-32.275522],[138.400268,-32.189559],[138.493652,-32.145384],[138.64746,-32.124453],[138.839721,-32.031363],[138.64746,-31.728167],[138.477172,-31.658057],[138.367309,-31.583215],[137.785034,-31.27855],[137.603759,-31.226894],[137.592773,-31.161109],[137.455444,-31.161109],[136.653442,-31.686107],[136.279907,-31.746854],[136.093139,-31.756196],[135.944824,-31.798224],[135.697631,-31.863562],[135.109863,-32.110495],[135,-32.231389],[134.923095,-32.361403],[135.010986,-32.481963],[135.373535,-32.750321],[135.516357,-32.888813],[135.791015,-33.137551],[135.944824,-33.312167],[136.010742,-33.513919],[136.49414,-33.961586],[136.70288,-33.961586],[136.922607,-33.929687],[137.763061,-33.004056]]]},"properties":{"NAME":"Banggarla","SUBJECTO":"Banggarla","PARTOF":"Banggarla"}},
{"type":"Feature","geometry":{"type":"Polygon","coordinates":[[[149.203595,-36.188504],[149.188417,-35.693072],[149.26056,-35.598619],[149.368775,-35.543198],[149.426231,-35.496434],[149.47299,-35.42788],[149.487686,-35.375609],[149.490358,-35.320034],[149.462965,-35.261809],[149.446655,-35.235663],[149.407995,-35.200131],[149.387972,-35.127303],[149.380119,-35.078377],[149.375287,-35.045744],[149.388576,-35.002208],[149.38918,-34.978454],[149.351124,-34.978949],[149.305215,-34.975485],[149.257494,-34.97202],[149.239165,-34.966927],[149.178271,-34.916897],[149.058787,-34.875219],[149.055533,-34.876702],[149.045771,-34.881744],[149.037455,-34.882041],[149.012057,-34.871615],[149.001572,-34.889411],[148.96251,-34.884073],[148.946963,-34.833044],[148.589639,-35.006803],[148.572586,-35.075542],[148.569962,-35.128131],[148.564715,-35.190336],[148.572586,-35.253564],[148.573398,-35.29212],[148.582891,-35.385046],[148.497454,-35.840375],[149.203595,-36.188504]]]},"properties":{"NAME":"Ngambri","SUBJECTO":"Ngambri","PARTOF":"Ngambri"}},
{"type":"Feature","geometry":{"type":"Polygon","coordinates":[[[140.888671,-22.43134],[140.679931,-22.766051],[140.515136,-23.281719],[140.537109,-23.574056],[140.526123,-23.91597],[140.83374,-23.986252],[141.37207,-24.126701],[142.207031,-24.076559],[142.360839,-24.166802],[142.558593,-24.307053],[142.943115,-24.567108],[143.151855,-24.387127],[143.31665,-23.986252],[143.448486,-23.805449],[143.426513,-23.563987],[143.261718,-23.140359],[143.261718,-22.836945],[143.250732,-22.522705],[142.954101,-22.522705],[142.097167,-22.816694],[141.591796,-22.573438],[141.273193,-22.350075],[141.009521,-22.268764],[140.888671,-22.43134]]]},"properties":{"NAME":"Maiawali","SUBJECTO":"Maiawali","PARTOF":"Maiawali"}},
{"type":"Feature","geometry":{"type":"Polygon","coordinates":[[[136.746826,-17.224758],[136.724853,-17.61261],[136.713867,-17.895114],[136.735839,-18.12497],[136.94458,-18.30238],[137.219238,-18.375379],[137.471923,-18.458768],[137.801513,-18.510865],[138.142089,-18.521283],[138.405761,-18.239785],[138.405761,-17.999631],[138.317871,-17.759149],[138.186035,-17.602139],[137.966308,-17.52882],[137.647705,-17.43451],[137.15332,-17.298198],[136.746826,-17.224758]]]},"properties":{"NAME":"Waanyi","SUBJECTO":"Waanyi","PARTOF":"Waanyi"}},
{"type":"Feature","geometry":{"type":"Polygon","coordinates":[[[140.114135,-30.206861],[140.311889,-30.211608],[141.514892,-29.773913],[141.849975,-29.759608],[142.025756,-29.759608],[142.141113,-29.759608],[142.13562,-29.51611],[142.130126,-29.26244],[142.102661,-28.685768],[142.11914,-28.405896],[142.11914,-28.357567],[141.992797,-28.362401],[141.646728,-28.545925],[141.16333,-28.700224],[140.954589,-28.820612],[140.987548,-28.916823],[141.031494,-29.046565],[140.949096,-29.468296],[140.81726,-29.606894],[140.245971,-29.864465],[140.19104,-30.054831],[140.114135,-30.206861]]]},"properties":{"NAME":"Wadigali","SUBJECTO":"Wadigali","PARTOF":"Wadigali"}},
{"type":"Feature","geometry":{"type":"Polygon","coordinates":[[[151.5743055672481,-33.21509209994612],[151.59556825541188,-33.19159345449528],[151.517684,-33.180663],[151.426748,-33.161624],[151.318645,-33.144377],[151.2541,-33.136831],[151.144378,-33.121295],[151.091623,-33.185903],[151.100072,-33.29126],[151.10148,-33.343356],[151.078767,-33.447187],[150.99884,-33.646635],[150.99884,-33.731192],[151.026306,-33.742612],[151.10321,-33.765448],[151.191101,-33.783713],[151.31020234850794,-33.77382757352504],[151.5743055672481,-33.21509209994612]]]},"properties":{"NAME":"Guringai","SUBJECTO":"Guringai","PARTOF":"Guringai"}},
{"type":"Feature","geometry":{"type":"Polygon","coordinates":[[[114.697266,-24.056496],[115.092773,-24.457151],[115.092773,-24.701925],[115.076294,-24.801695],[114.99939,-25.030861],[115.202637,-25.080624],[115.339966,-25.085599],[115.422363,-24.886436],[115.482788,-24.696934],[115.52124,-24.622051],[115.636597,-24.21691],[115.768433,-24.001308],[115.817871,-23.810475],[115.817871,-23.760209],[115.718994,-23.719983],[115.438843,-23.669682],[115.054321,-23.422928],[114.922485,-23.397724],[114.785156,-23.352343],[114.675293,-23.317036],[114.521484,-23.875792],[114.521484,-24.026397],[114.697266,-24.056496]]]},"properties":{"NAME":"Tharrgari","SUBJECTO":"Tharrgari","PARTOF":"Tharrgari"}},
{"type":"Feature","geometry":{"type":"Polygon","coordinates":[[[145.277709,-17.329664],[144.94812,-17.350638],[144.761352,-17.397821],[144.645996,-17.43451],[144.656982,-17.476432],[144.728393,-17.523582],[144.816284,-17.575957],[145.134887,-17.596903],[145.217285,-17.560246],[145.294189,-17.450232],[145.277709,-17.329664]]]},"properties":{"NAME":"Mbabaram","SUBJECTO":"Mbabaram","PARTOF":"Mbabaram"}},
{"type":"Feature","geometry":{"type":"Polygon","coordinates":[[[124.53141311119343,-16.32516709689436],[124.623413,-16.37285],[124.81018,-16.37285],[124.804687,-16.267413],[124.892578,-16.151368],[124.925537,-15.892659],[125.727539,-15.977172],[125.820922,-15.956047],[125.820922,-15.882092],[125.771484,-15.760536],[125.612182,-15.586001],[125.414428,-15.464269],[125.359497,-15.215288],[125.09557781406181,-15.2592576216331],[124.42450240562702,-15.657898343842604],[124.53141311119343,-16.32516709689436]]]},"properties":{"NAME":"Worora","SUBJECTO":"Worora","PARTOF":"Worora"}},
{"type":"Feature","geometry":{"type":"Polygon","coordinates":[[[151.2001600594356,-23.942411817353346],[151.17403201156657,-23.91990816771417],[150.941162,-24.046463],[150.699462,-24.166802],[150.715942,-24.29704],[150.743408,-24.397133],[150.743408,-24.532132],[150.671997,-24.706915],[150.617065,-24.756808],[150.600585,-24.926294],[150.611572,-25.120419],[150.710449,-25.601902],[150.820312,-25.730632],[151.018066,-25.532528],[151.468505,-25.065697],[151.765136,-25.145284],[151.864013,-25.165173],[152.149658,-25.135339],[152.3991688662595,-25.04616271974114],[152.3967390389278,-24.950924314301588],[152.31797316978717,-24.817552961152174],[152.07273391197467,-24.74175874118147],[151.73014357994342,-24.15748826388655],[151.2001600594356,-23.942411817353346]]]},"properties":{"NAME":"Gureng Gureng","SUBJECTO":"Gureng Gureng","PARTOF":"Gureng Gureng"}},
{"type":"Feature","geometry":{"type":"Polygon","coordinates":[[[136.647949,-20.940919],[136.911621,-21.698265],[137.329101,-21.739091],[137.680664,-21.739091],[137.966308,-21.739091],[138.933105,-21.268899],[139.086914,-21.002471],[139.042968,-20.612219],[138.911132,-20.365227],[138.493652,-20.365227],[137.48291,-20.797201],[136.845703,-20.756113],[136.735839,-20.879342],[136.647949,-20.940919]]]},"properties":{"NAME":"Bularnu","SUBJECTO":"Bularnu","PARTOF":"Bularnu"}},
{"type":"Feature","geometry":{"type":"Polygon","coordinates":[[[123.557739,-17.209017],[123.519287,-17.502628],[123.425903,-17.691128],[123.167724,-17.858518],[123.057861,-18.036198],[123.002929,-18.265869],[122.893066,-18.453557],[123.057861,-18.552532],[123.233642,-18.427501],[123.354492,-18.490028],[123.596191,-18.719097],[123.936767,-18.885497],[124.16748,-18.344097],[124.639892,-18.594188],[124.711303,-18.615013],[124.837646,-18.615013],[125.024414,-18.573361],[125.370483,-18.526491],[125.562744,-18.349311],[125.656127,-18.239785],[125.744018,-18.119749],[125.650634,-18.072756],[125.480346,-17.905568],[125.397949,-17.769612],[125.34851,-17.670193],[125.277099,-17.539296],[125.205688,-17.444991],[125.046386,-17.397821],[124.700317,-17.418787],[124.552001,-17.418787],[124.398193,-17.403062],[123.859863,-17.319176],[123.673095,-17.235251],[123.568725,-17.167034],[123.557739,-17.209017]]]},"properties":{"NAME":"Nyikina","SUBJECTO":"Nyikina","PARTOF":"Nyikina"}},
{"type":"Feature","geometry":{"type":"Polygon","coordinates":[[[143.453979,-37.046408],[143.261718,-37.042024],[142.954101,-37.063944],[142.734375,-37.063944],[142.580566,-37.050793],[142.498168,-37.094621],[142.492675,-37.461778],[142.108154,-37.492293],[141.943359,-37.579412],[141.888427,-37.679472],[141.9104,-37.766372],[142.366333,-37.974514],[142.586059,-38.022131],[142.76184,-37.991833],[142.855224,-37.801103],[142.98706,-37.709899],[143.058471,-37.622933],[142.998046,-37.531509],[143.102416,-37.40071],[143.228759,-37.291535],[143.382568,-37.164694],[143.453979,-37.046408]]]},"properties":{"NAME":"Djabwurung","SUBJECTO":"Djabwurung","PARTOF":"Djabwurung"}},
{"type":"Feature","geometry":{"type":"Polygon","coordinates":[[[123.5758390755489,-16.390787519257643],[123.55294326256062,-16.695965207856275],[123.986206,-16.815057],[123.5758390755489,-16.390787519257643]]]},"properties":{"NAME":"Unggarangi","SUBJECTO":"Unggarangi","PARTOF":"Unggarangi"}},
{"type":"Feature","geometry":{"type":"Polygon","coordinates":[[[123.49826976974188,-17.318642669258928],[123.06107000135496,-16.940077880654442],[122.931518,-16.988502],[122.838134,-17.098792],[122.805175,-17.261482],[122.799682,-17.408304],[122.810668,-17.617846],[122.838134,-17.842832],[122.920532,-18.004855],[123.09082,-18.0832],[123.217163,-17.863747],[123.546752,-17.638787],[123.579711,-17.565483],[123.568725,-17.49215],[123.530273,-17.376852],[123.49826976974188,-17.318642669258928]]]},"properties":{"NAME":"Nimanburu","SUBJECTO":"Nimanburu","PARTOF":"Nimanburu"}},
{"type":"Feature","geometry":{"type":"Polygon","coordinates":[[[138.26032546470904,-16.842495359223463],[137.686157,-16.415009],[137.059936,-16.172472],[136.884155,-16.119706],[136.609497,-16.088042],[136.549072,-16.351766],[136.543579,-16.783505],[136.560058,-16.967487],[136.560058,-17.135541],[136.675415,-17.240497],[136.818237,-17.287709],[136.94458,-17.303443],[137.356567,-17.481671],[137.735595,-17.518344],[137.856445,-17.638787],[138.10913,-17.555009],[138.290405,-16.925449],[138.31830949043598,-16.86441645410779],[138.26032546470904,-16.842495359223463]]]},"properties":{"NAME":"Garawa","SUBJECTO":"Garawa","PARTOF":"Garawa"}},
{"type":"Feature","geometry":{"type":"Polygon","coordinates":[[[142.613525,-30.902224],[142.349853,-30.977609],[142.283935,-31.128199],[142.283935,-31.306715],[142.32788,-31.409912],[142.591552,-31.409912],[142.86621,-31.409912],[143.173828,-31.381778],[143.426513,-31.381778],[143.327636,-30.86451],[143.173828,-30.82678],[142.723388,-30.845647],[142.613525,-30.902224]]]},"properties":{"NAME":"Wandjiwalgu","SUBJECTO":"Wandjiwalgu","PARTOF":"Wandjiwalgu"}},
{"type":"Feature","geometry":{"type":"Polygon","coordinates":[[[137.801513,-18.437924],[137.702636,-18.802318],[137.592773,-19.186677],[137.471923,-19.456233],[137.471923,-19.766703],[138.10913,-19.828725],[138.691406,-20.097206],[138.735351,-20.324023],[139.064941,-20.396123],[139.548339,-20.241582],[139.899902,-20.231274],[140.064697,-20.159098],[139.75708,-19.828725],[139.460449,-19.414792],[139.141845,-19.093266],[138.164062,-18.552532],[137.801513,-18.437924]]]},"properties":{"NAME":"Wakabunga","SUBJECTO":"Wakabunga","PARTOF":"Wakabunga"}},
{"type":"Feature","geometry":{"type":"Polygon","coordinates":[[[130.671386,-27.459539],[130.440673,-27.644606],[130.220947,-27.84879],[129.847411,-28.256005],[129.825437,-28.632746],[129.990231,-29.468296],[130.297851,-29.745301],[130.6604,-29.945415],[131.022949,-30.116621],[131.440429,-30.249577],[131.846923,-30.372875],[133.231201,-30.496017],[134.945068,-31.081165],[135.867919,-31.597252],[136.032714,-31.802892],[136.186523,-31.877557],[137.076416,-31.625321],[137.471923,-31.306715],[137.724609,-31.109388],[137.471923,-30.372875],[136.790771,-29.878755],[136.582031,-29.602118],[136.417236,-29.51611],[135.384521,-29.592565],[134.714355,-29.017748],[134.351806,-28.854296],[134.110107,-28.690587],[133.626708,-28.545925],[133.560791,-28.430052],[133.26416,-28.314053],[132.923583,-28.343064],[132.60498,-28.401064],[132.12158,-28.401064],[131.715087,-28.246327],[131.275634,-28.042894],[130.979003,-27.771051],[130.78125,-27.5375],[130.671386,-27.459539]]]},"properties":{"NAME":"Kokatha","SUBJECTO":"Kokatha","PARTOF":"Kokatha"}},
{"type":"Feature","geometry":{"type":"Polygon","coordinates":[[[141.987304,-13.066101],[141.58817947918416,-13.149475354053067],[141.622009,-13.349537],[141.622009,-13.453737],[141.654968,-13.53653],[141.885681,-13.525849],[141.957092,-13.333502],[141.970825,-13.234598],[141.981811,-13.146352],[141.987304,-13.066101]]]},"properties":{"NAME":"Winda Winda","SUBJECTO":"Winda Winda","PARTOF":"Winda Winda"}},
{"type":"Feature","geometry":{"type":"Polygon","coordinates":[[[145.134887,-26.80446],[145.107421,-26.465655],[144.624023,-26.568876],[143.849487,-26.588527],[143.519897,-26.622907],[143.464965,-26.87308],[143.470458,-27.357131],[143.613281,-27.82936],[143.756103,-27.911912],[143.926391,-27.960443],[144.195556,-27.9847],[144.519653,-28.033197],[144.766845,-28.062285],[144.942626,-28.091366],[145.266723,-27.960443],[145.338134,-27.644606],[145.24475,-27.391278],[145.134887,-26.80446]]]},"properties":{"NAME":"Margany","SUBJECTO":"Margany","PARTOF":"Margany"}},
{"type":"Feature","geometry":{"type":"Polygon","coordinates":[[[134.0439282815765,-12.061191116577326],[133.725585,-11.98905430503876],[133.849182,-12.187019],[133.895873,-12.21118],[134.038693,-12.286333],[134.0439282815765,-12.061191116577326]]]},"properties":{"NAME":"Gunbalang","SUBJECTO":"Gunbalang","PARTOF":"Gunbalang"}},
{"type":"Feature","geometry":{"type":"Polygon","coordinates":[[[118.416138,-28.372069],[118.547974,-28.294707],[118.630371,-28.197927],[118.734741,-28.101058],[118.701782,-27.941034],[118.685303,-27.897349],[118.059082,-27.196014],[117.927246,-27.15692],[117.674561,-27.186242],[117.509766,-27.44979],[116.542969,-27.994401],[116.103516,-28.314053],[115.97168,-28.478349],[115.817871,-28.565225],[115.817871,-28.608637],[116.273804,-29.267233],[116.427612,-29.214508],[116.504517,-29.166552],[116.768188,-29.046566],[117.191162,-28.839862],[117.81189,-28.468691],[118.328247,-28.396233],[118.416138,-28.372069]]]},"properties":{"NAME":"Badimaya","SUBJECTO":"Badimaya","PARTOF":"Badimaya"}},
{"type":"Feature","geometry":{"type":"Polygon","coordinates":[[[130.984497,-12.983147],[130.468139,-13.373587],[131.165771,-13.453737],[131.522827,-13.22925],[130.984497,-12.983147]]]},"properties":{"NAME":"Kungarakany","SUBJECTO":"Kungarakany","PARTOF":"Kungarakany"}},
{"type":"Feature","geometry":{"type":"Polygon","coordinates":[[[133.80249,-13.928735],[133.450927,-14.147229],[133.461914,-14.301646],[133.555297,-14.392118],[134.027706,-14.716447],[134.263916,-14.865159],[134.703369,-15.183482],[134.901123,-15.17818],[134.967041,-15.05621],[134.994506,-14.934169],[134.928588,-14.732386],[134.807739,-14.610162],[133.80249,-13.928735]]]},"properties":{"NAME":"Ngalakan","SUBJECTO":"Ngalakan","PARTOF":"Ngalakan"}},
{"type":"Feature","geometry":{"type":"Polygon","coordinates":[[[124.222412,-31.034108],[124.431152,-32.944148],[126.012736,-32.271172],[127.313676,-32.267271],[128.902587,-31.709476],[131.023591,-31.54631],[131.111196,-31.461755],[131.242674,-30.80791],[131.0260230420579,-30.767890732273298],[128.68705,-30.335841],[127.1298957693869,-30.368124450905245],[126.358514,-30.384117],[125.189406,-30.646721],[124.222412,-31.034108]]]},"properties":{"NAME":"Mirning","SUBJECTO":"Mirning","PARTOF":"Mirning"}},
{"type":"Feature","geometry":{"type":"Polygon","coordinates":[[[152.3077684382812,-32.6958597871904],[152.44512465904498,-32.507114805024244],[152.5367079109981,-32.20791665438948],[152.58199757165636,-32.14094662023226],[152.528686,-32.082574],[151.973876,-32.110495],[151.820068,-32.012732],[151.721191,-32.110495],[151.605834,-32.2732],[151.556396,-32.500496],[151.495971,-32.630122],[151.539916,-32.764181],[151.688232,-32.801127],[151.825561,-32.847288],[152.012329,-32.842672],[152.3077684382812,-32.6958597871904]]]},"properties":{"NAME":"Worimi","SUBJECTO":"Worimi","PARTOF":"Worimi"}},
{"type":"Feature","geometry":{"type":"Polygon","coordinates":[[[143.508911,-15.950766],[143.058471,-15.956047],[142.662963,-16.109153],[142.679443,-16.346495],[142.794799,-16.441353],[143.311157,-16.636191],[143.475952,-16.683554],[143.618774,-16.704601],[143.871459,-16.557227],[143.915405,-16.39393],[143.981323,-16.272687],[143.981323,-16.198849],[143.833007,-16.098598],[143.684692,-16.035253],[143.569335,-16.003575],[143.508911,-15.950766]]]},"properties":{"NAME":"Kokomini","SUBJECTO":"Kokomini","PARTOF":"Kokomini"}},
{"type":"Feature","geometry":{"type":"Polygon","coordinates":[[[135.494384,-27.108033],[135.219726,-27.166695],[135.010986,-27.44004],[134.626464,-28.815799],[134.527587,-28.940861],[134.648437,-29.056169],[134.868164,-29.238477],[134.967041,-29.41089],[135.406494,-29.659416],[136.428222,-29.630771],[136.647949,-29.821582],[136.922607,-29.735762],[137.274169,-29.630771],[137.252197,-29.458731],[136.900634,-28.516969],[136.889648,-28.314053],[136.900634,-28.013801],[136.900634,-27.771051],[136.713867,-27.371767],[136.384277,-27.264395],[135.922851,-27.117812],[135.494384,-27.108033]]]},"properties":{"NAME":"Arabana","SUBJECTO":"Arabana","PARTOF":"Arabana"}},
{"type":"Feature","geometry":{"type":"Polygon","coordinates":[[[135.73878591107882,-14.418759819378128],[135.96454909752154,-13.891323484223463],[135.8288221688106,-13.73269120578108],[135.8292798537459,-13.678013],[135.749816,-13.678013],[135.458679,-13.592599],[135.384521,-13.5392],[135.299377,-13.53653],[135.258178,-13.603278],[135.249938,-13.659331],[135.274658,-13.70203],[135.326843,-13.760728],[135.398254,-13.952726],[135.51361,-14.112603],[135.532836,-14.296323],[135.488891,-14.471915],[135.65451168780731,-14.51098801220237],[135.73878591107882,-14.418759819378128]]]},"properties":{"NAME":"Nunggubuyu","SUBJECTO":"Nunggubuyu","PARTOF":"Nunggubuyu"}},
{"type":"Feature","geometry":{"type":"Polygon","coordinates":[[[131.006469,-15.334518],[130.913085,-15.398079],[130.682373,-15.429853],[130.498352,-15.464269],[130.355527,-15.480151],[130.380248,-15.564836],[130.413208,-15.644196],[130.42694,-15.705018],[130.641174,-15.739388],[131.055906,-15.69973],[131.29486,-15.686509],[131.418455,-15.683865],[131.429442,-15.60452],[131.388241,-15.496032],[131.248168,-15.361004],[131.119079,-15.318624],[131.058652,-15.305379],[131.006469,-15.334518]]]},"properties":{"NAME":"Nungali","SUBJECTO":"Nungali","PARTOF":"Nungali"}},
{"type":"Feature","geometry":{"type":"Polygon","coordinates":[[[147.568359,-22.421184],[147.370605,-22.421184],[147.22229,-22.497332],[147.145385,-22.598797],[147.095947,-23.29181],[147.194824,-23.347299],[147.74414,-23.206009],[147.881469,-23.104996],[147.96936,-22.958393],[148.07373,-22.852132],[147.980346,-22.760986],[147.881469,-22.619081],[147.755126,-22.456725],[147.595825,-22.416106],[147.568359,-22.421184]]]},"properties":{"NAME":"Wangan","SUBJECTO":"Wangan","PARTOF":"Wangan"}},
{"type":"Feature","geometry":{"type":"Polygon","coordinates":[[[148.544175,-27.808955],[149.413348,-27.790315],[149.5035,-27.696019],[149.558137,-27.608905],[149.628922,-27.374043],[149.633142,-27.315946],[149.633922,-27.253016],[149.626926,-27.058141],[149.647091,-26.905401],[149.64972,-26.542455],[149.671335,-26.399072],[149.462889,-26.345309],[149.403782,-26.315119],[148.71786,-26.075275],[148.608868,-26.009182],[148.399536,-26.024601],[148.34463,-26.040019],[148.317177,-26.0616],[148.30345,-26.107832],[148.30345,-26.197162],[148.310313,-26.317187],[148.320608,-26.434015],[148.36522,-26.526165],[148.450712,-26.899667],[148.510486,-26.992915],[148.566113,-27.461042],[148.544175,-27.808955]]]},"properties":{"NAME":"Mandandanji","SUBJECTO":"Mandandanji","PARTOF":"Mandandanji"}},
{"type":"Feature","geometry":{"type":"Polygon","coordinates":[[[140.899658,-36.782892],[141.026,-36.734481],[141.026,-36.641977],[141.124877,-36.279707],[140.943603,-36.244273],[140.185546,-36.257562],[140.075683,-36.284135],[140.097656,-36.368221],[140.097656,-36.536122],[140.130615,-36.712467],[140.180053,-36.800488],[140.29541,-36.87962],[140.657958,-36.923547],[140.789794,-36.857647],[140.899658,-36.782892]]]},"properties":{"NAME":"Bindjali","SUBJECTO":"Bindjali","PARTOF":"Bindjali"}},
{"type":"Feature","geometry":{"type":"Polygon","coordinates":[[[139.328613,-17.926475],[139.328613,-18.823116],[139.119873,-19.207428],[139.691162,-19.973348],[139.866943,-20.148784],[139.976806,-20.190035],[140.119628,-19.797717],[140.119628,-18.750309],[139.998779,-18.218916],[139.812011,-17.989182],[139.493408,-17.905568],[139.328613,-17.926475]]]},"properties":{"NAME":"Mayi-Kutuna","SUBJECTO":"Mayi-Kutuna","PARTOF":"Mayi-Kutuna"}},
{"type":"Feature","geometry":{"type":"Polygon","coordinates":[[[117.421875,-21.099875],[117.180176,-21.033237],[117.026367,-21.043491],[116.911011,-21.284256],[116.889038,-21.340548],[116.872559,-21.442843],[117.207642,-21.785006],[117.317505,-21.825807],[117.476807,-21.907375],[117.647095,-21.983801],[117.960205,-22.126355],[118.877563,-22.375476],[119.042358,-22.233175],[119.036865,-22.100909],[119.020386,-21.93795],[118.970947,-21.800308],[118.690796,-21.652323],[118.394165,-21.550175],[118.114014,-21.432617],[117.905273,-21.274019],[117.421875,-21.099875]]]},"properties":{"NAME":"Yindjibarndi","SUBJECTO":"Yindjibarndi","PARTOF":"Yindjibarndi"}},
{"type":"Feature","geometry":{"type":"Polygon","coordinates":[[[122.2210766509268,-18.190648002702567],[121.5458603036234,-18.771182937017212],[121.541748,-18.814017],[122.346496,-18.967337],[122.685699,-19.059521],[122.849121,-18.947855],[122.926025,-18.562947],[122.88208,-18.448346],[122.2210766509268,-18.190648002702567]]]},"properties":{"NAME":"Karajarri","SUBJECTO":"Karajarri","PARTOF":"Karajarri"}},
{"type":"Feature","geometry":{"type":"Polygon","coordinates":[[[150.35558608482623,-22.55167428378401],[150.1252553454577,-22.423824810825355],[150.199584,-22.593726],[150.188598,-22.78631],[149.996337,-22.862256],[149.58435,-22.852132],[149.397583,-22.684984],[149.342651,-22.461802],[149.287719,-22.350075],[149.111938,-22.360236],[148.875732,-22.360236],[148.798828,-22.451648],[149.029541,-22.948276],[149.188842,-23.180763],[149.315185,-23.352342],[149.666748,-23.579091],[149.924926,-23.563987],[150.150146,-23.563987],[150.33142,-23.563987],[150.424804,-23.614328],[150.485229,-23.639492],[150.540161,-23.719982],[150.639038,-23.659619],[150.776367,-23.569022],[150.7999298391529,-23.558220424899925],[150.7544050545528,-22.811520017426588],[150.35558608482623,-22.55167428378401]]]},"properties":{"NAME":"Darumbal","SUBJECTO":"Darumbal","PARTOF":"Darumbal"}},
{"type":"Feature","geometry":{"type":"Polygon","coordinates":[[[144.7308935452064,-38.07718468212542],[145.93387893150592,-38.881470121186354],[146.634521,-38.87698761882747],[146.634521,-38.873928],[146.623535,-38.694085],[146.359863,-38.676933],[146.348876,-38.32442],[146.217041,-38.298559],[145.997314,-38.255436],[144.909667,-37.762029],[144.821777,-37.840156],[144.569091,-37.892195],[144.569091,-38.013476],[144.7308935452064,-38.07718468212542]]]},"properties":{"NAME":"Boonwurrung","SUBJECTO":"Boonwurrung","PARTOF":"Boonwurrung"}},
{"type":"Feature","geometry":{"type":"Polygon","coordinates":[[[140.350341,-21.728885],[140.218505,-22.024545],[140.218505,-22.187404],[140.339355,-22.370396],[140.723876,-22.532853],[140.976562,-22.553147],[141.053466,-22.21792],[141.020507,-21.861498],[140.822753,-21.647217],[140.614013,-21.688057],[140.350341,-21.728885]]]},"properties":{"NAME":"Yanda","SUBJECTO":"Yanda","PARTOF":"Yanda"}},
{"type":"Feature","geometry":{"type":"Polygon","coordinates":[[[144.645996,-17.549771],[144.492187,-18.177168],[144.481201,-18.510865],[144.492187,-19.041348],[144.426269,-19.259294],[144.27246,-19.466592],[144.162597,-19.63224],[144.151611,-19.952696],[144.118652,-20.241582],[144.118652,-20.416716],[144.085693,-20.488773],[144.898681,-20.40642],[145.283203,-20.447602],[145.557861,-20.529933],[145.843505,-20.396123],[146.33789,-20.344626],[146.601562,-20.447602],[146.931152,-20.550508],[147.062988,-20.622502],[147.216796,-20.509354],[147.271728,-20.086888],[147.20581,-19.849393],[146.854248,-19.40443],[146.66748,-19.35261],[146.502685,-19.311143],[146.348876,-19.238549],[145.964355,-18.885497],[145.854492,-18.677471],[145.689697,-18.479609],[145.524902,-18.354525],[145.404052,-18.145851],[145.360107,-18.010079],[145.338134,-17.85329],[145.283203,-17.675427],[145.173339,-17.52882],[144.909667,-17.549771],[144.645996,-17.549771]]]},"properties":{"NAME":"Gugu-Badhun","SUBJECTO":"Gugu-Badhun","PARTOF":"Gugu-Badhun"}},
{"type":"Feature","geometry":{"type":"Polygon","coordinates":[[[123.4598745424912,-33.99389568918192],[123.62303451011921,-33.915073789399244],[123.95468164065512,-33.478717759591156],[123.651123,-33.137551],[122.453613,-33.017876],[121.519775,-32.778038],[121.091309,-32.778038],[120.377197,-33.008663],[120.201416,-33.082337],[118.575439,-33.284619],[119.50820637457548,-34.336398654716604],[121.74030593345906,-33.9634632242137],[123.18582007240731,-34.040007387866716],[123.4598745424912,-33.99389568918192]]]},"properties":{"NAME":"Wudjari","SUBJECTO":"Wudjari","PARTOF":"Wudjari"}},
{"type":"Feature","geometry":{"type":"Polygon","coordinates":[[[131.385498,-16.772986],[130.979003,-16.39393],[130.825195,-16.446622],[130.737304,-16.488764],[130.726317,-16.55196],[130.297851,-17.077789],[130.264892,-17.287709],[130.264892,-17.350638],[130.495605,-17.350638],[130.814208,-17.403062],[130.968017,-17.392579],[131.385498,-16.772986]]]},"properties":{"NAME":"Bilinara","SUBJECTO":"Bilinara","PARTOF":"Bilinara"}},
{"type":"Feature","geometry":{"type":"Polygon","coordinates":[[[130.365828,-13.374255],[130.308151,-13.392291],[130.302658,-13.44038],[130.321884,-13.459079],[130.353467,-13.463086],[130.411834,-13.404314],[130.390548,-13.376927],[130.365828,-13.374255]]]},"properties":{"NAME":"Tjerratj","SUBJECTO":"Tjerratj","PARTOF":"Tjerratj"}},
{"type":"Feature","geometry":{"type":"Polygon","coordinates":[[[152.97185805748248,-31.418175138276197],[152.9839509915675,-31.268084618319957],[152.946166,-31.250378],[152.578125,-31.259769],[152.001342,-31.090574],[151.655273,-31.062345],[151.42456,-31.052933],[151.232299,-31.151707],[151.408081,-31.494261],[151.375122,-31.583215],[151.325683,-31.629998],[151.44104,-31.662732],[151.556396,-31.737511],[151.770629,-32.03602],[151.913452,-32.143059],[152.199096,-32.138408],[152.5177,-32.161662],[152.57985106600452,-32.14412066823203],[152.83397963951373,-31.768339551728346],[152.97185805748248,-31.418175138276197]]]},"properties":{"NAME":"Biripi","SUBJECTO":"Biripi","PARTOF":"Biripi"}},
{"type":"Feature","geometry":{"type":"Polygon","coordinates":[[[142.080688,-28.415559],[142.047729,-28.67131],[142.047729,-29.286398],[142.042236,-29.52567],[142.047729,-29.721451],[142.591552,-29.783449],[142.954101,-29.81205],[143.333129,-29.792984],[143.503417,-29.759608],[143.388061,-29.051367],[143.415527,-28.777289],[142.954101,-28.72913],[142.404785,-28.594168],[142.108154,-28.362401],[142.080688,-28.415559]]]},"properties":{"NAME":"Karenggapa","SUBJECTO":"Karenggapa","PARTOF":"Karenggapa"}},
{"type":"Feature","geometry":{"type":"Polygon","coordinates":[[[148.881225,-26.086388],[149.029541,-26.096254],[149.194335,-25.89382],[149.27124,-25.601902],[149.276733,-25.234758],[149.27124,-25.140311],[148.749389,-25.21985],[148.469238,-25.2596],[148.359375,-25.314235],[148.331909,-25.591994],[148.28247,-25.85428],[148.19458,-26.130782],[148.326416,-26.10612],[148.557128,-26.051847],[148.881225,-26.086388]]]},"properties":{"NAME":"Gungabula","SUBJECTO":"Gungabula","PARTOF":"Gungabula"}},
{"type":"Feature","geometry":{"type":"Polygon","coordinates":[[[142.822265,-13.100879],[142.822265,-13.400307],[142.77832,-13.645986],[142.805786,-14.120594],[142.855224,-14.285677],[142.992553,-14.264383],[143.272705,-14.163208],[143.338623,-14.115267],[143.355102,-14.019355],[143.404541,-13.768731],[143.42102,-13.480447],[143.42102,-13.378931],[143.344116,-13.202512],[143.190307,-12.983147],[143.113403,-12.918906],[142.943115,-13.009909],[142.822265,-13.100879]]]},"properties":{"NAME":"Kaantju","SUBJECTO":"Kaantju","PARTOF":"Kaantju"}},
{"type":"Feature","geometry":{"type":"Polygon","coordinates":[[[144.953613,-32.602361],[144.865722,-32.879587],[144.228515,-32.861131],[144.51416,-33.192729],[145.063476,-33.559706],[144.667968,-33.888657],[144.645996,-34.198173],[144.755859,-34.633207],[144.997558,-34.976001],[145.129394,-35.263561],[145.195312,-35.728677],[145.546875,-35.924644],[146.184082,-36.084621],[146.953124,-36.120127],[147.436523,-36.084621],[147.985839,-36.084621],[148.095703,-35.639441],[148.139648,-35.335293],[148.139648,-34.976001],[148.139648,-34.687427],[148.271484,-34.452218],[148.469238,-34.343436],[148.754882,-34.307143],[149.106445,-34.252676],[149.677734,-34.089061],[149.875488,-33.797408],[150.051269,-32.990235],[150.117187,-32.73184],[149.853515,-32.249974],[149.655761,-32.026705],[148.754882,-31.672083],[147.304687,-31.672083],[146.689453,-31.784216],[146.0083,-32.026705],[144.953613,-32.602361]]]},"properties":{"NAME":"Wiradjuri","SUBJECTO":"Wiradjuri","PARTOF":"Wiradjuri"}},
{"type":"Feature","geometry":{"type":"Polygon","coordinates":[[[146.94948867271685,-19.443359769623854],[146.6304597545847,-19.259855520863283],[146.629143,-19.269984],[146.94948867271685,-19.443359769623854]]]},"properties":{"NAME":"Wulgurukaba","SUBJECTO":"Wulgurukaba","PARTOF":"Wulgurukaba"}},
{"type":"Feature","geometry":{"type":"Polygon","coordinates":[[[138.131103,-26.559049],[138.273925,-27.283925],[138.405761,-27.391278],[138.55957,-27.479034],[139.108886,-27.527758],[139.570312,-27.322974],[139.866943,-27.274161],[140.064697,-27.274161],[140.306396,-26.617996],[140.361328,-26.40171],[140.405273,-26.214591],[140.196533,-26.283564],[139.779052,-26.283564],[139.471435,-26.204734],[139.130859,-26.194876],[138.88916,-26.194876],[138.735351,-26.372185],[138.218994,-26.362342],[138.065185,-26.431228],[138.131103,-26.559049]]]},"properties":{"NAME":"Ngamini","SUBJECTO":"Ngamini","PARTOF":"Ngamini"}},
{"type":"Feature","geometry":{"type":"Polygon","coordinates":[[[142.531127,-38.470793],[143.129882,-38.711232],[143.256225,-38.728375],[143.448486,-38.573937],[143.4375,-38.500892],[143.327636,-38.470793],[143.223266,-38.453588],[143.036499,-38.401949],[143.080444,-38.048091],[143.080444,-37.913867],[143.080444,-37.809783],[143.041992,-37.688167],[142.904663,-37.692514],[142.783813,-37.766372],[142.67395,-37.965854],[142.668457,-38.039438],[142.531127,-38.470793]]]},"properties":{"NAME":"Giraiwurung","SUBJECTO":"Giraiwurung","PARTOF":"Giraiwurung"}},
{"type":"Feature","geometry":{"type":"Polygon","coordinates":[[[143.1120708670923,-12.246102113362639],[143.09967,-12.238023],[142.907409,-12.275598],[142.77832,-12.294384],[142.767333,-12.294384],[142.794799,-12.361465],[142.844238,-12.447304],[142.868957,-12.511665],[142.921142,-12.613536],[142.967834,-12.771625],[142.973327,-12.934968],[142.973327,-12.9885],[142.976074,-13.028641],[143.10791,-12.977794],[143.22052,-12.926937],[143.360595,-12.865359],[143.3783523308854,-12.84277526863172],[143.37115004966998,-12.813800252717115],[143.29229262779498,-12.686838544648268],[142.9707899422481,-12.534967817109205],[143.1120708670923,-12.246102113362639]]]},"properties":{"NAME":"Kuuku-ya’u","SUBJECTO":"Kuuku-ya’u","PARTOF":"Kuuku-ya’u"}},
{"type":"Feature","geometry":{"type":"Polygon","coordinates":[[[121.333008,-21.993989],[121.14624,-22.024546],[121.080322,-22.105999],[121.124268,-22.278931],[121.124268,-23.049407],[121.003418,-23.301901],[120.953979,-23.357386],[120.970459,-23.438049],[121.953735,-24.527135],[122.261353,-24.796708],[122.838135,-25.299338],[122.909546,-25.373809],[122.980957,-25.423431],[124.266357,-24.256981],[125.255127,-24.467151],[125.606689,-24.637031],[126.156006,-24.226929],[128.012695,-24.106647],[127.825928,-23.91597],[127.43042,-23.654588],[127.045898,-23.301901],[126.5625,-22.350076],[126.309814,-22.044913],[125.991211,-21.810508],[125.386963,-21.810508],[125.211182,-21.963425],[124.090576,-22.350076],[123.607178,-21.42239],[123.409424,-21.361013],[123.167725,-21.381475],[122.541504,-22.411029],[121.333008,-21.993989]]]},"properties":{"NAME":"Mardu","SUBJECTO":"Mardu","PARTOF":"Mardu"}},
{"type":"Feature","geometry":{"type":"Polygon","coordinates":[[[119.35423834153876,-34.545847677401966],[119.4603503149292,-34.40149921309091],[119.163208,-34.102708],[118.674316,-33.523079],[118.43811,-33.165145],[117.861328,-33.394759],[117.449341,-33.651208],[117.652588,-33.811102],[117.674561,-34.048108],[118.569946,-34.225429],[118.921509,-34.288992],[119.35423834153876,-34.545847677401966]]]},"properties":{"NAME":"Goreng","SUBJECTO":"Goreng","PARTOF":"Goreng"}},
{"type":"Feature","geometry":{"type":"Polygon","coordinates":[[[133.406982,-12.849293],[133.01422,-12.076924],[133.319088,-12.806444],[133.406982,-12.849293]]]},"properties":{"NAME":"Gunwinggu","SUBJECTO":"Gunwinggu","PARTOF":"Gunwinggu"}},
{"type":"Feature","geometry":{"type":"Polygon","coordinates":[[[113.752441,-25.324167],[114.005127,-25.710837],[114.213867,-25.765267],[114.570923,-25.765267],[114.966431,-25.730633],[115.20813,-25.715786],[115.889282,-25.686088],[115.944216,-25.34899],[115.938723,-25.259601],[115.894779,-25.294371],[115.828859,-25.209911],[115.768435,-25.170145],[115.75195599056093,-25.176773068987966],[115.438843,-25.010951],[115.263062,-24.96614],[114.867554,-24.921313],[114.136963,-24.671978],[113.631592,-24.781747],[113.554688,-24.881453],[113.752441,-25.324167]]]},"properties":{"NAME":"Yinggarda","SUBJECTO":"Yinggarda","PARTOF":"Yinggarda"}},
{"type":"Feature","geometry":{"type":"Polygon","coordinates":[[[145.86948684166217,-17.194960035126783],[145.68572501278808,-16.93285496502657],[145.571594,-17.21164],[145.464477,-17.256236],[145.593566,-17.31131],[145.653991,-17.337529],[145.925903,-17.465952],[145.9764878736,-17.467508567331016],[145.86948684166217,-17.194960035126783]]]},"properties":{"NAME":"Yidinjdji","SUBJECTO":"Yidinjdji","PARTOF":"Yidinjdji"}},
{"type":"Feature","geometry":{"type":"Polygon","coordinates":[[[136.16455,-23.301901],[136.098632,-23.039297],[134.318847,-23.019076],[133.835449,-22.958393],[133.220214,-22.917922],[132.62695,-22.776181],[132.539062,-22.796439],[132.275387,-23.039297],[132.033691,-23.180763],[132.033691,-23.66465],[133.242187,-25.443274],[133.769531,-26.017297],[134.165039,-26.254009],[135.065917,-27.019984],[135.373535,-27.352252],[135.878906,-27.371767],[136.186523,-27.215556],[136.186523,-26.725986],[136.274414,-26.135713],[136.274414,-25.085598],[136.16455,-24.307053],[136.16455,-23.301901]]]},"properties":{"NAME":"Arrernte","SUBJECTO":"Arrernte","PARTOF":"Arrernte"}},
{"type":"Feature","geometry":{"type":"Polygon","coordinates":[[[142.64426711509967,-11.092706121247389],[142.33755019615435,-10.91538277987776],[142.25933897027898,-10.998459700201874],[142.275695,-11.032863],[142.662963,-11.143371],[142.662963,-11.31848],[142.668457,-11.482716],[142.668457,-11.601122],[142.67395,-11.724856],[142.67395,-11.784014],[142.79522618914814,-11.756614445165036],[142.74920180748248,-11.321312345307447],[142.64426711509967,-11.092706121247389]]]},"properties":{"NAME":"Yadhaigana","SUBJECTO":"Yadhaigana","PARTOF":"Yadhaigana"}},
{"type":"Feature","geometry":{"type":"Polygon","coordinates":[[[138.740844,-34.831841],[138.55133,-35.339774],[138.578796,-35.400244],[138.982543,-35.216453],[139.155578,-35.110921],[139.19403,-35.023248],[139.221496,-34.960246],[139.235229,-34.863397],[139.232482,-34.554073],[139.216003,-34.445423],[139.130859,-34.440893],[138.988037,-34.472599],[138.850708,-34.526924],[138.76831,-34.567644],[138.707885,-34.608345],[138.740844,-34.831841]]]},"properties":{"NAME":"Peramangk","SUBJECTO":"Peramangk","PARTOF":"Peramangk"}},
{"type":"Feature","geometry":{"type":"Polygon","coordinates":[[[138.372802,-24.577099],[138.372802,-24.776759],[138.383789,-25.005972],[138.526611,-25.661333],[138.713378,-25.938287],[138.812255,-25.958044],[138.861694,-25.997549],[139.108886,-25.681137],[139.196777,-25.552353],[139.350585,-25.254632],[139.460449,-25.065697],[139.603271,-24.666986],[139.537353,-24.45715],[139.141845,-24.016361],[138.911132,-23.443088],[139.361572,-22.299261],[139.207763,-22.146707],[138.449707,-22.105998],[138.251953,-22.654571],[138.262939,-23.29181],[138.361816,-23.644524],[138.361816,-23.91597],[138.372802,-24.577099]]]},"properties":{"NAME":"Wangkamana","SUBJECTO":"Wangkamana","PARTOF":"Wangkamana"}},
{"type":"Feature","geometry":{"type":"Polygon","coordinates":[[[132.429199,-12.747516],[132.451169,-12.600134],[132.4256020808771,-12.321980001864373],[132.17560044928825,-12.34397461494244],[132.195739,-12.511665],[132.192993,-12.766267],[132.297362,-12.785017],[132.429199,-12.747516]]]},"properties":{"NAME":"Konbudj","SUBJECTO":"Konbudj","PARTOF":"Konbudj"}},
{"type":"Feature","geometry":{"type":"Polygon","coordinates":[[[147.128906,-23.347299],[147.194824,-23.951116],[147.238769,-24.03643],[147.370605,-24.226928],[147.612304,-24.502144],[147.810058,-24.617057],[148.117675,-24.806681],[148.469238,-24.517139],[148.634033,-24.337086],[148.743896,-24.206889],[148.606567,-23.986252],[148.568115,-23.594194],[148.529663,-23.4834],[148.211059,-23.044352],[148.079223,-22.887562],[148.013305,-22.852132],[147.832031,-23.059516],[147.672729,-23.175713],[147.370605,-23.256487],[147.128906,-23.347299]]]},"properties":{"NAME":"Gayiri","SUBJECTO":"Gayiri","PARTOF":"Gayiri"}},
{"type":"Feature","geometry":{"type":"Polygon","coordinates":[[[136.801757,-27.741884],[136.834716,-28.719496],[136.933593,-29.00814],[137.03247,-29.276816],[137.175292,-29.659416],[137.537841,-29.573457],[138.449707,-29.602118],[138.603515,-29.171348],[138.691406,-28.478348],[138.427734,-28.130127],[138.262939,-27.858503],[138.22998,-27.771051],[138.120117,-27.60567],[136.933593,-27.664068],[136.801757,-27.741884]]]},"properties":{"NAME":"Dhirari","SUBJECTO":"Dhirari","PARTOF":"Dhirari"}},
{"type":"Feature","geometry":{"type":"Polygon","coordinates":[[[123.947753,-24.347096],[122.937011,-25.165173],[122.76123,-25.621715],[122.783203,-26.155437],[122.893066,-26.49024],[123.156738,-26.784847],[123.728027,-27.15692],[124.16748,-27.352252],[124.365234,-27.469287],[124.486083,-27.15692],[124.530029,-26.853479],[124.881591,-26.135713],[125.485839,-25.908644],[126.375732,-26.441065],[126.837158,-26.578702],[127.30957,-26.588527],[127.430419,-26.578702],[127.078857,-26.391869],[126.870117,-26.234302],[126.364746,-25.958044],[125.90332,-25.65143],[125.584716,-24.96614],[125.584716,-24.746831],[125.507812,-24.59708],[125.24414,-24.417142],[124.255371,-24.196868],[123.947753,-24.347096]]]},"properties":{"NAME":"Ngaanyatjarra","SUBJECTO":"Ngaanyatjarra","PARTOF":"Ngaanyatjarra"}},
{"type":"Feature","geometry":{"type":"Polygon","coordinates":[[[148.70600417564654,-20.844784177582838],[148.6945904941358,-20.82914096695401],[148.584594,-20.889607],[148.647766,-20.974263],[148.713684,-21.099875],[148.908691,-21.376359],[148.947143,-21.50674],[148.991088,-21.59615],[149.040527,-21.672743],[149.197082,-21.614025],[149.29386542789823,-21.582028271567445],[149.2001600594356,-21.31423989657698],[149.10148147056842,-21.06012383822737],[148.70600417564654,-20.844784177582838]]]},"properties":{"NAME":"Yuwi","SUBJECTO":"Yuwi","PARTOF":"Yuwi"}},
{"type":"Feature","geometry":{"type":"Polygon","coordinates":[[[124.8463468880489,-16.53004113559065],[125.617675,-17.119792],[125.771484,-17.004261],[125.859375,-16.930705],[125.936279,-16.836089],[126.529541,-16.899171],[127.078857,-16.003575],[127.298583,-16.003575],[127.51831,-16.003575],[127.738037,-15.982453],[128.023681,-15.823966],[128.111572,-15.654775],[128.122558,-15.517205],[128.023681,-15.42191],[127.825927,-15.559544],[127.716064,-15.464269],[127.716064,-15.294782],[127.617187,-15.199386],[127.441406,-15.17818],[127.375488,-14.700508],[127.276611,-14.445319],[126.990966,-14.381476],[126.694335,-14.381476],[126.046142,-14.636738],[125.947265,-14.870469],[125.90332,-15.305379],[125.848388,-15.506619],[125.727539,-15.771109],[125.562744,-15.845104],[125.002441,-15.792253],[124.815673,-15.940202],[124.782714,-16.235772],[124.804687,-16.499299],[124.8463468880489,-16.53004113559065]]]},"properties":{"NAME":"Ngarinyin","SUBJECTO":"Ngarinyin","PARTOF":"Ngarinyin"}},
{"type":"Feature","geometry":{"type":"Polygon","coordinates":[[[152.885913,-27.484656],[152.98129740845306,-27.277891830340657],[152.852106,-27.225924],[152.811762,-27.294891],[152.885913,-27.484656]]]},"properties":{"NAME":"Turrbal","SUBJECTO":"Turrbal","PARTOF":"Turrbal"}},
{"type":"Feature","geometry":{"type":"Polygon","coordinates":[[[127.408447,-16.077485],[127.320556,-16.667767],[127.496337,-17.203769],[127.342529,-17.329664],[126.452636,-17.685895],[126.221923,-17.727758],[126.057128,-17.926475],[125.936279,-18.062312],[126.485595,-18.135411],[126.738281,-18.479609],[126.892089,-18.479609],[127.029418,-18.469188],[127.545776,-18.260653],[128.056637,-17.936928],[128.232419,-17.717293],[128.298339,-17.549771],[128.430174,-17.560246],[128.781737,-17.664959],[128.880615,-17.780074],[128.979492,-17.811456],[129.056396,-17.85329],[129.023437,-17.623081],[128.891601,-17.172282],[128.80371,-16.69934],[128.902587,-16.646718],[129.111325,-16.625665],[129.265136,-16.625665],[129.342041,-16.457158],[129.287106,-16.341225],[129.221191,-16.267413],[129.012451,-16.140815],[128.078612,-15.876809],[127.803955,-15.866241],[127.551269,-15.971891],[127.408447,-16.077485]]]},"properties":{"NAME":"Kija","SUBJECTO":"Kija","PARTOF":"Kija"}},
{"type":"Feature","geometry":{"type":"Polygon","coordinates":[[[131.341552,-13.632641],[131.31134,-13.715371],[131.154785,-13.766063],[130.907592,-13.779401],[130.855407,-13.808742],[130.863644,-13.904741],[130.877378,-14.01669],[130.907592,-14.181849],[130.792236,-14.397438],[130.545043,-14.482552],[130.385742,-14.487871],[130.3363,-14.514462],[130.3363,-14.57295],[130.347287,-14.668625],[130.352781,-14.748323],[130.424194,-14.758947],[130.627441,-14.753635],[130.847167,-14.764259],[130.957031,-14.796127],[131.011962,-14.838611],[131.176757,-14.806749],[131.308593,-14.790816],[131.671142,-14.652682],[131.973266,-14.647368],[132.000732,-14.541049],[131.923825,-14.450638],[131.978759,-14.370833],[131.997985,-13.976715],[131.341552,-13.632641]]]},"properties":{"NAME":"Wagiman","SUBJECTO":"Wagiman","PARTOF":"Wagiman"}},
{"type":"Feature","geometry":{"type":"Polygon","coordinates":[[[141.86329005054887,-12.099741291137985],[141.8124076810723,-12.183320591993441],[141.928253,-12.187019],[141.950225,-12.162855],[141.943359,-12.121236],[141.89804,-12.102438],[141.86329005054887,-12.099741291137985]]]},"properties":{"NAME":"Yupangathi","SUBJECTO":"Yupangathi","PARTOF":"Yupangathi"}},
{"type":"Feature","geometry":{"type":"Polygon","coordinates":[[[132.335815,-12.977794],[132.374267,-13.015262],[132.412719,-13.04202],[132.670898,-13.036669],[132.72583,-12.908198],[132.72583,-12.82787],[132.70935,-12.795731],[132.412719,-12.801088],[132.335815,-12.977794]]]},"properties":{"NAME":"Ngombur","SUBJECTO":"Ngombur","PARTOF":"Ngombur"}},
{"type":"Feature","geometry":{"type":"Polygon","coordinates":[[[136.49414,-23.059516],[137.065429,-22.390713],[137.043457,-21.841104],[136.977539,-21.412162],[136.889648,-21.063997],[136.560058,-20.735565],[136.384277,-20.715015],[135.878906,-20.940919],[134.67041,-21.800308],[134.406738,-22.126354],[133.989257,-22.370396],[133.945312,-22.836945],[134.055174,-23.241346],[135.021972,-23.241346],[135.922851,-23.160563],[136.49414,-23.059516]]]},"properties":{"NAME":"Alyawarre","SUBJECTO":"Alyawarre","PARTOF":"Alyawarre"}},
{"type":"Feature","geometry":{"type":"Polygon","coordinates":[[[145.45112136314654,-16.598232663910963],[145.272216,-16.815057],[145.266723,-17.098792],[145.277709,-17.224758],[145.327148,-17.32442],[145.458984,-17.271973],[145.585327,-17.230004],[145.7175121061285,-16.978193860374564],[145.45112136314654,-16.598232663910963]]]},"properties":{"NAME":"Djabuganjdji","SUBJECTO":"Djabuganjdji","PARTOF":"Djabuganjdji"}},
{"type":"Feature","geometry":{"type":"Polygon","coordinates":[[[151.413574,-31.606609],[150.946655,-31.634675],[149.716186,-32.054644],[149.622802,-32.277844],[149.771118,-32.500496],[150.183105,-32.375321],[150.55664,-32.259265],[150.853271,-32.259265],[151.30371,-32.42634],[151.611328,-32.519025],[151.710205,-32.222095],[151.798095,-32.026705],[151.6333,-31.718822],[151.413574,-31.606609]]]},"properties":{"NAME":"Geawegal","SUBJECTO":"Geawegal","PARTOF":"Geawegal"}},
{"type":"Feature","geometry":{"type":"Polygon","coordinates":[[[134.384765,-17.256236],[134.417724,-17.790535],[134.659423,-17.685895],[134.868164,-17.685895],[135.29663,-17.727758],[135.472412,-17.633552],[135.615234,-17.539296],[135.966796,-17.161785],[136.032714,-16.951724],[136.032714,-16.772986],[135.670166,-16.457158],[135.450439,-16.362309],[135.263671,-16.362309],[135,-16.709862],[134.659423,-17.109292],[134.384765,-17.256236]]]},"properties":{"NAME":"Ngandji","SUBJECTO":"Ngandji","PARTOF":"Ngandji"}},
{"type":"Feature","geometry":{"type":"Polygon","coordinates":[[[144.94812,-30.268556],[144.909667,-30.467614],[145.118408,-30.779598],[144.854736,-31.409912],[144.733886,-31.531726],[144.492187,-31.784216],[144.283447,-32.361403],[144.217529,-32.750321],[144.239501,-32.953367],[144.437255,-32.971803],[144.711914,-33.008663],[145.030517,-32.990235],[145.101928,-32.597732],[146.140136,-32.152361],[147.013549,-31.802892],[147.266235,-31.718822],[147.211303,-31.597252],[147.189331,-31.184609],[146.986083,-30.57172],[146.310424,-30.130875],[146.260986,-30.021543],[146.211547,-29.945415],[145.969848,-29.950175],[145.67871,-30.09286],[145.535888,-30.221101],[145.206298,-30.306503],[144.94812,-30.268556]]]},"properties":{"NAME":"Wongaibon","SUBJECTO":"Wongaibon","PARTOF":"Wongaibon"}},
{"type":"Feature","geometry":{"type":"Polygon","coordinates":[[[146.31362,-27.170045],[145.809412,-27.554291],[145.812584,-27.637943],[145.832519,-27.702983],[145.859985,-27.868216],[146.002807,-28.110748],[146.195068,-28.343064],[146.720818,-28.772374],[147.395328,-29.042648],[147.504109,-29.041321],[147.706266,-29.009913],[147.825967,-28.950475],[148.039332,-28.828073],[148.40802,-28.397563],[148.405206,-28.346747],[148.381791,-28.27102],[147.593993,-27.748514],[146.31362,-27.170045]]]},"properties":{"NAME":"Kooma","SUBJECTO":"Kooma","PARTOF":"Kooma"}},
{"type":"Feature","geometry":{"type":"Polygon","coordinates":[[[141.67852309654498,-12.467817701142408],[141.83136008488262,-12.617015886785817],[142.012023,-12.538477],[142.055969,-12.538477],[142.088928,-12.527753],[142.094421,-12.460714],[142.099914,-12.382928],[142.099914,-12.302435],[142.066955,-12.232654],[142.003784,-12.184334],[141.904907,-12.17628],[141.844482,-12.17091],[141.82460947123803,-12.163277950470913],[141.69340041588092,-12.378801740449049],[141.67852309654498,-12.467817701142408]]]},"properties":{"NAME":"Anguthimri","SUBJECTO":"Anguthimri","PARTOF":"Anguthimri"}},
{"type":"Feature","geometry":{"type":"Polygon","coordinates":[[[145.321655,-27.479034],[145.228271,-27.503399],[145.272216,-27.69812],[145.025024,-28.042894],[144.871215,-28.057438],[144.783325,-28.256005],[144.711914,-28.516969],[144.60205,-28.72913],[144.530639,-28.815799],[145.101928,-28.926439],[145.420532,-28.964894],[145.601806,-28.979312],[145.953369,-28.410728],[145.958862,-28.130127],[145.942382,-27.902203],[145.90393,-27.595934],[145.689697,-27.556981],[145.321655,-27.479034]]]},"properties":{"NAME":"Kunja","SUBJECTO":"Kunja","PARTOF":"Kunja"}},
{"type":"Feature","geometry":{"type":"Polygon","coordinates":[[[132.62626174400592,-11.74993745211897],[132.7760114998653,-11.577992833893873],[132.38376906822467,-11.299159444611647],[132.30280593345904,-11.502738393586256],[132.62626174400592,-11.74993745211897]]]},"properties":{"NAME":"Iwaidja","SUBJECTO":"Iwaidja","PARTOF":"Iwaidja"}},
{"type":"Feature","geometry":{"type":"Polygon","coordinates":[[[139.432983,-29.568679],[138.510131,-30.581179],[138.427734,-31.109388],[138.471679,-31.480208],[138.526611,-31.573855],[138.576049,-31.742182],[138.757324,-31.924192],[138.76831,-32.045332],[138.801269,-32.147711],[139.405517,-32.091882],[139.713134,-32.091882],[139.987792,-32.073265],[140.163574,-32.073265],[140.119628,-31.746854],[140.031738,-31.306715],[139.877929,-30.80791],[140.020751,-30.334953],[140.064697,-30.183121],[140.141601,-30.021543],[140.141601,-29.792984],[140.218505,-29.563901],[139.976806,-29.51611],[139.724121,-29.506549],[139.592285,-29.496987],[139.432983,-29.568679]]]},"properties":{"NAME":"Andyamathanha","SUBJECTO":"Andyamathanha","PARTOF":"Andyamathanha"}},
{"type":"Feature","geometry":{"type":"Polygon","coordinates":[[[132.291868,-13.074127],[132.659911,-13.197164],[132.846679,-13.025965],[132.830199,-12.817157],[132.764282,-12.801088],[132.714843,-12.811801],[132.714843,-12.908198],[132.665405,-13.015262],[132.407226,-12.993852],[132.346801,-12.961735],[132.324829,-13.052723],[132.291868,-13.074127]]]},"properties":{"NAME":"Mbukarla","SUBJECTO":"Mbukarla","PARTOF":"Mbukarla"}},
{"type":"Feature","geometry":{"type":"Polygon","coordinates":[[[115.708008,-23.981234],[115.356445,-24.931276],[115.389404,-25.050769],[115.74646,-25.214881],[115.977173,-25.180088],[116.295776,-24.696934],[116.40564,-24.487149],[116.488037,-24.292034],[116.553955,-24.076559],[116.444092,-23.895883],[115.86731,-23.825551],[115.757446,-23.895883],[115.708008,-23.981234]]]},"properties":{"NAME":"Warriyangga","SUBJECTO":"Warriyangga","PARTOF":"Warriyangga"}},
{"type":"Feature","geometry":{"type":"Polygon","coordinates":[[[142.871704,-18.802318],[142.871704,-19.051733],[142.838745,-19.259294],[142.838745,-19.445874],[143.102416,-19.539084],[143.986816,-19.611543],[143.97583,-19.50802],[143.62976,-18.781516],[143.563842,-18.568154],[143.475952,-18.490028],[143.278198,-18.568154],[142.959594,-18.656654],[142.871704,-18.802318]]]},"properties":{"NAME":"Yanga","SUBJECTO":"Yanga","PARTOF":"Yanga"}},
{"type":"Feature","geometry":{"type":"Polygon","coordinates":[[[148.70600417564654,-20.844784177582838],[148.70373061607623,-20.202618039887525],[148.1904402108028,-20.171909726899244],[148.09162370921436,-20.13745844272331],[148.087463,-20.174567],[148.19458,-20.264773],[148.296203,-20.390974],[148.428039,-20.717584],[148.587341,-20.9127],[148.7107382137484,-20.847361888544814],[148.70600417564654,-20.844784177582838]]]},"properties":{"NAME":"Giya","SUBJECTO":"Giya","PARTOF":"Giya"}},
{"type":"Feature","geometry":{"type":"Polygon","coordinates":[[[132.62845900963092,-12.27117005709944],[132.39997512816058,-12.328398831430698],[132.407226,-12.720726],[132.478636,-12.785017],[132.632443,-12.785017],[132.70935,-12.742158],[132.670898,-12.576009],[132.731323,-12.221917],[132.62845900963092,-12.27117005709944]]]},"properties":{"NAME":"Gagudju","SUBJECTO":"Gagudju","PARTOF":"Gagudju"}},
{"type":"Feature","geometry":{"type":"Polygon","coordinates":[[[138.94101361617155,-35.7028465030056],[140.215759,-37.079284],[140.625,-37.069423],[140.722503,-36.898292],[140.677185,-36.855449],[140.237731,-36.835668],[140.171813,-36.544949],[140.116882,-36.288563],[139.877929,-35.982451],[139.622497,-35.424867],[139.520874,-35.182788],[139.347839,-35.070469],[138.996276,-35.07946],[138.49444864208013,-35.395072582771654],[138.22568161660107,-35.7318697832173],[138.94101361617155,-35.7028465030056]]]},"properties":{"NAME":"Ngarrindjeri","SUBJECTO":"Ngarrindjeri","PARTOF":"Ngarrindjeri"}},
{"type":"Feature","geometry":{"type":"Polygon","coordinates":[[[122.733764,-16.715124],[122.774963,-16.757207],[122.9489522578904,-16.761652285172087],[122.86900618980671,-16.659296430390455],[122.76115597254295,-16.596558547830824],[122.733764,-16.715124]]]},"properties":{"NAME":"Bardi","SUBJECTO":"Bardi","PARTOF":"Bardi"}},
{"type":"Feature","geometry":{"type":"Polygon","coordinates":[[[133.39728835533404,-11.881771482270338],[133.1360520009237,-11.702279540349119],[133.082885,-11.856599],[133.39728835533404,-11.881771482270338]]]},"properties":{"NAME":"Maung","SUBJECTO":"Maung","PARTOF":"Maung"}},
{"type":"Feature","geometry":{"type":"Polygon","coordinates":[[[118.73431685875202,-20.31724587802229],[118.62086830830286,-20.374895005560315],[118.806152,-20.617361],[118.800659,-20.987086],[118.635864,-21.539957],[118.652344,-21.708473],[118.894043,-21.836006],[118.959961,-21.983801],[119.124756,-22.044913],[120.404663,-22.08564],[120.953979,-22.161971],[121.069336,-22.233175],[121.201172,-22.100909],[121.234131,-21.948141],[121.228638,-21.601258],[120.882568,-20.817741],[120.036621,-20.143628],[119.926758,-20.112682],[119.827881,-20.262197],[119.63562,-20.390974],[118.82782078370052,-20.139765718027444],[118.73431685875202,-20.31724587802229]]]},"properties":{"NAME":"Nyamal","SUBJECTO":"Nyamal","PARTOF":"Nyamal"}},
{"type":"Feature","geometry":{"type":"Polygon","coordinates":[[[138.845214,-25.967922],[138.856201,-26.096254],[139.075927,-26.254009],[139.921875,-26.352497],[140.17456,-26.332806],[140.394287,-26.254009],[140.581054,-25.948166],[140.603027,-25.691038],[140.657958,-25.611809],[140.657958,-25.522614],[140.50415,-25.423431],[139.855957,-25.195],[139.482421,-25.204941],[139.196777,-25.244695],[139.229736,-25.373809],[138.944091,-25.710836],[138.845214,-25.869109],[138.845214,-25.967922]]]},"properties":{"NAME":"Yarluyandi","SUBJECTO":"Yarluyandi","PARTOF":"Yarluyandi"}},
{"type":"Feature","geometry":{"type":"Polygon","coordinates":[[[147.97294143150592,-20.09608117465315],[147.46683593612207,-19.650577875931987],[147.255249,-19.893305],[147.268981,-19.924294],[147.268981,-19.950114],[147.680969,-19.965604],[147.97294143150592,-20.09608117465315]]]},"properties":{"NAME":"Yuru","SUBJECTO":"Yuru","PARTOF":"Yuru"}},
{"type":"Feature","geometry":{"type":"Polygon","coordinates":[[[129.76328566978717,-14.019071973603346],[129.580993,-14.18154908208294],[129.67987,-14.41074],[129.786987,-14.458617],[129.979248,-14.450638],[130.020446,-14.4134],[129.976501,-14.381476],[129.927062,-14.360191],[129.899597,-14.368173],[129.872131,-14.325598],[129.858398,-14.197825],[129.872131,-14.125921],[129.927062,-14.030014],[129.877624,-13.968719],[129.76370682564027,-13.99027881679386],[129.76328566978717,-14.019071973603346]]]},"properties":{"NAME":"Marringarr","SUBJECTO":"Marringarr","PARTOF":"Marringarr"}},
{"type":"Feature","geometry":{"type":"Polygon","coordinates":[[[149.941406,-24.901384],[149.952392,-25.130365],[149.974365,-25.319201],[149.974365,-25.686087],[150.172119,-25.745477],[150.787353,-25.710836],[150.836791,-25.661333],[150.78186,-25.522614],[150.732421,-25.195],[150.639038,-24.836595],[150.655517,-24.701924],[150.523681,-24.766784],[149.941406,-24.901384]]]},"properties":{"NAME":"Wuli-wuli","SUBJECTO":"Wuli-wuli","PARTOF":"Wuli-wuli"}},
{"type":"Feature","geometry":{"type":"Polygon","coordinates":[[[143.014526,-34.800272],[143.096923,-34.966998],[143.239746,-35.119908],[143.250732,-35.308401],[143.382568,-35.353216],[143.822021,-35.2815],[144.074707,-35.029996],[144.06372,-34.94899],[144.008789,-34.849875],[143.992309,-34.818313],[143.871459,-34.764178],[143.739624,-34.714524],[143.569335,-34.678393],[143.453979,-34.669358],[143.289184,-34.669358],[143.014526,-34.800272]]]},"properties":{"NAME":"Wadi Wadi","SUBJECTO":"Wadi Wadi","PARTOF":"Wadi Wadi"}},
{"type":"Feature","geometry":{"type":"Polygon","coordinates":[[[115.136719,-34.397845],[115.647583,-34.597042],[116.004639,-34.935482],[116.427612,-35.047987],[116.559448,-34.83635],[116.18042,-34.166363],[115.960693,-33.674069],[115.372925,-34.084512],[115.136719,-34.397845]]]},"properties":{"NAME":"Bibbulman","SUBJECTO":"Bibbulman","PARTOF":"Bibbulman"}},
{"type":"Feature","geometry":{"type":"Polygon","coordinates":[[[146.799316,-21.943045],[146.777343,-22.207749],[146.700439,-22.360236],[146.942138,-22.43134],[147.106933,-22.461802],[147.249755,-22.512556],[147.458496,-22.482106],[147.612304,-22.482106],[147.766113,-22.482106],[147.875976,-22.451648],[147.788085,-21.820707],[147.425537,-21.739091],[146.777343,-21.810508],[146.78833,-21.871694],[146.799316,-21.943045]]]},"properties":{"NAME":"Yambina","SUBJECTO":"Yambina","PARTOF":"Yambina"}},
{"type":"Feature","geometry":{"type":"Polygon","coordinates":[[[138.96274856041217,-16.993572629731275],[138.971557,-17.041029],[139.04977475993894,-17.057285080198167],[138.96274856041217,-16.993572629731275]]]},"properties":{"NAME":"Gananggalinda","SUBJECTO":"Gananggalinda","PARTOF":"Gananggalinda"}},
{"type":"Feature","geometry":{"type":"Polygon","coordinates":[[[126.10146621177937,-14.204934514802076],[125.92229086773894,-14.573397881102267],[125.958251,-14.695194],[126.079101,-14.673939],[126.315307,-14.647368],[126.688842,-14.482552],[126.765747,-14.349547],[126.63984624272746,-14.154593288931656],[126.10146621177937,-14.204934514802076]]]},"properties":{"NAME":"Gamberre","SUBJECTO":"Gamberre","PARTOF":"Gamberre"}},
{"type":"Feature","geometry":{"type":"Polygon","coordinates":[[[126.408691,-24.196868],[126.002197,-24.226928],[125.683593,-24.45715],[125.507812,-24.617057],[125.518798,-25.045792],[125.837402,-25.681137],[126.683349,-26.244156],[127.045898,-26.421389],[127.364501,-26.539394],[127.683105,-26.480407],[128.210449,-25.997549],[128.572998,-25.997549],[128.92456,-26.007424],[129.067382,-25.849336],[129.034423,-24.796708],[128.880615,-24.417142],[128.671875,-24.106647],[128.122558,-23.986252],[127.441406,-23.986252],[126.408691,-24.196868]]]},"properties":{"NAME":"Ngatatjara","SUBJECTO":"Ngatatjara","PARTOF":"Ngatatjara"}},
{"type":"Feature","geometry":{"type":"Polygon","coordinates":[[[119.805908,-23.372513],[119.61914,-23.402764],[119.61914,-23.513626],[119.696044,-23.66465],[119.805908,-23.936054],[119.882812,-24.427145],[119.82788,-24.706915],[119.718017,-24.926294],[119.575195,-25.125392],[119.322509,-25.334096],[119.091796,-25.443274],[118.894042,-25.681137],[118.905029,-25.809781],[119.234619,-25.809781],[119.641113,-25.997549],[120.60791,-26.313112],[120.794677,-26.421389],[121.02539,-26.49024],[121.937255,-26.096254],[122.497558,-26.007424],[122.794189,-26.007424],[122.947998,-26.02717],[122.96997,-25.532528],[122.937011,-25.314235],[122.794189,-25.115445],[122.299804,-24.59708],[121.794433,-24.277012],[121.190185,-23.503551],[120.981445,-23.281719],[119.805908,-23.372513]]]},"properties":{"NAME":"Wawula","SUBJECTO":"Wawula","PARTOF":"Wawula"}},
{"type":"Feature","geometry":{"type":"Polygon","coordinates":[[[121.53953518971163,-18.785386872309346],[120.87214950035359,-19.676941312592604],[119.92573743372974,-20.080798693380007],[120.025635,-20.282809],[120.223389,-20.519644],[120.904541,-20.981957],[121.135254,-21.953236],[121.420898,-22.258597],[122.563477,-22.512557],[122.893066,-21.841105],[123.261108,-21.38659],[123.563232,-21.053744],[123.706055,-20.899871],[123.837891,-20.74584],[123.837891,-20.416717],[123.804932,-20.03529],[123.145752,-19.134789],[122.486572,-18.958246],[121.838379,-18.843913],[121.53953518971163,-18.785386872309346]]]},"properties":{"NAME":"Nyangumarda","SUBJECTO":"Nyangumarda","PARTOF":"Nyangumarda"}},
{"type":"Feature","geometry":{"type":"Polygon","coordinates":[[[137.922363,-21.749295],[138.142089,-21.993988],[138.22998,-21.993988],[138.416748,-22.024545],[138.581542,-22.065278],[138.97705,-22.207749],[139.262695,-22.27893],[139.262695,-21.432616],[139.240722,-21.166483],[139.141845,-21.033237],[139.075927,-20.951179],[138.702392,-21.2177],[138.076171,-21.514406],[137.922363,-21.749295]]]},"properties":{"NAME":"Warluwarra","SUBJECTO":"Warluwarra","PARTOF":"Warluwarra"}},
{"type":"Feature","geometry":{"type":"Polygon","coordinates":[[[139.899902,-18.448346],[139.932861,-18.791917],[140.020751,-19.030963],[140.009765,-19.849393],[139.976806,-20.220965],[140.207519,-20.148784],[140.899658,-19.456233],[141.185302,-19.37334],[141.185302,-19.103648],[141.16333,-18.667063],[140.998535,-18.281518],[140.866699,-18.072756],[140.789794,-18.271086],[140.625,-18.500447],[140.086669,-18.39623],[139.899902,-18.448346]]]},"properties":{"NAME":"Mayi-Yapi","SUBJECTO":"Mayi-Yapi","PARTOF":"Mayi-Yapi"}},
{"type":"Feature","geometry":{"type":"Polygon","coordinates":[[[147.97294143150592,-20.09608117465315],[147.73863017996823,-19.947345225241246],[147.667236,-19.932041],[147.348632,-19.911383],[147.189331,-19.911383],[147.227783,-20.092047],[147.167358,-20.329174],[147.161865,-20.473335],[147.117919,-20.540221],[147.20581,-20.668765],[147.332153,-20.853678],[147.590332,-21.18185],[147.782592,-21.355897],[147.722167,-21.57061],[147.837524,-21.601258],[147.985839,-21.657428],[148.397827,-21.657428],[148.853759,-21.662533],[149.089965,-21.631899],[149.029541,-21.493963],[148.842773,-21.161361],[148.688964,-20.946049],[148.590087,-20.792066],[148.29895,-20.272503],[148.17517896433435,-20.16658906151936],[147.97294143150592,-20.09608117465315]]]},"properties":{"NAME":"Biri","SUBJECTO":"Biri","PARTOF":"Biri"}},
{"type":"Feature","geometry":{"type":"Polygon","coordinates":[[[150.281982,-28.459033],[149.633789,-28.796546],[148.381347,-28.883159],[147.886962,-28.9697],[147.43927,-29.034559],[147.43927,-29.128171],[147.282714,-29.336692],[146.999816,-29.547177],[146.813049,-29.904948],[146.887207,-29.976349],[147.065734,-30.073847],[148.038024,-30.035811],[148.452758,-30.635548],[148.639526,-30.609549],[149.180603,-31.257422],[149.186096,-31.391157],[149.14215,-31.508312],[148.999328,-31.900878],[149.191589,-31.956823],[149.331665,-32.038348],[149.661254,-32.124453],[149.963378,-32.022049],[150.281982,-31.89155],[150.864257,-31.779547],[151.292724,-31.644028],[151.42456,-31.625321],[151.457519,-31.456782],[151.314697,-31.109388],[151.21582,-30.977609],[151.062011,-30.80791],[150.974121,-30.647364],[150.963134,-30.344435],[150.996093,-29.88828],[150.996093,-29.716681],[150.974121,-28.777289],[150.875244,-28.661671],[150.809326,-28.545925],[150.67749,-28.410728],[150.281982,-28.459033]]]},"properties":{"NAME":"Kamilaroi","SUBJECTO":"Kamilaroi","PARTOF":"Kamilaroi"}},
{"type":"Feature","geometry":{"type":"Polygon","coordinates":[[[143.371582,-16.730906],[143.031005,-16.888659],[142.943115,-17.098792],[142.932128,-17.245744],[142.998046,-17.329664],[143.041992,-17.382094],[143.261718,-17.476432],[143.382568,-17.602139],[143.448486,-17.989182],[143.459472,-18.354525],[143.481445,-18.500447],[143.514404,-18.698285],[143.64624,-19.114029],[143.887939,-19.487307],[144.008789,-19.63224],[144.239501,-19.539084],[144.547119,-19.197053],[144.503173,-18.812717],[144.503173,-18.646245],[144.470214,-18.427501],[144.503173,-18.239785],[144.558105,-18.062312],[144.591064,-17.842832],[144.656982,-17.654491],[144.755859,-17.581194],[144.810791,-17.57072],[144.777832,-17.444991],[144.591064,-17.319176],[144.371337,-17.119792],[143.942871,-16.488764],[143.701171,-16.488764],[143.52539,-16.594081],[143.371582,-16.730906]]]},"properties":{"NAME":"Agwarmin","SUBJECTO":"Agwarmin","PARTOF":"Agwarmin"}},
{"type":"Feature","geometry":{"type":"Polygon","coordinates":[[[150.8013419965911,-35.15134778082669],[150.81802245880596,-35.10822332901415],[150.795593,-35.086203],[150.699462,-35.07946],[150.35614,-34.942236],[150.257263,-34.915214],[150.078735,-34.957995],[149.845275,-35.095192],[149.644775,-35.216453],[149.441528,-35.333052],[149.441528,-35.391289],[149.438781,-35.483038],[149.438781,-35.597019],[149.444274,-35.710837],[149.394836,-35.946882],[149.378356,-36.430122],[149.397583,-37.020098],[149.499206,-37.037639],[149.823303,-37.101193],[149.97527953241823,-37.04940712330898],[150.47991505440714,-35.469332393089815],[150.8013419965911,-35.15134778082669]]]},"properties":{"NAME":"Yuin","SUBJECTO":"Yuin","PARTOF":"Yuin"}},
{"type":"Feature","geometry":{"type":"Polygon","coordinates":[[[147.090454,-20.499064],[147.035522,-20.529933],[146.821289,-20.571081],[146.552124,-20.663626],[146.44226,-20.971698],[146.535644,-21.473517],[146.552124,-21.657428],[146.678466,-21.876792],[146.859741,-21.871694],[147.282714,-21.820707],[147.5354,-21.820707],[147.782592,-21.820707],[147.793579,-21.759499],[147.777099,-21.580827],[147.886962,-21.447955],[147.266235,-20.627643],[147.090454,-20.499064]]]},"properties":{"NAME":"Yangga","SUBJECTO":"Yangga","PARTOF":"Yangga"}},
{"type":"Feature","geometry":{"type":"Polygon","coordinates":[[[148.414306,-28.256005],[148.265991,-28.463862],[148.123168,-28.642389],[147.914428,-28.854296],[147.711181,-29.056169],[149.496459,-28.916823],[150.435791,-28.449373],[150.721435,-28.661671],[150.913696,-28.74358],[150.957641,-28.700224],[150.908203,-28.656851],[150.908203,-28.507315],[150.803833,-28.0235],[150.831298,-27.63974],[150.968627,-27.5375],[150.957641,-27.415662],[150.803833,-27.269278],[150.364379,-27.137368],[149.80957,-27.186242],[149.425048,-27.29857],[149.392089,-27.464413],[149.381103,-27.727298],[149.507446,-27.965294],[148.414306,-28.256005]]]},"properties":{"NAME":"Bigambul","SUBJECTO":"Bigambul","PARTOF":"Bigambul"}},
{"type":"Feature","geometry":{"type":"Polygon","coordinates":[[[133.901367,-14.838611],[133.758544,-15.019074],[133.626708,-15.114552],[133.483886,-16.214673],[133.659667,-16.383391],[133.868406,-16.562491],[134.307861,-16.972741],[134.450683,-17.214264],[134.703369,-17.077789],[134.912109,-16.909683],[135.395507,-16.362309],[135.41748,-16.045812],[135.439453,-15.771109],[135.428466,-15.570127],[135.384521,-15.400727],[135.230712,-15.284185],[134.956054,-15.17818],[134.725341,-15.114552],[134.296875,-14.796127],[134.143066,-14.72176],[133.934326,-14.774882],[133.901367,-14.838611]]]},"properties":{"NAME":"Alawa","SUBJECTO":"Alawa","PARTOF":"Alawa"}},
{"type":"Feature","geometry":{"type":"Polygon","coordinates":[[[140.975189,-38.085932],[142.513275,-38.410558],[141.424255,-37.642509],[141.226501,-37.772885],[141.25122,-38.061067],[141.171569,-38.049172],[141.097412,-38.021049],[140.975189,-38.085932]]]},"properties":{"NAME":"Gunditjmara","SUBJECTO":"Gunditjmara","PARTOF":"Gunditjmara"}},
{"type":"Feature","geometry":{"type":"Polygon","coordinates":[[[147.128906,-36.022446],[146.118164,-36.031331],[145.942382,-35.951329],[145.766601,-35.995785],[145.766601,-36.049098],[145.843505,-36.191092],[145.964355,-36.421282],[146.557617,-36.985003],[146.865234,-37.055177],[147.117919,-37.055177],[147.293701,-36.985003],[147.293701,-36.782892],[147.293701,-36.571423],[147.282714,-36.27085],[147.271728,-36.137874],[147.128906,-36.022446]]]},"properties":{"NAME":"Waveroo","SUBJECTO":"Waveroo","PARTOF":"Waveroo"}},
{"type":"Feature","geometry":{"type":"Polygon","coordinates":[[[143.327636,-35.308401],[143.289184,-35.371135],[143.327636,-35.536696],[143.426513,-35.728677],[143.591308,-35.799993],[143.756103,-35.795538],[144.217529,-35.474091],[144.404296,-35.285984],[144.563598,-35.142371],[144.678955,-35.029996],[144.794311,-34.890436],[144.865722,-34.755153],[144.810791,-34.696461],[144.695434,-34.66484],[144.547119,-34.660322],[144.102172,-34.809293],[144.036254,-34.944488],[143.937377,-35.07946],[143.706665,-35.263561],[143.486938,-35.308401],[143.327636,-35.308401]]]},"properties":{"NAME":"Wemba Wemba","SUBJECTO":"Wemba Wemba","PARTOF":"Wemba Wemba"}},
{"type":"Feature","geometry":{"type":"Polygon","coordinates":[[[132.330322,-16.109153],[132.528076,-16.37285],[132.692871,-16.520365],[133.198242,-16.573022],[133.428955,-16.39393],[133.604736,-15.950766],[133.692624,-15.411319],[133.692624,-15.146369],[133.703612,-14.944784],[133.198242,-14.870469],[133.099365,-14.955399],[132.462156,-14.976626],[132.319335,-15.961329],[132.330322,-16.109153]]]},"properties":{"NAME":"Yangman","SUBJECTO":"Yangman","PARTOF":"Yangman"}},
{"type":"Feature","geometry":{"type":"Polygon","coordinates":[[[152.429809,-27.771051],[152.418823,-27.634873],[152.226562,-27.235094],[152.160644,-27.112923],[151.973876,-26.833874],[151.583862,-26.627818],[151.473999,-26.244156],[151.237792,-25.967922],[151.029052,-25.780107],[150.847778,-25.641526],[150.55664,-25.661333],[150.232543,-25.686087],[150.089721,-25.700937],[150.001831,-25.681137],[149.985351,-25.849336],[149.974365,-25.992612],[149.848022,-26.096254],[149.529418,-26.12585],[149.419555,-26.28849],[149.419555,-26.480407],[149.315185,-26.838776],[149.27124,-27.376645],[149.512939,-27.303451],[149.79309,-27.235094],[150.084228,-27.196014],[150.55664,-27.205785],[150.847778,-27.36201],[150.864257,-27.474161],[150.891723,-27.547241],[150.9906,-27.522886],[151.062011,-27.532629],[151.182861,-27.780771],[151.325683,-27.839076],[151.506958,-27.839076],[152.429809,-27.771051]]]},"properties":{"NAME":"Barunggam","SUBJECTO":"Barunggam","PARTOF":"Barunggam"}},
{"type":"Feature","geometry":{"type":"Polygon","coordinates":[[[131.3557551540784,-31.670673635403393],[131.99254897545123,-32.06590691928206],[133.83703139732623,-32.34197274569807],[134.25809768150592,-32.87542382602034],[134.835205,-32.435612],[135.362548,-32.119801],[135.659179,-31.961483],[136.142578,-31.774877],[136.098632,-31.709476],[135.944824,-31.559814],[135.582275,-31.316101],[133.538817,-30.505483],[132.48413,-30.259067],[131.451416,-30.183121],[131.286621,-30.278044],[131.044919,-30.637912],[131.242674,-30.80791],[131.111196,-31.461755],[131.3557551540784,-31.670673635403393]]]},"properties":{"NAME":"Wirangu","SUBJECTO":"Wirangu","PARTOF":"Wirangu"}},
{"type":"Feature","geometry":{"type":"Polygon","coordinates":[[[151.2001600594356,-23.942411817353346],[150.80247024009967,-23.599888242524244],[150.79664034548512,-23.50426594090451],[150.699462,-23.604261],[150.507202,-23.684774],[150.693969,-24.181836],[151.001586,-24.081574],[151.2001600594356,-23.942411817353346]]]},"properties":{"NAME":"Bayali","SUBJECTO":"Bayali","PARTOF":"Bayali"}},
{"type":"Feature","geometry":{"type":"Polygon","coordinates":[[[141.119384,-19.368158],[141.141357,-19.596019],[141.174316,-19.792548],[141.25122,-19.99916],[141.300659,-20.092047],[141.696166,-20.637924],[142.097167,-20.668765],[142.322387,-20.658486],[142.723388,-20.658486],[142.948608,-20.607077],[142.602539,-20.246736],[142.481689,-20.122997],[142.976074,-19.513197],[142.789306,-19.388886],[141.690673,-19.207428],[141.119384,-19.368158]]]},"properties":{"NAME":"Ngawun","SUBJECTO":"Ngawun","PARTOF":"Ngawun"}},
{"type":"Feature","geometry":{"type":"Polygon","coordinates":[[[127.39746383140827,-14.100444234650709],[127.243652,-14.27503],[127.243652,-14.445319],[127.30957,-14.689881],[127.30957,-15.188783],[127.452392,-15.273587],[127.584228,-15.231189],[127.661132,-15.231189],[127.858886,-15.019074],[127.98921837782848,-14.857120712864495],[127.96256545494343,-14.703128255646803],[127.39746383140827,-14.100444234650709]]]},"properties":{"NAME":"Kwini","SUBJECTO":"Kwini","PARTOF":"Kwini"}},
{"type":"Feature","geometry":{"type":"Polygon","coordinates":[[[148.590087,-21.647217],[148.546142,-21.861498],[148.513183,-22.339914],[148.546142,-22.390713],[148.688964,-22.319589],[148.8208,-22.390713],[148.996582,-22.400871],[149.205322,-22.400871],[149.370117,-22.350075],[149.35913,-21.943045],[149.27124,-21.759499],[149.128417,-21.585935],[148.809814,-21.616579],[148.634033,-21.626792],[148.590087,-21.647217]]]},"properties":{"NAME":"Baradha","SUBJECTO":"Baradha","PARTOF":"Baradha"}},
{"type":"Feature","geometry":{"type":"Polygon","coordinates":[[[144.113159,-27.999251],[143.569335,-28.372068],[143.607788,-28.570049],[143.651733,-28.767659],[143.992309,-28.839861],[144.574584,-28.791732],[144.82727,-28.782103],[144.871215,-28.207608],[144.926147,-27.970146],[144.212036,-27.950738],[144.113159,-27.999251]]]},"properties":{"NAME":"Budjari","SUBJECTO":"Budjari","PARTOF":"Budjari"}},
{"type":"Feature","geometry":{"type":"Polygon","coordinates":[[[138.460693,-29.573457],[138.933105,-29.544787],[139.482421,-29.544787],[139.63623,-29.563901],[139.603271,-29.29598],[139.614257,-28.979312],[139.63623,-28.738763],[139.84497,-28.236649],[139.987792,-27.644606],[139.987792,-27.430289],[140.031738,-27.235094],[139.779052,-27.225325],[139.603271,-27.254629],[139.185791,-27.381523],[138.416748,-27.36201],[138.22998,-27.527758],[138.197021,-27.664068],[138.153076,-27.771051],[138.592529,-28.642389],[138.537597,-28.931246],[138.515625,-29.22889],[138.460693,-29.487424],[138.460693,-29.573457]]]},"properties":{"NAME":"Dieri","SUBJECTO":"Dieri","PARTOF":"Dieri"}},
{"type":"Feature","geometry":{"type":"Polygon","coordinates":[[[141.56370100511492,-13.386297386412945],[141.52409521936,-14.493189],[141.998291,-14.498508],[142.179565,-14.471915],[142.393798,-14.471915],[142.646484,-14.354869],[142.838745,-14.317614],[142.899169,-14.285677],[142.959594,-14.243086],[142.926635,-13.966054],[142.921142,-13.53386],[142.88269,-13.132979],[142.86621,-13.074127],[142.608032,-13.074127],[142.256469,-13.10623],[141.981811,-13.191816],[141.932373,-13.357554],[141.888427,-13.491131],[141.687927,-13.515167],[141.652221,-13.344192],[141.583557,-13.357554],[141.56370100511492,-13.386297386412945]]]},"properties":{"NAME":"Wik","SUBJECTO":"Wik","PARTOF":"Wik"}},
{"type":"Feature","geometry":{"type":"Polygon","coordinates":[[[145.11966994713092,-14.977798856537916],[144.5291853279903,-14.667567647736647],[144.38535598228717,-14.369087613862135],[144.21230605552935,-14.452100194733717],[144.1696767444419,-14.49259159430242],[144.190063,-14.801438],[144.206542,-14.85985],[144.283447,-14.838611],[144.354858,-14.801438],[144.541625,-14.833301],[144.805297,-14.976626],[144.909667,-15.019074],[145.030517,-15.072123],[145.1382199885564,-14.997820689239779],[145.11966994713092,-14.977798856537916]]]},"properties":{"NAME":"Mutumui","SUBJECTO":"Mutumui","PARTOF":"Mutumui"}},
{"type":"Feature","geometry":{"type":"Polygon","coordinates":[[[141.92662972151723,-11.99569964625366],[141.85856278349115,-12.107506292644484],[141.89804,-12.113851],[141.924133,-12.116536],[141.928253,-12.064166],[141.92662972151723,-11.99569964625366]]]},"properties":{"NAME":"Tjungundji","SUBJECTO":"Tjungundji","PARTOF":"Tjungundji"}},
{"type":"Feature","geometry":{"type":"Polygon","coordinates":[[[142.838745,-36.589068],[142.907409,-36.396967],[142.962341,-36.317338],[143.025512,-36.286349],[143.00354,-36.244273],[142.33612,-36.217687],[141.817016,-36.686041],[141.278686,-36.734481],[140.993041,-36.734481],[140.976562,-36.840064],[141.04248,-36.941111],[141.377563,-37.596824],[141.904907,-37.775056],[141.970825,-37.640334],[142.058715,-37.570705],[142.525634,-37.561996],[142.525634,-37.142803],[142.56958,-37.055177],[142.717895,-37.055177],[143.020019,-37.063944],[143.289184,-37.103384],[143.442993,-37.020098],[143.442993,-36.93672],[143.377075,-36.927938],[143.245239,-36.919156],[143.014526,-36.901587],[142.838745,-36.589068]]]},"properties":{"NAME":"Jardwadjali","SUBJECTO":"Jardwadjali","PARTOF":"Jardwadjali"}},
{"type":"Feature","geometry":{"type":"Polygon","coordinates":[[[141.987304,-12.17628],[141.990051,-12.248759],[142.003784,-12.340001],[142.025756,-12.420483],[142.039489,-12.517028],[142.080688,-12.648378],[142.124633,-12.774303],[142.157592,-12.862682],[142.289428,-13.039345],[142.349853,-13.098204],[142.583312,-13.108905],[142.610778,-13.015262],[142.638244,-12.651058],[142.638244,-12.487532],[142.588806,-12.388293],[142.413024,-12.272915],[142.278442,-12.125264],[142.168579,-12.082295],[142.086181,-12.136005],[141.987304,-12.17628]]]},"properties":{"NAME":"Luthigh","SUBJECTO":"Luthigh","PARTOF":"Luthigh"}},
{"type":"Feature","geometry":{"type":"Polygon","coordinates":[[[145.11966994713092,-14.977798856537916],[145.085449,-15.008463],[144.893188,-15.125158],[144.60205,-15.448385],[144.667968,-15.744675],[144.772338,-15.924355],[144.799804,-15.977172],[145.22220900963092,-15.66417542819319],[145.1843366951778,-15.047596372407057],[145.11966994713092,-14.977798856537916]]]},"properties":{"NAME":"Guugu-Yimidhirr","SUBJECTO":"Guugu-Yimidhirr","PARTOF":"Guugu-Yimidhirr"}},
{"type":"Feature","geometry":{"type":"Polygon","coordinates":[[[141.234741,-17.518344],[141.240234,-17.675427],[141.256713,-17.879431],[141.289672,-18.088422],[141.45996,-18.291949],[142.250976,-18.672267],[142.65747,-18.760712],[143.020019,-18.823116],[143.036499,-18.698285],[142.844238,-18.427501],[142.684936,-18.182387],[142.56958,-18.010079],[141.421508,-17.502628],[141.234741,-17.518344]]]},"properties":{"NAME":"Walangama","SUBJECTO":"Walangama","PARTOF":"Walangama"}},
{"type":"Feature","geometry":{"type":"Polygon","coordinates":[[[142.68580183585465,-11.183191883997287],[142.64649484487472,-11.097559357870441],[142.413024,-11.070602],[142.305908,-11.038255],[142.26737450401578,-10.989924258025338],[142.21161941002154,-11.04914800051985],[142.12565139244342,-11.157391942780592],[142.09292128990435,-11.532499707978346],[141.95302871177935,-11.952336705964186],[141.93865158175825,-11.975952557345206],[141.969451,-11.992308],[142.017517,-11.993651],[142.116394,-12.000368],[142.200164,-12.005741],[142.353973,-12.01783],[142.630004,-12.023203],[142.709655,-12.020516],[142.712402,-11.953349],[142.684936,-11.800145],[142.698669,-11.695272],[142.68580183585465,-11.183191883997287]]]},"properties":{"NAME":"Anggamudi","SUBJECTO":"Anggamudi","PARTOF":"Anggamudi"}},
{"type":"Feature","geometry":{"type":"Polygon","coordinates":[[[131.204223,-12.918906],[131.121826,-12.262179],[130.83957961509967,-12.707269109528639],[131.097106,-12.964412],[131.204223,-12.918906]]]},"properties":{"NAME":"Larrakia","SUBJECTO":"Larrakia","PARTOF":"Larrakia"}},
{"type":"Feature","geometry":{"type":"Polygon","coordinates":[[[139.224243,-22.151795],[139.174804,-22.385634],[139.169311,-22.629222],[139.059448,-22.948276],[138.735351,-23.38764],[139.257202,-24.266997],[139.493408,-24.487148],[139.641723,-24.711905],[140.240478,-24.507143],[140.603027,-24.427145],[140.570068,-24.086589],[140.592041,-23.584126],[140.614013,-23.180763],[140.734863,-22.836945],[140.910644,-22.563293],[141.053466,-22.380555],[140.548095,-22.370396],[140.240478,-22.116177],[140.009765,-22.085639],[139.493408,-22.004174],[139.30664,-22.004174],[139.224243,-22.151795]]]},"properties":{"NAME":"Pitta-Pitta","SUBJECTO":"Pitta-Pitta","PARTOF":"Pitta-Pitta"}},
{"type":"Feature","geometry":{"type":"Polygon","coordinates":[[[151.457519,-27.945886],[151.281738,-27.771051],[151.116943,-27.5375],[150.996093,-27.479034],[150.924682,-27.464413],[150.809326,-27.552111],[150.748901,-28.343064],[150.847778,-28.603814],[150.930175,-28.690587],[150.941162,-28.796546],[150.952148,-29.821582],[151.083984,-29.878755],[151.144409,-29.88828],[151.325683,-29.873992],[151.380615,-29.821582],[151.512451,-29.688052],[151.75415,-29.506549],[151.907958,-29.238477],[152.006835,-29.094577],[151.501464,-28.110748],[151.457519,-27.945886]]]},"properties":{"NAME":"Ngarabal","SUBJECTO":"Ngarabal","PARTOF":"Ngarabal"}},
{"type":"Feature","geometry":{"type":"Polygon","coordinates":[[[114.54446253814115,-28.780403527700706],[114.90033793636684,-30.128931043649732],[114.949951,-30.306503],[116.669312,-29.950175],[116.383667,-29.382175],[116.295776,-29.224096],[115.977173,-28.685769],[115.845337,-28.531449],[115.72998,-28.41556],[115.493774,-28.444544],[115.230103,-28.57005],[114.702759,-28.719496],[114.592896,-28.719496],[114.54446253814115,-28.780403527700706]]]},"properties":{"NAME":"Amangu","SUBJECTO":"Amangu","PARTOF":"Amangu"}},
{"type":"Feature","geometry":{"type":"Polygon","coordinates":[[[143.673706,-38.043765],[143.555603,-38.032949],[143.267211,-37.909533],[143.124389,-37.798933],[143.047485,-37.801103],[143.047485,-37.905199],[143.047485,-38.037275],[142.97882,-38.38688],[143.352355,-38.496593],[143.385314,-38.490144],[143.42102,-38.477244],[143.388061,-38.348118],[143.426513,-38.171273],[143.635253,-38.169114],[143.670959,-38.119432],[143.670959,-38.069717],[143.673706,-38.043765]]]},"properties":{"NAME":"Djargurdwurung","SUBJECTO":"Djargurdwurung","PARTOF":"Djargurdwurung"}},
{"type":"Feature","geometry":{"type":"Polygon","coordinates":[[[138.26032546470904,-16.842495359223463],[137.75956252525592,-16.39855805758772],[137.07371047447467,-16.031298078339674],[136.6871443123653,-16.025764859955885],[136.4586286873653,-15.752892888825514],[136.0943708748653,-15.448520101349928],[135.9004325989538,-15.332757251178874],[135.736083,-15.474857],[136.010742,-15.654775],[136.395263,-15.929638],[136.61499,-16.109153],[136.911621,-16.130261],[138.26032546470904,-16.842495359223463]]]},"properties":{"NAME":"Yanyuwa","SUBJECTO":"Yanyuwa","PARTOF":"Yanyuwa"}},
{"type":"Feature","geometry":{"type":"Polygon","coordinates":[[[134.39248458529536,-12.118851103969314],[134.22768012274028,-12.095574742365256],[134.170532,-12.11855],[134.144439,-12.17628],[134.12384,-12.242049],[134.116973,-12.289017],[134.181518,-12.307802],[134.274902,-12.325244],[134.401245,-12.22997],[134.402618,-12.150773],[134.39248458529536,-12.118851103969314]]]},"properties":{"NAME":"Gungurugoni","SUBJECTO":"Gungurugoni","PARTOF":"Gungurugoni"}},
{"type":"Feature","geometry":{"type":"Polygon","coordinates":[[[140.866699,-33.431441],[141.866455,-33.934245],[142.020263,-34.034452],[142.11914,-33.934245],[142.349853,-33.952473],[142.371826,-33.833919],[142.470703,-33.669496],[142.547607,-33.706062],[142.849731,-33.998027],[142.904663,-33.993472],[142.77832,-33.550551],[142.679443,-33.201924],[142.965087,-32.648625],[143.909912,-31.858897],[144.140625,-31.503629],[143.602294,-31.409912],[143.294677,-31.587894],[141.437988,-33.082335],[140.866699,-33.431441]]]},"properties":{"NAME":"Barkindji","SUBJECTO":"Barkindji","PARTOF":"Barkindji"}},
{"type":"Feature","geometry":{"type":"Polygon","coordinates":[[[143.860473,-37.978845],[143.745117,-38.004819],[143.662719,-38.056742],[143.640747,-38.125914],[143.569335,-38.156156],[143.388061,-38.156156],[143.344116,-38.255436],[143.377075,-38.466492],[143.426513,-38.522384],[143.530883,-38.569642],[143.723144,-38.565347],[143.871459,-38.466492],[144.025268,-38.384727],[144.030761,-37.987504],[143.860473,-37.978845]]]},"properties":{"NAME":"Gulidjan","SUBJECTO":"Gulidjan","PARTOF":"Gulidjan"}},
{"type":"Feature","geometry":{"type":"Polygon","coordinates":[[[138.120117,-32.324275],[138.361816,-33.013269],[138.367309,-33.192729],[138.328857,-33.316758],[138.323364,-33.431441],[138.669433,-34.687427],[138.966064,-34.601563],[139.218749,-34.497502],[139.218749,-34.043556],[139.158325,-33.733476],[139.059448,-33.491016],[139.042968,-33.238687],[139.888916,-32.851903],[140.009765,-32.537551],[140.031738,-32.277844],[140.064697,-32.045332],[139.735107,-32.054644],[138.88916,-32.054644],[138.548583,-32.063955],[138.197021,-32.231389],[138.120117,-32.324275]]]},"properties":{"NAME":"Ngadjuri","SUBJECTO":"Ngadjuri","PARTOF":"Ngadjuri"}},
{"type":"Feature","geometry":{"type":"Polygon","coordinates":[[[122.754834,-33.391263],[123.065057,-33.354284],[123.607937,-33.382046],[123.92223911475043,-33.52140316373697],[124.0010249885267,-33.42324409598371],[124.431152,-32.944148],[124.222412,-31.034108],[123.383313,-30.991704],[123.185113,-31.462272],[123.108011,-31.752857],[122.997872,-32.098498],[122.920766,-32.368504],[122.931749,-32.489288],[122.909677,-32.758142],[122.832563,-33.035414],[122.754834,-33.391263]]]},"properties":{"NAME":"Ngatjumay","SUBJECTO":"Ngatjumay","PARTOF":"Ngatjumay"}},
{"type":"Feature","geometry":{"type":"Polygon","coordinates":[[[130.413208,-15.707662],[130.429687,-15.956047],[130.561523,-16.024695],[130.78125,-16.072206],[130.902099,-16.088042],[131.429442,-15.987734],[131.429442,-15.80811],[131.429442,-15.660064],[131.154785,-15.654775],[130.924072,-15.654775],[130.621948,-15.697086],[130.446166,-15.691798],[130.413208,-15.707662]]]},"properties":{"NAME":"Ngaliwuru","SUBJECTO":"Ngaliwuru","PARTOF":"Ngaliwuru"}},
{"type":"Feature","geometry":{"type":"Polygon","coordinates":[[[114.63852375477242,-21.982180094426035],[113.61658526068165,-22.66143313010249],[113.719482,-22.816694],[115.263062,-22.426263],[114.922485,-22.416107],[114.63852375477242,-21.982180094426035]]]},"properties":{"NAME":"Thalanyji","SUBJECTO":"Thalanyji","PARTOF":"Thalanyji"}},
{"type":"Feature","geometry":{"type":"Polygon","coordinates":[[[131.660156,-12.937645],[131.643676,-12.843937],[131.679382,-12.54652],[131.67614565150208,-12.384753418469268],[131.1829481453731,-12.23614922885237],[131.209713,-12.916229],[131.660156,-12.937645]]]},"properties":{"NAME":"Woolna","SUBJECTO":"Woolna","PARTOF":"Woolna"}},
{"type":"Feature","geometry":{"type":"Polygon","coordinates":[[[134.318847,-13.427023],[134.472656,-13.33083],[134.873657,-13.11693],[135.027465,-13.122279],[135.153808,-13.074127],[135.043945,-12.768946],[134.77478,-12.46876],[134.659423,-12.431212],[134.274902,-12.661777],[133.961791,-12.983147],[133.945312,-13.100879],[134.318847,-13.427023]]]},"properties":{"NAME":"Rembarnga","SUBJECTO":"Rembarnga","PARTOF":"Rembarnga"}},
{"type":"Feature","geometry":{"type":"Polygon","coordinates":[[[129.7288465828731,-14.6739009988719],[129.81681296621628,-14.781105475590975],[130.155029,-14.785505],[130.319824,-14.801438],[130.388488,-14.753635],[130.399475,-14.711134],[130.372008,-14.525097],[130.220947,-14.453298],[130.080871,-14.439999],[129.924316,-14.42936],[129.808956,-14.445319],[129.649656,-14.336242],[129.59618711255644,-14.168006598575703],[129.42655471275592,-14.305860914033033],[129.4588270516231,-14.496494687836744],[129.7288465828731,-14.6739009988719]]]},"properties":{"NAME":"Murrinh-patha","SUBJECTO":"Murrinh-patha","PARTOF":"Murrinh-patha"}},
{"type":"Feature","geometry":{"type":"Polygon","coordinates":[[[128.80371,-24.437147],[128.880615,-24.996015],[128.891601,-25.710836],[128.847656,-25.948166],[128.891601,-26.313112],[128.891601,-26.617996],[129.331054,-27.244862],[129.715576,-27.498526],[130.506588,-27.527758],[130.748291,-27.44979],[131.000976,-26.843677],[130.836181,-26.10612],[131.044919,-25.572175],[131.121826,-25.324166],[130.891112,-24.836595],[130.495605,-24.746831],[129.935302,-24.547123],[129.451904,-24.47715],[128.847656,-24.427145],[128.80371,-24.437147]]]},"properties":{"NAME":"Pitjantjatjara","SUBJECTO":"Pitjantjatjara","PARTOF":"Pitjantjatjara"}},
{"type":"Feature","geometry":{"type":"Polygon","coordinates":[[[141.58081,-27.332735],[141.37207,-27.479034],[140.932617,-27.654338],[140.526123,-27.654338],[140.29541,-27.527758],[139.910888,-27.479034],[139.51538,-28.912014],[139.833984,-28.912014],[140.745849,-28.931246],[141.152343,-28.815799],[141.767578,-28.555576],[142.11914,-28.352733],[141.877441,-28.004101],[141.668701,-27.60567],[141.58081,-27.332735]]]},"properties":{"NAME":"Yandruwandha","SUBJECTO":"Yandruwandha","PARTOF":"Yandruwandha"}},
{"type":"Feature","geometry":{"type":"Polygon","coordinates":[[[117.978106,-35.097691],[118.002318,-35.105406],[118.001112,-35.089726],[117.978106,-35.097691]]]},"properties":{"NAME":"Minang","SUBJECTO":"Minang","PARTOF":"Minang"}},
{"type":"Feature","geometry":{"type":"Polygon","coordinates":[[[153.2964735359981,-27.912666715424635],[153.120334437816,-27.625174542027132],[152.688186,-27.815918],[152.647606,-27.883194],[152.606296,-27.974738],[152.53528,-28.234255],[152.629968,-28.384606],[153.47783950279498,-28.503797925751783],[153.2964735359981,-27.912666715424635]]]},"properties":{"NAME":"Yugambeh","SUBJECTO":"Yugambeh","PARTOF":"Yugambeh"}},
{"type":"Feature","geometry":{"type":"Polygon","coordinates":[[[143.7431745858028,-14.465823568146803],[143.67286187418634,-14.28725040322832],[143.404541,-14.322937],[143.404541,-14.354869],[143.399047,-14.530415],[143.399047,-14.716447],[143.404541,-14.737698],[143.404541,-14.886396],[143.453979,-14.955399],[143.569335,-14.987239],[143.756103,-14.987239],[144.074707,-14.934169],[144.234008,-14.870469],[144.223022,-14.647368],[144.19938990952494,-14.464368580391648],[144.06472304771685,-14.592281736176588],[143.7431745858028,-14.465823568146803]]]},"properties":{"NAME":"Lamalama","SUBJECTO":"Lamalama","PARTOF":"Lamalama"}},
{"type":"Feature","geometry":{"type":"Polygon","coordinates":[[[115.054321,-34.375179],[115.367432,-34.070862],[115.40850356529499,-33.7665638101512],[114.96134475181843,-33.86925546054182],[115.02212043606617,-34.26212201034299],[115.054321,-34.375179]]]},"properties":{"NAME":"Wardandi","SUBJECTO":"Wardandi","PARTOF":"Wardandi"}},
{"type":"Feature","geometry":{"type":"Polygon","coordinates":[[[132.75112441490435,-12.169199384492018],[132.879638,-12.168225],[132.929077,-12.093038],[132.7760114998653,-11.577992833893873],[132.62626174400592,-11.74993745211897],[132.75112441490435,-12.169199384492018]]]},"properties":{"NAME":"Amarak","SUBJECTO":"Amarak","PARTOF":"Amarak"}},
{"type":"Feature","geometry":{"type":"Polygon","coordinates":[[[123.5758390755489,-16.390787519257643],[123.914794,-16.567757],[123.969726,-16.641455],[123.964233,-16.741427],[124.008178,-16.867633],[124.447631,-16.888659],[124.49707,-16.772986],[124.43489009760718,-16.515502089222213],[124.27727034996296,-16.5227836740428],[123.97947219322468,-16.408991254609205],[123.5758390755489,-16.390787519257643]]]},"properties":{"NAME":"Umida","SUBJECTO":"Umida","PARTOF":"Umida"}},
{"type":"Feature","geometry":{"type":"Polygon","coordinates":[[[132.75112441490435,-12.169199384492018],[132.923583,-12.683214],[132.868652,-12.238023],[132.75112441490435,-12.169199384492018]]]},"properties":{"NAME":"Kundjey’mi","SUBJECTO":"Kundjey’mi","PARTOF":"Kundjey’mi"}},
{"type":"Feature","geometry":{"type":"Polygon","coordinates":[[[146.91427564919013,-38.717178416302396],[146.93403392339806,-38.7084643639909],[147.74414,-38.052416],[149.309692,-37.83148],[148.958129,-37.479217],[148.452758,-37.409437],[148.320922,-37.326488],[148.172607,-37.225954],[148.156127,-37.160316],[148.051757,-37.169071],[147.881469,-37.278423],[147.705688,-37.405073],[147.546386,-37.483576],[147.293701,-37.103384],[147.183837,-37.002552],[146.903686,-37.077093],[146.678466,-37.225954],[146.162109,-37.426888],[146.178588,-37.522797],[146.387329,-37.83148],[146.409301,-37.974514],[146.321411,-38.130235],[146.321411,-38.216604],[146.321411,-38.32011],[146.293945,-38.440682],[146.217041,-38.728375],[146.326904,-38.749799],[146.453247,-38.749799],[146.651,-38.76265],[146.91427564919013,-38.717178416302396]]]},"properties":{"NAME":"Kurnai","SUBJECTO":"Kurnai","PARTOF":"Kurnai"}},
{"type":"Feature","geometry":{"type":"Polygon","coordinates":[[[118.981934,-22.060187],[118.910522,-22.278931],[118.954468,-22.395793],[119.355469,-22.705255],[119.613647,-23.382598],[119.723511,-23.448129],[120.580444,-23.488439],[120.877075,-23.417888],[121.022644,-23.36495],[121.080322,-23.311991],[121.124268,-23.228727],[121.261597,-22.740723],[121.223145,-22.182318],[121.074829,-21.999082],[120.662842,-21.88189],[119.992676,-22.019453],[119.080811,-21.963425],[118.981934,-22.060187]]]},"properties":{"NAME":"Palyku","SUBJECTO":"Palyku","PARTOF":"Palyku"}},
{"type":"Feature","geometry":{"type":"Polygon","coordinates":[[[117.674563,-24.031414],[117.581179,-24.031414],[117.421877,-24.006326],[117.361452,-23.971195],[116.987917,-24.061512],[116.834108,-24.482149],[116.504523,-24.512141],[116.290285,-24.647017],[116.136477,-24.761797],[116.059572,-24.96614],[115.894777,-25.105497],[115.81238,-25.294371],[115.823366,-25.552354],[114.730225,-25.710837],[114.719238,-25.874052],[114.768677,-26.081454],[114.741211,-26.386949],[114.642334,-26.465656],[114.702759,-26.617997],[114.867554,-27.161808],[114.906006,-27.950739],[115.202637,-28.47352],[115.394897,-28.57005],[115.72998,-28.512143],[115.856323,-28.594169],[116.235352,-28.299544],[116.757202,-27.950739],[117.57019,-27.464414],[117.745972,-27.249746],[117.976685,-27.205786],[118.22937,-27.039557],[118.883057,-25.992612],[118.916016,-25.79],[118.954468,-25.646478],[119.009399,-25.547398],[119.174194,-25.378772],[118.443604,-24.367114],[117.674563,-24.031414]]]},"properties":{"NAME":"Watjarri","SUBJECTO":"Watjarri","PARTOF":"Watjarri"}},
{"type":"Feature","geometry":{"type":"Polygon","coordinates":[[[139.812011,-30.315987],[139.768066,-31.090574],[139.921875,-31.578535],[139.987792,-31.896214],[140.05371,-32.063955],[140.427246,-31.728167],[140.888671,-31.44741],[141.152343,-31.27855],[141.987304,-30.278044],[142.141113,-29.897805],[142.141113,-29.649868],[141.657714,-29.649868],[140.844726,-29.859701],[140.273437,-30.050076],[139.899902,-30.202113],[139.812011,-30.315987]]]},"properties":{"NAME":"Malyangaba","SUBJECTO":"Malyangaba","PARTOF":"Malyangaba"}},
{"type":"Feature","geometry":{"type":"Polygon","coordinates":[[[143.558349,-14.976626],[143.558349,-15.262988],[143.558349,-15.623036],[143.569335,-15.866241],[143.580322,-16.003575],[143.580322,-16.088042],[143.712158,-16.151368],[143.942871,-16.140815],[144.415283,-16.140815],[144.569091,-16.098598],[144.733886,-15.982453],[144.799804,-15.961329],[144.810791,-15.823966],[144.744873,-15.654775],[144.744873,-15.474857],[145.107421,-15.146369],[144.975585,-14.966013],[144.481201,-14.785505],[144.173583,-14.806749],[143.876953,-14.955399],[143.558349,-14.976626]]]},"properties":{"NAME":"Kokowarra","SUBJECTO":"Kokowarra","PARTOF":"Kokowarra"}},
{"type":"Feature","geometry":{"type":"Polygon","coordinates":[[[139.537353,-28.931246],[139.570312,-29.506549],[139.746093,-29.583011],[140.075683,-29.583011],[140.031738,-30.097613],[140.042724,-30.230594],[140.130615,-30.221101],[140.240478,-30.059585],[140.273437,-29.907329],[140.965576,-29.592565],[141.108398,-29.00814],[141.009521,-28.902397],[140.943603,-28.835049],[140.635986,-28.873539],[140.185546,-28.873539],[139.625244,-28.892778],[139.537353,-28.931246]]]},"properties":{"NAME":"Pirlatapa","SUBJECTO":"Pirlatapa","PARTOF":"Pirlatapa"}},
{"type":"Feature","geometry":{"type":"Polygon","coordinates":[[[127.738037,-19.456233],[127.738037,-20.601936],[127.880859,-20.735565],[128.133544,-20.910134],[130.111083,-21.268899],[130.380248,-21.079374],[130.572509,-20.519644],[129.759521,-19.828725],[129.396972,-19.704657],[128.880615,-19.394067],[128.737792,-19.238549],[127.957763,-19.311143],[127.738037,-19.456233]]]},"properties":{"NAME":"Ngarti","SUBJECTO":"Ngarti","PARTOF":"Ngarti"}},
{"type":"Feature","geometry":{"type":"Polygon","coordinates":[[[151.193847,-33.408516],[151.221313,-33.316758],[150.930175,-33.280026],[150.57312,-33.243281],[150.133666,-33.211115],[149.869995,-33.160545],[149.869995,-33.312167],[149.831542,-33.518499],[149.562377,-33.934245],[149.002075,-34.189085],[148.765869,-34.207259],[148.634033,-34.170908],[148.73291,-34.239053],[148.92517,-34.307143],[149.414062,-34.357041],[150.213317,-34.214073],[150.416564,-34.202716],[150.606079,-34.157272],[150.814819,-34.157272],[150.902709,-33.975253],[150.979614,-33.843045],[151.012573,-33.756315],[151.067504,-33.664925],[151.11145,-33.545972],[151.193847,-33.408516]]]},"properties":{"NAME":"Dharug","SUBJECTO":"Dharug","PARTOF":"Dharug"}},
{"type":"Feature","geometry":{"type":"Polygon","coordinates":[[[144.404296,-38.401949],[144.69612379948006,-38.08944536249849],[144.60205,-38.052416],[144.61853,-37.948529],[144.591064,-37.883524],[144.486694,-37.788081],[144.40979,-37.50101],[144.338378,-37.383252],[144.27246,-37.274052],[144.151611,-37.190954],[143.865966,-37.269681],[143.712158,-37.204081],[143.432006,-37.212831],[143.250732,-37.212831],[142.888183,-37.496652],[142.965087,-37.640334],[142.98706,-37.749],[143.031005,-37.796763],[143.168334,-37.835818],[143.338623,-38.009148],[143.558349,-38.082689],[143.706665,-38.069717],[143.811035,-38.009148],[143.992309,-38.022131],[144.003295,-38.272688],[143.898925,-38.363195],[144.102172,-38.432076],[144.255981,-38.440682],[144.404296,-38.401949]]]},"properties":{"NAME":"Wathaurong","SUBJECTO":"Wathaurong","PARTOF":"Wathaurong"}},
{"type":"Feature","geometry":{"type":"Polygon","coordinates":[[[123.59582672496592,-17.157417072529682],[123.684082,-17.277218],[123.777465,-17.345395],[124.282836,-17.43451],[124.425659,-17.439751],[124.486083,-17.439751],[124.508056,-17.282463],[124.502563,-17.041029],[124.469604,-16.841347],[124.343261,-16.830832],[124.194946,-16.830832],[124.052124,-16.815057],[123.95874,-16.815057],[123.59582672496592,-17.157417072529682]]]},"properties":{"NAME":"Warwa","SUBJECTO":"Warwa","PARTOF":"Warwa"}},
{"type":"Feature","geometry":{"type":"Polygon","coordinates":[[[140.8789306751093,-17.41956223331425],[140.916137,-17.43451],[141.036987,-17.465952],[141.174316,-17.486911],[141.256713,-17.52882],[141.80603,-17.701595],[141.954345,-17.785304],[142.580566,-18.041421],[142.954101,-17.769612],[143.129882,-17.602139],[143.129882,-17.308687],[142.800292,-17.182779],[142.602539,-17.182779],[141.838989,-16.846605],[141.602783,-16.715124],[141.405029,-16.583552],[141.28822801930679,-16.519973761604447],[140.8789306751093,-17.41956223331425]]]},"properties":{"NAME":"Kurtjar","SUBJECTO":"Kurtjar","PARTOF":"Kurtjar"}},
{"type":"Feature","geometry":{"type":"Polygon","coordinates":[[[146.94948867271685,-19.443359769623854],[147.249755,-19.715],[147.4665176641548,-19.65006389583636],[146.94948867271685,-19.443359769623854]]]},"properties":{"NAME":"Thul Garrie Waja (Bindal)","SUBJECTO":"Thul Garrie Waja (Bindal)","PARTOF":"Thul Garrie Waja (Bindal)"}},
{"type":"Feature","geometry":{"type":"Polygon","coordinates":[[[133.747558,-13.015262],[133.961791,-13.025965],[134.307861,-12.688573],[134.500122,-12.613536],[134.681396,-12.44194],[134.752807,-12.350734],[134.747314,-12.157485],[134.692382,-12.114522],[134.555053,-12.10378],[134.368286,-12.168225],[134.357299,-12.254127],[134.187011,-12.259495],[134.071655,-12.259495],[133.983764,-12.270231],[133.747558,-13.015262]]]},"properties":{"NAME":"Dangbon","SUBJECTO":"Dangbon","PARTOF":"Dangbon"}},
{"type":"Feature","geometry":{"type":"Polygon","coordinates":[[[132.209472,-14.774882],[131.984252,-14.557],[131.506347,-14.604847],[131.028442,-14.774882],[130.962524,-14.849231],[131.033935,-15.268287],[131.110839,-15.379543],[131.270141,-15.437795],[131.336059,-15.54896],[131.396481,-15.68122],[131.401975,-15.80811],[131.522827,-15.82925],[132.176513,-15.982453],[132.302855,-15.982453],[132.209472,-14.774882]]]},"properties":{"NAME":"Wardaman","SUBJECTO":"Wardaman","PARTOF":"Wardaman"}},
{"type":"Feature","geometry":{"type":"Polygon","coordinates":[[[140.70754531334185,-17.631971753876783],[140.06020644615435,-17.830437101166822],[139.71894408925044,-17.705843955284756],[139.685668,-17.916022],[139.75708,-18.041421],[139.822998,-18.130191],[139.877929,-18.281518],[139.888916,-18.490028],[140.251464,-18.526491],[140.537109,-18.661858],[140.81726,-18.354525],[140.888671,-18.182387],[140.910644,-17.968282],[140.888671,-17.759149],[140.762329,-17.607375],[140.70754531334185,-17.631971753876783]]]},"properties":{"NAME":"Kukatj","SUBJECTO":"Kukatj","PARTOF":"Kukatj"}},
{"type":"Feature","geometry":{"type":"Polygon","coordinates":[[[116.628113,-32.14306],[115.985413,-32.992539],[117.419128,-33.644349],[117.960205,-33.316758],[117.957458,-32.98102],[117.79541,-32.773418],[117.512512,-32.375321],[116.628113,-32.14306]]]},"properties":{"NAME":"Wiilman","SUBJECTO":"Wiilman","PARTOF":"Wiilman"}},
{"type":"Feature","geometry":{"type":"Polygon","coordinates":[[[134.73459549262117,-12.062186395471679],[134.703369,-12.098409],[134.692382,-12.184334],[134.686889,-12.318535],[134.686889,-12.452668],[135.054931,-12.870714],[135.054931,-13.058074],[135.054931,-13.272026],[135.219726,-13.485789],[135.422973,-13.605947],[135.705871,-13.704698],[135.82885646961614,-13.728593394473554],[135.8308973641231,-13.484774030488111],[136.23832229088092,-13.229627050202467],[136.4690809578731,-13.22276917819319],[136.66369155357623,-12.624820150178053],[134.73459549262117,-12.062186395471679]]]},"properties":{"NAME":"Yolngu","SUBJECTO":"Yolngu","PARTOF":"Yolngu"}},
{"type":"Feature","geometry":{"type":"Polygon","coordinates":[[[143.21228,-22.40595],[143.168334,-22.629222],[143.09143,-22.872379],[143.069458,-23.115101],[143.179321,-23.438049],[143.333129,-23.679743],[143.453979,-23.840625],[144.750366,-23.840625],[144.915161,-23.961156],[145.266723,-24.221919],[145.431518,-24.382124],[145.640258,-24.552119],[145.848999,-24.731864],[146.464233,-24.871486],[146.782836,-24.83161],[146.77185,-24.46215],[146.738891,-24.231937],[146.705932,-24.05148],[146.585083,-23.830576],[146.387329,-23.579091],[146.365356,-23.488438],[146.409301,-23.054461],[146.211547,-22.639362],[146.057739,-22.456725],[145.750122,-22.334833],[145.299682,-22.131443],[144.893188,-21.968519],[143.8385,-22.009267],[143.410034,-22.131443],[143.21228,-22.40595]]]},"properties":{"NAME":"Iningai","SUBJECTO":"Iningai","PARTOF":"Iningai"}},
{"type":"Feature","geometry":{"type":"Polygon","coordinates":[[[131.59973,-13.20786],[132.072143,-13.752724],[132.182006,-13.699361],[132.330322,-13.720708],[132.720336,-13.629971],[132.879638,-13.619294],[132.720336,-13.389619],[132.522583,-13.320139],[132.214965,-13.22925],[131.918331,-13.100879],[131.59973,-13.20786]]]},"properties":{"NAME":"Warray","SUBJECTO":"Warray","PARTOF":"Warray"}},
{"type":"Feature","geometry":{"type":"Polygon","coordinates":[[[143.11708289830352,-12.235854417683814],[143.12742141197467,-12.01337090853987],[142.93834975670123,-12.007422841828443],[142.82346633384967,-11.918680585663893],[142.7920238141559,-11.738236474339834],[142.77008,-11.740991],[142.662963,-11.775947],[142.668457,-11.947975],[142.698669,-12.058123],[142.734375,-12.221917],[142.739868,-12.280966],[142.792053,-12.326585],[142.967834,-12.278282],[143.11708289830352,-12.235854417683814]]]},"properties":{"NAME":"Wuthathi","SUBJECTO":"Wuthathi","PARTOF":"Wuthathi"}},
{"type":"Feature","geometry":{"type":"Polygon","coordinates":[[[126.804199,-19.197053],[126.364746,-20.282808],[126.243896,-20.632784],[126.156005,-20.961439],[125.518798,-21.810508],[125.749511,-21.841104],[126.002197,-21.871694],[126.156005,-21.932854],[126.419677,-21.790107],[126.881103,-21.48374],[127.463378,-20.951179],[127.705078,-20.684183],[127.781982,-20.499064],[127.781982,-19.435514],[127.770996,-19.35261],[126.925048,-19.114029],[126.804199,-19.197053]]]},"properties":{"NAME":"Kukatja","SUBJECTO":"Kukatja","PARTOF":"Kukatja"}},
{"type":"Feature","geometry":{"type":"Polygon","coordinates":[[[139.75100170292714,-17.723655548498538],[139.47739294865622,-17.57163525528667],[139.328613,-17.811456],[139.295654,-17.916022],[139.509887,-17.978733],[139.630737,-17.963057],[139.718627,-17.936928],[139.75100170292714,-17.723655548498538]]]},"properties":{"NAME":"Mingin","SUBJECTO":"Mingin","PARTOF":"Mingin"}},
{"type":"Feature","geometry":{"type":"Polygon","coordinates":[[[142.338867,-31.353636],[141.569824,-31.353636],[141.196289,-31.316101],[140.866699,-31.325486],[140.427246,-31.578535],[140.17456,-31.840232],[139.943847,-32.110495],[139.888916,-32.546813],[139.877929,-32.814978],[140.350341,-32.814978],[141.767578,-32.212801],[142.459716,-31.503629],[142.338867,-31.353636]]]},"properties":{"NAME":"Wiljali","SUBJECTO":"Wiljali","PARTOF":"Wiljali"}},
{"type":"Feature","geometry":{"type":"Polygon","coordinates":[[[116.8396,-22.781246],[116.652832,-22.922982],[116.564941,-23.084785],[116.762695,-23.216107],[117.075806,-23.337212],[117.559204,-23.488439],[117.713013,-23.533773],[117.850342,-23.468285],[117.828369,-23.367471],[117.454834,-22.907803],[117.240601,-22.771117],[117.059326,-22.700188],[116.916504,-22.745789],[116.8396,-22.781246]]]},"properties":{"NAME":"Jurruru","SUBJECTO":"Jurruru","PARTOF":"Jurruru"}},
{"type":"Feature","geometry":{"type":"Polygon","coordinates":[[[141.657714,-34.098159],[141.470947,-34.506556],[141.514892,-34.696461],[141.800537,-34.696461],[142.470703,-34.894942],[142.954101,-34.939985],[142.965087,-34.831841],[142.965087,-34.669358],[142.877197,-34.597041],[142.756347,-34.578952],[142.734375,-34.696461],[142.602539,-34.696461],[142.481689,-34.633207],[142.338867,-34.243594],[142.152099,-34.134541],[141.943359,-34.079962],[141.734619,-34.079962],[141.657714,-34.098159]]]},"properties":{"NAME":"Latje Latje","SUBJECTO":"Latje Latje","PARTOF":"Latje Latje"}},
{"type":"Feature","geometry":{"type":"Polygon","coordinates":[[[150.787353,-34.175453],[150.743408,-34.152726],[150.45227,-34.175453],[149.979858,-34.211802],[149.60083,-34.284453],[149.111938,-34.275375],[148.793334,-34.220886],[148.656005,-34.175453],[148.463745,-34.175453],[148.364868,-34.202716],[148.326416,-34.275375],[148.348388,-34.329828],[148.557128,-34.538237],[148.787841,-34.719039],[149.128417,-34.917466],[149.474487,-35.151354],[149.661254,-35.25459],[149.787597,-35.196256],[149.946899,-35.110921],[150.314941,-34.957995],[150.430297,-34.777715],[150.567626,-34.547287],[150.611572,-34.438628],[150.787353,-34.175453]]]},"properties":{"NAME":"Gundungurra","SUBJECTO":"Gundungurra","PARTOF":"Gundungurra"}},
{"type":"Feature","geometry":{"type":"Polygon","coordinates":[[[149.8490894920332,-37.64326988625311],[149.97627144403407,-37.08025996910678],[149.430541,-37.805443],[149.8490894920332,-37.64326988625311]]]},"properties":{"NAME":"Bidwell","SUBJECTO":"Bidwell","PARTOF":"Bidwell"}},
{"type":"Feature","geometry":{"type":"Polygon","coordinates":[[[136.307373,-25.055745],[136.109619,-25.075648],[136.186523,-25.641526],[136.186523,-26.539394],[136.087646,-26.922069],[136.087646,-27.215556],[136.252441,-27.293689],[136.582031,-27.401032],[136.724853,-27.5375],[136.801757,-27.71271],[136.889648,-27.839076],[137.427978,-27.761329],[138.076171,-27.73216],[138.295898,-27.518015],[138.416748,-27.430289],[138.372802,-27.264395],[138.306884,-26.980828],[138.164062,-26.568876],[138.153076,-26.431228],[138.043212,-26.244156],[138.032226,-26.056782],[138.186035,-26.017297],[138.636474,-25.997549],[138.845214,-25.967922],[138.724365,-25.740529],[138.592529,-25.522614],[138.471679,-25.244695],[138.383789,-24.706915],[138.076171,-24.706915],[136.307373,-25.055745]]]},"properties":{"NAME":"Wangkangurru","SUBJECTO":"Wangkangurru","PARTOF":"Wangkangurru"}},
{"type":"Feature","geometry":{"type":"Polygon","coordinates":[[[114.752197,-22.82682],[114.686279,-23.256487],[114.763184,-23.372514],[115.180664,-23.538809],[115.389404,-23.659619],[115.702515,-23.780318],[115.883789,-23.780318],[115.784912,-23.327124],[115.784912,-23.160563],[115.779419,-23.089838],[115.779419,-22.943218],[115.768433,-22.872379],[115.62561,-22.806567],[114.873047,-22.811631],[114.77417,-22.831883],[114.752197,-22.82682]]]},"properties":{"NAME":"Purduna","SUBJECTO":"Purduna","PARTOF":"Purduna"}},
{"type":"Feature","geometry":{"type":"Polygon","coordinates":[[[145.99418166588092,-17.51257745150862],[145.9613584451437,-17.428971522929007],[145.821533,-17.382094],[145.643005,-17.285086],[145.544128,-17.240497],[145.491943,-17.185403],[145.431518,-17.182779],[145.327148,-17.26935],[145.338134,-17.274596],[145.310668,-17.355881],[145.288696,-17.426649],[145.220031,-17.547153],[145.189819,-17.651873],[145.340881,-18.093644],[145.437011,-18.135411],[145.557861,-18.143241],[145.98444481582797,-18.005760806593496],[146.01871779869342,-17.862209714692213],[145.99418166588092,-17.51257745150862]]]},"properties":{"NAME":"Djirbalngan","SUBJECTO":"Djirbalngan","PARTOF":"Djirbalngan"}},
{"type":"Feature","geometry":{"type":"Polygon","coordinates":[[[141.40151503990435,-15.856735624116041],[141.39222567390433,-15.919386312095709],[141.624755,-15.924355],[141.723632,-15.924355],[141.723632,-15.771109],[141.775817,-15.347761],[141.65037896815744,-15.322797937096187],[141.51760390709185,-15.532259382050611],[141.40151503990435,-15.856735624116041]]]},"properties":{"NAME":"Koko-bera","SUBJECTO":"Koko-bera","PARTOF":"Koko-bera"}},
{"type":"Feature","geometry":{"type":"Polygon","coordinates":[[[147.277221,-22.527779],[147.139892,-22.395792],[146.986083,-22.344995],[146.77185,-22.329752],[146.502685,-22.334833],[146.063232,-22.436417],[146.063232,-22.512556],[146.162109,-22.649502],[146.321411,-22.963451],[146.326904,-23.427968],[146.398315,-23.634459],[146.590576,-23.91597],[146.689453,-24.131715],[146.749877,-24.256981],[147.244262,-23.986252],[147.194824,-23.800423],[147.172851,-23.468285],[147.156372,-23.301901],[147.161865,-22.988738],[147.277221,-22.527779]]]},"properties":{"NAME":"Yagalingu","SUBJECTO":"Yagalingu","PARTOF":"Yagalingu"}},
{"type":"Feature","geometry":{"type":"Polygon","coordinates":[[[141.113891,-36.297418],[141.124877,-36.14231],[141.130371,-35.97356],[141.168823,-35.697455],[141.514892,-35.020999],[141.492919,-34.795761],[141.328125,-34.624167],[141.240234,-34.533712],[139.768066,-34.551811],[139.51538,-35.092945],[139.383544,-35.218697],[139.482421,-35.290468],[139.998779,-36.323977],[140.29541,-36.341678],[140.800781,-36.341678],[141.113891,-36.297418]]]},"properties":{"NAME":"Ngargad","SUBJECTO":"Ngargad","PARTOF":"Ngargad"}},
{"type":"Feature","geometry":{"type":"Polygon","coordinates":[[[149.41137221763873,-21.917835630219557],[149.27944449894844,-21.5408165758805],[149.183349,-21.57061],[149.057006,-21.637005],[149.161376,-21.785006],[149.227294,-21.917567],[149.282226,-22.172144],[149.282226,-22.360236],[149.298706,-22.593726],[149.403076,-22.801503],[149.738159,-22.948276],[150.13916,-22.892622],[150.249023,-22.776181],[150.22569838229796,-22.47957763547048],[149.94477370689654,-22.323645032685377],[150.01726821373248,-22.730434812348463],[149.55675795982623,-22.432550824921705],[149.41137221763873,-21.917835630219557]]]},"properties":{"NAME":"Guwinmal","SUBJECTO":"Guwinmal","PARTOF":"Guwinmal"}},
{"type":"Feature","geometry":{"type":"Polygon","coordinates":[[[151.2492464455299,-34.05778369223449],[151.2634947911526,-33.99140939994478],[151.092224,-33.934245],[150.89447,-33.936524],[150.825805,-34.032176],[150.726928,-34.150454],[150.636291,-34.270835],[150.216064,-34.919718],[150.342407,-34.964748],[150.457763,-35.007502],[150.540161,-35.027747],[150.688476,-35.092945],[150.817565,-35.106428],[150.81921397214182,-35.105142877239224],[150.85384972877142,-34.919540274586964],[150.85300950429922,-34.8786369104011],[150.9570427981741,-34.56148695502032],[151.2492464455299,-34.05778369223449]]]},"properties":{"NAME":"Tharawal","SUBJECTO":"Tharawal","PARTOF":"Tharawal"}},
{"type":"Feature","geometry":{"type":"Polygon","coordinates":[[[127.617187,-20.653346],[127.023925,-21.043491],[126.628417,-21.616579],[126.210937,-21.881889],[126.166992,-22.146707],[127.067871,-23.503551],[127.441406,-23.765236],[127.683105,-23.905926],[127.880859,-24.026396],[128.144531,-24.126701],[128.496093,-24.266997],[128.957518,-24.427145],[129.331054,-24.487148],[130.495605,-24.866502],[130.671386,-24.706915],[130.913085,-24.387127],[131.187744,-23.463246],[131.264648,-23.150462],[131.308593,-22.887562],[131.31958,-22.75592],[130.440673,-21.135745],[130.089111,-21.09475],[129.79248,-20.961439],[129.144286,-21.063997],[128.71582,-20.910134],[128.419187,-20.889607],[127.617187,-20.653346]]]},"properties":{"NAME":"Pintupi","SUBJECTO":"Pintupi","PARTOF":"Pintupi"}},
{"type":"Feature","geometry":{"type":"Polygon","coordinates":[[[127.39746383140827,-14.100444234650709],[126.8534269661739,-13.783772863190748],[126.7646589608028,-14.00008622531233],[126.66506484459187,-14.102008260529615],[126.61661300205883,-14.203038505165264],[126.688842,-14.349547],[126.85913,-14.439999],[127.139282,-14.471915],[127.29309,-14.482552],[127.39746383140827,-14.100444234650709]]]},"properties":{"NAME":"Miwa","SUBJECTO":"Miwa","PARTOF":"Miwa"}},
{"type":"Feature","geometry":{"type":"Polygon","coordinates":[[[118.795166,-23.538809],[119.141235,-23.548881],[119.470825,-23.538809],[119.619141,-23.528737],[119.657593,-23.528737],[119.668579,-23.347299],[119.53125,-22.897683],[119.32251,-22.573438],[119.163208,-22.446572],[118.910522,-22.329752],[118.201904,-22.08055],[117.894287,-22.039822],[117.767944,-22.121266],[117.597656,-22.446572],[117.542725,-22.60894],[117.487793,-22.684984],[117.427368,-22.816694],[117.493286,-22.912863],[118.201904,-23.342256],[118.416138,-23.458207],[118.575439,-23.533773],[118.795166,-23.538809]]]},"properties":{"NAME":"Banjima","SUBJECTO":"Banjima","PARTOF":"Banjima"}},
{"type":"Feature","geometry":{"type":"Polygon","coordinates":[[[130.20598891685748,-13.484157003205397],[130.1760697165649,-13.511062348154326],[130.200347,-13.601943],[130.229187,-13.63531],[130.247039,-13.636644],[130.288238,-13.632641],[130.352781,-13.467092],[130.319824,-13.435038],[130.290985,-13.425687],[130.20598891685748,-13.484157003205397]]]},"properties":{"NAME":"Kuwema","SUBJECTO":"Kuwema","PARTOF":"Kuwema"}},
{"type":"Feature","geometry":{"type":"Polygon","coordinates":[[[130.957031,-17.476432],[130.935058,-17.37161],[130.726317,-17.382094],[130.286865,-17.287709],[130.286865,-17.182779],[130.144042,-17.067287],[129.25415,-16.794023],[129.25415,-16.604609],[129.111325,-16.562491],[128.759762,-16.688816],[128.869628,-17.518344],[128.979492,-17.790535],[129.100338,-18.010079],[129.177246,-18.250219],[129.265136,-18.406654],[130.286865,-18.333669],[130.825195,-18.229351],[131.044919,-18.156291],[131.374511,-18.062312],[131.61621,-18.010079],[131.286621,-17.895114],[131.088867,-17.895114],[130.979003,-17.874203],[130.957031,-17.476432]]]},"properties":{"NAME":"Gurindji","SUBJECTO":"Gurindji","PARTOF":"Gurindji"}},
{"type":"Feature","geometry":{"type":"Polygon","coordinates":[[[141.899414,-14.918246],[142.234497,-14.918246],[142.937622,-14.838611],[143.322143,-14.843921],[143.42102,-14.822681],[143.453979,-14.727073],[143.459472,-14.455958],[143.4375,-14.333581],[143.42102,-14.237762],[143.344116,-14.083301],[143.184814,-14.104612],[142.954101,-14.184511],[142.745361,-14.237762],[142.5531,-14.301646],[142.152099,-14.466596],[142.064208,-14.466596],[141.998291,-14.487871],[142.009277,-14.642053],[141.976318,-14.796127],[141.899414,-14.918246]]]},"properties":{"NAME":"Bakanh","SUBJECTO":"Bakanh","PARTOF":"Bakanh"}},
{"type":"Feature","geometry":{"type":"Polygon","coordinates":[[[142.76184,-17.832374],[142.613525,-17.931702],[142.56958,-18.015303],[142.597045,-18.187606],[142.893676,-18.682675],[142.976074,-18.755511],[143.129882,-18.693082],[143.393554,-18.594188],[143.563842,-18.479609],[143.481445,-17.58643],[143.21228,-17.334908],[143.074951,-17.43451],[142.76184,-17.832374]]]},"properties":{"NAME":"Takalak","SUBJECTO":"Takalak","PARTOF":"Takalak"}},
{"type":"Feature","geometry":{"type":"Polygon","coordinates":[[[132.967529,-21.892084],[132.308349,-21.871694],[131.923825,-21.983801],[131.726074,-22.309425],[131.846923,-22.684984],[132.022705,-22.897683],[132.143554,-23.059516],[132.517089,-23.008964],[133.066406,-22.917922],[133.439941,-22.897683],[133.978271,-22.887562],[134.01123,-22.654571],[134.154052,-22.350075],[133.989257,-22.22809],[132.967529,-21.892084]]]},"properties":{"NAME":"Anmatyerre","SUBJECTO":"Anmatyerre","PARTOF":"Anmatyerre"}},
{"type":"Feature","geometry":{"type":"Polygon","coordinates":[[[129.76626113365435,-13.81564847354231],[129.76346083779123,-14.007096264914402],[129.869384,-13.983378],[129.89685,-13.992706],[129.873504,-14.049998],[129.88449,-14.096621],[129.924316,-14.101948],[129.988861,-14.10994],[130.076751,-14.081969],[130.159149,-14.053995],[130.207214,-14.012693],[130.227813,-13.932734],[130.22644,-13.898076],[130.141296,-13.864747],[130.104217,-13.776733],[130.13031,-13.662],[130.0610704290326,-13.605863991661586],[129.85227492759967,-13.72011796359358],[129.76626113365435,-13.81564847354231]]]},"properties":{"NAME":"Marrithiyel","SUBJECTO":"Marrithiyel","PARTOF":"Marrithiyel"}},
{"type":"Feature","geometry":{"type":"Polygon","coordinates":[[[130.476379,-13.42168],[130.369261,-13.378931],[130.32257,-13.469763],[130.303344,-13.549881],[130.267639,-13.632641],[130.237426,-13.712703],[130.223693,-13.880745],[130.311584,-13.915406],[130.418701,-13.915406],[130.542296,-13.902075],[130.819702,-13.814076],[130.893858,-13.814076],[131.083373,-13.795406],[131.2207,-13.795406],[131.341552,-13.744721],[131.355285,-13.696693],[131.330566,-13.624633],[130.476379,-13.42168]]]},"properties":{"NAME":"Malak malak","SUBJECTO":"Malak malak","PARTOF":"Malak malak"}},
{"type":"Feature","geometry":{"type":"Polygon","coordinates":[[[145.535043,-26.39383],[145.596135,-27.120208],[146.471894,-26.975128],[146.626618,-26.900111],[146.933499,-26.776585],[148.136445,-26.743294],[148.219382,-26.522668],[148.369885,-26.209926],[148.333224,-26.137195],[148.331295,-26.02628],[148.637609,-25.855127],[148.942868,-25.894921],[148.818647,-25.479574],[148.865476,-25.298259],[148.856874,-25.230189],[148.854723,-25.171813],[148.848271,-25.127039],[148.828916,-25.029647],[148.861978,-24.879494],[148.742031,-24.525545],[148.698757,-24.483707],[148.619511,-24.461918],[148.591331,-24.441397],[148.542017,-24.406759],[148.481033,-24.374903],[148.213117,-24.119629],[147.845488,-24.033872],[147.42839,-24.003794],[147.066173,-23.980396],[146.853965,-23.967023],[146.59141,-23.940655],[145.916088,-23.863694],[145.458695,-23.655472],[145.125276,-24.347322],[145.086414,-24.515388],[145.079128,-24.643498],[145.059697,-24.771477],[145.042694,-24.864069],[144.875101,-25.049045],[144.606266,-25.911431],[144.87935,-26.199652],[145.325762,-26.142274],[145.466025,-26.264127],[145.501647,-26.327999],[145.535043,-26.39383]]]},"properties":{"NAME":"Bidjara","SUBJECTO":"Bidjara","PARTOF":"Bidjara"}},
{"type":"Feature","geometry":{"type":"Polygon","coordinates":[[[134.732682895016,-12.062117834560034],[134.596252,-12.057227194462248],[134.596252,-12.090352],[134.604492,-12.106466],[134.625091,-12.134662],[134.65805,-12.158828],[134.697875,-12.131977],[134.722595,-12.080952],[134.732682895016,-12.062117834560034]]]},"properties":{"NAME":"Burarra","SUBJECTO":"Burarra","PARTOF":"Burarra"}},
{"type":"Feature","geometry":{"type":"Polygon","coordinates":[[[124.8463468880489,-16.53004113559065],[124.71627334068562,-16.496412671845533],[124.39636083900277,-16.517282031575856],[124.447631,-16.646718],[124.447631,-16.772986],[124.447631,-17.067287],[124.458618,-17.345395],[124.458618,-17.450232],[125.145263,-17.455472],[125.299072,-17.644022],[125.480346,-17.670193],[125.78247,-17.450232],[125.826416,-17.319176],[125.809936,-17.151288],[125.617675,-17.025272],[125.463867,-16.878146],[124.8463468880489,-16.53004113559065]]]},"properties":{"NAME":"Unggumi","SUBJECTO":"Unggumi","PARTOF":"Unggumi"}},
{"type":"Feature","geometry":{"type":"Polygon","coordinates":[[[122.497558,-27.293689],[122.10205,-27.556981],[121.937255,-27.693256],[121.574707,-27.93618],[121.849365,-28.207608],[122.058105,-28.536274],[122.145996,-28.758028],[122.519531,-28.796546],[122.838134,-28.603814],[123.640136,-28.294707],[124.266357,-27.73216],[124.343261,-27.586197],[124.442138,-27.508271],[124.365234,-27.332735],[124.112548,-27.205785],[124.013671,-27.147144],[123.442382,-26.775039],[123.244628,-26.608174],[123.156738,-26.500072],[123.046874,-26.421389],[122.816162,-26.775039],[122.497558,-27.293689]]]},"properties":{"NAME":"Tjalkanti","SUBJECTO":"Tjalkanti","PARTOF":"Tjalkanti"}},
{"type":"Feature","geometry":{"type":"Polygon","coordinates":[[[122.151489,-17.727758],[122.189941,-17.782689],[122.681579,-17.764381],[122.813415,-17.722526],[122.868347,-17.683278],[122.846374,-17.316554],[122.758483,-17.316554],[122.596435,-17.316554],[122.16081742112962,-17.319176],[122.10118366119056,-17.381880332944046],[122.151489,-17.727758]]]},"properties":{"NAME":"Ngumbarl","SUBJECTO":"Ngumbarl","PARTOF":"Ngumbarl"}},
{"type":"Feature","geometry":{"type":"Polygon","coordinates":[[[114.33763524963604,-28.485437927484742],[114.45218387160796,-28.648800814839046],[114.675293,-28.758028],[115.334473,-28.579698],[115.230103,-28.459033],[115.186157,-28.318889],[114.977417,-28.008952],[114.955444,-27.23021],[114.906006,-27.034664],[114.691772,-26.450902],[114.631348,-26.39679],[114.526978,-26.401711],[114.016113,-26.588527],[113.845825,-26.750516],[113.703003,-26.814266],[114.33763524963604,-28.485437927484742]]]},"properties":{"NAME":"Nhanta","SUBJECTO":"Nhanta","PARTOF":"Nhanta"}},
{"type":"Feature","geometry":{"type":"Polygon","coordinates":[[[149.924926,-32.754942],[149.80957,-32.921096],[149.754638,-33.091541],[149.869995,-33.178939],[150.166625,-33.298394],[150.809326,-33.325938],[151.018066,-33.344296],[151.243286,-33.394759],[151.380615,-33.261656],[151.463012,-33.082335],[151.468505,-32.898038],[151.254272,-32.851903],[150.759887,-32.796509],[150.232543,-32.764181],[149.924926,-32.754942]]]},"properties":{"NAME":"Darkinung","SUBJECTO":"Darkinung","PARTOF":"Darkinung"}},
{"type":"Feature","geometry":{"type":"Polygon","coordinates":[[[142.849731,-28.081673],[142.404785,-28.28987],[142.294921,-28.454203],[142.267456,-28.531448],[142.360839,-28.608637],[142.767333,-28.719496],[143.063964,-28.738763],[143.322143,-28.758028],[143.536376,-28.810986],[143.701171,-28.815799],[143.64624,-28.526622],[143.64624,-28.401064],[144.107666,-28.042894],[144.190063,-27.970146],[144.06372,-27.955591],[143.827514,-27.902203],[143.701171,-27.902203],[143.536376,-27.950738],[143.052978,-28.008951],[142.849731,-28.081673]]]},"properties":{"NAME":"Kullilla","SUBJECTO":"Kullilla","PARTOF":"Kullilla"}},
{"type":"Feature","geometry":{"type":"Polygon","coordinates":[[[140.1267410697187,-37.71552330106846],[140.32635007692923,-37.86514885684212],[140.947723,-38.070798],[140.955963,-38.003737],[140.984802,-37.986422],[141.045227,-37.745743],[140.185546,-37.077093],[140.00399286571974,-37.62488753890082],[140.1267410697187,-37.71552330106846]]]},"properties":{"NAME":"Buandig","SUBJECTO":"Buandig","PARTOF":"Buandig"}},
{"type":"Feature","geometry":{"type":"Polygon","coordinates":[[[141.31382277916217,-16.448162473481275],[141.24691592802117,-16.63588320975099],[141.256713,-16.651979],[141.547851,-16.815057],[141.948852,-16.977994],[141.904907,-16.841347],[141.740112,-15.871525],[141.608276,-15.871525],[141.4004407801491,-15.86398080239136],[141.31382277916217,-16.448162473481275]]]},"properties":{"NAME":"Koknar","SUBJECTO":"Koknar","PARTOF":"Koknar"}},
{"type":"Feature","geometry":{"type":"Polygon","coordinates":[[[118.86508468101765,-20.06903497103987],[118.81005777017201,-20.173481762404894],[119.399414,-20.401272],[119.679565,-20.43216],[119.86084,-20.298266],[119.976196,-20.112682],[119.97322629506124,-20.06524754582738],[119.81251815269734,-20.117874540131666],[119.53112319420124,-20.137548841279127],[118.86508468101765,-20.06903497103987]]]},"properties":{"NAME":"Ngarla","SUBJECTO":"Ngarla","PARTOF":"Ngarla"}},
{"type":"Feature","geometry":{"type":"Polygon","coordinates":[[[129.70249465416217,-15.06174508456526],[129.67240367116722,-15.154427126672038],[129.732055,-15.231189],[129.81445,-15.363653],[129.929809,-15.490738],[130.204467,-15.52779],[130.308837,-15.496032],[130.550536,-15.485445],[130.984497,-15.42191],[131.116333,-15.278886],[131.099853,-14.891704],[130.995483,-14.758947],[130.6604,-14.716447],[130.264892,-14.716447],[130.061645,-14.72176],[129.841918,-14.753635],[129.79427213153838,-14.753635],[129.84861281822467,-14.81985989932356],[129.83855727623248,-14.927954114716627],[129.70249465416217,-15.06174508456526]]]},"properties":{"NAME":"Jaminjung","SUBJECTO":"Jaminjung","PARTOF":"Jaminjung"}},
{"type":"Feature","geometry":{"type":"Polygon","coordinates":[[[117.59063,-30.600285],[116.848033,-30.071811],[116.431137,-31.470986],[116.730781,-31.604231],[116.730781,-32.124269],[117.707882,-32.43268],[117.603658,-31.969671],[118.307171,-31.081272],[118.059639,-30.712358],[117.59063,-30.600285]]]},"properties":{"NAME":"Ballardong","SUBJECTO":"Ballardong","PARTOF":"Ballardong"}},
{"type":"Feature","geometry":{"type":"Polygon","coordinates":[[[143.67747718028897,-14.298971894248492],[143.5765208350728,-14.042573105616974],[143.442993,-14.067316],[143.315277,-14.119262],[143.353729,-14.179186],[143.390808,-14.338904],[143.385314,-14.362851],[143.530883,-14.312292],[143.67747718028897,-14.298971894248492]]]},"properties":{"NAME":"Umbindhamu","SUBJECTO":"Umbindhamu","PARTOF":"Umbindhamu"}},
{"type":"Feature","geometry":{"type":"Polygon","coordinates":[[[134.945068,-14.317614],[135.049438,-14.461277],[135.406494,-14.42936],[135.505371,-14.466596],[135.587768,-14.354869],[135.593261,-14.179186],[135.428466,-13.838079],[135.324096,-13.694024],[135.236206,-13.629971],[135.038452,-13.768731],[134.873657,-13.811409],[134.785766,-13.91274],[134.945068,-14.317614]]]},"properties":{"NAME":"Ngandi","SUBJECTO":"Ngandi","PARTOF":"Ngandi"}},
{"type":"Feature","geometry":{"type":"Polygon","coordinates":[[[143.5380964608028,-13.944986738007643],[143.49832148014949,-13.772780432946156],[143.434753,-13.796739],[143.371582,-13.822078],[143.319396,-13.836746],[143.31665,-13.843413],[143.315277,-13.891411],[143.302917,-13.954059],[143.296051,-14.065984],[143.294677,-14.10328],[143.298797,-14.128585],[143.43338,-14.099284],[143.5820427940796,-14.056597222646763],[143.5380964608028,-13.944986738007643]]]},"properties":{"NAME":"Kuuku-yani","SUBJECTO":"Kuuku-yani","PARTOF":"Kuuku-yani"}},
{"type":"Feature","geometry":{"type":"Polygon","coordinates":[[[146.10622695396685,-18.548672117035963],[145.847598,-18.51303],[145.752583,-18.442915],[145.685913,-18.446632],[145.681994,-18.50516],[145.739135,-18.719097],[145.885641,-19.137731],[146.591239,-19.639169],[146.728558,-19.414047],[146.708732,-19.362829],[146.569044,-19.32905],[146.515872,-19.270766],[146.35387880485715,-19.100767185867216],[146.28179563056545,-19.01318088467186],[146.15695486102084,-18.702358001064045],[146.10622695396685,-18.548672117035963]]]},"properties":{"NAME":"Nyawaygi","SUBJECTO":"Nyawaygi","PARTOF":"Nyawaygi"}},
{"type":"Feature","geometry":{"type":"Polygon","coordinates":[[[145.557861,-21.749295],[145.766601,-22.075459],[145.810546,-22.329752],[145.92041,-22.482106],[146.151123,-22.482106],[146.502685,-22.390713],[146.755371,-22.390713],[146.843261,-22.156883],[146.821289,-21.922663],[146.733398,-21.759499],[146.623535,-21.606365],[146.590576,-21.534847],[145.997314,-21.534847],[145.711669,-21.575718],[145.557861,-21.749295]]]},"properties":{"NAME":"Miyan","SUBJECTO":"Miyan","PARTOF":"Miyan"}},
{"type":"Feature","geometry":{"type":"Polygon","coordinates":[[[124.255371,-20.529933],[123.815917,-20.529933],[123.5083,-20.838277],[123.288574,-21.289374],[123.288574,-21.514406],[123.925781,-22.411028],[125.529785,-22.065278],[125.815429,-21.841104],[126.035156,-21.575718],[126.452636,-20.632784],[126.452636,-20.365227],[126.079101,-20.282808],[125.112304,-20.179723],[124.716796,-20.220965],[124.255371,-20.529933]]]},"properties":{"NAME":"Yulparitja","SUBJECTO":"Yulparitja","PARTOF":"Yulparitja"}},
{"type":"Feature","geometry":{"type":"Polygon","coordinates":[[[148.117675,-24.781747],[148.123168,-24.931276],[148.123168,-25.065697],[148.287963,-25.135339],[148.309936,-25.239727],[148.364868,-25.324166],[148.672485,-25.2596],[148.870239,-25.249664],[149.018554,-25.22482],[149.051513,-25.045792],[149.051513,-24.582095],[149.051513,-24.352101],[148.815307,-24.256981],[148.688964,-24.186847],[148.496704,-24.387127],[148.233032,-24.676969],[148.117675,-24.781747]]]},"properties":{"NAME":"Garingbal","SUBJECTO":"Garingbal","PARTOF":"Garingbal"}},
{"type":"Feature","geometry":{"type":"Polygon","coordinates":[[[143.684692,-35.835628],[143.85498,-35.902399],[143.909912,-35.955776],[143.997802,-36.071302],[144.16809,-36.363798],[144.212036,-36.487557],[144.266967,-36.580246],[144.492187,-36.619936],[144.574584,-36.569217],[144.676208,-36.46768],[144.769592,-36.370433],[144.802551,-36.281921],[144.846496,-36.140092],[144.868469,-36.080181],[144.525146,-35.853439],[144.667968,-35.581384],[145.112915,-35.321848],[145.228271,-35.218697],[145.321655,-35.110921],[145.003051,-34.908457],[144.876708,-34.804782],[144.838256,-34.755153],[144.755859,-34.899447],[144.656982,-35.029996],[144.464721,-35.250105],[144.206542,-35.429344],[143.816528,-35.724217],[143.684692,-35.835628]]]},"properties":{"NAME":"Baraba Baraba","SUBJECTO":"Baraba Baraba","PARTOF":"Baraba Baraba"}},
{"type":"Feature","geometry":{"type":"Polygon","coordinates":[[[140.70754531334185,-17.631971753876783],[140.68988833173321,-17.63780372853956],[140.795288,-17.738222],[140.839233,-17.785304],[140.92163,-17.717293],[141.152343,-17.602139],[141.245727,-17.539296],[141.036987,-17.424028],[140.87850431827144,-17.42034001609564],[140.70754531334185,-17.631971753876783]]]},"properties":{"NAME":"Kuthant","SUBJECTO":"Kuthant","PARTOF":"Kuthant"}},
{"type":"Feature","geometry":{"type":"Polygon","coordinates":[[[151.567382,-32.454155],[151.193847,-32.3382],[151.012573,-32.25462],[150.012817,-32.249974],[149.952392,-32.347482],[149.924926,-32.463425],[149.902954,-32.556072],[149.902954,-32.764181],[150.029296,-32.810361],[150.298461,-32.833441],[150.611572,-32.879587],[151.402587,-32.907262],[151.523437,-32.870359],[151.594848,-32.745702],[151.605834,-32.523657],[151.567382,-32.454155]]]},"properties":{"NAME":"Wonnarua","SUBJECTO":"Wonnarua","PARTOF":"Wonnarua"}},
{"type":"Feature","geometry":{"type":"Polygon","coordinates":[[[132.849426,-12.838581],[133.610229,-13.317466],[133.654174,-13.036669],[133.505856,-12.910875],[133.439941,-12.881424],[133.321838,-12.825191],[132.912597,-12.776982],[132.849426,-12.838581]]]},"properties":{"NAME":"Wuningangk","SUBJECTO":"Wuningangk","PARTOF":"Wuningangk"}},
{"type":"Feature","geometry":{"type":"Polygon","coordinates":[[[143.410034,-31.381778],[142.613525,-31.372399],[142.32788,-31.419288],[142.283935,-31.634675],[141.844482,-32.054644],[141.218261,-32.379961],[139.921875,-32.7688],[139.295654,-32.898038],[138.933105,-33.192729],[138.933105,-33.477272],[139.0979,-33.678639],[139.30664,-33.623768],[139.51538,-33.550551],[139.75708,-33.431441],[140.163574,-33.348884],[140.745849,-33.376412],[140.965576,-33.449776],[141.086425,-33.339706],[141.773071,-32.934928],[142.503662,-32.328916],[142.943115,-32.03602],[143.283691,-31.681433],[143.442993,-31.564495],[143.530883,-31.512995],[143.470458,-31.43335],[143.410034,-31.381778]]]},"properties":{"NAME":"Danggali","SUBJECTO":"Danggali","PARTOF":"Danggali"}},
{"type":"Feature","geometry":{"type":"Polygon","coordinates":[[[146.87622,-29.91209],[146.815795,-29.792984],[146.700439,-29.697596],[146.11267,-29.616445],[145.827026,-29.606894],[145.689697,-29.88828],[145.59082,-30.035811],[145.541381,-30.202113],[145.728149,-30.083354],[145.975341,-30.021543],[146.271972,-29.997759],[146.777343,-30.007273],[146.936645,-29.997759],[146.87622,-29.91209]]]},"properties":{"NAME":"Barranbinya","SUBJECTO":"Barranbinya","PARTOF":"Barranbinya"}},
{"type":"Feature","geometry":{"type":"Polygon","coordinates":[[[130.012205,-14.280353],[129.990231,-14.344225],[130.012205,-14.386797],[130.025939,-14.43202],[130.069885,-14.466596],[130.163269,-14.466596],[130.281372,-14.49053],[130.32257,-14.506485],[130.446166,-14.535732],[130.891112,-14.408079],[130.940551,-14.253735],[130.907592,-14.008696],[130.885618,-13.864747],[130.874631,-13.80074],[130.726317,-13.80074],[130.588989,-13.85408],[130.418701,-13.886078],[130.303344,-13.891411],[130.292358,-14.003366],[130.20996,-14.093957],[130.094604,-14.131248],[130.034179,-14.200488],[130.012205,-14.280353]]]},"properties":{"NAME":"Ngan’giwumirri","SUBJECTO":"Ngan’giwumirri","PARTOF":"Ngan’giwumirri"}},
{"type":"Feature","geometry":{"type":"Polygon","coordinates":[[[151.5743055672481,-33.21509209994612],[151.7667213668622,-33.004291371707055],[151.844787,-32.893425],[151.960144,-32.824211],[151.773376,-32.817286],[151.685485,-32.789583],[151.586608,-32.750321],[151.548156,-32.720287],[151.498718,-32.720287],[151.438293,-32.814978],[151.435546,-32.865746],[151.41632,-32.925707],[151.372375,-33.0386],[151.292724,-33.174341],[151.391601,-33.201924],[151.506958,-33.229498],[151.5743055672481,-33.21509209994612]]]},"properties":{"NAME":"Awabakal","SUBJECTO":"Awabakal","PARTOF":"Awabakal"}},
{"type":"Feature","geometry":{"type":"Polygon","coordinates":[[[115.7668562264278,-32.75454369906721],[115.966187,-32.990236],[116.023865,-32.759562],[116.109009,-32.519025],[116.141968,-32.379961],[115.75682140686492,-32.47441475536994],[115.7668562264278,-32.75454369906721]]]},"properties":{"NAME":"Pinjarup","SUBJECTO":"Pinjarup","PARTOF":"Pinjarup"}},
{"type":"Feature","geometry":{"type":"Polygon","coordinates":[[[140.943603,-21.953235],[140.954589,-22.299261],[141.174316,-22.400871],[141.569824,-22.725523],[142.097167,-22.948276],[142.283935,-22.806567],[142.877197,-22.644432],[143.250732,-22.563293],[143.338623,-22.309425],[143.393554,-22.065278],[143.393554,-21.759499],[143.382568,-21.616579],[143.129882,-21.626792],[142.558593,-21.779905],[141.899414,-21.626792],[141.196289,-21.728885],[140.965576,-21.892084],[140.943603,-21.953235]]]},"properties":{"NAME":"Guwa","SUBJECTO":"Guwa","PARTOF":"Guwa"}},
{"type":"Feature","geometry":{"type":"Polygon","coordinates":[[[123.563232,-30.921076],[124.41957278647034,-30.955123512414364],[125.189406,-30.646721],[126.358514,-30.384117],[127.12989576938692,-30.368124450905235],[128.166504,-30.126124],[128.452148,-30.126124],[128.474121,-29.783449],[128.342285,-29.496988],[127.858887,-29.05617],[127.63916,-28.786918],[127.375488,-28.516969],[127.133789,-28.632747],[126.936035,-28.825425],[126.650391,-28.88316],[125.925293,-28.555576],[125.068359,-28.033198],[124.606934,-27.605671],[124.387207,-27.508271],[124.16748,-27.62514],[123.881836,-27.877928],[123.277588,-28.285033],[122.629395,-28.661671],[122.640381,-28.854296],[122.728271,-28.940862],[123.409424,-30.107118],[123.508301,-30.467614],[123.519287,-30.732393],[123.563232,-30.921076]]]},"properties":{"NAME":"Nyanganyatjara","SUBJECTO":"Nyanganyatjara","PARTOF":"Nyanganyatjara"}},
{"type":"Feature","geometry":{"type":"Polygon","coordinates":[[[127.1298957693869,-30.368124450905245],[128.68705,-30.335841],[131.0260230420579,-30.767890732273298],[131.044919,-30.637912],[131.286621,-30.278044],[131.440429,-30.230594],[130.155029,-30.116621],[129.342041,-30.088107],[128.463134,-30.126124],[128.166504,-30.126124],[127.1298957693869,-30.368124450905245]]]},"properties":{"NAME":null,"SUBJECTO":null,"PARTOF":null}},
{"type":"Feature","geometry":{"type":"MultiPolygon","coordinates":[[[[146.6304597545847,-19.259855520863283],[146.35387880485715,-19.100767185867216],[146.515872,-19.270766],[146.629143,-19.269984],[146.6304597545847,-19.259855520863283]]],[[[147.46683593612207,-19.650577875931987],[147.4665176641548,-19.65006389583636],[147.249755,-19.715],[147.255249,-19.893305],[147.46683593612207,-19.650577875931987]]],[[[152.98129740845306,-27.277891830340657],[153.05732174354836,-27.101782023563192],[153.001098,-27.083582],[152.929687,-27.059125],[152.841796,-27.186242],[152.852106,-27.225924],[152.98129740845306,-27.277891830340657]]],[[[151.7667213668622,-33.004291371707055],[152.3077684382812,-32.6958597871904],[152.012329,-32.842672],[151.844787,-32.893425],[151.7667213668622,-33.004291371707055]]],[[[150.81802245880596,-35.10822332901415],[150.81921397214182,-35.105142877239224],[150.817565,-35.106428],[150.81802245880596,-35.10822332901415]]],[[[146.93403392339806,-38.7084643639909],[148.0369978279903,-38.09787026767073],[149.50414565513873,-37.928848661225416],[149.8490894920332,-37.64326988625311],[149.430541,-37.805443],[149.309692,-37.83148],[147.74414,-38.052416],[146.93403392339806,-38.7084643639909]]],[[[146.634521,-38.87698761882747],[146.91427564919013,-38.717178416302396],[146.651,-38.76265],[146.634521,-38.873928],[146.634521,-38.87698761882747]]],[[[144.69612379948006,-38.08944536249849],[144.7308935452064,-38.07718468212542],[144.60205,-38.052416],[144.69612379948006,-38.08944536249849]]],[[[140.32635007692923,-37.86514885684212],[143.36480239341998,-38.96973077182112],[143.46447280357623,-38.95674554232893],[144.31142714927935,-38.56529275302229],[144.57712377553128,-38.49859903299159],[144.569091,-38.410558],[144.404296,-38.401949],[144.255981,-38.440682],[144.16809,-38.487994],[143.73413,-38.831149],[143.519897,-38.912407],[143.10791,-38.771216],[143.129882,-38.711232],[142.531127,-38.470793],[142.513275,-38.410558],[140.975189,-38.085932],[140.947723,-38.070798],[140.32635007692923,-37.86514885684212]]],[[[137.91953720344176,-34.63179157960657],[138.2705288048129,-34.57889648966803],[138.114624,-34.252676],[138.054199,-34.189085],[137.91953720344176,-34.63179157960657]]],[[[136.64622087318887,-34.11543399091405],[137.06711867759967,-33.951084531586744],[137.8262100742351,-33.02355145507526],[137.79602,-33.008663],[137.763061,-33.004056],[136.922607,-33.929687],[136.801757,-33.952473],[136.64622087318887,-34.11543399091405]]],[[[124.0010249885267,-33.42324409598371],[126.05894759605671,-32.43436471347151],[127.26507857750202,-32.38098565463362],[129.1853895516231,-31.798204816620924],[131.3557551540784,-31.670673635403393],[131.023591,-31.54631],[128.902587,-31.709476],[127.313676,-32.267271],[126.012736,-32.271172],[124.431152,-32.944148],[124.0010249885267,-33.42324409598371]]],[[[119.4603503149292,-34.40149921309091],[119.50820637457548,-34.336398654716604],[119.163208,-34.102708],[119.4603503149292,-34.40149921309091]]],[[[119.00806548507641,-34.6147762996628],[119.35423834153876,-34.545847677401966],[118.921509,-34.288992],[119.031372,-34.492975],[119.00806548507641,-34.6147762996628]]],[[[115.02212043606617,-34.26212201034299],[115.04692367027546,-34.42245522860823],[115.61626723716999,-34.63118401889143],[115.96654036949421,-34.93578378085432],[116.56097701500202,-35.18929711703596],[117.74103439727651,-35.21994455438074],[116.411133,-35.083956],[116.427612,-35.047987],[116.004639,-34.935482],[115.647583,-34.597042],[115.136719,-34.397845],[115.054321,-34.375179],[115.02212043606617,-34.26212201034299]]],[[[114.90033793636684,-30.128931043649732],[115.0582609505489,-30.80351296786604],[115.4934749938742,-31.546000069359817],[115.982666,-31.421632],[115.916748,-31.372399],[115.43335,-31.391158],[114.971924,-30.342065],[114.949951,-30.306503],[114.90033793636684,-30.128931043649732]]],[[[114.45218387160796,-28.648800814839046],[114.54446253814115,-28.780403527700706],[114.592896,-28.719496],[114.45218387160796,-28.648800814839046]]],[[[113.06012978169673,-26.116165003410305],[114.33763524963604,-28.485437927484742],[113.703003,-26.814266],[113.598633,-26.760326],[113.06012978169673,-26.116165003410305]]],[[[113.373413,-24.263811277431273],[113.43258956383015,-24.874161161225416],[113.8964788126402,-25.590076929474836],[113.752441,-25.324167],[113.554688,-24.881453],[113.565674,-24.791722],[113.373413,-24.263811277431273]]],[[[113.61658526068165,-22.66143313010249],[113.74328468116462,-23.248402729344676],[113.774414,-22.857195],[113.719482,-22.816694],[113.61658526068165,-22.66143313010249]]],[[[114.68547737591399,-21.953433112323193],[114.63852375477242,-21.982180094426035],[114.922485,-22.416107],[115.263062,-22.426263],[115.125732,-22.400872],[114.68547737591399,-21.953433112323193]]],[[[122.21255686736647,-18.04935504949987],[122.22805979526163,-18.143873215772317],[122.308044,-18.072756],[122.247619,-18.059701],[122.21255686736647,-18.04935504949987]]],[[[122.10118366119056,-17.381880332944046],[122.09275344322468,-17.62090150241194],[122.18199477444101,-17.917591268201893],[122.156982,-17.790535],[122.151489,-17.727758],[122.10118366119056,-17.381880332944046]]],[[[122.54289516987875,-16.917424871233973],[122.53744368398276,-16.92315705694575],[122.546997,-16.928077],[122.54289516987875,-16.917424871233973]]],[[[122.76115597254295,-16.596558547830824],[122.65291090743645,-16.736166],[122.728271,-16.741427],[122.733764,-16.715124],[122.76115597254295,-16.596558547830824]]],[[[123.59582672496592,-17.157417072529682],[123.50830367515827,-17.109293378632643],[123.49826976974188,-17.318642669258928],[123.530273,-17.376852],[123.557739,-17.209017],[123.568725,-17.167034],[123.59582672496592,-17.157417072529682]]],[[[141.58817947918416,-13.149475354053067],[141.56370100511492,-13.386297386412945],[141.583557,-13.357554],[141.622009,-13.349537],[141.58817947918416,-13.149475354053067]]],[[[152.885913,-27.484656],[152.811762,-27.294891],[152.797851,-27.29857],[152.737426,-27.332735],[152.715499,-27.443133],[152.851638,-27.485245],[152.885913,-27.484656]]],[[[152.429809,-27.771051],[151.506958,-27.839076],[151.457519,-27.945886],[151.501464,-28.110748],[151.684348,-28.250582],[152.541355,-27.987475],[152.647606,-27.883194],[152.688186,-27.815918],[152.686922,-27.754206],[152.566072,-27.754206],[152.429809,-27.771051]]],[[[116.628113,-32.14306],[117.512512,-32.375321],[116.730781,-32.124269],[116.730781,-31.604231],[116.431137,-31.470986],[116.848033,-30.071811],[117.59063,-30.600285],[117.922116,-30.666336],[116.948857,-30.119043],[116.828613,-30.054831],[116.38916,-31.391158],[116.391907,-31.470839],[116.669312,-31.989442],[116.628113,-32.14306]]],[[[116.716003,-29.99776],[116.519951,-29.598447],[116.383667,-29.382175],[116.669312,-29.950175],[116.716003,-29.99776]]],[[[118.465576,-28.396233],[118.416138,-28.372069],[118.689829,-28.556544],[119.20166,-28.642389],[118.465576,-28.396233]]],[[[120.992432,-30.732393],[120.223389,-29.40132],[119.685059,-29.00814],[119.520264,-28.806174],[119.43599101393603,-28.762851722117464],[120.003662,-29.32472],[120.739259,-30.634491],[120.992432,-30.732393]]],[[[132.412719,-12.801088],[132.429199,-12.747516],[132.297362,-12.785017],[132.214965,-12.795731],[131.720581,-12.951029],[131.660156,-12.937645],[131.209713,-12.916229],[131.204223,-12.918906],[131.097106,-12.964412],[130.984497,-12.983147],[131.522827,-13.22925],[131.59973,-13.20786],[131.918331,-13.100879],[132.182006,-13.191816],[132.258911,-13.084828],[132.291868,-13.074127],[132.324829,-13.052723],[132.335815,-12.977794],[132.412719,-12.801088]]],[[[117.674561,-34.048108],[117.564697,-34.207259],[116.213379,-33.947917],[116.18042,-34.166363],[116.559448,-34.83635],[116.570435,-34.827332],[116.520996,-34.329828],[118.652344,-34.252676],[118.569946,-34.225429],[117.674561,-34.048108]]],[[[117.449341,-33.651208],[117.559204,-33.774581],[117.652588,-33.811102],[117.449341,-33.651208]]],[[[134.945068,-14.317614],[134.785766,-13.91274],[134.681396,-13.939398],[134.329833,-13.42168],[134.318847,-13.427023],[133.945312,-13.100879],[133.747558,-13.015262],[133.654174,-13.036669],[133.610229,-13.317466],[133.637695,-13.410994],[133.632202,-13.555221],[133.80249,-13.928735],[134.807739,-14.610162],[134.873657,-14.610162],[135.027465,-14.445319],[134.945068,-14.317614]]],[[[118.037109,-32.976412],[117.79541,-32.773418],[117.957458,-32.98102],[118.037109,-32.976412]]],[[[118.575439,-33.284619],[118.43811,-33.165145],[118.674316,-33.523079],[118.575439,-33.284619]]],[[[120.327759,-32.953367],[120.201416,-33.082337],[120.377197,-33.008663],[120.460871,-32.87702],[120.405981,-32.775557],[120.393677,-32.773418],[120.327759,-32.953367]]],[[[131.385498,-16.772986],[130.968017,-17.392579],[130.957031,-17.476432],[130.979003,-17.874203],[130.979003,-17.832374],[130.979003,-17.549771],[131.561279,-16.604609],[131.385498,-16.772986]]],[[[132.143554,-16.003575],[131.940305,-16.314867],[131.929318,-16.436084],[132.231445,-16.309595],[132.330322,-16.109153],[132.319335,-15.961329],[132.302855,-15.982453],[132.176513,-15.982453],[132.143554,-16.003575]]],[[[123.354492,-30.921076],[123.251243,-30.953939],[123.383313,-30.991704],[124.222412,-31.034108],[124.41957278647034,-30.955123512414364],[123.563232,-30.921076],[123.552246,-30.949347],[123.354492,-30.921076]]],[[[118.795166,-23.538809],[118.575439,-23.533773],[118.504028,-23.629427],[117.883301,-24.031414],[117.674563,-24.031414],[118.443604,-24.367114],[118.569946,-24.337086],[118.789672,-23.584126],[118.795166,-23.538809]]],[[[132.462156,-14.976626],[133.099365,-14.955399],[132.929077,-14.74301],[132.110593,-14.599531],[132.209472,-14.774882],[132.462156,-14.976626]]],[[[141.424255,-37.642509],[141.377563,-37.596824],[141.04248,-36.941111],[141.009521,-36.897194],[140.976562,-36.840064],[140.987548,-36.75649],[140.899658,-36.782892],[140.789794,-36.857647],[140.722503,-36.898292],[140.625,-37.069423],[140.215759,-37.079284],[140.185546,-37.077093],[141.045227,-37.745743],[141.226501,-37.772885],[141.424255,-37.642509]]],[[[142.978176,-36.370305],[142.907409,-36.396967],[142.910256,-36.482807],[142.978176,-36.370305]]],[[[143.241157,-36.908867],[142.850273,-36.581776],[142.838745,-36.589068],[143.014526,-36.901587],[143.241157,-36.908867]]],[[[138.372802,-24.577099],[138.361816,-23.91597],[138.328857,-23.674712],[137.977294,-23.654587],[137.186279,-23.342255],[136.966552,-22.887562],[136.49414,-23.059516],[136.16455,-23.301901],[136.16455,-24.307053],[136.307373,-25.055745],[138.076171,-24.706915],[138.372802,-24.577099]]],[[[148.71786,-26.075275],[149.403782,-26.315119],[149.419555,-26.28849],[149.419555,-26.189947],[148.908691,-26.115985],[148.881225,-26.086388],[148.71786,-26.075275]]],[[[148.374989,-26.600665],[148.552458,-27.426353],[148.566113,-27.461042],[148.510486,-26.992915],[148.450712,-26.899667],[148.36522,-26.526165],[148.374989,-26.600665]]],[[[146.430133,-27.008113],[146.471894,-26.975128],[145.596135,-27.120208],[145.535043,-26.39383],[145.316162,-26.421389],[145.134887,-26.80446],[145.24475,-27.391278],[145.321655,-27.479034],[145.689697,-27.556981],[145.809412,-27.554291],[146.31362,-27.170045],[146.430133,-27.008113]]],[[[149.413348,-27.790315],[148.544175,-27.808955],[148.541551,-27.810503],[147.678055,-27.700496],[147.593993,-27.748514],[148.381791,-28.27102],[148.414306,-28.256005],[149.507446,-27.965294],[149.413348,-27.790315]]],[[[130.155029,-30.116621],[129.342041,-30.088107],[128.463134,-30.126124],[128.452148,-30.126124],[128.166504,-30.126124],[127.12989576938692,-30.368124450905235],[128.68705,-30.335841],[131.044919,-30.637912],[131.286621,-30.278044],[131.3732084211171,-30.228169077977494],[131.3528759875733,-30.221693752131344],[131.253661,-30.211608],[130.155029,-30.116621]]],[[[130.468139,-13.373587],[130.476379,-13.42168],[131.330566,-13.624633],[131.341552,-13.632641],[131.165771,-13.453737],[130.468139,-13.373587]]],[[[132.879638,-12.168225],[132.868652,-12.238023],[132.923583,-12.683214],[132.890625,-12.768946],[132.912597,-12.776982],[133.321838,-12.825191],[133.319088,-12.806444],[133.01422,-12.076924],[132.929077,-12.093038],[132.879638,-12.168225]]]]},"properties":{"NAME":"Australian aboriginal hunter-gatherers","SUBJECTO":"Australian aboriginal hunter-gatherers","PARTOF":"Australian aboriginal hunter-gatherers"}},
{"type":"Feature","geometry":{"type":"Polygon","coordinates":[[[32.00773824423418,48.20951930245376],[30.536667676426692,48.2515498901054],[22.744905768335666,44.55943740221232],[16.601743113462984,44.98026041301121],[17.15969577578927,43.39373188199084],[19.60696509799121,41.761539064363284],[19.369067225066406,40.26028021426563],[20.028559717742187,39.81378134341602],[21.22843078097461,37.90490683169727],[22.638745340911132,37.492286287263674],[23.555766138640625,38.351764284089846],[22.720257792083007,39.287269197419924],[22.60226539095996,40.39723929019336],[23.885952982512695,40.732894502595705],[28.827807459441406,40.91469915957813],[27.50195029696582,42.51634558291797],[28.445693049041015,43.476363740876955],[28.686247858611328,44.48805197329883],[30.83285621127246,46.57659109683399],[33.63883880099414,45.92677267642383],[33.39549544772265,44.60049017520313],[35.0673208566582,44.86172445865039],[34.19738488632928,46.02791572516635],[37.42214492282031,47.076881013826174],[37.97017196139453,46.44128378482227],[37.47389129122851,44.692359529451174],[39.6334383482084,45.68862870814717],[40.63274541842304,46.68793577836182],[40.50783203464621,47.4374160810228],[37.884650975332775,49.186203453898436],[36.00811280901763,48.996145858857076],[35.15334491744701,47.800367371371635],[33.94386749655955,47.47889912459076],[32.0541554291747,47.571902187634805],[32.00773824423418,48.20951930245376]]]},"properties":{"NAME":"Ottoman Empire","SUBJECTO":"Ottoman Empire","PARTOF":"Ottoman Empire"}},
{"type":"Feature","geometry":{"type":"MultiPolygon","coordinates":[[[[13.877496814073512,31.058845691406717],[13.674568238020067,26.14324713625792],[9.45743516862368,25.184265893032865],[9.670226286804233,24.217677390714584],[15.1447614181766,25.096705374997708],[15.634077778931923,30.51810135736362],[17.581183500626388,30.34273983624285],[18.85865466952491,29.56216240771757],[19.97024852772674,29.723181658957692],[21.19694627054442,31.077466980812986],[22.429432528192088,31.26488872689992],[26.1714823420025,30.315606910930608],[29.425700290466107,22.6637971402189],[30.346361205137764,22.111400591415908],[29.4655447699024,20.76591098126252],[29.4655447699024,19.172919816490214],[30.690922588958024,16.84470196028454],[31.671224844202516,15.864399705040036],[31.426149280391396,13.29110628502324],[31.671224844202516,11.575577338345376],[33.141678227069264,11.575577338345376],[33.999442700408196,13.658719630739924],[33.631829354691504,15.741861923134486],[34.612131609936,18.070079779340162],[33.87690491850263,19.663070944112462],[32.16137597182477,20.643373199356958],[32.661727152233055,20.999554754167328],[35.25054864164662,21.36938639551212],[36.800112757292965,21.914899431184573],[35.74630263766406,22.91434057803516],[35.18986419161914,24.399919115022463],[33.928809198943355,26.56382330508594],[34.05800536593554,27.790313325837893],[34.88559249362109,28.357480607942385],[37.21826842745898,25.166631303743166],[37.201453241912105,24.65831335635547],[38.329417261687496,23.8347183093584],[39.10219481906054,22.40044554324512],[39.16673949679492,21.218801103547854],[40.69382003268359,19.86870726199512],[41.62855819186328,18.047204576448244],[42.76366332491992,16.645455919221682],[42.79587844332812,15.470080934480471],[43.84059050997851,12.663913331941409],[44.963572535124996,12.825172029451174],[45.825903925505855,13.405233941987795],[46.87773410632187,13.473871601441703],[46.335271204734354,14.096846193663826],[45.2608118670841,13.828231359251259],[44.508690330728925,14.096846193663826],[43.48795395996116,16.621825637141917],[43.06599035309232,18.65375446750768],[41.922550675010456,20.766511713374978],[41.8124565280542,21.71258711067685],[41.07042045024812,22.262737159805738],[40.64753768674403,24.152835076676563],[38.814055841182594,24.841439570166344],[37.42091199004359,27.834118954094563],[36.593479460352896,29.78728888284727],[36.52476660905813,31.161545908742568],[37.211895122005785,33.56649570405934],[38.03644933754296,34.59718847348081],[40.02912202509114,34.39104991959652],[44.08318025148226,30.33699169320539],[46.90507516233225,29.437615717313662],[47.43863967379687,28.829289995149416],[48.46901696650477,26.69538684529435],[49.39540370586717,26.077795685719416],[49.70419928565464,24.410299554867095],[50.968333277312496,24.436244569734377],[49.93686202487109,25.95578344912891],[50.1217642160332,26.737586580232424],[48.85502150973437,27.52269133181934],[47.91136077365039,29.89029272647266],[49.45236495455859,30.07772596927051],[49.55710308687251,34.255944236249405],[50.25221160372851,36.894786439851565],[48.837229761687496,37.51097448916797],[48.824954065886715,38.3095775470293],[49.80730346163867,40.58070334048633],[47.56529525241015,43.007709108308596],[47.49336150607226,43.58319052310352],[47.35008529147265,41.442325197175784],[44.9779653879082,42.771991334871096],[43.95678618868945,42.59115561099414],[42.87842467745898,41.54550512881641],[41.48396209200976,41.436542116121096],[40.36101439913867,40.963443361238284],[38.6511831613457,40.92156942935352],[36.38289550265429,41.23751791568164],[35.957793268767574,41.685645662263674],[33.55554107150195,41.982501588777346],[30.744805368987304,41.04032476992969],[26.127575907317382,39.878558717683596],[26.70794394930957,39.18212851138477],[27.160407099333984,37.36008032412891],[30.472832712737304,36.18825491519336],[31.37069037875293,36.712344728425784],[33.171336207,35.97088202090625],[34.48512938937304,36.626781068757815],[35.70863250216601,36.21223410220508],[35.87306502780078,34.422286592439455],[34.5006590219414,31.621099077180666],[33.55760100802539,30.967715822175784],[32.07651046237109,31.013650499299807],[30.99595550021289,31.468850694612307],[29.248847040740234,30.753661714509768],[23.15333846530078,32.138812623933596],[21.67341903170703,32.815589509919924],[20.365721735564453,32.29824026675586],[20.116768869963867,30.957103334382815],[18.915026697722656,30.204860292390627],[17.421629938689453,30.99598654361133],[15.843325647917968,31.285003267244143],[15.00978663882373,32.363441072419924],[12.564756426421386,32.73963888736133],[10.412600550261718,33.63112600894336],[10.01948073825,34.08147390933399],[11.12510875186084,35.2406078204668],[10.132734331694824,37.104747377351565],[8.636709246245605,36.885257326082034],[5.144465002623779,36.66767843814258],[1.057602915374023,36.461856447175784],[-2.192973938378113,35.05424841494922],[-1.738150325211304,34.60509451480274],[-1.68113121071698,33.257815919832034],[-1.081275251301545,32.45392569156055],[0.873159063104652,31.985887285543306],[6.269234644500006,31.873469044264244],[8.020752939788085,33.02027853579883],[8.770583097822628,33.18925043867925],[13.078438899835579,31.825941289075136],[13.877496814073512,31.058845691406717]]],[[[38.527468714324215,18.161315523103518],[37.39818480929492,18.91500052066211],[37.165026901801795,20.764269181727983],[35.96004721089719,19.417995380301335],[36.45019833851943,18.070079779340162],[37.43050059376394,17.70246643362347],[38.527468714324215,18.161315523103518]]]]},"properties":{"NAME":"Ottoman Empire","SUBJECTO":"Ottoman Empire","PARTOF":"Ottoman Empire"}},
{"type":"Feature","geometry":{"type":"Polygon","coordinates":[[[17.15969577578927,43.39373188199084],[16.601743113462984,44.98026041301121],[22.744905768335666,44.55943740221232],[30.536667676426692,48.2515498901054],[29.31636982970131,48.28641554286899],[26.16266290937989,48.9405896176508],[19.380532145994035,49.803490408981204],[18.92670686530177,49.6219602967043],[16.557037974845283,47.495365569453625],[16.535293701753467,46.364663368679096],[14.354488405791503,45.32289084048633],[14.98910621127246,44.54002722354297],[17.15969577578927,43.39373188199084]]]},"properties":{"NAME":"Austrian Empire","SUBJECTO":"Austrian Empire","PARTOF":"Austrian Empire"}},
{"type":"Feature","geometry":{"type":"Polygon","coordinates":[[[-4.153334,53.225555],[-4.276945,53.398331],[-4.5675,53.273331],[-4.351389,53.124443],[-4.153334,53.225555]]]},"properties":{"NAME":null,"SUBJECTO":null,"PARTOF":null}},
{"type":"Feature","geometry":{"type":"Polygon","coordinates":[[[-5.103612,55.438606],[-5.154723,55.673332],[-5.400278,55.600555],[-5.103612,55.438606]]]},"properties":{"NAME":null,"SUBJECTO":null,"PARTOF":null}},
{"type":"Feature","geometry":{"type":"Polygon","coordinates":[[[-6.121667,55.878883],[-6.3275,55.589439],[-6.024723,55.68083200000012],[-6.121667,55.878883]]]},"properties":{"NAME":null,"SUBJECTO":null,"PARTOF":null}},
{"type":"Feature","geometry":{"type":"Polygon","coordinates":[[[-5.946945,55.829994],[-5.746112,56.06360600000011],[-5.968056,56.023605],[-6.078889,55.905548],[-5.946945,55.829994]]]},"properties":{"NAME":null,"SUBJECTO":null,"PARTOF":null}},
{"type":"Feature","geometry":{"type":"Polygon","coordinates":[[[-7.466945,56.940826],[-7.376112,56.978607],[-7.445556,57.05555],[-7.553612,56.966385],[-7.466945,56.940826]]]},"properties":{"NAME":null,"SUBJECTO":null,"PARTOF":null}},
{"type":"Feature","geometry":{"type":"Polygon","coordinates":[[[-7.223056,57.337494],[-7.425,57.382217],[-7.38139,57.108604],[-7.230278,57.09471900000011],[-7.223056,57.337494]]]},"properties":{"NAME":null,"SUBJECTO":null,"PARTOF":null}},
{"type":"Feature","geometry":{"type":"Polygon","coordinates":[[[-7.268889,57.39888800000011],[-7.204722,57.460831],[-7.351111,57.489441],[-7.388056,57.423882],[-7.268889,57.39888800000011]]]},"properties":{"NAME":null,"SUBJECTO":null,"PARTOF":null}},
{"type":"Feature","geometry":{"type":"Polygon","coordinates":[[[-7.188612,57.68721800000014],[-7.476945,57.562492],[-7.15389,57.509438],[-7.188612,57.68721800000014]]]},"properties":{"NAME":null,"SUBJECTO":null,"PARTOF":null}},
{"type":"Feature","geometry":{"type":"Polygon","coordinates":[[[-7.00639,57.881386000000134],[-6.993611,57.91861],[-7.073611,57.896111],[-7.00639,57.881386000000134]]]},"properties":{"NAME":null,"SUBJECTO":null,"PARTOF":null}},
{"type":"Feature","geometry":{"type":"Polygon","coordinates":[[[-6.802222,58.203049],[-6.794445,58.218048],[-6.854167,58.25],[-6.873056,58.206383],[-6.802222,58.203049]]]},"properties":{"NAME":null,"SUBJECTO":null,"PARTOF":null}},
{"type":"Feature","geometry":{"type":"Polygon","coordinates":[[[-6.204167,58.35611],[-7.031945,58.238052],[-6.473889,57.940277],[-6.204167,58.35611]]]},"properties":{"NAME":null,"SUBJECTO":null,"PARTOF":null}},
{"type":"Feature","geometry":{"type":"Polygon","coordinates":[[[-2.918334,58.731941],[-2.876667,58.820274],[-3.036945,58.818054],[-2.918334,58.731941]]]},"properties":{"NAME":null,"SUBJECTO":null,"PARTOF":null}},
{"type":"Feature","geometry":{"type":"Polygon","coordinates":[[[-3.231389,58.775551],[-3.136389,58.804161],[-3.335556,58.927498],[-3.431111,58.871384],[-3.231389,58.775551]]]},"properties":{"NAME":null,"SUBJECTO":null,"PARTOF":null}},
{"type":"Feature","geometry":{"type":"Polygon","coordinates":[[[-2.793056,58.951385],[-3.076945,59.121666],[-3.195,58.91111000000012],[-2.793056,58.951385]]]},"properties":{"NAME":null,"SUBJECTO":null,"PARTOF":null}},
{"type":"Feature","geometry":{"type":"Polygon","coordinates":[[[-2.681389,59.195831],[-2.620556,59.236107],[-2.495556,59.244995],[-2.414444,59.313606],[-2.592778,59.29055],[-2.681389,59.195831]]]},"properties":{"NAME":null,"SUBJECTO":null,"PARTOF":null}},
{"type":"Feature","geometry":{"type":"Polygon","coordinates":[[[-2.89,59.29527300000012],[-3.048889,59.329163],[-3.003334,59.263611],[-2.971945,59.287216],[-2.89,59.29527300000012]]]},"properties":{"NAME":null,"SUBJECTO":null,"PARTOF":null}},
{"type":"Feature","geometry":{"type":"Polygon","coordinates":[[[-1.296111,60.491104],[-1.320278,60.356384],[-1.655,60.226105],[-1.126111,60.151665],[-1.041389,60.446938],[-1.296111,60.491104]]]},"properties":{"NAME":null,"SUBJECTO":null,"PARTOF":null}},
{"type":"Feature","geometry":{"type":"Polygon","coordinates":[[[-1.029444,60.495827],[-0.991111,60.719994],[-1.177222,60.63666500000011],[-1.029444,60.495827]]]},"properties":{"NAME":null,"SUBJECTO":null,"PARTOF":null}},
{"type":"Feature","geometry":{"type":"Polygon","coordinates":[[[-0.819722,60.68888900000013],[-0.767778,60.82888800000012],[-0.938889,60.79444100000012],[-0.965556,60.688049],[-0.819722,60.68888900000013]]]},"properties":{"NAME":null,"SUBJECTO":null,"PARTOF":null}},
{"type":"Feature","geometry":{"type":"Polygon","coordinates":[[[-6.706944,61.937492000000134],[-6.718889,62.02861],[-7.192223,62.3077770000001],[-7.232223,62.172493],[-6.706944,61.937492000000134]]]},"properties":{"NAME":null,"SUBJECTO":null,"PARTOF":null}},
{"type":"Feature","geometry":{"type":"Polygon","coordinates":[[[-4.777779,54.05555],[-4.394444,54.186386],[-4.5275,54.367218],[-4.777779,54.05555]]]},"properties":{"NAME":null,"SUBJECTO":null,"PARTOF":null}},
{"type":"Feature","geometry":{"type":"Polygon","coordinates":[[[129.715515,28.451107],[129.157745,28.234993],[129.368561,28.116108],[129.715515,28.451107]]]},"properties":{"NAME":null,"SUBJECTO":null,"PARTOF":null}},
{"type":"Feature","geometry":{"type":"Polygon","coordinates":[[[129.963013,29.957218000000125],[129.94165,30],[129.92358400000012,29.983883],[129.963013,29.957218000000125]]]},"properties":{"NAME":null,"SUBJECTO":null,"PARTOF":null}},
{"type":"Feature","geometry":{"type":"Polygon","coordinates":[[[129.89636200000018,29.87416500000012],[129.877167,29.83083],[129.923309,29.824997],[129.89636200000018,29.87416500000012]]]},"properties":{"NAME":null,"SUBJECTO":null,"PARTOF":null}},
{"type":"Feature","geometry":{"type":"Polygon","coordinates":[[[130.906097,30.354717000000107],[131.074402,30.689163],[130.945251,30.683331000000123],[130.906097,30.354717000000107]]]},"properties":{"NAME":null,"SUBJECTO":null,"PARTOF":null}},
{"type":"Feature","geometry":{"type":"Polygon","coordinates":[[[130.558594,30.236382000000106],[130.671906,30.373329000000126],[130.510803,30.458885000000123],[130.387207,30.397217],[130.558594,30.236382000000106]]]},"properties":{"NAME":null,"SUBJECTO":null,"PARTOF":null}},
{"type":"Feature","geometry":{"type":"Polygon","coordinates":[[[121.734711,25.138885],[121.384987,25.157497],[121.00166300000012,25.001663],[120.697746,24.60083],[120.694702,24.59638600000011],[120.665817,24.533054],[120.642761,24.47916],[120.594437,24.427988],[120.578598,24.410275],[120.571663,24.40221800000012],[120.558868,24.385273],[120.4272,24.149998],[120.363037,24.048332],[120.31247700000017,23.953327],[120.278702,23.889069],[120.11554,23.631386],[120.328598,22.519444],[120.573036,22.366108],[120.674988,22.181938],[120.69303900000011,22.104443],[120.68637100000012,22.053608],[120.698318,21.945827],[120.88247700000011,22.039440000000127],[120.878593,22.341385000000116],[121.839706,24.476383000000112],[121.81694000000016,24.847775],[121.999153,25.01083],[121.734711,25.138885]]]},"properties":{"NAME":null,"SUBJECTO":null,"PARTOF":null}},
{"type":"Feature","geometry":{"type":"Polygon","coordinates":[[[128.900818,32.643051],[128.649414,32.777771],[128.610229,32.61166400000013],[128.900818,32.643051]]]},"properties":{"NAME":null,"SUBJECTO":null,"PARTOF":null}},
{"type":"Feature","geometry":{"type":"Polygon","coordinates":[[[123.870819,24.252499],[123.92192100000011,24.371109],[123.767212,24.41444],[123.678864,24.316109],[123.870819,24.252499]]]},"properties":{"NAME":null,"SUBJECTO":null,"PARTOF":null}},
{"type":"Feature","geometry":{"type":"Polygon","coordinates":[[[125.356369,24.776665],[125.261932,24.878883],[125.252213,24.737774],[125.356369,24.776665]]]},"properties":{"NAME":null,"SUBJECTO":null,"PARTOF":null}},
{"type":"Feature","geometry":{"type":"Polygon","coordinates":[[[124.26165800000012,24.457497],[124.077766,24.419994],[124.121918,24.344997],[124.22971300000017,24.338329],[124.26165800000012,24.457497]]]},"properties":{"NAME":null,"SUBJECTO":null,"PARTOF":null}},
{"type":"Feature","geometry":{"type":"Polygon","coordinates":[[[128.252777,26.63888500000013],[128.247192,26.839996],[127.958878,26.544441],[128.252777,26.63888500000013]]]},"properties":{"NAME":null,"SUBJECTO":null,"PARTOF":null}},
{"type":"Feature","geometry":{"type":"Polygon","coordinates":[[[126.76193200000012,26.38694],[126.701927,26.348606],[126.781097,26.29833200000013],[126.8099820000001,26.346943],[126.76193200000012,26.38694]]]},"properties":{"NAME":null,"SUBJECTO":null,"PARTOF":null}},
{"type":"Feature","geometry":{"type":"Polygon","coordinates":[[[128.95108,27.67582700000014],[129.029968,27.774441000000138],[128.89886500000011,27.89777400000014],[128.89721700000018,27.725826],[128.95108,27.67582700000014]]]},"properties":{"NAME":null,"SUBJECTO":null,"PARTOF":null}},
{"type":"Feature","geometry":{"type":"Polygon","coordinates":[[[128.609131,27.358887],[128.69635000000017,27.4486050000001],[128.52359000000013,27.413609],[128.609131,27.358887]]]},"properties":{"NAME":null,"SUBJECTO":null,"PARTOF":null}},
{"type":"Feature","geometry":{"type":"Polygon","coordinates":[[[129.992188,28.281666],[130.0324710000001,28.35305],[129.943024,28.32222],[129.992188,28.281666]]]},"properties":{"NAME":null,"SUBJECTO":null,"PARTOF":null}},
{"type":"Feature","geometry":{"type":"Polygon","coordinates":[[[129.33609000000013,28.075275],[129.3402400000001,28.110828],[129.223846,28.183605],[129.219116,28.097775],[129.33609000000013,28.075275]]]},"properties":{"NAME":null,"SUBJECTO":null,"PARTOF":null}},
{"type":"Feature","geometry":{"type":"Polygon","coordinates":[[[129.733032,29.609718],[129.75332600000013,29.64777400000014],[129.70968600000015,29.651661],[129.733032,29.609718]]]},"properties":{"NAME":null,"SUBJECTO":null,"PARTOF":null}},
{"type":"Feature","geometry":{"type":"Polygon","coordinates":[[[137.23923781832812,53.45651587100391],[136.4916029306328,54.45549353213672],[134.98522475680468,54.85393484683399],[137.22909072360156,55.98272284121875],[139.29828108567946,57.33804099234689],[127.66952654280126,60.79614900008274],[124.12699697462466,59.98170608447872],[104.44306402103082,48.191209997671805],[92.11549376565219,51.76883243030927],[90,51.56936022315105],[85.60545523526416,48.23399901135939],[85.535050949032,47.181414053006264],[80.93950784321066,44.07789059628024],[69.81619415139467,41.210677215495366],[70.09526718191616,37.90736945076168],[69.23157780741465,37.367563591698236],[66.33588980061525,36.307380725406425],[69.49742225789676,35.87626266304985],[73.80860288146245,38.031852974832695],[75.24566308931769,38.031852974832695],[79.3294463680683,35.62846298322298],[80.13166779602547,36.882204808548515],[89.61626516787001,36.882204808548515],[99.24456856050006,38.75038307876033],[99.38827458128559,39.75632522425898],[100.53792274756977,40.33114930740107],[102.11868897621052,39.75632522425898],[103.55574918406575,39.90003124504451],[107.71305379618983,43.254934552739094],[120.38680943883438,46.42337346340023],[127.58098302158292,56.61544897429181],[129.20676445080278,56.86753789197583],[130.3904298248652,56.05376794730791],[131.13022068365424,53.90837445681975],[132.01796971420106,52.42879273924172],[136.16079852341954,53.020625426272936],[137.23923781832812,53.45651587100391]]]},"properties":{"NAME":"central Asian khanates","SUBJECTO":"central Asian khanates","PARTOF":"central Asian khanates"}},
{"type":"Feature","geometry":{"type":"MultiPolygon","coordinates":[[[[-172.72432419339063,65.76287420840626],[-170.61266037503125,66.0377612933672],[-171.95799728909375,66.95566900821095],[-173.87494370022657,67.15932806582813],[-180,68.91692694278126],[-180,67.96313055606251],[-180,66.96313055606251],[-180,65.96313055606251],[-180,65.38161810489063],[-180,65.31103094668751],[-180,65.25922735782032],[-178.11627670803907,65.48249395938282],[-173.07701584378125,64.38398321719532],[-172.72432419339063,65.76287420840626]]],[[[169.0933493233321,68.81220289993168],[147.78359479471877,60.927883661384236],[147.42350350179527,59.23648070718722],[149.04528335055468,59.5871539935625],[151.1402082773125,59.43957098575],[152.50420669039843,58.76871832461719],[153.92443374117968,58.922347627595705],[154.31565383395312,59.983348451570315],[157.09798720797656,61.633399568513674],[158.841258082,61.78396948428516],[160.64498427828906,60.71775396914844],[162.71056655367968,61.763187013582034],[162.99024489840625,62.32608374209766],[165.25446552158908,62.30923357639421],[173.12633803805468,61.36941488833789],[179.28769973239062,62.81507834048633],[178.14725783785937,64.1566348895586],[180,64.95347937198048],[180,65.05193670840626],[180,65.31103094668751],[180,65.3816333636797],[180,65.96313055606251],[180,66.96313055606251],[180,67.96313055606251],[180,68.91989477725392],[175.61097243746875,69.77942999453907],[170.45170119723437,70.01921423526173],[170.83280471285937,68.92194708438282],[169.0933493233321,68.81220289993168]]],[[[161.86132338961718,55.86087378116016],[162.317576441375,56.24010046573047],[161.98390120568644,55.96275754634424],[161.86132338961718,55.86087378116016]]],[[[156.55787185153125,56.94747122378711],[156.69430237553343,57.11380824277888],[156.81467727145312,57.260570131257815],[156.55787185153125,56.94747122378711]]]]},"properties":{"NAME":"Chukchi","SUBJECTO":"Chukchi","PARTOF":"Chukchi"}},
{"type":"Feature","geometry":{"type":"Polygon","coordinates":[[[165.25446552158908,62.30923357639421],[164.00829604586718,62.130897127107424],[163.329295191375,60.694949708894534],[156.81467727145312,57.260570131257815],[156.69430237553343,57.11380824277888],[161.98390120568644,55.96275754634424],[162.317576441375,56.24010046573047],[161.80436233004687,58.101722322419924],[163.38868239840625,59.814063631013674],[165.77999404391406,60.35411413760547],[170.33680251559375,60.277103029207034],[173.12633803805468,61.36941488833789],[165.25446552158908,62.30923357639421]]]},"properties":{"NAME":"Koryaks","SUBJECTO":"Koryaks","PARTOF":"Koryaks"}},
{"type":"Feature","geometry":{"type":"Polygon","coordinates":[[[156.69430237553343,57.11380824277888],[156.55787185153125,56.94747122378711],[155.62757399996875,56.26791723819141],[155.46520522555468,54.91977270694141],[156.69637587985156,50.957748018220705],[157.8977766366875,51.6660228595293],[158.46136001071093,52.82596167178516],[159.89686110934375,53.240577302888674],[159.93114760836718,54.08635672183399],[162.0082044931328,54.738223634675784],[161.86132338961718,55.86087378116016],[161.98390120568644,55.96275754634424],[156.69430237553343,57.11380824277888]]]},"properties":{"NAME":"Itelmen","SUBJECTO":"Itelmen","PARTOF":"Itelmen"}},
{"type":"Feature","geometry":{"type":"Polygon","coordinates":[[[29.27660387720414,69.90842818955963],[23.415268300440648,69.55331114979886],[22.132289286163548,68.98400109577787],[22.440857761619295,68.44949338991287],[27.79742344466547,68.92285849128488],[30.713181453204307,68.28792478539047],[31.33127501925586,69.6627612933672],[29.27660387720414,69.90842818955963]]]},"properties":{"NAME":"Finnmark","SUBJECTO":"Denmark-Norway","PARTOF":"Finnmark"}},
{"type":"Feature","geometry":{"type":"MultiPolygon","coordinates":[[[[10.141728434172851,54.33675345034961],[10.834444,55.29027600000012],[9.311874422637207,56.481124483064455],[8.183429751006347,56.43146475406055],[8.884012255278808,54.229449830964846],[10.141728434172851,54.33675345034961]]],[[[22.132289286163548,68.98400109577787],[23.415268300440648,69.55331114979886],[29.27660387720414,69.90842818955963],[28.30841353854297,70.9486499652422],[24.570508036223632,70.74138220401173],[23.203606638518554,69.94277533145313],[20.15765098055957,69.74782904239063],[17.406914743987304,68.77154120059376],[13.16864779910205,66.45833929629688],[12.112141642180664,65.12991674991017],[9.832105669585449,63.68362005801563],[7.088180098143798,62.91019781680469],[5.148983511534912,61.740882478669924],[5.096230539885742,60.26413305850391],[5.805763277617675,59.94925268741016],[5.615484270659667,58.45521505923633],[8.153747591582519,58.08954580874805],[10.549271616545898,59.37863119693164],[11.178854975310546,59.070289216951174],[12.422772440520507,60.03877981753711],[11.932652506438476,62.553973756746096],[13.717936548796875,64.55330237002735],[16.20604613741992,67.30725439639454],[18.17948821505664,68.4687915668047],[22.132289286163548,68.98400109577787]]],[[[13.252219233123046,79.80073126407032],[11.760330233184082,78.88018377871876],[15.098876032439453,77.11526831241017],[19.11582282504199,78.45454748721485],[17.834054026213867,79.80945166201954],[13.252219233123046,79.80073126407032]]]]},"properties":{"NAME":"Denmark-Norway","SUBJECTO":"Denmark-Norway","PARTOF":"Denmark-Norway"}},
{"type":"Feature","geometry":{"type":"MultiPolygon","coordinates":[[[[14.472936663237792,53.87677725406055],[12.594689510005278,54.301141394810145],[14.285541030108588,53.29825652901546],[14.927451056610263,53.98449905267892],[14.472936663237792,53.87677725406055]]],[[[30.713181453204307,68.28792478539047],[27.79742344466547,68.92285849128488],[22.440857761619295,68.44949338991287],[22.132289286163548,68.98400109577787],[18.17948821505664,68.4687915668047],[16.20604613741992,67.30725439639454],[13.717936548796875,64.55330237002735],[11.932652506438476,62.553973756746096],[12.422772440520507,60.03877981753711],[11.178854975310546,59.070289216951174],[11.22135833224414,58.30832251162891],[13.301851305571777,55.300696931794924],[14.652893099395019,56.120616517976565],[15.770541224089843,56.0332103595293],[16.744044336882812,58.31195028872852],[19.03732398470996,59.86324270816211],[17.146208796111328,60.95282705874805],[18.48662475070117,62.98124273867969],[20.70065978488086,63.818126283601565],[20.92119315585254,64.71382483096485],[22.645554575530273,65.93478735537892],[25.251507792083007,65.4168887958086],[24.470093760100585,64.63552435489063],[21.03372863253711,62.477298341707034],[21.56015113314746,60.51248510928516],[23.66465667208789,59.83555182071094],[25.58054450472949,60.2623363360918],[28.43523124179004,60.33733709903125],[27.702038797942382,59.297504030183596],[25.72112182101367,59.459842287019534],[23.415757212249023,59.11896475406055],[24.34649947604297,57.15972097964649],[23.678584874596226,56.87258232416636],[25.856034828943475,56.55690032167993],[27.89791851687113,56.7319189235023],[27.62872230808968,58.01463934827849],[27.73400808320263,58.92696376541797],[31.31836751273237,59.59361057366109],[31.29753807825115,59.936139051796694],[29.857226562500017,61.18798828125],[31.88706517445147,61.333661495083476],[31.746577752166175,62.852886036555766],[30.568097065834582,63.52802325783627],[30.713181453204307,68.28792478539047]]]]},"properties":{"NAME":"Sweden","SUBJECTO":"Sweden","PARTOF":"Sweden"}},
{"type":"Feature","geometry":{"type":"Polygon","coordinates":[[[52.98043887690986,45.77623959475541],[57.72812063075719,44.6348060246391],[60.953987165182276,45.245273836150254],[60.610626661788565,45.43391941014539],[57.15204047694705,51.22911102556751],[55.245047709199866,51.70585921750431],[51.387096734969816,51.062867388465975],[51.12990000335448,50.419875559427624],[51.90149019820049,49.39108863296629],[51.36885741671679,47.09002264590625],[53.185217890349605,46.86522635074024],[53.05033782443164,45.831161104158205],[52.98043887690986,45.77623959475541]]]},"properties":{"NAME":"Nogai Horde","SUBJECTO":"Nogai Horde","PARTOF":"Nogai Horde"}},
{"type":"Feature","geometry":{"type":"Polygon","coordinates":[[[69.81619415139467,41.210677215495366],[80.93950784321066,44.07789059628024],[85.535050949032,47.181414053006264],[85.60545523526416,48.233999011359394],[83.1155357743337,48.283178307737295],[84.26729348120226,49.20458447323215],[81.47911433396416,50.29127719361997],[78.64995028619546,50.80567065685063],[74.92059767777309,54.14922816785001],[72.99162219065806,55.306613460119024],[64.68741246443645,54.272318383453886],[63.0380651558678,51.176031829391945],[60.820157918405,50.85918793832584],[58.33140848858389,50.934269022658306],[57.15204047694705,51.22911102556751],[60.610626661788565,45.43391941014539],[60.953987165182276,45.245273836150254],[68.78248445418943,40.944221880530336],[69.81619415139467,41.210677215495366]]]},"properties":{"NAME":"Quazaq Khanate","SUBJECTO":"Quazaq Khanate","PARTOF":"Quazaq Khanate"}},
{"type":"Feature","geometry":{"type":"Polygon","coordinates":[[[53.05033782443164,45.831161104158205],[52.92445281466601,45.732249818757815],[52.98043887690986,45.77623959475541],[53.05033782443164,45.831161104158205]]]},"properties":{"NAME":"central Asian khanates","SUBJECTO":"central Asian khanates","PARTOF":"central Asian khanates"}},
{"type":"Feature","geometry":{"type":"Polygon","coordinates":[[[54.06743911227343,36.94152411075],[57.31370916933642,36.82905954775894],[61.2289659143878,39.830934432777866],[62.66218550003006,39.22046911429389],[64.40496122259702,37.63963683521338],[66.33588980061525,36.307380725406425],[69.23157780741465,37.367563591698236],[70.09526718191616,37.90736945076168],[69.81619415139467,41.210677215495366],[68.78248445418943,40.944221880530336],[60.953987165182276,45.245273836150254],[57.72812063075719,44.6348060246391],[52.98043887690986,45.77623959475541],[52.92445281466601,45.732249818757815],[51.51272872408984,45.37257345767383],[50.874304804412105,44.62624701114063],[51.17103484591601,43.71806677432422],[52.51981643160937,42.072555147126955],[53.98521712741015,42.10553701968555],[54.81849578341601,40.87956961245899],[53.257300409880855,40.764632783845705],[52.84545043429492,40.18038138003711],[54.07141784152148,38.89694555850391],[54.06743911227343,36.94152411075]]]},"properties":{"NAME":"Khiva Khanate","SUBJECTO":"Khiva Khanate","PARTOF":"Khiva Khanate"}},
{"type":"Feature","geometry":{"type":"MultiPolygon","coordinates":[[[[31.33127501925586,69.6627612933672],[30.713181453204307,68.28792478539047],[30.568097065834582,63.52802325783627],[31.746577752166175,62.852886036555766],[31.88706517445147,61.333661495083476],[32.9443359375,60.642578125],[31.29753807825115,59.936139051796694],[31.31836751273237,59.59361057366109],[27.73400808320263,58.92696376541797],[27.62872230808968,58.01463934827849],[27.89791851687113,56.7319189235023],[28.617120425734697,56.09500949782608],[31.513593917378373,55.55893154431019],[32.468034117869976,53.08606375212738],[30.61031868356928,51.665452247468956],[30.197386266538267,50.30078582076703],[31.914047962506036,49.5603351133981],[33.067889379547154,49.018406630741815],[32.00773824423418,48.20951930245376],[32.0541554291747,47.571902187634805],[33.94386749655955,47.47889912459076],[35.15334491744701,47.800367371371635],[36.00811280901763,48.996145858857076],[37.884650975332775,49.186203453898436],[40.50783203464621,47.4374160810228],[40.63274541842304,46.68793577836182],[42.25661940752185,46.81284916213865],[43.38083986151332,46.1882822432545],[43.88049339662065,44.81423502170936],[44.75488708305846,44.439494870378866],[46.87292006930468,44.68019827456836],[47.556304010955074,45.4534984454668],[49.534514460173824,46.54151877017383],[51.36885741671679,47.09002264590625],[51.90149019820049,49.39108863296629],[51.12990000335448,50.419875559427624],[51.387096734969816,51.062867388465975],[55.245047709199866,51.70585921750431],[57.15204047694705,51.22911102556751],[58.33140848858389,50.934269022658306],[60.820157918405,50.85918793832584],[63.0380651558678,51.176031829391945],[64.68741246443645,54.272318383453886],[72.99162219065806,55.306613460119024],[74.92059767777309,54.14922816785001],[78.64995028619546,50.80567065685063],[81.47911433396416,50.29127719361997],[84.26729348120226,49.20458447323215],[83.1155357743337,48.283178307737295],[85.60545523526416,48.233999011359394],[85.60545523526416,48.23399901135939],[90,51.56936022315105],[92.11549376565219,51.76883243030927],[104.44306402103082,48.191209997671805],[124.12699697462466,59.98170608447872],[127.66952654280126,60.79614900008274],[139.29828108567946,57.33804099234689],[142.8458509775078,59.272525392488284],[147.42350350179527,59.23648070718722],[147.78359479471877,60.927883661384236],[169.0933493233321,68.81220289993168],[167.32007888278125,69.65857275576954],[161.96099379977343,69.52816351504688],[159.44381240328906,69.76456030459767],[158.40867141207812,70.81418951602345],[152.13401320895312,70.66443213076954],[146.91512587985156,72.20190008731251],[141.2939710946953,72.78707464785938],[137.62967971285937,71.07541998477345],[132.28361037692187,71.66087683291798],[130.77927688082812,70.678340517],[126.21644118746875,72.38231237979298],[125.71732619723437,73.39780005069142],[120.57851699313281,72.83511694522267],[118.46038344821093,73.51922949405079],[108.33986190280078,73.69124182315235],[113.6250486703789,75.27267035098438],[111.42728713473437,76.56807287783985],[107.29075149020312,76.43394812198048],[103.39330581149218,77.55778845401173],[99.4672346445,75.96692236514454],[90,75.60154303164845],[86.9583235116875,74.78206213565235],[87.69079116305468,73.90001257510548],[80.46401504000781,73.31357916446095],[79.22255996188281,72.27128943057423],[73.21685317477343,71.45773657412892],[74.24957564791796,70.57294806094532],[73.91452315768359,69.15427740664845],[74.74171737155078,67.68622168155079],[72.2088117929375,66.17345770450001],[70.83993056735156,66.55140265078907],[72.8376951547539,67.6456485614336],[72.67970565280078,70.82351263614063],[71.797556910125,71.4318042621172],[72.71399978121875,72.76958807559376],[69.34311202487109,72.83426245303517],[66.81797316989062,71.10538061709767],[67.42175582369921,70.2234302386797],[66.58425429782031,68.8855396136797],[62.28127196749804,69.70512732119923],[57.02422622164843,68.44890936465626],[53.88911727389453,68.78699835391407],[48.08066085299609,67.56245764346485],[45.86343673190234,68.38334997744923],[43.82216552218554,68.32731970401173],[44.383608851042965,66.61201819033985],[42.21078780612109,66.41000708194142],[39.95132735690234,65.58116491885548],[39.19344237765429,64.51103552432423],[37.41054061373828,63.749496065095705],[35.081763300505855,64.28833349795704],[34.29341414889453,65.39624365420704],[35.77174666842578,66.25886877627735],[39.19002822360156,66.03870733828907],[41.2552976938164,66.93697699160938],[40.826052698699215,67.66004522891407],[37.24586394747851,68.7934985980547],[31.33127501925586,69.6627612933672]]],[[[56.727488550749996,70.99396856875782],[55.51757720431445,72.47799261660938],[53.50230315646289,73.13657721133595],[51.48213485201953,71.84467657657032],[56.727488550749996,70.99396856875782]]]]},"properties":{"NAME":"Tsardom of Muscovy","SUBJECTO":"Tsardom of Muscovy","PARTOF":"Tsardom of Muscovy"}},
{"type":"Feature","geometry":{"type":"Polygon","coordinates":[[[91.0642740656503,26.75261632213409],[92.17030536273745,26.98732044282419],[91.30052225054807,27.99734349172114],[89.67198807878634,28.197480002650515],[88.16182424717722,27.74135000362828],[88.86752608737109,26.908403001741213],[90.59682157908377,26.764092722507584],[91.0642740656503,26.75261632213409]]]},"properties":{"NAME":"Bhutan","SUBJECTO":"Bhutan","PARTOF":"Bhutan"}},
{"type":"Feature","geometry":{"type":"Polygon","coordinates":[[[79.72527965820734,11.515919075722639],[80.22375777682421,12.831091485933108],[80.0894041391289,15.175155244783205],[81.36909774264453,16.34686430545215],[84.26272872408984,18.455840669587893],[85.1132078500664,19.442306123689455],[86.11916640719531,19.806542955354494],[87.64071944674609,21.563081346467776],[90,21.930253587678713],[90,22.560958467439455],[91.41017440280078,22.720834337190432],[92.12366774996875,20.996430955842776],[92.50995162448046,22.110425554231448],[92.04723666246358,23.689730460158763],[91.56566660666,24.346416899890905],[91.43432931871358,26.097580739176628],[90,26.360255315069487],[91.0642740656503,26.75261632213409],[90.59682157908377,26.764092722507584],[88.86752608737109,26.908403001741213],[88.16182424717722,27.74135000362828],[85.14416793307421,28.341794572786135],[83.40201095065234,29.539681993440432],[81.448679957,30.40275152774219],[80.17496274207845,31.573107791782736],[79.3294463680683,35.62846298322298],[75.24566308931769,38.031852974832695],[73.80860288146245,38.031852974832695],[69.49742225789676,35.87626266304985],[66.33588980061525,36.307380725406425],[67.05441990454287,35.588850621478805],[67.77295000847047,33.43326030969596],[67.48553796689943,32.427318164197295],[67.62924398768496,31.13396397712759],[66.76700786297181,30.415433873199976],[66.92825506441484,28.1118712695545],[66.30008986910937,25.494687639192385],[67.31589034518359,24.092885576204104],[68.79081252535937,23.028724275544924],[69.12606337985156,21.9685073718584],[70.20994857272265,20.94797857852344],[71.02444747408984,20.657476030305666],[72.12086013278125,21.155339799836916],[73.10968306979296,20.687320314363284],[72.75949386080859,20.057649217561526],[73.06422713717578,18.031716905549807],[73.84143355807421,15.390475831941409],[74.77759773639653,13.527907138893337],[77.20838858479482,13.10806789217532],[78.55874713933034,12.219636451104208],[79.07039235928022,11.34983957718938],[79.72527965820734,11.515919075722639]]]},"properties":{"NAME":"Mughal Empire","SUBJECTO":"Mughal Empire","PARTOF":"Mughal Empire"}},
{"type":"Feature","geometry":{"type":"Polygon","coordinates":[[[124.13388350924609,39.843143068269534],[125.296092066375,39.36432608218555],[124.73619368991015,38.2797809466875],[126.62915,37.591377000000136],[126.371368,34.789162],[128.451904,34.845543],[129.43942300000015,35.475822],[129.342468,37.257217],[127.27688888033984,39.2216869220293],[127.67152694186328,39.86643560977344],[129.47782424410937,40.682025514558596],[129.6412611337578,41.65584906192188],[130.43509963473437,42.27675970645313],[129.9656019540703,42.957393251375],[128.09849074801562,41.44936331363086],[126.47417739352343,41.651507936433596],[125.87949660739062,40.945026002839846],[124.13388350924609,39.843143068269534]]]},"properties":{"NAME":"Korea","SUBJECTO":"Korea","PARTOF":"Korea"}},
{"type":"Feature","geometry":{"type":"Polygon","coordinates":[[[100.92656514159049,17.514817803839946],[101.22944930514453,18.910132966951174],[100.5004148813164,19.43925627322559],[100.00115493258593,20.458650194124026],[97.78882125338671,19.39800413699512],[97.78759292086718,17.575469575837893],[98.78654722248444,16.394346375933726],[99.9052226803873,16.665736123851396],[100.92656514159049,17.514817803839946]]]},"properties":{"NAME":"Lan Na","SUBJECTO":"Lan Na","PARTOF":"Lan Na"}},
{"type":"Feature","geometry":{"type":"Polygon","coordinates":[[[178.175537,-18.241665],[178.170532,-17.342499],[177.510254,-17.509445],[177.333313,-18.119446],[178.175537,-18.241665]]]},"properties":{"NAME":"Tuʻi Tonga Empire","SUBJECTO":"Tuʻi Tonga Empire","PARTOF":"Tuʻi Tonga Empire"}},
{"type":"Feature","geometry":{"type":"Polygon","coordinates":[[[-109.241386,-27.133057],[-109.365837,-27.063335],[-109.42778,-27.201946],[-109.241386,-27.133057]]]},"properties":{"NAME":"Polynesians","SUBJECTO":"Polynesians","PARTOF":"Polynesians"}},
{"type":"Feature","geometry":{"type":"Polygon","coordinates":[[[114.02923402719802,22.508457822712955],[114.32911931029123,22.272308319943782],[114.30903130089744,22.553519333285553],[114.02923402719802,22.508457822712955]]]},"properties":{"NAME":"Hong Kong","SUBJECTO":"Hong Kong","PARTOF":"Hong Kong"}}
]}