{"type":"FeatureCollection", "features": [
{"type":"Feature","geometry":{"type":"Polygon","coordinates":[[[5.823500189391357,49.50710638614063],[6.433043036071044,49.445331178621096],[6.410244926808862,49.55315113421634],[6.136599573699218,49.981978975251955],[6.108513388243896,50.11745413394336],[5.823500189391357,49.50710638614063]]]},"properties":{"NAME":"Luxembourg","SUBJECTO":"Luxembourg","PARTOF":"Luxembourg"}},
{"type":"Feature","geometry":{"type":"Polygon","coordinates":[[[10.395699534026367,46.88741263003711],[9.53932315928003,47.4872009429331],[8.983487283772465,47.679618759299416],[7.506581816283447,47.60370596499805],[6.058368239012939,46.616065584138674],[6.107919725981933,46.125533662751955],[6.360944279594113,46.347862108145755],[6.172219470275174,46.211872294689975],[6.274123806967107,46.39014042210051],[6.384794633556074,46.46430289385845],[6.399366830301586,46.458688728465745],[6.558787383904959,46.507196480082904],[6.59204288810731,46.51769616755476],[6.689435812086666,46.50021827068076],[6.720869389583737,46.485596225120794],[6.832041624067764,46.46683262184003],[6.857901656145032,46.44947118554421],[6.900908887160469,46.439689214556104],[6.930871450577103,46.408351227966136],[6.860532891338509,46.39567135854787],[6.955283197966796,45.93890341372852],[9.884957346526367,46.402530275300784],[10.395699534026367,46.88741263003711]]]},"properties":{"NAME":"Switzerland","SUBJECTO":"Switzerland","PARTOF":"Switzerland"}},
{"type":"Feature","geometry":{"type":"Polygon","coordinates":[[[-1.914577808769959,43.3054157123125],[-7.636274781616944,43.721412263826174],[-9.270803418549317,43.048690401033205],[-8.806055035980958,41.889178834871096],[-6.708704438599366,41.96004446597461],[-6.933383431824463,38.961349092439455],[-7.491503682526368,37.20815619082813],[-6.632153954895752,37.02175100894336],[-5.660587277802247,36.008006654695315],[-4.446585622223633,36.72201880069141],[-2.238797393234986,36.728396974519534],[-0.918272283467072,37.57034262271289],[0.172570082751495,38.738345704988284],[-0.394848432930726,39.434459291414065],[0.879201922026855,41.0217357501543],[3.128878864852172,41.85722693057422],[3.087081465331298,42.36864431949024],[1.912632004273085,42.45393734381684],[1.718889,42.503052],[1.445833,42.601944],[1.454372944795423,42.61290349092135],[-0.611982133778351,42.73087652774219],[-1.914577808769959,43.3054157123125]]]},"properties":{"NAME":"Spain","SUBJECTO":"Spain","PARTOF":"Spain"}},
{"type":"Feature","geometry":{"type":"Polygon","coordinates":[[[124.13388350924609,39.843143068269534],[125.37895933469653,39.34265809964086],[124.85810594827154,38.25237462881832],[126.40734530305541,37.90337889922872],[128.80236483840412,37.92274805740975],[127.55563863829641,39.33045062277143],[129.7179693637579,40.843067379781054],[130.43509963473437,42.27675970645313],[130.22588637789843,42.65130194278125],[128.09849074801562,41.44936331363086],[126.47417739352343,41.651507936433596],[125.87949660739062,40.945026002839846],[124.13388350924609,39.843143068269534]]]},"properties":{"NAME":"Korea (USSR)","SUBJECTO":"USSR","PARTOF":"Korea (USSR)"}},
{"type":"Feature","geometry":{"type":"MultiPolygon","coordinates":[[[[-0.203663793,53.52328451724414],[-2.742131438645142,55.95718725772266],[-2.150362935456055,57.571979127839846],[-5.762965646179932,57.61977728457813],[-5.633057561310547,55.93986090274219],[-3.576675858887452,54.924483858064455],[-2.914475407990235,53.26714285464649],[-4.317542043122071,53.09120901675586],[-4.159330811890381,51.67681463809375],[-3.521466937454957,50.61743124575977],[0.191810223666412,50.73128470034961],[1.691691670027954,52.311420045808596],[-0.203663793,53.52328451724414]]],[[[-6.206393208893555,53.95674856753711],[-6.018187966736573,55.093001924470705],[-7.427515473755616,55.06380423159961],[-6.206393208893555,53.95674856753711]]]]},"properties":{"NAME":"United Kingdom","SUBJECTO":"United Kingdom","PARTOF":"United Kingdom"}},
{"type":"Feature","geometry":{"type":"MultiPolygon","coordinates":[[[[136.72185805758593,37.265933595613284],[136.66849807223437,36.66749533267383],[135.15697768649218,35.646468721345705],[132.66285232028125,35.380626283601565],[130.89904311617968,33.90366705508594],[134.4273176523125,34.628177247957034],[135.75567153414843,33.34231527896289],[136.73385146578906,34.874087892488284],[138.14905837496875,34.52788122744922],[139.42260268649218,35.165511690095705],[140.31661513766406,35.033816896394534],[140.8722181650078,37.91744955630664],[141.9981184335625,39.67198904605274],[141.15255263766406,40.86541708560352],[139.91515639742968,40.574954591707034],[140.03008559664843,39.48317679019336],[139.19793227633593,37.92043264956836],[137.46403029879687,36.85367926211719],[136.72185805758593,37.265933595613284]]],[[[132.6987562509453,32.54885824771289],[133.99859145602343,33.14826925845508],[132.78431228121875,33.90752371402149],[132.1211195321953,33.34754904361133],[132.6987562509453,32.54885824771289]]],[[[130.74401381930468,30.887834154084963],[131.83098891696093,32.69308813662891],[131.6698255868828,33.30853231997852],[130.42656997164843,33.674171052888674],[129.34337905367968,33.15138968081836],[130.74401381930468,30.887834154084963]]],[[[140.1124525400078,41.27311285586719],[140.24552443942187,42.22844275088672],[141.9281263681328,42.50126226992969],[143.21375564059375,41.92653997989063],[145.05938247164843,43.78576620669727],[143.50817397555468,44.15576132388477],[141.87533095797656,45.43542440982227],[141.30364516696093,43.187030397371096],[139.7117414804375,42.47759588809375],[140.1124525400078,41.27311285586719]]]]},"properties":{"NAME":"Japan (USA)","SUBJECTO":"USA","PARTOF":"Japan (USA)"}},
{"type":"Feature","geometry":{"type":"Polygon","coordinates":[[[88.80257705172656,27.18099173159961],[90,26.778745256379885],[91.90890029391406,26.805301271394534],[91.60775283297656,27.641450487092776],[91.15224746188281,28.032367311433596],[89.36553481539843,27.876128755525393],[88.80257705172656,27.18099173159961]]]},"properties":{"NAME":"Bhutan","SUBJECTO":"Bhutan","PARTOF":"Bhutan"}},
{"type":"Feature","geometry":{"type":"Polygon","coordinates":[[[-17.016083684357422,21.314147554353518],[-13.024399724396485,21.279456697419924],[-13.116560902985352,22.78560408206348],[-11.990525212677735,23.478738389924807],[-11.893217053803223,25.895093522981448],[-8.688412633332032,25.913617692903323],[-8.629150357636231,27.172677598909182],[-8.641209569367188,27.566762529329104],[-13.123640027436036,27.546344362214846],[-14.36725422421338,26.119227968171877],[-14.820046391876954,24.73287733645801],[-15.714025464447754,23.873057924226565],[-17.016083684357422,21.314147554353518]]]},"properties":{"NAME":"Western Sahara","SUBJECTO":"Western Sahara","PARTOF":"Western Sahara"}},
{"type":"Feature","geometry":{"type":"Polygon","coordinates":[[[51.28782561740039,24.410777650789065],[50.968333277312496,24.436244569734377],[51.11975005587695,24.398660264924807],[51.28782561740039,24.410777650789065]]]},"properties":{"NAME":"Qatar","SUBJECTO":"Qatar","PARTOF":"Qatar"}},
{"type":"Feature","geometry":{"type":"Polygon","coordinates":[[[51.11975005587695,24.398660264924807],[51.95289901217578,22.484189592317385],[55.367381128874996,22.065713487581057],[55.69875243624804,22.302699647859377],[55.65806106051562,23.74446638675098],[56.40525725802539,24.91874846072559],[56.16130736788867,25.473344407991213],[56.15673354586718,25.96647986026172],[54.34709838351367,24.15445288272266],[51.58590224703906,24.00322111697559],[51.28782561740039,24.410777650789065],[51.11975005587695,24.398660264924807]]]},"properties":{"NAME":"United Arab Emirates","SUBJECTO":"United Arab Emirates","PARTOF":"United Arab Emirates"}},
{"type":"Feature","geometry":{"type":"Polygon","coordinates":[[[-4.865763631256836,24.99489554019336],[-6.555289235504883,24.896115861848635],[-6.12438723126294,20.96373900027637],[-5.483117070587891,15.468906007722659],[-10.647132840546387,15.425777040437502],[-11.551504102143067,15.579372011140627],[-11.9038009313667,14.814458452180666],[-11.979639020355958,13.688828073457522],[-11.423556294831055,12.395308099702639],[-10.653490987213868,11.859534822419924],[-9.12341591397168,12.459765993074221],[-7.90747353115918,10.121322236970705],[-6.476800885590333,10.581123910859866],[-5.563794103058594,10.357699953035159],[-5.214520421417969,11.853566728547854],[-4.510281529816407,12.220051370576662],[-4.21902891674878,13.23883207888965],[-3.334784951599854,13.193208299592776],[-2.858042922409791,13.965157113984866],[-0.69262852946164,15.090307794526858],[0.273969087210876,14.962529741243166],[3.401617321578247,15.343259416536135],[3.952493700591308,15.880431734041018],[4.248765978423339,17.255103670076174],[4.203835520354492,19.136262498811526],[1.839478764144165,20.16483648867969],[1.087368759719116,21.132964693025393],[-1.651156630905884,22.845944963411135],[-4.865763631256836,24.99489554019336]]]},"properties":{"NAME":"Mali","SUBJECTO":"France","PARTOF":"Mali"}},
{"type":"Feature","geometry":{"type":"Polygon","coordinates":[[[56.40525725802539,24.91874846072559],[55.65806106051562,23.74446638675098],[55.69875243624804,22.302699647859377],[56.03019240817187,21.237395845369143],[51.80605224093554,18.982875429109377],[53.02094939669726,16.65376814456348],[55.19483855685351,17.148564897493166],[55.561072382537105,17.937171541169924],[57.83862975558398,19.034806810334963],[57.80608275851367,20.171960435823244],[58.51204970797656,20.421229921296877],[59.837283167449215,22.279178224519534],[58.62849334200976,23.458295427278323],[57.14619735201953,23.98247107119922],[56.40525725802539,24.91874846072559]]]},"properties":{"NAME":"Oman","SUBJECTO":"Oman","PARTOF":"Oman"}},
{"type":"Feature","geometry":{"type":"Polygon","coordinates":[[[2.320128950682861,12.17146261783008],[3.609702620116455,11.721436105684084],[4.190213236418945,13.479182802156252],[5.501391443816406,13.792027078584475],[6.863709482756835,13.062759958223147],[8.095267328826171,13.279785715059084],[9.05742076357959,12.821483217195315],[10.41347030123828,13.306189142183108],[12.251965555754882,13.075524888948244],[13.538728746978027,13.65514525027637],[13.480414423552734,14.404780946687502],[15.488629374114257,16.888942323640627],[15.668408426848632,19.552930437043948],[15.96227744540332,20.323638521150393],[15.207608255950195,21.418717943147463],[14.967711481658203,22.968030534700198],[14.180097612944824,22.569409929231448],[11.959014925566894,23.471690736726565],[7.538447889891845,20.91636236758594],[5.775469336119873,19.44418676944141],[4.203835520354492,19.136262498811526],[4.248765978423339,17.255103670076174],[3.952493700591308,15.880431734041018],[3.401617321578247,15.343259416536135],[0.273969087210876,14.962529741243166],[0.976082357970459,13.021619401887698],[2.320128950682861,12.17146261783008]]]},"properties":{"NAME":"Niger","SUBJECTO":"France","PARTOF":"Niger"}},
{"type":"Feature","geometry":{"type":"Polygon","coordinates":[[[14.033436808196289,13.060618959382815],[15.00175384005664,12.017644487336916],[15.16351035555957,10.372434221223635],[13.910858187285644,9.551455102876467],[15.004431757537109,8.540975175813479],[15.556958231536132,7.501873098329348],[16.947911295500976,7.516480050996584],[18.542758020964843,8.008997522310061],[18.886469873992187,8.900866113618655],[20.330506357756835,9.081043802217287],[22.277844462004882,10.967517457917971],[22.818951639739257,10.907167993501467],[22.26095679720996,12.677052102998537],[21.778044733611328,12.80131109805469],[23.013073954192382,15.681200586274905],[23.95093825778125,15.69943007083301],[23.949723276702148,19.47427710147266],[20.548014673796875,21.16387327762012],[17.699284495826618,22.536621308572617],[15.97051719149707,23.38058813662891],[14.967711481658203,22.968030534700198],[15.207608255950195,21.418717943147463],[15.96227744540332,20.323638521150393],[15.668408426848632,19.552930437043948],[15.488629374114257,16.888942323640627],[13.480414423552734,14.404780946687502],[13.538728746978027,13.65514525027637],[14.033436808196289,13.060618959382815]]]},"properties":{"NAME":"Chad","SUBJECTO":"France","PARTOF":"Chad"}},
{"type":"Feature","geometry":{"type":"Polygon","coordinates":[[[105.85019201631732,19.71238709282271],[106.80704024752734,20.905006013826174],[107.87561324557421,21.462068162874026],[107.09811690768359,21.649287782625002],[105.31343368014453,23.296004854158205],[104.47811416110156,22.78323134036426],[101.96785262545703,22.533715806916994],[102.99293807467578,20.939632020906252],[104.12909224948046,20.939910493806643],[104.68361647020298,20.23626296336158],[105.85019201631732,19.71238709282271]]]},"properties":{"NAME":"Tonkin","SUBJECTO":"France","PARTOF":"Tonkin"}},
{"type":"Feature","geometry":{"type":"Polygon","coordinates":[[[-82.17722794094922,22.365911088899416],[-79.7345475820625,21.671853624299807],[-77.29118057766797,20.70449598880176],[-77.46084305325391,19.87143477054004],[-75.51905533352735,19.907353959993166],[-75.60392471829297,21.013194642976565],[-77.33981796780469,21.51166494937305],[-79.75995346585157,22.75878294558887],[-81.43114944973829,23.136655412629885],[-82.17722794094922,22.365911088899416]]]},"properties":{"NAME":"Cuba","SUBJECTO":"Cuba","PARTOF":"Cuba"}},
{"type":"Feature","geometry":{"type":"Polygon","coordinates":[[[105.05652907809375,14.239496789888186],[107.39329055270312,14.583531938508791],[107.10751632174609,16.169568620637698],[106.63819411715625,16.484338365510744],[104.81215957125781,18.721570573762698],[103.89931014498828,19.313087068513674],[104.68361647020298,20.23626296336158],[104.12909224948046,20.939910493806643],[102.99293807467578,20.939632020906252],[101.96785262545703,22.533715806916994],[101.0139875741875,21.442420564607424],[100.00115493258593,20.458650194124026],[100.5004148813164,19.43925627322559],[101.86464980563281,18.107404313997073],[102.66148665866015,17.84536512942676],[103.9275617929375,18.278237901643557],[105.47315505465625,15.15017469973926],[105.05652907809375,14.239496789888186]]]},"properties":{"NAME":"Laos","SUBJECTO":"France","PARTOF":"Laos"}},
{"type":"Feature","geometry":{"type":"Polygon","coordinates":[[[-71.77705856839063,19.771005235627932],[-72.6764650014961,19.39217909427051],[-72.74589249173047,18.508500657991213],[-71.67702957669141,18.002502046541018],[-71.77705856839063,19.771005235627932]]]},"properties":{"NAME":"Haiti","SUBJECTO":"Haiti","PARTOF":"Haiti"}},
{"type":"Feature","geometry":{"type":"Polygon","coordinates":[[[-71.67702957669141,18.002502046541018],[-70.62097641507032,18.506677232698244],[-68.65684982815625,18.8731761798418],[-70.88160416165235,19.929931245759768],[-71.77705856839063,19.771005235627932],[-71.67702957669141,18.002502046541018]]]},"properties":{"NAME":"Dominican Republic","SUBJECTO":"Dominican Republic","PARTOF":"Dominican Republic"}},
{"type":"Feature","geometry":{"type":"MultiPolygon","coordinates":[[[[120.36362746676562,14.530945383027834],[121.00936416110156,13.655685029939455],[121.72879317721484,14.108259759858889],[121.24220565280078,15.307833276704592],[122.3955793710625,17.114329896882815],[122.02781203707812,18.009172044709963],[121.03637221774218,18.527911745027346],[120.39307692965625,18.043792329744143],[120.30344680270312,16.417462907747073],[119.77184585055468,15.469834886506838],[120.36362746676562,14.530945383027834]]],[[[121.87300399264453,10.468407236055178],[122.89682296237109,11.150391183809084],[121.99363997897265,11.758330903962893],[121.87300399264453,10.468407236055178]]],[[[126.0452375741875,6.608192525819582],[126.27187636813281,8.425783716157717],[125.93394759616015,9.17475088687305],[123.46498397311328,7.790728651002688],[124.22405532321093,6.089605890229983],[126.0452375741875,6.608192525819582]]]]},"properties":{"NAME":"Philippines","SUBJECTO":"Philippines","PARTOF":"Philippines"}},
{"type":"Feature","geometry":{"type":"Polygon","coordinates":[[[-66.90559860745313,17.936208330110354],[-65.96735092678907,18.02719458194141],[-65.95150467434766,18.47215612979297],[-67.05517288723829,18.54607542605762],[-66.90559860745313,17.936208330110354]]]},"properties":{"NAME":"Puerto Rico","SUBJECTO":"Puerto Rico","PARTOF":"Puerto Rico"}},
{"type":"Feature","geometry":{"type":"Polygon","coordinates":[[[-77.29082962551954,17.805966936067385],[-76.42635056057813,18.1192642077959],[-77.76949783841016,18.510497652009768],[-77.29082962551954,17.805966936067385]]]},"properties":{"NAME":"Jamaica (UK)","SUBJECTO":"United Kingdom","PARTOF":"Jamaica (UK)"}},
{"type":"Feature","geometry":{"type":"Polygon","coordinates":[[[0.064007225838882,11.06482370944385],[0.925124201384765,10.89829596133594],[2.272173437682373,11.662670694307131],[2.320128950682861,12.17146261783008],[0.976082357970459,13.021619401887698],[0.273969087210876,14.962529741243166],[-0.69262852946164,15.090307794526858],[-2.858042922409791,13.965157113984866],[-3.334784951599854,13.193208299592776],[-4.21902891674878,13.23883207888965],[-4.510281529816407,12.220051370576662],[-5.214520421417969,11.853566728547854],[-5.563794103058594,10.357699953035159],[-4.39932152310254,9.570026956514162],[-2.84040662327649,9.572915636018557],[-2.702452149781006,10.927663408235354],[0.064007225838882,11.06482370944385]]]},"properties":{"NAME":"Burkina Faso","SUBJECTO":"Burkina Faso","PARTOF":"Burkina Faso"}},
{"type":"Feature","geometry":{"type":"Polygon","coordinates":[[[-85.83965775051954,11.07758291812305],[-83.74664017239454,10.87845953555469],[-83.91412827053907,11.251382432893557],[-83.41719528714063,15.00085886569385],[-84.83382126370313,14.771436296418948],[-85.73531052151563,13.856570802644534],[-86.68932816067579,13.768247209504885],[-87.40427109280469,13.029873453096194],[-85.83965775051954,11.07758291812305]]]},"properties":{"NAME":"Nicaragua","SUBJECTO":"Nicaragua","PARTOF":"Nicaragua"}},
{"type":"Feature","geometry":{"type":"Polygon","coordinates":[[[105.05652907809375,14.239496789888186],[103.08302596530078,14.291369996980471],[102.33450606783984,13.232584558442873],[102.67077926119921,12.03772410006885],[103.03959182223437,10.897970758394045],[104.38717940768359,10.314412675813479],[105.49370864352343,10.888218484834475],[105.84254744967578,11.5827070102251],[107.12985960074704,12.200553002254654],[107.48226455172656,12.583323083833498],[107.39329055270312,14.583531938508791],[105.05652907809375,14.239496789888186]]]},"properties":{"NAME":"Cambodia","SUBJECTO":"France","PARTOF":"Cambodia"}},
{"type":"Feature","geometry":{"type":"Polygon","coordinates":[[[-83.74664017239454,10.87845953555469],[-85.83965775051954,11.07758291812305],[-85.77779099026563,10.138352952913088],[-85.0887956289375,9.583112321809573],[-83.6149415639961,9.151563249543948],[-82.95746323147657,8.047210298494143],[-82.55992600003125,9.583112321809573],[-83.74664017239454,10.87845953555469]]]},"properties":{"NAME":"Costa Rica","SUBJECTO":"Costa Rica","PARTOF":"Costa Rica"}},
{"type":"Feature","geometry":{"type":"Polygon","coordinates":[[[16.076737436858398,2.127680860475344],[16.54810050448535,3.306388221696658],[18.503987345305664,3.534127317384524],[18.61234191378711,4.322929941133303],[19.57827094515918,5.078677259401125],[20.56206229647754,4.340873323396487],[22.417393717375976,4.065897546724123],[25.48817733248828,5.310847364381594],[27.243727717009765,5.16238173098926],[26.945387873259765,5.872465692476077],[25.299120936003906,7.330889783815188],[25.287985834685546,7.724888883546633],[23.52215865573047,8.610577188447756],[23.6336164804375,9.666291795686526],[22.818951639739257,10.907167993501467],[22.277844462004882,10.967517457917971],[20.330506357756835,9.081043802217287],[18.886469873992187,8.900866113618655],[18.542758020964843,8.008997522310061],[16.947911295500976,7.516480050996584],[15.556958231536132,7.501873098329348],[14.402967485991699,5.829723916963381],[15.123709711638671,3.609356723741335],[16.076737436858398,2.127680860475344]]]},"properties":{"NAME":"Central African Republic","SUBJECTO":"Central African Republic","PARTOF":"Central African Republic"}},
{"type":"Feature","geometry":{"type":"Polygon","coordinates":[[[-13.164252248200196,8.850765787080569],[-13.212491002472657,8.347035966829104],[-11.465403523834961,6.843901239351077],[-10.37703033963086,8.075611673311037],[-11.290036168488282,9.897864900544924],[-12.38555141964795,9.796022973970217],[-13.164252248200196,8.850765787080569]]]},"properties":{"NAME":"Sierra Leone","SUBJECTO":"United Kingdom","PARTOF":"Sierra Leone"}},
{"type":"Feature","geometry":{"type":"Polygon","coordinates":[[[80.56289962252734,5.931666456178469],[81.2026853891289,6.079191289857668],[81.86616805514453,7.084561429933352],[80.66241744479296,9.29945620150928],[79.6746321054375,8.804930292085452],[79.85409072360156,7.061153493837161],[80.56289962252734,5.931666456178469]]]},"properties":{"NAME":"Sri Lanka","SUBJECTO":"Sri Lanka","PARTOF":"Sri Lanka"}},
{"type":"Feature","geometry":{"type":"Polygon","coordinates":[[[-82.55992600003125,9.583112321809573],[-82.95746323147657,8.047210298494143],[-82.38439652005079,8.32122953982715],[-80.813771214875,7.270063482240481],[-79.71689316311719,8.883091531709475],[-79.06764694729688,9.034267984346194],[-78.18370529690625,8.413340173677248],[-77.89673325100782,7.171753011659426],[-77.12526413479688,7.980431161836428],[-77.4947023061836,8.661484323457522],[-78.26649185696485,9.385549150422854],[-79.50042435208204,9.638376794770998],[-80.96249863186719,8.864939294770998],[-82.22958847561719,9.046509347871584],[-82.55992600003125,9.583112321809573]]]},"properties":{"NAME":"Panama","SUBJECTO":"Panama","PARTOF":"Panama"}},
{"type":"Feature","geometry":{"type":"Polygon","coordinates":[[[-60.55301758328321,5.009108625367922],[-59.88138290921094,4.949529729799075],[-59.51294037381055,3.966297946885867],[-59.93537231961133,2.73047574611072],[-59.62485214749219,1.734273396447939],[-58.85273834744336,1.154052458719057],[-56.709626164826176,1.891480408624453],[-57.24637695828321,3.255050979570193],[-57.9950570730293,3.96261366458301],[-57.06514069119336,5.837398611024661],[-58.57506653347852,6.984399877504153],[-58.616635289582035,7.499081216768069],[-59.83440491238477,8.440183244661135],[-60.563900914582035,7.564827047303957],[-61.254750218781254,5.869560800508303],[-60.55301758328321,5.009108625367922]]]},"properties":{"NAME":"Guyana","SUBJECTO":"Netherlands","PARTOF":"Guyana"}},
{"type":"Feature","geometry":{"type":"Polygon","coordinates":[[[-10.37703033963086,8.075611673311037],[-11.465403523834961,6.843901239351077],[-9.247899022492188,5.171884141877932],[-7.562493291291016,4.351184450105471],[-7.418688741120118,5.731824003175539],[-8.52998444119336,6.526147447541994],[-8.303831067475098,7.43648537249927],[-9.463983502777833,7.429587923005862],[-10.37703033963086,8.075611673311037]]]},"properties":{"NAME":"Liberia","SUBJECTO":"Liberia","PARTOF":"Liberia"}},
{"type":"Feature","geometry":{"type":"Polygon","coordinates":[[[13.017197641936523,-4.768244661375242],[12.199662241545898,-5.751352705045896],[12.33937648257373,-6.189817823454099],[14.049271616545898,-5.931735433622556],[16.41151717623828,-5.968553461118894],[17.603240046111328,-8.116430677458006],[19.310351404753906,-8.042728818937498],[19.549290690032226,-7.030565179868894],[21.609034571257812,-7.336184419676023],[21.692917856780273,-9.420773901029783],[22.54927352389453,-11.157552160307127],[23.940497431365234,-11.041240133329588],[24.57473090609668,-11.43799725918408],[27.450512919036132,-12.190232671781736],[29.0056810708916,-13.420770086332517],[29.782912287322265,-13.467049039884763],[29.77412703951953,-12.220986761137205],[28.91610053500293,-12.295999921842771],[28.314915690032226,-11.511216558500486],[28.619580301848632,-10.52401677517529],[28.46553328951953,-9.3043197765791],[29.049466166106445,-8.54435769466992],[30.659499201384765,-8.289029516264158],[29.517043146697265,-6.438393034025388],[29.345526728240234,-4.754497446104246],[28.894003901091796,-2.766774333997922],[29.52845290621875,-1.434459365888792],[29.76945403536914,0.442135207370562],[31.15856650790332,1.804288230851931],[30.712660822478515,2.373686157182497],[30.737151178923828,3.505206190065188],[29.69307807406543,4.515941701844973],[28.05823806246875,4.27104815097217],[27.243727717009765,5.16238173098926],[25.48817733248828,5.310847364381594],[22.417393717375976,4.065897546724123],[20.56206229647754,4.340873323396487],[19.57827094515918,5.078677259401125],[18.61234191378711,4.322929941133303],[18.503987345305664,3.534127317384524],[17.960280451384765,2.088033519700808],[17.454712900725585,-0.84525028614636],[16.09792426547168,-2.328039087339597],[15.993580851165039,-3.669907487913328],[13.017197641936523,-4.768244661375242]]]},"properties":{"NAME":"Zaire","SUBJECTO":"Zaire","PARTOF":"Zaire"}},
{"type":"Feature","geometry":{"type":"Polygon","coordinates":[[[30.595961603728515,-1.15476480869885],[30.463767084685546,-2.484096445127683],[30.838053736296875,-3.308244146391111],[29.909106287566406,-4.597870267912107],[29.345526728240234,-4.754497446104246],[29.517043146697265,-6.438393034025388],[30.659499201384765,-8.289029516264158],[33.204600367156246,-9.6577715053999],[34.26077559908984,-10.3195728435957],[34.49440673312304,-11.604224599882322],[36.041201624480465,-11.45912591366406],[36.41663268527148,-11.768437780424314],[38.60662368258593,-11.437589086576658],[40.46619323214648,-10.475255407377439],[39.65761474093554,-9.795738615080076],[39.27012542208789,-7.801093496366697],[39.56642821749804,-7.044216074033933],[38.92152694186328,-6.340208925291257],[39.22912124117968,-4.844893850370603],[37.65682128390429,-3.693595565839964],[37.61619475802539,-3.166200794264036],[33.91916945895312,-1.117342151685911],[33.26720717867968,-1.132111944242673],[30.595961603728515,-1.15476480869885]]]},"properties":{"NAME":"Tanzania, United Republic of","SUBJECTO":"United Kingdom","PARTOF":"Tanzania, United Republic of"}},
{"type":"Feature","geometry":{"type":"Polygon","coordinates":[[[28.894003901091796,-2.766774333997922],[30.463767084685546,-2.484096445127683],[30.595961603728515,-1.15476480869885],[29.52845290621875,-1.434459365888792],[28.894003901091796,-2.766774333997922]]]},"properties":{"NAME":"Rwanda","SUBJECTO":"Rwanda","PARTOF":"Rwanda"}},
{"type":"Feature","geometry":{"type":"Polygon","coordinates":[[[29.345526728240234,-4.754497446104246],[29.909106287566406,-4.597870267912107],[30.838053736296875,-3.308244146391111],[30.463767084685546,-2.484096445127683],[28.894003901091796,-2.766774333997922],[29.345526728240234,-4.754497446104246]]]},"properties":{"NAME":"Burundi","SUBJECTO":"Burundi","PARTOF":"Burundi"}},
{"type":"Feature","geometry":{"type":"MultiPolygon","coordinates":[[[[11.999688181487304,-5.004106916471677],[12.199662241545898,-5.751352705045896],[13.017197641936523,-4.768244661375242],[11.999688181487304,-5.004106916471677]]],[[[12.33937648257373,-6.189817823454099],[13.387093576995117,-8.155678190275388],[13.20385173281787,-9.636731542631345],[13.816288981047851,-10.976270116850095],[13.649036440459472,-12.19675961880322],[12.585389170256835,-13.463659681364256],[11.78128150424121,-17.336016096159177],[13.007998499480468,-17.030731596037107],[13.775606188384277,-17.38222161678906],[18.449723276702148,-17.50734368710156],[19.04725173434375,-17.88529244808789],[21.45908454379199,-18.02371446041699],[23.229161295500976,-17.663650907560545],[21.99454406222461,-16.380283750578123],[21.959122690764648,-13.074597753568845],[23.781909021941406,-13.012970365568357],[24.092848810759765,-12.381739057584959],[23.940497431365234,-11.041240133329588],[22.54927352389453,-11.157552160307127],[21.692917856780273,-9.420773901029783],[21.609034571257812,-7.336184419676023],[19.549290690032226,-7.030565179868894],[19.310351404753906,-8.042728818937498],[17.603240046111328,-8.116430677458006],[16.41151717623828,-5.968553461118894],[14.049271616545898,-5.931735433622556],[12.33937648257373,-6.189817823454099]]]]},"properties":{"NAME":"Angola (Portugal)","SUBJECTO":"Portugal","PARTOF":"Angola (Portugal)"}},
{"type":"Feature","geometry":{"type":"Polygon","coordinates":[[[23.229161295500976,-17.663650907560545],[25.000012430754882,-17.812199033781248],[25.345290217009765,-18.013626493498045],[26.888733896819335,-18.106293119474607],[28.000197443572265,-16.77094117550488],[29.08195403536914,-16.00796452908154],[30.4021654458916,-15.669576086088377],[30.38242248019336,-14.983028806730466],[33.10760024508593,-14.045051969572263],[32.7230711313164,-13.589554227873045],[33.22782805880664,-11.946256078764158],[33.204600367156246,-9.6577715053999],[30.659499201384765,-8.289029516264158],[29.049466166106445,-8.54435769466992],[28.46553328951953,-9.3043197765791],[28.619580301848632,-10.52401677517529],[28.314915690032226,-11.511216558500486],[28.91610053500293,-12.295999921842771],[29.77412703951953,-12.220986761137205],[29.782912287322265,-13.467049039884763],[29.0056810708916,-13.420770086332517],[27.450512919036132,-12.190232671781736],[24.57473090609668,-11.43799725918408],[23.940497431365234,-11.041240133329588],[24.092848810759765,-12.381739057584959],[23.781909021941406,-13.012970365568357],[21.959122690764648,-13.074597753568845],[21.99454406222461,-16.380283750578123],[23.229161295500976,-17.663650907560545]]]},"properties":{"NAME":"Northern Rhodesia","SUBJECTO":"United Kingdom","PARTOF":"Northern Rhodesia"}},
{"type":"Feature","geometry":{"type":"Polygon","coordinates":[[[34.49440673312304,-11.604224599882322],[34.26077559908984,-10.3195728435957],[33.204600367156246,-9.6577715053999],[33.22782805880664,-11.946256078764158],[32.7230711313164,-13.589554227873045],[33.10760024508593,-14.045051969572263],[34.47820571383593,-14.742703832670408],[34.23509887179492,-15.863179601713377],[34.88533309420703,-16.895761884733396],[35.78822234591601,-16.07021752743359],[35.87636855563281,-14.829835332914548],[34.7126951547539,-13.526939786955076],[34.49440673312304,-11.604224599882322]]]},"properties":{"NAME":"Nyasaland","SUBJECTO":"United Kingdom","PARTOF":"Nyasaland"}},
{"type":"Feature","geometry":{"type":"Polygon","coordinates":[[[-69.58987900296094,-10.902231611295896],[-68.63990494290235,-12.580358900114256],[-69.24475571194532,-14.737682737394529],[-69.01231857815625,-16.61673776058789],[-69.43009659329297,-17.603817380949216],[-68.43294235745313,-19.45914689449902],[-68.6399659780586,-20.444900907560545],[-67.78257462063672,-22.904400266691404],[-67.1888932851875,-22.983517087980466],[-66.14585587063672,-21.923063673063474],[-64.75560471096875,-22.162689603849607],[-62.61002060452344,-22.156546033903318],[-62.139271703156254,-20.4641098156416],[-61.55079742947461,-19.641218580290037],[-59.05629059353711,-19.328064359708982],[-58.13773056546094,-19.811836637541013],[-57.59640976467969,-18.04261437801953],[-58.401696172150395,-17.132511533781248],[-58.333485570343754,-16.36973039059277],[-60.03219315091016,-16.328901685758787],[-60.362946477326176,-13.903864301725584],[-61.62732788601758,-13.625401891752439],[-62.0785531667793,-13.10071698574658],[-64.26138016262891,-12.471878446623045],[-65.27307602444532,-11.365933813139158],[-65.30872818508985,-9.81572762875195],[-66.30597397366407,-9.840706266447263],[-68.50223251858594,-11.086407102628904],[-69.58987900296094,-10.902231611295896]]]},"properties":{"NAME":"Bolivia","SUBJECTO":"Bolivia","PARTOF":"Bolivia"}},
{"type":"Feature","geometry":{"type":"Polygon","coordinates":[[[32.849036249724605,-26.978884138151365],[32.49971297701953,-26.06808701901074],[33.347266230193355,-25.303612150236326],[34.88371947726367,-24.722015775724607],[35.29743102511523,-23.825008787199216],[35.26076034030078,-22.274328626676756],[34.72620299777148,-19.860380567594724],[37.2753172250664,-17.71316186337109],[39.471255335417965,-16.717016614958006],[40.38579848727343,-15.7363266125166],[40.59920791110156,-14.401239790006834],[40.311343226042965,-11.344973005338865],[40.46619323214648,-10.475255407377439],[38.60662368258593,-11.437589086576658],[36.41663268527148,-11.768437780424314],[36.041201624480465,-11.45912591366406],[34.49440673312304,-11.604224599882322],[34.7126951547539,-13.526939786955076],[35.87636855563281,-14.829835332914548],[35.78822234591601,-16.07021752743359],[34.88533309420703,-16.895761884733396],[34.23509887179492,-15.863179601713377],[34.47820571383593,-14.742703832670408],[33.10760024508593,-14.045051969572263],[30.38242248019336,-14.983028806730466],[30.4021654458916,-15.669576086088377],[32.64874938449023,-16.610069669767576],[33.03959182223437,-18.381756223722654],[33.0610838266289,-19.92676965145703],[32.414092096892574,-21.431167997404295],[31.27840522250293,-22.556906141325193],[31.911139521208984,-24.340023435636716],[32.013369593230465,-26.081808485075193],[32.16332152804492,-27.00941888241406],[32.849036249724605,-26.978884138151365]]]},"properties":{"NAME":"Mozambique (Portugal)","SUBJECTO":"Portugal","PARTOF":"Mozambique (Portugal)"}},
{"type":"Feature","geometry":{"type":"Polygon","coordinates":[[[44.67219832858203,-16.23558083920117],[43.971648249236324,-17.552675642057615],[44.47033599337695,-20.17013780026074],[43.5010252328789,-21.49418679623242],[43.37636474093554,-22.63212624935742],[43.67141250094531,-24.226787962003904],[44.425330195037105,-25.31205026058789],[45.576182398406246,-25.621076978727537],[47.25847915133593,-24.765831388517576],[48.087378534880855,-22.04376069454785],[49.34185317477343,-18.227621473356443],[49.42470839938281,-17.197809614225584],[50.50334075411914,-15.314229406400877],[49.8171873422539,-12.830713666959959],[48.75133803805468,-13.417710699125486],[46.92456725558398,-15.360046781583982],[44.67219832858203,-16.23558083920117]]]},"properties":{"NAME":"Madagascar (France)","SUBJECTO":"France","PARTOF":"Madagascar (France)"}},
{"type":"Feature","geometry":{"type":"Polygon","coordinates":[[[30.4021654458916,-15.669576086088377],[29.08195403536914,-16.00796452908154],[28.000197443572265,-16.77094117550488],[26.888733896819335,-18.106293119474607],[25.345290217009765,-18.013626493498045],[26.35727027377246,-19.75616303829785],[27.617894205657226,-20.56899491695996],[27.970025095549804,-21.577911771818357],[29.233447107878906,-22.187313474699216],[31.27840522250293,-22.556906141325193],[32.414092096892574,-21.431167997404295],[33.0610838266289,-19.92676965145703],[33.03959182223437,-18.381756223722654],[32.64874938449023,-16.610069669767576],[30.4021654458916,-15.669576086088377]]]},"properties":{"NAME":"Rhodesia","SUBJECTO":"United Kingdom","PARTOF":"Rhodesia"}},
{"type":"Feature","geometry":{"type":"Polygon","coordinates":[[[19.842755350676757,-24.944109357877927],[19.886040720549804,-22.114612974210935],[20.91899589022754,-22.05772439388867],[20.949976954070312,-18.395450986906248],[25.000012430754882,-17.812199033781248],[23.229161295500976,-17.663650907560545],[21.45908454379199,-18.02371446041699],[19.04725173434375,-17.88529244808789],[18.449723276702148,-17.50734368710156],[13.775606188384277,-17.38222161678906],[13.007998499480468,-17.030731596037107],[11.78128150424121,-17.336016096159177],[12.07951262911914,-18.49144021420117],[12.929404291716796,-19.74155656246777],[14.570058855620605,-22.75814477352734],[14.444036516753417,-23.41168824581738],[14.843331369963867,-25.622223295255857],[15.45380404910205,-27.616459287687498],[16.334208521453125,-28.560795225187498],[19.128987345305664,-28.947578825041013],[19.865918192473632,-28.35200921444531],[19.842755350676757,-24.944109357877927]]]},"properties":{"NAME":"Namibia","SUBJECTO":"Namibia","PARTOF":"Namibia"}},
{"type":"Feature","geometry":{"type":"MultiPolygon","coordinates":[[[[-68.45589920559766,-52.420181669279295],[-71.79449936428907,-52.08840600399609],[-72.2487077383125,-50.80414239315625],[-73.51265427151563,-49.76077691464062],[-72.45835587063672,-48.854298032804685],[-72.38230606594922,-47.57801095394726],[-71.69322678128125,-46.69147912411328],[-71.32415482083204,-44.814110197111326],[-71.78705307522657,-44.10882607845898],[-71.86021133938672,-40.74824944882031],[-71.36279770413282,-39.028805173917966],[-70.84412857571485,-38.726524747892576],[-71.09505173245313,-36.805218137785154],[-69.84002396145704,-33.760845579191404],[-70.5048112539375,-31.68907205013867],[-69.85181900540235,-30.358631528898435],[-69.95096298733594,-29.35612527279492],[-68.82346054592969,-27.2670826092207],[-68.25426956692579,-26.97806779293652],[-68.39349838772657,-24.60378686337109],[-67.25753494778516,-24.082739271208006],[-67.1888932851875,-22.983517087980466],[-67.78257462063672,-22.904400266691404],[-68.6399659780586,-20.444900907560545],[-68.43294235745313,-19.45914689449902],[-69.43009659329297,-17.603817380949216],[-70.36356827298047,-18.45498315243359],[-70.11063095608594,-21.74793664364453],[-70.57323929348829,-23.16559449581738],[-70.3981446889961,-25.24891320614453],[-71.43014999905469,-29.100479520841795],[-71.69539352932813,-30.85409013180371],[-71.41605087796094,-32.752567686125],[-71.61574265042188,-33.70565453915234],[-73.6725358633125,-37.50085488705273],[-73.19384476223829,-39.56536904720898],[-73.90523239651563,-40.83904305843945],[-72.43805405178907,-42.30451623348828],[-72.99853226223829,-43.333660520597654],[-73.57108780423047,-46.26491204647656],[-74.31235214749219,-48.745132841154295],[-74.07494827786329,-50.47341576962109],[-73.40807053128125,-52.02383843807812],[-71.87228104153516,-53.69564858822461],[-70.73358627835157,-52.8015064373457],[-68.45589920559766,-52.420181669279295]]],[[[-68.74939438382032,-54.88858453182812],[-68.70525833645704,-53.23463097958203],[-68.70133682766797,-52.72009316830273],[-70.33333298245313,-53.47274438290234],[-68.74939438382032,-54.88858453182812]]]]},"properties":{"NAME":"Chile","SUBJECTO":"Chile","PARTOF":"Chile"}},
{"type":"Feature","geometry":{"type":"Polygon","coordinates":[[[25.000012430754882,-17.812199033781248],[20.949976954070312,-18.395450986906248],[20.91899589022754,-22.05772439388867],[19.886040720549804,-22.114612974210935],[19.842755350676757,-24.944109357877927],[20.402886423674804,-25.32870141415234],[20.773314509001953,-26.954279340788084],[22.17236617526172,-26.5583480968916],[22.938363108245117,-25.447546400114256],[25.37594703158496,-25.840387739225584],[25.864977869597656,-24.87105790524121],[28.215405497161132,-22.714622892423826],[29.233447107878906,-22.187313474699216],[27.970025095549804,-21.577911771818357],[27.617894205657226,-20.56899491695996],[26.35727027377246,-19.75616303829785],[25.345290217009765,-18.013626493498045],[25.000012430754882,-17.812199033781248]]]},"properties":{"NAME":"Botswana","SUBJECTO":"United Kingdom","PARTOF":"Botswana"}},
{"type":"Feature","geometry":{"type":"Polygon","coordinates":[[[-54.580407109650395,-25.74334565548535],[-54.21879288235547,-24.121467985197263],[-55.349171605500004,-23.778633512541013],[-55.62278458157422,-22.44621316341992],[-57.80576416531446,-22.153994001432615],[-57.75164124050977,-20.686239637418943],[-58.13773056546094,-19.811836637541013],[-59.05629059353711,-19.328064359708982],[-61.55079742947461,-19.641218580290037],[-62.139271703156254,-20.4641098156416],[-62.61002060452344,-22.156546033903318],[-61.24046036282422,-23.615909971281248],[-57.70992752591016,-25.33588258175488],[-58.27678772488477,-26.380760587736326],[-58.07206055203321,-27.192505277677732],[-55.73177811184766,-27.45212785153027],[-54.580407109650395,-25.74334565548535]]]},"properties":{"NAME":"Paraguay","SUBJECTO":"Paraguay","PARTOF":"Paraguay"}},
{"type":"Feature","geometry":{"type":"Polygon","coordinates":[[[19.842755350676757,-24.944109357877927],[19.865918192473632,-28.35200921444531],[19.128987345305664,-28.947578825041013],[16.334208521453125,-28.560795225187498],[18.178561243621093,-31.805298246427732],[18.487156900969726,-34.39771691708203],[20.256072077361328,-34.62289086727734],[22.681775126067382,-34.10311547665234],[24.429938349333984,-34.33470193295117],[26.658656153289062,-33.84707299618359],[28.92185309847949,-32.297909177824216],[30.391005549041015,-30.81392899899121],[31.56308082064746,-29.209801115080076],[32.234744104949215,-28.74441758541699],[32.849036249724605,-26.978884138151365],[32.16332152804492,-27.00941888241406],[31.331236872283203,-27.40850106625195],[30.81177810153125,-26.750124372526365],[32.013369593230465,-26.081808485075193],[31.911139521208984,-24.340023435636716],[31.27840522250293,-22.556906141325193],[29.233447107878906,-22.187313474699216],[28.215405497161132,-22.714622892423826],[25.864977869597656,-24.87105790524121],[25.37594703158496,-25.840387739225584],[22.938363108245117,-25.447546400114256],[22.17236617526172,-26.5583480968916],[20.773314509001953,-26.954279340788084],[20.402886423674804,-25.32870141415234],[19.842755350676757,-24.944109357877927]],[[27.84791854342578,-30.78634873776074],[27.07080558261035,-29.798696912809568],[28.61561110934375,-28.721451200529295],[29.436184916106445,-29.429012693449216],[27.84791854342578,-30.78634873776074]]]},"properties":{"NAME":"South Africa","SUBJECTO":"South Africa","PARTOF":"South Africa"}},
{"type":"Feature","geometry":{"type":"Polygon","coordinates":[[[32.013369593230465,-26.081808485075193],[30.81177810153125,-26.750124372526365],[31.331236872283203,-27.40850106625195],[32.16332152804492,-27.00941888241406],[32.013369593230465,-26.081808485075193]]]},"properties":{"NAME":"Swaziland","SUBJECTO":"United Kingdom","PARTOF":"Swaziland"}},
{"type":"Feature","geometry":{"type":"Polygon","coordinates":[[[27.84791854342578,-30.78634873776074],[29.436184916106445,-29.429012693449216],[28.61561110934375,-28.721451200529295],[27.07080558261035,-29.798696912809568],[27.84791854342578,-30.78634873776074]]]},"properties":{"NAME":"Lesotho","SUBJECTO":"United Kingdom","PARTOF":"Lesotho"}},
{"type":"Feature","geometry":{"type":"MultiPolygon","coordinates":[[[[175.3076887460625,-37.32097665218945],[174.2168684335625,-35.33676568417187],[173.16649917086718,-35.420879758878904],[174.76465896090625,-37.29654351620312],[174.6547346445,-38.983257688566404],[173.80480483492968,-39.41970483212109],[175.3535871835625,-40.29998055843945],[176.01143935641406,-41.25534478573437],[178.40819838961718,-38.77115289120312],[175.3076887460625,-37.32097665218945]]],[[[172.06266311129687,-43.92314187435742],[174.2335462900078,-42.0112346783125],[173.26403335055468,-41.54367486385937],[171.45835402926562,-41.99285165218945],[171.02405837496875,-42.886883176847654],[168.41573623141406,-44.220909513517576],[167.13749221285937,-45.19984856991406],[166.52276137789843,-46.232723630949216],[169.39930251559375,-46.70957223324414],[170.61156753024218,-45.946060575529295],[171.37786391696093,-44.337749876066404],[172.06266311129687,-43.92314187435742]]]]},"properties":{"NAME":"New Zealand","SUBJECTO":"New Zealand","PARTOF":"New Zealand"}},
{"type":"Feature","geometry":{"type":"MultiPolygon","coordinates":[[[[-68.45589920559766,-52.420181669279295],[-69.04092117825391,-50.562401212736326],[-67.83347031155469,-49.96821252255078],[-67.57759567776563,-49.05853310970898],[-66.07773300686719,-48.142071165128904],[-65.77598282376172,-47.23012200741406],[-67.32806870022657,-46.53161660580273],[-66.69494339505079,-45.13110391049023],[-65.43618485012891,-44.88974038509961],[-65.30717178860547,-43.601402677580076],[-63.599965062531254,-42.70437280087109],[-64.99203201809766,-42.19338647274609],[-64.93894669094922,-40.827476896330076],[-62.96398254910352,-41.13745919613476],[-62.06776520291211,-39.555775083585935],[-61.360714879425785,-39.031299985929685],[-57.80888458767774,-38.386490263029295],[-56.69811340847852,-36.944073118253904],[-57.22550674954297,-35.43626443295117],[-58.33968063870313,-34.21614495663281],[-58.11836716214063,-32.13938943295117],[-57.57566925564649,-30.40291825680371],[-54.754723515900395,-27.69419900326367],[-53.73108002224805,-27.218325056120115],[-53.61647507229688,-26.27130738644238],[-54.580407109650395,-25.74334565548535],[-55.73177811184766,-27.45212785153027],[-58.07206055203321,-27.192505277677732],[-58.27678772488477,-26.380760587736326],[-57.70992752591016,-25.33588258175488],[-61.24046036282422,-23.615909971281248],[-62.61002060452344,-22.156546033903318],[-64.75560471096875,-22.162689603849607],[-66.14585587063672,-21.923063673063474],[-67.1888932851875,-22.983517087980466],[-67.25753494778516,-24.082739271208006],[-68.39349838772657,-24.60378686337109],[-68.25426956692579,-26.97806779293652],[-68.82346054592969,-27.2670826092207],[-69.95096298733594,-29.35612527279492],[-69.85181900540235,-30.358631528898435],[-70.5048112539375,-31.68907205013867],[-69.84002396145704,-33.760845579191404],[-71.09505173245313,-36.805218137785154],[-70.84412857571485,-38.726524747892576],[-71.36279770413282,-39.028805173917966],[-71.86021133938672,-40.74824944882031],[-71.78705307522657,-44.10882607845898],[-71.32415482083204,-44.814110197111326],[-71.69322678128125,-46.69147912411328],[-72.38230606594922,-47.57801095394726],[-72.45835587063672,-48.854298032804685],[-73.51265427151563,-49.76077691464062],[-72.2487077383125,-50.80414239315625],[-71.79449936428907,-52.08840600399609],[-68.45589920559766,-52.420181669279295]]],[[[-68.70525833645704,-53.23463097958203],[-68.74939438382032,-54.88858453182812],[-66.98282333889844,-54.34066430477734],[-68.70525833645704,-53.23463097958203]]]]},"properties":{"NAME":"Argentina","SUBJECTO":"Argentina","PARTOF":"Argentina"}},
{"type":"Feature","geometry":{"type":"Polygon","coordinates":[[[-24.218850102814454,65.53374060244923],[-21.95479675808789,65.37804754825001],[-22.372910466583985,63.77318533511524],[-18.641863789948243,63.32381781192188],[-14.821200337799805,64.19502600283985],[-13.646900144013184,65.49534185977345],[-16.92214104214551,65.97755011172657],[-24.218850102814454,65.53374060244923]]]},"properties":{"NAME":"Iceland","SUBJECTO":"Iceland","PARTOF":"Iceland"}},
{"type":"Feature","geometry":{"type":"Polygon","coordinates":[[[-6.206393208893555,53.95674856753711],[-7.427515473755616,55.06380423159961],[-8.590084996613282,54.20284994693164],[-9.890640225800293,52.19443091006641],[-9.819109883698243,51.434554658845705],[-6.405971017273682,52.21443899722461],[-6.206393208893555,53.95674856753711]]]},"properties":{"NAME":"Ireland","SUBJECTO":"Ireland","PARTOF":"Ireland"}},
{"type":"Feature","geometry":{"type":"Polygon","coordinates":[[[119.71468408221509,46.71754876780269],[118.77115920504687,47.86196478457813],[115.5963621469414,48.10479696841602],[116.75977614840625,49.92989309878711],[114.098338160125,50.27434881778125],[112.52449325045703,49.462020479158205],[109.42404464205859,49.2955394610918],[106.322947535125,50.416690431550784],[103.68075850924609,50.16643484683399],[102.11743453463671,51.36111029239063],[98.91755965670703,52.03695639224414],[97.93963149508593,51.2269359454668],[98.23633101901171,50.24239691348438],[97.42278579196093,49.78633841128711],[94.69996932467578,50.026797853425784],[94.21045974215625,50.54928549380664],[92.15972426852343,50.755286775544924],[90,50.30670126529102],[89.796336207,49.816444002107424],[87.86840346774218,49.232886873201174],[88.22992232760546,48.53742178531055],[90,47.844684205964846],[90,45.328494630769534],[93.50710586032031,44.942916475251955],[95.24398330172656,44.27702673526172],[96.33866025508883,42.78884234223151],[98.21802047213671,42.59848364444141],[101.7360105844414,42.54075964541797],[105.02496627291796,41.58523520083789],[107.35880568942187,42.41124304385547],[109.37953475436328,42.43508490176563],[111.94530013522265,43.86007269473438],[112.10167983492968,45.14022406192188],[113.76871016940234,44.86583288760547],[115.62134841403125,45.49479254336719],[116.47667220553515,46.30715521426563],[119.71468408221509,46.71754876780269]]]},"properties":{"NAME":"Mongolia","SUBJECTO":"Mongolia","PARTOF":"Mongolia"}},
{"type":"Feature","geometry":{"type":"Polygon","coordinates":[[[2.522131952849609,51.09112127871875],[2.875059876052124,50.68182333560352],[5.823500189391357,49.50710638614063],[6.108513388243896,50.11745413394336],[5.999575647917968,50.74159964175586],[5.112526926604492,51.40545233340625],[3.775046858397705,51.38774450869922],[2.522131952849609,51.09112127871875]]]},"properties":{"NAME":"Belgium","SUBJECTO":"Belgium","PARTOF":"Belgium"}},
{"type":"Feature","geometry":{"type":"Polygon","coordinates":[[[16.25957396945117,46.888804994539065],[17.794407877532226,45.806651674226565],[20.31473449191211,46.131507478669924],[21.339722666350585,46.525245271638674],[23.02892783602832,48.012225709871096],[22.09947112521289,48.40459021182422],[20.579073938933593,48.5595775470293],[18.828471216765625,47.87797125430469],[17.331217798796875,47.99467810244922],[16.25957396945117,46.888804994539065]]]},"properties":{"NAME":"Hungary","SUBJECTO":"Hungary","PARTOF":"Hungary"}},
{"type":"Feature","geometry":{"type":"Polygon","coordinates":[[[20.31473449191211,46.131507478669924],[21.367487940398437,44.80874975772266],[22.69400123080371,44.26309164615039],[25.549092325774414,43.80730398745899],[26.684382471648437,44.25255163760547],[28.510106119719726,43.74307592959766],[29.615916285125,45.41020544619922],[28.189839396086914,45.46402319522266],[28.078686747161132,47.030536256746096],[26.995348963347656,48.18953665347461],[25.237456354705078,47.92094000430469],[23.02892783602832,48.012225709871096],[21.339722666350585,46.525245271638674],[20.31473449191211,46.131507478669924]]]},"properties":{"NAME":"Romania","SUBJECTO":"Romania","PARTOF":"Romania"}},
{"type":"Feature","geometry":{"type":"Polygon","coordinates":[[[22.69400123080371,44.26309164615039],[22.91516402682422,43.176402650789065],[22.326350245085937,42.292674623445315],[22.920243296233398,41.230689607576174],[24.418063196746093,41.47619589419727],[25.359320673552734,41.15435751529102],[26.349875483123046,41.6407543048418],[27.91795257052539,41.977672182039065],[27.50195029696582,42.51634558291797],[28.510106119719726,43.74307592959766],[26.684382471648437,44.25255163760547],[25.549092325774414,43.80730398745899],[22.69400123080371,44.26309164615039]]]},"properties":{"NAME":"Bulgaria","SUBJECTO":"Bulgaria","PARTOF":"Bulgaria"}},
{"type":"Feature","geometry":{"type":"Polygon","coordinates":[[[96.33866025508883,42.78884234223151],[95.24398330172656,44.27702673526172],[93.50710586032031,44.942916475251955],[90,45.328494630769534],[90,47.844684205964846],[88.22992232760546,48.53742178531055],[87.86840346774218,49.232886873201174],[85.60924819430468,48.1003375873125],[85.47764876803515,47.092662416414065],[83.25171187838671,47.29487570376758],[82.4398908945,45.735477052644534],[80.23662856539843,45.12263449283008],[80.77205947360156,43.382457338289065],[80.10927871188281,41.99955328555469],[78.40125564059375,41.22801550479297],[77.12774184664843,41.12502249331836],[76.481638941375,40.43697317691211],[75.42999556979296,40.6102367267168],[73.8270750375664,39.78373297305469],[74.57975295504687,38.59007986636524],[74.73327163180468,37.20940359683399],[74.52053359469531,37.004581056550784],[75.62776473483203,36.76897390933399],[75.88974288424609,36.023238740876955],[77.84622481783984,35.24300345034961],[78.80669692477343,34.19973715396289],[79.83720520687247,34.50647205116811],[80.4470681468025,35.424481512339725],[81.69217848547466,35.257227884756894],[82.58687285875473,35.749077741967945],[84.09831478307095,35.355551851087746],[86.24796657894365,36.158577147950666],[88.52206235539614,36.50017951780404],[89.56634295279785,36.05746181310546],[91.25271337618855,36.11672049090093],[91.34826565598944,37.088337324540916],[90.1060860185781,38.4728141468336],[92.39934073379902,38.994567356782895],[93.00450517253789,40.585255611586604],[94.15113253014836,41.402607955643425],[96.09402888609944,41.997127116158495],[96.33866025508883,42.78884234223151]]]},"properties":{"NAME":"Xinjiang","SUBJECTO":"Xinjiang","PARTOF":"Xinjiang"}},
{"type":"Feature","geometry":{"type":"Polygon","coordinates":[[[20.122382196990234,39.551009736970705],[21.031638178435546,40.726790986970705],[20.574980768767578,41.92991217227344],[19.36771300753711,41.84637030215625],[19.369067225066406,40.26028021426563],[20.122382196990234,39.551009736970705]]]},"properties":{"NAME":"Albania","SUBJECTO":"Albania","PARTOF":"Albania"}},
{"type":"Feature","geometry":{"type":"Polygon","coordinates":[[[-7.491503682526368,37.20815619082813],[-6.933383431824463,38.961349092439455],[-6.708704438599366,41.96004446597461],[-8.806055035980958,41.889178834871096],[-8.694069829376954,40.992171846345705],[-9.549007382782715,38.77451666446094],[-8.853651967438477,38.4996410235918],[-8.667059865387696,37.12144049258594],[-7.491503682526368,37.20815619082813]]]},"properties":{"NAME":"Portugal","SUBJECTO":"Portugal","PARTOF":"Portugal"}},
{"type":"Feature","geometry":{"type":"MultiPolygon","coordinates":[[[[44.79458907565234,37.13180502505664],[44.20520690402148,37.8674274310625],[44.08210662325976,39.29454763980274],[44.669585260955074,39.75698813052539],[42.87842467745898,41.54550512881641],[41.48396209200976,41.436542116121096],[40.36101439913867,40.963443361238284],[38.6511831613457,40.92156942935352],[36.38289550265429,41.23751791568164],[35.957793268767574,41.685645662263674],[33.55554107150195,41.982501588777346],[30.744805368987304,41.04032476992969],[26.127575907317382,39.878558717683596],[26.70794394930957,39.18212851138477],[27.160407099333984,37.36008032412891],[30.472832712737304,36.18825491519336],[31.37069037875293,36.712344728425784],[33.171336207,35.97088202090625],[34.48512938937304,36.626781068757815],[35.829051050749996,35.884784303621096],[38.235354456511715,36.821395479158205],[39.17472747286914,36.552833162263674],[42.53002837618945,37.201984010652346],[44.79458907565234,37.13180502505664]]],[[[27.91795257052539,41.977672182039065],[26.349875483123046,41.6407543048418],[26.020724329558593,40.669322572664065],[28.827807459441406,40.91469915957813],[27.91795257052539,41.977672182039065]]]]},"properties":{"NAME":"Turkey","SUBJECTO":"Turkey","PARTOF":"Turkey"}},
{"type":"Feature","geometry":{"type":"Polygon","coordinates":[[[20.122382196990234,39.551009736970705],[21.22843078097461,37.90490683169727],[22.638745340911132,37.492286287263674],[23.555766138640625,38.351764284089846],[23.16949180087207,38.66704138369922],[22.60231307467578,38.856238923982424],[22.871062311736328,39.02434881778125],[22.720257792083007,39.287269197419924],[22.60226539095996,40.39723929019336],[25.04631713351367,40.952273927644534],[26.020724329558593,40.669322572664065],[26.349875483123046,41.6407543048418],[25.359320673552734,41.15435751529102],[24.418063196746093,41.47619589419727],[22.920243296233398,41.230689607576174],[21.031638178435546,40.726790986970705],[20.122382196990234,39.551009736970705]]]},"properties":{"NAME":"Greece","SUBJECTO":"Greece","PARTOF":"Greece"}},
{"type":"Feature","geometry":{"type":"Polygon","coordinates":[[[44.79458907565234,37.13180502505664],[46.18439391574023,35.05844458194141],[45.50621322116015,33.797252260164065],[47.793040308562496,31.797170244172854],[47.68874648532031,30.882104478791994],[48.5536489816582,29.99462278933887],[50.1323728891289,30.06642874331836],[51.350134882537105,28.0361343249834],[52.89083388766406,27.052323900178713],[54.6460562082207,26.39131888003711],[55.89973357638476,27.10480459781055],[56.79043105563281,26.97391279788379],[57.254771265593746,25.793286882356448],[59.03145888766406,25.307866655305666],[61.56996444186328,25.03957136721973],[61.94130996188281,26.15635260196094],[63.240542444792965,26.665551744416994],[62.67098144015429,28.205365739778323],[61.65926650485156,28.656762681916994],[60.82045653781054,29.833345018342776],[61.77916625460742,30.9051528796709],[60.79381469210742,31.578881822541994],[60.54009536227343,32.993175111726565],[61.221343073455074,35.581615053132815],[59.240481409636715,37.44784124942188],[57.225466761199215,38.18818625064258],[55.35565856417773,38.03765066714649],[54.015112909880855,37.34832724185352],[53.79965499362109,36.67903860659961],[51.79552367648242,36.432349763826174],[50.56095412692187,36.68642767520313],[48.837229761687496,37.51097448916797],[48.824954065886715,38.3095775470293],[47.99317077120898,38.85046347232227],[45.749243769255855,38.87657888980274],[44.669585260955074,39.75698813052539],[44.08210662325976,39.29454763980274],[44.20520690402148,37.8674274310625],[44.79458907565234,37.13180502505664]]]},"properties":{"NAME":"Iran","SUBJECTO":"Iran","PARTOF":"Iran"}},
{"type":"Feature","geometry":{"type":"Polygon","coordinates":[[[61.221343073455074,35.581615053132815],[60.54009536227343,32.993175111726565],[60.79381469210742,31.578881822541994],[61.77916625460742,30.9051528796709],[60.82045653781054,29.833345018342776],[62.36863997897265,29.384700380281252],[64.08925918063281,29.3945327624834],[66.09057143649218,29.736140809968752],[66.46658614596484,30.842952333406252],[68.24271682223437,31.76717909427051],[69.20640853366015,31.798038087800784],[69.50792220553515,32.94862326236133],[70.28924087008593,33.28308065982227],[71.65887740573046,35.12511023135547],[71.32484725436328,36.05156668277149],[72.37272170504687,36.717723451570315],[74.08755019625781,36.80492361636524],[74.52053359469531,37.004581056550784],[74.73327163180468,37.20940359683399],[73.04716018160937,37.32828863711719],[71.84756759127734,36.7160716876543],[71.44410994967578,37.83401449771289],[67.8555403085625,36.85289343448047],[65.72472670992968,37.490279756501955],[64.540720972625,36.338092409089846],[62.67759231051562,35.265460573152346],[61.221343073455074,35.581615053132815]]]},"properties":{"NAME":"Afghanistan","SUBJECTO":"Afghanistan","PARTOF":"Afghanistan"}},
{"type":"Feature","geometry":{"type":"Polygon","coordinates":[[[38.753577265349605,33.2066608295],[39.32646850070117,32.13654287906055],[43.53986266574023,30.2932144031084],[43.62164977511523,29.46798475833301],[44.68786147555468,29.029479585603518],[46.509158167449215,28.97005232425098],[47.10673049410937,29.811826311067385],[47.91136077365039,29.89029272647266],[48.5536489816582,29.99462278933887],[47.68874648532031,30.882104478791994],[47.793040308562496,31.797170244172854],[45.50621322116015,33.797252260164065],[46.18439391574023,35.05844458194141],[44.79458907565234,37.13180502505664],[42.53002837618945,37.201984010652346],[41.2930288644707,36.19542654605274],[41.1190672250664,34.426646791414065],[38.753577265349605,33.2066608295]]]},"properties":{"NAME":"Iraq","SUBJECTO":"Iraq","PARTOF":"Iraq"}},
{"type":"Feature","geometry":{"type":"Polygon","coordinates":[[[35.70218184908984,32.719405733064455],[36.836550745574215,32.18593939395313],[38.753577265349605,33.2066608295],[41.1190672250664,34.426646791414065],[41.2930288644707,36.19542654605274],[42.53002837618945,37.201984010652346],[39.17472747286914,36.552833162263674],[38.235354456511715,36.821395479158205],[35.829051050749996,35.884784303621096],[35.85191634616015,34.49294622989063],[36.502146753874996,34.048045717195315],[35.50439361056445,33.10851248355274],[35.70218184908984,32.719405733064455]]]},"properties":{"NAME":"Syria","SUBJECTO":"Syria","PARTOF":"Syria"}},
{"type":"Feature","geometry":{"type":"Polygon","coordinates":[[[11.47068694552539,33.14409216494922],[10.01948073825,34.08147390933399],[11.12510875186084,35.2406078204668],[10.132734331694824,37.104747377351565],[8.636709246245605,36.885257326082034],[8.272001299468261,36.322791658357424],[8.217679056731445,34.58479269595508],[7.581201586333496,34.04101523013477],[7.817420992461425,33.06362494082813],[9.006476435271484,31.90734251590137],[9.57486060580371,30.20736464114551],[10.132420572844726,31.48158224673633],[11.416425737944824,32.32773932071094],[11.47068694552539,33.14409216494922]]]},"properties":{"NAME":"Tunisia","SUBJECTO":"France","PARTOF":"Tunisia"}},
{"type":"Feature","geometry":{"type":"Polygon","coordinates":[[[-8.629150357636231,27.172677598909182],[-4.865763631256836,24.99489554019336],[-1.651156630905884,22.845944963411135],[1.087368759719116,21.132964693025393],[1.839478764144165,20.16483648867969],[4.203835520354492,19.136262498811526],[5.775469336119873,19.44418676944141],[7.538447889891845,20.91636236758594],[11.959014925566894,23.471690736726565],[11.447878870574218,24.256801210359377],[10.31472876986621,24.466327272371096],[9.37672999819873,26.03706892581348],[9.857375177947265,26.433888994172854],[9.606980010374219,29.540790889051014],[9.57486060580371,30.20736464114551],[9.006476435271484,31.90734251590137],[7.817420992461425,33.06362494082813],[7.581201586333496,34.04101523013477],[8.217679056731445,34.58479269595508],[8.272001299468261,36.322791658357424],[8.636709246245605,36.885257326082034],[5.144465002623779,36.66767843814258],[1.057602915374023,36.461856447175784],[-2.192973938378113,35.05424841494922],[-1.234288897904175,31.989039979890627],[-2.817108598145264,31.992766939119143],[-3.729404654892701,30.89420088382129],[-5.602978196533936,29.872754655793948],[-7.170479741486329,29.476010881379885],[-8.593210187348145,28.641410432771487],[-8.641209569367188,27.566762529329104],[-8.629150357636231,27.172677598909182]]]},"properties":{"NAME":"Algeria","SUBJECTO":"France","PARTOF":"Algeria"}},
{"type":"Feature","geometry":{"type":"Polygon","coordinates":[[[-2.192973938378113,35.05424841494922],[-4.592977490814942,35.151187501863284],[-5.928758588227051,35.72785910220508],[-7.004007783325928,33.874984346345705],[-9.218686070832032,32.580360017732424],[-9.813266721161622,31.289060197786135],[-9.662592854889649,29.954816423372073],[-11.57645889798047,28.228616319612307],[-13.123640027436036,27.546344362214846],[-8.641209569367188,27.566762529329104],[-8.593210187348145,28.641410432771487],[-7.170479741486329,29.476010881379885],[-5.602978196533936,29.872754655793948],[-3.729404654892701,30.89420088382129],[-2.817108598145264,31.992766939119143],[-1.234288897904175,31.989039979890627],[-2.192973938378113,35.05424841494922]]]},"properties":{"NAME":"Morocco","SUBJECTO":"France","PARTOF":"Morocco"}},
{"type":"Feature","geometry":{"type":"Polygon","coordinates":[[[35.85191634616015,34.49294622989063],[34.97200683077929,32.93840750308399],[35.50439361056445,33.10851248355274],[36.502146753874996,34.048045717195315],[35.85191634616015,34.49294622989063]]]},"properties":{"NAME":"Lebanon","SUBJECTO":"Lebanon","PARTOF":"Lebanon"}},
{"type":"Feature","geometry":{"type":"Polygon","coordinates":[[[-97.2599610952461,25.811372362092776],[-99.09998795071485,26.40879400821094],[-99.60426804104688,27.46897467227344],[-101.03329178372266,29.32622679324512],[-102.44769760647657,29.687442384675784],[-103.5860108999336,29.05687864871387],[-104.57434555569532,29.579730592683596],[-105.12630936184766,30.614627443269534],[-106.54451462307813,31.702058397249026],[-108.37103745022657,31.277612291291994],[-111.08886429348829,31.306699357942385],[-114.62180801907422,32.42695578189258],[-117.17368027249219,32.520553194001955],[-115.60230728665235,29.685151658967776],[-114.06728836575391,28.42289312930469],[-114.4778566030586,27.243947587922854],[-112.41098495999219,26.19277151675586],[-112.16581436673047,25.01066740603809],[-110.79756638089063,24.880048356965823],[-112.86987015286329,28.334659181550784],[-114.68277451077344,30.14322432132129],[-114.83865067044141,31.815496049836916],[-113.0520753530586,31.13870009036426],[-112.65433212796094,29.91851194949512],[-111.69163223782422,28.496102891877932],[-109.13188644925,26.288686357454104],[-105.53994461575391,22.284598909333987],[-104.94791122952344,19.43783911319141],[-103.49393936673047,18.353892885164065],[-101.9926042226875,18.02653082461719],[-101.2207765249336,17.41792257876758],[-97.88092514553907,16.052028261140627],[-96.3329362539375,15.750238977388186],[-95.13016983548047,16.299468599275393],[-94.0753907827461,16.11115988345508],[-92.15540024319532,14.542796693757815],[-91.75949570217969,16.097781740144534],[-90,16.097781740144534],[-90,16.816388688997073],[-91.0760011343086,16.92049940677051],[-91.00987717190625,17.836225114778323],[-89.15433975735547,17.831187807039065],[-88.32046219387891,18.49439962954883],[-87.20057388821485,21.528873048738284],[-88.33372208157422,21.59004171939258],[-90,21.160729967073244],[-90,19.38150557132129],[-91.70248123684766,18.823484025911135],[-94.24197098294141,18.240150056794924],[-96.01226517239454,18.929256044343752],[-97.50419327298047,21.189153276399416],[-97.88202377835157,22.33262213321094],[-97.82254501858594,24.20810469241504],[-97.2599610952461,25.811372362092776]]]},"properties":{"NAME":"Mexico","SUBJECTO":"Mexico","PARTOF":"Mexico"}},
{"type":"Feature","geometry":{"type":"Polygon","coordinates":[[[47.91136077365039,29.89029272647266],[47.10673049410937,29.811826311067385],[46.509158167449215,28.97005232425098],[48.44353393038867,28.44023474307422],[47.91136077365039,29.89029272647266]]]},"properties":{"NAME":"Kuwait","SUBJECTO":"Kuwait","PARTOF":"Kuwait"}},
{"type":"Feature","geometry":{"type":"Polygon","coordinates":[[[97.34041884860156,28.18211515994434],[97.01381972750781,27.583655916169924],[95.18182662448046,26.557555757478518],[94.18484786471484,23.93619879336719],[93.36920455416796,23.950511537507815],[93.12766555270312,22.202924333528323],[92.50995162448046,22.110425554231448],[92.12366774996875,20.996430955842776],[94.05371383151171,19.061149202302737],[94.46485427340625,17.26426275821094],[94.1433592172539,16.21537932010059],[95.32981399020312,15.677930437043948],[96.46924880465625,16.512576662019534],[97.57322219332812,16.4450698718584],[97.82298568209765,14.61600836367969],[98.48591903170703,13.111775957063479],[98.73837569674609,11.435081087068362],[98.59324172457812,10.120483003572268],[99.58108809908984,11.888709627107424],[99.00300887545703,13.886227212861819],[98.1370344491875,15.189550958589358],[98.82361129244921,16.317746721223635],[97.78759292086718,17.575469575837893],[97.78882125338671,19.39800413699512],[100.00115493258593,20.458650194124026],[101.0139875741875,21.442420564607424],[100.32079604586718,21.463782869294924],[99.15594008883593,22.307843767122073],[98.76916030367968,24.08975752444629],[97.52405074557421,24.799996934846682],[98.73374465426562,26.34318121524219],[98.63722518405078,27.478742204622073],[98.00866225680468,28.090755067781252],[97.34041884860156,28.18211515994434]]]},"properties":{"NAME":"Burma","SUBJECTO":"Burma","PARTOF":"Burma"}},
{"type":"Feature","geometry":{"type":"Polygon","coordinates":[[[92.12366774996875,20.996430955842776],[92.50995162448046,22.110425554231448],[92.1385984750664,25.09897383304004],[88.87958053073046,25.245194993928713],[88.67818740328906,23.44705542178516],[89.07225326022265,21.77433928103809],[90,22.560958467439455],[91.41017440280078,22.720834337190432],[92.12366774996875,20.996430955842776]]]},"properties":{"NAME":"Bangladesh","SUBJECTO":"Bangladesh","PARTOF":"Bangladesh"}},
{"type":"Feature","geometry":{"type":"Polygon","coordinates":[[[102.0738020273125,6.154240690187258],[100.61492446383593,6.97892864795093],[100.131541285125,8.53205069156055],[99.07134536227343,9.898278795198244],[99.89526656588671,12.079245172456545],[100.8716307016289,12.67854269595508],[101.91858199557421,12.585492692903323],[102.67077926119921,12.03772410006885],[102.33450606783984,13.232584558442873],[103.08302596530078,14.291369996980471],[105.05652907809375,14.239496789888186],[105.47315505465625,15.15017469973926],[103.9275617929375,18.278237901643557],[102.66148665866015,17.84536512942676],[101.86464980563281,18.107404313997073],[100.5004148813164,19.43925627322559],[100.00115493258593,20.458650194124026],[97.78882125338671,19.39800413699512],[97.78759292086718,17.575469575837893],[98.82361129244921,16.317746721223635],[98.1370344491875,15.189550958589358],[99.00300887545703,13.886227212861819],[99.58108809908984,11.888709627107424],[98.59324172457812,10.120483003572268],[98.1771726938164,8.600222192720217],[99.02450850924609,7.871374689058108],[100.1587400766289,6.340098463014407],[101.76259902438281,5.586182676271243],[102.0738020273125,6.154240690187258]]]},"properties":{"NAME":"Thailand","SUBJECTO":"Thailand","PARTOF":"Thailand"}},
{"type":"Feature","geometry":{"type":"Polygon","coordinates":[[[-88.32046219387891,18.49439962954883],[-89.15433975735547,17.831187807039065],[-88.94077774563672,15.904618822053713],[-88.44453903714063,16.44117697329883],[-88.32046219387891,18.49439962954883]]]},"properties":{"NAME":"Belize","SUBJECTO":"Belize","PARTOF":"Belize"}},
{"type":"Feature","geometry":{"type":"Polygon","coordinates":[[[-90,13.872862420991702],[-89.3803224233711,14.466648660615725],[-88.27393051663282,15.747230134919924],[-88.94077774563672,15.904618822053713],[-89.15433975735547,17.831187807039065],[-91.00987717190625,17.836225114778323],[-91.0760011343086,16.92049940677051],[-90,16.816388688997073],[-90,16.097781740144534],[-91.75949570217969,16.097781740144534],[-92.15540024319532,14.542796693757815],[-91.24203201809766,13.951556764558596],[-90,13.872862420991702]]]},"properties":{"NAME":"Guatemala","SUBJECTO":"Guatemala","PARTOF":"Guatemala"}},
{"type":"Feature","geometry":{"type":"Polygon","coordinates":[[[-88.27393051663282,15.747230134919924],[-89.3803224233711,14.466648660615725],[-87.7705812124336,13.500850282625002],[-87.40427109280469,13.029873453096194],[-86.68932816067579,13.768247209504885],[-85.73531052151563,13.856570802644534],[-84.83382126370313,14.771436296418948],[-83.41719528714063,15.00085886569385],[-84.65045639553907,15.933375917390627],[-88.27393051663282,15.747230134919924]]]},"properties":{"NAME":"Honduras","SUBJECTO":"Honduras","PARTOF":"Honduras"}},
{"type":"Feature","geometry":{"type":"Polygon","coordinates":[[[-87.7705812124336,13.500850282625002],[-89.3803224233711,14.466648660615725],[-90,13.872862420991702],[-88.63806625882032,13.25522955508594],[-87.7705812124336,13.500850282625002]]]},"properties":{"NAME":"El Salvador","SUBJECTO":"El Salvador","PARTOF":"El Salvador"}},
{"type":"Feature","geometry":{"type":"Polygon","coordinates":[[[-71.18874832669141,11.911603532747073],[-71.69791122952344,12.428066812471194],[-73.36232468167188,11.324960313752932],[-74.2189225820625,11.367601953462405],[-75.45044418850782,10.627693735078616],[-75.70266434231641,9.425959192231936],[-76.76352402249219,8.692807756379885],[-77.4947023061836,8.661484323457522],[-77.12526413479688,7.980431161836428],[-77.89673325100782,7.171753011659426],[-77.40016647854688,6.670446001008791],[-77.50037857571485,5.513577543214602],[-77.10599991360547,3.792188964799685],[-77.80209824124219,2.576873622850222],[-78.46819778958204,2.467397294954104],[-78.94347855130079,1.380803190187258],[-76.85013290921094,0.137908183053774],[-75.5255632070625,-0.140241451545911],[-74.4741716055,-0.572576738878446],[-72.95909592190625,-2.451265253111082],[-70.92306992092969,-2.318394340559202],[-70.0522966055,-2.821661867185789],[-70.58789536038282,-3.790871776624876],[-69.87801071682813,-4.187031663938718],[-69.32078262844922,-1.298272766157346],[-69.9838380483711,-0.266162358208852],[-69.73657700100782,1.655012093499941],[-68.18302628079297,1.607047520593447],[-67.17973038235547,2.070724092439455],[-67.22301956692579,3.335538230851931],[-67.81290909329297,4.304731450990481],[-67.76554581204297,6.24412115664844],[-69.3031739858711,6.006098829225344],[-70.54106613675,7.054156385377688],[-71.81207748928907,6.970307432130618],[-73.01743790188672,9.735362611726565],[-72.05103012600782,11.721805177644534],[-71.18874832669141,11.911603532747073]]]},"properties":{"NAME":"Colombia","SUBJECTO":"Colombia","PARTOF":"Colombia"}},
{"type":"Feature","geometry":{"type":"Polygon","coordinates":[[[3.609702620116455,11.721436105684084],[2.320128950682861,12.17146261783008],[2.272173437682373,11.662670694307131],[0.925124201384765,10.89829596133594],[1.586962136832458,9.084294877961916],[1.761008772460205,6.25322588534717],[2.766808065978271,6.348114095643801],[2.764204535094482,8.862454019502444],[3.830611738768798,10.705737672761721],[3.609702620116455,11.721436105684084]]]},"properties":{"NAME":"Benin","SUBJECTO":"Benin","PARTOF":"Benin"}},
{"type":"Feature","geometry":{"type":"Polygon","coordinates":[[[-2.84040662327649,9.572915636018557],[-2.524905887039917,8.278059564546389],[-3.193603482636231,6.602344594911379],[-2.749738898667115,5.095558248475832],[-2.031221595200318,4.698200784639162],[1.165727171508056,6.066323839143557],[0.535911891070587,6.815189443544192],[0.719426903334838,8.329100213960452],[-0.026125278862732,10.568486772493166],[0.064007225838882,11.06482370944385],[-2.702452149781006,10.927663408235354],[-2.84040662327649,9.572915636018557]]]},"properties":{"NAME":"Gold Coast","SUBJECTO":"United Kingdom","PARTOF":"Gold Coast"}},
{"type":"Feature","geometry":{"type":"Polygon","coordinates":[[[0.064007225838882,11.06482370944385],[-0.026125278862732,10.568486772493166],[0.719426903334838,8.329100213960452],[0.535911891070587,6.815189443544192],[1.165727171508056,6.066323839143557],[1.761008772460205,6.25322588534717],[1.586962136832458,9.084294877961916],[0.925124201384765,10.89829596133594],[0.064007225838882,11.06482370944385]]]},"properties":{"NAME":"Togo","SUBJECTO":"Togo","PARTOF":"Togo"}},
{"type":"Feature","geometry":{"type":"Polygon","coordinates":[[[-7.562493291291016,4.351184450105471],[-4.999971356781739,5.238270841554446],[-2.749738898667115,5.095558248475832],[-3.193603482636231,6.602344594911379],[-2.524905887039917,8.278059564546389],[-2.84040662327649,9.572915636018557],[-4.39932152310254,9.570026956514162],[-5.563794103058594,10.357699953035159],[-6.476800885590333,10.581123910859866],[-7.90747353115918,10.121322236970705],[-8.196898427399415,9.661934457734866],[-7.473532643708008,8.452107034639162],[-8.303831067475098,7.43648537249927],[-8.52998444119336,6.526147447541994],[-7.418688741120118,5.731824003175539],[-7.562493291291016,4.351184450105471]]]},"properties":{"NAME":"Ivory Coast","SUBJECTO":"France","PARTOF":"Ivory Coast"}},
{"type":"Feature","geometry":{"type":"MultiPolygon","coordinates":[[[[102.0738020273125,6.154240690187258],[101.76259902438281,5.586182676271243],[100.1587400766289,6.340098463014407],[100.66430953463671,3.903745017961306],[101.33639815768359,2.780523143724245],[103.42773726901171,1.380763731912417],[104.17563918551562,1.388738475755495],[103.30775741061328,3.026256643251223],[103.34182265719531,4.805444799379153],[102.0738020273125,6.154240690187258]]],[[[109.5175047250664,1.820520602182192],[110.54860213717578,0.726002536729617],[111.56202224215625,0.763813756421847],[112.39998153170703,1.429807148889346],[113.67678359469531,1.145051680520815],[114.65887740573046,1.595793567613406],[115.53003982028125,3.170721374467654],[115.70677474459765,4.156728349641604],[117.55868819674609,3.980721078828616],[119.04260543307421,5.169805131868166],[116.5956297250664,6.899092756227297],[114.96151259860156,4.876515947297854],[115.16134170016406,4.309385381654543],[114.43372634371875,3.998343549684328],[114.07372573336718,4.455024801210207],[112.75924972018359,3.008589826539797],[111.37182906588671,2.598927341417117],[110.81756118258593,1.244261227563662],[109.5175047250664,1.820520602182192]]]]},"properties":{"NAME":"Malaysia","SUBJECTO":"Malaysia","PARTOF":"Malaysia"}},
{"type":"Feature","geometry":{"type":"Polygon","coordinates":[[[-56.709626164826176,1.891480408624453],[-54.86057755032422,2.480966173127932],[-54.388329472931645,2.261286817506594],[-53.97731110134961,3.357142053560061],[-54.36608978787305,4.689873300508303],[-53.83686157742383,5.689471326783938],[-54.56969543972852,5.963541589692873],[-57.06514069119336,5.837398611024661],[-57.9950570730293,3.96261366458301],[-57.24637695828321,3.255050979570193],[-56.709626164826176,1.891480408624453]]]},"properties":{"NAME":"Suriname","SUBJECTO":"Suriname","PARTOF":"Suriname"}},
{"type":"Feature","geometry":{"type":"Polygon","coordinates":[[[-51.62341782132032,4.215936265901369],[-53.02668091336133,5.426703058198733],[-53.83686157742383,5.689471326783938],[-54.36608978787305,4.689873300508303],[-53.97731110134961,3.357142053560061],[-54.388329472931645,2.261286817506594],[-52.8463868764961,2.092475019410891],[-51.62341782132032,4.215936265901369]]]},"properties":{"NAME":"French Guiana","SUBJECTO":"French Guiana","PARTOF":"French Guiana"}},
{"type":"Feature","geometry":{"type":"Polygon","coordinates":[[[13.017197641936523,-4.768244661375242],[15.993580851165039,-3.669907487913328],[16.09792426547168,-2.328039087339597],[17.454712900725585,-0.84525028614636],[17.960280451384765,2.088033519700808],[18.503987345305664,3.534127317384524],[16.54810050448535,3.306388221696658],[16.076737436858398,2.127680860475344],[13.266093287078125,2.110948883012576],[14.345419916716796,0.623639725164217],[13.957955393401367,-0.402054913326459],[14.492750200835449,-0.742119111105161],[14.13813022097705,-2.562185443922239],[13.065004381743652,-2.396950401350217],[11.644035372344238,-2.615166820570188],[11.912161860076171,-3.395432390257078],[11.151153597441894,-3.932286657377439],[11.999688181487304,-5.004106916471677],[13.017197641936523,-4.768244661375242]]]},"properties":{"NAME":"Congo","SUBJECTO":"Congo","PARTOF":"Congo"}},
{"type":"Feature","geometry":{"type":"Polygon","coordinates":[[[11.217659983245117,2.05425675959949],[11.238758120146972,0.910244964078707],[9.628979715911132,0.889529608205599],[8.81520942172168,-0.895802535101133],[9.656445536223632,-2.419099487348753],[11.151153597441894,-3.932286657377439],[11.912161860076171,-3.395432390257078],[11.644035372344238,-2.615166820570188],[13.065004381743652,-2.396950401350217],[14.13813022097705,-2.562185443922239],[14.492750200835449,-0.742119111105161],[13.957955393401367,-0.402054913326459],[14.345419916716796,0.623639725164217],[13.266093287078125,2.110948883012576],[11.217659983245117,2.05425675959949]]]},"properties":{"NAME":"Gabon","SUBJECTO":"Gabon","PARTOF":"Gabon"}},
{"type":"Feature","geometry":{"type":"Polygon","coordinates":[[[9.881230387297851,2.058266244844241],[9.628979715911132,0.889529608205599],[11.238758120146972,0.910244964078707],[11.217659983245117,2.05425675959949],[9.881230387297851,2.058266244844241]]]},"properties":{"NAME":"Equatorial Guinea","SUBJECTO":"Equatorial Guinea","PARTOF":"Equatorial Guinea"}},
{"type":"Feature","geometry":{"type":"Polygon","coordinates":[[[-80.22890945950391,-3.471247114225584],[-80.25851913967969,-4.413981832548338],[-78.87804886380079,-4.869675554319578],[-78.43368240872266,-3.74220959095593],[-77.67662521878125,-2.994138397260862],[-76.65721603909375,-2.657581962629514],[-75.20670029202344,-0.83753464369412],[-75.5255632070625,-0.140241451545911],[-76.85013290921094,0.137908183053774],[-78.94347855130079,1.380803190187258],[-80.08556076565625,0.817998133615298],[-80.33884903469922,-0.66318116335507],[-80.96610733548047,-1.033107079549985],[-80.22890945950391,-3.471247114225584]]]},"properties":{"NAME":"Ecuador","SUBJECTO":"Ecuador","PARTOF":"Ecuador"}},
{"type":"Feature","geometry":{"type":"Polygon","coordinates":[[[-69.58987900296094,-10.902231611295896],[-70.61307236233594,-10.730378545805173],[-71.32430740872266,-10.016585744901853],[-72.15386673489454,-10.002440847440916],[-73.84206100979688,-7.578698553129392],[-73.06186386624219,-6.519180692716795],[-72.76932236233594,-5.144761480375486],[-71.43378159085157,-4.520385660215574],[-69.87801071682813,-4.187031663938718],[-70.58789536038282,-3.790871776624876],[-70.0522966055,-2.821661867185789],[-70.92306992092969,-2.318394340559202],[-72.95909592190625,-2.451265253111082],[-74.4741716055,-0.572576738878446],[-75.5255632070625,-0.140241451545911],[-75.20670029202344,-0.83753464369412],[-76.65721603909375,-2.657581962629514],[-77.67662521878125,-2.994138397260862],[-78.43368240872266,-3.74220959095593],[-78.87804886380079,-4.869675554319578],[-80.25851913967969,-4.413981832548338],[-80.22890945950391,-3.471247114225584],[-81.41761490383985,-4.675080694242673],[-80.61159225979688,-6.369872011228757],[-79.06024643460157,-8.215522207304197],[-77.75874802151563,-10.65892068295117],[-76.23803421536329,-13.502021230741697],[-76.24178024807813,-14.105595983549314],[-74.04964157620313,-16.044990934416013],[-71.611866918,-17.22145501522656],[-70.36356827298047,-18.45498315243359],[-69.43009659329297,-17.603817380949216],[-69.01231857815625,-16.61673776058789],[-69.24475571194532,-14.737682737394529],[-68.63990494290235,-12.580358900114256],[-69.58987900296094,-10.902231611295896]]]},"properties":{"NAME":"Peru","SUBJECTO":"Peru","PARTOF":"Peru"}},
{"type":"Feature","geometry":{"type":"MultiPolygon","coordinates":[[[[-54.580407109650395,-25.74334565548535],[-53.61647507229688,-26.27130738644238],[-53.73108002224805,-27.218325056120115],[-54.754723515900395,-27.69419900326367],[-57.57566925564649,-30.40291825680371],[-56.74638077298047,-30.24580041317578],[-55.87414642849805,-31.174250043913084],[-53.893944707306645,-32.04559747128125],[-53.23585220852735,-32.93714562801953],[-53.40556427517774,-33.87947503475781],[-52.35066696682813,-32.67519036678906],[-52.0421876577461,-31.55657235531445],[-50.5817269949043,-30.41646806149121],[-48.93729492703321,-28.69782678036328],[-48.56390854397657,-27.680593885465818],[-48.72452255764844,-25.425621427580076],[-46.20621201077344,-23.882822431608396],[-45.45921036282422,-23.855831541105466],[-44.56129547634961,-22.989857114835935],[-41.95784470120313,-22.92082253841992],[-40.98350235501172,-22.086429990812498],[-40.93281647244336,-21.2794117107832],[-39.69133850613477,-19.408796705290037],[-39.666134801300785,-18.226957716032224],[-39.14249893704297,-17.77471772579785],[-38.94815537014844,-16.001592077299314],[-39.126217809113285,-14.324533857389646],[-38.79886719265821,-12.627316869779783],[-38.266137090119145,-12.886686719938474],[-37.18652435818555,-10.844699300810056],[-35.59859940091016,-9.627626813932615],[-34.890675511750004,-7.611789144560056],[-35.46437164822461,-5.268277086302],[-37.180600133332035,-4.954271711393552],[-38.78636261502149,-3.604257978483396],[-40.23088928738477,-2.851210989042478],[-42.31647202053907,-2.817604698225217],[-43.33403870144727,-2.432190097852903],[-44.22212311306836,-2.77724377064343],[-44.79592606106641,-1.736357845350462],[-47.23713776150586,-0.680439271017271],[-48.042530980500004,-0.815624035879331],[-49.22114655056836,-2.108145631834226],[-50.6431398061836,-1.882471717878538],[-51.529381719025395,-0.429196335359769],[-49.88430496731641,1.213871084169192],[-50.688080754669926,2.21617230029468],[-51.20926758328321,4.070678792909426],[-51.62341782132032,4.215936265901369],[-52.8463868764961,2.092475019410891],[-54.388329472931645,2.261286817506594],[-54.86057755032422,2.480966173127932],[-56.709626164826176,1.891480408624453],[-58.85273834744336,1.154052458719057],[-59.62485214749219,1.734273396447939],[-59.93537231961133,2.73047574611072],[-59.51294037381055,3.966297946885867],[-59.88138290921094,4.949529729799075],[-60.55301758328321,5.009108625367922],[-61.62936874905469,4.208005510286135],[-64.14781281033399,3.417417608217043],[-63.87599274197461,1.880598865464968],[-65.35591599026563,0.56229742617969],[-66.93929001370313,1.207618318513674],[-67.17973038235547,2.070724092439455],[-68.18302628079297,1.607047520593447],[-69.73657700100782,1.655012093499941],[-69.9838380483711,-0.266162358208852],[-69.32078262844922,-1.298272766157346],[-69.87801071682813,-4.187031663938718],[-71.43378159085157,-4.520385660215574],[-72.76932236233594,-5.144761480375486],[-73.06186386624219,-6.519180692716795],[-73.84206100979688,-7.578698553129392],[-72.15386673489454,-10.002440847440916],[-71.32430740872266,-10.016585744901853],[-70.61307236233594,-10.730378545805173],[-69.58987900296094,-10.902231611295896],[-68.50223251858594,-11.086407102628904],[-66.30597397366407,-9.840706266447263],[-65.30872818508985,-9.81572762875195],[-65.27307602444532,-11.365933813139158],[-64.26138016262891,-12.471878446623045],[-62.0785531667793,-13.10071698574658],[-61.62732788601758,-13.625401891752439],[-60.362946477326176,-13.903864301725584],[-60.03219315091016,-16.328901685758787],[-58.333485570343754,-16.36973039059277],[-58.401696172150395,-17.132511533781248],[-57.59640976467969,-18.04261437801953],[-58.13773056546094,-19.811836637541013],[-57.75164124050977,-20.686239637418943],[-57.80576416531446,-22.153994001432615],[-55.62278458157422,-22.44621316341992],[-55.349171605500004,-23.778633512541013],[-54.21879288235547,-24.121467985197263],[-54.580407109650395,-25.74334565548535]]],[[[-50.22498795071485,-1.735415376707273],[-48.8856935171211,-1.421139515920835],[-48.40189072171094,-0.390650846048551],[-50.50141235867383,-0.261749692245679],[-50.22498795071485,-1.735415376707273]]]]},"properties":{"NAME":"Brazil","SUBJECTO":"Brazil","PARTOF":"Brazil"}},
{"type":"Feature","geometry":{"type":"MultiPolygon","coordinates":[[[[149.55416396578906,-6.406063951536375],[152.05868056735156,-5.4981354847395],[151.58762649020312,-4.901724733396726],[149.55416396578906,-6.406063951536375]]],[[[140.94761184176562,-9.273864187284666],[142.60740188082812,-9.376576818510252],[144.37983230075,-7.758321680113035],[145.81963637789843,-8.09844247250195],[146.64609816989062,-9.27887574581738],[147.87362197360156,-10.178817190214353],[149.78336623629687,-10.409889616056638],[149.8299055429375,-9.71058026699658],[148.58870986422656,-9.160280622526365],[146.90914443453906,-6.894825376554685],[147.3764906259453,-6.124768175169187],[145.59342483004687,-5.423136152311521],[145.728220972625,-4.997029222532468],[143.445506128875,-3.610096134229856],[140.8697767587578,-2.794752515836912],[140.94549087008593,-6.379222787901121],[140.94761184176562,-9.273864187284666]]]]},"properties":{"NAME":"Papua New Guinea","SUBJECTO":"Papua New Guinea","PARTOF":"Papua New Guinea"}},
{"type":"Feature","geometry":{"type":"MultiPolygon","coordinates":[[[[146.71273330172656,-43.72180978207226],[147.81531814059375,-42.96535149960156],[148.26952651461718,-41.09258309750195],[146.38221267184375,-41.308346189542966],[144.77613357028125,-40.842762388273435],[145.72265151461718,-43.24016610531445],[146.71273330172656,-43.72180978207226]]],[[[142.3375501962578,-10.915382780119138],[141.67852309664843,-12.467817701383787],[141.46815017184375,-14.756776250883298],[141.71129897555468,-15.226692594572263],[140.80094436129687,-17.561829008146482],[139.2483167978203,-17.431642927213865],[135.38805678805468,-14.896969236417966],[135.83089736422656,-13.48477403072949],[136.66369155367968,-12.624820150419431],[135.44454482516406,-12.176124967619138],[133.55918410739062,-11.95134774593945],[130.46349624117968,-12.758938230558591],[129.19642165621875,-14.992895521208006],[127.96256545504687,-14.703128255888181],[126.85342696627734,-13.783772863432127],[125.86320022067187,-14.694914259000974],[125.15565780123828,-14.804505743070798],[124.42450240573046,-15.657898344083982],[124.2772703500664,-16.522783674284177],[122.73833754977343,-16.58328477291699],[122.08547500094531,-17.398397840543943],[122.19645217379687,-18.243687070890623],[120.87214950045703,-19.676941312833982],[117.59692672213671,-20.75833360104199],[116.41879561862109,-20.83712235836621],[113.62543014010546,-22.56592980770703],[113.43258956393359,-24.874161161466795],[114.18252089938281,-26.01704064755078],[113.43298629244921,-26.572010435148435],[114.63039687594531,-28.902958311124998],[115.05826095065234,-30.80351296810742],[115.747263941375,-32.20761147884961],[115.64668563326953,-33.36537591366406],[115.0469236703789,-34.42245522884961],[116.56097701510546,-35.18929711727734],[118.2070799203789,-35.09034005550976],[119.77148726901171,-34.12017098812695],[123.62303451022265,-33.91507378964062],[124.24838546237109,-33.144127286955076],[126.05894759616015,-32.43436471371289],[127.26507857760546,-32.380985654875],[129.18538955172656,-31.798204816862302],[131.28016189059375,-31.634849943205076],[131.99254897555468,-32.065906919523435],[133.83703139742968,-32.34197274593945],[135.1531019540703,-34.05044213680859],[135.52807143649218,-35.054886259123045],[137.4571791025078,-33.31413308529492],[139.36791518649218,-35.614273466154295],[140.01201919039843,-37.64163247494336],[140.65218642672656,-38.16391030697461],[143.36480239352343,-38.9697307720625],[144.96982863864062,-38.065758146330076],[145.93387893160937,-38.88147012142773],[148.03699782809375,-38.09787026791211],[149.50414565524218,-37.928848661466795],[149.98484328707812,-37.34688226132031],[150.2215071054375,-35.694107450529295],[150.76197341403125,-35.253128446623045],[151.36449721774218,-33.52090112118359],[152.17618850192187,-32.87666741757031],[152.97185805758593,-31.418175138517576],[153.49349502047656,-28.840868391081052],[152.94622329196093,-27.340992368742185],[153.06907180270312,-26.22774926571484],[151.73014358004687,-24.157488264127927],[150.80247024020312,-23.599888242765623],[150.75440505465625,-22.811520017667966],[149.55675795992968,-22.432550825163084],[149.10148147067187,-21.060123838468748],[148.19044021090625,-20.171909727140623],[146.32175734957812,-19.082291044279295],[145.86948684176562,-17.19496003536816],[145.32554152926562,-16.49042931942578],[145.18433669528125,-15.047596372648435],[143.74317458590625,-14.465823568388181],[143.17309096774218,-12.121339239164548],[142.3375501962578,-10.915382780119138]]]]},"properties":{"NAME":"Australia","SUBJECTO":"Australia","PARTOF":"Australia"}},
{"type":"Feature","geometry":{"type":"Polygon","coordinates":[[[-58.33968063870313,-34.21614495663281],[-56.33826157132032,-34.99545327572461],[-54.62150665799024,-34.922081388517576],[-53.40556427517774,-33.87947503475781],[-53.23585220852735,-32.93714562801953],[-53.893944707306645,-32.04559747128125],[-55.87414642849805,-31.174250043913084],[-56.74638077298047,-30.24580041317578],[-57.57566925564649,-30.40291825680371],[-58.11836716214063,-32.13938943295117],[-58.33968063870313,-34.21614495663281]]]},"properties":{"NAME":"Uruguay","SUBJECTO":"Uruguay","PARTOF":"Uruguay"}},
{"type":"Feature","geometry":{"type":"MultiPolygon","coordinates":[[[[-26.78747841397168,71.55832251162892],[-23.753737416657227,70.58956488223438],[-21.72596260586621,71.40459021182423],[-25.072955098541993,72.63444861026173],[-24.076420751007813,73.75567205996876],[-20.329588857086915,73.41964300723438],[-19.193547215851563,75.44353827090626],[-21.182682958039063,76.69747503848438],[-18.253375020416993,77.30013617129688],[-20.878828969391602,78.81792028994923],[-14.201948132904786,81.21013220401173],[-22.05288025418164,81.53975256533985],[-22.432360616120118,82.74334295840626],[-32.513173070343754,83.57699926944142],[-49.64758774319532,82.47806128116017],[-61.12241455593946,81.79757269473438],[-61.111805882843754,81.18244513125782],[-67.14280411282422,80.56214483828907],[-65.48489090481641,79.15823706241017],[-72.3832292226875,78.52572973819142],[-71.18388077298047,77.25953253360157],[-67.03665634671094,75.93623694033985],[-63.65076920071485,76.37993963809376],[-58.63566299954297,75.79326208682423],[-54.73041245022657,73.03760107608204],[-55.62637039700391,71.73035009951954],[-51.720124211701176,71.58955725283985],[-50.572628941925785,69.8662525043047],[-50.47708984890821,67.48220404239063],[-52.30317017117383,66.9094653949297],[-53.10253998318555,65.87324865908985],[-52.07773300686719,65.37242468448048],[-51.36576553860547,63.72601278872852],[-49.8574838308418,62.96654471011524],[-48.915463414582035,61.42103537173633],[-43.14357086697461,59.81878241153125],[-42.27136322537305,62.19441946597461],[-40.51624771633985,63.78206976504688],[-39.9920167593086,65.53330572696095],[-35.97189804592969,65.84693487735157],[-34.43306061306836,66.3839526996172],[-32.95602127591016,67.64102514834767],[-26.963623967560547,68.50170477481251],[-22.73232933560254,69.77407415957813],[-24.58473297634961,70.30402716250782],[-28.38448235073926,70.45799597354298],[-26.78747841397168,71.55832251162892]]],[[[9.49598220309375,54.93829306216602],[10.147146257964355,55.76489218325977],[8.183429751006347,56.43146475406055],[8.616097483245117,54.88736303897266],[9.49598220309375,54.93829306216602]]]]},"properties":{"NAME":"Denmark","SUBJECTO":"Denmark","PARTOF":"Denmark"}},
{"type":"Feature","geometry":{"type":"Polygon","coordinates":[[[14.472936663237792,53.87677725406055],[14.280191454497558,53.61341818423633],[14.828880343047363,50.91691168399219],[16.728022608367187,50.148624025300784],[17.678759607878906,50.338267885164065],[19.782160791960937,49.244300447419924],[21.585009607878906,49.49957998843555],[22.570443186370117,49.06668051333789],[24.113539728728515,50.68047674746875],[23.372628244963867,52.55644568057422],[23.95680526217578,52.87940939517383],[23.3106184335625,54.30889471621875],[19.977538141814453,54.42394217105274],[18.279448542205078,54.72412069888477],[14.472936663237792,53.87677725406055]]]},"properties":{"NAME":"Poland","SUBJECTO":"Poland","PARTOF":"Poland"}},
{"type":"Feature","geometry":{"type":"Polygon","coordinates":[[[7.159938845244628,53.16400106997852],[4.641012701598388,52.75569876284961],[3.775046858397705,51.38774450869922],[5.112526926604492,51.40545233340625],[5.999575647917968,50.74159964175586],[7.159938845244628,53.16400106997852]]]},"properties":{"NAME":"Netherlands","SUBJECTO":"Netherlands","PARTOF":"Netherlands"}},
{"type":"Feature","geometry":{"type":"Polygon","coordinates":[[[9.725380188692831,47.60655127474964],[9.665470719275044,47.55624011404333],[9.53932315928003,47.4872009429331],[10.395699534026367,46.88741263003711],[12.074753794280273,46.92750509829883],[14.14818848806133,46.4333658347332],[16.25957396945117,46.888804994539065],[17.331217798796875,47.99467810244922],[16.669154200164062,48.79378470034961],[13.946682962981445,48.655101381257815],[12.700078997222167,47.69024618716602],[9.725380188692831,47.60655127474964]]]},"properties":{"NAME":"Austria","SUBJECTO":"Austria","PARTOF":"Austria"}},
{"type":"Feature","geometry":{"type":"Polygon","coordinates":[[[14.033436808196289,13.060618959382815],[13.538728746978027,13.65514525027637],[12.251965555754882,13.075524888948244],[10.41347030123828,13.306189142183108],[9.05742076357959,12.821483217195315],[8.095267328826171,13.279785715059084],[6.863709482756835,13.062759958223147],[5.501391443816406,13.792027078584475],[4.190213236418945,13.479182802156252],[3.609702620116455,11.721436105684084],[3.830611738768798,10.705737672761721],[2.764204535094482,8.862454019502444],[2.766808065978271,6.348114095643801],[3.94949725588916,6.579388700441164],[5.152887854186279,5.6415129527605],[6.088779959288818,4.328133188203616],[8.591811213103515,4.712041459993166],[8.83786109408496,5.707666002229494],[10.073553118315917,6.890904031709475],[11.072158343219934,6.396397537987197],[11.579299006072265,6.791787706331057],[12.828052553740722,9.449688516572756],[13.787839922515136,11.08885820956592],[14.505929026213867,11.480813585237307],[14.033436808196289,13.060618959382815]]]},"properties":{"NAME":"Nigeria","SUBJECTO":"United Kingdom","PARTOF":"Nigeria"}},
{"type":"Feature","geometry":{"type":"Polygon","coordinates":[[[11.072158343219934,6.396397537987197],[10.073553118315917,6.890904031709475],[8.83786109408496,5.707666002229494],[8.591811213103515,4.712041459993166],[9.587658226597478,4.032880755024167],[11.072158343219934,6.396397537987197]]]},"properties":{"NAME":"Southern Cameroon","SUBJECTO":"United Kingdom","PARTOF":"Southern Cameroon"}},
{"type":"Feature","geometry":{"type":"Polygon","coordinates":[[[35.07210448702929,29.211360536531252],[36.076968226042965,29.069091402009768],[37.94301131686328,30.3692699298418],[37.113013300505855,31.361793123201174],[39.32646850070117,32.13654287906055],[38.753577265349605,33.2066608295],[36.836550745574215,32.18593939395313],[35.70218184908984,32.719405733064455],[34.9846792550957,29.467219911531252],[35.07210448702929,29.211360536531252]]]},"properties":{"NAME":"Jordan","SUBJECTO":"Jordan","PARTOF":"Jordan"}},
{"type":"Feature","geometry":{"type":"Polygon","coordinates":[[[9.606980010374219,29.540790889051014],[9.857375177947265,26.433888994172854],[9.37672999819873,26.03706892581348],[10.31472876986621,24.466327272371096],[11.447878870574218,24.256801210359377],[11.959014925566894,23.471690736726565],[14.180097612944824,22.569409929231448],[14.967711481658203,22.968030534700198],[15.97051719149707,23.38058813662891],[17.699284495826618,22.536621308572617],[17.555471870628406,29.294484211914025],[9.606980010374219,29.540790889051014]]]},"properties":{"NAME":"Fezzan (Frech Lybia)","SUBJECTO":"France","PARTOF":"Fezzan (Frech Lybia)"}},
{"type":"Feature","geometry":{"type":"Polygon","coordinates":[[[34.93554213961718,29.418094240144534],[34.9846792550957,29.467219911531252],[35.70218184908984,32.719405733064455],[35.50439361056445,33.10851248355274],[34.97200683077929,32.93840750308399],[34.146304163542965,31.20857962222461],[34.93554213961718,29.418094240144534]]]},"properties":{"NAME":"Israel","SUBJECTO":"Israel","PARTOF":"Israel"}},
{"type":"Feature","geometry":{"type":"Polygon","coordinates":[[[42.82804778536914,16.321475587800784],[43.2219839425957,17.35687979312305],[44.42516997775195,17.376657091096682],[45.555815729705074,15.057752214387698],[47.5233641000664,17.515559755281252],[51.80605224093554,18.982875429109377],[56.03019240817187,21.237395845369143],[55.69875243624804,22.302699647859377],[55.367381128874996,22.065713487581057],[51.95289901217578,22.484189592317385],[51.11975005587695,24.398660264924807],[50.968333277312496,24.436244569734377],[49.93686202487109,25.95578344912891],[50.1217642160332,26.737586580232424],[48.85502150973437,27.52269133181934],[48.44353393038867,28.44023474307422],[46.509158167449215,28.97005232425098],[44.68786147555468,29.029479585603518],[43.62164977511523,29.46798475833301],[43.53986266574023,30.2932144031084],[39.32646850070117,32.13654287906055],[37.113013300505855,31.361793123201174],[37.94301131686328,30.3692699298418],[36.076968226042965,29.069091402009768],[35.07210448702929,29.211360536531252],[34.88559249362109,28.357480607942385],[37.21826842745898,25.166631303743166],[38.329417261687496,23.8347183093584],[39.10219481906054,22.40044554324512],[39.16673949679492,21.218801103547854],[40.69382003268359,19.86870726199512],[41.62855819186328,18.047204576448244],[42.82804778536914,16.321475587800784]]]},"properties":{"NAME":"Saudi Arabia","SUBJECTO":"Saudi Arabia","PARTOF":"Saudi Arabia"}},
{"type":"Feature","geometry":{"type":"Polygon","coordinates":[[[34.146304163542965,31.20857962222461],[32.07651046237109,31.013650499299807],[30.99595550021289,31.468850694612307],[29.248847040740234,30.753661714509768],[26.14333442172168,31.490577302888674],[25.106553110686523,31.51384123416309],[24.711909327117187,30.14764555545215],[24.94439414462207,29.170522294954104],[24.93749717196582,24.926002107576174],[24.952900919524414,21.88223799319629],[28.786871943083984,21.910934053376955],[32.12813476046679,21.917682252839846],[36.800112757292965,21.914899431184573],[35.74630263766406,22.91434057803516],[35.18986419161914,24.399919115022463],[33.928809198943355,26.56382330508594],[34.05800536593554,27.790313325837893],[34.93554213961718,29.418094240144534],[34.146304163542965,31.20857962222461]]]},"properties":{"NAME":"Egypt","SUBJECTO":"United Kingdom","PARTOF":"Egypt"}},
{"type":"Feature","geometry":{"type":"Polygon","coordinates":[[[88.19726088961718,27.87575491519336],[87.21436599215625,27.843293748811526],[85.14416793307421,28.341794572786135],[81.65574935397265,30.454833589509768],[81.02130416354296,30.246511064485354],[80.09826949557421,28.951900087312502],[82.81183150729296,27.53824385257129],[84.13611129244921,27.53824385257129],[84.66636184176562,27.069509111360354],[86.7765379281914,26.46684416385059],[88.09216597994921,26.444518648103518],[88.19726088961718,27.87575491519336]]]},"properties":{"NAME":"Nepal","SUBJECTO":"Nepal","PARTOF":"Nepal"}},
{"type":"Feature","geometry":{"type":"Polygon","coordinates":[[[-11.9038009313667,14.814458452180666],[-11.551504102143067,15.579372011140627],[-10.647132840546387,15.425777040437502],[-5.483117070587891,15.468906007722659],[-6.12438723126294,20.96373900027637],[-6.555289235504883,24.896115861848635],[-4.865763631256836,24.99489554019336],[-8.629150357636231,27.172677598909182],[-8.688412633332032,25.913617692903323],[-11.893217053803223,25.895093522981448],[-11.990525212677735,23.478738389924807],[-13.116560902985352,22.78560408206348],[-13.024399724396485,21.279456697419924],[-17.016083684357422,21.314147554353518],[-16.347281423004883,20.52261694522266],[-15.982691731842774,18.17839964480762],[-16.405699696930665,16.489955507234377],[-14.806329694184083,16.818927370027346],[-13.208728757294434,16.15446623416309],[-11.9038009313667,14.814458452180666]]]},"properties":{"NAME":"Mauritania","SUBJECTO":"France","PARTOF":"Mauritania"}},
{"type":"Feature","geometry":{"type":"Polygon","coordinates":[[[33.99141601046679,4.026679597810549],[34.42759231051562,4.53137644381885],[35.80223372897265,4.564981542543215],[34.607520136443355,6.636189065889162],[33.13901046237109,8.343488298372073],[34.041758570281246,8.431467615083498],[34.35270217379687,10.676754556611819],[34.948699030486324,10.820091806367678],[35.47957519015429,12.456488214448733],[36.13399032076953,12.771745286897463],[36.47670272311328,14.266498170808596],[36.471926722136715,15.201222978547854],[37.024321589080074,16.95193823428516],[38.64174178561328,18.06071051211719],[37.39818480929492,18.91500052066211],[37.12776854952929,21.227176271394534],[36.800112757292965,21.914899431184573],[32.12813476046679,21.917682252839846],[28.786871943083984,21.910934053376955],[24.952900919524414,21.88223799319629],[24.957913431731445,20.045747362092776],[23.949723276702148,19.47427710147266],[23.95093825778125,15.69943007083301],[23.013073954192382,15.681200586274905],[21.778044733611328,12.80131109805469],[22.26095679720996,12.677052102998537],[22.818951639739257,10.907167993501467],[23.6336164804375,9.666291795686526],[23.52215865573047,8.610577188447756],[25.287985834685546,7.724888883546633],[25.299120936003906,7.330889783815188],[26.945387873259765,5.872465692476077],[27.243727717009765,5.16238173098926],[28.05823806246875,4.27104815097217],[29.69307807406543,4.515941701844973],[30.737151178923828,3.505206190065188],[33.29096892794726,3.634810291246218],[33.99141601046679,4.026679597810549]]]},"properties":{"NAME":"Sudan","SUBJECTO":"United Kingdom","PARTOF":"Sudan"}},
{"type":"Feature","geometry":{"type":"Polygon","coordinates":[[[53.02094939669726,16.65376814456348],[51.80605224093554,18.982875429109377],[47.5233641000664,17.515559755281252],[45.555815729705074,15.057752214387698],[44.42516997775195,17.376657091096682],[43.2219839425957,17.35687979312305],[42.82804778536914,16.321475587800784],[42.79587844332812,15.470080934480471],[43.84059050997851,12.663913331941409],[46.601199183074215,13.400545679048342],[49.33384993991015,14.632695756868166],[52.135169062224605,15.687059961274905],[53.02094939669726,16.65376814456348]]]},"properties":{"NAME":"Yemen","SUBJECTO":"Yemen","PARTOF":"Yemen"}},
{"type":"Feature","geometry":{"type":"Polygon","coordinates":[[[42.327849421111324,12.357114397004885],[43.0480223031914,12.702313981965823],[42.07897857150195,13.86101397128467],[40.739138636199215,14.919243417695803],[39.51792815646289,15.463048540071291],[38.64174178561328,18.06071051211719],[37.024321589080074,16.95193823428516],[36.471926722136715,15.201222978547854],[36.47670272311328,14.266498170808596],[37.720252070037105,14.80165346713428],[40.58897689303515,14.124562822297854],[42.327849421111324,12.357114397004885]]]},"properties":{"NAME":"Eritrea","SUBJECTO":"United Kingdom","PARTOF":"Eritrea"}},
{"type":"Feature","geometry":{"type":"Polygon","coordinates":[[[-13.693857160004395,12.623442254976077],[-11.423556294831055,12.395308099702639],[-11.979639020355958,13.688828073457522],[-11.9038009313667,14.814458452180666],[-13.208728757294434,16.15446623416309],[-14.806329694184083,16.818927370027346],[-16.405699696930665,16.489955507234377],[-17.05006500759961,14.58556231112842],[-16.455103841217774,13.571074090913577],[-15.301975217255372,13.571074090913577],[-16.013001408966797,13.138881288484377],[-16.775572743805665,13.145343385652346],[-16.56660553494336,12.309811197236819],[-15.199883428009766,12.639972291902346],[-13.693857160004395,12.623442254976077]]]},"properties":{"NAME":"Senegal","SUBJECTO":"France","PARTOF":"Senegal"}},
{"type":"Feature","geometry":{"type":"Polygon","coordinates":[[[42.92759993991015,10.892751298860354],[41.87144378146289,10.854732118562502],[42.327849421111324,12.357114397004885],[40.58897689303515,14.124562822297854],[37.720252070037105,14.80165346713428],[36.47670272311328,14.266498170808596],[36.13399032076953,12.771745286897463],[35.47957519015429,12.456488214448733],[34.948699030486324,10.820091806367678],[34.35270217379687,10.676754556611819],[34.041758570281246,8.431467615083498],[33.13901046237109,8.343488298372073],[34.607520136443355,6.636189065889162],[35.80223372897265,4.564981542543215],[36.75715545138476,4.379983507112307],[38.087534937468746,3.561650596574587],[39.53868010958789,3.354178749040408],[40.73295119723437,4.149392209962649],[41.76521972140429,3.825038038209719],[43.87238982638476,4.835395418123049],[44.9946775766289,4.816644273713869],[47.84380174357305,7.916350873374235],[46.95213607272265,7.929729543641848],[43.85603240450976,9.029882036165041],[42.80173018893359,10.345485292390627],[42.92759993991015,10.892751298860354]]]},"properties":{"NAME":"Ethiopia","SUBJECTO":"Ethiopia","PARTOF":"Ethiopia"}},
{"type":"Feature","geometry":{"type":"Polygon","coordinates":[[[-16.455103841217774,13.571074090913577],[-16.775572743805665,13.145343385652346],[-16.013001408966797,13.138881288484377],[-15.301975217255372,13.571074090913577],[-16.455103841217774,13.571074090913577]]]},"properties":{"NAME":"Gambia, The","SUBJECTO":"United Kingdom","PARTOF":"Gambia, The"}},
{"type":"Feature","geometry":{"type":"Polygon","coordinates":[[[42.92759993991015,10.892751298860354],[43.29847625216601,11.475552164033694],[43.0480223031914,12.702313981965823],[42.327849421111324,12.357114397004885],[41.87144378146289,10.854732118562502],[42.92759993991015,10.892751298860354]]]},"properties":{"NAME":"Djibouti","SUBJECTO":"Djibouti","PARTOF":"Djibouti"}},
{"type":"Feature","geometry":{"type":"Polygon","coordinates":[[[-16.56660553494336,12.309811197236819],[-15.325388875397461,11.926575265840334],[-15.008295026215333,11.101744256929202],[-13.691763844879883,11.886055551484866],[-13.693857160004395,12.623442254976077],[-15.199883428009766,12.639972291902346],[-16.56660553494336,12.309811197236819]]]},"properties":{"NAME":"Guinea-Bissau (Portugal)","SUBJECTO":"Portugal","PARTOF":"Guinea-Bissau (Portugal)"}},
{"type":"Feature","geometry":{"type":"Polygon","coordinates":[[[-7.90747353115918,10.121322236970705],[-9.12341591397168,12.459765993074221],[-10.653490987213868,11.859534822419924],[-11.423556294831055,12.395308099702639],[-13.693857160004395,12.623442254976077],[-13.691763844879883,11.886055551484866],[-15.008295026215333,11.101744256929202],[-13.680051770600098,9.915645204500002],[-13.164252248200196,8.850765787080569],[-12.38555141964795,9.796022973970217],[-11.290036168488282,9.897864900544924],[-10.37703033963086,8.075611673311037],[-9.463983502777833,7.429587923005862],[-8.303831067475098,7.43648537249927],[-7.473532643708008,8.452107034639162],[-8.196898427399415,9.661934457734866],[-7.90747353115918,10.121322236970705]]]},"properties":{"NAME":"Guinea","SUBJECTO":"France","PARTOF":"Guinea"}},
{"type":"Feature","geometry":{"type":"Polygon","coordinates":[[[-60.55301758328321,5.009108625367922],[-61.254750218781254,5.869560800508303],[-60.563900914582035,7.564827047303957],[-59.83440491238477,8.440183244661135],[-61.28992935696485,8.770693384126467],[-61.53086563626172,9.850575052217287],[-64.06826111355664,10.626809678987307],[-64.88365646878125,10.135678850129885],[-66.47811600247266,10.678809724763674],[-67.97961136380079,10.542116723970217],[-68.69460007229688,11.379503808931155],[-69.74783798733594,11.533459268525881],[-71.68795486966016,10.769269548372073],[-71.18874832669141,11.911603532747073],[-72.05103012600782,11.721805177644534],[-73.01743790188672,9.735362611726565],[-71.81207748928907,6.970307432130618],[-70.54106613675,7.054156385377688],[-69.3031739858711,6.006098829225344],[-67.76554581204297,6.24412115664844],[-67.81290909329297,4.304731450990481],[-67.22301956692579,3.335538230851931],[-67.17973038235547,2.070724092439455],[-66.93929001370313,1.207618318513674],[-65.35591599026563,0.56229742617969],[-63.87599274197461,1.880598865464968],[-64.14781281033399,3.417417608217043],[-61.62936874905469,4.208005510286135],[-60.55301758328321,5.009108625367922]]]},"properties":{"NAME":"Venezuela","SUBJECTO":"Venezuela","PARTOF":"Venezuela"}},
{"type":"Feature","geometry":{"type":"Polygon","coordinates":[[[-61.114247289093754,10.821682535127444],[-61.80907532254102,10.724968515352053],[-61.20665833035352,10.118220888093752],[-61.114247289093754,10.821682535127444]]]},"properties":{"NAME":"Trinidad","SUBJECTO":"Trinidad","PARTOF":"Trinidad"}},
{"type":"Feature","geometry":{"type":"Polygon","coordinates":[[[114.07372573336718,4.455024801210207],[114.43372634371875,3.998343549684328],[115.16134170016406,4.309385381654543],[114.96151259860156,4.876515947297854],[114.07372573336718,4.455024801210207]]]},"properties":{"NAME":"Brunei","SUBJECTO":"Brunei","PARTOF":"Brunei"}},
{"type":"Feature","geometry":{"type":"Polygon","coordinates":[[[41.609892878142574,-1.876740492864805],[41.05956176241992,-1.079754389806943],[41.023142847624996,2.714712224916262],[41.76521972140429,3.825038038209719],[40.73295119723437,4.149392209962649],[39.53868010958789,3.354178749040408],[38.087534937468746,3.561650596574587],[36.75715545138476,4.379983507112307],[35.80223372897265,4.564981542543215],[34.42759231051562,4.53137644381885],[33.99141601046679,4.026679597810549],[35.040198359099605,1.687563143686098],[33.82932570895312,0.085747770980639],[33.26720717867968,-1.132111944242673],[33.91916945895312,-1.117342151685911],[37.61619475802539,-3.166200794264036],[37.65682128390429,-3.693595565839964],[39.22912124117968,-4.844893850370603],[40.23441604098437,-3.191706575437742],[41.609892878142574,-1.876740492864805]]]},"properties":{"NAME":"Kenya","SUBJECTO":"United Kingdom","PARTOF":"Kenya"}},
{"type":"Feature","geometry":{"type":"Polygon","coordinates":[[[29.52845290621875,-1.434459365888792],[30.595961603728515,-1.15476480869885],[33.26720717867968,-1.132111944242673],[33.82932570895312,0.085747770980639],[35.040198359099605,1.687563143686098],[33.99141601046679,4.026679597810549],[33.29096892794726,3.634810291246218],[30.737151178923828,3.505206190065188],[30.712660822478515,2.373686157182497],[31.15856650790332,1.804288230851931],[29.76945403536914,0.442135207370562],[29.52845290621875,-1.434459365888792]]]},"properties":{"NAME":"Uganda","SUBJECTO":"United Kingdom","PARTOF":"Uganda"}},
{"type":"Feature","geometry":{"type":"MultiPolygon","coordinates":[[[[-76.13288973210058,44.32666667189694],[-74.78240677395704,45.012225709871096],[-71.53464981594922,44.95860632510547],[-70.5894288686836,45.294620119050784],[-69.04906937161329,47.46438177676563],[-67.698536839875,47.0410114154375],[-67.18675705471875,45.25231894107227],[-64.90547653714063,45.463199220613284],[-66.18949600735547,44.141307435945315],[-65.7125749258125,43.55995138736133],[-61.03208633938672,45.37883337588672],[-64.53479477444532,46.27165945620899],[-65.2130860952461,48.12142523379688],[-64.95240494290235,49.20725592227344],[-68.34129044094922,48.546458803132815],[-66.37273880520704,50.31387671084766],[-61.64020630398633,50.27692373843555],[-60.13784500637891,50.411700807527346],[-58.52433868924024,51.37948568911914],[-56.96410461941602,51.488441072419924],[-55.65902420559766,52.18734701724414],[-55.88126083889844,53.351932130769534],[-57.515351262482426,54.46576651187305],[-59.69376083889844,55.15365942569141],[-61.92769333401563,56.2729564532793],[-62.886959996613285,58.656444154695315],[-64.67062088528516,60.180919252351565],[-65.86144730130079,58.79534109683399],[-67.77240463772657,58.2485423907793],[-69.21422287503125,58.7476764545],[-70.02829453030469,60.88317068667774],[-73.39458176175,62.354999147371096],[-77.36155411282422,62.517493806794924],[-77.50717636624219,60.414630495027346],[-78.33678909817579,58.551471315339846],[-76.77238174954297,57.66250189395313],[-76.43862625637891,56.80968817325],[-77.2338380483711,55.60653647036914],[-79.5451173452461,54.69186361880664],[-78.49098679104688,52.25613745303516],[-79.59434982815625,51.265792451814455],[-81.747364964875,52.17009695620899],[-82.34120651760938,52.98082312198047],[-82.20208450833204,54.96887167544727],[-84.46836563626172,55.1668773517168],[-87.46717545071485,55.91202887149219],[-90,57.17785605044727],[-92.48305222073438,56.97671469302539],[-93.07417770901563,58.55101355166797],[-94.68383499661329,58.87849386783008],[-94.75318619290235,59.94999273867969],[-93.42261978665235,61.85803183169727],[-87.4352311758125,64.56887396426563],[-88.17144485989454,65.13038214297657],[-85.98714920559766,66.16278418155079],[-83.13871475735547,66.37349279971485],[-81.29496475735547,67.49872931094532],[-84.31351944485547,69.8262134418047],[-86.48843857327344,67.37778814883595],[-88.32388016262891,67.81254919619923],[-88.90501877346875,69.22760351748829],[-91.65772720852735,70.28584631533985],[-93.2711686758125,71.55854376407032],[-95.41064926663282,71.85898932071095],[-96.69965073147657,70.83835943789845],[-96.12698074856641,69.94084509463673],[-92.95613571682813,69.08434637637501],[-96.20792862454297,68.07355078311329],[-101.91296860257032,67.70532568545704],[-105.63597580471875,68.35485418887501],[-107.66202255764844,67.96261938662892],[-112.50253006497266,67.69295843692188],[-115.2851075796211,68.89208563418751],[-117.83234116116407,69.00779303164845],[-122.32606216946485,69.88448675723438],[-125.97399612942579,69.43039282412892],[-127.35170456448438,70.38026007266407],[-131.67297836819532,69.27615698428517],[-135.43919846096875,69.5262866839922],[-136.20306870022657,68.87561377139454],[-141.0592546133125,69.59546240420704],[-140.97377487698438,66.0257984027422],[-140.89491745510938,60.38881643863086],[-139.00514694729688,60.258380495027346],[-137.22333237210157,58.88222845645313],[-135.85481735745313,59.646319948152346],[-133.50284287014844,58.42426260562305],[-131.72487350979688,56.60519369693164],[-130.28743454495313,56.107493959382815],[-130.00269028225782,55.28853949160938],[-130.0036363271797,53.93796118350391],[-127.55576798001172,52.167842470125],[-127.24746414700391,50.968116365388674],[-124.93922134915235,50.595809541658205],[-124.79498764553907,50.03529318423633],[-122.90025040188672,49.06718023867969],[-115.164601293,49.056190095857424],[-110.67026230374219,49.05406530948047],[-104.26153275051954,49.05566366763477],[-100.45978256741407,49.043250642732424],[-94.81984421292188,49.05071219058399],[-91.68210312405469,48.03871878238086],[-89.62202966765464,47.96837637116081],[-88.09495135,49.0046085],[-86.38397137499999,48.7253306],[-85.026610175,47.939546825],[-84.7436376579549,46.4684444370234],[-83.82065216736616,46.15038273949706],[-80.8070809,45.954834575],[-81.094857375,44.79918825],[-82.29783905825836,43.02869867471761],[-83.05604489302539,42.02697781506355],[-81.439461875,42.5870946],[-79.05015837548426,42.852258967447526],[-79.14004738860244,43.22208175207458],[-79.152904575,43.772410875],[-76.13288973210058,44.32666667189694]]],[[[-100.75919815579297,72.2410083636797],[-98.93899246731641,71.39222296328907],[-96.84962173977735,71.87977179141407],[-98.39371201077344,73.13058050723438],[-100.75919815579297,72.2410083636797]]],[[[-95.61453720608594,73.31877478213673],[-92.00058456936719,72.84113653750782],[-90,73.99981268496876],[-95.06853958645704,74.06405218692188],[-95.61453720608594,73.31877478213673]]],[[[-111.64081284085157,72.7252612933672],[-114.64695450344922,73.35488470645313],[-118.98560806790235,72.03416784854298],[-117.31387802639844,71.47455175967579],[-117.56819626370313,69.99218329043751],[-113.15218063870313,68.59556921573048],[-110.44822403469922,68.65314062686329],[-106.8538331655586,69.45092352481251],[-104.18777176419141,68.89776190371876],[-101.80838486233594,69.13564642520313],[-101.05518051663282,70.03077276797657],[-103.86364456692579,70.70147284121876],[-105.31259628811719,72.65014227481251],[-111.64081284085157,72.7252612933672]]],[[[-124.57726761380079,71.89828070254688],[-120.84349533596875,71.53027685733204],[-120.45359512844922,72.29851111026173],[-115.65367600003125,73.63253363223438],[-121.23873611966016,74.58000525088673],[-125.34129044094922,72.96895941348438],[-124.57726761380079,71.89828070254688]]],[[[-114.94804092923047,76.44312628360157],[-115.18592545071485,75.15434607119923],[-112.20279404202344,74.49975927920704],[-105.77345749417188,75.23006781192188],[-105.91720291653516,76.02183874698048],[-111.38564011135938,75.65990789981251],[-114.94804092923047,76.44312628360157]]],[[[-57.97400375882032,49.08337362857227],[-59.1565560964668,47.6700511798418],[-56.07894608059766,47.865218721345705],[-52.72859665432813,47.45452459903125],[-54.1295785574043,48.83571585269336],[-56.66153427639844,50.05606039615039],[-57.97400375882032,49.08337362857227]]],[[[-87.10120102444532,63.5446849689043],[-84.65469070950391,63.31390341372852],[-82.10960861721875,64.6435733661211],[-85.5575456289375,65.86355169864063],[-87.10120102444532,63.5446849689043]]],[[[-71.53545853176954,63.359908662751955],[-69.15526291409375,62.419620119050784],[-65.94033524075391,61.789996705964846],[-66.49595352688672,63.07743414492969],[-64.47394272366407,63.74430426211719],[-67.61417099514844,65.91180761905079],[-62.84475418606641,65.61426123233204],[-61.21058365383985,66.63500555606251],[-68.66534897366407,68.71612890811329],[-66.6681413320625,69.18608435244923],[-69.46268173733594,69.96011694522267],[-71.2525148061836,71.35079535098438],[-73.27524277249219,71.16077002139454],[-75.32202621975782,72.54841955752735],[-80.48866745510938,73.0370059833086],[-81.53178116360547,73.68835791201954],[-88.09924789944532,73.63606604190235],[-89.99718185940625,71.54128607364063],[-87.94801041165235,70.38491400332813],[-82.26922318020704,69.86035498233204],[-78.71291824856641,70.01144751162892],[-73.18491837063672,68.29580267520313],[-72.30491348782422,67.26360663028126],[-75.78904434719922,65.1971851214922],[-73.16355606594922,64.57397039981251],[-71.53545853176954,63.359908662751955]]],[[[-90,75.96777685733204],[-92.36552139798047,75.4212833270586],[-89.69807907620313,74.61462744326954],[-80.34932419339063,74.61590155215626],[-81.70312210598829,75.87495001407032],[-86.6179933218086,75.43215521426563],[-90,75.96777685733204]]],[[[-90,82.01732977481251],[-85.8068132070625,78.90618475528126],[-87.27270981350782,76.50420721621876],[-78.21225449124219,76.54684790225392],[-78.36676498928907,78.03287085147267],[-71.45447250882032,79.84579046817188],[-62.42710205593946,82.63357122989063],[-76.38208481350782,83.15191229434376],[-90,82.01732977481251]]],[[[-88.33642288723829,80.11980780215626],[-92.02487656155469,81.25921972842579],[-96.43336960354688,79.93342169375782],[-92.70153519192579,78.43416937442188],[-90,78.26269873233204],[-86.99668594876172,79.44534643741017],[-88.33642288723829,80.11980780215626]]]]},"properties":{"NAME":"Canada","SUBJECTO":"Canada","PARTOF":"Canada"}},
{"type":"Feature","geometry":{"type":"MultiPolygon","coordinates":[[[[13.252219233123046,79.80073126407032],[11.760330233184082,78.88018377871876],[15.098876032439453,77.11526831241017],[19.11582282504199,78.45454748721485],[17.834054026213867,79.80945166201954],[13.252219233123046,79.80073126407032]]],[[[11.178854975310546,59.070289216951174],[12.422772440520507,60.03877981753711],[11.932652506438476,62.553973756746096],[13.717936548796875,64.55330237002735],[16.20604613741992,67.30725439639454],[18.17948821505664,68.4687915668047],[20.790644678679687,68.9322696551836],[25.62536910494922,68.80706366153126],[26.507250818816406,69.81245001407032],[29.11325171908496,69.48603399844532],[28.69715407809375,68.69552954287892],[31.0537824960625,69.63959082217579],[28.30841353854297,70.9486499652422],[24.570508036223632,70.74138220401173],[23.203606638518554,69.94277533145313],[20.15765098055957,69.74782904239063],[17.406914743987304,68.77154120059376],[13.16864779910205,66.45833929629688],[12.112141642180664,65.12991674991017],[9.832105669585449,63.68362005801563],[7.088180098143798,62.91019781680469],[5.148983511534912,61.740882478669924],[5.805763277617675,59.94925268741016],[5.615484270659667,58.45521505923633],[8.153747591582519,58.08954580874805],[10.549271616545898,59.37863119693164],[11.178854975310546,59.070289216951174]]]]},"properties":{"NAME":"Norway","SUBJECTO":"Norway","PARTOF":"Norway"}},
{"type":"Feature","geometry":{"type":"Polygon","coordinates":[[[28.69715407809375,68.69552954287892],[29.11325171908496,69.48603399844532],[26.507250818816406,69.81245001407032],[25.62536910494922,68.80706366153126],[20.790644678679687,68.9322696551836],[23.487652811614257,67.83432348819142],[23.94773200472949,65.79668005557423],[24.470093760100585,64.63552435489063],[21.03372863253711,62.477298341707034],[21.56015113314746,60.51248510928516],[23.66465667208789,59.83555182071094],[28.431775126067382,60.60346945376758],[30.90184691866992,62.12546881289844],[31.13995078524707,63.12374075503711],[29.61822226962207,64.97341497989063],[29.022913965789062,66.88741644473438],[29.946114573088867,67.53390844912892],[28.69715407809375,68.69552954287892]]]},"properties":{"NAME":"Finland","SUBJECTO":"Finland","PARTOF":"Finland"}},
{"type":"Feature","geometry":{"type":"Polygon","coordinates":[[[23.94773200472949,65.79668005557423],[23.487652811614257,67.83432348819142],[20.790644678679687,68.9322696551836],[18.17948821505664,68.4687915668047],[16.20604613741992,67.30725439639454],[13.717936548796875,64.55330237002735],[11.932652506438476,62.553973756746096],[12.422772440520507,60.03877981753711],[11.178854975310546,59.070289216951174],[11.22135833224414,58.30832251162891],[13.301851305571777,55.300696931794924],[14.652893099395019,56.120616517976565],[15.770541224089843,56.0332103595293],[16.744044336882812,58.31195028872852],[19.03732398470996,59.86324270816211],[17.146208796111328,60.95282705874805],[18.48662475070117,62.98124273867969],[20.70065978488086,63.818126283601565],[20.92119315585254,64.71382483096485],[22.645554575530273,65.93478735537892],[23.94773200472949,65.79668005557423]]]},"properties":{"NAME":"Sweden","SUBJECTO":"Sweden","PARTOF":"Sweden"}},
{"type":"Feature","geometry":{"type":"MultiPolygon","coordinates":[[[[-73.11150833645704,-72.74946252255077],[-70.02071854153516,-72.67219201473827],[-68.39805313626172,-71.12679711727733],[-70.32980057278516,-68.96324578671093],[-71.7979249624336,-69.7359432354414],[-72.10699936428907,-71.04952660946483],[-75.27505966702344,-71.6676830425703],[-73.11150833645704,-72.74946252255077]]],[[[-102.55128189602735,-72.1313060894453],[-97.14239975491407,-72.67219201473827],[-97.21967026272657,-71.8222240581953],[-102.55128189602735,-72.1313060894453]]],[[[-55.18492981472852,-80.94006005673046],[-44.83078476467969,-80.32190362362499],[-44.21262451687696,-78.39015618710155],[-48.84880920925977,-78.08107415585155],[-55.18492981472852,-80.94006005673046]]],[[[169.76938918551562,-83.41788903622265],[162.01522353610156,-81.65986291317577],[159.31539443453906,-80.02740899471874],[163.64298537692187,-78.66061059383983],[162.34563735446093,-75.10688439755077],[164.61622146090625,-74.17193261532421],[168.9746809335625,-73.23894158749218],[170.72912124117968,-71.9042781963789],[167.63463881930468,-70.86511651424999],[160.5985365243828,-70.22093621639843],[157.30686477145312,-69.15642968563671],[151.093455347625,-68.8858226910078],[146.87545302828906,-67.99737969784374],[145.58565810641406,-67.22348443417187],[141.1574964853203,-66.72243157772655],[134.20519545992968,-66.18008843807812],[130.27210524996875,-66.25291863827343],[129.00962356051562,-67.02982751278515],[122.45820907076953,-66.64516106991405],[118.28564742526171,-67.07014123348827],[113.01485732516406,-65.76308099178905],[110.60744002780078,-66.05907861141796],[109.40372756442187,-66.71026269344921],[102.63083938082812,-65.92616692928905],[99.65426162203906,-66.54946557430858],[90,-66.6065258160078],[81.81432631930468,-67.30195275692577],[78.25992110690234,-68.38373223690624],[76.86905959567187,-69.31096307186718],[72.54195693453906,-70.23820153622265],[70.30113509616015,-72.01540795712108],[67.36488631686328,-71.70632592587108],[67.51269057711718,-70.46442071346874],[68.95107558688281,-69.88906518368358],[69.37389663180468,-67.84283868221874],[62.805972132292965,-67.61102715878124],[56.62694838961718,-66.94232598690624],[55.14159301241992,-65.96285668758983],[52.45182326754687,-65.9883617535078],[48.96721557101367,-66.97347680477733],[47.305083307830074,-67.7748607769453],[44.79703811129687,-67.74518243221874],[39.6471433969414,-68.93355981258983],[38.33204940280078,-70.02947656063671],[33.54134276827929,-68.54216424374218],[32.74804213961718,-69.34959832577343],[23.707478556243164,-70.5859188213789],[17.603171381560546,-70.08366052059765],[12.657907518950683,-70.31547204403515],[10.339816126433593,-70.70181695370312],[8.485341105071289,-70.08366052059765],[0.681093785372955,-71.31997338680858],[-4.88232704678418,-71.28133813290233],[-7.200421777161377,-70.89499322323437],[-11.141175237091797,-71.59042016415233],[-11.8284835485542,-72.32257501034374],[-16.39551826992871,-73.44488946346874],[-14.45094105282666,-74.06464806942577],[-17.168211903961915,-74.75847283749218],[-18.40453049221875,-75.68571130184765],[-23.581604924591797,-75.91752282528515],[-33.16305252591016,-77.38564721493358],[-36.40837952175977,-79.16285363583202],[-29.567681279572266,-79.22431603817577],[-28.91321846524121,-80.47643700985546],[-38.03104874173047,-80.94006005673046],[-43.82627960720899,-81.79002801327343],[-60.2074594167793,-82.3309139385664],[-74.88871475735547,-80.70824853329296],[-76.58865067044141,-79.39465752987499],[-80.76121231594922,-78.23561517147655],[-74.5023698476875,-78.08107415585155],[-78.59766098538282,-76.61294976620312],[-70.56160446682813,-76.69022027401562],[-64.45729538479688,-75.68571130184765],[-61.366505589875004,-73.90851251034374],[-60.825619664582035,-72.74946252255077],[-61.675587621125004,-70.81772271542187],[-65.38453384915235,-67.34058038143749],[-61.134694066437504,-64.86795464901562],[-57.271210637482426,-63.708904661222654],[-58.121178594025395,-63.399822629972654],[-62.91190430203321,-64.71340600399608],[-66.85265823880079,-66.79969445614452],[-67.08446976223829,-68.65416375546093],[-68.78439804592969,-69.8132137432539],[-67.08446976223829,-71.8222240581953],[-67.62535568753125,-72.74946252255077],[-75.58414169827344,-73.75397149471874],[-81.76572128811719,-74.02441064266796],[-88.56545731106641,-73.25171319393749],[-99.78819748440625,-72.9977611675703],[-101.88011642971875,-74.09877435116405],[-100.04510208645704,-75.30987969784374],[-105.64207932034375,-75.06755486874218],[-110.55704971829297,-75.30289117245312],[-113.23789688626172,-74.32137719540233],[-128.97754379788282,-74.91301385311718],[-134.77277084866407,-74.64256707577343],[-140.56799789944532,-75.2607235088789],[-146.67230698147657,-76.11069146542187],[-146.14586350003125,-77.4565242901289],[-149.99490829983594,-77.7333568706953],[-154.16746994534375,-77.11520043758983],[-158.18549057522657,-77.8106273785078],[-154.55382248440625,-79.12421838192577],[-148.604054418,-79.66510430721874],[-145.66779037991407,-80.51507226376171],[-152.08118149319532,-82.60135308651562],[-153.3097428945625,-83.94192925839062],[-148.75858017483594,-85.07398644833202],[-156.56282516995313,-85.460331358],[-167.22606369534375,-84.76490441708202],[-180,-84.32231561092968],[-180,-85.32231561092968],[-180,-86.32231561092968],[-180,-87.32231561092968],[-180,-88.32231561092968],[-180,-89.32231561092968],[-180,-90],[-179.203663793,-90],[-178.203663793,-90],[-177.203663793,-90],[-176.203663793,-90],[-175.203663793,-90],[-174.203663793,-90],[-173.203663793,-90],[-172.203663793,-90],[-171.203663793,-90],[-170.203663793,-90],[-169.203663793,-90],[-168.203663793,-90],[-167.203663793,-90],[-166.203663793,-90],[-165.203663793,-90],[-164.203663793,-90],[-163.203663793,-90],[-162.203663793,-90],[-161.203663793,-90],[-160.203663793,-90],[-159.203663793,-90],[-158.203663793,-90],[-157.203663793,-90],[-156.203663793,-90],[-155.203663793,-90],[-154.203663793,-90],[-153.203663793,-90],[-152.203663793,-90],[-151.203663793,-90],[-150.203663793,-90],[-149.203663793,-90],[-148.203663793,-90],[-147.203663793,-90],[-146.203663793,-90],[-145.203663793,-90],[-144.203663793,-90],[-143.203663793,-90],[-142.203663793,-90],[-141.203663793,-90],[-140.203663793,-90],[-139.203663793,-90],[-138.203663793,-90],[-137.203663793,-90],[-136.203663793,-90],[-135.203663793,-90],[-134.203663793,-90],[-133.203663793,-90],[-132.203663793,-90],[-131.203663793,-90],[-130.203663793,-90],[-129.203663793,-90],[-128.203663793,-90],[-127.203663793,-90],[-126.203663793,-90],[-125.203663793,-90],[-124.203663793,-90],[-123.203663793,-90],[-122.203663793,-90],[-121.203663793,-90],[-120.203663793,-90],[-119.203663793,-90],[-118.203663793,-90],[-117.203663793,-90],[-116.203663793,-90],[-115.203663793,-90],[-114.203663793,-90],[-113.203663793,-90],[-112.203663793,-90],[-111.203663793,-90],[-110.203663793,-90],[-109.203663793,-90],[-108.203663793,-90],[-107.203663793,-90],[-106.203663793,-90],[-105.203663793,-90],[-104.203663793,-90],[-103.203663793,-90],[-102.203663793,-90],[-101.203663793,-90],[-100.203663793,-90],[-99.203663793,-90],[-98.203663793,-90],[-97.203663793,-90],[-96.203663793,-90],[-95.203663793,-90],[-94.203663793,-90],[-93.203663793,-90],[-92.203663793,-90],[-91.203663793,-90],[-90,-90],[-89.203663793,-90],[-88.203663793,-90],[-87.203663793,-90],[-86.203663793,-90],[-85.203663793,-90],[-84.203663793,-90],[-83.203663793,-90],[-82.203663793,-90],[-81.203663793,-90],[-80.203663793,-90],[-79.203663793,-90],[-78.203663793,-90],[-77.203663793,-90],[-76.203663793,-90],[-75.203663793,-90],[-74.203663793,-90],[-73.203663793,-90],[-72.203663793,-90],[-71.203663793,-90],[-70.203663793,-90],[-69.203663793,-90],[-68.203663793,-90],[-67.203663793,-90],[-66.203663793,-90],[-65.203663793,-90],[-64.203663793,-90],[-63.203663793,-90],[-62.203663793,-90],[-61.203663793,-90],[-60.203663793,-90],[-59.203663793,-90],[-58.203663793,-90],[-57.203663793,-90],[-56.203663793,-90],[-55.203663793,-90],[-54.203663793,-90],[-53.203663793,-90],[-52.203663793,-90],[-51.203663793,-90],[-50.203663793,-90],[-49.203663793,-90],[-48.203663793,-90],[-47.203663793,-90],[-46.203663793,-90],[-45.203663793,-90],[-44.203663793,-90],[-43.203663793,-90],[-42.203663793,-90],[-41.203663793,-90],[-40.203663793,-90],[-39.203663793,-90],[-38.203663793,-90],[-37.203663793,-90],[-36.203663793,-90],[-35.203663793,-90],[-34.203663793,-90],[-33.203663793,-90],[-32.203663793,-90],[-31.203663793,-90],[-30.203663793,-90],[-29.203663793,-90],[-28.203663793,-90],[-27.203663793,-90],[-26.203663793,-90],[-25.203663793,-90],[-24.203663793,-90],[-23.203663793,-90],[-22.203663793,-90],[-21.203663793,-90],[-20.203663793,-90],[-19.203663793,-90],[-18.203663793,-90],[-17.203663793,-90],[-16.203663793,-90],[-15.203663793,-90],[-14.203663793,-90],[-13.203663793,-90],[-12.203663793,-90],[-11.203663793,-90],[-10.203663793,-90],[-9.203663793,-90],[-8.203663793,-90],[-7.203663793,-90],[-6.203663793,-90],[-5.203663793,-90],[-4.203663793,-90],[-3.203663793,-90],[-2.203663793,-90],[-1.203663793,-90],[-0.203663793,-90],[0.778056177703125,-90],[1.778056177703125,-90],[2.778056177703125,-90],[3.778056177703125,-90],[4.778056177703125,-90],[5.778056177703125,-90],[6.778056177703125,-90],[7.778056177703125,-90],[8.778056177703125,-90],[9.778056177703125,-90],[10.778056177703125,-90],[11.778056177703125,-90],[12.778056177703125,-90],[13.778056177703125,-90],[14.778056177703125,-90],[15.778056177703125,-90],[16.778056177703125,-90],[17.778056177703125,-90],[18.778056177703125,-90],[19.778056177703125,-90],[20.778056177703125,-90],[21.778056177703125,-90],[22.778056177703125,-90],[23.778056177703125,-90],[24.778056177703125,-90],[25.778056177703125,-90],[26.778056177703125,-90],[27.778056177703125,-90],[28.778056177703125,-90],[29.778056177703125,-90],[30.778056177703125,-90],[31.778056177703125,-90],[32.77805617770312,-90],[33.77805617770312,-90],[34.77805617770312,-90],[35.77805617770312,-90],[36.77805617770312,-90],[37.77805617770312,-90],[38.77805617770312,-90],[39.77805617770312,-90],[40.77805617770312,-90],[41.77805617770312,-90],[42.77805617770312,-90],[43.77805617770312,-90],[44.77805617770312,-90],[45.77805617770312,-90],[46.77805617770312,-90],[47.77805617770312,-90],[48.77805617770312,-90],[49.77805617770312,-90],[50.77805617770312,-90],[51.77805617770312,-90],[52.77805617770312,-90],[53.77805617770312,-90],[54.77805617770312,-90],[55.77805617770312,-90],[56.77805617770312,-90],[57.77805617770312,-90],[58.77805617770312,-90],[59.77805617770312,-90],[60.77805617770312,-90],[61.77805617770312,-90],[62.77805617770312,-90],[63.77805617770312,-90],[64.77805617770312,-90],[65.77805617770312,-90],[66.77805617770312,-90],[67.77805617770312,-90],[68.77805617770312,-90],[69.77805617770312,-90],[70.77805617770312,-90],[71.77805617770312,-90],[72.77805617770312,-90],[73.77805617770312,-90],[74.77805617770312,-90],[75.77805617770312,-90],[76.77805617770312,-90],[77.77805617770312,-90],[78.77805617770312,-90],[79.77805617770312,-90],[80.77805617770312,-90],[81.77805617770312,-90],[82.77805617770312,-90],[83.77805617770312,-90],[84.77805617770312,-90],[85.77805617770312,-90],[86.77805617770312,-90],[87.77805617770312,-90],[88.77805617770312,-90],[89.77805617770312,-90],[89.796336207,-90],[90,-90],[91.77805617770312,-90],[92.77805617770312,-90],[93.77805617770312,-90],[94.77805617770312,-90],[95.77805617770312,-90],[96.77805617770312,-90],[97.77805617770312,-90],[98.77805617770312,-90],[99.77805617770312,-90],[100.77805617770312,-90],[101.77805617770312,-90],[102.77805617770312,-90],[103.77805617770312,-90],[104.77805617770312,-90],[105.77805617770312,-90],[106.77805617770312,-90],[107.77805617770312,-90],[108.77805617770312,-90],[109.77805617770312,-90],[110.77805617770312,-90],[111.77805617770312,-90],[112.77805617770312,-90],[113.77805617770312,-90],[114.77805617770312,-90],[115.77805617770312,-90],[116.77805617770312,-90],[117.77805617770312,-90],[118.77805617770312,-90],[119.77805617770312,-90],[120.77805617770312,-90],[121.77805617770312,-90],[122.77805617770312,-90],[123.77805617770312,-90],[124.77805617770312,-90],[125.77805617770312,-90],[126.77805617770312,-90],[127.77805617770312,-90],[128.77805617770312,-90],[129.77805617770312,-90],[130.77805617770312,-90],[131.77805617770312,-90],[132.77805617770312,-90],[133.77805617770312,-90],[134.77805617770312,-90],[135.77805617770312,-90],[136.77805617770312,-90],[137.77805617770312,-90],[138.77805617770312,-90],[139.77805617770312,-90],[140.77805617770312,-90],[141.77805617770312,-90],[142.77805617770312,-90],[143.77805617770312,-90],[144.77805617770312,-90],[145.77805617770312,-90],[146.77805617770312,-90],[147.77805617770312,-90],[148.77805617770312,-90],[149.77805617770312,-90],[150.77805617770312,-90],[151.77805617770312,-90],[152.77805617770312,-90],[153.77805617770312,-90],[154.77805617770312,-90],[155.77805617770312,-90],[156.77805617770312,-90],[157.77805617770312,-90],[158.77805617770312,-90],[159.77805617770312,-90],[160.77805617770312,-90],[161.77805617770312,-90],[162.77805617770312,-90],[163.77805617770312,-90],[164.77805617770312,-90],[165.77805617770312,-90],[166.77805617770312,-90],[167.77805617770312,-90],[168.77805617770312,-90],[169.77805617770312,-90],[170.77805617770312,-90],[171.77805617770312,-90],[172.77805617770312,-90],[173.77805617770312,-90],[174.77805617770312,-90],[175.77805617770312,-90],[176.77805617770312,-90],[177.77805617770312,-90],[178.77805617770312,-90],[180,-90],[180,-89.31921807674999],[180,-88.31921807674999],[180,-87.31921807674999],[180,-86.31921807674999],[180,-85.31921807674999],[180,-84.34037438778515],[169.76938918551562,-83.41788903622265]]]]},"properties":{"NAME":"Antarctica","SUBJECTO":"Antarctica","PARTOF":"Antarctica"}},
{"type":"Feature","geometry":{"type":"Polygon","coordinates":[[[22.570443186370117,49.06668051333789],[21.585009607878906,49.49957998843555],[19.782160791960937,49.244300447419924],[17.678759607878906,50.338267885164065],[16.728022608367187,50.148624025300784],[14.828880343047363,50.91691168399219],[12.2353592248833,50.24080618472461],[13.946682962981445,48.655101381257815],[16.669154200164062,48.79378470034961],[17.331217798796875,47.99467810244922],[18.828471216765625,47.87797125430469],[20.579073938933593,48.5595775470293],[22.09947112521289,48.40459021182422],[22.570443186370117,49.06668051333789]]]},"properties":{"NAME":"Czechoslovakia","SUBJECTO":"Czechoslovakia","PARTOF":"Czechoslovakia"}},
{"type":"Feature","geometry":{"type":"Polygon","coordinates":[[[68.04699996432421,23.764070115999026],[68.72971633395312,24.309152208284182],[71.07779220065234,24.405879579500002],[70.63199904879687,25.70792730899219],[69.58228591403125,27.18854483218555],[70.32867721041796,27.999541841462893],[71.88997176608203,27.95489653201465],[74.52009871920703,31.042111955598635],[75.06043532809375,32.486033998445315],[74.05373671969531,33.14077719302539],[74.08755019625781,36.80492361636524],[72.37272170504687,36.717723451570315],[71.32484725436328,36.05156668277149],[71.65887740573046,35.12511023135547],[70.28924087008593,33.28308065982227],[69.50792220553515,32.94862326236133],[69.20640853366015,31.798038087800784],[68.24271682223437,31.76717909427051],[66.46658614596484,30.842952333406252],[66.09057143649218,29.736140809968752],[64.08925918063281,29.3945327624834],[62.36863997897265,29.384700380281252],[60.82045653781054,29.833345018342776],[61.65926650485156,28.656762681916994],[62.67098144015429,28.205365739778323],[63.240542444792965,26.665551744416994],[61.94130996188281,26.15635260196094],[61.56996444186328,25.03957136721973],[66.62050918063281,25.31748541446094],[66.70171645602343,24.75227888675098],[68.04699996432421,23.764070115999026]]]},"properties":{"NAME":"Pakistan","SUBJECTO":"Pakistan","PARTOF":"Pakistan"}},
{"type":"Feature","geometry":{"type":"Polygon","coordinates":[[[74.52053359469531,37.004581056550784],[74.08755019625781,36.80492361636524],[74.05373671969531,33.14077719302539],[75.06043532809375,32.486033998445315],[74.52009871920703,31.042111955598635],[71.88997176608203,27.95489653201465],[70.32867721041796,27.999541841462893],[69.58228591403125,27.18854483218555],[70.63199904879687,25.70792730899219],[71.07779220065234,24.405879579500002],[68.72971633395312,24.309152208284182],[68.04699996432421,23.764070115999026],[68.79081252535937,23.028724275544924],[69.12606337985156,21.9685073718584],[70.20994857272265,20.94797857852344],[71.02444747408984,20.657476030305666],[72.12086013278125,21.155339799836916],[72.75949386080859,20.057649217561526],[73.06422713717578,18.031716905549807],[73.84143355807421,15.390475831941409],[74.73362258395312,13.683358751252932],[75.21094039401171,12.102367959932131],[76.07506087741015,10.553955636934084],[76.70353225192187,8.706356607393069],[77.89976027926562,8.257814966157717],[79.82626632174609,10.358728013948244],[79.71073440035937,11.444942079500002],[80.22375777682421,12.831091485933108],[80.0894041391289,15.175155244783205],[81.36909774264453,16.34686430545215],[84.26272872408984,18.455840669587893],[85.1132078500664,19.442306123689455],[86.11916640719531,19.806542955354494],[87.64071944674609,21.563081346467776],[89.07225326022265,21.77433928103809],[88.67818740328906,23.44705542178516],[88.87958053073046,25.245194993928713],[92.1385984750664,25.09897383304004],[92.50995162448046,22.110425554231448],[93.12766555270312,22.202924333528323],[93.36920455416796,23.950511537507815],[94.18484786471484,23.93619879336719],[95.18182662448046,26.557555757478518],[97.01381972750781,27.583655916169924],[97.34041884860156,28.18211515994434],[96.2545652719414,28.385312639192385],[94.57171157321093,29.200709901765627],[91.60775283297656,27.641450487092776],[91.90890029391406,26.805301271394534],[90,26.778745256379885],[88.80257705172656,27.18099173159961],[88.19726088961718,27.87575491519336],[88.09216597994921,26.444518648103518],[86.7765379281914,26.46684416385059],[84.66636184176562,27.069509111360354],[84.13611129244921,27.53824385257129],[82.81183150729296,27.53824385257129],[80.09826949557421,28.951900087312502],[81.02130416354296,30.246511064485354],[79.10879043063281,31.45927771182422],[79.56532576998828,32.70180853457813],[78.62453750094531,33.50422628970508],[78.80669692477343,34.19973715396289],[77.84622481783984,35.24300345034961],[75.88974288424609,36.023238740876955],[75.62776473483203,36.76897390933399],[74.52053359469531,37.004581056550784]]]},"properties":{"NAME":"India","SUBJECTO":"India","PARTOF":"India"}},
{"type":"Feature","geometry":{"type":"Polygon","coordinates":[[[91.60775283297656,27.641450487092776],[94.57171157321093,29.200709901765627],[96.2545652719414,28.385312639192385],[97.34041884860156,28.18211515994434],[98.00866225680468,28.090755067781252],[98.95472929198131,28.960549849683318],[98.92514716941389,31.09347049532121],[97.70344489796338,32.55011551128145],[95.52630879884,31.735647330314432],[95.27570320469631,32.424812714209594],[92.95203306986112,32.69623170730459],[90.41952531096003,33.2414243498458],[89.8244041566891,34.193305640568674],[89.8335701623006,34.89908807265492],[89.56634295279787,36.05746181310546],[89.56634295279785,36.05746181310546],[88.52206235539614,36.50017951780404],[86.24796657894365,36.158577147950666],[84.09831478307095,35.355551851087746],[82.58687285875473,35.749077741967945],[81.69217848547466,35.257227884756894],[80.4470681468025,35.424481512339725],[79.83720520687247,34.50647205116811],[78.80669692477343,34.19973715396289],[78.62453750094531,33.50422628970508],[79.56532576998828,32.70180853457813],[79.10879043063281,31.45927771182422],[81.02130416354296,30.246511064485354],[81.65574935397265,30.454833589509768],[85.14416793307421,28.341794572786135],[87.21436599215625,27.843293748811526],[88.19726088961718,27.87575491519336],[88.80257705172656,27.18099173159961],[89.36553481539843,27.876128755525393],[91.15224746188281,28.032367311433596],[91.60775283297656,27.641450487092776]]]},"properties":{"NAME":"Tibet","SUBJECTO":"Tibet","PARTOF":"Tibet"}},
{"type":"Feature","geometry":{"type":"MultiPolygon","coordinates":[[[[108.5604734750664,19.06029661746387],[109.42965224703906,18.096622072175784],[110.26251510104296,18.625627122834963],[110.61735061129687,20.017461381868166],[109.55032638033984,19.913556657747073],[108.5604734750664,19.06029661746387]]],[[[119.71468408221509,46.71754876780269],[116.47667220553515,46.30715521426563],[115.62134841403125,45.49479254336719],[113.76871016940234,44.86583288760547],[112.10167983492968,45.14022406192188],[111.94530013522265,43.86007269473438],[109.37953475436328,42.43508490176563],[107.35880568942187,42.41124304385547],[105.02496627291796,41.58523520083789],[101.7360105844414,42.54075964541797],[98.21802047213671,42.59848364444141],[96.33866025508883,42.78884234223151],[96.09402888609944,41.997127116158495],[94.15113253014836,41.402607955643425],[93.00450517253789,40.585255611586604],[92.39934073379902,38.994567356782895],[90.1060860185781,38.4728141468336],[91.34826565598944,37.088337324540916],[91.25271337618855,36.11672049090093],[89.56634295279787,36.05746181310546],[89.8335701623006,34.89908807265492],[89.8244041566891,34.193305640568674],[90.41952531096003,33.2414243498458],[92.95203306986112,32.69623170730459],[95.27570320469631,32.424812714209594],[95.52630879884,31.735647330314432],[97.70344489796338,32.55011551128145],[98.92514716941389,31.09347049532121],[98.95472929198131,28.960549849683318],[98.00866225680468,28.090755067781252],[98.63722518405078,27.478742204622073],[98.73374465426562,26.34318121524219],[97.52405074557421,24.799996934846682],[98.76916030367968,24.08975752444629],[99.15594008883593,22.307843767122073],[100.32079604586718,21.463782869294924],[101.0139875741875,21.442420564607424],[101.96785262545703,22.533715806916994],[104.47811416110156,22.78323134036426],[105.31343368014453,23.296004854158205],[107.09811690768359,21.649287782625002],[107.87561324557421,21.462068162874026],[109.11740401705859,21.39900930972461],[110.0772199960625,20.867482744172854],[111.08559707125781,21.479402147249026],[112.74952224215625,21.756068788484377],[113.71678451022265,22.482215486482424],[116.34061721285937,22.9133315906084],[118.81294539889453,24.84941443057422],[119.47034743746875,25.77168234439258],[119.428904566375,26.590831361726565],[120.35180953463671,27.177013002351565],[121.35852340182421,28.385663591340823],[121.77031997164843,29.834281526521487],[121.60595992526171,31.827626787141604],[120.66086104830859,32.54311712832813],[119.97359755953906,34.13522299380664],[119.02086165866015,34.691932283357424],[120.13933852633593,36.194800935701174],[121.84669784030078,36.86017569156055],[120.65811446627734,37.73646505923633],[119.59885695895312,37.11661871524219],[118.87524703463671,37.94942816348438],[117.58946517428515,38.28448065371875],[117.75288680514453,39.20253714175586],[119.3365138687486,39.78616418758406],[119.65965725165864,41.053772312064744],[121.3077260977982,42.6359184043587],[121.76918537471727,44.152141742807075],[119.52781174396749,44.61360101972614],[119.71468408221509,46.71754876780269]]]]},"properties":{"NAME":"China","SUBJECTO":"China","PARTOF":"China"}},
{"type":"Feature","geometry":{"type":"Polygon","coordinates":[[[119.71468408221509,46.71754876780269],[119.52781174396749,44.61360101972614],[121.76918537471727,44.152141742807075],[121.3077260977982,42.6359184043587],[119.65965725165864,41.053772312064744],[119.3365138687486,39.78616418758406],[121.01060775241015,40.85068091006641],[122.10791305026171,40.35372122378711],[122.02749160250781,39.25575979800586],[124.13388350924609,39.843143068269534],[125.87949660739062,40.945026002839846],[126.47417739352343,41.651507936433596],[128.09849074801562,41.44936331363086],[130.22588637789843,42.65130194278125],[131.13964370211718,43.22656210513477],[130.99053481539843,44.817428194001955],[132.7776136728203,44.98773916812305],[134.16527846774218,47.3346019610918],[134.11167434176562,48.24926718325977],[130.92454055270312,47.73228796573047],[130.47582534274218,48.89962347598438],[127.71199325045703,49.69929464908008],[126.18638900241015,52.518146120027346],[125.50918105563281,53.15678747744922],[123.3526106210625,53.510299287751955],[121.18775466403125,53.31972845645313],[119.18234542330859,50.70172079654102],[119.29120162448046,50.124984346345705],[117.4905271860039,49.58627661319141],[116.75977614840625,49.92989309878711],[115.5963621469414,48.10479696841602],[118.77115920504687,47.86196478457813],[119.71468408221509,46.71754876780269]]]},"properties":{"NAME":"Manchuria","SUBJECTO":"Manchuria","PARTOF":"Manchuria"}},
{"type":"Feature","geometry":{"type":"MultiPolygon","coordinates":[[[[143.14329055270312,52.5112377032793],[141.6432142587578,51.813087068513674],[142.15287307223437,50.89004477115039],[141.73180678805468,47.47119101138477],[142.48990920504687,47.90160330386524],[143.63314345797656,50.23497732730274],[142.9439192148125,51.61730536075],[143.14329055270312,52.5112377032793]]],[[[48.824954065886715,38.3095775470293],[49.80730346163867,40.58070334048633],[47.56529525241015,43.007709108308596],[46.84594634493945,44.44641073794727],[47.556304010955074,45.4534984454668],[49.534514460173824,46.54151877017383],[51.36885741671679,47.09002264590625],[53.185217890349605,46.86522635074024],[52.60973647555468,45.39955099673633],[51.51272872408984,45.37257345767383],[50.874304804412105,44.62624701114063],[51.17103484591601,43.71806677432422],[52.51981643160937,42.072555147126955],[53.98521712741015,42.10553701968555],[54.81849578341601,40.87956961245899],[53.257300409880855,40.764632783845705],[52.84545043429492,40.18038138003711],[54.07141784152148,38.89694555850391],[54.015112909880855,37.34832724185352],[55.35565856417773,38.03765066714649],[57.225466761199215,38.18818625064258],[59.240481409636715,37.44784124942188],[61.221343073455074,35.581615053132815],[62.67759231051562,35.265460573152346],[64.540720972625,36.338092409089846],[65.72472670992968,37.490279756501955],[67.8555403085625,36.85289343448047],[71.44410994967578,37.83401449771289],[71.84756759127734,36.7160716876543],[73.04716018160937,37.32828863711719],[74.73327163180468,37.20940359683399],[74.57975295504687,38.59007986636524],[73.8270750375664,39.78373297305469],[75.42999556979296,40.6102367267168],[76.481638941375,40.43697317691211],[77.12774184664843,41.12502249331836],[78.40125564059375,41.22801550479297],[80.10927871188281,41.99955328555469],[80.77205947360156,43.382457338289065],[80.23662856539843,45.12263449283008],[82.4398908945,45.735477052644534],[83.25171187838671,47.29487570376758],[85.47764876803515,47.092662416414065],[85.60924819430468,48.1003375873125],[87.86840346774218,49.232886873201174],[89.796336207,49.816444002107424],[90,50.30670126529102],[92.15972426852343,50.755286775544924],[94.21045974215625,50.54928549380664],[94.69996932467578,50.026797853425784],[97.42278579196093,49.78633841128711],[98.23633101901171,50.24239691348438],[97.93963149508593,51.2269359454668],[98.91755965670703,52.03695639224414],[102.11743453463671,51.36111029239063],[103.68075850924609,50.16643484683399],[106.322947535125,50.416690431550784],[109.42404464205859,49.2955394610918],[112.52449325045703,49.462020479158205],[114.098338160125,50.27434881778125],[116.75977614840625,49.92989309878711],[117.4905271860039,49.58627661319141],[119.29120162448046,50.124984346345705],[119.18234542330859,50.70172079654102],[121.18775466403125,53.31972845645313],[123.3526106210625,53.510299287751955],[125.50918105563281,53.15678747744922],[126.18638900241015,52.518146120027346],[127.71199325045703,49.69929464908008],[130.47582534274218,48.89962347598438],[130.92454055270312,47.73228796573047],[134.11167434176562,48.24926718325977],[134.16527846774218,47.3346019610918],[132.7776136728203,44.98773916812305],[130.99053481539843,44.817428194001955],[131.13964370211718,43.22656210513477],[130.22588637789843,42.65130194278125],[130.43509963473437,42.27675970645313],[132.1817884775078,43.19463690371875],[132.95279983004687,42.669540010408205],[134.1389417978203,42.99295385928516],[136.03397658785937,44.39840658755664],[137.72051528414843,45.996680818513674],[140.08100417575,48.50260504336719],[141.12119582614062,53.051631532625],[140.10245803317187,53.80170401187305],[134.98522475680468,54.85393484683399],[137.22909072360156,55.98272284121875],[140.58739760836718,58.23931082339649],[142.8458509775078,59.272525392488284],[148.4160871835625,59.09739264102344],[151.1402082773125,59.43957098575],[152.50420669039843,58.76871832461719],[153.92443374117968,58.922347627595705],[154.31565383395312,59.983348451570315],[157.09798720797656,61.633399568513674],[158.841258082,61.78396948428516],[160.64498427828906,60.71775396914844],[164.13767531832812,62.53265341372852],[163.329295191375,60.694949708894534],[158.32625869235156,58.02682074160938],[156.77685073336718,57.580455385164065],[155.62757399996875,56.26791723819141],[155.46520522555468,54.91977270694141],[156.69637587985156,50.957748018220705],[157.8977766366875,51.6660228595293],[158.46136001071093,52.82596167178516],[159.89686110934375,53.240577302888674],[159.93114760836718,54.08635672183399],[162.0082044931328,54.738223634675784],[161.50274184664843,55.287372194246096],[162.512400660125,57.033492647126955],[161.80436233004687,58.101722322419924],[163.38868239840625,59.814063631013674],[165.77999404391406,60.35411413760547],[170.33680251559375,60.277103029207034],[173.4809065195,61.60110052676563],[179.28769973239062,62.81507834048633],[178.14725783785937,64.1566348895586],[180,64.95347937198048],[180,65.05193670840626],[180,65.31103094668751],[180,65.3816333636797],[180,65.96313055606251],[180,66.96313055606251],[180,67.96313055606251],[180,68.91989477725392],[175.61097243746875,69.77942999453907],[170.45170119723437,70.01921423526173],[167.32007888278125,69.65857275576954],[161.96099379977343,69.52816351504688],[159.44381240328906,69.76456030459767],[158.40867141207812,70.81418951602345],[152.13401320895312,70.66443213076954],[146.91512587985156,72.20190008731251],[141.2939710946953,72.78707464785938],[137.62967971285937,71.07541998477345],[132.28361037692187,71.66087683291798],[130.77927688082812,70.678340517],[126.21644118746875,72.38231237979298],[125.71732619723437,73.39780005069142],[120.57851699313281,72.83511694522267],[118.46038344821093,73.51922949405079],[108.33986190280078,73.69124182315235],[113.6250486703789,75.27267035098438],[113.5330076547539,76.09365423770313],[108.24447158297656,76.64641913028126],[103.39330581149218,77.55778845401173],[99.4672346445,75.96692236514454],[90,75.60154303164845],[86.9583235116875,74.78206213565235],[87.69079116305468,73.90001257510548],[80.46401504000781,73.31357916446095],[79.22255996188281,72.27128943057423],[73.21685317477343,71.45773657412892],[74.24957564791796,70.57294806094532],[73.91452315768359,69.15427740664845],[74.74171737155078,67.68622168155079],[72.2088117929375,66.17345770450001],[70.83993056735156,66.55140265078907],[72.8376951547539,67.6456485614336],[72.67970565280078,70.82351263614063],[71.797556910125,71.4318042621172],[72.71399978121875,72.76958807559376],[69.34311202487109,72.83426245303517],[66.81797316989062,71.10538061709767],[67.42175582369921,70.2234302386797],[66.58425429782031,68.8855396136797],[62.28127196749804,69.70512732119923],[57.02422622164843,68.44890936465626],[53.88911727389453,68.78699835391407],[48.08066085299609,67.56245764346485],[45.86343673190234,68.38334997744923],[43.82216552218554,68.32731970401173],[44.383608851042965,66.61201819033985],[42.21078780612109,66.41000708194142],[39.95132735690234,65.58116491885548],[39.19344237765429,64.51103552432423],[37.41054061373828,63.749496065095705],[35.081763300505855,64.28833349795704],[34.29341414889453,65.39624365420704],[35.77174666842578,66.25886877627735],[39.19002822360156,66.03870733828907],[41.2552976938164,66.93697699160938],[40.826052698699215,67.66004522891407],[37.24586394747851,68.7934985980547],[31.0537824960625,69.63959082217579],[28.69715407809375,68.69552954287892],[29.946114573088867,67.53390844912892],[29.022913965789062,66.88741644473438],[29.61822226962207,64.97341497989063],[31.13995078524707,63.12374075503711],[30.90184691866992,62.12546881289844],[28.431775126067382,60.60346945376758],[27.702038797942382,59.297504030183596],[25.72112182101367,59.459842287019534],[23.415757212249023,59.11896475406055],[24.34649947604297,57.15972097964649],[21.67733100375293,57.46365698428516],[20.96482757052539,56.60902365298633],[21.137343439666015,54.84545858950977],[19.977538141814453,54.42394217105274],[23.3106184335625,54.30889471621875],[23.95680526217578,52.87940939517383],[23.372628244963867,52.55644568057422],[24.113539728728515,50.68047674746875],[22.570443186370117,49.06668051333789],[22.09947112521289,48.40459021182422],[23.02892783602832,48.012225709871096],[25.237456354705078,47.92094000430469],[26.995348963347656,48.18953665347461],[28.078686747161132,47.030536256746096],[28.189839396086914,45.46402319522266],[29.615916285125,45.41020544619922],[30.83285621127246,46.57659109683399],[33.63883880099414,45.92677267642383],[33.39549544772265,44.60049017520313],[35.0673208566582,44.86172445865039],[34.906809839812496,46.273021303132815],[37.42214492282031,47.076881013826174],[37.97017196139453,46.44128378482227],[37.47389129122851,44.692359529451174],[38.92371276339648,44.21186026187305],[41.40974334200976,42.78824194522266],[41.48396209200976,41.436542116121096],[42.87842467745898,41.54550512881641],[44.669585260955074,39.75698813052539],[45.749243769255855,38.87657888980274],[47.99317077120898,38.85046347232227],[48.824954065886715,38.3095775470293]]],[[[-180,66.96313055606251],[-180,65.96313055606251],[-180,65.38161810489063],[-180,65.31103094668751],[-180,65.25922735782032],[-178.11627670803907,65.48249395938282],[-173.07701584378125,64.38398321719532],[-172.56233688870313,65.51480444522267],[-170.61266037503125,66.0377612933672],[-171.95799728909375,66.95566900821095],[-173.87494370022657,67.15932806582813],[-180,68.91692694278126],[-180,67.96313055606251],[-180,66.96313055606251]]],[[[54.73616317233203,73.25771673770313],[51.48213485201953,71.84467657657032],[55.72066405734179,71.64242132754688],[54.73616317233203,73.25771673770313]]],[[[54.99362472018359,73.53622778506642],[56.96043685397265,73.35708960147267],[60.88701919039843,75.24749334903126],[66.54819014987109,75.97989233584767],[65.92605880221484,76.50735815616017],[59.01763061007617,75.79893072696095],[54.01755050143359,73.73358496280079],[54.99362472018359,73.53622778506642]]]]},"properties":{"NAME":"USSR","SUBJECTO":"USSR","PARTOF":"USSR"}},
{"type":"Feature","geometry":{"type":"Polygon","coordinates":[[[10.437767325705437,54.29748898869198],[10.70598854214139,52.98330005651516],[9.848838324690224,51.338124639149214],[9.890313335212054,50.77129949535086],[10.166813405357592,50.49479942520532],[12.2353592248833,50.24080618472461],[14.828880343047363,50.91691168399219],[14.280191454497558,53.61341818423633],[12.652518305388671,54.32142599673633],[10.437767325705437,54.29748898869198]]]},"properties":{"NAME":"Germany (Soviet)","SUBJECTO":"USSR","PARTOF":"Germany (Soviet)"}},
{"type":"Feature","geometry":{"type":"Polygon","coordinates":[[[6.410244926808862,49.55315113421634],[6.433043036071044,49.445331178621096],[7.317378077117187,49.18621405215625],[7.323584248531404,49.18603127251956],[6.410244926808862,49.55315113421634]]]},"properties":{"NAME":"Saar Protectorate","SUBJECTO":"France","PARTOF":"Saar Protectorate"}},
{"type":"Feature","geometry":{"type":"Polygon","coordinates":[[[19.36771300753711,41.84637030215625],[20.574980768767578,41.92991217227344],[21.031638178435546,40.726790986970705],[22.920243296233398,41.230689607576174],[22.326350245085937,42.292674623445315],[22.91516402682422,43.176402650789065],[22.69400123080371,44.26309164615039],[21.367487940398437,44.80874975772266],[20.31473449191211,46.131507478669924],[17.794407877532226,45.806651674226565],[16.25957396945117,46.888804994539065],[14.14818848806133,46.4333658347332],[14.378762528596244,45.31481271291738],[15.412318262664062,43.934756837800784],[16.992262873259765,43.32271536441211],[19.36771300753711,41.84637030215625]]]},"properties":{"NAME":"Yugoslavia","SUBJECTO":"Yugoslavia","PARTOF":"Yugoslavia"}},
{"type":"Feature","geometry":{"type":"MultiPolygon","coordinates":[[[[8.819559130278808,38.976913057283205],[9.478920015898925,39.14415701480274],[9.793739351836425,40.56368216128711],[8.240707430449707,40.85533865542774],[8.819559130278808,38.976913057283205]]],[[[14.942398104277832,36.738563142732424],[15.386741671172363,38.20554693789844],[12.454147371855957,37.766009889558596],[14.942398104277832,36.738563142732424]]],[[[14.378762528596244,45.31481271291738],[14.14818848806133,46.4333658347332],[12.074753794280273,46.92750509829883],[10.395699534026367,46.88741263003711],[9.884957346526367,46.402530275300784],[6.955283197966796,45.93890341372852],[6.782917532531005,44.54787405581836],[7.552810225096923,43.867450319246096],[8.896585497466308,44.43718679995899],[9.909300837126953,44.110477052644534],[10.742755922881347,42.850509248689455],[12.641516718474609,41.53109701724414],[15.666200670806152,40.091861329988284],[17.084080729094726,40.52511175723438],[14.092769655791503,42.60952719302539],[13.600871119109375,43.53480490298633],[12.34507659396289,44.30104025454883],[12.176189455596191,45.21429022403125],[13.156165155974609,45.72652395816211],[14.378762528596244,45.31481271291738]]]]},"properties":{"NAME":"Italy","SUBJECTO":"Italy","PARTOF":"Italy"}},
{"type":"Feature","geometry":{"type":"Polygon","coordinates":[[[22.869903425427715,38.83716368115139],[23.120776847909273,38.86676557896794],[23.63772814271976,38.52262680680808],[23.78977264119343,38.71863293758614],[23.242412446688213,39.04411813294447],[22.869903425427715,38.83716368115139]]]},"properties":{"NAME":null,"SUBJECTO":null,"PARTOF":null}},
{"type":"Feature","geometry":{"type":"Polygon","coordinates":[[[24.65642628249336,37.901413077728705],[25.31781985085383,37.40184103098311],[25.27220650131173,37.56472113091166],[24.76285743142493,38.003319956303606],[24.65642628249336,37.901413077728705]]]},"properties":{"NAME":null,"SUBJECTO":null,"PARTOF":null}},
{"type":"Feature","geometry":{"type":"Polygon","coordinates":[[[8.349169531885,50.33204961603746],[9.848838324690224,51.338124639149214],[10.70598854214139,52.98330005651516],[10.437767325705437,54.29748898869198],[9.49598220309375,54.93829306216602],[8.616097483245117,54.88736303897266],[8.848478350249511,53.749679170564455],[7.159938845244628,53.16400106997852],[5.999575647917968,50.74159964175586],[6.108513388243896,50.11745413394336],[6.108513388243898,50.117454133943355],[8.349169531885,50.33204961603746]]]},"properties":{"NAME":"Germany (UK)","SUBJECTO":"United Kingdom","PARTOF":"Germany (UK)"}},
{"type":"Feature","geometry":{"type":"Polygon","coordinates":[[[9.725380188692831,47.60655127474964],[12.700078997222167,47.69024618716602],[13.946682962981445,48.655101381257815],[12.2353592248833,50.24080618472461],[10.166813405357592,50.49479942520532],[9.890313335212054,50.77129949535086],[9.848838324690224,51.338124639149214],[8.349169531885,50.33204961603746],[8.439535266072888,48.989727142587384],[9.725380188692831,47.60655127474964]]]},"properties":{"NAME":"Germany (USA)","SUBJECTO":"USA","PARTOF":"Germany (USA)"}},
{"type":"Feature","geometry":{"type":"Polygon","coordinates":[[[6.410244926808862,49.55315113421634],[7.323584248531404,49.18603127251956],[7.422812018004638,49.183108888582034],[7.506581816283447,47.60370596499805],[8.983487283772465,47.679618759299416],[9.118142444734893,47.67853423872031],[9.216057312656227,47.67100283816657],[9.665470719275044,47.55624011404333],[9.725380188692831,47.60655127474964],[8.439535266072888,48.989727142587384],[8.349169531885,50.33204961603746],[6.108513388243898,50.117454133943355],[6.136599573699218,49.981978975251955],[6.410244926808862,49.55315113421634]]]},"properties":{"NAME":"Germany (France)","SUBJECTO":"France","PARTOF":"Germany (France)"}},
{"type":"Feature","geometry":{"type":"Polygon","coordinates":[[[-61.686668,17.024441000000138],[-61.794449,17.16333],[-61.887222,17.033054000000106],[-61.686668,17.024441000000138]]]},"properties":{"NAME":"Antigua and Barbuda","SUBJECTO":"Antigua and Barbuda","PARTOF":"Antigua and Barbuda"}},
{"type":"Feature","geometry":{"type":"Polygon","coordinates":[[[6.955283197966796,45.93890341372852],[6.360944279594113,46.347862108145755],[6.172219470275174,46.211872294689975],[6.107886,46.575919],[7.506581816283447,47.60370596499805],[7.422812018004638,49.183108888582034],[7.317378077117187,49.18621405215625],[6.433043036071044,49.445331178621096],[5.823500189391357,49.50710638614063],[2.875059876052124,50.68182333560352],[2.522131952849609,51.09112127871875],[0.032870042530281,49.33370550723438],[-1.891543593796509,49.526351533845705],[-3.954837766083497,47.90433844180469],[-2.004645553025025,47.04250296206836],[-1.075199690254944,46.01461752505664],[-1.561407771500367,43.524425111726565],[-1.914577808769959,43.3054157123125],[-0.611982133778351,42.73087652774219],[1.454372944795423,42.61290349092135],[1.481111,42.647217],[1.723611,42.509438],[1.912632004273085,42.45393734381684],[3.087081465331298,42.36864431949024],[4.078196081725341,43.48708685489063],[5.828570398894531,43.020816408113284],[7.552810225096923,43.867450319246096],[6.782917532531005,44.54787405581836],[6.955283197966796,45.93890341372852]]]},"properties":{"NAME":"France","SUBJECTO":"France","PARTOF":"France"}},
{"type":"Feature","geometry":{"type":"Polygon","coordinates":[[[1.723611,42.509438],[1.481111,42.647217],[1.445833,42.601944],[1.718889,42.503052],[1.723611,42.509438]]]},"properties":{"NAME":"Andorra","SUBJECTO":"Andorra","PARTOF":"Andorra"}},
{"type":"Feature","geometry":{"type":"Polygon","coordinates":[[[-59.533058,13.050554],[-59.429169,13.164999],[-59.659447,13.287777],[-59.643333,13.149166],[-59.533058,13.050554]]]},"properties":{"NAME":"Barbados","SUBJECTO":"Barbados","PARTOF":"Barbados"}},
{"type":"Feature","geometry":{"type":"Polygon","coordinates":[[[-61.363617,15.198055],[-61.25528,15.285],[-61.304169,15.57361],[-61.474724,15.486387],[-61.363617,15.198055]]]},"properties":{"NAME":"Dominica","SUBJECTO":"Dominica","PARTOF":"Dominica"}},
{"type":"Feature","geometry":{"type":"Polygon","coordinates":[[[-61.746948,11.997499],[-61.59639,12.125555],[-61.724724,12.172222],[-61.746948,11.997499]]]},"properties":{"NAME":"Grenada","SUBJECTO":"Grenada","PARTOF":"Grenada"}},
{"type":"Feature","geometry":{"type":"Polygon","coordinates":[[[-60.86084,14.402777],[-60.829727,14.57],[-61.034447,14.829166],[-61.231674,14.809444],[-61.03389,14.465832],[-60.86084,14.402777]]]},"properties":{"NAME":"Martinique (France)","SUBJECTO":"France","PARTOF":"Martinique (France)"}},
{"type":"Feature","geometry":{"type":"Polygon","coordinates":[[[-62.171394,16.671387],[-62.137505,16.692776],[-62.176392,16.808609],[-62.236671,16.711941],[-62.171394,16.671387]]]},"properties":{"NAME":"Montserrat","SUBJECTO":"Montserrat","PARTOF":"Montserrat"}},
{"type":"Feature","geometry":{"type":"Polygon","coordinates":[[[-63.167778,18.164444],[-62.993057,18.227219],[-63.057503,18.256386],[-63.167778,18.164444]]]},"properties":{"NAME":"Anguilla","SUBJECTO":"Anguilla","PARTOF":"Anguilla"}},
{"type":"Feature","geometry":{"type":"Polygon","coordinates":[[[-62.701668,17.336941],[-62.812782,17.409443000000124],[-62.863892,17.370831000000123],[-62.778336,17.292221],[-62.701668,17.336941]]]},"properties":{"NAME":"Saint Kitts and Nevis","SUBJECTO":"Saint Kitts and Nevis","PARTOF":"Saint Kitts and Nevis"}},
{"type":"Feature","geometry":{"type":"Polygon","coordinates":[[[-60.954727,13.709444],[-60.878059,13.956665],[-61.075005,13.896944],[-60.954727,13.709444]]]},"properties":{"NAME":"Saint Lucia","SUBJECTO":"Saint Lucia","PARTOF":"Saint Lucia"}},
{"type":"Feature","geometry":{"type":"Polygon","coordinates":[[[-61.173058,13.1325],[-61.123337,13.248888000000136],[-61.208893,13.367777],[-61.278061,13.250277],[-61.173058,13.1325]]]},"properties":{"NAME":"Saint Vincent and the Grenadines","SUBJECTO":"Saint Vincent and the Grenadines","PARTOF":"Saint Vincent and the Grenadines"}},
{"type":"Feature","geometry":{"type":"Polygon","coordinates":[[[-64.761948,17.774166],[-64.870834,17.774719],[-64.888901,17.686943],[-64.738892,17.708054],[-64.761948,17.774166]]]},"properties":{"NAME":"United States Virgin Islands","SUBJECTO":"USA","PARTOF":"United States Virgin Islands"}},
{"type":"Feature","geometry":{"type":"Polygon","coordinates":[[[-61.346115,16.334164],[-61.49889399999989,16.34861000000012],[-61.793892,16.241943000000106],[-61.695007,15.949165],[-61.55277999999987,16.054443000000106],[-61.581116,16.204720000000123],[-61.346115,16.334164]]]},"properties":{"NAME":"Guadeloupe","SUBJECTO":"France","PARTOF":"Guadeloupe"}},
{"type":"Feature","geometry":{"type":"Polygon","coordinates":[[[-68.965561,12.198889],[-69.077789,12.34861],[-69.15834,12.311388],[-69.0625,12.188332000000116],[-68.83223,12.049444000000108],[-68.824173,12.160276000000124],[-68.965561,12.198889]]]},"properties":{"NAME":"Netherlands Antilles","SUBJECTO":"Netherlands Antilles","PARTOF":"Netherlands Antilles"}},
{"type":"Feature","geometry":{"type":"Polygon","coordinates":[[[-63.011459,18.067276],[-63.045006,18.121387],[-63.139839,18.058601],[-63.011459,18.067276]]]},"properties":{"NAME":"Saint Martin","SUBJECTO":"Saint Martin","PARTOF":"Saint Martin"}},
{"type":"Feature","geometry":{"type":"Polygon","coordinates":[[[-63.139839,18.058601],[-63.03334,18.015553],[-63.011459,18.067276],[-63.139839,18.058601]]]},"properties":{"NAME":"Saint Barthelemy","SUBJECTO":"Saint Barthelemy","PARTOF":"Saint Barthelemy"}},
{"type":"Feature","geometry":{"type":"Polygon","coordinates":[[[19.334442,57.955826],[19.104721,57.975273],[19.1416660000001,57.907776],[19.334442,57.955826]]]},"properties":{"NAME":null,"SUBJECTO":null,"PARTOF":null}},
{"type":"Feature","geometry":{"type":"Polygon","coordinates":[[[18.206108,56.911942],[18.711941,57.241661],[18.809166,57.703606],[18.111385,57.51944],[18.206108,56.911942]]]},"properties":{"NAME":null,"SUBJECTO":null,"PARTOF":null}},
{"type":"Feature","geometry":{"type":"Polygon","coordinates":[[[107.12985960074704,12.200553002254654],[105.84254744967578,11.5827070102251],[105.49370864352343,10.888218484834475],[104.38717940768359,10.314412675813479],[104.97852614840625,9.980911813691897],[104.7424803110039,8.493669115022463],[107.5766067628439,10.467924338832885],[107.12985960074704,12.200553002254654]]]},"properties":{"NAME":"Cochin China","SUBJECTO":"France","PARTOF":"Cochin China"}},
{"type":"Feature","geometry":{"type":"Polygon","coordinates":[[[104.68361647020298,20.23626296336158],[103.89931014498828,19.313087068513674],[104.81215957125781,18.721570573762698],[106.63819411715625,16.484338365510744],[107.10751632174609,16.169568620637698],[107.39329055270312,14.583531938508791],[107.48226455172656,12.583323083833498],[107.12985960074704,12.200553002254654],[107.5766067628439,10.467924338832885],[109.07335189303515,11.635222040132327],[109.30712417086718,12.906332574800295],[108.78612044772265,15.090558610872073],[108.23614791354296,16.080380998567385],[106.43306258639453,17.55027922244434],[105.53258040866015,18.84421118350391],[105.85019201631732,19.71238709282271],[104.68361647020298,20.23626296336158]]]},"properties":{"NAME":"Annam","SUBJECTO":"France","PARTOF":"Annam"}},
{"type":"Feature","geometry":{"type":"Polygon","coordinates":[[[47.84380174357305,7.916350873374235],[44.9946775766289,4.816644273713869],[43.87238982638476,4.835395418123049],[41.76521972140429,3.825038038209719],[41.023142847624996,2.714712224916262],[41.05956176241992,-1.079754389806943],[41.609892878142574,-1.876740492864805],[42.440066370574215,-0.511580146833616],[43.724307093230465,0.800251446679873],[46.360503229705074,2.667831026033205],[48.47157958468554,5.20143374057178],[50.77938369235156,9.368420206025881],[51.12975982150195,10.70987757296924],[51.06106491024342,11.828883800830964],[48.52553397887796,8.422838300938263],[47.84380174357305,7.916350873374235]]]},"properties":{"NAME":"Somalia","SUBJECTO":"United Kingdom","PARTOF":"Somalia"}},
{"type":"Feature","geometry":{"type":"Polygon","coordinates":[[[51.06106491024342,11.828883800830964],[49.30350020846484,11.246025644258303],[47.39071181735156,11.159307084993166],[44.28083709200976,10.396465860322756],[43.29847625216601,11.475552164033694],[42.92759993991015,10.892751298860354],[42.80173018893359,10.345485292390627],[43.85603240450976,9.029882036165041],[46.95213607272265,7.929729543641848],[47.84380174357305,7.916350873374235],[48.52553397887796,8.422838300938263],[51.06106491024342,11.828883800830964]]]},"properties":{"NAME":"British Somaliland","SUBJECTO":"United Kingdom","PARTOF":"British Somaliland"}},
{"type":"Feature","geometry":{"type":"Polygon","coordinates":[[[17.699284495826618,22.536621308572617],[20.548014673796875,21.16387327762012],[23.949723276702148,19.47427710147266],[24.957913431731445,20.045747362092776],[24.952900919524414,21.88223799319629],[24.93749717196582,24.926002107576174],[24.94439414462207,29.170522294954104],[24.711909327117187,30.14764555545215],[25.106553110686523,31.51384123416309],[21.67341903170703,32.815589509919924],[20.365721735564453,32.29824026675586],[20.116768869963867,30.957103334382815],[18.915026697722656,30.204860292390627],[18.365601664708635,30.518660679894957],[17.555471870628406,29.294484211914025],[17.699284495826618,22.536621308572617]]]},"properties":{"NAME":"Cyraneica (UK Lybia)","SUBJECTO":"United Kingdom","PARTOF":"Cyraneica (UK Lybia)"}},
{"type":"Feature","geometry":{"type":"Polygon","coordinates":[[[17.555471870628406,29.294484211914025],[18.365601664708635,30.518660679894957],[15.843325647917968,31.285003267244143],[15.00978663882373,32.363441072419924],[12.564756426421386,32.73963888736133],[11.47068694552539,33.14409216494922],[11.416425737944824,32.32773932071094],[10.132420572844726,31.48158224673633],[9.57486060580371,30.20736464114551],[9.606980010374219,29.540790889051014],[17.555471870628406,29.294484211914025]]]},"properties":{"NAME":"Tripolitana (UK Lybia)","SUBJECTO":"United Kingdom","PARTOF":"Tripolitana (UK Lybia)"}},
{"type":"Feature","geometry":{"type":"Polygon","coordinates":[[[9.587658226597478,4.032880755024167],[9.881230387297851,2.058266244844241],[11.217659983245117,2.05425675959949],[13.266093287078125,2.110948883012576],[16.076737436858398,2.127680860475344],[15.123709711638671,3.609356723741335],[14.402967485991699,5.829723916963381],[15.556958231536132,7.501873098329348],[15.004431757537109,8.540975175813479],[13.910858187285644,9.551455102876467],[15.16351035555957,10.372434221223635],[15.00175384005664,12.017644487336916],[14.033436808196289,13.060618959382815],[14.505929026213867,11.480813585237307],[13.787839922515136,11.08885820956592],[12.828052553740722,9.449688516572756],[11.579299006072265,6.791787706331057],[11.072158343219934,6.396397537987197],[9.587658226597478,4.032880755024167]]]},"properties":{"NAME":"Cameroon","SUBJECTO":"Cameroon","PARTOF":"Cameroon"}},
{"type":"Feature","geometry":{"type":"Polygon","coordinates":[[[-71.657791,21.82333],[-71.847778,21.854721],[-71.827515,21.776386],[-71.657791,21.82333]]]},"properties":{"NAME":"Turks and Caicos Islands","SUBJECTO":"Turks and Caicos Islands","PARTOF":"Turks and Caicos Islands"}},
{"type":"Feature","geometry":{"type":"Polygon","coordinates":[[[-77.735001,26.914444],[-77.525558,26.856388],[-77.151398,26.255276],[-77.039734,26.497776],[-77.500839,26.862862],[-77.735001,26.914444]]]},"properties":{"NAME":"Bahamas","SUBJECTO":"Bahamas","PARTOF":"Bahamas"}},
{"type":"Feature","geometry":{"type":"Polygon","coordinates":[[[-74.220001,40.51166500000011],[-74.057495,40.599716000000114],[-74.176941,40.641937],[-74.220001,40.51166500000011]]]},"properties":{"NAME":"United States","SUBJECTO":"United States","PARTOF":"United States"}},
{"type":"Feature","geometry":{"type":"Polygon","coordinates":[[[106.5526609750664,-3.175201572462278],[106.32863906344531,-2.571952022596555],[105.42667678317187,-1.709628261610227],[105.1996565195,-2.110476411863523],[105.81182387789843,-2.382413543745237],[105.99474624117968,-2.890428461118894],[106.5526609750664,-3.175201572462278]]]},"properties":{"NAME":"Indonesia","SUBJECTO":"Indonesia","PARTOF":"Indonesia"}},
{"type":"Feature","geometry":{"type":"Polygon","coordinates":[[[140.94761184176562,-9.273864187284666],[140.94549087008593,-6.379222787901121],[140.8697767587578,-2.794752515836912],[137.8543196054375,-1.613961376234251],[136.27088454684375,-2.418122448011594],[135.24643996676562,-3.538871921583372],[134.28306106051562,-2.854586996122556],[133.90731337985156,-1.006078936144071],[132.25400832614062,-0.526697672887998],[131.21142104586718,-1.02463797478314],[132.71871474703906,-2.934237636610227],[132.71282485446093,-3.887547172590452],[134.04062941989062,-3.948230661436277],[137.38517287692187,-5.123125947996336],[137.82358840426562,-5.427235998197752],[139.15613845309375,-7.725116647764402],[140.94761184176562,-9.273864187284666]]]},"properties":{"NAME":"Dutch Guinea","SUBJECTO":"Netherlands","PARTOF":"Dutch Guinea"}},
{"type":"Feature","geometry":{"type":"MultiPolygon","coordinates":[[[[103.38418868502734,-0.894272543474393],[103.72215560397265,0.015183419004721],[102.47178176364062,0.622509859517855],[101.05975631198046,2.080969177202029],[98.14550307711718,4.069854341462893],[97.38407424410937,5.180140577272219],[96.18733504733203,5.14578827472095],[95.56092360934375,4.534462533906741],[96.72036269625781,3.704589210466189],[97.59714797457812,2.251384101823611],[98.60055068453906,1.707089506105227],[99.11331466158984,0.221247725204272],[99.69655135592578,-0.152409575864034],[100.81207564791796,-2.336048044248777],[102.4622297616875,-4.181821741148191],[104.56848433932421,-6.071165479704099],[105.72847274264453,-5.827141679807859],[105.942820582,-3.214655078932005],[103.38418868502734,-0.894272543474393]]],[[[105.6639891000664,-6.519298471494871],[106.48369887789843,-7.503360189481931],[108.1602278085625,-7.855642713590818],[109.03720382174609,-7.720286764188963],[110.77773574313281,-8.320307172819334],[113.07378676852343,-8.347123540922361],[112.27479079684375,-7.026889719053464],[111.04471877535937,-6.851591505094724],[108.55577376803515,-6.920526422544675],[106.94509414157031,-6.025983728452879],[105.6639891000664,-6.519298471494871]]],[[[109.5175047250664,1.820520602182192],[108.81431106051562,0.807816825822634],[109.17891982516406,-0.869010366483884],[109.94090560397265,-1.642648614927488],[110.10230544528125,-3.078540958448606],[112.79538253268359,-2.971020854994016],[114.71241286715625,-4.206153310819822],[115.56814101657031,-3.803909935041624],[116.34913161715625,-2.416793264433103],[116.04627517184375,-1.934458293005186],[117.04563430270312,-0.934580959364133],[117.53428939303515,0.610662959531588],[118.5172605844414,1.165625892595095],[117.07397750338671,3.507199846223635],[117.55868819674609,3.980721078828616],[115.70677474459765,4.156728349641604],[115.53003982028125,3.170721374467654],[114.65887740573046,1.595793567613406],[113.67678359469531,1.145051680520815],[112.39998153170703,1.429807148889346],[111.56202224215625,0.763813756421847],[110.54860213717578,0.726002536729617],[109.5175047250664,1.820520602182192]]],[[[119.69748977145312,0.005301356331152],[119.17457107028125,-2.175528682752805],[118.68360427340625,-2.901070751234251],[119.461131128875,-3.808197893186765],[119.47684005221484,-5.803768075987058],[120.24806502780078,-5.58600751309033],[120.14419082125781,-3.075864233061033],[121.87277511080859,-4.95966473965283],[122.64091018160937,-4.284319795652586],[122.25816634616015,-3.211096681638914],[120.50657180270312,-1.448180831953245],[119.69748977145312,0.005301356331152]]]]},"properties":{"NAME":"Indonesia","SUBJECTO":"Indonesia","PARTOF":"Indonesia"}},
{"type":"Feature","geometry":{"type":"MultiPolygon","coordinates":[[[[-122.90025040188672,49.06718023867969],[-122.82603928128125,48.023482881501955],[-124.67528244534375,48.38582571597461],[-123.99469467678907,45.76409491153125],[-124.62967392483594,43.013995729402346],[-124.15260788479688,41.580150209382815],[-124.36481186428907,40.33432348819141],[-123.79630753079297,39.03041037173633],[-121.9320573476875,37.008975587800784],[-121.92680069485547,36.338267885164065],[-120.67728897610547,35.189334474519534],[-120.52868362942579,34.50833090396289],[-118.60435196438672,34.096419893220705],[-117.49671646633985,33.32543142886524],[-117.17368027249219,32.520553194001955],[-114.62180801907422,32.42695578189258],[-111.08886429348829,31.306699357942385],[-108.37103745022657,31.277612291291994],[-106.54451462307813,31.702058397249026],[-105.12630936184766,30.614627443269534],[-104.57434555569532,29.579730592683596],[-103.5860108999336,29.05687864871387],[-102.44769760647657,29.687442384675784],[-101.03329178372266,29.32622679324512],[-99.60426804104688,27.46897467227344],[-99.09998795071485,26.40879400821094],[-97.2599610952461,25.811372362092776],[-97.63229843655469,27.228431306794924],[-96.83145615139844,28.15840109439258],[-94.1415300039375,29.690021120027346],[-93.44552322903516,29.76776846499805],[-90,29.108672700837893],[-89.23280808010938,30.406005464509768],[-86.38868423977735,30.472713075593752],[-85.30477615872266,29.66390760989551],[-83.8861817983711,30.048348985627932],[-82.64696213284375,28.9065013751543],[-82.84134384671094,27.838002763704104],[-81.09792038479688,25.12504728885059],[-80.31409927883985,25.243880830720705],[-80.04998489895704,26.551089845613284],[-80.60545822659375,28.560990892366213],[-81.5115480093086,30.72724875064258],[-80.5806398061836,32.496783815339846],[-76.62176224270704,34.762950502351565],[-75.72924515286329,35.882125459626955],[-75.66752335110547,37.898109041169924],[-74.15280624905469,39.765235506013674],[-73.74050613919141,40.97749289126758],[-70.30209061184766,41.75944098086719],[-70.86807724514844,42.87142523379688],[-70.21647354641797,43.79962118716602],[-66.93893906155469,44.87928732486133],[-67.18675705471875,45.25231894107227],[-67.698536839875,47.0410114154375],[-69.04906937161329,47.46438177676563],[-70.5894288686836,45.294620119050784],[-71.53464981594922,44.95860632510547],[-74.78240677395704,45.012225709871096],[-76.13288973210058,44.32666667189694],[-76.937494,43.2370318],[-79.14004738860244,43.22208175207458],[-79.05015837548426,42.852258967447526],[-80.073365375,42.15337705],[-82.56755615,41.404496975],[-83.05604489302539,42.02697781506355],[-82.29783905825836,43.02869867471761],[-83.3855778,44.3126677],[-83.82065216736616,46.15038273949706],[-84.7436376579549,46.4684444370234],[-86.522136625,46.47541015],[-87.76048219999998,46.8639025],[-90.27661125,46.624989925],[-91.15034487499999,47.3676057],[-89.62202966765464,47.96837637116081],[-91.68210312405469,48.03871878238086],[-94.81984421292188,49.05071219058399],[-100.45978256741407,49.043250642732424],[-104.26153275051954,49.05566366763477],[-110.67026230374219,49.05406530948047],[-115.164601293,49.056190095857424],[-122.90025040188672,49.06718023867969]],[[-87.681606325,42.0226213],[-87.9083685,43.19183065],[-86.7200657,45.86716155],[-85.38184874999999,46.07483505],[-86.513782,43.68081785],[-86.2300562,42.61661005],[-87.681606325,42.0226213]]],[[[-141.0592546133125,69.59546240420704],[-149.28632065335157,70.53923376651173],[-156.90474411526563,71.34585913272267],[-160.2403306631172,70.85846289248829],[-164.067189183625,69.06467779727345],[-166.84352585354688,68.40520819278126],[-163.7387437490547,67.21832617373829],[-168.17979904690625,65.6938892230547],[-166.5860337881172,64.73040350528126],[-163.02521225491407,64.44165381045704],[-161.13301559964063,63.562842927888674],[-165.43123337307813,62.429542146638674],[-165.89809128323438,61.270335756257815],[-164.02740952053907,59.79824408145313],[-162.3781022695625,60.16311606021289],[-162.00392624417188,58.826610170320315],[-158.29141708889844,58.730208955720705],[-157.665333714875,57.6042438373125],[-160.45729538479688,56.19991263003711],[-159.07692429104688,55.991962037996096],[-156.68457504788282,57.400699220613284],[-154.64931198635938,58.076480470613284],[-154.28227707425,59.2487750873125],[-151.78299423733594,59.99495657534961],[-149.32562729397657,60.02748068423633],[-148.49261948147657,61.0643382892168],[-144.4064225820625,60.09257086367969],[-139.572560277375,59.89999731631641],[-137.57666489163282,58.604163728669924],[-134.12349411526563,58.239215455964846],[-131.76700302639844,56.0100055560625],[-130.00269028225782,55.28853949160938],[-130.28743454495313,56.107493959382815],[-131.72487350979688,56.60519369693164],[-133.50284287014844,58.42426260562305],[-135.85481735745313,59.646319948152346],[-137.22333237210157,58.88222845645313],[-139.00514694729688,60.258380495027346],[-140.89491745510938,60.38881643863086],[-140.97377487698438,66.0257984027422],[-141.0592546133125,69.59546240420704]]]]},"properties":{"NAME":"United States","SUBJECTO":"USA","PARTOF":"United States"}},
{"type":"Feature","geometry":{"type":"Polygon","coordinates":[[[-4.153334,53.225555],[-4.276945,53.398331],[-4.5675,53.273331],[-4.351389,53.124443],[-4.153334,53.225555]]]},"properties":{"NAME":null,"SUBJECTO":null,"PARTOF":null}},
{"type":"Feature","geometry":{"type":"Polygon","coordinates":[[[-5.103612,55.438606],[-5.154723,55.673332],[-5.400278,55.600555],[-5.103612,55.438606]]]},"properties":{"NAME":null,"SUBJECTO":null,"PARTOF":null}},
{"type":"Feature","geometry":{"type":"Polygon","coordinates":[[[-6.121667,55.878883],[-6.3275,55.589439],[-6.024723,55.68083200000012],[-6.121667,55.878883]]]},"properties":{"NAME":null,"SUBJECTO":null,"PARTOF":null}},
{"type":"Feature","geometry":{"type":"Polygon","coordinates":[[[-5.946945,55.829994],[-5.746112,56.06360600000011],[-5.968056,56.023605],[-6.078889,55.905548],[-5.946945,55.829994]]]},"properties":{"NAME":null,"SUBJECTO":null,"PARTOF":null}},
{"type":"Feature","geometry":{"type":"Polygon","coordinates":[[[-7.466945,56.940826],[-7.376112,56.978607],[-7.445556,57.05555],[-7.553612,56.966385],[-7.466945,56.940826]]]},"properties":{"NAME":null,"SUBJECTO":null,"PARTOF":null}},
{"type":"Feature","geometry":{"type":"Polygon","coordinates":[[[-7.223056,57.337494],[-7.425,57.382217],[-7.38139,57.108604],[-7.230278,57.09471900000011],[-7.223056,57.337494]]]},"properties":{"NAME":null,"SUBJECTO":null,"PARTOF":null}},
{"type":"Feature","geometry":{"type":"Polygon","coordinates":[[[-7.268889,57.39888800000011],[-7.204722,57.460831],[-7.351111,57.489441],[-7.388056,57.423882],[-7.268889,57.39888800000011]]]},"properties":{"NAME":null,"SUBJECTO":null,"PARTOF":null}},
{"type":"Feature","geometry":{"type":"Polygon","coordinates":[[[-7.188612,57.68721800000014],[-7.476945,57.562492],[-7.15389,57.509438],[-7.188612,57.68721800000014]]]},"properties":{"NAME":null,"SUBJECTO":null,"PARTOF":null}},
{"type":"Feature","geometry":{"type":"Polygon","coordinates":[[[-7.00639,57.881386000000134],[-6.993611,57.91861],[-7.073611,57.896111],[-7.00639,57.881386000000134]]]},"properties":{"NAME":null,"SUBJECTO":null,"PARTOF":null}},
{"type":"Feature","geometry":{"type":"Polygon","coordinates":[[[-6.802222,58.203049],[-6.794445,58.218048],[-6.854167,58.25],[-6.873056,58.206383],[-6.802222,58.203049]]]},"properties":{"NAME":null,"SUBJECTO":null,"PARTOF":null}},
{"type":"Feature","geometry":{"type":"Polygon","coordinates":[[[-6.204167,58.35611],[-7.031945,58.238052],[-6.473889,57.940277],[-6.204167,58.35611]]]},"properties":{"NAME":null,"SUBJECTO":null,"PARTOF":null}},
{"type":"Feature","geometry":{"type":"Polygon","coordinates":[[[-2.918334,58.731941],[-2.876667,58.820274],[-3.036945,58.818054],[-2.918334,58.731941]]]},"properties":{"NAME":null,"SUBJECTO":null,"PARTOF":null}},
{"type":"Feature","geometry":{"type":"Polygon","coordinates":[[[-3.231389,58.775551],[-3.136389,58.804161],[-3.335556,58.927498],[-3.431111,58.871384],[-3.231389,58.775551]]]},"properties":{"NAME":null,"SUBJECTO":null,"PARTOF":null}},
{"type":"Feature","geometry":{"type":"Polygon","coordinates":[[[-2.793056,58.951385],[-3.076945,59.121666],[-3.195,58.91111000000012],[-2.793056,58.951385]]]},"properties":{"NAME":null,"SUBJECTO":null,"PARTOF":null}},
{"type":"Feature","geometry":{"type":"Polygon","coordinates":[[[-2.681389,59.195831],[-2.620556,59.236107],[-2.495556,59.244995],[-2.414444,59.313606],[-2.592778,59.29055],[-2.681389,59.195831]]]},"properties":{"NAME":null,"SUBJECTO":null,"PARTOF":null}},
{"type":"Feature","geometry":{"type":"Polygon","coordinates":[[[-2.89,59.29527300000012],[-3.048889,59.329163],[-3.003334,59.263611],[-2.971945,59.287216],[-2.89,59.29527300000012]]]},"properties":{"NAME":null,"SUBJECTO":null,"PARTOF":null}},
{"type":"Feature","geometry":{"type":"Polygon","coordinates":[[[-1.296111,60.491104],[-1.320278,60.356384],[-1.655,60.226105],[-1.126111,60.151665],[-1.041389,60.446938],[-1.296111,60.491104]]]},"properties":{"NAME":null,"SUBJECTO":null,"PARTOF":null}},
{"type":"Feature","geometry":{"type":"Polygon","coordinates":[[[-1.029444,60.495827],[-0.991111,60.719994],[-1.177222,60.63666500000011],[-1.029444,60.495827]]]},"properties":{"NAME":null,"SUBJECTO":null,"PARTOF":null}},
{"type":"Feature","geometry":{"type":"Polygon","coordinates":[[[-0.819722,60.68888900000013],[-0.767778,60.82888800000012],[-0.938889,60.79444100000012],[-0.965556,60.688049],[-0.819722,60.68888900000013]]]},"properties":{"NAME":null,"SUBJECTO":null,"PARTOF":null}},
{"type":"Feature","geometry":{"type":"Polygon","coordinates":[[[-6.706944,61.937492000000134],[-6.718889,62.02861],[-7.192223,62.3077770000001],[-7.232223,62.172493],[-6.706944,61.937492000000134]]]},"properties":{"NAME":null,"SUBJECTO":null,"PARTOF":null}},
{"type":"Feature","geometry":{"type":"Polygon","coordinates":[[[-4.777779,54.05555],[-4.394444,54.186386],[-4.5275,54.367218],[-4.777779,54.05555]]]},"properties":{"NAME":null,"SUBJECTO":null,"PARTOF":null}},
{"type":"Feature","geometry":{"type":"Polygon","coordinates":[[[129.715515,28.451107],[129.157745,28.234993],[129.368561,28.116108],[129.715515,28.451107]]]},"properties":{"NAME":null,"SUBJECTO":null,"PARTOF":null}},
{"type":"Feature","geometry":{"type":"Polygon","coordinates":[[[129.963013,29.957218000000125],[129.94165,30],[129.92358400000012,29.983883],[129.963013,29.957218000000125]]]},"properties":{"NAME":null,"SUBJECTO":null,"PARTOF":null}},
{"type":"Feature","geometry":{"type":"Polygon","coordinates":[[[129.89636200000018,29.87416500000012],[129.877167,29.83083],[129.923309,29.824997],[129.89636200000018,29.87416500000012]]]},"properties":{"NAME":null,"SUBJECTO":null,"PARTOF":null}},
{"type":"Feature","geometry":{"type":"Polygon","coordinates":[[[130.906097,30.354717000000107],[131.074402,30.689163],[130.945251,30.683331000000123],[130.906097,30.354717000000107]]]},"properties":{"NAME":null,"SUBJECTO":null,"PARTOF":null}},
{"type":"Feature","geometry":{"type":"Polygon","coordinates":[[[130.558594,30.236382000000106],[130.671906,30.373329000000126],[130.510803,30.458885000000123],[130.387207,30.397217],[130.558594,30.236382000000106]]]},"properties":{"NAME":null,"SUBJECTO":null,"PARTOF":null}},
{"type":"Feature","geometry":{"type":"Polygon","coordinates":[[[121.734711,25.138885],[121.00166300000012,25.001663],[120.11554,23.631386],[120.878593,22.341385000000116],[121.839706,24.476383000000112],[121.734711,25.138885]]]},"properties":{"NAME":"Taiwan","SUBJECTO":"Taiwan","PARTOF":"Taiwan"}},
{"type":"Feature","geometry":{"type":"Polygon","coordinates":[[[128.900818,32.643051],[128.649414,32.777771],[128.610229,32.61166400000013],[128.900818,32.643051]]]},"properties":{"NAME":null,"SUBJECTO":null,"PARTOF":null}},
{"type":"Feature","geometry":{"type":"Polygon","coordinates":[[[123.870819,24.252499],[123.92192100000011,24.371109],[123.767212,24.41444],[123.678864,24.316109],[123.870819,24.252499]]]},"properties":{"NAME":null,"SUBJECTO":null,"PARTOF":null}},
{"type":"Feature","geometry":{"type":"Polygon","coordinates":[[[125.356369,24.776665],[125.261932,24.878883],[125.252213,24.737774],[125.356369,24.776665]]]},"properties":{"NAME":null,"SUBJECTO":null,"PARTOF":null}},
{"type":"Feature","geometry":{"type":"Polygon","coordinates":[[[124.26165800000012,24.457497],[124.077766,24.419994],[124.121918,24.344997],[124.22971300000017,24.338329],[124.26165800000012,24.457497]]]},"properties":{"NAME":null,"SUBJECTO":null,"PARTOF":null}},
{"type":"Feature","geometry":{"type":"Polygon","coordinates":[[[128.252777,26.63888500000013],[128.247192,26.839996],[127.958878,26.544441],[128.252777,26.63888500000013]]]},"properties":{"NAME":null,"SUBJECTO":null,"PARTOF":null}},
{"type":"Feature","geometry":{"type":"Polygon","coordinates":[[[126.76193200000012,26.38694],[126.701927,26.348606],[126.781097,26.29833200000013],[126.8099820000001,26.346943],[126.76193200000012,26.38694]]]},"properties":{"NAME":null,"SUBJECTO":null,"PARTOF":null}},
{"type":"Feature","geometry":{"type":"Polygon","coordinates":[[[128.95108,27.67582700000014],[129.029968,27.774441000000138],[128.89886500000011,27.89777400000014],[128.89721700000018,27.725826],[128.95108,27.67582700000014]]]},"properties":{"NAME":null,"SUBJECTO":null,"PARTOF":null}},
{"type":"Feature","geometry":{"type":"Polygon","coordinates":[[[128.609131,27.358887],[128.69635000000017,27.4486050000001],[128.52359000000013,27.413609],[128.609131,27.358887]]]},"properties":{"NAME":null,"SUBJECTO":null,"PARTOF":null}},
{"type":"Feature","geometry":{"type":"Polygon","coordinates":[[[129.992188,28.281666],[130.0324710000001,28.35305],[129.943024,28.32222],[129.992188,28.281666]]]},"properties":{"NAME":null,"SUBJECTO":null,"PARTOF":null}},
{"type":"Feature","geometry":{"type":"Polygon","coordinates":[[[129.33609000000013,28.075275],[129.3402400000001,28.110828],[129.223846,28.183605],[129.219116,28.097775],[129.33609000000013,28.075275]]]},"properties":{"NAME":null,"SUBJECTO":null,"PARTOF":null}},
{"type":"Feature","geometry":{"type":"Polygon","coordinates":[[[129.733032,29.609718],[129.75332600000013,29.64777400000014],[129.70968600000015,29.651661],[129.733032,29.609718]]]},"properties":{"NAME":null,"SUBJECTO":null,"PARTOF":null}},
{"type":"Feature","geometry":{"type":"Polygon","coordinates":[[[130.887482,37.453323],[130.919434,37.545273],[130.807465,37.518326000000116],[130.887482,37.453323]]]},"properties":{"NAME":null,"SUBJECTO":null,"PARTOF":null}},
{"type":"Feature","geometry":{"type":"Polygon","coordinates":[[[128.80236483840412,37.92274805740975],[126.40734530305541,37.90337889922872],[126.371368,34.789162],[128.451904,34.845543],[129.43942300000015,35.475822],[129.474976,36.774437],[128.80236483840412,37.92274805740975]]]},"properties":{"NAME":"Korea (USA)","SUBJECTO":"USA","PARTOF":"Korea (USA)"}},
{"type":"Feature","geometry":{"type":"Polygon","coordinates":[[[-170.74942,-14.373888],[-170.637268,-14.289446],[-170.681671,-14.258059],[-170.795013,-14.298058],[-170.74942,-14.373888]]]},"properties":{"NAME":"American Samoa","SUBJECTO":"American Samoa","PARTOF":"American Samoa"}},
{"type":"Feature","geometry":{"type":"Polygon","coordinates":[[[178.693298,-18.025002],[178.170532,-17.342499],[177.510254,-17.509445],[177.86413600000014,-18.263889],[178.693298,-18.025002]]]},"properties":{"NAME":"Fiji","SUBJECTO":"Fiji","PARTOF":"Fiji"}},
{"type":"Feature","geometry":{"type":"Polygon","coordinates":[[[-169.89389,-19.145557],[-169.781708,-19.062778],[-169.884766,-18.963333],[-169.953064,-19.070278],[-169.89389,-19.145557]]]},"properties":{"NAME":"Niue","SUBJECTO":"Niue","PARTOF":"Niue"}},
{"type":"Feature","geometry":{"type":"Polygon","coordinates":[[[-175.123322,-21.134998],[-175.186401,-21.252785],[-175.118042,-21.260284],[-175.051697,-21.161671],[-175.123322,-21.134998]]]},"properties":{"NAME":"Tonga","SUBJECTO":"Tonga","PARTOF":"Tonga"}},
{"type":"Feature","geometry":{"type":"Polygon","coordinates":[[[-178.042511,-14.319447],[-178.129974,-14.246944],[-178.134216,-14.31778],[-178.042511,-14.319447]]]},"properties":{"NAME":"Wallis and Futuna Islands","SUBJECTO":"Wallis and Futuna Islands","PARTOF":"Wallis and Futuna Islands"}},
{"type":"Feature","geometry":{"type":"Polygon","coordinates":[[[-172.285858,-13.486387],[-172.779724,-13.539722],[-172.532501,-13.800835],[-172.210541,-13.805281],[-172.285858,-13.486387]]]},"properties":{"NAME":"Samoa","SUBJECTO":"Samoa","PARTOF":"Samoa"}},
{"type":"Feature","geometry":{"type":"Polygon","coordinates":[[[-109.241386,-27.133057],[-109.365837,-27.063335],[-109.42778,-27.201946],[-109.241386,-27.133057]]]},"properties":{"NAME":"Rapa Nui","SUBJECTO":"Chile","PARTOF":"Rapa Nui"}},
{"type":"Feature","geometry":{"type":"Polygon","coordinates":[[[114.02923402719802,22.508457822712955],[114.32911931029123,22.272308319943782],[114.30903130089744,22.553519333285553],[114.02923402719802,22.508457822712955]]]},"properties":{"NAME":"Hong Kong","SUBJECTO":"United Kingdom","PARTOF":null}}
]}