{"type":"FeatureCollection", "features": [
{"type":"Feature","geometry":{"type":"Polygon","coordinates":[[[33.78049758384968,35.20813711758318],[32.81907180259968,35.28174551602068],[32.60339263389851,34.61473425503435],[33.92467406700398,34.95322760220232],[33.78049758384968,35.20813711758318]]]},"properties":{"NAME":"Cyprus","SUBJECTO":"Cyprus","PARTOF":"Cyprus"}},
{"type":"Feature","geometry":{"type":"MultiPolygon","coordinates":[[[[-71.97817703773235,18.262244783598803],[-71.40075394202923,17.70413168545427],[-70.62097641517376,18.506677232939623],[-68.6568498282597,18.873176180083178],[-70.88160416175579,19.929931246001146],[-72.67646500159954,19.39217909451189],[-72.74589249183391,18.50850065823259],[-71.97817703773235,18.262244783598803]]],[[[-81.73938461829876,22.621106706816576],[-79.73454758216594,21.671853624541185],[-78.72787949134563,21.61678846951189],[-78.45036026527141,20.96900328274431],[-77.29118057777141,20.70449598904314],[-77.46084305335735,19.87143477078142],[-75.51905533363079,19.907353960234545],[-75.60392471839641,21.013194643217943],[-77.33981796790813,21.511664949614428],[-79.75995346595501,22.758782945830248],[-81.43114944984173,23.136655412871264],[-81.73938461829876,22.621106706816576]]]]},"properties":{"NAME":"Ciboney","SUBJECTO":"Ciboney","PARTOF":"Ciboney"}},
{"type":"Feature","geometry":{"type":"Polygon","coordinates":[[[123.49192336509968,-10.352161802094557],[125.21153548668171,-9.395053304474928],[125.07982161949421,-8.772467054169752],[123.66542342613484,-9.747970022004225],[123.49192336509968,-10.352161802094557]]]},"properties":{"NAME":null,"SUBJECTO":null,"PARTOF":null}},
{"type":"Feature","geometry":{"type":"MultiPolygon","coordinates":[[[[175.30768874595904,-37.32097665194807],[174.21686843345904,-35.336765683930494],[173.16649917076373,-35.420879758637525],[174.7646589608028,-37.296543515961744],[174.65473464439654,-38.983257688325025],[173.80480483482623,-39.41970483187971],[175.35358718345904,-40.29998055819807],[176.0114393563106,-41.255344785492994],[177.15656569908404,-39.854221738617994],[178.40819838951373,-38.771152890961744],[175.30768874595904,-37.32097665194807]]],[[[172.06266311119342,-43.92314187411604],[174.23354628990435,-42.01123467807112],[173.26403335045123,-41.543674863617994],[171.45835402916217,-41.99285165194807],[171.0240583748653,-42.886883176606275],[168.4157362313106,-44.2209095132762],[167.13749221275592,-45.19984856967268],[166.52276137779498,-46.23272363070784],[169.3993025154903,-46.70957223300276],[170.61156753013873,-45.946060575287916],[171.37786391685748,-44.337749875825025],[172.06266311119342,-43.92314187411604]]]]},"properties":{"NAME":null,"SUBJECTO":null,"PARTOF":null}},
{"type":"Feature","geometry":{"type":"Polygon","coordinates":[[[-61.114247289197195,10.821682535368822],[-61.80907532264446,10.724968515593432],[-61.20665833045696,10.11822088833513],[-61.114247289197195,10.821682535368822]]]},"properties":{"NAME":null,"SUBJECTO":null,"PARTOF":null}},
{"type":"Feature","geometry":{"type":"MultiPolygon","coordinates":[[[[-39.69494684817376,65.18696970170159],[-35.97189804603313,65.84693487759294],[-34.433060613171804,66.38395269985857],[-32.9560212760136,67.64102514858904],[-26.963623967663995,68.50170477505388],[-22.732329335705987,69.7740741598195],[-24.584732976453058,70.3040271627492],[-27.474936452405206,70.20676001187029],[-28.384482350842706,70.45799597378435],[-27.606051412122003,71.06815680142107],[-25.291254964368097,71.5688968526906],[-24.07642075111126,73.75567206021013],[-20.329588857190362,73.41964300747576],[-19.19354721595501,75.44353827114763],[-21.18268295814251,76.69747503872576],[-18.25337502052044,77.30013617153826],[-20.87882896949505,78.8179202901906],[-14.201948133008234,81.2101322042531],[-22.05288025428509,81.53975256558122],[-22.432360616223566,82.74334295864763],[-32.513173070447195,83.57699926968279],[-49.64758774329876,82.47806128140154],[-61.1224145560429,81.79757269497576],[-62.81141255638844,81.15595684596342],[-63.35819002201287,78.2356337190557],[-62.44868119723538,76.33836403843989],[-58.635662999646414,75.7932620870656],[-54.73041245033001,73.03760107632341],[-55.62637039710735,71.73035009976091],[-51.72012421180462,71.58955725308122],[-50.572628942029226,69.86625250454607],[-50.53911897259658,67.48805571153352],[-49.472532842377866,67.03273287353856],[-49.06240794677684,64.7863184095137],[-47.65626544757329,62.79478134157128],[-46.13294440676946,61.75918500066533],[-46.15809589644378,60.937403792612976],[-43.578778234021414,59.935687624174975],[-44.25808774116473,61.869878095613615],[-43.84796284556369,64.20612586086018],[-42.793355971161034,65.40311483729091],[-39.69494684817376,65.18696970170159]]],[[[-50.53911897259658,67.48805571153352],[-50.93936249305462,67.52581366177263],[-50.53911897259659,67.48805571153352],[-50.53911897259658,67.48805571153352]]]]},"properties":{"NAME":null,"SUBJECTO":null,"PARTOF":null}},
{"type":"Feature","geometry":{"type":"MultiPolygon","coordinates":[[[[-73.11150833656048,-72.7494625223094],[-70.0207185416386,-72.6721920144969],[-68.39805313636516,-71.12679711703596],[-70.3298005728886,-68.96324578646956],[-71.79792496253704,-69.73594323520003],[-72.10699936439251,-71.04952660922346],[-75.27505966712688,-71.66768304232893],[-73.11150833656048,-72.7494625223094]]],[[[-102.55128189613079,-72.13130608920393],[-97.14239975501751,-72.6721920144969],[-97.21967026283001,-71.82222405795393],[-102.55128189613079,-72.13130608920393]]],[[[-55.18492981483196,-80.94006005648909],[-44.83078476478313,-80.32190362338362],[-44.2126245169804,-78.39015618686018],[-48.84880920936321,-78.08107415561018],[-55.18492981483196,-80.94006005648909]]],[[[169.76938918541217,-83.41788903598128],[162.0152235359981,-81.6598629129344],[159.3153944344356,-80.02740899447737],[163.64298537681842,-78.66061059359846],[162.34563735435748,-75.1068843973094],[164.6162214608028,-74.17193261508284],[168.97468093345904,-73.2389415872508],[170.72912124107623,-71.90427819613753],[167.63463881920123,-70.86511651400862],[160.59853652427935,-70.22093621615706],[157.30686477134967,-69.15642968539534],[151.09345534752154,-68.88582269076643],[146.8754530281856,-67.99737969760237],[145.5856581063106,-67.2234844339305],[141.15749648521685,-66.72243157748518],[134.20519545982623,-66.18008843783674],[130.2721052498653,-66.25291863803206],[129.00962356041217,-67.02982751254378],[122.45820907066609,-66.64516106967268],[118.28564742515827,-67.0701412332469],[113.01485732506062,-65.76308099154768],[110.60744002769734,-66.05907861117659],[109.40372756431843,-66.71026269320784],[102.63083938072468,-65.92616692904768],[99.65426162193562,-66.54946557406721],[95.72288039634968,-66.52925530795393],[90,-66.60652581576643],[81.81432631920124,-67.3019527566844],[78.2599211067989,-68.38373223666487],[76.86905959556843,-69.3109630716258],[72.54195693443562,-70.23820153598128],[70.30113509605671,-72.01540795687971],[67.36488631675984,-71.70632592562971],[67.51269057701374,-70.46442071322737],[68.95107558677937,-69.88906518344221],[69.37389663170124,-67.84283868197737],[62.805972132189524,-67.61102715853987],[56.62694838951374,-66.94232598666487],[55.14159301231648,-65.96285668734846],[52.45182326744343,-65.98836175326643],[48.96721557091023,-66.97347680453596],[47.30508330772663,-67.77486077670393],[44.79703811119343,-67.74518243197737],[39.64714339683796,-68.93355981234846],[38.332049402697336,-70.02947656039534],[33.54134276817585,-68.5421642435008],[32.74804213951374,-69.34959832553206],[23.707478556139716,-70.58591882113753],[17.6031713814571,-70.08366052035628],[12.657907518847235,-70.31547204379378],[10.339816126330145,-70.70181695346174],[8.48534110496784,-70.08366052035628],[0.681093785269507,-71.31997338656721],[-4.882327046887628,-71.28133813266096],[-7.200421777264825,-70.894993222993],[-11.141175237195245,-71.59042016391096],[-11.828483548657648,-72.32257501010237],[-16.39551827003216,-73.44488946322737],[-14.450941052930109,-74.0646480691844],[-17.168211904065362,-74.7584728372508],[-18.4045304923222,-75.68571130160628],[-23.581604924695245,-75.91752282504378],[-33.1630525260136,-77.38564721469221],[-36.40837952186321,-79.16285363559065],[-29.567681279675714,-79.2243160379344],[-28.91321846534466,-80.47643700961409],[-38.031048741833914,-80.94006005648909],[-43.82627960731243,-81.79002801303206],[-60.20745941688274,-82.33091393832503],[-74.88871475745891,-80.70824853305159],[-76.58865067054485,-79.39465752963362],[-80.76121231605266,-78.23561517123518],[-74.50236984779094,-78.08107415561018],[-78.59766098548626,-76.61294976596174],[-70.56160446693157,-76.69022027377424],[-64.45729538490032,-75.68571130160628],[-61.366505589978445,-73.90851251010237],[-60.825619664685476,-72.7494625223094],[-61.675587621228445,-70.8177227151805],[-65.38453384925579,-67.34058038119612],[-61.134694066540945,-64.86795464877424],[-57.27121063758587,-63.708904660981275],[-58.121178594128835,-63.399822629731275],[-62.91190430213665,-64.71340600375471],[-66.85265823890423,-66.79969445590315],[-67.08446976234173,-68.65416375521956],[-68.78439804603313,-69.81321374301253],[-67.08446976234173,-71.82222405795393],[-67.6253556876347,-72.7494625223094],[-75.58414169837688,-73.75397149447737],[-81.76572128822063,-74.02441064242659],[-88.56545731116985,-73.25171319369612],[-99.7881974845097,-72.99776116732893],[-101.8801164298222,-74.09877435092268],[-100.04510208656048,-75.30987969760237],[-105.6420793204472,-75.0675548685008],[-110.55704971839641,-75.30289117221174],[-113.23789688636516,-74.32137719516096],[-128.97754379798627,-74.9130138528758],[-134.77277084876752,-74.64256707553206],[-140.56799789954877,-75.26072350863753],[-146.67230698158002,-76.1106914651805],[-146.1458635001347,-77.45652428988753],[-149.9949082999394,-77.73335687045393],[-154.1674699454472,-77.11520043734846],[-158.18549057533002,-77.81062737826643],[-154.5538224845097,-79.1242183816844],[-148.60405441810346,-79.66510430697737],[-145.66779038001752,-80.51507226352034],[-148.83586594154096,-81.3650402200633],[-154.4765519766972,-81.0559581888133],[-152.08118149329877,-82.60135308627424],[-153.30974289466596,-83.94192925814924],[-148.7585801749394,-85.07398644809065],[-156.56282517005658,-85.46033135775862],[-167.2260636954472,-84.76490441684065],[-180,-84.3223156106883],[-180,-85.3223156106883],[-180,-86.3223156106883],[-180,-87.3223156106883],[-180,-88.3223156106883],[-180,-89.3223156106883],[-180,-90],[-179.20366379310346,-90],[-178.20366379310346,-90],[-177.20366379310346,-90],[-176.20366379310346,-90],[-175.20366379310346,-90],[-174.20366379310346,-90],[-173.20366379310346,-90],[-172.20366379310346,-90],[-171.20366379310346,-90],[-170.20366379310346,-90],[-169.20366379310346,-90],[-168.20366379310346,-90],[-167.20366379310346,-90],[-166.20366379310346,-90],[-165.20366379310346,-90],[-164.20366379310346,-90],[-163.20366379310346,-90],[-162.20366379310346,-90],[-161.20366379310346,-90],[-160.20366379310346,-90],[-159.20366379310346,-90],[-158.20366379310346,-90],[-157.20366379310346,-90],[-156.20366379310346,-90],[-155.20366379310346,-90],[-154.20366379310346,-90],[-153.20366379310346,-90],[-152.20366379310346,-90],[-151.20366379310346,-90],[-150.20366379310346,-90],[-149.20366379310346,-90],[-148.20366379310346,-90],[-147.20366379310346,-90],[-146.20366379310346,-90],[-145.20366379310346,-90],[-144.20366379310346,-90],[-143.20366379310346,-90],[-142.20366379310346,-90],[-141.20366379310346,-90],[-140.20366379310346,-90],[-139.20366379310346,-90],[-138.20366379310346,-90],[-137.20366379310346,-90],[-136.20366379310346,-90],[-135.20366379310346,-90],[-134.20366379310346,-90],[-133.20366379310346,-90],[-132.20366379310346,-90],[-131.20366379310346,-90],[-130.20366379310346,-90],[-129.20366379310346,-90],[-128.20366379310346,-90],[-127.20366379310344,-90],[-126.20366379310344,-90],[-125.20366379310344,-90],[-124.20366379310344,-90],[-123.20366379310344,-90],[-122.20366379310344,-90],[-121.20366379310344,-90],[-120.20366379310344,-90],[-119.20366379310344,-90],[-118.20366379310344,-90],[-117.20366379310344,-90],[-116.20366379310344,-90],[-115.20366379310344,-90],[-114.20366379310344,-90],[-113.20366379310344,-90],[-112.20366379310344,-90],[-111.20366379310344,-90],[-110.20366379310344,-90],[-109.20366379310344,-90],[-108.20366379310344,-90],[-107.20366379310344,-90],[-106.20366379310344,-90],[-105.20366379310344,-90],[-104.20366379310344,-90],[-103.20366379310344,-90],[-102.20366379310344,-90],[-101.20366379310344,-90],[-100.20366379310344,-90],[-99.20366379310344,-90],[-98.20366379310344,-90],[-97.20366379310344,-90],[-96.20366379310344,-90],[-95.20366379310344,-90],[-94.20366379310344,-90],[-93.20366379310344,-90],[-92.20366379310344,-90],[-91.20366379310344,-90],[-90,-90],[-89.20366379310344,-90],[-88.20366379310344,-90],[-87.20366379310344,-90],[-86.20366379310344,-90],[-85.20366379310344,-90],[-84.20366379310344,-90],[-83.20366379310344,-90],[-82.20366379310344,-90],[-81.20366379310344,-90],[-80.20366379310344,-90],[-79.20366379310344,-90],[-78.20366379310344,-90],[-77.20366379310344,-90],[-76.20366379310344,-90],[-75.20366379310344,-90],[-74.20366379310344,-90],[-73.20366379310344,-90],[-72.20366379310344,-90],[-71.20366379310344,-90],[-70.20366379310344,-90],[-69.20366379310344,-90],[-68.20366379310344,-90],[-67.20366379310344,-90],[-66.20366379310344,-90],[-65.20366379310344,-90],[-64.20366379310344,-90],[-63.203663793103445,-90],[-62.203663793103445,-90],[-61.203663793103445,-90],[-60.203663793103445,-90],[-59.203663793103445,-90],[-58.203663793103445,-90],[-57.203663793103445,-90],[-56.203663793103445,-90],[-55.203663793103445,-90],[-54.203663793103445,-90],[-53.203663793103445,-90],[-52.203663793103445,-90],[-51.203663793103445,-90],[-50.203663793103445,-90],[-49.203663793103445,-90],[-48.203663793103445,-90],[-47.203663793103445,-90],[-46.203663793103445,-90],[-45.203663793103445,-90],[-44.203663793103445,-90],[-43.203663793103445,-90],[-42.203663793103445,-90],[-41.203663793103445,-90],[-40.203663793103445,-90],[-39.203663793103445,-90],[-38.203663793103445,-90],[-37.203663793103445,-90],[-36.203663793103445,-90],[-35.203663793103445,-90],[-34.203663793103445,-90],[-33.203663793103445,-90],[-32.203663793103445,-90],[-31.20366379310345,-90],[-30.20366379310345,-90],[-29.20366379310345,-90],[-28.20366379310345,-90],[-27.20366379310345,-90],[-26.20366379310345,-90],[-25.20366379310345,-90],[-24.20366379310345,-90],[-23.20366379310345,-90],[-22.20366379310345,-90],[-21.20366379310345,-90],[-20.20366379310345,-90],[-19.20366379310345,-90],[-18.20366379310345,-90],[-17.20366379310345,-90],[-16.20366379310345,-90],[-15.203663793103448,-90],[-14.203663793103448,-90],[-13.203663793103448,-90],[-12.203663793103448,-90],[-11.203663793103448,-90],[-10.203663793103448,-90],[-9.203663793103448,-90],[-8.203663793103448,-90],[-7.203663793103448,-90],[-6.203663793103448,-90],[-5.203663793103448,-90],[-4.203663793103448,-90],[-3.203663793103448,-90],[-2.203663793103448,-90],[-1.203663793103448,-90],[-0.203663793103448,-90],[0.778056177599677,-90],[1.778056177599677,-90],[2.778056177599677,-90],[3.778056177599677,-90],[4.778056177599677,-90],[5.778056177599677,-90],[6.778056177599677,-90],[7.778056177599677,-90],[8.778056177599677,-90],[9.778056177599677,-90],[10.778056177599677,-90],[11.778056177599677,-90],[12.778056177599677,-90],[13.778056177599677,-90],[14.778056177599677,-90],[15.778056177599677,-90],[16.778056177599677,-90],[17.778056177599677,-90],[18.778056177599677,-90],[19.778056177599677,-90],[20.778056177599677,-90],[21.778056177599677,-90],[22.778056177599677,-90],[23.778056177599677,-90],[24.778056177599677,-90],[25.778056177599677,-90],[26.778056177599677,-90],[27.778056177599677,-90],[28.778056177599677,-90],[29.778056177599677,-90],[30.778056177599677,-90],[31.778056177599677,-90],[32.77805617759968,-90],[33.77805617759968,-90],[34.77805617759968,-90],[35.77805617759968,-90],[36.77805617759968,-90],[37.77805617759968,-90],[38.77805617759968,-90],[39.77805617759968,-90],[40.77805617759968,-90],[41.77805617759968,-90],[42.77805617759968,-90],[43.77805617759968,-90],[44.77805617759968,-90],[45.77805617759968,-90],[46.77805617759968,-90],[47.77805617759968,-90],[48.77805617759968,-90],[49.77805617759968,-90],[50.77805617759968,-90],[51.77805617759968,-90],[52.77805617759968,-90],[53.77805617759968,-90],[54.77805617759968,-90],[55.77805617759968,-90],[56.77805617759968,-90],[57.77805617759968,-90],[58.77805617759968,-90],[59.77805617759968,-90],[60.77805617759968,-90],[61.77805617759968,-90],[62.77805617759968,-90],[63.77805617759968,-90],[64.77805617759968,-90],[65.77805617759968,-90],[66.77805617759968,-90],[67.77805617759968,-90],[68.77805617759968,-90],[69.77805617759968,-90],[70.77805617759968,-90],[71.77805617759968,-90],[72.77805617759968,-90],[73.77805617759968,-90],[74.77805617759968,-90],[75.77805617759968,-90],[76.77805617759968,-90],[77.77805617759968,-90],[78.77805617759968,-90],[79.77805617759968,-90],[80.77805617759968,-90],[81.77805617759968,-90],[82.77805617759968,-90],[83.77805617759968,-90],[84.77805617759968,-90],[85.77805617759968,-90],[86.77805617759968,-90],[87.77805617759968,-90],[88.77805617759968,-90],[89.77805617759968,-90],[89.79633620689656,-90],[90,-90],[91.77805617759968,-90],[92.77805617759968,-90],[93.77805617759968,-90],[94.77805617759968,-90],[95.77805617759968,-90],[96.77805617759968,-90],[97.77805617759968,-90],[98.77805617759968,-90],[99.77805617759968,-90],[100.77805617759968,-90],[101.77805617759968,-90],[102.77805617759968,-90],[103.77805617759968,-90],[104.77805617759968,-90],[105.77805617759968,-90],[106.77805617759968,-90],[107.77805617759968,-90],[108.77805617759968,-90],[109.77805617759968,-90],[110.77805617759968,-90],[111.77805617759968,-90],[112.77805617759968,-90],[113.77805617759968,-90],[114.77805617759968,-90],[115.77805617759968,-90],[116.77805617759968,-90],[117.77805617759968,-90],[118.77805617759968,-90],[119.77805617759968,-90],[120.77805617759968,-90],[121.77805617759968,-90],[122.77805617759968,-90],[123.77805617759968,-90],[124.77805617759968,-90],[125.77805617759968,-90],[126.77805617759968,-90],[127.77805617759968,-90],[128.77805617759967,-90],[129.77805617759967,-90],[130.77805617759967,-90],[131.77805617759967,-90],[132.77805617759967,-90],[133.77805617759967,-90],[134.77805617759967,-90],[135.77805617759967,-90],[136.77805617759967,-90],[137.77805617759967,-90],[138.77805617759967,-90],[139.77805617759967,-90],[140.77805617759967,-90],[141.77805617759967,-90],[142.77805617759967,-90],[143.77805617759967,-90],[144.77805617759967,-90],[145.77805617759967,-90],[146.77805617759967,-90],[147.77805617759967,-90],[148.77805617759967,-90],[149.77805617759967,-90],[150.77805617759967,-90],[151.77805617759967,-90],[152.77805617759967,-90],[153.77805617759967,-90],[154.77805617759967,-90],[155.77805617759967,-90],[156.77805617759967,-90],[157.77805617759967,-90],[158.77805617759967,-90],[159.77805617759967,-90],[160.77805617759967,-90],[161.77805617759967,-90],[162.77805617759967,-90],[163.77805617759967,-90],[164.77805617759967,-90],[165.77805617759967,-90],[166.77805617759967,-90],[167.77805617759967,-90],[168.77805617759967,-90],[169.77805617759967,-90],[170.77805617759967,-90],[171.77805617759967,-90],[172.77805617759967,-90],[173.77805617759967,-90],[174.77805617759967,-90],[175.77805617759967,-90],[176.77805617759967,-90],[177.77805617759967,-90],[178.77805617759967,-90],[180,-90],[180,-89.31921807650862],[180,-88.31921807650862],[180,-87.31921807650862],[180,-86.31921807650862],[180,-85.31921807650862],[180,-84.34037438754378],[169.76938918541217,-83.41788903598128]]]]},"properties":{"NAME":null,"SUBJECTO":null,"PARTOF":null}},
{"type":"Feature","geometry":{"type":"Polygon","coordinates":[[[109.42965224693562,18.096622072417162],[110.26251510093952,18.62562712307634],[110.61735061119343,20.017461382109545],[109.5503263802364,19.91355665798845],[108.57689956138874,19.187371813017748],[109.42965224693562,18.096622072417162]]]},"properties":{"NAME":"Hainan","SUBJECTO":"Hainan","PARTOF":"Hainan"}},
{"type":"Feature","geometry":{"type":"Polygon","coordinates":[[[106.45149726589356,16.187961290965557],[107.4622563210802,14.98827957321677],[107.89783512017956,13.681543175918677],[107.89783512017956,12.56839735599808],[106.92988223329209,11.842432690832473],[106.77315810631062,10.63917215939226],[107.41204360435749,10.3673587667531],[109.07335189293171,11.635222040373705],[109.30712417076374,12.906332575041674],[108.78612044761921,15.090558611113451],[108.23614791343952,16.080380998808764],[107.37534490539612,16.691467982144694],[106.45149726589356,16.187961290965557]]]},"properties":{"NAME":"Champa","SUBJECTO":"Champa","PARTOF":"Champa"}},
{"type":"Feature","geometry":{"type":"Polygon","coordinates":[[[97.41847518394734,16.482848726469896],[97.60440653023888,18.700922871378413],[96.69927277139946,19.124266127761025],[94.2441450107481,18.58690895858004],[94.4648542733028,17.26426275845232],[94.14335921715046,16.215379320341967],[95.32981399009968,15.677930437285326],[96.4692488045528,16.512576662260912],[97.41847518394734,16.482848726469896]]]},"properties":{"NAME":"Mon States","SUBJECTO":"Mon States","PARTOF":"Mon States"}},
{"type":"Feature","geometry":{"type":"Polygon","coordinates":[[[96.69927277139946,19.124266127761025],[96.47599105490734,21.76394978142911],[95.89521932277485,22.63510737962784],[94.29809705941052,22.29632386921722],[94.18043271844128,21.19864096162025],[93.9655866951778,19.194356523711107],[94.2441450107481,18.58690895858004],[96.69927277139946,19.124266127761025]]]},"properties":{"NAME":"Pagan","SUBJECTO":"Pagan","PARTOF":"Pagan"}},
{"type":"Feature","geometry":{"type":"Polygon","coordinates":[[[127.63065627525593,-0.016971982758619],[128.63190749595904,1.022326670843981],[127.68892196129109,0.924957894045733],[127.63065627525593,-0.016971982758619]]]},"properties":{"NAME":null,"SUBJECTO":null,"PARTOF":null}},
{"type":"Feature","geometry":{"type":"Polygon","coordinates":[[[37.89511991723812,18.56012241001322],[37.39818480919148,18.91500052090349],[37.12776854942585,21.227176271635912],[36.66042998741413,22.166537843901537],[35.74630263756062,22.914340578276537],[35.189864191515696,24.39991911526384],[32.51417897995226,23.73314148844132],[30.818889214610202,23.659433237774273],[29.344724201269283,24.0279744911095],[28.612697221302753,20.56183430498075],[29.45340165386746,17.829544899145432],[30.78994394212117,15.502563584537913],[31.66564558046642,16.61709294243187],[33.81509505640476,16.776311422131005],[35.32767061354656,15.422954344688346],[37.07907389023707,17.094748381529282],[37.89511991723812,18.56012241001322]]]},"properties":{"NAME":"Makkura","SUBJECTO":"Makkura","PARTOF":"Makkura"}},
{"type":"Feature","geometry":{"type":"Polygon","coordinates":[[[35.32767061354656,15.422954344688346],[33.81509505640476,16.776311422131005],[31.66564558046642,16.61709294243187],[30.78994394212117,15.502563584537913],[30.471506982722893,13.512332588298701],[30.78671404375713,11.227081395800525],[31.74525482031599,10.248353754466404],[33.57626733685606,10.009526034917698],[34.45196897520131,10.248353754466404],[35.40727985339613,11.283273872510794],[35.64610757294483,12.795849429652588],[35.32767061354656,15.422954344688346]]]},"properties":{"NAME":"Alwa","SUBJECTO":"Alwa","PARTOF":"Alwa"}},
{"type":"Feature","geometry":{"type":"Polygon","coordinates":[[[-11.908471851194797,16.38224568487565],[-11.803984723892242,15.755322921060293],[-8.878345159420608,14.292503138824477],[-6.997576867974556,14.396990266127032],[-4.803347194620834,15.546348666455176],[-5.012321449225948,16.69570706678332],[-7.833473886395026,17.636091212506344],[-11.69949759658968,17.113655575993548],[-11.908471851194797,16.38224568487565]]]},"properties":{"NAME":"Ghana","SUBJECTO":"Ghana","PARTOF":"Ghana"}},
{"type":"Feature","geometry":{"type":"Polygon","coordinates":[[[-0.857685075996148,51.4515374136455],[-1.771317503580192,50.730775783468715],[0.191810223562964,50.73128470059099],[0.204670566234646,51.091947381820624],[0.266603298733671,51.45667007326279],[-0.857685075996148,51.4515374136455]]]},"properties":{"NAME":"Wessex","SUBJECTO":"Wessex","PARTOF":"Wessex"}},
{"type":"Feature","geometry":{"type":"Polygon","coordinates":[[[13.252219233019598,79.8007312643117],[11.760330233080634,78.88018377896013],[15.098876032336005,77.11526831265154],[19.115822824938544,78.45454748745622],[17.83405402611042,79.80945166226091],[13.252219233019598,79.8007312643117]]]},"properties":{"NAME":null,"SUBJECTO":null,"PARTOF":null}},
{"type":"Feature","geometry":{"type":"Polygon","coordinates":[[[-156.03244492103315,20.19588430996599],[-156.0341691641972,19.10568770046892],[-154.94768234779096,19.48286589260759],[-156.03244492103315,20.19588430996599]]]},"properties":{"NAME":null,"SUBJECTO":null,"PARTOF":null}},
{"type":"Feature","geometry":{"type":"Polygon","coordinates":[[[-87.57061478187298,15.908048235136889],[-88.66434189368938,15.725766740996264],[-88.30037399818157,17.635434709746264],[-87.87709518958782,18.380864702422045],[-87.65071579505657,20.18991049404802],[-86.93589493324016,20.976399980742357],[-87.20057388831829,21.528873048979662],[-88.33372208167766,21.59004171963396],[-90.3043533523551,21.052090551567137],[-90.79754166415462,19.24863406257262],[-91.7024812369511,18.823484026152514],[-94.24197098304485,18.240150057036303],[-93.58785745357416,15.741059799706633],[-91.2420320182011,13.951556764799975],[-90,13.752979928891033],[-88.24292813890945,14.835837236778428],[-87.57061478187298,15.908048235136889]]]},"properties":{"NAME":"Maya city-states","SUBJECTO":"Maya city-states","PARTOF":"Maya city-states"}},
{"type":"Feature","geometry":{"type":"Polygon","coordinates":[[[-100.11568124604621,21.237535467942422],[-100.20028518742723,19.658261895496675],[-99.35424577361701,19.03783299203585],[-98.22619322187005,18.868625109273808],[-97.66216694599656,20.3914960541322],[-99.06068717650972,21.616553204984754],[-100.11568124604621,21.237535467942422]]]},"properties":{"NAME":"Toltec Empire","SUBJECTO":"Toltec Empire","PARTOF":"Toltec Empire"}},
{"type":"Feature","geometry":{"type":"Polygon","coordinates":[[[-105.29104324866985,20.67039068813982],[-104.94791122962688,19.437839113432787],[-103.49393936683391,18.353892885405443],[-101.99260422279094,18.02653082485857],[-101.22077652503704,17.41792257900896],[-98.85616013099407,16.596610628325365],[-97.88092514564251,16.052028261382006],[-96.33293625404094,15.750238977629564],[-95.13016983558391,16.29946859951677],[-93.58785745357416,15.741059799706633],[-94.24197098304485,18.240150057036303],[-96.01226517249798,18.92925604458513],[-97.50419327308391,21.189153276640795],[-97.70927879907207,21.801006985850215],[-100.25482577425323,22.571864083179573],[-100.89169969304979,20.740851566639503],[-105.29104324866985,20.67039068813982]],[[-100.59510358053866,18.34059261547909],[-99.29784314602966,18.503121239711056],[-97.57756300461554,17.853006742783204],[-97.09814067012309,16.93201120546875],[-97.5211603770282,16.47151343681152],[-99.01583000809292,16.823658789314106],[-100.56690226674499,17.880094846821866],[-100.59510358053866,18.34059261547909]],[[-100.11568124604621,21.237535467942422],[-99.06068717650972,21.616553204984754],[-97.66216694599656,20.3914960541322],[-98.22619322187005,18.868625109273808],[-99.35424577361701,19.03783299203585],[-100.20028518742723,19.658261895496675],[-100.11568124604621,21.237535467942422]]]},"properties":{"NAME":"Mesoamerican city-states and chiefdoms","SUBJECTO":"Mesoamerican city-states and chiefdoms","PARTOF":"Mesoamerican city-states and chiefdoms"}},
{"type":"Feature","geometry":{"type":"Polygon","coordinates":[[[-100.59510358053866,18.34059261547909],[-100.56690226674499,17.880094846821866],[-99.01583000809292,16.823658789314106],[-97.5211603770282,16.47151343681152],[-97.09814067012309,16.93201120546875],[-97.57756300461554,17.853006742783204],[-99.29784314602966,18.503121239711056],[-100.59510358053866,18.34059261547909]]]},"properties":{"NAME":"Mixtecs","SUBJECTO":"Mixtecs","PARTOF":"Mixtecs"}},
{"type":"Feature","geometry":{"type":"Polygon","coordinates":[[[-80.82338425208782,-5.715860761445143],[-79.06024643470501,-8.215522207062818],[-77.75874802161907,-10.658920682709791],[-76.23803421546673,-13.502021230500318],[-76.24178024818157,-14.105595983307936],[-75.23090836097454,-15.221601880829908],[-74.04964157630657,-16.044990934174635],[-71.61186691810344,-17.22145501498518],[-69.53613386666227,-13.823255942319332],[-71.23082293049625,-12.726692430426755],[-75.57639985719698,-10.61262797959937],[-77.33812023288645,-7.676427353450222],[-79.16210509734644,-5.863927087778276],[-80.82338425208782,-5.715860761445143]]]},"properties":{"NAME":"Huari Empire","SUBJECTO":"Huari Empire","PARTOF":"Huari Empire"}},
{"type":"Feature","geometry":{"type":"Polygon","coordinates":[[[-71.61186691810344,-17.22145501498518],[-70.58412643958782,-18.083280957978346],[-70.20851608802532,-19.06719819430647],[-70.11063095618938,-21.74793664340315],[-70.57323929359173,-23.165594495576002],[-70.39814468909954,-25.24891320590315],[-68.19179403160726,-25.492041488175367],[-67.82483020416323,-22.474878509241908],[-67.35618174619,-19.194339303429263],[-67.23759007893341,-18.364197632633108],[-67.94227822920921,-15.427997006483967],[-69.53613386666227,-13.823255942319332],[-71.61186691810344,-17.22145501498518]]]},"properties":{"NAME":"Tiahuanaco Empire","SUBJECTO":"Tiahuanaco Empire","PARTOF":"Tiahuanaco Empire"}},
{"type":"Feature","geometry":{"type":"MultiPolygon","coordinates":[[[[-48.85215473085459,-28.563025096783424],[-48.51618668128704,-25.87625161532698],[-47.867789405518906,-24.972408602350363],[-53.128470905039926,-14.264677204916623],[-53.123378851919725,-14.275041705614404],[-48.46896037885509,-23.748769173313708],[-49.48718016007792,-24.553337158794967],[-49.83871578487881,-26.797313680361846],[-48.85215473085459,-28.563025096783424]]],[[[-52.14021349238029,-31.740936200871825],[-52.14362427283977,-31.747351087372877],[-52.04218765784954,-31.556572355073072],[-52.14021349238029,-31.740936200871825]]],[[[-67.35618174619,-19.194339303429263],[-66.59524723372101,-19.145123826644383],[-65.90622541609757,-18.31105888474315],[-64.66180129731615,-16.804676207468987],[-64.1940629085568,-14.694582386569342],[-69.04501111905242,-8.235853806057],[-70.15820726425522,-5.735421450211085],[-66.40849393304576,3.041936481420927],[-62.65878060183632,4.152921580887431],[-58.55753164582598,3.977596077854006],[-55.8624251890192,1.695565793857857],[-55.80383591821904,0.875529465609527],[-57.97163893782451,-0.589157846288572],[-58.44035310422569,-2.287649024474563],[-56.33113935542037,-4.334740468715777],[-54.16333633581491,-4.626791146196514],[-49.06606977620206,-4.743578120004467],[-46.28089091395634,-3.552810001275477],[-45.03794798656097,-1.608438471873709],[-46.928299870984304,-0.927592195313551],[-48.042530980603445,-0.815624035637953],[-49.221146550671804,-2.108145631592848],[-50.64313980628704,-1.882471717637159],[-51.529381719128835,-0.429196335118391],[-49.88430496741985,1.21387108441057],[-50.68808075477337,2.216172300536059],[-51.20926758338665,4.070678793150805],[-53.02668091346477,5.426703058440111],[-54.28620621253704,5.881543241698168],[-56.746396031872976,6.00331839199724],[-58.57506653358196,6.984399877745531],[-58.616635289685476,7.499081217009447],[-59.83440491248821,8.440183244902514],[-61.695771781275944,8.610088933385873],[-63.06524366801216,8.32539786170036],[-65.96541257261946,8.180441590467876],[-70.68184887203134,8.55721593295672],[-71.09831711341594,9.327861391264818],[-72.11403366615032,9.904005609709642],[-71.6879548697636,10.769269548613451],[-72.37965866615032,11.810100160796068],[-73.36232468177532,11.32496031399431],[-74.21892258216594,11.367601953703783],[-75.45044418861126,10.627693735319994],[-75.70266434241985,9.425959192473314],[-76.76352402259563,8.692807756621264],[-78.26649185706829,9.385549150664232],[-79.50042435218548,9.638376795012377],[-80.96249863197063,8.864939295012377],[-82.22958847572063,9.046509348112963],[-83.91412827064251,11.251382433134935],[-83.66236588050579,13.705296121794603],[-83.31351944495891,14.767507158476732],[-84.65045639564251,15.933375917632006],[-87.57061478187298,15.908048235136889],[-88.24292813890945,14.835837236778428],[-90,13.752979928891033],[-87.94866653968548,13.171761118132494],[-86.01414200355266,11.367618166167162],[-85.77779099036907,10.138352953154467],[-85.08879562904094,9.583112322050951],[-83.61494156409954,9.151563249785326],[-82.95613571693157,8.256755434233568],[-81.6642732291386,8.16464766140642],[-80.81377121497844,7.270063482481859],[-79.71689316322063,8.883091531950853],[-79.06764694740032,9.034267984587572],[-77.40016647865032,6.67044600125017],[-77.50037857581829,5.51357754345598],[-77.10599991370891,3.792188965041063],[-77.80209824134563,2.576873623091601],[-78.46819778968548,2.467397295195482],[-78.98431107093548,1.296987973410509],[-80.0855607657597,0.817998133856676],[-80.33884903480266,-0.663181163113691],[-80.96610733558391,-1.033107079308607],[-80.1441545157597,-3.414210237305738],[-81.30361649085735,-4.331714547913649],[-80.82338425208782,-5.715860761445143],[-79.16210509734644,-5.863927087778276],[-77.33812023288645,-7.676427353450222],[-75.57639985719698,-10.61262797959937],[-71.23082293049625,-12.726692430426755],[-69.53613386666227,-13.823255942319332],[-67.94227822920921,-15.427997006483967],[-67.23759007893341,-18.364197632633108],[-67.35618174619,-19.194339303429263]]],[[[-69.16695114661907,-51.14943734530745],[-69.11474151787864,-51.35236245613261],[-69.07692429115032,-51.49934808139143],[-69.16695114661907,-51.14943734530745]]]]},"properties":{"NAME":null,"SUBJECTO":null,"PARTOF":null}},
{"type":"Feature","geometry":{"type":"Polygon","coordinates":[[[40.739138636095774,14.919243417937182],[39.517928156359446,15.46304854031267],[39.20794204185749,16.326509081084154],[37.01974154694986,13.626022736321879],[36.38921322252634,11.734437763051282],[36.599389330667506,9.212324465357149],[37.860445979514566,7.741091708368899],[38.879383970829274,7.854307040737202],[39.75203095278518,7.951267816510082],[40.17238316906753,9.842852789780679],[40.739138636095774,14.919243417937182]]]},"properties":{"NAME":"Axum","SUBJECTO":"Axum","PARTOF":"Axum"}},
{"type":"Feature","geometry":{"type":"Polygon","coordinates":[[[0.45780318303137,32.54744071220754],[5.681251390019591,32.815410169955875],[7.892289991693659,32.592604485305216],[12.53270264948299,30.804904526976536],[15.75226322608803,29.325276687515498],[17.00195254530468,28.750951383364868],[19.316482184359216,28.41987671981849],[19.124539408190497,30.19894369717302],[17.421629938586005,30.99598654385271],[15.84332564781452,31.28500326748552],[15.009786638720282,32.3634410726613],[12.564756426317938,32.73963888760271],[10.41260055015827,33.63112600918474],[10.019480738146552,34.081473909575365],[11.125108751757391,35.24060782070818],[10.132734331591376,37.10474737759294],[8.636709246142157,36.88525732632341],[5.144465002520331,36.66767843838396],[3.74122456024433,36.83686789150896],[1.579693111880072,36.51388891812029],[1.237401925164406,35.886350229540184],[0.870562547937594,33.07391500413463],[0.45780318303137,32.54744071220754]]]},"properties":{"NAME":"Aghlabid Emirate","SUBJECTO":"Aghlabid Emirate","PARTOF":"Aghlabid Emirate"}},
{"type":"Feature","geometry":{"type":"Polygon","coordinates":[[[-8.644062963025323,42.41974981899919],[-4.171856536107931,42.245002794878914],[-1.941654499720986,42.63856786012367],[-1.914577808873407,43.30541571255388],[-7.636274781720392,43.72141226406755],[-9.270803418652765,43.048690401274584],[-8.644062963025323,42.41974981899919]]]},"properties":{"NAME":"Asturias","SUBJECTO":"Asturias","PARTOF":"Asturias"}},
{"type":"Feature","geometry":{"type":"Polygon","coordinates":[[[17.258607996659602,40.955994251860766],[15.99104407737995,41.40614279385271],[14.076401988771625,42.633776395633475],[13.760507236067033,41.20669841656926],[15.846514350404568,39.62985800103884],[16.532101664049872,39.69751318569841],[17.084080728991278,40.525111757475756],[17.258607996659602,40.955994251860766]]]},"properties":{"NAME":"Lombard duchies","SUBJECTO":"Lombard duchies","PARTOF":"Lombard duchies"}},
{"type":"Feature","geometry":{"type":"Polygon","coordinates":[[[-14.631950163595391,25.68205080405753],[-11.190433532972722,25.715270054599223],[-9.681767449534497,26.10883511984398],[-8.566666431341025,27.158341960496656],[-6.730029460198837,29.51973235196518],[-4.772797416149867,31.65974739446365],[-1.179210466069484,32.450300628164904],[0.45780318303137,32.54744071220754],[0.870562547937594,33.07391500413463],[1.237401925164406,35.886350229540184],[1.579693111880072,36.51388891812029],[-2.035251822964899,35.05456884976091],[-4.59297749091839,35.15118750210466],[-5.928758588330499,35.72785910244646],[-7.004007783429376,33.874984346587084],[-9.21868607093548,32.5803600179738],[-9.81326672126507,31.289060198027514],[-9.662592854993097,29.95481642361345],[-11.576458898083917,28.228616319853685],[-12.866208997266046,27.857324205595873],[-13.628725018994562,26.591056429106615],[-14.631950163595391,25.68205080405753]]]},"properties":{"NAME":"Idrisid Caliphate","SUBJECTO":"Idrisid Caliphate","PARTOF":"Idrisid Caliphate"}},
{"type":"Feature","geometry":{"type":"Polygon","coordinates":[[[-8.644062963025323,42.41974981899919],[-8.694069829480402,40.992171846587084],[-9.549007382886163,38.77451666470232],[-8.853651967541925,38.49964102383318],[-8.667059865491144,37.12144049282732],[-6.6321539549992,37.02175100918474],[-5.660587277905694,36.00800665493669],[-4.446585622327081,36.72201880093279],[-2.238797393338434,36.72839697476091],[-0.91827228357052,37.57034262295427],[0.172570082648047,38.73834570522966],[-0.394848433034173,39.43445929165544],[0.879201921923407,41.02173575039568],[2.065487708214854,41.295597639645],[0.485330069288334,42.572973682582884],[-0.498582593823553,42.90094457028684],[-1.941654499720986,42.63856786012367],[-4.171856536107931,42.245002794878914],[-8.644062963025323,42.41974981899919]]]},"properties":{"NAME":"Emirate of Córdoba","SUBJECTO":"Emirate of Córdoba","PARTOF":"Emirate of Córdoba"}},
{"type":"Feature","geometry":{"type":"Polygon","coordinates":[[[3.598057457283223,51.31862352034122],[1.588920149309882,50.821883760649584],[1.274518880350836,50.00430258389177],[0.032870042426833,49.333705507475756],[-1.891543593899957,49.526351534087084],[-1.999109269065851,48.67695685862887],[-2.010361521016347,47.745650369834415],[-2.575529757355314,47.32396831567053],[-1.075199690358392,46.01461752529802],[-1.561407771603815,43.52442511196794],[-1.914577808873407,43.30541571255388],[-1.941654499720986,42.63856786012367],[-0.498582593823553,42.90094457028684],[0.485330069288334,42.572973682582884],[2.065487708214854,41.295597639645],[3.128878864748724,41.8572269308156],[3.001891169054755,42.77080877896013],[4.46133696802767,43.34124082156746],[4.107614962666455,46.56305366405475],[4.94438580191331,47.538245860797474],[3.598057457283223,51.31862352034122]]]},"properties":{"NAME":"West Francia","SUBJECTO":"West Francia","PARTOF":"Carolingian Empire"}},
{"type":"Feature","geometry":{"type":"Polygon","coordinates":[[[-2.914475408093683,53.267142854887865],[-4.123608317868463,52.37326391812029],[-2.750154700772516,51.644027315337084],[-2.914475408093683,53.267142854887865]]]},"properties":{"NAME":"Welsh","SUBJECTO":"Welsh","PARTOF":"Welsh"}},
{"type":"Feature","geometry":{"type":"Polygon","coordinates":[[[70.20742233726752,27.15571248134191],[68.86453405136173,24.48087493724264],[68.0721769661739,23.67518766995134],[68.79081252525593,23.028724275786303],[70.3806486458614,22.860560976225756],[72.26562547084175,24.223124794410293],[73.4263998968865,25.062195711910285],[70.20742233726752,27.15571248134191]]]},"properties":{"NAME":"Sindh","SUBJECTO":"Sindh","PARTOF":"Sindh"}},
{"type":"Feature","geometry":{"type":"Polygon","coordinates":[[[72.26562547084175,24.223124794410293],[70.3806486458614,22.860560976225756],[69.12606337974812,21.96850737209978],[70.20994857261921,20.94797857876482],[71.0244474739864,20.657476030547045],[72.1208601326778,21.155339800078295],[72.6930851549148,22.104650299819557],[73.91520626221168,23.111399465707596],[72.26562547084175,24.223124794410293]]]},"properties":{"NAME":"Vallabhi","SUBJECTO":"Vallabhi","PARTOF":"Vallabhi"}},
{"type":"Feature","geometry":{"type":"Polygon","coordinates":[[[78.96130796669618,16.028648672079253],[79.0611369487044,13.033779211833124],[80.31345656822468,13.104481302458666],[80.2215360771082,15.499391966307455],[79.48772742428635,15.807568832900566],[78.96130796669618,16.028648672079253]]]},"properties":{"NAME":"Cholas","SUBJECTO":"Cholas","PARTOF":"Cholas"}},
{"type":"Feature","geometry":{"type":"Polygon","coordinates":[[[102.42454933677173,24.88812145799538],[101.96418653109554,22.586307429614358],[101.42947309529906,21.975206360132667],[100.35291671122881,20.744856206909542],[100.38044551945849,19.86015044653297],[100.69818881548598,19.47885849129998],[102.07927723251458,19.824130595557133],[104.37053248094891,19.482026125283994],[104.6112726637337,20.284493401233338],[105.76217967792421,21.89576322110005],[108.40926581056239,23.161760936709612],[108.29417510914332,24.31266795090012],[108.75453791481954,26.154119173604936],[106.22254248360042,26.61448197928114],[105.30181687224801,26.039028472185887],[104.03581915663845,26.38430057644304],[102.42454933677173,24.88812145799538]]]},"properties":{"NAME":"Nan Chao","SUBJECTO":"Nan Chao","PARTOF":"Nan Chao"}},
{"type":"Feature","geometry":{"type":"Polygon","coordinates":[[[75.25020012412294,39.68304723004181],[75.14805310045668,37.778280016929074],[76.52914151748529,36.97264510699573],[76.75970453702153,33.18387536469871],[77.10459502458055,31.333200737462224],[78.48568344160915,30.527565827528864],[79.14818133348803,28.336681312199808],[79.8537096880478,27.970385081763993],[79.2465183230073,27.81189282357719],[79.28046073820109,27.630754588038034],[79.86677185863776,27.305026187795438],[81.59313237992353,25.233393562252523],[82.74403939411404,24.773030756576322],[84.04122082383469,24.832803515436638],[85.09776686058242,25.801304049122052],[85.93252215748387,25.24480051785442],[87.18714917578343,25.105397515821135],[87.86779287557921,27.01790872908419],[91.58073367614277,27.16988510222067],[93.41314187588453,24.246344261706238],[94.48329093885722,24.657940055157276],[97.93601198142875,24.88812145799538],[98.39637478710496,24.42775865231917],[98.2812840856859,22.586307429614358],[99.4321910998764,21.89576322110005],[101.42947309529906,21.975206360132667],[101.96418653109554,22.586307429614358],[102.42454933677173,24.88812145799538],[103.000002843867,26.38430057644304],[104.1509098580575,27.995570396309752],[103.57545635096224,30.297384424690776],[104.26600055947655,31.908654244557486],[102.7698214410289,33.404833363005146],[104.26600055947655,36.51228230131952],[104.03581915663845,38.00846141976718],[102.19436793393365,38.468824225443385],[100.81327951690504,40.310275448148204],[98.97182829420022,41.00081965666251],[96.32474216156204,40.65554755240535],[94.59838164027629,41.11591035808156],[92.06638620905717,43.302633685043524],[90.9596929884755,43.54918991631177],[87.57784885371417,43.76299649071973],[85.62130692959032,43.41772438646258],[82.05349518559973,41.46118246233871],[79.98186256005681,40.7706382538244],[75.37823450329478,40.19518474672915],[75.25020012412294,39.68304723004181]]]},"properties":{"NAME":"Tibetan Empire","SUBJECTO":"Tibetan Empire","PARTOF":"Tibetan Empire"}},
{"type":"Feature","geometry":{"type":"Polygon","coordinates":[[[54.66363051841999,73.4719959127492],[56.96043685386921,73.35708960171404],[60.88701919029499,75.24749334927263],[66.54819014976765,75.97989233608904],[65.9260588021114,76.50735815640154],[59.01763060997273,75.79893072720232],[54.01755050133015,73.73358496304216],[54.66363051841999,73.4719959127492]]]},"properties":{"NAME":null,"SUBJECTO":null,"PARTOF":null}},
{"type":"Feature","geometry":{"type":"Polygon","coordinates":[[[104.03581915663845,38.00846141976718],[104.26600055947655,36.51228230131952],[102.7698214410289,33.404833363005146],[104.26600055947655,31.908654244557486],[103.57545635096224,30.297384424690776],[104.1509098580575,27.995570396309752],[103.000002843867,26.38430057644304],[102.42454933677173,24.88812145799538],[104.03581915663845,26.38430057644304],[105.30181687224801,26.039028472185887],[106.22254248360042,26.61448197928114],[108.75453791481954,26.154119173604936],[108.29417510914332,24.31266795090012],[108.40926581056239,23.161760936709612],[105.76217967792421,21.89576322110005],[104.6112726637337,20.284493401233338],[104.37053248094891,19.482026125283994],[104.3810912608956,18.327951477109472],[106.45149726589356,16.187961290965557],[107.37534490539612,16.691467982144694],[106.43306258629109,17.550279222685717],[105.53258040855671,18.844211183745287],[106.8070402474239,20.905006014067553],[107.90002730797077,21.47900541897478],[109.11740401695515,21.39900930996599],[110.07721999595906,20.867482744414232],[111.08559707115437,21.479402147490404],[112.7495222420528,21.756068788725756],[113.71678451011921,22.482215486723803],[116.34061721275593,22.91333159084978],[118.81294539879109,24.8494144308156],[119.4703474373653,25.77168234463396],[119.42890456627156,26.590831361967943],[120.35180953453327,27.177013002592943],[121.35852340172077,28.3856635915822],[121.77031997154499,29.834281526762865],[121.60595992515827,31.827626787382982],[120.66086104820515,32.543117128569506],[119.97359755943562,34.13522299404802],[119.02086165855671,34.6919322835988],[120.13933852623249,36.19480093594255],[121.84669784019734,36.86017569180193],[120.6581144661739,37.73646505947771],[119.59885695884968,37.11661871548357],[118.87524703453327,37.949428163725756],[117.58946517418171,38.28448065396013],[117.75288680504109,39.20253714199724],[118.97764113853718,39.22413595791521],[121.01060775230671,40.85068091030779],[122.08235457847859,40.48801382656755],[126.01814312767718,42.15172667085302],[125.09741751632478,42.957361580786376],[123.37105699503901,42.957361580786376],[115.93895721077443,41.539213626722336],[110.7110798389434,40.88572895524346],[104.84145406657181,41.231001059500606],[104.15090985805752,40.310275448148204],[104.03581915663845,38.00846141976718]]]},"properties":{"NAME":"Tang Empire","SUBJECTO":"Tang Empire","PARTOF":"Tang Empire"}},
{"type":"Feature","geometry":{"type":"Polygon","coordinates":[[[79.0611369487044,13.033779211833124],[77.68004853167578,12.918688510414075],[75.73442294059149,11.253671169659425],[76.04670811007392,10.612195984134463],[76.64423221890434,10.616874482033058],[77.4498671288377,9.5810581692616],[78.92660811851765,9.492679201323412],[79.82626632164265,10.358728014189623],[79.71073440025593,11.44494207974138],[80.31345656822468,13.104481302458666],[79.0611369487044,13.033779211833124]]]},"properties":{"NAME":"Pallava","SUBJECTO":"Pallava","PARTOF":"Pallava"}},
{"type":"Feature","geometry":{"type":"Polygon","coordinates":[[[78.92660811851765,9.492679201323412],[77.4498671288377,9.5810581692616],[76.64423221890434,10.616874482033058],[76.04670811007392,10.612195984134463],[76.70353225181843,8.706356607634447],[77.89976027916218,8.257814966399096],[78.92660811851765,9.492679201323412]]]},"properties":{"NAME":"Pandya state","SUBJECTO":"Pandya state","PARTOF":"Pandya state"}},
{"type":"Feature","geometry":{"type":"Polygon","coordinates":[[[80.5628996224239,5.931666456419848],[81.20268538902546,6.079191290099047],[81.86616805504109,7.08456143017473],[80.66241744468952,9.299456201750658],[79.67463210533406,8.80493029232683],[79.85409072349812,7.061153494078539],[80.5628996224239,5.931666456419848]]]},"properties":{"NAME":"Lambakannas","SUBJECTO":"Lambakannas","PARTOF":"Lambakannas"}},
{"type":"Feature","geometry":{"type":"MultiPolygon","coordinates":[[[[139.80463698814654,39.890746675688646],[140.03008559654498,39.48317679043474],[139.19793227623248,37.92043264980974],[138.31724074791217,37.20550879116716],[136.66849807213092,36.66749533291521],[135.15697768638873,35.646468721587084],[132.6628523201778,35.38062628384294],[130.89904311607623,33.90366705532732],[134.42731765220904,34.62817724819841],[135.75567153404498,33.34231527920427],[136.7338514656856,34.87408789272966],[138.1490583748653,34.5278812276906],[139.42260268638873,35.165511690337084],[140.3166151375606,35.03381689663591],[140.87221816490435,37.91744955654802],[141.99811843345904,39.671989046294115],[141.46714309166217,40.5140872823781],[139.80463698814654,39.890746675688646]]],[[[130.74401381920123,30.88783415432634],[131.83098891685748,32.69308813687029],[131.66982558677935,33.308532320219896],[130.42656997154498,33.67417105313005],[129.34337905357623,33.15138968105974],[130.74401381920123,30.88783415432634]]],[[[132.69875625084185,32.54885824795427],[133.99859145591998,33.14826925869646],[134.5404157967403,34.01269873257341],[132.7843122811153,33.907523714262865],[132.12111953209185,33.34754904385271],[132.69875625084185,32.54885824795427]]]]},"properties":{"NAME":"Yamato","SUBJECTO":"Yamato","PARTOF":"Yamato"}},
{"type":"Feature","geometry":{"type":"MultiPolygon","coordinates":[[[[143.05691054771685,53.06198462124529],[141.76703933189654,53.2722659933156],[141.64321425865435,51.81308706875505],[142.15287307213092,50.89004477139177],[141.73180678795123,47.471191011626146],[142.48990920494342,47.901603304106615],[143.6331434578731,50.234977327544115],[142.94391921470904,51.61730536099138],[143.05691054771685,53.06198462124529]]],[[[141.46714309166217,40.5140872823781],[140.38640883873248,40.98550375576677],[139.80463698814654,39.890746675688646],[141.46714309166217,40.5140872823781]]],[[[140.01261428306842,41.38180883999529],[140.24552443931842,42.2284427511281],[141.92812636802935,42.50126227017107],[143.2137556404903,41.926539980132006],[143.84792617271685,42.77464636440935],[145.4481306404903,43.16955908413591],[145.05938247154498,43.785766206938646],[143.50817397545123,44.155761324126146],[141.8753309578731,45.435424410063646],[141.30364516685748,43.187030397612475],[139.71174148033404,42.47759588833513],[140.01261428306842,41.38180883999529]]]]},"properties":{"NAME":"Ainu","SUBJECTO":"Ainu","PARTOF":"Ainu"}},
{"type":"Feature","geometry":{"type":"MultiPolygon","coordinates":[[[[113.97059920738484,-3.362500585358717],[113.56993286219264,-1.87489223416976],[111.33287483668917,-1.369844138632381],[110.1023054451778,-3.078540958207228],[112.79538253258015,-2.971020854752638],[113.97059920738484,-3.362500585358717]]],[[[109.21701476418451,-7.014384389671774],[109.1153493180568,-7.738750693331721],[110.77773574302937,-8.320307172577955],[113.07378676841999,-8.347123540680983],[112.2747907967403,-7.026889718812086],[111.04471877525593,-6.851591504853346],[109.21701476418451,-7.014384389671774]]]]},"properties":{"NAME":"Mataram","SUBJECTO":"Mataram","PARTOF":"Mataram"}},
{"type":"Feature","geometry":{"type":"Polygon","coordinates":[[[122.94861129234577,-8.377099431794264],[121.27935317466999,-8.717112935822584],[120.56500533531452,-8.388149656098463],[119.93528274009968,-8.936113752167799],[121.69440749595906,-8.995869077485182],[122.94861129234577,-8.377099431794264]]]},"properties":{"NAME":null,"SUBJECTO":null,"PARTOF":null}},
{"type":"Feature","geometry":{"type":"Polygon","coordinates":[[[-156.5508165030644,20.974736772734545],[-156.5067033438847,20.598901354033373],[-156.11853500892377,20.79007490750017],[-156.5508165030644,20.974736772734545]]]},"properties":{"NAME":null,"SUBJECTO":null,"PARTOF":null}},
{"type":"Feature","geometry":{"type":"Polygon","coordinates":[[[-158.43440720130658,21.45204313870134],[-158.29761215736127,21.276496492583178],[-158.04683395911908,21.458880983549975],[-158.1790666251347,21.68914373989763],[-158.43440720130658,21.45204313870134]]]},"properties":{"NAME":null,"SUBJECTO":null,"PARTOF":null}},
{"type":"Feature","geometry":{"type":"Polygon","coordinates":[[[-168.35590073158002,53.54953344937029],[-168.37433334876752,53.2352786886281],[-167.86543747474408,53.3234134542531],[-168.35590073158002,53.54953344937029]]]},"properties":{"NAME":null,"SUBJECTO":null,"PARTOF":null}},
{"type":"Feature","geometry":{"type":"Polygon","coordinates":[[[-160.9394989447178,63.98492305338062],[-161.13301559974408,63.56284292813005],[-165.43123337318158,62.42954214688005],[-165.89809128333783,61.27033575649919],[-164.02740952064252,59.798244081694506],[-162.37810226966596,60.16311606045427],[-162.00392624427533,58.82661017056169],[-158.2914170890019,58.730208955962084],[-157.66533371497846,57.60424383755388],[-160.45729538490033,56.19991263027849],[-159.07692429115033,55.991962038237475],[-156.68457504798627,57.40069922085466],[-154.64931198646283,58.07648047085466],[-154.28227707435346,59.24877508755388],[-151.7829942374394,59.99495657559099],[-149.32562729408002,60.02748068447771],[-148.49261948158002,61.06433828945818],[-144.40642258216596,60.09257086392107],[-141.13538171825076,59.839352102827355],[-140.05179264318338,62.49514157669758],[-144.68009789261768,63.19218524961806],[-150.1289000770314,63.324002732781025],[-160.9394989447178,63.98492305338062]]]},"properties":{"NAME":"Thule","SUBJECTO":"Thule","PARTOF":"Thule"}},
{"type":"Feature","geometry":{"type":"Polygon","coordinates":[[[-166.49316879798627,53.733844362456225],[-167.1484269766972,53.94021566982927],[-166.92722031165815,53.4589115011281],[-166.49316879798627,53.733844362456225]]]},"properties":{"NAME":null,"SUBJECTO":null,"PARTOF":null}},
{"type":"Feature","geometry":{"type":"Polygon","coordinates":[[[-164.5644883780644,54.33413656826677],[-164.0718888907597,54.657455049712084],[-164.56093308021283,54.831317506987475],[-165.00973984290815,54.52799566860857],[-164.5644883780644,54.33413656826677]]]},"properties":{"NAME":null,"SUBJECTO":null,"PARTOF":null}},
{"type":"Feature","geometry":{"type":"Polygon","coordinates":[[[-162.80060288001752,54.99619253750505],[-162.78760239173627,55.15161856289568],[-163.09088608314252,55.27271994229021],[-163.19971176673627,55.04272040005388],[-162.80060288001752,54.99619253750505]]]},"properties":{"NAME":null,"SUBJECTO":null,"PARTOF":null}},
{"type":"Feature","geometry":{"type":"Polygon","coordinates":[[[-161.8104600577519,55.78313788052263],[-162.58459946204877,55.38870581265154],[-162.21831223060346,55.13241537686052],[-161.57512375404096,55.47864111538591],[-161.8104600577519,55.78313788052263]]]},"properties":{"NAME":null,"SUBJECTO":null,"PARTOF":null}},
{"type":"Feature","geometry":{"type":"Polygon","coordinates":[[[-135.4839219718144,57.3317142355031],[-134.9456681876347,56.45350226040544],[-134.7637834220097,56.79368170376482],[-135.00233933021283,57.325770937163256],[-135.4839219718144,57.3317142355031]]]},"properties":{"NAME":null,"SUBJECTO":null,"PARTOF":null}},
{"type":"Feature","geometry":{"type":"Polygon","coordinates":[[[-154.59257980872846,57.144836031157396],[-153.87775131751752,56.94134863491716],[-152.67949387122846,57.76453741665544],[-154.18864914466596,57.63143118496599],[-154.59257980872846,57.144836031157396]]]},"properties":{"NAME":null,"SUBJECTO":null,"PARTOF":null}},
{"type":"Feature","geometry":{"type":"Polygon","coordinates":[[[-135.8164415030644,57.454207979399584],[-135.32489487220502,58.09266623135271],[-136.59644028236127,57.90492209072771],[-135.8164415030644,57.454207979399584]]]},"properties":{"NAME":null,"SUBJECTO":null,"PARTOF":null}},
{"type":"Feature","geometry":{"type":"Polygon","coordinates":[[[-117.685761580263,73.21545873829851],[-117.33621689368938,74.16727789517107],[-123.49339005042766,74.44630011196794],[-117.685761580263,73.21545873829851]]]},"properties":{"NAME":null,"SUBJECTO":null,"PARTOF":null}},
{"type":"Feature","geometry":{"type":"Polygon","coordinates":[[[-60.62712189246868,47.132892214018725],[-61.38057419349407,46.33138998623552],[-61.02502914954876,45.6699596273488],[-59.80716034461712,46.081195436674975],[-60.58390900184368,46.38494452114763],[-60.62712189246868,47.132892214018725]]]},"properties":{"NAME":null,"SUBJECTO":null,"PARTOF":null}},
{"type":"Feature","geometry":{"type":"Polygon","coordinates":[[[-57.8141870169804,49.201522432524584],[-59.15655609657024,47.67005118008318],[-56.0789460807011,47.865218721587084],[-52.72859665443157,47.45452459927263],[-54.12957855750774,48.83571585293474],[-56.66153427650188,50.05606039639177],[-57.8141870169804,49.201522432524584]]]},"properties":{"NAME":"Beothuk","SUBJECTO":"Beothuk","PARTOF":"Beothuk"}},
{"type":"Feature","geometry":{"type":"Polygon","coordinates":[[[-100.0970124869511,75.76481207485857],[-97.81654068519329,76.47571142788591],[-100.06742569495891,76.6749988424367],[-101.88489243079876,76.3326679098195],[-100.0970124869511,75.76481207485857]]]},"properties":{"NAME":null,"SUBJECTO":null,"PARTOF":null}},
{"type":"Feature","geometry":{"type":"Polygon","coordinates":[[[-113.02425095130657,77.60209234829607],[-110.61967178870891,77.53749426479997],[-109.66120621253704,77.94987066860857],[-113.00970169593548,77.92320593472185],[-113.02425095130657,77.60209234829607]]]},"properties":{"NAME":null,"SUBJECTO":null,"PARTOF":null}},
{"type":"Feature","geometry":{"type":"Polygon","coordinates":[[[-98.34324356605266,78.80250128384294],[-97.45977493812298,78.10106238003435],[-95.09702774574016,78.4384036886281],[-98.34324356605266,78.80250128384294]]]},"properties":{"NAME":null,"SUBJECTO":null,"PARTOF":null}},
{"type":"Feature","geometry":{"type":"Polygon","coordinates":[[[-171.72774216224408,63.45713003750505],[-169.9031114249394,63.07521017666521],[-169.33293625404096,63.39732702847185],[-170.48152634193158,63.688373171049975],[-171.72774216224408,63.45713003750505]]]},"properties":{"NAME":null,"SUBJECTO":null,"PARTOF":null}},
{"type":"Feature","geometry":{"type":"Polygon","coordinates":[[[-115.80212112952923,76.3400379049367],[-117.39662643958782,75.40709265347185],[-112.20279404212688,74.49975927944841],[-105.77345749427532,75.23006781216326],[-105.9172029166386,76.02183874722185],[-111.38564011146282,75.65990790005388],[-115.80212112952923,76.3400379049367]]]},"properties":{"NAME":null,"SUBJECTO":null,"PARTOF":null}},
{"type":"Feature","geometry":{"type":"Polygon","coordinates":[[[-121.45937058021282,76.27013739224138],[-120.09985825111126,75.97814520474138],[-118.73600479652141,76.93774756069841],[-121.57771774818157,76.70210608120622],[-121.45937058021282,76.27013739224138]]]},"properties":{"NAME":null,"SUBJECTO":null,"PARTOF":null}},
{"type":"Feature","geometry":{"type":"Polygon","coordinates":[[[-100.88823410560344,78.18188055630388],[-99.89162155677532,78.65814550991716],[-102.56874558021282,79.01609381313982],[-104.16248032142376,78.29821356411638],[-100.88823410560344,78.18188055630388]]]},"properties":{"NAME":null,"SUBJECTO":null,"PARTOF":null}},
{"type":"Feature","geometry":{"type":"Polygon","coordinates":[[[-124.1404924063847,44.7891116964406],[-124.23045217275275,44.45096392151133],[-124.15713846161013,44.726541207842374],[-124.1404924063847,44.7891116964406]]]},"properties":{"NAME":null,"SUBJECTO":null,"PARTOF":null}},
{"type":"Feature","geometry":{"type":"Polygon","coordinates":[[[-141.13538171825076,59.839352102827355],[-137.57666489173627,58.6041637289113],[-134.12349411536908,58.239215456206225],[-131.7670030265019,56.01000555630388],[-131.19051071693158,56.03476294155779],[-130.00363632728315,53.93796118374529],[-127.86647743746704,52.41254897736534],[-125.757913379286,53.13079169844382],[-122.49112572639841,54.243561521059334],[-111.49669636011149,57.98860727108466],[-118.19565657401094,62.711419272008236],[-118.19774749095093,62.712635573894396],[-124.93551363296793,64.83463268032534],[-132.43494029538678,62.496969371290604],[-140.05179264318338,62.49514157669758],[-141.13538171825076,59.839352102827355]]]},"properties":{"NAME":"Athabaskan","SUBJECTO":"Athabaskan","PARTOF":"Athabaskan"}},
{"type":"Feature","geometry":{"type":"Polygon","coordinates":[[[-102.5682060899621,29.99225368312217],[-104.2320206469326,30.440911318982984],[-112.89227829173785,30.38599388801684],[-112.7371492057011,30.109120928007982],[-111.69163223792766,28.49610289211931],[-110.60444351722454,27.856137834746264],[-110.38207718421673,27.214393221098803],[-109.13188644935344,26.288686357695482],[-105.53994461585735,22.284598909575365],[-105.29104324866985,20.67039068813982],[-100.89169969304979,20.740851566639503],[-100.25482577425323,22.571864083179573],[-97.70927879907207,21.801006985850215],[-97.82254501868938,24.20810469265642],[-97.25996109534954,25.811372362334154],[-97.63798996497844,26.846942506987475],[-96.68452927161907,28.2477298605031],[-97.75841820818601,28.695265355313026],[-102.5682060899621,29.99225368312217]]]},"properties":{"NAME":"Mogollon","SUBJECTO":"Mogollon","PARTOF":"Mogollon"}},
{"type":"Feature","geometry":{"type":"Polygon","coordinates":[[[-102.5682060899621,32.42779661849105],[-102.5682060899621,38.880148963177184],[-109.04855657130156,38.880148963177184],[-121.16971848831042,38.880148963177184],[-123.6484726898424,38.880148963177184],[-121.93205734779094,37.00897558804216],[-121.92680069495891,36.33826788540544],[-120.67728897620891,35.18933447476091],[-120.52868362952923,34.50833090420427],[-118.60435196449016,34.096419893462084],[-117.49671646644329,33.325431429106615],[-116.70472427894329,31.590745531279467],[-115.60230728675579,29.685151659209154],[-114.06728836585735,28.42289312954607],[-114.47785660316204,27.243947588164232],[-112.41098496009563,26.19277151699724],[-112.16581436683391,25.010667406279467],[-110.22465988685344,23.39993818875017],[-110.20493790199016,24.31546553250017],[-110.79756638099407,24.8800483572072],[-112.86987015296673,28.334659181792162],[-114.68277451087688,30.14322432156267],[-114.83865067054485,31.815496050078295],[-113.05207535316204,31.13870009060564],[-112.90797897865032,30.41401632900896],[-112.89227829173785,30.38599388801684],[-104.2320206469326,30.440911318982984],[-102.5682060899621,29.99225368312217],[-102.5682060899621,32.42779661849105]]]},"properties":{"NAME":"Anasazi","SUBJECTO":"Anasazi","PARTOF":"Anasazi"}},
{"type":"Feature","geometry":{"type":"Polygon","coordinates":[[[-46.280890913956334,-3.552810001275475],[-53.128470905039926,-14.264677204916623],[-47.867789405518906,-24.972408602350363],[-46.20621201087688,-23.882822431367018],[-45.459210362927664,-23.855831540864088],[-44.561295476453054,-22.989857114594557],[-41.95784470130657,-22.92082253817854],[-40.983502355115164,-22.08642999057112],[-40.932816472546804,-21.279411710541822],[-39.69133850623821,-19.40879670504866],[-39.666134801404226,-18.226957715790846],[-39.142498937146414,-17.77471772555647],[-38.94815537025188,-16.001592077057936],[-39.126217809216726,-14.324533857148268],[-38.79886719276165,-12.627316869538404],[-38.266137090222585,-12.886686719697096],[-37.18652435828899,-10.844699300568678],[-35.5985994010136,-9.627626813691236],[-34.890675511853445,-7.611789144318678],[-35.464371648328054,-5.268277086060621],[-37.180600133435476,-4.954271711152174],[-37.73482224036907,-4.529729284089186],[-38.06839844276165,-4.231795228760816],[-40.23088928748821,-2.8512109888011],[-42.31647202064251,-2.817604697983839],[-43.33403870155071,-2.432190097611524],[-44.222123113171804,-2.777243770402052],[-45.03794798656097,-1.608438471873709],[-46.28089091395634,-3.552810001275477],[-46.280890913956334,-3.552810001275475]]]},"properties":{"NAME":"Tupis","SUBJECTO":"Tupis","PARTOF":"Tupis"}},
{"type":"Feature","geometry":{"type":"Polygon","coordinates":[[[44.672198328478586,-16.23558083895979],[43.97164824913288,-17.552675641816236],[44.47033599327351,-20.17013780001936],[43.50102523277546,-21.49418679599104],[43.3763647408321,-22.63212624911604],[43.67141250084187,-24.226787961762525],[44.425330194933665,-25.31205026034651],[45.576182398302805,-25.62107697848616],[47.25847915123249,-24.765831388276197],[48.087378534777415,-22.04376069430647],[49.34185317466999,-18.227621473115065],[49.42470839927937,-17.197809613984205],[50.503340754015696,-15.314229406159498],[49.81718734215046,-12.83071366671858],[48.75133803795124,-13.417710698884108],[46.92456725548054,-15.360046781342604],[44.672198328478586,-16.23558083895979]]]},"properties":{"NAME":"Malagasy","SUBJECTO":"Malagasy","PARTOF":"Malagasy"}},
{"type":"Feature","geometry":{"type":"Polygon","coordinates":[[[8.576292070849188,3.066532455641649],[8.827178987963446,3.611938320357226],[8.478118929369696,3.557397686201952],[8.576292070849188,3.066532455641649]]]},"properties":{"NAME":null,"SUBJECTO":null,"PARTOF":null}},
{"type":"Feature","geometry":{"type":"Polygon","coordinates":[[[5.354585680468329,5.362343393523119],[5.359488992633966,5.368345627897537],[5.44819215248371,5.476928793150805],[5.354585680468329,5.362343393523119]]]},"properties":{"NAME":null,"SUBJECTO":null,"PARTOF":null}},
{"type":"Feature","geometry":{"type":"Polygon","coordinates":[[[130.78383925865435,-3.879009164612867],[130.36870864341998,-3.129982627671339],[129.16782668541217,-3.138942397873976],[128.1527204842403,-2.969546951096632],[128.37597182701373,-3.547393001359083],[128.9145613045528,-3.253879703324415],[129.4866590828731,-3.595832265656568],[129.91410354088092,-3.385179199021437],[130.78383925865435,-3.879009164612867]]]},"properties":{"NAME":null,"SUBJECTO":null,"PARTOF":null}},
{"type":"Feature","geometry":{"type":"Polygon","coordinates":[[[126.66047194908406,-3.87522951487837],[127.11218551109577,-3.721727050583937],[126.72658828209187,-3.233194030564405],[126.15001204918171,-3.628476537507154],[126.66047194908406,-3.87522951487837]]]},"properties":{"NAME":null,"SUBJECTO":null,"PARTOF":null}},
{"type":"Feature","geometry":{"type":"Polygon","coordinates":[[[120.27981093834187,-10.378160871308424],[120.4624357552364,-9.926486409943678],[119.7887297005489,-9.457600988190748],[119.40983107994343,-9.871551908295729],[120.27981093834187,-10.378160871308424]]]},"properties":{"NAME":null,"SUBJECTO":null,"PARTOF":null}},
{"type":"Feature","geometry":{"type":"Polygon","coordinates":[[[142.41326430748248,-3.307272828858473],[139.59199050377154,-2.379156745713331],[137.85431960533404,-1.613961375992872],[136.2708845467403,-2.418122447770216],[135.24643996666217,-3.538871921341993],[134.28306106041217,-2.854586995881178],[133.9073133797481,-1.006078935902693],[132.25400832603717,-0.52669767264662],[131.21142104576373,-1.024637974541761],[132.7187147469356,-2.934237636368849],[132.71282485435748,-3.887547172349073],[134.04062941978717,-3.948230661194899],[137.38517287681842,-5.123125947754957],[137.82358840416217,-5.427235997956373],[139.1561384529903,-7.725116647523024],[140.94761184166217,-9.273864187043287],[142.60740188072467,-9.376576818268873],[143.43680861900592,-8.357819951813795],[144.37983230064654,-7.758321679871656],[145.81963637779498,-8.098442472260572],[146.64609816978717,-9.278875745576002],[147.8736219734981,-10.178817189972975],[149.78336623619342,-10.40988961581526],[149.82990554283404,-9.710580266755201],[148.5887098641231,-9.160280622284986],[147.37603286216998,-7.796340860169508],[146.9091444344356,-6.894825376313307],[147.37649062584185,-6.124768174927809],[145.59342482994342,-5.423136152070143],[145.72822097252154,-4.99702922229109],[143.44550612877154,-3.610096133988478],[142.41326430748248,-3.307272828858473]]]},"properties":{"NAME":"Papou","SUBJECTO":"Papou","PARTOF":"Papou"}},
{"type":"Feature","geometry":{"type":"MultiPolygon","coordinates":[[[[111.33287483668917,-1.369844138632381],[113.56993286219264,-1.87489223416976],[113.97059920738484,-3.362500585358717],[114.7124128670528,-4.206153310578443],[115.56814101646687,-3.803909934800245],[116.3491316170528,-2.416793264191725],[116.0462751717403,-1.934458292763807],[117.04563430259968,-0.934580959122755],[117.53428939293171,0.610662959772966],[118.51726058433796,1.165625892836474],[117.07397750328327,3.507199846465014],[118.39120772789265,4.374171339232348],[119.04260543297077,5.169805132109545],[116.59562972496296,6.899092756468676],[114.87784865806843,4.855816923338793],[113.81483748863484,4.262612425047777],[112.75924972008015,3.008589826781176],[111.37182906578327,2.598927341658495],[110.96831038902546,1.225523196417711],[110.70588562235857,-0.603523987783856],[111.33287483668917,-1.369844138632381]]],[[[120.63552382896687,0.922386907297991],[119.91373732994343,0.539560459811113],[118.6836042733028,-2.901070750992872],[119.46113112877156,-3.808197892945387],[119.4768400521114,-5.80376807574568],[120.24806502769734,-5.586007512848951],[120.14419082115437,-3.075864232819654],[121.87277511070515,-4.959664739411451],[122.64091018150593,-4.284319795411207],[122.25816634605671,-3.211096681397535],[120.50657180259968,-1.448180831711866],[119.87274459312702,-0.464555866759397],[120.63552382896687,0.922386907297991]]],[[[120.30511001060749,14.57529219265642],[121.00936416099812,13.655685030180834],[121.7287931771114,14.108259760100267],[121.24220565269734,15.30783327694597],[122.39557937095906,17.114329897124193],[122.02781203697468,18.00917204495134],[121.03637221763874,18.527911745268725],[120.3930769295528,18.04379232998552],[120.30344680259968,16.41746290798845],[119.77184585045124,15.469834886748217],[120.30511001060749,14.57529219265642]]],[[[125.95463088463093,6.652467809874437],[126.32172683189656,7.148838602263353],[125.93394759605671,9.174750887114428],[123.46498397300984,7.790728651244066],[124.22405532310749,6.089605890471361],[125.07284835289265,5.722916685301684],[125.95463088463093,6.652467809874437]]]]},"properties":{"NAME":"Malay","SUBJECTO":"Malay","PARTOF":"Malay"}},
{"type":"Feature","geometry":{"type":"Polygon","coordinates":[[[55.18068984459187,73.26649817104997],[51.482134851916086,71.8446765768117],[54.30786803673054,71.20566137905779],[55.72066405723835,71.64242132778826],[55.18068984459187,73.26649817104997]]]},"properties":{"NAME":null,"SUBJECTO":null,"PARTOF":null}},
{"type":"Feature","geometry":{"type":"Polygon","coordinates":[[[13.827770266039618,53.82971914883318],[14.069946321947821,53.917769991118334],[13.77841094444538,54.04440649624529],[13.827770266039618,53.82971914883318]]]},"properties":{"NAME":null,"SUBJECTO":null,"PARTOF":null}},
{"type":"Feature","geometry":{"type":"Polygon","coordinates":[[[14.472936663134345,53.87677725430193],[14.227241548998602,53.909511171538256],[14.247895273669013,53.815963350493334],[14.472936663134345,53.87677725430193]]]},"properties":{"NAME":null,"SUBJECTO":null,"PARTOF":null}},
{"type":"Feature","geometry":{"type":"Polygon","coordinates":[[[-1.896904541783819,54.336152325536695],[-0.319215585188619,53.578914247710124],[-1.941995468632928,55.55607184048357],[-2.064587801416327,55.300331068423596],[-1.896904541783819,54.336152325536695]]]},"properties":{"NAME":"Nothumbria","SUBJECTO":"Nothumbria","PARTOF":"Nothumbria"}},
{"type":"Feature","geometry":{"type":"Polygon","coordinates":[[[0.191810223562964,50.73128470059099],[1.334964427454718,51.12069662686051],[0.45510810894908,51.43149402867324],[0.204670566234646,51.091947381820624],[0.191810223562964,50.73128470059099]]]},"properties":{"NAME":"Kent","SUBJECTO":"Kent","PARTOF":"Kent"}},
{"type":"Feature","geometry":{"type":"Polygon","coordinates":[[[-0.857685075996148,51.4515374136455],[0.266603298733671,51.45667007326279],[1.271868896387535,51.91936318767827],[-0.362383866430525,52.02724295203108],[-0.857685075996148,51.4515374136455]]]},"properties":{"NAME":"Essex","SUBJECTO":"Essex","PARTOF":"Essex"}},
{"type":"Feature","geometry":{"type":"Polygon","coordinates":[[[1.271868896387535,51.91936318767827],[1.691691669924506,52.311420046049975],[-0.319215585188619,53.578914247710124],[-1.896904541783819,54.336152325536695],[-2.8859381346867,54.168666444975756],[-2.914475408093683,53.267142854887865],[-2.750154700772516,51.644027315337084],[-1.771317503580192,50.730775783468715],[-0.857685075996148,51.4515374136455],[-0.362383866430525,52.02724295203108],[1.271868896387535,51.91936318767827]]]},"properties":{"NAME":"Mercia","SUBJECTO":"Mercia","PARTOF":"Mercia"}},
{"type":"Feature","geometry":{"type":"Polygon","coordinates":[[[117.51178780613462,50.69311808891577],[110.70143086835411,50.98293023313427],[105.30115815324875,51.21273678060715],[93.94115045927443,51.095929022398096],[82.20868349664521,51.32924897531792],[80.79387097661343,46.682450491899885],[80.71884642202563,46.43604046828073],[91.33393557869015,45.92025067110863],[90.9596929884755,43.54918991631177],[92.06638620905717,43.302633685043524],[94.59838164027629,41.11591035808156],[96.32474216156204,40.65554755240535],[98.97182829420022,41.00081965666251],[100.81327951690504,40.310275448148204],[102.19436793393365,38.468824225443385],[104.03581915663845,38.00846141976718],[104.15090985805752,40.310275448148204],[104.84145406657181,41.231001059500606],[110.7110798389434,40.88572895524346],[115.93895721077443,41.539213626722336],[117.51178780613462,50.69311808891577]]]},"properties":{"NAME":"Ouighurs","SUBJECTO":"Ouighurs","PARTOF":"Ouighurs"}},
{"type":"Feature","geometry":{"type":"Polygon","coordinates":[[[142.35776809166217,59.140956484038256],[137.17796706332177,61.33433849362306],[127.80939535096982,61.80384030510338],[116.96157547350965,59.88266776324234],[110.70143086835411,50.98293023313427],[117.51178780613462,50.69311808891577],[130.25592915312674,50.1507960103906],[136.14245701877272,46.33490150384852],[138.12302543375594,46.505838950569434],[140.08100417564654,48.50260504360857],[141.12119582603717,53.05163153286638],[140.10245803306842,53.80170401211443],[138.41680434654498,54.091910921294115],[137.97939589927935,53.464583955962084],[136.35065749595904,53.70121344204607],[136.49160293052935,54.4554935323781],[134.98522475670123,54.853934847075365],[137.2290907234981,55.98272284146013],[142.35776809166217,59.140956484038256]]]},"properties":{"NAME":"Tungus","SUBJECTO":"Tungus","PARTOF":"Tungus"}},
{"type":"Feature","geometry":{"type":"Polygon","coordinates":[[[33.1943359375,49.11875],[32.470572926630325,49.27142778583737],[31.074989254240364,49.017806389820606],[28.664891879864264,48.57981598285431],[26.937451209823184,48.26588574496204],[27.01218051563212,45.00456023392455],[28.918236765368224,44.765750490385905],[29.089749369127997,44.875732027251146],[30.832856211169013,46.576591097075365],[32.15018587907352,46.63651247346525],[33.655371093750006,47.05029296875],[33.7046875,47.060839843749996],[35.3017578125,47.491796875],[36.49878290689186,47.81574633507631],[36.14818488537594,48.6064813360865],[33.1943359375,49.11875]]]},"properties":{"NAME":"Magyars","SUBJECTO":"Magyars","PARTOF":"Magyars"}},
{"type":"Feature","geometry":{"type":"Polygon","coordinates":[[[15.533591403824436,15.050081754358416],[15.125778000674927,14.89925635602572],[14.375311962283693,13.29193599700369],[14.581743588107965,12.67336040874892],[15.657358111202049,11.30618068591897],[16.637054461177968,10.931302558126609],[18.627952846500676,10.169490738236744],[21.504739327000397,12.682548162639588],[20.723003870342865,14.778350027935621],[17.001943096653005,15.59313582578668],[15.533591403824436,15.050081754358416]]]},"properties":{"NAME":"Kanem","SUBJECTO":"Kanem","PARTOF":"Kanem"}},
{"type":"Feature","geometry":{"type":"Polygon","coordinates":[[[-14.50982440309849,28.050049749026638],[-13.880964773397412,28.19936673357924],[-14.147020770578637,28.391039461179965],[-14.50982440309849,28.050049749026638]]]},"properties":{"NAME":"Guanches","SUBJECTO":"Guanches","PARTOF":"Guanches"}},
{"type":"Feature","geometry":{"type":"Polygon","coordinates":[[[-14.50982440309849,28.050049749026638],[-13.880964773397412,28.19936673357924],[-14.147020770578637,28.391039461179965],[-14.50982440309849,28.050049749026638]]]},"properties":{"NAME":"Guanches","SUBJECTO":"Guanches","PARTOF":"Guanches"}},
{"type":"Feature","geometry":{"type":"Polygon","coordinates":[[[19.334442,57.955826],[19.104721,57.975273],[19.1416660000001,57.907776],[19.334442,57.955826]]]},"properties":{"NAME":null,"SUBJECTO":null,"PARTOF":null}},
{"type":"Feature","geometry":{"type":"Polygon","coordinates":[[[18.206108,56.911942],[18.711941,57.241661],[18.809166,57.703606],[18.111385,57.51944],[18.206108,56.911942]]]},"properties":{"NAME":null,"SUBJECTO":null,"PARTOF":null}},
{"type":"Feature","geometry":{"type":"Polygon","coordinates":[[[-68.195282,12.221109],[-68.363892,12.305277],[-68.285278,12.102221],[-68.195282,12.221109]]]},"properties":{"NAME":null,"SUBJECTO":null,"PARTOF":null}},
{"type":"Feature","geometry":{"type":"Polygon","coordinates":[[[-61.291672,16.326664000000108],[-61.49889399999989,16.34861000000012],[-61.793892,16.241943000000106],[-61.695007,15.949165],[-61.55277999999987,16.054443000000106],[-61.581116,16.204720000000123],[-61.291672,16.326664000000108]]]},"properties":{"NAME":"Arawaks","SUBJECTO":"Arawaks","PARTOF":"Arawaks"}},
{"type":"Feature","geometry":{"type":"Polygon","coordinates":[[[-68.965561,12.198889],[-69.077789,12.34861],[-69.15834,12.311388],[-69.0625,12.188332000000116],[-68.83223,12.049444000000108],[-68.824173,12.160276000000124],[-68.965561,12.198889]]]},"properties":{"NAME":null,"SUBJECTO":null,"PARTOF":null}},
{"type":"Feature","geometry":{"type":"Polygon","coordinates":[[[-60.12421127845501,53.51734503384294],[-62.593886961730774,54.56997808041503],[-65.00679774107235,50.340609690521056],[-64.3259172110722,50.304671846587084],[-60.13784500648235,50.411700807768725],[-58.52433868934368,51.37948568936052],[-56.96410461951946,51.4884410726613],[-55.6590242057011,52.18734701748552],[-56.12695583342671,53.46584387832734],[-58.78822689960135,52.57259027862411],[-59.71703430701946,53.4313121664113],[-60.12421127845501,53.51734503384294]]]},"properties":{"NAME":"Innu","SUBJECTO":"Innu","PARTOF":"Innu"}},
{"type":"Feature","geometry":{"type":"Polygon","coordinates":[[[9.516527,55.142149],[9.51772704370153,55.13574602054728],[9.517636865334472,55.142502366758045],[9.516527,55.142149]]]},"properties":{"NAME":"Danes","SUBJECTO":"Danes","PARTOF":"Danes"}},
{"type":"Feature","geometry":{"type":"Polygon","coordinates":[[[11.86291340734959,58.34548082520313],[13.928304753563669,57.70147880690188],[14.217596478956137,56.60317852525806],[15.772463598336344,56.03556714415017],[16.744044336779364,58.311950288969896],[19.037323984606513,59.86324270840349],[17.19783645683182,60.679989864382286],[12.28793213528174,59.23726433654701],[11.86291340734959,58.34548082520313]]]},"properties":{"NAME":"Swedes and Goths","SUBJECTO":"Swedes and Goths","PARTOF":"Swedes and Goths"}},
{"type":"Feature","geometry":{"type":"MultiPolygon","coordinates":[[[[9.516527,55.142149],[10.262221250000124,56.18229150000006],[10.05867825000007,57.0491250000001],[8.179235,56.66735650000011],[8.88401225517536,54.229449831206225],[10.141728434069403,54.33675345059099],[9.708054250000089,54.8346480000001],[9.72992950000004,54.94902425000011],[9.52624925,55.09027475000009],[9.516527,55.142149]]],[[[11.86291340734959,58.34548082520313],[11.679926401349118,58.22296057979648],[12.372637750000052,56.107147],[14.286350283129462,55.515494905669115],[15.772463598336344,56.03556714415017],[14.217596478956137,56.60317852525806],[13.928304753563669,57.70147880690188],[11.86291340734959,58.34548082520313]]]]},"properties":{"NAME":"Danes","SUBJECTO":"Danes","PARTOF":"Danes"}},
{"type":"Feature","geometry":{"type":"Polygon","coordinates":[[[-4.62959849143887,55.92406821492878],[-2.8859381346867,54.168666444975756],[-1.896904541783819,54.336152325536695],[-2.064587801416327,55.300331068423596],[-1.941995468632928,55.55607184048357],[-3.828146332814844,55.94820364347348],[-4.62959849143887,55.92406821492878]]]},"properties":{"NAME":"Celtic kingdoms","SUBJECTO":"Celtic kingdoms","PARTOF":"Celtic kingdoms"}},
{"type":"Feature","geometry":{"type":"Polygon","coordinates":[[[-3.894669342793717,55.98490594570705],[-2.772860255734674,56.1713138448781],[-1.944626775281183,57.4016605245656],[-5.22629967425067,57.71051505786203],[-3.894669342793717,55.98490594570705]]]},"properties":{"NAME":"Picts","SUBJECTO":"Picts","PARTOF":"Picts"}},
{"type":"Feature","geometry":{"type":"Polygon","coordinates":[[[-3.828146332814844,55.94820364347348],[-3.894669342793717,55.98490594570705],[-5.22629967425067,57.71051505786203],[-5.633057561413995,55.93986090298357],[-4.62959849143887,55.92406821492878],[-3.828146332814844,55.94820364347348]]]},"properties":{"NAME":"Scots","SUBJECTO":"Scots","PARTOF":"Scots"}},
{"type":"Feature","geometry":{"type":"Polygon","coordinates":[[[-6.645197835461847,55.20642813320818],[-8.345380750195734,55.09528311367693],[-8.59008499671673,54.20284994717302],[-9.890640225903741,52.19443091030779],[-9.81910988380169,51.434554659087084],[-6.40597101737713,52.21443899746599],[-6.443396058575861,53.899379335600756],[-5.661512818829767,54.32224615688982],[-6.645197835461847,55.20642813320818]]]},"properties":{"NAME":"Irlanda","SUBJECTO":"Irlanda","PARTOF":"Irlanda"}},
{"type":"Feature","geometry":{"type":"Polygon","coordinates":[[[18.142359748647795,54.71559819393255],[17.86004229412497,53.657880170225326],[22.5413083959304,53.53301506848137],[24.697846712492446,55.3076758000506],[28.38172139080795,56.31459337748572],[28.068427102920783,57.86243922267352],[27.368926076870146,58.35811554767541],[25.749816623010524,58.548585438946596],[25.329028658803296,56.54523008757859],[22.80430087355992,55.99027849078515],[23.10979012835954,57.18153893293185],[21.67733100364948,57.46365698452654],[20.964827570421942,56.60902365322771],[21.137343439562567,54.845458589751146],[18.142359748647795,54.71559819393255]]]},"properties":{"NAME":"Baltic tribes","SUBJECTO":"Baltic tribes","PARTOF":"Baltic tribes"}},
{"type":"Feature","geometry":{"type":"Polygon","coordinates":[[[26.11800609169176,44.83696171869182],[27.45864333919873,45.5629595403481],[26.937451209823184,48.26588574496204],[21.017094879807985,47.069951087183284],[19.73308138113464,46.166538334713756],[19.307360442169,44.03649281971524],[19.23298161145317,43.77136296522203],[20.238074494942126,43.394215649442046],[21.08364435992213,43.37145477318491],[22.063291853955672,43.90125489495484],[22.70823460976799,43.93227411600282],[23.397217462714668,43.84199148135105],[26.11800609169176,44.83696171869182]]]},"properties":{"NAME":"Avars","SUBJECTO":"Avars","PARTOF":"Avars"}},
{"type":"Feature","geometry":{"type":"Polygon","coordinates":[[[26.937451209823184,48.26588574496204],[28.664891879864264,48.57981598285431],[26.57118957657036,49.95852230613026],[24.69069105899189,51.68259479362447],[27.153234273312215,53.96064002077892],[28.463688664472244,54.31379062764641],[28.983690138531568,55.81859929755448],[28.38172139080795,56.31459337748572],[24.697846712492446,55.3076758000506],[22.5413083959304,53.53301506848137],[17.86004229412497,53.657880170225326],[18.142359748647795,54.71559819393255],[14.472936663134345,53.87677725430193],[14.433155092699774,53.59421499844255],[13.78049949119831,53.77517660732927],[13.73778251121784,54.03028830166521],[13.431016001208075,54.03024633999529],[13.063765558703192,54.19368704434099],[12.652518305285223,54.32142599697771],[12.041073832018622,54.09665640469255],[11.015887293322333,54.09665640469255],[11.073005709154852,54.219630800444506],[10.141728434069403,54.33675345059099],[10.982789004112954,52.0188453007888],[12.398839125849378,50.17294403782561],[13.843178758951693,50.65126127946679],[15.002464654381606,50.9083392075322],[18.542908392399653,49.68217508325022],[18.91224505000572,50.061973282754366],[22.22796807656948,50.043132795978366],[22.13994003161647,49.24514213856263],[20.89287606144869,47.98429758729791],[18.648160915146672,46.93286651035809],[17.41576828580439,46.94288396909102],[16.94946863202723,47.95169624092786],[15.945950167877665,46.89176110257741],[16.94583256694129,46.209899878430484],[17.603498017481293,46.03624845164856],[19.73308138113464,46.16653833471378],[21.017094879807985,47.069951087183284],[26.937451209823184,48.26588574496204]]]},"properties":{"NAME":"Slavic tribes","SUBJECTO":"Slavic tribes","PARTOF":"Slavic tribes"}},
{"type":"Feature","geometry":{"type":"Polygon","coordinates":[[[12.28793213528174,59.23726433654701],[12.98153183409739,63.16296555586825],[14.249693761508839,65.93163953907721],[20.33943582238423,69.39964115434611],[17.406914743883856,68.77154120083513],[13.168647798998602,66.45833929653826],[12.112141642077216,65.12991675015154],[9.832105669482,63.683620058257006],[7.08818009804035,62.91019781704607],[5.148983511431464,61.7408824789113],[5.096230539782294,60.26413305874529],[5.805763277514227,59.94925268765154],[5.61548427055622,58.45521505947771],[8.153747591479071,58.08954580898943],[10.54927161644245,59.37863119717302],[11.679926401349118,58.22296057979648],[11.86291340734959,58.34548082520313],[12.28793213528174,59.23726433654701]],[[8.445611155604132,61.06068746124424],[8.027225735980704,61.974223038411395],[9.942990552151137,62.44646874839851],[10.119152834097845,60.316899132406256],[8.841976289984222,59.12910899291945],[7.388637463923891,60.05414067181882],[8.445611155604132,61.06068746124424]]]},"properties":{"NAME":"Kingdom of Norway","SUBJECTO":"Kingdom of Norway","PARTOF":"Kingdom of Norway"}},
{"type":"Feature","geometry":{"type":"Polygon","coordinates":[[[142.33755019615435,-10.91538277987776],[141.67852309654498,-12.467817701142408],[141.4681501717403,-14.75677625064192],[141.71129897545123,-15.226692594330885],[140.80094436119342,-17.561829007905104],[139.24831679771685,-17.431642926972486],[135.38805678795123,-14.896969236176588],[135.8308973641231,-13.484774030488111],[136.66369155357623,-12.624820150178053],[135.4445448250606,-12.17612496737776],[133.55918410728717,-11.951347745698072],[130.46349624107623,-12.758938230317213],[129.1964216561153,-14.992895520966627],[127.96256545494343,-14.703128255646803],[126.8534269661739,-13.783772863190748],[125.86320022056843,-14.694914258759596],[125.15565780113484,-14.80450574282942],[124.42450240562702,-15.657898343842604],[124.27727034996296,-16.5227836740428],[122.73833754966999,-16.58328477267561],[122.08547500084187,-17.398397840302565],[122.19645217369343,-18.243687070649244],[120.87214950035359,-19.676941312592604],[117.59692672203327,-20.75833360080061],[116.41879561851765,-20.83712235812483],[113.62543014000202,-22.56592980746565],[113.76201919029499,-23.481134809296705],[113.43258956383015,-24.874161161225416],[114.18252089927937,-26.0170406473094],[113.43298629234577,-26.572010434907057],[113.96464065025593,-28.033178724091627],[114.63039687584187,-28.90295831088362],[115.0582609505489,-30.80351296786604],[115.74726394127156,-32.20761147860823],[115.64668563316609,-33.36537591342268],[115.04692367027546,-34.42245522860823],[116.56097701500202,-35.18929711703596],[118.20707992027546,-35.090340055268385],[119.77148726890827,-34.12017098788557],[123.62303451011921,-33.915073789399244],[124.24838546226765,-33.1441272867137],[126.05894759605671,-32.43436471347151],[127.26507857750202,-32.38098565463362],[129.1853895516231,-31.798204816620924],[131.2801618904903,-31.634849942963697],[131.99254897545123,-32.06590691928206],[133.83703139732623,-32.34197274569807],[135.15310195396685,-34.05044213656721],[135.52807143638873,-35.054886258881666],[137.45717910240435,-33.31413308505354],[139.36791518638873,-35.614273465912916],[140.01201919029498,-37.64163247470198],[140.6521864266231,-38.16391030673323],[143.36480239341998,-38.96973077182112],[144.96982863853717,-38.0657581460887],[145.93387893150592,-38.881470121186354],[146.82104018638873,-38.84133569125471],[148.0369978279903,-38.09787026767073],[149.50414565513873,-37.928848661225416],[149.98484328697467,-37.34688226107893],[150.22150710533404,-35.694107450287916],[150.7619734139278,-35.253128446381666],[151.36449721763873,-33.52090112094221],[152.17618850181842,-32.87666741732893],[152.97185805748248,-31.418175138276197],[153.4934950203731,-28.840868390839674],[152.94622329185748,-27.340992368500807],[153.06907180259967,-26.227749265473463],[151.73014357994342,-24.15748826388655],[150.80247024009967,-23.599888242524244],[150.7544050545528,-22.811520017426588],[149.55675795982623,-22.432550824921705],[149.10148147056842,-21.06012383822737],[148.1904402108028,-20.171909726899244],[146.32175734947467,-19.082291044037916],[145.86948684166217,-17.194960035126783],[145.32554152916217,-16.4904293191844],[145.1843366951778,-15.047596372407057],[143.7431745858028,-14.465823568146803],[143.17309096763873,-12.12133923892317],[142.33755019615435,-10.91538277987776]]]},"properties":{"NAME":"Australian aboriginal hunter-gatherers","SUBJECTO":"Australian aboriginal hunter-gatherers","PARTOF":"Australian aboriginal hunter-gatherers"}},
{"type":"Feature","geometry":{"type":"Polygon","coordinates":[[[146.7127333016231,-43.721809781830885],[147.8153181404903,-42.96535149936018],[148.26952651451373,-41.09258309726057],[146.3822126717403,-41.30834618930159],[144.7761335701778,-40.84276238803206],[145.72265151451373,-43.24016610507307],[146.7127333016231,-43.721809781830885]]]},"properties":{"NAME":"Tasmanian hunter-gatherers","SUBJECTO":"Tasmanian hunter-gatherers","PARTOF":"Tasmanian hunter-gatherers"}},
{"type":"Feature","geometry":{"type":"Polygon","coordinates":[[[105.60022262047077,72.74426611538591],[105.40307092131953,72.748726095192],[98.45947004862771,69.79094730127832],[75.85638492783956,61.42677903286463],[62.80579411405116,56.95520024672745],[59.09429166962169,56.4318399506882],[65.31164209247186,55.04663307077481],[78.36223290626025,56.41019430623805],[93.70004066679506,56.48455609390737],[99.53745541241915,55.2811223478262],[99.48535412032993,55.65854236961009],[107.9615110406255,59.8183896994711],[114.0159088408366,59.54672904426065],[115.20548227520561,57.386117039726635],[116.96157547350965,59.88266776324234],[127.80939535096982,61.80384030510338],[137.17796706332177,61.33433849362306],[142.35776809166217,59.140956484038256],[145.4041395516231,59.32550390835466],[148.41608718345904,59.09739264126482],[149.04528335045123,59.58715399380388],[151.14020827720904,59.43957098599138],[152.50420669029498,58.76871832485857],[153.92443374107623,58.922347627837084],[154.31565383384967,59.98334845181169],[157.0979872078731,61.63339956875505],[158.84125808189654,61.78396948452654],[160.6449842781856,60.71775396938982],[164.13767531822467,62.532653413969896],[163.32929519127154,60.69494970913591],[158.3262586922481,58.026820741850756],[156.77685073326373,57.58045538540544],[155.6275739998653,56.26791723843279],[155.46520522545123,54.91977270718279],[156.6963758797481,50.957748018462084],[157.89777663658404,51.66602285977068],[158.46136001060748,52.82596167202654],[159.8968611092403,53.24057730313005],[159.93114760826373,54.086356722075365],[162.00820449302935,54.73822363491716],[161.50274184654498,55.287372194487475],[162.51240066002154,57.033492647368334],[161.80436232994342,58.1017223226613],[163.3886823983028,59.81406363125505],[165.7799940438106,60.35411413784685],[170.3368025154903,60.27710302944841],[170.34409823134902,60.27960975244485],[169.48091979943723,61.192640399715565],[172.4408476128738,63.07842210456581],[171.76813674618367,65.85917681241212],[168.13549806605704,67.45778023799447],[155.89216029229675,68.16901029658281],[130.86731605142418,69.90104204211539],[124.54383390453704,71.58610355723228],[123.5007008987776,73.50494943844788],[123.40985396812702,73.48077734585466],[122.24328139732624,72.90912207241716],[118.46038344810749,73.51922949429216],[111.76165297935749,73.65779455776872],[105.60022262047077,72.74426611538591]]]},"properties":{"NAME":"Paleo-Siberian hunter-gatherers","SUBJECTO":"Paleo-Siberian hunter-gatherers","PARTOF":"Paleo-Siberian hunter-gatherers"}},
{"type":"Feature","geometry":{"type":"MultiPolygon","coordinates":[[[[-76.46228683413294,56.57751271564082],[-77.23383804847454,55.60653647061052],[-79.54511734534954,54.69186361904802],[-78.74176950876009,52.74413883037645],[-74.19720512004018,52.927225836668605],[-71.0333844968322,55.19604828321671],[-65.64317158321862,55.262874161982396],[-62.593886961730774,54.56997808041503],[-60.12421127845501,53.51734503384294],[-57.51535126258587,54.46576651211443],[-59.69376083900188,55.15365942593279],[-61.92769333411907,56.27295645352068],[-61.476098027722585,57.104064546782396],[-62.49481293250774,57.95677527065935],[-62.50972764527455,57.9717281924346],[-76.46228683413294,56.57751271564082]]],[[[-123.49339005042766,74.44630011196794],[-125.61702438880657,71.9903827535695],[-123.46767136146282,71.19864233608904],[-120.8434953360722,71.53027685757341],[-120.45359512855266,72.2985111105031],[-117.685761580263,73.21545873829851],[-123.49339005042766,74.44630011196794]]],[[[-43.578778234021414,59.935687624174975],[-42.78493210365032,60.52916296597185],[-42.27136322547649,62.19441946621599],[-40.51624771644329,63.782069765288256],[-39.69494684817376,65.18696970170159],[-42.793355971161034,65.40311483729091],[-43.84796284556369,64.20612586086018],[-44.25808774116473,61.869878095613615],[-43.578778234021414,59.935687624174975]]],[[[-50.93936249305462,67.52581366177263],[-53.10253998328899,65.87324865933122],[-52.07773300697063,65.37242468472185],[-51.365765538708914,63.726012788969896],[-49.85748383094524,62.966544710356615],[-48.915463414685476,61.42103537197771],[-46.15809589644378,60.937403792612976],[-46.13294440676946,61.75918500066533],[-47.65626544757329,62.79478134157128],[-49.06240794677684,64.7863184095137],[-49.472532842377866,67.03273287353856],[-50.53911897259659,67.48805571153352],[-50.93936249305462,67.52581366177263]]],[[[-160.9394989447178,63.98492305338062],[-150.1289000770314,63.324002732781025],[-144.68009789261768,63.19218524961806],[-140.05179264318338,62.49514157669758],[-132.43494029538678,62.496969371290604],[-124.93551363296793,64.83463268032534],[-118.19774749095093,62.712635573894396],[-114.56521270134176,60.59956315497872],[-111.28421353653351,58.55314202309659],[-102.14428729171048,57.21394132630312],[-93.82461083808953,56.86329884105465],[-92.40409578747519,56.97508393725052],[-93.07417770911907,58.55101355190935],[-94.68383499671673,58.87849386807146],[-94.75318619300579,59.94999273892107],[-93.42261978675579,61.858031831938646],[-89.87039658118938,63.57521780605974],[-89.86152359534954,63.6466556417531],[-90.00580307533001,63.9038577901906],[-89.99451157142376,64.03280218716326],[-88.3770646720097,64.0573230611867],[-87.9917878775761,64.25168188687029],[-87.43523117591594,64.568873964507],[-87.82447739136254,64.34703526339813],[-97.36110989181023,65.12429440026054],[-110.86015901801942,65.94354545380173],[-120.4025902968914,67.94746792457464],[-119.97896171213529,69.37805753048482],[-122.32606216956829,69.88448675747576],[-125.97399612952923,69.43039282437029],[-127.35170456458782,70.38026007290544],[-131.67297836829877,69.27615698452654],[-135.4391984610722,69.52628668423357],[-137.72852036048627,69.01584204312029],[-143.30757614661908,70.19675024624529],[-145.27254196693158,70.1163822042531],[-156.90474411536908,71.34585913296404],[-160.24033066322065,70.85846289272966],[-164.06718918372846,69.06467779751482],[-166.84352585365033,68.40520819302263],[-163.73874374915815,67.21832617397966],[-168.1797990470097,65.69388922329607],[-166.58603378822065,64.73040350552263],[-160.9394989447178,63.98492305338062]]],[[[-62.81141255638844,81.15595684596342],[-66.52167984534954,80.71127661343279],[-65.48489090491985,79.15823706265154],[-72.38322922279094,78.52572973843279],[-71.18388077308391,77.25953253384294],[-67.03665634681438,75.93623694058122],[-62.44868119723538,76.33836403843989],[-63.35819002201287,78.2356337190557],[-62.81141255638844,81.15595684596342]]],[[[-56.12695583342671,53.46584387832734],[-57.56114288856243,54.13071020718279],[-59.71703430701946,53.4313121664113],[-58.78822689960135,52.57259027862411],[-56.12695583342671,53.46584387832734]]],[[[123.5007008987776,73.50494943844788],[124.54383390453704,71.58610355723228],[130.86731605142418,69.90104204211539],[155.89216029229675,68.16901029658281],[168.13549806605704,67.45778023799447],[171.76813674618367,65.85917681241212],[172.4408476128738,63.07842210456581],[169.48091979943723,61.192640399715565],[170.34409823134902,60.27960975244485],[170.51969436119342,60.33994253750505],[173.48090651939654,61.601100527007006],[179.28769973228717,62.81507834072771],[178.14725783775592,64.15663488979997],[180,64.95347937222185],[180,65.05193670864763],[180,65.31103094692888],[180,65.38163336392107],[180,65.96313055630388],[180,66.96313055630388],[180,67.96313055630388],[180,68.91989477749529],[175.6109724373653,69.77942999478044],[170.45170119713092,70.0192142355031],[169.38860610435748,68.71748694058122],[167.3200788826778,69.65857275601091],[161.96099379966998,69.52816351528826],[159.4438124031856,69.76456030483904],[158.40867141197467,70.81418951626482],[152.13401320884967,70.66443213101091],[146.9151258797481,72.20190008755388],[141.29397109459185,72.78707464810076],[137.62967971275592,71.07541998501482],[132.28361037681842,71.66087683315935],[130.77927688072467,70.67834051724138],[126.2164411873653,72.38231238003435],[127.71956160972859,73.4015384542531],[124.22215560386921,73.69691046353044],[123.5007008987776,73.50494943844788]]],[[[-169.87270065833783,66.08316382046404],[-171.9579972891972,66.95566900845232],[-173.87494370033002,67.1593280660695],[-180,68.91692694302263],[-180,67.96313055630388],[-180,66.96313055630388],[-180,65.96313055630388],[-180,65.381618105132],[-180,65.31103094692888],[-180,65.2592273580617],[-178.11627670814252,65.4824939596242],[-173.0770158438847,64.3839832174367],[-172.56233688880658,65.51480444546404],[-169.87270065833783,66.08316382046404]]]]},"properties":{"NAME":"Arctic marine mammal hunters","SUBJECTO":"Arctic marine mammal hunters","PARTOF":"Arctic marine mammal hunters"}},
{"type":"Feature","geometry":{"type":"Polygon","coordinates":[[[-71.03368165476002,46.74621076936823],[-69.50712296058391,48.459212862212084],[-67.31770798255657,49.42533453579607],[-66.37273880531048,50.31387671108904],[-64.3259172110722,50.304671846587084],[-65.00679774107235,50.340609690521056],[-62.593886961730774,54.56997808041503],[-65.64317158321862,55.262874161982396],[-71.0333844968322,55.19604828321671],[-74.19720512004018,52.927225836668605],[-78.74176950876009,52.74413883037645],[-79.5943498282597,51.265792452055834],[-81.74736496497844,52.170096956450365],[-82.34120651771282,52.98082312222185],[-82.20208450843548,54.968871675688646],[-84.46836563636516,55.16687735195818],[-87.46717545081829,55.91202887173357],[-88.76747604896282,56.73846777554216],[-90.44457718421673,57.144347749907396],[-92.40409578747519,56.97508393725052],[-93.82461083808953,56.86329884105465],[-102.14428729171048,57.21394132630312],[-111.49669636011149,57.98860727108466],[-122.49112572639841,54.243561521059334],[-115.03392686774305,52.03295961287972],[-114.46737387359948,51.99955012922175],[-105.19092937331824,51.45252059422696],[-98.92187739770243,50.2317206620755],[-95.56635546846715,49.996303801904524],[-87.78991594567441,49.93094833834401],[-85.03622021806746,49.0940751201903],[-81.93098886565963,48.90187753952613],[-72.32234845443543,46.29511259543804],[-71.03368165476002,46.74621076936823]]]},"properties":{"NAME":"Subarctic forest hunter-gatherers","SUBJECTO":"Subarctic forest hunter-gatherers","PARTOF":"Subarctic forest hunter-gatherers"}},
{"type":"Feature","geometry":{"type":"MultiPolygon","coordinates":[[[[-90,68.36909826870622],[-90,69.4889636861867],[-93.27116867591594,71.5585437643117],[-95.41064926673626,71.85898932095232],[-96.69965073158001,70.83835943813982],[-96.12698074866985,69.9408450948781],[-92.95613571693157,69.08434637661638],[-96.20792862464641,68.07355078335466],[-101.91296860267376,67.70532568569841],[-105.6359758048222,68.35485418911638],[-107.66202255775188,67.96261938687029],[-112.5025300650761,67.69295843716326],[-115.28510757972454,68.89208563442888],[-119.97896171213529,69.37805753048482],[-120.4025902968914,67.94746792457464],[-110.86015901801942,65.94354545380173],[-97.36110989181023,65.12429440026054],[-87.82447739136254,64.34703526339813],[-87.43523117591594,64.568873964507],[-88.17144485999798,65.13038214321794],[-85.9871492057011,66.16278418179216],[-83.13871475745891,66.37349279995622],[-81.29496475745891,67.4987293111867],[-84.31351944495891,69.82621344204607],[-86.48843857337688,67.37778814907732],[-89.7355851798222,68.53431280728044],[-90,68.36909826870622]]],[[[-62.509727645274545,57.9717281924346],[-64.6706208853886,60.18091925259294],[-65.86144730140423,58.795341097075365],[-67.77240463783001,58.24854239102068],[-69.2142228751347,58.74767645474138],[-70.02829453040813,60.883170686919115],[-73.39458176185344,62.354999147612475],[-75.69460007240032,62.21628912563982],[-77.36155411292766,62.5174938070363],[-77.50717636634563,60.414630495268725],[-78.33678909827923,58.551471315581225],[-76.77238174964641,57.662501894194506],[-76.46228683413294,56.57751271564082],[-62.509727645274545,57.9717281924346]]],[[[-85.05792709876751,65.60906561489763],[-86.24284073402141,64.54231604214372],[-85.46279617835735,63.20551642056169],[-82.1096086173222,64.64357336636247],[-85.05792709876751,65.60906561489763]]],[[[-110.07939621497844,72.56222876187029],[-114.64695450355266,73.3548847066945],[-118.98560806800579,72.03416784878435],[-117.31387802650188,71.47455175991716],[-117.56819626380657,69.99218329067888],[-113.15218063880657,68.59556921597185],[-110.44822403480266,68.65314062710466],[-106.85383316566204,69.45092352505388],[-104.18777176429485,68.89776190396013],[-101.80838486243938,69.1356464254445],[-101.05518051673626,70.03077276821794],[-103.86364456702923,70.70147284146013],[-105.31259628822063,72.65014227505388],[-110.07939621497844,72.56222876187029]]],[[[-101.04201981116985,72.76880987759294],[-98.93899246741985,71.39222296353044],[-96.84962173988079,71.87977179165544],[-96.68853470374798,72.81653936978044],[-101.04201981116985,72.76880987759294]]],[[[-95.06853958656048,74.06405218716326],[-95.05836960365032,72.28313788052263],[-92.00058456947063,72.8411365377492],[-90,73.99981268521013],[-95.06853958656048,74.06405218716326]]],[[[-72.72998520423626,64.01499518032732],[-71.31892105628704,63.06125982876482],[-65.94033524085735,61.789996706206225],[-66.49595352699016,63.07743414517107],[-64.47394272376751,63.74430426235857],[-67.61417099525188,65.91180761929216],[-62.84475418616985,65.61426123257341],[-61.21058365394329,66.63500555630388],[-68.66534897376751,68.71612890835466],[-66.66814133216594,69.1860843526906],[-69.46268173743938,69.96011694546404],[-71.25251480628704,71.35079535122576],[-73.27524277259563,71.16077002163591],[-75.32202621986126,72.54841955776872],[-80.48866745521282,73.03700598354997],[-81.53178116370891,73.68835791226091],[-88.09924789954876,73.63606604214372],[-89.63864609290813,72.782252870757],[-89.9971818595097,71.541286073882],[-87.94921585609173,71.35059698696794],[-87.94801041175579,70.3849140035695],[-82.26922318031048,69.86035498257341],[-78.71291824866985,70.01144751187029],[-73.18491837074016,68.2958026754445],[-72.30491348792766,67.26360663052263],[-75.78904434730266,65.19718512173357],[-72.72998520423626,64.01499518032732]]],[[[-89.69807907630657,74.61462744351091],[-80.34932419349407,74.61590155239763],[-81.70312210609173,75.8749500143117],[-86.61799332191204,75.432155214507],[-90,75.95013006802263],[-91.05400558997844,74.97726782437029],[-89.69807907630657,74.61462744351091]]],[[[-87.45332809974407,82.13975103970232],[-89.19254776527141,81.09640844937029],[-86.32239243079876,80.11429175015154],[-85.80681320716594,78.90618475552263],[-87.27270981361126,76.50420721646013],[-78.21225449134563,76.54684790249529],[-78.36676498939251,78.03287085171404],[-71.45447250892376,79.84579046841326],[-66.48169418861126,81.3028827535695],[-62.4271020560429,82.633571230132],[-76.38208481361126,83.15191229458513],[-87.45332809974407,82.13975103970232]]],[[[-89.0419816641972,80.16660650845232],[-92.02487656165813,81.25921972866716],[-96.43336960365032,79.9334216939992],[-92.70153519202923,78.43416937466326],[-90,78.26269873257341],[-86.99668594886516,79.44534643765154],[-89.0419816641972,80.16660650845232]]]]},"properties":{"NAME":"Dorset","SUBJECTO":"Dorset","PARTOF":"Dorset"}},
{"type":"Feature","geometry":{"type":"Polygon","coordinates":[[[-69.11474151787864,-51.35236245613261],[-69.16695114661907,-51.14943734530745],[-67.83347031165813,-49.9682125223094],[-67.57759567786907,-49.058533109467604],[-66.07773300697063,-48.142071164887525],[-65.77598282386516,-47.23012200717268],[-67.32806870033001,-46.531616605561354],[-66.69494339515423,-45.131103910248854],[-65.43618485023235,-44.88974038485823],[-65.30717178870891,-43.6014026773387],[-63.599965062634695,-42.70437280062971],[-64.9920320182011,-42.19338647250471],[-64.93894669105266,-40.8274768960887],[-62.96398254920696,-41.137459195893385],[-62.067765203015554,-39.55577508334456],[-61.360714879529226,-39.03129998568831],[-59.515431371228445,-38.874519742768385],[-57.80888458778118,-38.386490262787916],[-56.69811340858196,-36.944073118012525],[-57.419239964978445,-35.99675027255354],[-57.34773727943157,-34.508438504975416],[-56.33826157142376,-34.99545327548323],[-54.074337926404226,-34.647842801850416],[-52.35066696693157,-32.67519036654768],[-52.14362427283977,-31.747351087372877],[-52.14021349238029,-31.740936200871825],[-53.544487162988226,-31.446480334683482],[-54.36473695419029,-30.592916632921295],[-57.352789764997816,-29.680878909474107],[-63.563252469813456,-30.036561103144948],[-67.48158657100439,-31.655864143664434],[-67.64985410812366,-33.57694564055348],[-69.43682686752817,-37.15902614350158],[-72.0684836753677,-40.547229038878235],[-70.57931764813105,-40.57909976037915],[-71.6339245225337,-43.19554606268768],[-72.1905225951351,-45.990119696472405],[-72.04404941813473,-48.76638855343405],[-71.16521035613252,-51.561440909776984],[-69.11474151787864,-51.35236245613261]]]},"properties":{"NAME":"Pampas cultures","SUBJECTO":"Pampas cultures","PARTOF":"Pampas cultures"}},
{"type":"Feature","geometry":{"type":"MultiPolygon","coordinates":[[[[-48.88569351722454,-1.421139515679457],[-48.40189072181438,-0.390650845807173],[-50.50141235877727,-0.261749692004301],[-50.4762849478886,-1.678760803979017],[-48.88569351722454,-1.421139515679457]]],[[[-71.09831711341594,9.327861391264818],[-70.68184887203134,8.55721593295672],[-65.96541257261946,8.180441590467876],[-63.06524366801216,8.32539786170036],[-61.695771781275944,8.610088933385873],[-60.792721715466726,9.3882327901906],[-61.530865636365164,9.850575052458666],[-64.06826111366009,10.626809679228685],[-64.8836564688847,10.135678850371264],[-66.4781160025761,10.678809725005053],[-67.97961136390423,10.542116724211596],[-68.69460007240032,11.379503809172533],[-69.74783798743938,11.53345926876726],[-71.09841629554485,11.120093904692553],[-71.49555679847454,10.646208368498705],[-71.09831711341594,9.327861391264818]]]]},"properties":{"NAME":"Caribbean hunter-gatherers","SUBJECTO":"Caribbean hunter-gatherers","PARTOF":"Caribbean hunter-gatherers"}},
{"type":"Feature","geometry":{"type":"MultiPolygon","coordinates":[[[[-69.21397110511516,-54.93401757602034],[-66.98282333900188,-54.34066430453596],[-68.30537888099407,-52.94305077914534],[-69.40672012855266,-52.56648675326643],[-70.33333298255657,-53.47274438266096],[-69.21397110511516,-54.93401757602034]]],[[[-69.11474151787864,-51.35236245613261],[-71.16521035613252,-51.561440909776984],[-72.04404941813473,-48.76638855343405],[-72.1905225951351,-45.990119696472405],[-71.6339245225337,-43.19554606268768],[-70.57931764813105,-40.57909976037915],[-72.0684836753677,-40.547229038878235],[-72.72818067052704,-41.55336179549616],[-72.52966019202923,-43.0627063882762],[-72.99853226234173,-43.333660520356275],[-73.57108780433391,-46.26491204623518],[-74.31235214759563,-48.745132840912916],[-74.07494827796673,-50.47341576937971],[-73.4080705313847,-52.023838437836744],[-71.8722810416386,-53.69564858798323],[-69.4830217032597,-52.360935605805494],[-69.07692429115032,-51.49934808139143],[-69.11474151787864,-51.35236245613261]]]]},"properties":{"NAME":"Patagonian shellfish and marine mammal hunters","SUBJECTO":"Patagonian shellfish and marine mammal hunters","PARTOF":"Patagonian shellfish and marine mammal hunters"}},
{"type":"Feature","geometry":{"type":"MultiPolygon","coordinates":[[[[-65.90622541609757,-18.31105888474315],[-66.09723843191973,-20.13835052013179],[-67.12255067092232,-25.032037581988202],[-68.6165770763261,-26.666495445378],[-69.31964832592786,-29.30477628067829],[-67.48158657100439,-31.655864143664434],[-63.563252469813456,-30.036561103144948],[-57.352789764997816,-29.680878909474107],[-54.36473695419029,-30.592916632921295],[-53.544487162988226,-31.446480334683482],[-52.14021349238029,-31.740936200871825],[-52.04218765784954,-31.556572355073072],[-50.58172699500774,-30.41646806124983],[-48.85215473085459,-28.563025096783424],[-49.83871578487881,-26.797313680361846],[-49.48718016007792,-24.553337158794967],[-48.46896037885509,-23.748769173313708],[-53.123378851919725,-14.275041705614404],[-60.26760598730509,-13.809999263181787],[-64.1940629085568,-14.694582386569342],[-64.66180129731615,-16.804676207468987],[-65.90622541609757,-18.31105888474315]]],[[[-37.88789123444673,-4.393015496284502],[-37.88789123444673,-4.393015496284503],[-37.73482224036907,-4.529729284089186],[-37.88789123444673,-4.393015496284502]]]]},"properties":{"NAME":"Savanna hunter-gatherers","SUBJECTO":"Savanna hunter-gatherers","PARTOF":"Savanna hunter-gatherers"}},
{"type":"Feature","geometry":{"type":"MultiPolygon","coordinates":[[[[-49.06606977620206,-4.743578120004467],[-54.16333633581491,-4.626791146196514],[-56.33113935542037,-4.334740468715777],[-58.44035310422569,-2.287649024474563],[-57.97163893782451,-0.589157846288572],[-55.80383591821904,0.875529465609527],[-55.8624251890192,1.695565793857857],[-58.55753164582598,3.977596077854006],[-62.65878060183632,4.152921580887431],[-66.40849393304576,3.041936481420927],[-70.15820726425522,-5.735421450211085],[-69.04501111905242,-8.235853806057],[-64.1940629085568,-14.694582386569342],[-60.26760598730509,-13.809999263181787],[-53.123378851919725,-14.275041705614404],[-53.128470905039926,-14.264677204916623],[-46.280890913956334,-3.552810001275475],[-49.06606977620206,-4.743578120004467]]],[[[-37.88789123444673,-4.393015496284502],[-38.06839844276165,-4.231795228760816],[-37.88789123444673,-4.393015496284503],[-37.88789123444673,-4.393015496284502]]]]},"properties":{"NAME":"Amazon hunter-gatherers","SUBJECTO":"Amazon hunter-gatherers","PARTOF":"Amazon hunter-gatherers"}},
{"type":"Feature","geometry":{"type":"Polygon","coordinates":[[[-67.48158657100439,-31.655864143664434],[-69.31964832592786,-29.30477628067829],[-68.6165770763261,-26.666495445378],[-67.12255067092232,-25.032037581988202],[-66.09723843191973,-20.13835052013179],[-65.90622541609757,-18.31105888474315],[-66.59524723372101,-19.145123826644383],[-67.35618174619,-19.194339303429263],[-67.82483020416323,-22.474878509241908],[-68.19179403160726,-25.492041488175367],[-70.39814468909954,-25.24891320590315],[-71.43014999915813,-29.100479520600416],[-71.69539352943157,-30.85409013156233],[-71.41605087806438,-32.75256768588362],[-71.61574265052532,-33.70565453891096],[-72.62884995033001,-35.64587823275862],[-73.14423080970501,-37.155796445649244],[-73.67253586341594,-37.500854886811354],[-73.19384476234173,-39.565369046967604],[-73.90523239661907,-40.83904305819807],[-72.72818067052704,-41.55336179549616],[-72.0684836753677,-40.547229038878235],[-69.43682686752817,-37.15902614350158],[-67.64985410812366,-33.57694564055348],[-67.48158657100439,-31.655864143664434]]]},"properties":{"NAME":"Andean hunter-gatherers","SUBJECTO":"Andean hunter-gatherers","PARTOF":"Andean hunter-gatherers"}},
{"type":"Feature","geometry":{"type":"MultiPolygon","coordinates":[[[[-124.23045217275275,44.45096392151133],[-124.62967392493938,43.013995729643725],[-124.15260788490032,41.58015020962419],[-124.36481186439251,40.33432348843279],[-123.6484726898424,38.880148963177184],[-121.16971848831042,38.880148963177184],[-121.36156811415898,39.68662126087367],[-120.47361831890835,43.5702362219749],[-120.30696123975633,44.29914221354117],[-120.48272905215676,48.962018954129185],[-125.757913379286,53.13079169844382],[-127.86647743746704,52.41254897736534],[-127.24746414710735,50.96811636563005],[-124.93922134925579,50.595809541899584],[-124.79498764564251,50.03529318447771],[-122.60556503822063,48.83472784634294],[-122.8260392813847,48.023482881743334],[-124.6752824454472,48.38582571621599],[-123.99469467689251,45.76409491177263],[-124.1404924063847,44.7891116964406],[-124.15713846161013,44.726541207842374],[-124.23045217275275,44.45096392151133]]],[[[-126.52219864417766,49.82167013760271],[-125.96683975745891,49.1735111105031],[-123.86136337806438,49.15797003384294],[-125.7185945182011,50.40942724819841],[-126.52219864417766,49.82167013760271]]]]},"properties":{"NAME":"North American Pacifi foraging, hunting and fishing peoples","SUBJECTO":"North American Pacifi foraging, hunting and fishing peoples","PARTOF":"North American Pacifi foraging, hunting and fishing peoples"}},
{"type":"Feature","geometry":{"type":"Polygon","coordinates":[[[-94.11755719209039,29.69269900006508],[-94.11755719209039,31.93047980661485],[-95.8203078747199,32.71453265402474],[-97.13856646772321,34.47135574600093],[-96.40620058272137,35.6463101014922],[-94.61922782331685,36.09733578518024],[-94.11755719209039,35.87563266465669],[-94.11755719209039,39.73169383481236],[-94.23473573369067,46.72103383947717],[-95.56635546846715,49.996303801904524],[-98.92187739770243,50.2317206620755],[-105.19092937331824,51.45252059422696],[-114.46737387359948,51.99955012922175],[-114.12579317034083,47.95182480671353],[-111.66773503433551,41.93525523128791],[-109.04855657130156,38.880148963177184],[-102.5682060899621,38.880148963177184],[-102.5682060899621,32.42779661849105],[-98.18951151270068,29.180839383625194],[-97.75841820818601,28.695265355313026],[-96.68452927161907,28.2477298605031],[-94.11755719209039,29.69269900006508]]]},"properties":{"NAME":"Plain bison hunters","SUBJECTO":"Plain bison hunters","PARTOF":"Plain bison hunters"}},
{"type":"Feature","geometry":{"type":"Polygon","coordinates":[[[-125.757913379286,53.13079169844382],[-120.48272905215676,48.962018954129185],[-120.30696123975633,44.29914221354117],[-120.47361831890835,43.5702362219749],[-119.01799728215308,43.11329780515409],[-111.66773503433551,41.93525523128791],[-114.12579317034083,47.95182480671353],[-114.46737387359948,51.99955012922175],[-115.03392686774305,52.03295961287972],[-122.49112572639841,54.243561521059334],[-125.757913379286,53.13079169844382]]]},"properties":{"NAME":"Plateau fichers and hunter gatherers","SUBJECTO":"Plateau fichers and hunter gatherers","PARTOF":"Plateau fichers and hunter gatherers"}},
{"type":"Feature","geometry":{"type":"MultiPolygon","coordinates":[[[[-120.47361831890835,43.5702362219749],[-121.36156811415898,39.68662126087367],[-121.16971848831042,38.880148963177184],[-109.04855657130156,38.880148963177184],[-111.66773503433551,41.93525523128791],[-119.01799728215308,43.11329780515409],[-120.47361831890835,43.5702362219749]]],[[[-97.75841820818601,28.695265355313026],[-98.18951151270068,29.180839383625194],[-102.5682060899621,32.42779661849105],[-102.5682060899621,29.99225368312217],[-97.75841820818601,28.695265355313026]]],[[[-112.7371492057011,30.109120928007982],[-112.89227829173785,30.38599388801684],[-112.90797897865032,30.41401632900896],[-112.7371492057011,30.109120928007982]]]]},"properties":{"NAME":"Desert hunter-gatherers","SUBJECTO":"Desert hunter-gatherers","PARTOF":"Desert hunter-gatherers"}},
{"type":"Feature","geometry":{"type":"Polygon","coordinates":[[[12.52433207939411,-19.062439359467604],[14.415466341479071,-22.267668165009596],[14.843331369860419,-25.62222329501448],[15.453804048998602,-27.61645928744612],[16.788300547106513,-29.138924039643385],[18.178561243517645,-31.805298246186354],[18.487156900866278,-34.39771691684065],[20.25607207725788,-34.62289086703596],[22.681775125963934,-34.10311547641096],[24.429938349230536,-34.33470193270979],[26.658656153185614,-33.84707299594221],[28.921853098376044,-32.29790917758284],[30.391005548937567,-30.81392899874983],[31.563080820544013,-29.209801114838697],[32.234744104845774,-28.74441758517561],[33.347266230089915,-25.303612149994947],[34.88371947716023,-24.72201577548323],[35.29743102501179,-23.825008786957838],[35.260760340197336,-22.274328626435377],[34.719489671813776,-20.042782596759878],[12.905971244193594,-19.70227026922537],[12.52433207939411,-19.062439359467604]]]},"properties":{"NAME":"Khoiasan","SUBJECTO":"Khoiasan","PARTOF":"Khoiasan"}},
{"type":"Feature","geometry":{"type":"Polygon","coordinates":[[[16.637054461177968,10.931302558126609],[15.657358111202049,11.30618068591897],[14.581743588107965,12.67336040874892],[8.26576059714931,12.367349972804174],[2.345904970276228,13.285633546771772],[-1.34149339757882,13.313666561561897],[-6.264794123357348,13.351095379469161],[-13.395529310272655,14.916671886604806],[-16.87041946937298,14.363524996001146],[-16.49428078223919,13.474656664091967],[-16.77209946204876,12.597077928740404],[-14.591384854809991,10.46654852505388],[-13.680051770703546,9.91564520474138],[-12.263942685620538,7.35138853665056],[-9.93726345588421,5.863056265074633],[-9.247899022595636,5.17188414211931],[-7.528605428235284,4.336791597563646],[-4.999971356885187,5.238270841795824],[-3.941593614117853,5.265976034361742],[-2.031221595303766,4.698200784880541],[1.557863506777533,6.237427316862963],[3.949497255785712,6.579388700682543],[5.44819215248371,5.476928793150805],[5.359488992633966,5.368345627897537],[12.604745687300603,7.731968465838291],[16.637054461177968,7.088219948989403],[16.637054461177968,10.931302558126609]]]},"properties":{"NAME":"Mandes","SUBJECTO":"Mandes","PARTOF":"Mandes"}},
{"type":"Feature","geometry":{"type":"Polygon","coordinates":[[[-95.56635546846715,49.996303801904524],[-94.23473573369067,46.72103383947717],[-94.11755719209039,39.73169383481236],[-94.11755719209039,35.87563266465669],[-94.61922782331685,36.09733578518024],[-96.40620058272137,35.6463101014922],[-97.13856646772321,34.47135574600093],[-95.8203078747199,32.71453265402474],[-94.11755719209039,31.93047980661485],[-94.11755719209039,29.69269900006508],[-93.4455232291386,29.767768465239428],[-90.65007492591594,29.239488207060717],[-90.43607803870891,29.325677477080248],[-90.09218308021282,29.222343050200365],[-90.29798599769329,29.37374838467302],[-90.07866379310344,29.501367174345873],[-90.10844131995891,30.038699709135912],[-90.43051621009563,30.142039858061693],[-90.16053482581829,30.390046678740404],[-87.77458664466594,30.262803636748217],[-86.38868423988079,30.47271307583513],[-85.3047761588261,29.66390761013689],[-83.88618179847454,30.04834898586931],[-82.6469621329472,28.906501375395678],[-82.4292878775761,27.826148592192553],[-80.59153010156074,28.49188131613878],[-81.51154800941204,30.72724875088396],[-80.58063980628704,32.496783815581225],[-76.62176224281048,34.76295050259294],[-75.72924515296673,35.882125459868334],[-75.66752335120891,37.8981090414113],[-74.15280624915813,39.76523550625505],[-74.29292770911907,40.63159521694841],[-72.85444351722454,41.29373510952654],[-70.3020906119511,41.75944098110857],[-70.86807724525188,42.871425234038256],[-70.21647354652141,43.799621187407396],[-67.16887375404094,44.71121557827654],[-65.71257492591594,43.55995138760271],[-61.032086339490164,45.3788333761281],[-64.53479477454876,46.271659456450365],[-65.21308609534954,48.121425234038256],[-66.02990433265423,49.16588171597185],[-69.25392624427532,48.120055757719896],[-71.03368165476002,46.74621076936823],[-72.32234845443543,46.29511259543804],[-81.93098886565963,48.90187753952613],[-85.03622021806746,49.0940751201903],[-87.78991594567441,49.93094833834401],[-95.56635546846715,49.996303801904524]],[[-86.27588580000001,42.44202895],[-87.224453225,41.634622675],[-87.9083685,43.19183065],[-86.7200657,45.86716155],[-85.38184874999999,46.07483505],[-86.513782,43.68081785],[-86.27588580000001,42.44202895]],[[-84.63379335,45.750982525],[-83.793586075,46.2570047],[-80.8070809,45.954834575],[-81.807915275,43.3176176],[-83.3855778,44.3126677],[-83.43090175,45.27498137500001],[-84.63379335,45.750982525]],[[-92.25597275,46.6468545],[-89.5166857,48.003690725],[-88.09495135,49.0046085],[-86.38397137499999,48.7253306],[-85.026610175,47.939546825],[-84.442197375,46.817028875],[-87.27262622500001,46.51189025],[-87.76048219999998,46.8639025],[-90.831846925,46.94397755],[-92.25597275,46.6468545]]]},"properties":{"NAME":"Eastern North Amercian hunter-gatherers","SUBJECTO":"Eastern North Amercian hunter-gatherers","PARTOF":"Eastern North Amercian hunter-gatherers"}},
{"type":"Feature","geometry":{"type":"Polygon","coordinates":[[[-1.999109269065851,48.67695685862887],[-3.091225352677125,48.87155111880664],[-4.700306382569092,48.06380423159961],[-2.465543475540894,47.49438437075977],[-2.010361521016347,47.745650369834415],[-1.999109269065851,48.67695685862887]]]},"properties":{"NAME":"Britany","SUBJECTO":"Britany","PARTOF":"Britany"}},
{"type":"Feature","geometry":{"type":"Polygon","coordinates":[[[91.6346769661739,75.65272863979997],[90,75.60154303188982],[89.79632857750202,75.52443274136247],[91.6346769661739,75.65272863979997]]]},"properties":{"NAME":null,"SUBJECTO":null,"PARTOF":null}},
{"type":"Feature","geometry":{"type":"Polygon","coordinates":[[[105.60022262047077,72.74426611538591],[105.2788191170528,72.7515369283742],[105.40307092131953,72.748726095192],[105.60022262047077,72.74426611538591]]]},"properties":{"NAME":null,"SUBJECTO":null,"PARTOF":null}},
{"type":"Feature","geometry":{"type":"Polygon","coordinates":[[[170.34409823134902,60.27960975244485],[170.3368025154903,60.27710302944841],[170.51969436119342,60.33994253750505],[170.34409823134902,60.27960975244485]]]},"properties":{"NAME":null,"SUBJECTO":null,"PARTOF":null}},
{"type":"Feature","geometry":{"type":"Polygon","coordinates":[[[124.22215560386921,73.69691046353044],[123.40985396812702,73.48077734585466],[123.5007008987776,73.50494943844788],[124.22215560386921,73.69691046353044]]]},"properties":{"NAME":null,"SUBJECTO":null,"PARTOF":null}},
{"type":"Feature","geometry":{"type":"Polygon","coordinates":[[[20.33943582238423,69.39964115434611],[14.249693761508839,65.93163953907721],[12.98153183409739,63.16296555586825],[12.28793213528174,59.23726433654701],[17.19783645683182,60.679989864382286],[17.065176996691473,61.5383792745656],[18.486624750597723,62.98124273892107],[20.70065978477741,63.81812628384294],[20.92119315574909,64.71382483120622],[22.645554575426825,65.93478735562029],[25.18612578819538,65.24265631313982],[34.725588831408274,65.61499365444841],[33.469668421252024,66.31309851284685],[39.19002822349812,66.03870733853044],[41.25529769371296,66.93697699185076],[40.826052698595774,67.66004522915544],[35.43655303428913,69.15035589810076],[29.728575739367255,69.69756659146013],[30.798840555651434,70.30796393032732],[28.30841353843952,70.94864996548357],[24.570508036120184,70.7413822042531],[20.33943582238423,69.39964115434611]]]},"properties":{"NAME":"Sami","SUBJECTO":"Sami","PARTOF":"Sami"}},
{"type":"Feature","geometry":{"type":"Polygon","coordinates":[[[34.719489671813776,-20.042782596759878],[37.27531722496296,-17.713161863129713],[39.471255335314524,-16.717016614716627],[40.38579848716999,-15.73632661227522],[40.59920791099812,-14.401239789765455],[40.311343225939524,-11.344973005097486],[40.619517359240305,-10.76598969821272],[39.6576147408321,-9.795738614838697],[39.270125421984446,-7.801093496125318],[39.5664282173946,-7.044216073792555],[38.921526941759836,-6.340208925049879],[39.26727202842976,-4.776162542145826],[40.23441604088093,-3.191706575196363],[42.440066370470774,-0.511580146592237],[43.724307093127024,0.800251446921251],[46.19034448186311,2.522281273203094],[42.658355717345096,2.51274426704435],[34.405956738036096,2.490461302647428],[33.92968016137751,2.843586349070006],[22.224511080969368,6.196195772852339],[16.637054461177968,7.088219948989403],[12.604745687300603,7.731968465838291],[5.359488992633966,5.368345627897537],[5.354585680468329,5.362343393523119],[5.606589827044257,4.632113062102221],[6.844479593737372,4.291642271239184],[8.874658617480048,4.620119177061937],[9.923090013964423,2.824045501906298],[9.851344141466864,1.87705787296953],[9.202508005602606,-0.634416438382246],[8.815209421618231,-0.895802534859754],[9.656445536120184,-2.419099487107374],[11.772603067858466,-4.536981023591139],[12.371690783007391,-6.257806695740797],[13.387093576891669,-8.15567819003401],[13.203851732714423,-9.636731542389967],[13.816288980944403,-10.976270116608717],[13.649036440356024,-12.196759618561842],[12.585389170153388,-13.463659681122877],[11.782002481920966,-15.867509282868483],[11.774609598620184,-17.59605256442366],[12.52433207939411,-19.062439359467604],[12.905971244193594,-19.70227026922537],[34.719489671813776,-20.042782596759878]]]},"properties":{"NAME":"Bantou","SUBJECTO":"Bantou","PARTOF":"Bantou"}},
{"type":"Feature","geometry":{"type":"Polygon","coordinates":[[[-80.59153010156074,28.49188131613878],[-82.4292878775761,27.826148592192553],[-82.31009384681438,26.82493170376482],[-81.09792038490032,25.125047289091967],[-80.31409927894329,25.243880830962084],[-80.04998489906048,26.551089845854662],[-80.59153010156074,28.49188131613878]]]},"properties":{"NAME":"Caloosahatchee cultureure","SUBJECTO":"Caloosahatchee cultureure","PARTOF":"Caloosahatchee cultureure"}},
{"type":"Feature","geometry":{"type":"Polygon","coordinates":[[[12.51664451072956,37.91916998501482],[15.027343782885321,36.745116792876146],[15.386741671068915,38.20554693813982],[12.51664451072956,37.91916998501482]]]},"properties":{"NAME":"Emirate of Sicily","SUBJECTO":"Emirate of Sicily","PARTOF":"Emirate of Sicily"}},
{"type":"Feature","geometry":{"type":"MultiPolygon","coordinates":[[[[9.306203875048407,41.184447847563646],[8.240707430346259,40.855338655669115],[8.696099314196356,38.99581106777849],[9.478920015795477,39.144157015044115],[9.793739351732977,40.56368216152849],[9.306203875048407,41.184447847563646]]],[[[15.846514350404568,39.62985800103884],[16.052943262560614,37.93117483730974],[17.09468940208698,38.915023409087084],[16.532101664049872,39.69751318569841],[15.846514350404568,39.62985800103884]]],[[[41.2777620965858,41.28002979187384],[38.65118316124226,40.921569429594896],[36.38289550255085,41.23751791592302],[35.95779326866413,41.68564566250505],[33.55554107139851,41.982501589018725],[30.744805368883856,41.04032477017107],[26.127575907213934,39.878558717924975],[26.707943949206122,39.182128511626146],[27.160407099230536,37.36008032437029],[30.472832712633856,36.18825491543474],[31.37069037864948,36.71234472866716],[33.171336206896555,35.97088202114763],[34.66238311241413,36.64777334805193],[37.34925784721369,38.83410556275771],[40.6289667242533,39.883612403410396],[41.2777620965858,41.28002979187384]]],[[[19.416991266711005,41.3452525960988],[19.369067224962958,40.260280214507006],[20.02855971763874,39.813781343657396],[21.22843078087116,37.904906831938646],[22.638745340807684,37.49228628750505],[23.555766138537177,38.351764284331225],[22.72025779197956,39.2872691976613],[22.602265390856513,40.39723929043474],[23.885952982409247,40.732894502837084],[28.827807459337958,40.914699159819506],[27.49470237205768,42.40090139980974],[24.035180269420646,42.19360134662925],[21.606655237423496,41.78584355209337],[21.081901817097155,40.60514835635911],[19.416991266711005,41.3452525960988]]]]},"properties":{"NAME":"Byzantine Empire","SUBJECTO":"Byzantine Empire","PARTOF":"Byzantine Empire"}},
{"type":"Feature","geometry":{"type":"Polygon","coordinates":[[[-4.153334,53.225555],[-4.276945,53.398331],[-4.5675,53.273331],[-4.351389,53.124443],[-4.153334,53.225555]]]},"properties":{"NAME":null,"SUBJECTO":null,"PARTOF":null}},
{"type":"Feature","geometry":{"type":"Polygon","coordinates":[[[-5.103612,55.438606],[-5.154723,55.673332],[-5.400278,55.600555],[-5.103612,55.438606]]]},"properties":{"NAME":null,"SUBJECTO":null,"PARTOF":null}},
{"type":"Feature","geometry":{"type":"Polygon","coordinates":[[[-6.121667,55.878883],[-6.3275,55.589439],[-6.024723,55.68083200000012],[-6.121667,55.878883]]]},"properties":{"NAME":null,"SUBJECTO":null,"PARTOF":null}},
{"type":"Feature","geometry":{"type":"Polygon","coordinates":[[[-5.946945,55.829994],[-5.746112,56.06360600000011],[-5.968056,56.023605],[-6.078889,55.905548],[-5.946945,55.829994]]]},"properties":{"NAME":null,"SUBJECTO":null,"PARTOF":null}},
{"type":"Feature","geometry":{"type":"Polygon","coordinates":[[[-7.466945,56.940826],[-7.376112,56.978607],[-7.445556,57.05555],[-7.553612,56.966385],[-7.466945,56.940826]]]},"properties":{"NAME":null,"SUBJECTO":null,"PARTOF":null}},
{"type":"Feature","geometry":{"type":"Polygon","coordinates":[[[-7.223056,57.337494],[-7.425,57.382217],[-7.38139,57.108604],[-7.230278,57.09471900000011],[-7.223056,57.337494]]]},"properties":{"NAME":null,"SUBJECTO":null,"PARTOF":null}},
{"type":"Feature","geometry":{"type":"Polygon","coordinates":[[[-7.268889,57.39888800000011],[-7.204722,57.460831],[-7.351111,57.489441],[-7.388056,57.423882],[-7.268889,57.39888800000011]]]},"properties":{"NAME":null,"SUBJECTO":null,"PARTOF":null}},
{"type":"Feature","geometry":{"type":"Polygon","coordinates":[[[-7.188612,57.68721800000014],[-7.476945,57.562492],[-7.15389,57.509438],[-7.188612,57.68721800000014]]]},"properties":{"NAME":null,"SUBJECTO":null,"PARTOF":null}},
{"type":"Feature","geometry":{"type":"Polygon","coordinates":[[[-7.00639,57.881386000000134],[-6.993611,57.91861],[-7.073611,57.896111],[-7.00639,57.881386000000134]]]},"properties":{"NAME":null,"SUBJECTO":null,"PARTOF":null}},
{"type":"Feature","geometry":{"type":"Polygon","coordinates":[[[-6.802222,58.203049],[-6.794445,58.218048],[-6.854167,58.25],[-6.873056,58.206383],[-6.802222,58.203049]]]},"properties":{"NAME":null,"SUBJECTO":null,"PARTOF":null}},
{"type":"Feature","geometry":{"type":"Polygon","coordinates":[[[-6.204167,58.35611],[-7.031945,58.238052],[-6.473889,57.940277],[-6.204167,58.35611]]]},"properties":{"NAME":null,"SUBJECTO":null,"PARTOF":null}},
{"type":"Feature","geometry":{"type":"Polygon","coordinates":[[[-2.918334,58.731941],[-2.876667,58.820274],[-3.036945,58.818054],[-2.918334,58.731941]]]},"properties":{"NAME":null,"SUBJECTO":null,"PARTOF":null}},
{"type":"Feature","geometry":{"type":"Polygon","coordinates":[[[-3.231389,58.775551],[-3.136389,58.804161],[-3.335556,58.927498],[-3.431111,58.871384],[-3.231389,58.775551]]]},"properties":{"NAME":null,"SUBJECTO":null,"PARTOF":null}},
{"type":"Feature","geometry":{"type":"Polygon","coordinates":[[[-2.793056,58.951385],[-3.076945,59.121666],[-3.195,58.91111000000012],[-2.793056,58.951385]]]},"properties":{"NAME":null,"SUBJECTO":null,"PARTOF":null}},
{"type":"Feature","geometry":{"type":"Polygon","coordinates":[[[-2.681389,59.195831],[-2.620556,59.236107],[-2.495556,59.244995],[-2.414444,59.313606],[-2.592778,59.29055],[-2.681389,59.195831]]]},"properties":{"NAME":null,"SUBJECTO":null,"PARTOF":null}},
{"type":"Feature","geometry":{"type":"Polygon","coordinates":[[[-2.89,59.29527300000012],[-3.048889,59.329163],[-3.003334,59.263611],[-2.971945,59.287216],[-2.89,59.29527300000012]]]},"properties":{"NAME":null,"SUBJECTO":null,"PARTOF":null}},
{"type":"Feature","geometry":{"type":"Polygon","coordinates":[[[-1.296111,60.491104],[-1.320278,60.356384],[-1.655,60.226105],[-1.126111,60.151665],[-1.041389,60.446938],[-1.296111,60.491104]]]},"properties":{"NAME":null,"SUBJECTO":null,"PARTOF":null}},
{"type":"Feature","geometry":{"type":"Polygon","coordinates":[[[-1.029444,60.495827],[-0.991111,60.719994],[-1.177222,60.63666500000011],[-1.029444,60.495827]]]},"properties":{"NAME":null,"SUBJECTO":null,"PARTOF":null}},
{"type":"Feature","geometry":{"type":"Polygon","coordinates":[[[-0.819722,60.68888900000013],[-0.767778,60.82888800000012],[-0.938889,60.79444100000012],[-0.965556,60.688049],[-0.819722,60.68888900000013]]]},"properties":{"NAME":null,"SUBJECTO":null,"PARTOF":null}},
{"type":"Feature","geometry":{"type":"Polygon","coordinates":[[[-6.706944,61.937492000000134],[-6.718889,62.02861],[-7.192223,62.3077770000001],[-7.232223,62.172493],[-6.706944,61.937492000000134]]]},"properties":{"NAME":null,"SUBJECTO":null,"PARTOF":null}},
{"type":"Feature","geometry":{"type":"Polygon","coordinates":[[[-4.777779,54.05555],[-4.394444,54.186386],[-4.5275,54.367218],[-4.777779,54.05555]]]},"properties":{"NAME":null,"SUBJECTO":null,"PARTOF":null}},
{"type":"Feature","geometry":{"type":"Polygon","coordinates":[[[129.715515,28.451107],[129.157745,28.234993],[129.368561,28.116108],[129.715515,28.451107]]]},"properties":{"NAME":null,"SUBJECTO":null,"PARTOF":null}},
{"type":"Feature","geometry":{"type":"Polygon","coordinates":[[[129.963013,29.957218000000125],[129.94165,30],[129.92358400000012,29.983883],[129.963013,29.957218000000125]]]},"properties":{"NAME":null,"SUBJECTO":null,"PARTOF":null}},
{"type":"Feature","geometry":{"type":"Polygon","coordinates":[[[129.89636200000018,29.87416500000012],[129.877167,29.83083],[129.923309,29.824997],[129.89636200000018,29.87416500000012]]]},"properties":{"NAME":null,"SUBJECTO":null,"PARTOF":null}},
{"type":"Feature","geometry":{"type":"Polygon","coordinates":[[[130.906097,30.354717000000107],[131.074402,30.689163],[130.945251,30.683331000000123],[130.906097,30.354717000000107]]]},"properties":{"NAME":null,"SUBJECTO":null,"PARTOF":null}},
{"type":"Feature","geometry":{"type":"Polygon","coordinates":[[[130.558594,30.236382000000106],[130.671906,30.373329000000126],[130.510803,30.458885000000123],[130.387207,30.397217],[130.558594,30.236382000000106]]]},"properties":{"NAME":null,"SUBJECTO":null,"PARTOF":null}},
{"type":"Feature","geometry":{"type":"Polygon","coordinates":[[[121.734711,25.138885],[121.00166300000012,25.001663],[120.11554,23.631386],[120.878593,22.341385000000116],[121.839706,24.476383000000112],[121.734711,25.138885]]]},"properties":{"NAME":null,"SUBJECTO":null,"PARTOF":null}},
{"type":"Feature","geometry":{"type":"Polygon","coordinates":[[[128.900818,32.643051],[128.649414,32.777771],[128.610229,32.61166400000013],[128.900818,32.643051]]]},"properties":{"NAME":null,"SUBJECTO":null,"PARTOF":null}},
{"type":"Feature","geometry":{"type":"Polygon","coordinates":[[[123.870819,24.252499],[123.92192100000011,24.371109],[123.767212,24.41444],[123.678864,24.316109],[123.870819,24.252499]]]},"properties":{"NAME":null,"SUBJECTO":null,"PARTOF":null}},
{"type":"Feature","geometry":{"type":"Polygon","coordinates":[[[125.356369,24.776665],[125.261932,24.878883],[125.252213,24.737774],[125.356369,24.776665]]]},"properties":{"NAME":null,"SUBJECTO":null,"PARTOF":null}},
{"type":"Feature","geometry":{"type":"Polygon","coordinates":[[[124.26165800000012,24.457497],[124.077766,24.419994],[124.121918,24.344997],[124.22971300000017,24.338329],[124.26165800000012,24.457497]]]},"properties":{"NAME":null,"SUBJECTO":null,"PARTOF":null}},
{"type":"Feature","geometry":{"type":"Polygon","coordinates":[[[128.252777,26.63888500000013],[128.247192,26.839996],[127.958878,26.544441],[128.252777,26.63888500000013]]]},"properties":{"NAME":null,"SUBJECTO":null,"PARTOF":null}},
{"type":"Feature","geometry":{"type":"Polygon","coordinates":[[[126.76193200000012,26.38694],[126.701927,26.348606],[126.781097,26.29833200000013],[126.8099820000001,26.346943],[126.76193200000012,26.38694]]]},"properties":{"NAME":null,"SUBJECTO":null,"PARTOF":null}},
{"type":"Feature","geometry":{"type":"Polygon","coordinates":[[[128.95108,27.67582700000014],[129.029968,27.774441000000138],[128.89886500000011,27.89777400000014],[128.89721700000018,27.725826],[128.95108,27.67582700000014]]]},"properties":{"NAME":null,"SUBJECTO":null,"PARTOF":null}},
{"type":"Feature","geometry":{"type":"Polygon","coordinates":[[[128.609131,27.358887],[128.69635000000017,27.4486050000001],[128.52359000000013,27.413609],[128.609131,27.358887]]]},"properties":{"NAME":null,"SUBJECTO":null,"PARTOF":null}},
{"type":"Feature","geometry":{"type":"Polygon","coordinates":[[[129.992188,28.281666],[130.0324710000001,28.35305],[129.943024,28.32222],[129.992188,28.281666]]]},"properties":{"NAME":null,"SUBJECTO":null,"PARTOF":null}},
{"type":"Feature","geometry":{"type":"Polygon","coordinates":[[[129.33609000000013,28.075275],[129.3402400000001,28.110828],[129.223846,28.183605],[129.219116,28.097775],[129.33609000000013,28.075275]]]},"properties":{"NAME":null,"SUBJECTO":null,"PARTOF":null}},
{"type":"Feature","geometry":{"type":"Polygon","coordinates":[[[129.733032,29.609718],[129.75332600000013,29.64777400000014],[129.70968600000015,29.651661],[129.733032,29.609718]]]},"properties":{"NAME":null,"SUBJECTO":null,"PARTOF":null}},
{"type":"Feature","geometry":{"type":"Polygon","coordinates":[[[25.18612578819538,65.24265631313982],[21.03372863243366,62.47729834194841],[21.560151133044013,60.51248510952654],[23.664656671984442,59.83555182095232],[28.52150824974323,60.62326391812029],[28.600840536301185,60.18596023241708],[30.52287046304529,60.81787573070432],[32.441494818099486,61.149670347470206],[34.87336455289861,61.570222335438395],[36.33023747499517,61.45115285290656],[37.59991447273594,61.507127347623985],[39.052976222317554,59.852032219568954],[39.758750845463695,59.54997973730281],[43.32252607908093,58.36887781396926],[46.105746848468755,57.7086220534561],[48.21577312296412,57.7086220534561],[53.92448387264525,57.601384527021416],[57.34145456427939,56.82837715482714],[59.09429166962169,56.4318399506882],[62.80579411405116,56.95520024672745],[75.85638492783956,61.42677903286463],[98.45947004862771,69.79094730127832],[105.40307092131953,72.748726095192],[105.2788191170528,72.7515369283742],[113.62504867027546,75.27267035122576],[113.53300765465046,76.0936542379445],[108.24447158287312,76.64641913052263],[103.39330581138874,77.5577884542531],[99.46723464439656,75.96692236538591],[94.69433883140827,76.18358191128435],[91.6346769661739,75.65272863979997],[89.79632857750202,75.52443274136247],[86.95832351158406,74.78206213589372],[87.69079116295124,73.90001257534685],[80.46401503990437,73.31357916470232],[79.22255996177937,72.2712894308156],[73.21685317466999,71.45773657437029],[74.24957564781452,70.5729480611867],[73.91452315758015,69.15427740688982],[74.74171737144734,67.68622168179216],[72.20881179283406,66.17345770474138],[70.83993056724812,66.55140265103044],[72.83769515465046,67.64564856167497],[72.67970565269734,70.823512636382],[71.79755691002156,71.43180426235857],[72.7139997811153,72.76958807583513],[69.34311202476765,72.83426245327654],[66.81797316978718,71.10538061733904],[67.42175582359577,70.22343023892107],[66.58425429771687,68.88553961392107],[62.2812719673946,69.7051273214406],[57.02422622154499,68.44890936489763],[53.889117273791086,68.78699835415544],[48.08066085289265,67.56245764370622],[45.8634367317989,68.3833499776906],[43.8221655220821,68.3273197042531],[44.383608850939524,66.61201819058122],[42.21078780601765,66.41000708218279],[39.9513273567989,65.58116491909685],[39.19344237755085,64.5110355245656],[37.410540613634836,63.749496065337084],[35.081763300402415,64.28833349819841],[34.725588831408274,65.61499365444841],[25.18612578819538,65.24265631313982]]]},"properties":{"NAME":"Finno-Ugric taiga hunter-gatherers","SUBJECTO":"Finno-Ugric taiga hunter-gatherers","PARTOF":"Finno-Ugric taiga hunter-gatherers"}},
{"type":"Feature","geometry":{"type":"Polygon","coordinates":[[[124.14974443422744,39.821007217304334],[125.29609206627156,39.36432608242693],[124.73619368980671,38.27978094692888],[126.20971969078327,37.75405081387224],[126.499153,37.049721],[126.371368,34.789162],[128.451904,34.845543],[129.43942300000015,35.475822],[129.342468,37.257217],[128.36355600000013,38.625244],[127.2768888802364,39.22168692227068],[127.67152694175984,39.86643561001482],[124.14974443422744,39.821007217304334]]]},"properties":{"NAME":"Silla","SUBJECTO":"Silla","PARTOF":"Silla"}},
{"type":"Feature","geometry":{"type":"Polygon","coordinates":[[[15.254670470165767,48.686194860965806],[16.94946863202723,47.95169624092786],[17.41576828580439,46.94288396909102],[18.648160915146672,46.93286651035809],[20.89287606144869,47.98429758729791],[22.13994003161647,49.24514213856263],[22.22796807656948,50.043132795978366],[18.91224505000572,50.061973282754366],[18.542908392399653,49.68217508325022],[15.002464654381606,50.9083392075322],[13.843178758951693,50.65126127946679],[12.398839125849378,50.17294403782561],[12.661831603478896,49.51150855230703],[14.631892400054015,48.83342796055982],[15.254670470165767,48.686194860965806]]]},"properties":{"NAME":"Great Moravia","SUBJECTO":"Great Moravia","PARTOF":"Slavic tribes"}},
{"type":"Feature","geometry":{"type":"Polygon","coordinates":[[[19.618388655464845,41.5755092980714],[19.416991266711005,41.3452525960988],[21.081901817097155,40.60514835635911],[21.606655237423496,41.78584355209337],[24.035180269420646,42.19360134662925],[27.49470237205768,42.40090139980974],[28.445693048937564,43.47636374111832],[28.918236765368224,44.765750490385905],[29.089749369127997,44.875732027251146],[27.45864333919873,45.5629595403481],[26.11800609169176,44.83696171869182],[22.45571611770208,44.61000752521677],[22.375487209197143,43.83634427329723],[22.162289301192004,42.38610418088141],[19.703523782874115,41.91122752339029],[19.618388655464845,41.5755092980714]]]},"properties":{"NAME":"Bulgars","SUBJECTO":"Bulgars","PARTOF":"Bulgars"}},
{"type":"Feature","geometry":{"type":"Polygon","coordinates":[[[19.703523782874115,41.91122752339029],[22.162289301192004,42.38610418088141],[22.375487209197143,43.83634427329723],[22.455716117702078,44.610007525216766],[17.624597704507156,43.47170532298463],[18.80628200366233,42.72780688888992],[19.703523782874115,41.91122752339029]]]},"properties":{"NAME":"Serbia","SUBJECTO":"Serbia","PARTOF":"Serbia"}},
{"type":"Feature","geometry":{"type":"Polygon","coordinates":[[[17.663667332963538,43.44711006056967],[19.204600215522117,43.53060143896955],[19.73308138113464,46.166538334713756],[17.603498017481293,46.03624845164857],[15.945950167877665,46.89176110257741],[15.235870478277967,46.140719755906794],[14.468821770338996,45.69550672345911],[14.329443,45.354439],[14.482777,45.311104],[14.842499,45.111664000000125],[14.888611,44.712494],[15.405554000000109,43.965271],[16.988562365505867,43.3254725977224],[17.663667332963538,43.44711006056967]]]},"properties":{"NAME":"Croatian kingdom","SUBJECTO":"Croatian kingdom","PARTOF":"Croatian kingdom"}},
{"type":"Feature","geometry":{"type":"Polygon","coordinates":[[[19.618388655464845,41.5755092980714],[19.703523782874115,41.91122752339029],[18.80628200366233,42.72780688888992],[17.663667332963538,43.44711006056967],[16.988562365505867,43.3254725977224],[19.618388655464845,41.5755092980714]]]},"properties":{"NAME":"Chelmia","SUBJECTO":"Chelmia","PARTOF":"Chelmia"}},
{"type":"Feature","geometry":{"type":"Polygon","coordinates":[[[59.44599609375001,45.164941406249994],[59.133288342841006,45.19451991285216],[59.04642446737987,44.95472904529073],[59.23194763403752,44.801574572007944],[59.44599609375001,45.164941406249994]]]},"properties":{"NAME":null,"SUBJECTO":null,"PARTOF":null}},
{"type":"Feature","geometry":{"type":"Polygon","coordinates":[[[48.21577312296412,57.7086220534561],[47.16377390840276,54.3760825299107],[47.82687562021761,54.41887402239682],[52.294557883602664,52.487772061488215],[52.72820366272452,51.8891571801268],[55.142898354160906,53.26737743590917],[57.74779512105446,54.75415814615255],[57.34145456427939,56.82837715482714],[53.92448387264525,57.601384527021416],[48.21577312296412,57.7086220534561]]]},"properties":{"NAME":"Volga Bulgars","SUBJECTO":"Volga Bulgars","PARTOF":"Volga Bulgars"}},
{"type":"Feature","geometry":{"type":"Polygon","coordinates":[[[8.445611155604132,61.06068746124424],[7.388637463923891,60.05414067181882],[8.841976289984222,59.12910899291945],[10.119152834097845,60.316899132406256],[9.942990552151137,62.44646874839851],[8.027225735980704,61.974223038411395],[8.445611155604132,61.06068746124424]]]},"properties":{"NAME":null,"SUBJECTO":null,"PARTOF":null}},
{"type":"Feature","geometry":{"type":"Polygon","coordinates":[[[8.087040460485808,53.35242774715968],[5.389523062212714,53.13857229824724],[3.598057457283223,51.31862352034122],[4.94438580191331,47.538245860797474],[4.107614962666455,46.56305366405475],[4.46133696802767,43.34124082156746],[6.523014101488837,43.15085180874529],[8.89658549736286,44.437186800200365],[9.909300837023505,44.11047705288591],[10.7427559227779,42.850509248930834],[12.641516718371161,41.53109701748552],[13.760507236067033,41.20669841656926],[14.076401988771625,42.633776395633475],[13.600871119005927,43.53480490322771],[12.345076593859442,44.30104025479021],[12.176189455492743,45.21429022427263],[13.156165155871161,45.72652395840349],[13.895102533800848,44.759181581694506],[14.188512835009345,44.94254644985857],[14.354488405688056,45.32289084072771],[14.604202945814402,45.554599401415665],[13.515781832882762,46.1965670657162],[8.20889308923822,46.01335692984998],[7.856568525344806,47.342768485588294],[8.120811948264867,48.81383476000612],[6.601412266474521,49.361829435429186],[6.072925420634402,50.99737876473578],[7.129899112314641,52.77750888139408],[8.087040460485808,53.35242774715968]]]},"properties":{"NAME":"Carolingian Empire","SUBJECTO":"Carolingian Empire","PARTOF":"Carolingian Empire"}},
{"type":"Feature","geometry":{"type":"Polygon","coordinates":[[[9.357456240160712,41.901210390288256],[9.280391726000556,42.72785528774919],[8.609300646288641,42.48734625454607],[9.357456240160712,41.901210390288256]]]},"properties":{"NAME":"Carolingian Empire","SUBJECTO":"Carolingian Empire","PARTOF":"Carolingian Empire"}},
{"type":"Feature","geometry":{"type":"Polygon","coordinates":[[[14.604202945814402,45.554599401415665],[15.235870478277967,46.140719755906794],[15.604059946959293,46.59439736032079],[16.94946863202723,47.95169624092786],[15.254670470165767,48.686194860965806],[14.631892400054015,48.83342796055982],[12.661831603478896,49.51150855230703],[12.398839125849378,50.17294403782561],[13.843178758951693,50.65126127946679],[12.964272952752845,51.517884598091186],[13.78049949119831,53.77517660732927],[13.73778251121784,54.03028830166521],[13.431016001208075,54.03024633999529],[13.063765558703192,54.19368704434099],[12.652518305285223,54.32142599697771],[12.041073832018622,54.09665640469255],[11.015887293322333,54.09665640469255],[11.073005709154852,54.219630800444506],[10.141728434069403,54.33675345059099],[8.88401225517536,54.229449831206225],[8.087040460485808,53.35242774715968],[7.129899112314641,52.77750888139408],[6.072925420634402,50.99737876473578],[6.601412266474521,49.361829435429186],[8.120811948264867,48.81383476000612],[7.856568525344806,47.342768485588294],[8.20889308923822,46.01335692984998],[13.515781832882762,46.1965670657162],[14.604202945814402,45.554599401415665]]]},"properties":{"NAME":"East Francia","SUBJECTO":"East Francia","PARTOF":"Carolingian Empire"}},
{"type":"Feature","geometry":{"type":"Polygon","coordinates":[[[85.37910750816609,19.60537489529314],[86.63238051841999,20.203647218901537],[87.15664015013975,21.536103172594675],[88.72346023033406,21.53995283718767],[90.57190416259398,21.881050417524033],[91.6517870269344,22.356924150680594],[92.75749382665302,23.78576459867224],[93.41314187588453,24.246344261706238],[91.58073367614277,27.16988510222067],[87.86779287557921,27.01790872908419],[87.18714917578343,25.105397515821135],[85.93252215748387,25.24480051785442],[85.09776686058242,25.801304049122052],[83.98475979804715,24.781047575131392],[84.81951509494861,23.85354168968533],[84.89052311158152,23.0014454900905],[84.91226568349322,22.740534627150062],[84.82165117115564,22.332769321630956],[84.726764506404,20.88552285625795],[85.37910750816609,19.60537489529314]]]},"properties":{"NAME":"Palas","SUBJECTO":"Palas","PARTOF":"Palas"}},
{"type":"Feature","geometry":{"type":"Polygon","coordinates":[[[76.30908035561204,27.045147438940386],[78.55131883527947,27.630428226015034],[79.8537096880478,27.970385081763993],[77.06013118879203,29.420755243488284],[73.48542193815386,28.570558238040974],[72.62766425774089,28.366551993013818],[74.1173958209184,26.544342617090322],[76.30908035561204,27.045147438940386]]]},"properties":{"NAME":"Chauhans","SUBJECTO":"Chauhans","PARTOF":"Chauhans"}},
{"type":"Feature","geometry":{"type":"Polygon","coordinates":[[[95.64811378943591,4.432864692353593],[96.72036269615437,3.704589210707567],[97.59714797447468,2.251384102064989],[98.60055068443562,1.707089506346605],[99.1133146614864,0.22124772544565],[99.67853209928099,2.10215200146779],[97.1470610843167,4.415761869167917],[95.64811378943591,4.432864692353593]]]},"properties":{"NAME":"minor Hindu & Buddhist states","SUBJECTO":"minor Hindu & Buddhist states","PARTOF":"minor Hindu & Buddhist states"}},
{"type":"Feature","geometry":{"type":"MultiPolygon","coordinates":[[[[99.1133146614864,0.22124772544565],[99.69655135582234,-0.152409575622656],[100.81207564781452,-2.336048044007399],[102.46222976158406,-4.181821740906813],[104.56848433922077,-6.071165479462721],[105.72847274254109,-5.827141679566481],[105.94282058189656,-3.214655078690626],[104.3524275154903,-1.889892257493116],[104.29766372154499,-1.362546600144483],[103.23762038658406,-0.659467495720961],[103.72215560386921,0.0151834192461],[102.47178176353718,0.622509859759234],[101.05975631187702,2.080969177443407],[98.14550307701374,4.069854341704271],[97.38407424400593,5.180140577513598],[96.18733504722859,5.145788274962328],[95.64811378943591,4.432864692353593],[97.1470610843167,4.415761869167917],[99.67853209928099,2.10215200146779],[99.1133146614864,0.22124772544565]]],[[[110.96831038902546,1.225523196417711],[109.28236678550984,1.882722817618273],[108.81431106041218,0.807816826064013],[109.17891982506062,-0.869010366242506],[109.94090560386921,-1.642648614686109],[110.1023054451778,-3.078540958207228],[111.33287483668917,-1.369844138632381],[110.70588562235857,-0.603523987783856],[110.96831038902546,1.225523196417711]]],[[[109.21701476418451,-7.014384389671774],[106.94509414146687,-6.0259837282115],[106.02416518638874,-6.080723680298902],[105.63347152183796,-6.755237497132399],[106.48369887779499,-7.503360189240553],[108.16022780845906,-7.85564271334944],[109.1153493180568,-7.738750693331721],[109.21701476418451,-7.014384389671774]]],[[[98.19215165580162,8.373640078380049],[99.02450850914265,7.871374689299486],[100.13910964439656,6.177317224699877],[100.66430953453327,3.903745018202684],[101.33639815758015,2.780523143965624],[103.42773726890827,1.380763732153795],[104.17563918541218,1.388738475996874],[103.30775741050984,3.026256643492601],[103.34182265709187,4.805444799620531],[101.55989364097859,6.739531599242113],[100.61492446373249,6.978928648192309],[99.88019030170143,8.794661038743643],[98.19215165580162,8.373640078380049]]]]},"properties":{"NAME":"Srivijaya Empire","SUBJECTO":"Srivijaya Empire","PARTOF":"Srivijaya Empire"}},
{"type":"Feature","geometry":{"type":"Polygon","coordinates":[[[92.75749382665302,23.78576459867224],[91.6517870269344,22.356924150680594],[92.17629531334187,20.886634432036303],[93.9655866951778,19.194356523711107],[94.18043271844128,21.19864096162025],[92.75749382665302,23.78576459867224]]]},"properties":{"NAME":"Arakan","SUBJECTO":"Arakan","PARTOF":"Arakan"}},
{"type":"Feature","geometry":{"type":"Polygon","coordinates":[[[99.88019030170143,8.794661038743643],[99.29845717857624,9.16176565762224],[99.18617537925984,10.489401422697924],[99.89526656578327,12.079245172697924],[100.87163070152546,12.678542696196459],[101.91858199547077,12.585492693144701],[102.65849593590046,12.066133104521654],[103.03959182213093,10.897970758635424],[104.9785261483028,9.980911813933275],[104.74248031090046,8.493669115263842],[106.48202804039265,9.552120767790697],[106.77315810631062,10.63917215939226],[106.92988223329209,11.842432690832473],[107.89783512017956,12.56839735599808],[107.89783512017956,13.681543175918677],[107.4622563210802,14.98827957321677],[106.45149726589356,16.187961290965557],[104.3810912608956,18.327951477109472],[104.37053248094891,19.482026125283994],[102.07927723251458,19.824130595557133],[100.69818881548598,19.47885849129998],[100.38044551945849,19.86015044653297],[97.60440653023888,18.700922871378413],[97.41847518394734,16.482848726469896],[97.82298568199421,14.616008363921068],[98.48591903160359,13.111775957304857],[98.73837569664265,11.43508108730974],[98.19215165580162,8.373640078380049],[99.88019030170143,8.794661038743643]]]},"properties":{"NAME":"Khmer Empire","SUBJECTO":"Khmer Empire","PARTOF":"Khmer Empire"}},
{"type":"Feature","geometry":{"type":"Polygon","coordinates":[[[136.1424570187727,46.33490150384852],[132.85484680478447,46.05115685178736],[131.4998344113873,45.07587396093774],[130.3915897816011,44.798812803491195],[126.01814312767718,42.15172667085302],[122.08235457847859,40.48801382656755],[122.02749160240437,39.25575979824724],[124.14974443422744,39.821007217304334],[127.67152694175984,39.86643561001482],[129.47782424400592,40.682025514799975],[129.64126113365435,41.655849062163256],[132.18178847740435,43.19463690396013],[132.95279982994342,42.669540010649584],[134.13894179771685,42.99295385952654],[136.03397658775592,44.39840658779802],[138.12302543375594,46.505838950569434],[136.1424570187727,46.33490150384852]]]},"properties":{"NAME":"Balhae","SUBJECTO":"Balhae","PARTOF":"Balhae"}},
{"type":"Feature","geometry":{"type":"Polygon","coordinates":[[[115.93895721077443,41.539213626722336],[123.37105699503901,42.957361580786376],[125.09741751632478,42.957361580786376],[126.01814312767718,42.15172667085302],[130.3915897816011,44.798812803491195],[131.4998344113873,45.07587396093774],[132.85484680478447,46.05115685178736],[136.1424570187727,46.33490150384852],[136.14245701877272,46.33490150384852],[130.25592915312674,50.1507960103906],[117.51178780613462,50.69311808891577],[115.93895721077443,41.539213626722336]]]},"properties":{"NAME":"Khitans","SUBJECTO":"Khitans","PARTOF":"Khitans"}},
{"type":"Feature","geometry":{"type":"Polygon","coordinates":[[[27.368926076870146,58.35811554767541],[27.5864646028475,58.99618301712201],[27.60716125959254,59.306306520310386],[25.721121820910223,59.45984228726091],[23.415757212145575,59.11896475430193],[24.34649947593952,57.159720979887865],[23.10979012835954,57.18153893293185],[22.80430087355992,55.99027849078515],[25.329028658803296,56.54523008757859],[25.749816623010524,58.548585438946596],[27.368926076870146,58.35811554767541]]]},"properties":{"NAME":"Chuds","SUBJECTO":"Chuds","PARTOF":"Chuds"}},
{"type":"Feature","geometry":{"type":"Polygon","coordinates":[[[57.22907444214854,37.52225376379963],[61.106987527332436,38.69900562828148],[61.452259631589584,39.27445913537674],[60.87680612449434,40.65554755240535],[58.69008279753237,42.72718017794827],[58.69008279753237,43.75198599838503],[58.19851459213994,44.519655010233876],[58.81544552581277,45.931203365557586],[60.2705078125,46.69970703125],[60.938085937500006,46.48984375],[61.25106285929516,45.17534362071138],[63.5238922571325,45.02899420632929],[64.94814790385503,43.75360659441288],[70.64737767348875,43.5662329790746],[73.60806798695958,45.51641832084715],[74.62539062500002,46.752099609374994],[79.24481205436273,46.672132156634184],[80.79387097661343,46.682450491899885],[82.20868349664521,51.32924897531792],[93.94115045927443,51.095929022398096],[105.30115815324875,51.21273678060715],[110.70143086835411,50.98293023313427],[116.96157547350965,59.88266776324234],[115.20548227520561,57.386117039726635],[114.0159088408366,59.54672904426065],[107.9615110406255,59.8183896994711],[99.48535412032993,55.65854236961009],[99.53745541241915,55.2811223478262],[93.70004066679506,56.48455609390737],[78.36223290626025,56.41019430623805],[65.31164209247186,55.04663307077481],[59.09429166962169,56.4318399506882],[57.34145456427939,56.82837715482714],[57.74779512105446,54.75415814615255],[55.142898354160906,53.26737743590917],[58.307718915272346,51.89595322909126],[59.0997273000491,47.8530418845489],[58.88469529707381,47.24338029837858],[53.18964998150504,46.132115606330366],[52.60973647545124,45.39955099697771],[51.5127287239864,45.37257345791521],[50.874304804308665,44.626247011382006],[51.17103484581257,43.7180667745656],[52.51981643150593,42.072555147368334],[53.98521712730671,42.10553701992693],[54.81849578331257,40.879569612700365],[53.257300409777415,40.764632784087084],[52.84545043419148,40.18038138027849],[54.07141784141804,38.89694555874529],[54.06743911216999,36.94152411099138],[54.86755273069272,36.805650524911364],[57.22907444214854,37.52225376379963]],[[109.95537109374999,55.672216796875],[109.50009765625003,54.06142578125],[108.47285156250001,54.2767578125],[109.95537109374999,55.672216796875]]]},"properties":{"NAME":"Oghuz Turks","SUBJECTO":"Oghuz Turks","PARTOF":"Oghuz Turks"}},
{"type":"Feature","geometry":{"type":"Polygon","coordinates":[[[107.63886718750001,53.220361328125],[107.58408203125003,53.28330078125],[106.99501953125002,53.106591796875],[107.43779296874999,53.1025390625],[107.63886718750001,53.220361328125]]]},"properties":{"NAME":null,"SUBJECTO":null,"PARTOF":null}},
{"type":"Feature","geometry":{"type":"Polygon","coordinates":[[[-102.14428729171048,57.21394132630312],[-111.28421353653351,58.55314202309659],[-114.56521270134176,60.59956315497872],[-118.19565657401094,62.711419272008236],[-111.49669636011149,57.98860727108466],[-102.14428729171048,57.21394132630312]]]},"properties":{"NAME":null,"SUBJECTO":null,"PARTOF":null}},
{"type":"Feature","geometry":{"type":"Polygon","coordinates":[[[-89.86152359534954,63.6466556417531],[-89.99451157142376,64.03280218716326],[-90.00580307533001,63.9038577901906],[-89.86152359534954,63.6466556417531]]]},"properties":{"NAME":null,"SUBJECTO":null,"PARTOF":null}},
{"type":"Feature","geometry":{"type":"Polygon","coordinates":[[[-89.87039658118938,63.57521780605974],[-90,63.569825328295714],[-90,63.56135138149919],[-89.87039658118938,63.57521780605974]]]},"properties":{"NAME":null,"SUBJECTO":null,"PARTOF":null}},
{"type":"Feature","geometry":{"type":"Polygon","coordinates":[[[-62.50972764527455,57.9717281924346],[-62.49481293250774,57.95677527065935],[-62.509727645274545,57.9717281924346],[-62.50972764527455,57.9717281924346]]]},"properties":{"NAME":null,"SUBJECTO":null,"PARTOF":null}},
{"type":"Feature","geometry":{"type":"Polygon","coordinates":[[[-74.29292770911907,40.63159521694841],[-74.23124110312521,40.54190620142641],[-74.23124110312521,40.541906201426414],[-74.29292770911907,40.63159521694841]]]},"properties":{"NAME":null,"SUBJECTO":null,"PARTOF":null}},
{"type":"Feature","geometry":{"type":"Polygon","coordinates":[[[-90.10844131995891,30.038699709135912],[-90.16053482581829,30.390046678740404],[-90.43051621009563,30.142039858061693],[-90.10844131995891,30.038699709135912]]]},"properties":{"NAME":null,"SUBJECTO":null,"PARTOF":null}},
{"type":"Feature","geometry":{"type":"Polygon","coordinates":[[[-90.09218308021282,29.222343050200365],[-90.07866379310344,29.501367174345873],[-90.29798599769329,29.37374838467302],[-90.09218308021282,29.222343050200365]]]},"properties":{"NAME":null,"SUBJECTO":null,"PARTOF":null}},
{"type":"Feature","geometry":{"type":"Polygon","coordinates":[[[-90.65007492591594,29.239488207060717],[-90.26970628117526,29.154822865400444],[-90.43607803870891,29.325677477080248],[-90.65007492591594,29.239488207060717]]]},"properties":{"NAME":null,"SUBJECTO":null,"PARTOF":null}},
{"type":"Feature","geometry":{"type":"Polygon","coordinates":[[[52.99021722329524,36.625055363887064],[51.79552367637898,36.43234976406755],[50.56095412681843,36.686427675444506],[48.837229761584055,37.51097448940935],[48.824954065783274,38.30957754727068],[49.80730346153523,40.58070334072771],[49.08690174463439,41.452765992874305],[48.95942727193395,40.14598911357356],[48.237891318985234,39.949206580951184],[41.68046859215046,41.79333838101091],[41.2777620965858,41.28002979187384],[40.6289667242533,39.883612403410396],[37.34925784721369,38.83410556275771],[34.66238311241413,36.64777334805193],[35.70863250206257,36.21223410244646],[35.873065027697336,34.422286592680834],[34.50065902183796,31.621099077422045],[33.557601007921946,30.967715822417162],[32.07651046226765,31.013650499541185],[30.995955500109442,31.468850694853685],[29.248847040636786,30.753661714751146],[23.153338465197333,32.138812624174975],[21.673419031603583,32.8155895101613],[20.365721735461005,32.29824026699724],[20.11676886986042,30.957103334624193],[19.124539408190497,30.19894369717302],[19.316482184359216,28.41987671981849],[21.67906613189653,28.081928277797015],[25.045744422044084,28.0159149779902],[27.35164057245568,24.134828143380766],[29.344724201269283,24.0279744911095],[30.818889214610202,23.659433237774273],[32.51417897995226,23.73314148844132],[35.189864191515696,24.39991911526384],[33.928809198839915,26.56382330532732],[34.0580053658321,27.79031332607927],[34.88559249351765,28.357480608183764],[37.21826842735554,25.166631303984545],[37.201453241808665,24.65831335659685],[38.329417261584055,23.83471830959978],[39.1021948189571,22.400445543486498],[39.16673949669148,21.218801103789232],[40.69382003258015,19.868707262236498],[41.628558191759836,18.047204576689623],[42.76366332481648,16.64545591946306],[42.79587844322468,15.47008093472185],[43.84059050987507,12.663913332182787],[46.601199182970774,13.40054567928972],[49.33384993980671,14.632695757109545],[52.135169062121165,15.687059961516283],[52.894324335558665,16.60995253201189],[55.19483855675007,17.148564897734545],[55.561072382433665,17.937171541411303],[57.83862975548054,19.03480681057634],[57.80608275841023,20.171960436064623],[58.51204970787312,20.421229921538256],[59.837283167345774,22.279178224760912],[58.62849334190632,23.4582954275197],[57.146197351916086,23.9824710714406],[56.01545623253132,25.771625124174975],[54.34709838341023,24.154452882964037],[51.58590224693562,24.003221117216967],[50.77828124473835,24.47092970486345],[49.93686202476765,25.955783449370287],[50.12176421592976,26.737586580473803],[48.85502150963093,27.522691332060717],[47.911360773546946,29.890292726714037],[50.13237288902546,30.06642874355974],[50.529651386636175,29.57438130814928],[52.99021722329524,36.625055363887064]]]},"properties":{"NAME":"Abbasid Caliphate","SUBJECTO":"Abbasid Caliphate","PARTOF":"Abbasid Caliphate"}},
{"type":"Feature","geometry":{"type":"MultiPolygon","coordinates":[[[[49.08690174463439,41.452765992874305],[47.56529525230671,43.007709108549975],[46.84594634483601,44.446410738188646],[47.55630401085163,45.45349844570818],[49.53451446007038,46.54151877041521],[51.36885741661335,47.09002264614763],[53.185217890246165,46.865226350981615],[53.18964998150504,46.132115606330366],[58.88469529707381,47.24338029837858],[59.0997273000491,47.8530418845489],[58.307718915272346,51.89595322909126],[55.142898354160906,53.26737743590917],[54.187969978519696,53.24425984750013],[51.59784714658781,54.72982636062451],[48.21577312296412,57.7086220534561],[46.105746848468755,57.7086220534561],[43.32252607908093,58.36887781396926],[43.143030109992836,57.114358669171715],[36.828838389478726,56.741959368818755],[35.28776120269926,55.36116250106847],[34.97463897212363,52.858867571225346],[35.216951573913214,50.72311841599406],[36.29415290157728,48.58116696085844],[33.1943359375,49.11875],[32.470572926630325,49.27142778583737],[31.074989254240364,49.017806389820606],[28.52438726200185,47.98183124943542],[32.15018587907352,46.63651247346525],[33.638838800890696,45.92677267666521],[33.39549544761921,44.600490175444506],[35.06732085655476,44.86172445889177],[34.906809839709055,46.27302130337419],[37.42214492271687,47.07688101406755],[37.970171961291086,46.441283785063646],[37.47389129112507,44.69235952969255],[38.92371276329304,44.21186026211443],[41.40974334190632,42.78824194546404],[41.68046859215046,41.79333838101091],[48.237891318985234,39.949206580951184],[48.95942727193395,40.14598911357356],[49.08690174463439,41.452765992874305]]],[[[33.7046875,47.060839843749996],[35.3017578125,47.491796875],[35.04902343750001,47.428173828125],[33.90410156250002,47.158740234374996],[33.655371093750006,47.05029296875],[33.7046875,47.060839843749996]]]]},"properties":{"NAME":"Khazars","SUBJECTO":"Khazars","PARTOF":"Khazars"}},
{"type":"Feature","geometry":{"type":"Polygon","coordinates":[[[73.48542193815386,28.570558238040974],[77.06013118879203,29.420755243488284],[79.14818133348803,28.336681312199808],[78.48568344160915,30.527565827528864],[77.10459502458055,31.333200737462224],[76.75970453702153,33.18387536469871],[72.84855423490407,33.34569850268744],[72.2707855649804,32.36901705023369],[72.0406041621423,30.182293723271712],[71.6992156703896,29.61866168670601],[73.48542193815386,28.570558238040974]]]},"properties":{"NAME":"Hindu Shahis","SUBJECTO":"Hindu Shahis","PARTOF":"Hindu Shahis"}},
{"type":"Feature","geometry":{"type":"Polygon","coordinates":[[[79.0477855784419,27.760018565682024],[79.28046073820109,27.630754588038034],[79.2465183230073,27.81189282357719],[79.0477855784419,27.760018565682024]]]},"properties":{"NAME":"Hindu states","SUBJECTO":"Hindu states","PARTOF":"Hindu states"}},
{"type":"Feature","geometry":{"type":"Polygon","coordinates":[[[73.4263998968865,25.062195711910285],[76.10516385314365,26.99855206169772],[74.1173958209184,26.544342617090322],[72.62766425774089,28.366551993013818],[73.48542193815386,28.570558238040974],[71.6992156703896,29.61866168670601],[71.02070489339893,28.49844111599014],[70.20742233726752,27.15571248134191],[73.4263998968865,25.062195711910285]]]},"properties":{"NAME":"Multan","SUBJECTO":"Multan","PARTOF":"Multan"}},
{"type":"Feature","geometry":{"type":"Polygon","coordinates":[[[94.18043271844128,21.19864096162025],[94.29809705941052,22.29632386921722],[95.89521932277485,22.63510737962784],[96.47599105490734,21.76394978142911],[96.69927277139946,19.124266127761025],[97.60440653023888,18.700922871378413],[100.38044551945849,19.86015044653297],[100.35291671122881,20.744856206909542],[101.42947309529906,21.975206360132667],[99.4321910998764,21.89576322110005],[98.2812840856859,22.586307429614358],[98.39637478710496,24.42775865231917],[97.93601198142875,24.88812145799538],[94.48329093885722,24.657940055157276],[93.41314187588453,24.246344261706238],[92.75749382665302,23.78576459867224],[94.18043271844128,21.19864096162025]]]},"properties":{"NAME":null,"SUBJECTO":null,"PARTOF":null}},
{"type":"Feature","geometry":{"type":"Polygon","coordinates":[[[80.96097359313889,17.363404017874792],[79.48772742428635,15.807568832900566],[80.2215360771082,15.499391966307455],[82.23299729234546,16.645390451299797],[80.96097359313889,17.363404017874792]]]},"properties":{"NAME":"Vengi","SUBJECTO":"Vengi","PARTOF":"Vengi"}},
{"type":"Feature","geometry":{"type":"Polygon","coordinates":[[[84.82165117115564,22.332769321630956],[84.91226568349322,22.740534627150062],[84.90316249640829,22.849772872169332],[78.83095554586629,20.39958410265239],[78.94604624728534,19.01849568562378],[78.71586484444724,17.522316567176112],[78.96130796669618,16.028648672079253],[79.48772742428635,15.807568832900566],[80.96097359313889,17.363404017874792],[82.73659156027513,19.23856172522158],[82.4441826477218,20.264692564713197],[84.82165117115564,22.332769321630956]]]},"properties":{"NAME":"Banas","SUBJECTO":"Banas","PARTOF":"Banas"}},
{"type":"Feature","geometry":{"type":"Polygon","coordinates":[[[84.89052311158152,23.0014454900905],[84.81951509494861,23.85354168968533],[83.98475979804715,24.781047575131392],[84.04122082383469,24.832803515436638],[82.74403939411404,24.773030756576322],[81.59313237992353,25.233393562252523],[79.86677185863776,27.305026187795438],[79.28046073820109,27.630754588038034],[79.0477855784419,27.760018565682024],[78.55131883527947,27.630428226015034],[76.30908035561204,27.045147438940386],[76.10516385314365,26.99855206169772],[73.4263998968865,25.062195711910285],[72.26562547084175,24.223124794410293],[73.91520626221168,23.111399465707596],[72.6930851549148,22.104650299819557],[72.82004704312291,21.085798147568184],[74.61240437457697,21.892412010092595],[80.95948534475596,21.85796711948126],[84.89052311158152,23.0014454900905]]]},"properties":{"NAME":"Gurjara Pratihara","SUBJECTO":"Gurjara Pratihara","PARTOF":"Gurjara Pratihara"}},
{"type":"Feature","geometry":{"type":"Polygon","coordinates":[[[72.82004704312291,21.085798147568184],[73.06422713707234,18.031716905791185],[73.84143355797077,15.390475832182787],[74.73362258384968,13.68335875149431],[75.73442294059149,11.253671169659425],[77.68004853167578,12.918688510414075],[79.0611369487044,13.033779211833124],[78.96130796669618,16.028648672079253],[78.71586484444724,17.522316567176112],[78.94604624728534,19.01849568562378],[78.83095554586629,20.39958410265239],[84.90316249640829,22.849772872169332],[84.89052311158152,23.0014454900905],[80.95948534475596,21.85796711948126],[74.61240437457697,21.892412010092595],[72.82004704312291,21.085798147568184]]]},"properties":{"NAME":"Rashtrakuta","SUBJECTO":"Rashtrakuta","PARTOF":"Rashtrakuta state"}},
{"type":"Feature","geometry":{"type":"Polygon","coordinates":[[[82.73659156027513,19.23856172522158],[80.96097359313889,17.363404017874792],[82.23299729234546,16.645390451299797],[82.35399917076374,17.085914217192553],[84.24612724807989,18.44085082786644],[82.73659156027513,19.23856172522158]]]},"properties":{"NAME":"Kalinga","SUBJECTO":"Kalinga","PARTOF":"Kalinga"}},
{"type":"Feature","geometry":{"type":"Polygon","coordinates":[[[84.24612724807989,18.44085082786644],[85.37910750816609,19.60537489529314],[84.726764506404,20.88552285625795],[84.82165117115564,22.332769321630956],[82.4441826477218,20.264692564713197],[82.73659156027513,19.23856172522158],[84.24612724807989,18.44085082786644]]]},"properties":{"NAME":"Somvamsis","SUBJECTO":"Somvamsis","PARTOF":"Somvamsis"}},
{"type":"Feature","geometry":{"type":"Polygon","coordinates":[[[75.25020012412294,39.68304723004181],[75.37823450329478,40.19518474672915],[79.98186256005681,40.7706382538244],[82.05349518559973,41.46118246233871],[85.62130692959032,43.41772438646258],[87.57784885371417,43.76299649071973],[90.9596929884755,43.54918991631177],[91.33393557869015,45.92025067110863],[80.71884642202563,46.43604046828073],[80.79387097661343,46.682450491899885],[79.24481205436273,46.672132156634184],[78.16064453125,46.318652343749996],[74.88808593750002,46.3765625],[73.60806798695958,45.51641832084715],[70.64737767348875,43.5662329790746],[64.94814790385503,43.75360659441288],[67.20679470254214,41.69136386517681],[68.58788311957075,40.65554755240535],[69.96897153659937,40.5404568509863],[71.69533205788512,40.88572895524346],[73.19151117633278,39.96500334389104],[75.25020012412294,39.68304723004181]]]},"properties":{"NAME":"Karluks","SUBJECTO":"Karluks","PARTOF":"Karluks"}},
{"type":"Feature","geometry":{"type":"Polygon","coordinates":[[[75.25020012412294,39.68304723004181],[73.19151117633278,39.96500334389104],[71.69533205788512,40.88572895524346],[69.96897153659937,40.5404568509863],[68.58788311957075,40.65554755240535],[67.20679470254214,41.69136386517681],[64.94814790385503,43.75360659441288],[63.5238922571325,45.02899420632929],[61.25106285929516,45.17534362071138],[60.07694589898692,43.608606228433],[58.69008279753237,43.75198599838503],[58.69008279753237,42.72718017794827],[60.87680612449434,40.65554755240535],[61.452259631589584,39.27445913537674],[61.106987527332436,38.69900562828148],[57.22907444214854,37.52225376379963],[71.02070489339893,28.49844111599014],[71.6992156703896,29.61866168670601],[72.0406041621423,30.182293723271712],[72.2707855649804,32.36901705023369],[72.84855423490407,33.34569850268744],[76.75970453702153,33.18387536469871],[76.52914151748529,36.97264510699573],[75.14805310045668,37.778280016929074],[75.25020012412294,39.68304723004181]]]},"properties":{"NAME":"Samanid Empire","SUBJECTO":"Samanid Empire","PARTOF":"Samanid Empire"}},
{"type":"Feature","geometry":{"type":"Polygon","coordinates":[[[50.529651386636175,29.57438130814928],[51.350134882433665,28.03613432522478],[52.89083388756062,27.05232390042009],[54.64605620811726,26.39131888027849],[55.89973357628132,27.104804598051928],[56.79043105552937,26.97391279812517],[57.254771265490305,25.793286882597826],[59.03145888756062,25.307866655547045],[61.34399321983601,25.026860796172045],[66.62050918052937,25.31748541470232],[66.70171645591999,24.752278886992357],[68.0721769661739,23.67518766995134],[68.86453405136173,24.48087493724264],[70.20742233726752,27.15571248134191],[71.02070489339893,28.49844111599014],[57.22907444214854,37.52225376379963],[54.86755273069272,36.805650524911364],[54.06743911216999,36.94152411099138],[52.99021722329524,36.625055363887064],[50.529651386636175,29.57438130814928]]]},"properties":{"NAME":"Saffarids","SUBJECTO":"Saffarids","PARTOF":"Saffarids"}},
{"type":"Feature","geometry":{"type":"Polygon","coordinates":[[[-14.822,66.048],[-18.857,66.201],[-22.913,65.565],[-21.969,64.068],[-18.71,63.391],[-14.961,64.254],[-13.499,65.069],[-14.822,66.048]]]},"properties":{"NAME":null,"SUBJECTO":null,"PARTOF":null}},
{"type":"Feature","geometry":{"type":"Polygon","coordinates":[[[-26.03,70.521],[-27.064,70.888],[-27.878,70.429],[-26.03,70.521]]]},"properties":{"NAME":null,"SUBJECTO":null,"PARTOF":null}},
{"type":"Feature","geometry":{"type":"Polygon","coordinates":[[[16.57,56.377],[16.77,56.796],[16.617,56.874],[16.393,56.529],[16.57,56.377]]]},"properties":{"NAME":null,"SUBJECTO":null,"PARTOF":null}},
{"type":"Feature","geometry":{"type":"Polygon","coordinates":[[[22.948,58.844],[22.576,59.069],[22.229,58.878],[22.48,58.7],[22.948,58.844]]]},"properties":{"NAME":null,"SUBJECTO":null,"PARTOF":null}},
{"type":"Feature","geometry":{"type":"Polygon","coordinates":[[[13.672,54.569],[13.225,54.634],[13.118,54.334],[13.508,54.343],[13.672,54.569]]]},"properties":{"NAME":null,"SUBJECTO":null,"PARTOF":null}},
{"type":"Feature","geometry":{"type":"Polygon","coordinates":[[[23.206,58.445],[22.112,58.492],[22.201,58.145],[23.206,58.445]]]},"properties":{"NAME":null,"SUBJECTO":null,"PARTOF":null}},
{"type":"Feature","geometry":{"type":"Polygon","coordinates":[[[-8.955,70.822],[-8.632,70.956],[-7.982,71.048],[-8.326,71.141],[-8.955,70.822]]]},"properties":{"NAME":null,"SUBJECTO":null,"PARTOF":null}},
{"type":"Feature","geometry":{"type":"Polygon","coordinates":[[[20.067,60.296],[19.931,60.277],[19.772,60.081],[20.044,60.086],[19.914,60.217],[20.067,60.296]]]},"properties":{"NAME":null,"SUBJECTO":null,"PARTOF":null}},
{"type":"Feature","geometry":{"type":"Polygon","coordinates":[[[42.658355717345096,2.51274426704435],[46.19034448186311,2.522281273203094],[48.4715795845821,5.201433740813158],[49.04607299278523,6.41633804913225],[50.77938369224812,9.36842020626726],[51.18070510338093,11.777448259550951],[50.69729140709187,11.94795950527849],[49.3035002083614,11.246025644499682],[47.39071181724812,11.159307085234545],[44.28083709190632,10.396465860564135],[43.10357192466999,11.53131254788103],[41.93585365921386,10.604485547070642],[42.658355717345096,2.51274426704435]]]},"properties":{"NAME":"Cushites","SUBJECTO":"Cushites","PARTOF":"Cushites"}},
{"type":"Feature","geometry":null,"properties":{"NAME":"West African cereal farmers","SUBJECTO":"West African cereal farmers","PARTOF":"West African cereal farmers"}},
{"type":"Feature","geometry":{"type":"Polygon","coordinates":[[[15.75226322608803,29.325276687515498],[12.53270264948299,30.804904526976536],[7.892289991693659,32.592604485305216],[5.681251390019591,32.815410169955875],[0.45780318303137,32.54744071220754],[-1.179210466069484,32.450300628164904],[-1.34149339757882,13.313666561561897],[2.345904970276228,13.285633546771772],[8.26576059714931,12.367349972804174],[14.581743588107965,12.67336040874892],[14.375311962283693,13.29193599700369],[15.125778000674927,14.89925635602572],[15.533591403824436,15.050081754358416],[15.75226322608803,29.325276687515498]]]},"properties":{"NAME":"Tuaregs","SUBJECTO":"Tuaregs","PARTOF":"Tuaregs"}},
{"type":"Feature","geometry":{"type":"Polygon","coordinates":[[[35.32767061354656,15.422954344688346],[35.64610757294483,12.795849429652588],[35.40727985339613,11.283273872510794],[34.45196897520131,10.248353754466404],[33.57626733685606,10.009526034917698],[31.74525482031599,10.248353754466404],[32.34880962465572,9.527647378549165],[33.02152049134584,6.864538013373648],[35.57782178476831,5.527006069275479],[38.605020684873864,6.597308569790442],[38.879383970829274,7.854307040737202],[37.860445979514566,7.741091708368899],[36.599389330667506,9.212324465357149],[36.38921322252634,11.734437763051282],[37.01974154694986,13.626022736321879],[39.20794204185749,16.326509081084154],[38.685671839220774,18.002805315215014],[37.89511991723812,18.56012241001322],[37.07907389023707,17.094748381529282],[35.32767061354656,15.422954344688346]]]},"properties":{"NAME":"Bejas","SUBJECTO":"Bejas","PARTOF":"Bejas"}},
{"type":"Feature","geometry":{"type":"Polygon","coordinates":[[[40.739138636095774,14.919243417937182],[40.17238316906753,9.842852789780679],[41.93585365921386,10.604485547070642],[43.10357192466999,11.53131254788103],[43.3304777474239,12.434074007231615],[42.40844253013874,13.175496660429857],[40.739138636095774,14.919243417937182]]]},"properties":{"NAME":null,"SUBJECTO":null,"PARTOF":null}},
{"type":"Feature","geometry":{"type":"Polygon","coordinates":[[[-1.179210466069484,32.450300628164904],[-4.772797416149867,31.65974739446365],[-6.730029460198837,29.51973235196518],[-8.566666431341025,27.158341960496656],[-9.681767449534497,26.10883511984398],[-11.190433532972722,25.715270054599223],[-14.631950163595391,25.68205080405753],[-14.820046391980402,24.73287733669939],[-15.714025464551202,23.873057924467943],[-16.80602165748333,21.989650331694506],[-17.051907506482355,21.00409849758806],[-16.34728142310833,20.522616945464037],[-15.982691731946222,18.178399645048998],[-16.450055089490167,16.11839064236345],[-17.22053810645794,14.725009523589037],[-16.87041946937298,14.363524996001146],[-13.395529310272655,14.916671886604806],[-6.264794123357348,13.351095379469161],[-1.34149339757882,13.313666561561897],[-1.179210466069484,32.450300628164904]],[[-11.908471851194797,16.38224568487565],[-11.69949759658968,17.113655575993548],[-7.833473886395026,17.636091212506344],[-5.012321449225948,16.69570706678332],[-4.803347194620834,15.546348666455176],[-6.997576867974556,14.396990266127032],[-8.878345159420608,14.292503138824477],[-11.803984723892242,15.755322921060293],[-11.908471851194797,16.38224568487565]]]},"properties":{"NAME":"Berbers","SUBJECTO":"Berbers","PARTOF":"Berbers"}},
{"type":"Feature","geometry":{"type":"Polygon","coordinates":[[[15.533591403824436,15.050081754358416],[17.001943096653005,15.59313582578668],[20.723003870342865,14.778350027935621],[21.504739327000397,12.682548162639588],[18.627952846500676,10.169490738236744],[20.673287450301128,11.956221643123333],[23.19994183767005,11.775300538947805],[24.074465964367207,11.181973046384048],[30.599761371261398,11.115971520296771],[30.78671404375713,11.227081395800525],[30.471506982722893,13.512332588298701],[30.78994394212117,15.502563584537913],[29.45340165386746,17.829544899145432],[28.612697221302753,20.56183430498075],[29.344724201269283,24.0279744911095],[27.35164057245568,24.134828143380766],[25.045744422044084,28.0159149779902],[21.67906613189653,28.081928277797015],[19.316482184359216,28.41987671981849],[17.00195254530468,28.750951383364868],[15.75226322608803,29.325276687515498],[15.533591403824436,15.050081754358416]]]},"properties":{"NAME":"Bedouins","SUBJECTO":"Bedouins","PARTOF":"Bedouins"}},
{"type":"Feature","geometry":{"type":"Polygon","coordinates":[[[16.637054461177968,7.088219948989403],[22.224511080969368,6.196195772852339],[33.92968016137751,2.843586349070006],[34.405956738036096,2.490461302647428],[42.658355717345096,2.51274426704435],[41.93585365921386,10.604485547070642],[40.17238316906753,9.842852789780679],[39.75203095278518,7.951267816510082],[38.879383970829274,7.854307040737202],[38.605020684873864,6.597308569790442],[35.57782178476831,5.527006069275479],[33.02152049134584,6.864538013373648],[32.34880962465572,9.527647378549165],[31.74525482031599,10.248353754466404],[30.78671404375713,11.227081395800525],[30.599761371261398,11.115971520296771],[24.074465964367207,11.181973046384048],[23.19994183767005,11.775300538947805],[20.673287450301128,11.956221643123333],[18.627952846500676,10.169490738236744],[16.637054461177968,10.931302558126609],[16.637054461177968,7.088219948989403]]]},"properties":{"NAME":"Azandes","SUBJECTO":"Azandes","PARTOF":"Azandes"}},
{"type":"Feature","geometry":{"type":"Polygon","coordinates":[[[31.497599242339955,50.058779437069795],[29.043368694173626,49.450084338372164],[26.57118957657036,49.95852230613026],[28.664891879864264,48.57981598285431],[31.074989254240364,49.017806389820606],[32.470572926630325,49.27142778583737],[31.94626690969748,49.567619397110946],[31.497599242339955,50.058779437069795]]]},"properties":{"NAME":"Polyanians","SUBJECTO":"Polyanians","PARTOF":"Polyanians"}},
{"type":"Feature","geometry":{"type":"Polygon","coordinates":[[[43.143030109992836,57.114358669171715],[43.32252607908093,58.36887781396926],[39.758750845463695,59.54997973730281],[39.052976222317554,59.852032219568954],[37.59991447273594,61.507127347623985],[36.33023747499517,61.45115285290656],[34.87336455289861,61.570222335438395],[32.441494818099486,61.149670347470206],[30.52287046304529,60.81787573070432],[28.600840536301185,60.18596023241708],[27.60716125959254,59.306306520310386],[27.5864646028475,58.99618301712201],[28.068427102920783,57.86243922267352],[28.38172139080795,56.31459337748572],[28.983690138531568,55.81859929755448],[28.463688664472244,54.31379062764641],[27.153234273312215,53.96064002077892],[24.69069105899189,51.68259479362447],[26.57118957657036,49.95852230613026],[29.043368694173626,49.450084338372164],[31.497599242339955,50.058779437069795],[35.216951573913214,50.72311841599406],[34.97463897212363,52.858867571225346],[36.057219354282324,54.08726304900957],[38.95753999413629,56.3696273669335],[43.143030109992836,57.114358669171715]]]},"properties":{"NAME":"Kyivan Rus","SUBJECTO":"Kyivan Rus","PARTOF":"Kyivan Rus"}},
{"type":"Feature","geometry":{"type":"Polygon","coordinates":[[[31.94626690969748,49.567619397110946],[33.1943359375,49.11875],[36.29415290157728,48.58116696085844],[35.216951573913214,50.72311841599406],[31.497599242339955,50.058779437069795],[31.94626690969748,49.567619397110946]]]},"properties":{"NAME":"Pechenegs","SUBJECTO":"Pechenegs","PARTOF":"Pechenegs"}}
]}