{"type":"FeatureCollection", "features": [
{"type":"Feature","geometry":{"type":"MultiPolygon","coordinates":[[[[120.36362746666218,14.530945383269213],[121.24220565269734,15.30783327694597],[122.39557937095906,17.114329897124193],[122.02781203697468,18.00917204495134],[120.3930769295528,18.04379232998552],[120.30344680259968,16.41746290798845],[119.77184585045124,15.469834886748217],[120.36362746666218,14.530945383269213]]],[[[126.04523757408406,6.608192526060961],[126.27187636802937,8.425783716399096],[125.93394759605671,9.174750887114428],[123.46498397300984,7.790728651244066],[124.22405532310749,6.089605890471361],[126.04523757408406,6.608192526060961]]]]},"properties":{"NAME":null,"SUBJECTO":null,"PARTOF":null}},
{"type":"Feature","geometry":{"type":"MultiPolygon","coordinates":[[[[175.30768874595904,-37.32097665194807],[174.21686843345904,-35.336765683930494],[173.16649917076373,-35.420879758637525],[174.7646589608028,-37.296543515961744],[174.65473464439654,-38.983257688325025],[176.0114393563106,-41.255344785492994],[178.40819838951373,-38.771152890961744],[175.30768874595904,-37.32097665194807]]],[[[172.06266311119342,-43.92314187411604],[174.23354628990435,-42.01123467807112],[173.26403335045123,-41.543674863617994],[171.45835402916217,-41.99285165194807],[171.0240583748653,-42.886883176606275],[168.4157362313106,-44.2209095132762],[166.52276137779498,-46.23272363070784],[169.3993025154903,-46.70957223300276],[170.61156753013873,-45.946060575287916],[172.06266311119342,-43.92314187411604]]]]},"properties":{"NAME":null,"SUBJECTO":null,"PARTOF":null}},
{"type":"Feature","geometry":{"type":"Polygon","coordinates":[[[-24.2188501029179,65.5337406026906],[-21.95479675819134,65.37804754849138],[-22.372910466687433,63.773185335356615],[-18.64186379005169,63.323817812163256],[-14.821200337903253,64.19502600308122],[-13.646900144116632,65.49534186001482],[-16.922141042248956,65.97755011196794],[-24.2188501029179,65.5337406026906]]]},"properties":{"NAME":null,"SUBJECTO":null,"PARTOF":null}},
{"type":"Feature","geometry":{"type":"MultiPolygon","coordinates":[[[[-39.69494684817376,65.18696970170159],[-34.433060613171804,66.38395269985857],[-32.9560212760136,67.64102514858904],[-26.963623967663995,68.50170477505388],[-22.732329335705987,69.7740741598195],[-27.606051412122003,71.06815680142107],[-25.291254964368097,71.5688968526906],[-24.07642075111126,73.75567206021013],[-20.329588857190362,73.41964300747576],[-19.19354721595501,75.44353827114763],[-21.18268295814251,76.69747503872576],[-18.25337502052044,77.30013617153826],[-20.87882896949505,78.8179202901906],[-14.201948133008234,81.2101322042531],[-22.05288025428509,81.53975256558122],[-22.432360616223566,82.74334295864763],[-32.513173070447195,83.57699926968279],[-49.64758774329876,82.47806128140154],[-61.1224145560429,81.79757269497576],[-62.81141255638844,81.15595684596342],[-63.35819002201287,78.2356337190557],[-62.44868119723538,76.33836403843989],[-58.635662999646414,75.7932620870656],[-54.73041245033001,73.03760107632341],[-55.62637039710735,71.73035009976091],[-51.72012421180462,71.58955725308122],[-50.572628942029226,69.86625250454607],[-50.53911897259658,67.48805571153352],[-49.472532842377866,67.03273287353856],[-49.06240794677684,64.7863184095137],[-46.15809589644378,60.937403792612976],[-43.578778234021414,59.935687624174975],[-44.25808774116473,61.869878095613615],[-43.84796284556369,64.20612586086018],[-42.793355971161034,65.40311483729091],[-39.69494684817376,65.18696970170159]]],[[[-50.53911897259658,67.48805571153352],[-50.93936249305462,67.52581366177263],[-50.53911897259659,67.48805571153352],[-50.53911897259658,67.48805571153352]]]]},"properties":{"NAME":null,"SUBJECTO":null,"PARTOF":null}},
{"type":"Feature","geometry":{"type":"MultiPolygon","coordinates":[[[[-73.11150833656048,-72.7494625223094],[-70.0207185416386,-72.6721920144969],[-68.39805313636516,-71.12679711703596],[-72.10699936439251,-71.04952660922346],[-75.27505966712688,-71.66768304232893],[-73.11150833656048,-72.7494625223094]]],[[[-102.55128189613079,-72.13130608920393],[-97.14239975501751,-72.6721920144969],[-97.21967026283001,-71.82222405795393],[-102.55128189613079,-72.13130608920393]]],[[[-55.18492981483196,-80.94006005648909],[-44.83078476478313,-80.32190362338362],[-44.2126245169804,-78.39015618686018],[-48.84880920936321,-78.08107415561018],[-55.18492981483196,-80.94006005648909]]],[[[169.76938918541217,-83.41788903598128],[159.3153944344356,-80.02740899447737],[163.64298537681842,-78.66061059359846],[162.34563735435748,-75.1068843973094],[164.6162214608028,-74.17193261508284],[168.97468093345904,-73.2389415872508],[170.72912124107623,-71.90427819613753],[167.63463881920123,-70.86511651400862],[160.59853652427935,-70.22093621615706],[157.30686477134967,-69.15642968539534],[151.09345534752154,-68.88582269076643],[146.8754530281856,-67.99737969760237],[145.5856581063106,-67.2234844339305],[141.15749648521685,-66.72243157748518],[134.20519545982623,-66.18008843783674],[130.2721052498653,-66.25291863803206],[129.00962356041217,-67.02982751254378],[122.45820907066609,-66.64516106967268],[118.28564742515827,-67.0701412332469],[113.01485732506062,-65.76308099154768],[109.40372756431843,-66.71026269320784],[102.63083938072468,-65.92616692904768],[99.65426162193562,-66.54946557406721],[90,-66.60652581576643],[81.81432631920124,-67.3019527566844],[78.2599211067989,-68.38373223666487],[76.86905959556843,-69.3109630716258],[72.54195693443562,-70.23820153598128],[70.30113509605671,-72.01540795687971],[67.36488631675984,-71.70632592562971],[68.95107558677937,-69.88906518344221],[69.37389663170124,-67.84283868197737],[56.62694838951374,-66.94232598666487],[55.14159301231648,-65.96285668734846],[52.45182326744343,-65.98836175326643],[47.30508330772663,-67.77486077670393],[44.79703811119343,-67.74518243197737],[39.64714339683796,-68.93355981234846],[38.332049402697336,-70.02947656039534],[33.54134276817585,-68.5421642435008],[32.74804213951374,-69.34959832553206],[23.707478556139716,-70.58591882113753],[17.6031713814571,-70.08366052035628],[8.48534110496784,-70.08366052035628],[0.681093785269507,-71.31997338656721],[-7.200421777264825,-70.894993222993],[-11.141175237195245,-71.59042016391096],[-11.828483548657648,-72.32257501010237],[-16.39551827003216,-73.44488946322737],[-14.450941052930109,-74.0646480691844],[-18.4045304923222,-75.68571130160628],[-23.581604924695245,-75.91752282504378],[-33.1630525260136,-77.38564721469221],[-36.40837952186321,-79.16285363559065],[-29.567681279675714,-79.2243160379344],[-28.91321846534466,-80.47643700961409],[-38.031048741833914,-80.94006005648909],[-43.82627960731243,-81.79002801303206],[-60.20745941688274,-82.33091393832503],[-74.88871475745891,-80.70824853305159],[-76.58865067054485,-79.39465752963362],[-74.50236984779094,-78.08107415561018],[-78.59766098548626,-76.61294976596174],[-70.56160446693157,-76.69022027377424],[-64.45729538490032,-75.68571130160628],[-60.825619664685476,-72.7494625223094],[-61.675587621228445,-70.8177227151805],[-65.38453384925579,-67.34058038119612],[-61.134694066540945,-64.86795464877424],[-62.91190430213665,-64.71340600375471],[-66.85265823890423,-66.79969445590315],[-67.08446976234173,-68.65416375521956],[-68.78439804603313,-69.81321374301253],[-67.08446976234173,-71.82222405795393],[-67.6253556876347,-72.7494625223094],[-81.76572128822063,-74.02441064242659],[-88.56545731116985,-73.25171319369612],[-99.7881974845097,-72.99776116732893],[-105.6420793204472,-75.0675548685008],[-110.55704971839641,-75.30289117221174],[-113.23789688636516,-74.32137719516096],[-128.97754379798627,-74.9130138528758],[-134.77277084876752,-74.64256707553206],[-146.67230698158002,-76.1106914651805],[-146.1458635001347,-77.45652428988753],[-154.1674699454472,-77.11520043734846],[-158.18549057533002,-77.81062737826643],[-154.5538224845097,-79.1242183816844],[-148.60405441810346,-79.66510430697737],[-145.66779038001752,-80.51507226352034],[-152.08118149329877,-82.60135308627424],[-153.30974289466596,-83.94192925814924],[-148.7585801749394,-85.07398644809065],[-180,-84.3223156106883],[-180,-85.3223156106883],[-180,-86.3223156106883],[-180,-87.3223156106883],[-180,-88.3223156106883],[-180,-89.3223156106883],[-180,-90],[-179.20366379310346,-90],[-178.20366379310346,-90],[-177.20366379310346,-90],[-176.20366379310346,-90],[-175.20366379310346,-90],[-174.20366379310346,-90],[-173.20366379310346,-90],[-172.20366379310346,-90],[-171.20366379310346,-90],[-170.20366379310346,-90],[-169.20366379310346,-90],[-168.20366379310346,-90],[-167.20366379310346,-90],[-166.20366379310346,-90],[-165.20366379310346,-90],[-164.20366379310346,-90],[-163.20366379310346,-90],[-162.20366379310346,-90],[-161.20366379310346,-90],[-160.20366379310346,-90],[-159.20366379310346,-90],[-158.20366379310346,-90],[-157.20366379310346,-90],[-156.20366379310346,-90],[-155.20366379310346,-90],[-154.20366379310346,-90],[-153.20366379310346,-90],[-152.20366379310346,-90],[-151.20366379310346,-90],[-150.20366379310346,-90],[-149.20366379310346,-90],[-148.20366379310346,-90],[-147.20366379310346,-90],[-146.20366379310346,-90],[-145.20366379310346,-90],[-144.20366379310346,-90],[-143.20366379310346,-90],[-142.20366379310346,-90],[-141.20366379310346,-90],[-140.20366379310346,-90],[-139.20366379310346,-90],[-138.20366379310346,-90],[-137.20366379310346,-90],[-136.20366379310346,-90],[-135.20366379310346,-90],[-134.20366379310346,-90],[-133.20366379310346,-90],[-132.20366379310346,-90],[-131.20366379310346,-90],[-130.20366379310346,-90],[-129.20366379310346,-90],[-128.20366379310346,-90],[-127.20366379310344,-90],[-126.20366379310344,-90],[-125.20366379310344,-90],[-124.20366379310344,-90],[-123.20366379310344,-90],[-122.20366379310344,-90],[-121.20366379310344,-90],[-120.20366379310344,-90],[-119.20366379310344,-90],[-118.20366379310344,-90],[-117.20366379310344,-90],[-116.20366379310344,-90],[-115.20366379310344,-90],[-114.20366379310344,-90],[-113.20366379310344,-90],[-112.20366379310344,-90],[-111.20366379310344,-90],[-110.20366379310344,-90],[-109.20366379310344,-90],[-108.20366379310344,-90],[-107.20366379310344,-90],[-106.20366379310344,-90],[-105.20366379310344,-90],[-104.20366379310344,-90],[-103.20366379310344,-90],[-102.20366379310344,-90],[-101.20366379310344,-90],[-100.20366379310344,-90],[-99.20366379310344,-90],[-98.20366379310344,-90],[-97.20366379310344,-90],[-96.20366379310344,-90],[-95.20366379310344,-90],[-94.20366379310344,-90],[-93.20366379310344,-90],[-92.20366379310344,-90],[-91.20366379310344,-90],[-90,-90],[-89.20366379310344,-90],[-88.20366379310344,-90],[-87.20366379310344,-90],[-86.20366379310344,-90],[-85.20366379310344,-90],[-84.20366379310344,-90],[-83.20366379310344,-90],[-82.20366379310344,-90],[-81.20366379310344,-90],[-80.20366379310344,-90],[-79.20366379310344,-90],[-78.20366379310344,-90],[-77.20366379310344,-90],[-76.20366379310344,-90],[-75.20366379310344,-90],[-74.20366379310344,-90],[-73.20366379310344,-90],[-72.20366379310344,-90],[-71.20366379310344,-90],[-70.20366379310344,-90],[-69.20366379310344,-90],[-68.20366379310344,-90],[-67.20366379310344,-90],[-66.20366379310344,-90],[-65.20366379310344,-90],[-64.20366379310344,-90],[-63.203663793103445,-90],[-62.203663793103445,-90],[-61.203663793103445,-90],[-60.203663793103445,-90],[-59.203663793103445,-90],[-58.203663793103445,-90],[-57.203663793103445,-90],[-56.203663793103445,-90],[-55.203663793103445,-90],[-54.203663793103445,-90],[-53.203663793103445,-90],[-52.203663793103445,-90],[-51.203663793103445,-90],[-50.203663793103445,-90],[-49.203663793103445,-90],[-48.203663793103445,-90],[-47.203663793103445,-90],[-46.203663793103445,-90],[-45.203663793103445,-90],[-44.203663793103445,-90],[-43.203663793103445,-90],[-42.203663793103445,-90],[-41.203663793103445,-90],[-40.203663793103445,-90],[-39.203663793103445,-90],[-38.203663793103445,-90],[-37.203663793103445,-90],[-36.203663793103445,-90],[-35.203663793103445,-90],[-34.203663793103445,-90],[-33.203663793103445,-90],[-32.203663793103445,-90],[-31.20366379310345,-90],[-30.20366379310345,-90],[-29.20366379310345,-90],[-28.20366379310345,-90],[-27.20366379310345,-90],[-26.20366379310345,-90],[-25.20366379310345,-90],[-24.20366379310345,-90],[-23.20366379310345,-90],[-22.20366379310345,-90],[-21.20366379310345,-90],[-20.20366379310345,-90],[-19.20366379310345,-90],[-18.20366379310345,-90],[-17.20366379310345,-90],[-16.20366379310345,-90],[-15.203663793103448,-90],[-14.203663793103448,-90],[-13.203663793103448,-90],[-12.203663793103448,-90],[-11.203663793103448,-90],[-10.203663793103448,-90],[-9.203663793103448,-90],[-8.203663793103448,-90],[-7.203663793103448,-90],[-6.203663793103448,-90],[-5.203663793103448,-90],[-4.203663793103448,-90],[-3.203663793103448,-90],[-2.203663793103448,-90],[-1.203663793103448,-90],[-0.203663793103448,-90],[0.778056177599677,-90],[1.778056177599677,-90],[2.778056177599677,-90],[3.778056177599677,-90],[4.778056177599677,-90],[5.778056177599677,-90],[6.778056177599677,-90],[7.778056177599677,-90],[8.778056177599677,-90],[9.778056177599677,-90],[10.778056177599677,-90],[11.778056177599677,-90],[12.778056177599677,-90],[13.778056177599677,-90],[14.778056177599677,-90],[15.778056177599677,-90],[16.778056177599677,-90],[17.778056177599677,-90],[18.778056177599677,-90],[19.778056177599677,-90],[20.778056177599677,-90],[21.778056177599677,-90],[22.778056177599677,-90],[23.778056177599677,-90],[24.778056177599677,-90],[25.778056177599677,-90],[26.778056177599677,-90],[27.778056177599677,-90],[28.778056177599677,-90],[29.778056177599677,-90],[30.778056177599677,-90],[31.778056177599677,-90],[32.77805617759968,-90],[33.77805617759968,-90],[34.77805617759968,-90],[35.77805617759968,-90],[36.77805617759968,-90],[37.77805617759968,-90],[38.77805617759968,-90],[39.77805617759968,-90],[40.77805617759968,-90],[41.77805617759968,-90],[42.77805617759968,-90],[43.77805617759968,-90],[44.77805617759968,-90],[45.77805617759968,-90],[46.77805617759968,-90],[47.77805617759968,-90],[48.77805617759968,-90],[49.77805617759968,-90],[50.77805617759968,-90],[51.77805617759968,-90],[52.77805617759968,-90],[53.77805617759968,-90],[54.77805617759968,-90],[55.77805617759968,-90],[56.77805617759968,-90],[57.77805617759968,-90],[58.77805617759968,-90],[59.77805617759968,-90],[60.77805617759968,-90],[61.77805617759968,-90],[62.77805617759968,-90],[63.77805617759968,-90],[64.77805617759968,-90],[65.77805617759968,-90],[66.77805617759968,-90],[67.77805617759968,-90],[68.77805617759968,-90],[69.77805617759968,-90],[70.77805617759968,-90],[71.77805617759968,-90],[72.77805617759968,-90],[73.77805617759968,-90],[74.77805617759968,-90],[75.77805617759968,-90],[76.77805617759968,-90],[77.77805617759968,-90],[78.77805617759968,-90],[79.77805617759968,-90],[80.77805617759968,-90],[81.77805617759968,-90],[82.77805617759968,-90],[83.77805617759968,-90],[84.77805617759968,-90],[85.77805617759968,-90],[86.77805617759968,-90],[87.77805617759968,-90],[88.77805617759968,-90],[89.77805617759968,-90],[89.79633620689656,-90],[90,-90],[91.77805617759968,-90],[92.77805617759968,-90],[93.77805617759968,-90],[94.77805617759968,-90],[95.77805617759968,-90],[96.77805617759968,-90],[97.77805617759968,-90],[98.77805617759968,-90],[99.77805617759968,-90],[100.77805617759968,-90],[101.77805617759968,-90],[102.77805617759968,-90],[103.77805617759968,-90],[104.77805617759968,-90],[105.77805617759968,-90],[106.77805617759968,-90],[107.77805617759968,-90],[108.77805617759968,-90],[109.77805617759968,-90],[110.77805617759968,-90],[111.77805617759968,-90],[112.77805617759968,-90],[113.77805617759968,-90],[114.77805617759968,-90],[115.77805617759968,-90],[116.77805617759968,-90],[117.77805617759968,-90],[118.77805617759968,-90],[119.77805617759968,-90],[120.77805617759968,-90],[121.77805617759968,-90],[122.77805617759968,-90],[123.77805617759968,-90],[124.77805617759968,-90],[125.77805617759968,-90],[126.77805617759968,-90],[127.77805617759968,-90],[128.77805617759967,-90],[129.77805617759967,-90],[130.77805617759967,-90],[131.77805617759967,-90],[132.77805617759967,-90],[133.77805617759967,-90],[134.77805617759967,-90],[135.77805617759967,-90],[136.77805617759967,-90],[137.77805617759967,-90],[138.77805617759967,-90],[139.77805617759967,-90],[140.77805617759967,-90],[141.77805617759967,-90],[142.77805617759967,-90],[143.77805617759967,-90],[144.77805617759967,-90],[145.77805617759967,-90],[146.77805617759967,-90],[147.77805617759967,-90],[148.77805617759967,-90],[149.77805617759967,-90],[150.77805617759967,-90],[151.77805617759967,-90],[152.77805617759967,-90],[153.77805617759967,-90],[154.77805617759967,-90],[155.77805617759967,-90],[156.77805617759967,-90],[157.77805617759967,-90],[158.77805617759967,-90],[159.77805617759967,-90],[160.77805617759967,-90],[161.77805617759967,-90],[162.77805617759967,-90],[163.77805617759967,-90],[164.77805617759967,-90],[165.77805617759967,-90],[166.77805617759967,-90],[167.77805617759967,-90],[168.77805617759967,-90],[169.77805617759967,-90],[170.77805617759967,-90],[171.77805617759967,-90],[172.77805617759967,-90],[173.77805617759967,-90],[174.77805617759967,-90],[175.77805617759967,-90],[176.77805617759967,-90],[177.77805617759967,-90],[178.77805617759967,-90],[180,-90],[180,-89.31921807650862],[180,-88.31921807650862],[180,-87.31921807650862],[180,-86.31921807650862],[180,-85.31921807650862],[180,-84.34037438754378],[169.76938918541217,-83.41788903598128]]]]},"properties":{"NAME":null,"SUBJECTO":null,"PARTOF":null}},
{"type":"Feature","geometry":{"type":"MultiPolygon","coordinates":[[[[140.86977675865435,-2.794752515595533],[137.85431960533404,-1.613961375992872],[136.2708845467403,-2.418122447770216],[135.24643996666217,-3.538871921341993],[134.28306106041217,-2.854586995881178],[133.9073133797481,-1.006078935902693],[132.25400832603717,-0.52669767264662],[131.21142104576373,-1.024637974541761],[132.7187147469356,-2.934237636368849],[132.71282485435748,-3.887547172349073],[134.04062941978717,-3.948230661194899],[137.82358840416217,-5.427235997956373],[139.1561384529903,-7.725116647523024],[140.94761184166217,-9.273864187043287],[142.60740188072467,-9.376576818268873],[144.37983230064654,-7.758321679871656],[145.81963637779498,-8.098442472260572],[146.64609816978717,-9.278875745576002],[147.8736219734981,-10.178817189972975],[149.78336623619342,-10.40988961581526],[149.82990554283404,-9.710580266755201],[148.5887098641231,-9.160280622284986],[146.9091444344356,-6.894825376313307],[147.37649062584185,-6.124768174927809],[143.44550612877154,-3.610096133988478],[140.86977675865435,-2.794752515595533]]],[[[149.5541639656856,-6.406063951294996],[152.0586805672481,-5.498135484498121],[151.58762649009967,-4.901724733155348],[149.5541639656856,-6.406063951294996]]],[[[120.43191054771687,0.636000238615892],[119.91373732994343,0.539560459811113],[118.6836042733028,-2.901070750992872],[119.46113112877156,-3.808197892945387],[119.4768400521114,-5.80376807574568],[120.24806502769734,-5.586007512848951],[120.14419082115437,-3.075864232819654],[121.87277511070515,-4.959664739411451],[122.64091018150593,-4.284319795411207],[122.25816634605671,-3.211096681397535],[119.87274459312702,-0.464555866759397],[120.43191054771687,0.636000238615892]]]]},"properties":{"NAME":null,"SUBJECTO":null,"PARTOF":null}},
{"type":"Feature","geometry":{"type":"Polygon","coordinates":[[[13.252219233019598,79.8007312643117],[11.760330233080634,78.88018377896013],[15.098876032336005,77.11526831265154],[19.115822824938544,78.45454748745622],[17.83405402611042,79.80945166226091],[13.252219233019598,79.8007312643117]]]},"properties":{"NAME":null,"SUBJECTO":null,"PARTOF":null}},
{"type":"Feature","geometry":{"type":"Polygon","coordinates":[[[80.5628996224239,5.931666456419848],[81.86616805504109,7.08456143017473],[80.66241744468952,9.299456201750658],[79.67463210533406,8.80493029232683],[79.85409072349812,7.061153494078539],[80.5628996224239,5.931666456419848]]]},"properties":{"NAME":"Simhala","SUBJECTO":"Simhala","PARTOF":"Simhala"}},
{"type":"Feature","geometry":{"type":"Polygon","coordinates":[[[-100.49357439234822,20.899943654742394],[-101.0087803932503,20.277238962171722],[-100.75496856910725,19.588321153783404],[-99.90892915529703,19.026980717318846],[-99.14153364950319,18.923884107507348],[-98.62151797917818,19.206178328540922],[-98.48284713375817,19.802132795167363],[-99.10686593814819,20.58628340914953],[-100.49357439234822,20.899943654742394]]]},"properties":{"NAME":"Teotihuacán","SUBJECTO":"Teotihuacán","PARTOF":"Teotihuacán"}},
{"type":"Feature","geometry":{"type":"Polygon","coordinates":[[[-99.21086907221319,17.71051421008232],[-99.17620136085819,17.29450167382231],[-99.01583000809292,16.823658789314106],[-97.68548977259314,16.393141178592288],[-96.43745216381312,16.219802621817283],[-95.50142395722808,16.53181202401229],[-95.43208853451809,17.433172519242312],[-96.18788807099754,17.879781336252893],[-97.06147096820312,18.057191323632324],[-99.21086907221319,17.71051421008232]]]},"properties":{"NAME":"Monte Albán","SUBJECTO":"Monte Albán","PARTOF":"Monte Albán"}},
{"type":"Feature","geometry":{"type":"Polygon","coordinates":[[[-87.57061478187298,15.908048235136889],[-88.66434189368938,15.725766740996264],[-87.87709518958782,18.380864702422045],[-87.20057388831829,21.528873048979662],[-88.33372208167766,21.59004171963396],[-90.5588044791386,20.991174303252123],[-90.93481155921673,19.38150557156267],[-92.93793796133433,18.586177051054726],[-93.14401958508803,16.9824922716273],[-93.58785745357416,15.741059799706633],[-93.33048721839641,15.534199320036791],[-92.90052506019329,15.191875063139818],[-92.47207352210735,14.792342745024584],[-91.2420320182011,13.951556764799975],[-90,13.752979928891033],[-88.24292813890945,14.835837236778428],[-87.57061478187298,15.908048235136889]]]},"properties":{"NAME":"Maya chiefdoms and states","SUBJECTO":"Maya chiefdoms and states","PARTOF":"Maya chiefdoms and states"}},
{"type":"Feature","geometry":{"type":"Polygon","coordinates":[[[-58.13945099403118,48.59906729336443],[-56.0789460807011,47.865218721587084],[-52.72859665443157,47.45452459927263],[-54.12957855750774,48.83571585293474],[-57.35559937049602,50.59522970791521],[-58.13945099403118,48.59906729336443]]]},"properties":{"NAME":null,"SUBJECTO":null,"PARTOF":null}},
{"type":"Feature","geometry":{"type":"Polygon","coordinates":[[[56.96043685386921,73.35708960171404],[60.88701919029499,75.24749334927263],[59.01763060997273,75.79893072720232],[54.01755050133015,73.73358496304216],[56.96043685386921,73.35708960171404]]]},"properties":{"NAME":null,"SUBJECTO":null,"PARTOF":null}},
{"type":"Feature","geometry":{"type":"Polygon","coordinates":[[[33.3453212836059,23.354044941297275],[32.605258271617856,22.815817296215066],[31.0578537920065,22.68126038494451],[29.846841590571525,20.124679070804007],[30.267855513278224,15.536480721828159],[31.0578537920065,13.127719684735261],[32.87901205431842,12.47057777574944],[35.3839999529645,12.80434544575118],[35.717828472491675,13.221631095160145],[35.829265993318884,14.223975271975577],[35.969181053381675,15.482465631969934],[35.22911804139363,18.509996135557373],[34.55125236699957,20.183338169133883],[34.52779006636866,20.17476127448868],[33.345321283718846,23.354044941061307],[33.3453212836059,23.354044941297275]]]},"properties":{"NAME":"Meroe","SUBJECTO":"Meroe","PARTOF":"Meroe"}},
{"type":"Feature","geometry":{"type":"Polygon","coordinates":[[[8.576292070849188,3.066532455641649],[8.827178987963446,3.611938320357226],[8.478118929369696,3.557397686201952],[8.576292070849188,3.066532455641649]]]},"properties":{"NAME":null,"SUBJECTO":null,"PARTOF":null}},
{"type":"Feature","geometry":{"type":"MultiPolygon","coordinates":[[[[130.5793104500606,30.906545244414232],[131.31928542564654,31.51120527859392],[131.66982558677935,33.308532320219896],[130.42656997154498,33.67417105313005],[129.34337905357623,33.15138968105974],[130.5793104500606,30.906545244414232]]],[[[136.61693862388873,34.759601198393725],[138.1490583748653,34.5278812276906],[140.3166151375606,35.03381689663591],[140.87221816490435,37.91744955654802],[141.99811843345904,39.671989046294115],[141.1525526375606,40.865417085844896],[139.91515639732623,40.57495459194841],[140.03008559654498,39.48317679043474],[139.19793227623248,37.92043264980974],[135.15697768638873,35.646468721587084],[132.6628523201778,35.38062628384294],[130.89904311607623,33.90366705532732],[134.42731765220904,34.62817724819841],[135.75567153404498,33.34231527920427],[136.61693862388873,34.759601198393725]]]]},"properties":{"NAME":null,"SUBJECTO":null,"PARTOF":null}},
{"type":"Feature","geometry":{"type":"Polygon","coordinates":[[[-90,13.752979928891033],[-87.94866653968548,13.171761118132494],[-86.01414200355266,11.367618166167162],[-85.77779099036907,10.138352953154467],[-83.61494156409954,9.151563249785326],[-82.95613571693157,8.256755434233568],[-81.6642732291386,8.16464766140642],[-80.81377121497844,7.270063482481859],[-79.71689316322063,8.883091531950853],[-78.50551315833782,8.685937486845873],[-78.54664449118769,8.746009004013658],[-79.50042435218548,9.638376795012377],[-80.96249863197063,8.864939295012377],[-82.22958847572063,9.046509348112963],[-83.91412827064251,11.251382433134935],[-83.31351944495891,14.767507158476732],[-84.65045639564251,15.933375917632006],[-87.57061478187298,15.908048235136889],[-88.24292813890945,14.835837236778428],[-90,13.752979928891033]]]},"properties":{"NAME":null,"SUBJECTO":null,"PARTOF":null}},
{"type":"Feature","geometry":{"type":"Polygon","coordinates":[[[7.913174662096747,36.77524908657732],[1.057602915270575,36.46185644741716],[-1.329105701939813,35.48890646572771],[-1.126940078052201,32.19300357745211],[8.632667566486717,34.02654754951954],[7.913174662096747,36.77524908657732]]]},"properties":{"NAME":"Numidia","SUBJECTO":"Numidia","PARTOF":"Numidia"}},
{"type":"Feature","geometry":{"type":"Polygon","coordinates":[[[41.68046859215046,41.79333838101091],[40.36101439903523,40.96344336147966],[36.38289550255085,41.23751791592302],[33.55554107139851,41.982501589018725],[30.744805368883856,41.04032477017107],[29.161208185656317,41.21636541958513],[28.477719339831122,40.39510305996599],[29.999798537488612,39.527580054998275],[31.60814039222628,39.393551567103465],[32.94842527117433,37.38312424868139],[37.00895234043534,37.49249149480356],[39.27422361542298,38.21902546814628],[41.40079783177232,38.453207696033516],[43.39085282003438,39.34530131146134],[44.69468195027504,36.66902046517788],[46.20437883792212,36.39453012196931],[47.91994348297564,36.600397879375734],[50.9393372582698,36.188662364562894],[51.41704085777546,36.45569189663591],[48.837229761584055,37.51097448940935],[49.66902068565632,40.24031027432146],[47.010944447102005,41.3930647837069],[44.78911692620956,41.75014420670747],[41.68046859215046,41.79333838101091]]]},"properties":{"NAME":"minor states","SUBJECTO":"minor states","PARTOF":"minor states"}},
{"type":"Feature","geometry":{"type":"Polygon","coordinates":[[[61.164102542788726,37.69835925221],[58.21333135329667,39.00218838245064],[56.84087963725386,39.139433554054925],[56.017408607628184,38.04147218122068],[53.98521712730671,37.517726503569506],[54.06743911216999,36.94152411099138],[54.919447234793935,31.5909491158195],[57.5957280810774,30.97334584360024],[60.6151218563716,31.31645877261095],[61.301347714393,32.82615566025804],[60.340631513163046,35.982794607156485],[61.164102542788726,37.69835925221]]]},"properties":{"NAME":"Parthia","SUBJECTO":"Parthia","PARTOF":"Parthia"}},
{"type":"Feature","geometry":{"type":"Polygon","coordinates":[[[37.21826842735554,25.166631303984545],[39.150966551977774,26.246866086032853],[36.80587587990826,30.316586303487384],[35.771098633933235,31.639616172219235],[35.087519937975415,30.42436515718311],[32.81360534141804,29.477700792509935],[34.0580053658321,27.79031332607927],[34.88559249351765,28.357480608183764],[37.21826842735554,25.166631303984545]]]},"properties":{"NAME":"Nabatean Kingdom","SUBJECTO":"Nabatean Kingdom","PARTOF":"Nabatean Kingdom"}},
{"type":"Feature","geometry":{"type":"Polygon","coordinates":[[[42.206519159777415,17.514735780913256],[43.794690438823835,18.659795065914338],[42.33780954984543,20.716350983676485],[39.150966551977774,26.246866086032853],[37.21826842735554,25.166631303984545],[39.1021948189571,22.400445543486498],[39.16673949669148,21.218801103789232],[40.69382003258015,19.868707262236498],[42.206519159777415,17.514735780913256]]]},"properties":{"NAME":"Maan","SUBJECTO":"Maan","PARTOF":"Maan"}},
{"type":"Feature","geometry":{"type":"Polygon","coordinates":[[[43.05326369713093,14.60650786038103],[44.69468195027504,15.53326403811869],[45.43285726632067,17.774790940407147],[43.794690438823835,18.659795065914338],[42.206519159777415,17.514735780913256],[42.76366332481648,16.64545591946306],[43.05326369713093,14.60650786038103]]]},"properties":{"NAME":"Saba","SUBJECTO":"Saba","PARTOF":"Saba"}},
{"type":"Feature","geometry":{"type":"Polygon","coordinates":[[[49.71286300133015,14.773288332182787],[48.99728849540267,17.60657485679373],[47.70150620905419,17.425768026140453],[45.43285726632067,17.774790940407147],[44.69468195027504,15.53326403811869],[43.05326369713093,14.60650786038103],[43.84059050987507,12.663913332182787],[44.963572535021555,12.825172029692553],[48.96038726280476,14.21889742489519],[49.71286300133015,14.773288332182787]]]},"properties":{"NAME":"Qataban","SUBJECTO":"Qataban","PARTOF":"Qataban"}},
{"type":"Feature","geometry":{"type":"Polygon","coordinates":[[[47.61403945396687,29.272241197783373],[41.94977851818943,32.20855238803876],[41.05768490276161,32.89477824606016],[37.21482009784175,32.68891048865375],[35.771098633933235,31.639616172219235],[36.80587587990826,30.316586303487384],[39.150966551977774,26.246866086032853],[42.33780954984543,20.716350983676485],[43.794690438823835,18.659795065914338],[45.43285726632067,17.774790940407147],[47.70150620905419,17.425768026140453],[48.99728849540267,17.60657485679373],[53.61561810455328,18.140922298600017],[55.290408167345774,17.676099382597826],[57.83862975548054,19.03480681057634],[59.837283167345774,22.279178224760912],[58.62849334190632,23.4582954275197],[57.146197351916086,23.9824710714406],[56.01545623253132,25.771625124174975],[54.34709838341023,24.154452882964037],[51.58590224693562,24.003221117216967],[50.77828124473835,24.47092970486345],[49.93686202476765,25.955783449370287],[50.12176421592976,26.737586580473803],[48.85502150963093,27.522691332060717],[47.61403945396687,29.272241197783373]]]},"properties":{"NAME":null,"SUBJECTO":null,"PARTOF":null}},
{"type":"Feature","geometry":{"type":"Polygon","coordinates":[[[49.71286300133015,14.773288332182787],[52.135169062121165,15.687059961516283],[52.894324335558665,16.60995253201189],[54.91061309288288,16.97005995388689],[55.290408167345774,17.676099382597826],[53.61561810455328,18.140922298600017],[48.99728849540267,17.60657485679373],[49.71286300133015,14.773288332182787]]]},"properties":{"NAME":"Hadramaut","SUBJECTO":"Hadramaut","PARTOF":"Hadramaut"}},
{"type":"Feature","geometry":{"type":"Polygon","coordinates":[[[74.42143634905956,14.375454284217641],[75.21094039390827,12.10236796017351],[76.70353225181843,8.706356607634447],[77.89976027916218,8.257814966399096],[79.82626632164265,10.358728014189623],[79.92280868004109,12.10616263027849],[77.90801347851091,11.964889576407401],[76.8786746914788,11.34728630418814],[75.64346814704028,13.543209049856628],[74.42143634905956,14.375454284217641]]]},"properties":{"NAME":"Hindu kingdoms","SUBJECTO":"Hindu kingdoms","PARTOF":"Hindu kingdoms"}},
{"type":"Feature","geometry":{"type":"Polygon","coordinates":[[[72.68463852423152,22.025076633240563],[73.06422713707234,18.031716905791185],[73.84143355797077,15.390475832182787],[74.42143634905956,14.375454284217641],[75.64346814704028,13.543209049856628],[76.8786746914788,11.34728630418814],[77.90801347851091,11.964889576407401],[79.92280868004109,12.10616263027849],[80.31345656822468,13.104481302458666],[80.08940413902546,15.175155245024584],[81.36909774254109,16.34686430569353],[86.11916640709187,19.806542955595873],[87.64071944664265,21.563081346709154],[90,21.93025358792009],[91.57107070396687,22.543313585478685],[93.42350797799124,25.017016411441066],[93.77253089225793,26.500363797074517],[93.07448506372454,26.849386711341214],[89.75876737819094,25.976829425674474],[86.18128250695732,26.41310806850785],[83.24472307510071,27.38877756752422],[80.662269117915,28.449562281241526],[79.83155601319369,26.693471408782628],[72.68463852423152,22.025076633240563]],[[83.52235762802674,23.630729162771246],[85.13880076025494,23.013125890551983],[86.48583670377845,21.434806417102756],[84.97613981613137,20.679957973279215],[81.33914276861793,17.18020609737006],[80.24118139578368,17.386073854776484],[79.48633295196014,18.209544884402167],[79.84045938239584,19.170261085632127],[81.81611209956365,21.091693488092055],[81.72630970332875,22.60139037573914],[82.17532168450325,23.356238819562684],[83.52235762802674,23.630729162771246]]]},"properties":{"NAME":"Mauryan Empire","SUBJECTO":"Mauryan Empire","PARTOF":"Mauryan Empire"}},
{"type":"Feature","geometry":{"type":"Polygon","coordinates":[[[83.52235762802674,23.630729162771246],[82.17532168450325,23.356238819562684],[81.72630970332875,22.60139037573914],[81.81611209956365,21.091693488092055],[79.84045938239584,19.170261085632127],[79.48633295196014,18.209544884402167],[80.24118139578368,17.386073854776484],[81.33914276861793,17.18020609737006],[84.97613981613137,20.679957973279215],[86.48583670377845,21.434806417102756],[85.13880076025494,23.013125890551983],[83.52235762802674,23.630729162771246]]]},"properties":{"NAME":null,"SUBJECTO":null,"PARTOF":null}},
{"type":"Feature","geometry":{"type":"Polygon","coordinates":[[[113.49564046373423,22.742454018181043],[116.34061721275593,22.91333159084978],[118.81294539879109,24.8494144308156],[119.42860701988484,25.650926195341967],[116.54252928511586,27.74808431089966],[114.8955872258645,25.895274494241875],[113.57795827078994,22.927841973387793],[113.49564046373423,22.742454018181043]]]},"properties":{"NAME":"Min-Yue","SUBJECTO":"Min-Yue","PARTOF":"Min-Yue"}},
{"type":"Feature","geometry":{"type":"MultiPolygon","coordinates":[[[[109.42965224693562,18.096622072417162],[110.26251510093952,18.62562712307634],[110.61735061119343,20.017461382109545],[108.57689956138874,19.187371813017748],[109.42965224693562,18.096622072417162]]],[[[113.57795827078994,22.927841973387793],[111.25738260457786,22.838690924405995],[106.86674468701409,22.670012961541282],[104.94531228455416,22.05240968932202],[104.73944452714774,20.542712801674934],[105.84338668297077,19.70240934963884],[106.8070402474239,20.905006014067553],[107.90002730797077,21.47900541897478],[110.07721999595906,20.867482744414232],[111.08559707115437,21.479402147490404],[112.7495222420528,21.756068788725756],[113.49564046373423,22.742454018181043],[113.57795827078994,22.927841973387793]]]]},"properties":{"NAME":"Nan-Yue","SUBJECTO":"Nan-Yue","PARTOF":"Nan-Yue"}},
{"type":"Feature","geometry":{"type":"Polygon","coordinates":[[[106.04327365738834,37.561114080605726],[104.73944452714774,36.60039787937575],[103.62026602801377,34.038722648024674],[101.65142816605145,29.532271541755307],[102.13178626666642,28.02257465410822],[105.08255745615845,28.02257465410822],[108.17057381725476,27.54221655349324],[109.61164811909971,26.581500352263276],[110.84685466353822,24.865935707209772],[111.25738260457786,22.838690924405995],[113.57795827078994,22.927841973387793],[114.8955872258645,25.895274494241875],[116.54252928511586,27.74808431089966],[119.42860701988484,25.650926195341967],[119.55488875816609,26.26721342678728],[121.35852340172077,28.3856635915822],[121.77031997154499,29.834281526762865],[121.60595992515827,31.827626787382982],[120.66086104820515,32.543117128569506],[119.97359755943562,34.13522299404802],[119.02086165855671,34.6919322835988],[120.13933852623249,36.19480093594255],[121.84669784019734,36.86017569180193],[120.6581144661739,37.73646505947771],[119.59885695884968,37.11661871548357],[117.58946517418171,38.28448065396013],[121.01060775230671,40.85068091030779],[122.10791305015827,40.35372122402849],[122.02749160240437,39.25575979824724],[124.10407546470906,39.884784303862475],[123.74790079434061,41.678469228734116],[122.5002112412945,41.80957478065288],[118.54617157614459,41.425023135815586],[114.53997681919127,41.55573025125929],[113.31781409119286,41.59560483910907],[111.50288470624385,41.81936325643155],[109.0829788596452,42.11770781286152],[107.20985761602479,41.74709181453627],[106.79812210121196,39.13943355405494],[106.04327365738841,37.56111408060572],[106.0432736573884,37.56111408060572],[106.0432736573884,37.561114080605705],[106.04327365738834,37.561114080605726]]]},"properties":{"NAME":"Han Empire","SUBJECTO":"Han Empire","PARTOF":"Han Empire"}},
{"type":"Feature","geometry":{"type":"MultiPolygon","coordinates":[[[[99.85836318443562,2.904411159712694],[98.14550307701374,4.069854341704271],[97.38407424400593,5.180140577513598],[95.5609236092403,4.534462534148119],[96.72036269615437,3.704589210707567],[97.59714797447468,2.251384102064989],[98.60055068443562,1.707089506346605],[100.81207564781452,-2.336048044007399],[102.46222976158406,-4.181821740906813],[104.56848433922077,-6.071165479462721],[105.72847274254109,-5.827141679566481],[105.94282058189656,-3.214655078690626],[103.23762038658406,-0.659467495720961],[102.47178176353718,0.622509859759234],[99.85836318443562,2.904411159712694]]],[[[110.96831038902546,1.225523196417711],[109.28236678550984,1.882722817618273],[108.81431106041218,0.807816826064013],[109.17891982506062,-0.869010366242506],[109.94090560386921,-1.642648614686109],[110.1023054451778,-3.078540958207228],[112.79538253258015,-2.971020854752638],[114.7124128670528,-4.206153310578443],[115.56814101646687,-3.803909934800245],[117.04563430259968,-0.934580959122755],[117.53428939293171,0.610662959772966],[118.51726058433796,1.165625892836474],[117.07397750328327,3.507199846465014],[119.04260543297077,5.169805132109545],[116.59562972496296,6.899092756468676],[114.87784865806843,4.855816923338793],[113.81483748863484,4.262612425047777],[112.75924972008015,3.008589826781176],[111.37182906578327,2.598927341658495],[110.96831038902546,1.225523196417711]]],[[[112.67842391441609,-7.718775666993238],[112.2747907967403,-7.026889718812086],[108.55577376793171,-6.920526422303297],[106.94509414146687,-6.0259837282115],[105.63347152183796,-6.755237497132399],[106.48369887779499,-7.503360189240553],[109.03720382164265,-7.720286763947584],[110.77773574302937,-8.320307172577955],[112.41435531090046,-8.488374151032545],[112.67842391441609,-7.718775666993238]]]]},"properties":{"NAME":null,"SUBJECTO":null,"PARTOF":null}},
{"type":"Feature","geometry":{"type":"Polygon","coordinates":[[[37.774050745470774,44.74454077358904],[39.24776420223017,45.96094747394891],[40.31999210538861,48.23943176816061],[37.77345083538732,48.64151723184502],[35.21237472008015,46.63714178677263],[37.970171961291086,46.441283785063646],[37.774050745470774,44.74454077358904]]]},"properties":{"NAME":"Bosporan Kingdom","SUBJECTO":"Bosporan Kingdom","PARTOF":"Bosporan Kingdom"}},
{"type":"Feature","geometry":{"type":"Polygon","coordinates":[[[5.039144466746651,43.3315203113432],[5.828570398791083,43.02081640835466],[6.836312687584829,43.383292003662866],[5.039144466746651,43.3315203113432]]]},"properties":{"NAME":null,"SUBJECTO":null,"PARTOF":null}},
{"type":"Feature","geometry":{"type":"Polygon","coordinates":[[[-1.329105701939813,35.48890646572771],[-2.035251822964899,35.05456884976091],[-4.59297749091839,35.15118750210466],[-5.928758588330499,35.72785910244646],[-7.004007783429376,33.874984346587084],[-9.21868607093548,32.5803600179738],[-9.625043836133234,30.406100832182787],[-4.177465875686691,31.619899269204772],[-1.126940078052201,32.19300357745211],[-1.329105701939813,35.48890646572771]]]},"properties":{"NAME":"Mauretania","SUBJECTO":"Mauretania","PARTOF":"Mauretania"}},
{"type":"Feature","geometry":{"type":"Polygon","coordinates":[[[35.771098633933235,31.639616172219235],[36.39134906821609,33.581004104081565],[35.82100585411335,34.343776308257006],[34.50065902183796,31.621099077422045],[33.557601007921946,30.967715822417162],[30.995955500109442,31.468850694853685],[29.248847040636786,30.753661714751146],[23.153338465197333,32.138812624174975],[21.673419031603583,32.8155895101613],[20.365721735461005,32.29824026699724],[20.11676886986042,30.957103334624193],[22.092117751695117,31.753927757099575],[25.44282994906524,30.681699853941133],[25.454770481600722,28.97753921542222],[28.406155989341126,27.743383003939627],[31.206054928541864,24.248332434990488],[31.0578537920065,22.68126038494451],[32.605258271617856,22.815817296215066],[33.3453212836059,23.354044941297275],[33.69008329238944,23.54952842916048],[33.657230668213316,24.017988632918694],[35.18986419067511,24.399919114787224],[35.189864191515696,24.39991911526384],[32.64934447716023,28.765781007964037],[32.81360534141804,29.477700792509935],[35.087519937975415,30.42436515718311],[35.771098633933235,31.639616172219235]]]},"properties":{"NAME":"Ptolemaic Kingdom","SUBJECTO":"Ptolemaic Kingdom","PARTOF":"Ptolemaic Kingdom"}},
{"type":"Feature","geometry":{"type":"Polygon","coordinates":[[[-14.50982440309849,28.050049749026638],[-13.880964773397412,28.19936673357924],[-14.147020770578637,28.391039461179965],[-14.50982440309849,28.050049749026638]]]},"properties":{"NAME":"Guanches","SUBJECTO":"Guanches","PARTOF":"Guanches"}},
{"type":"Feature","geometry":{"type":"Polygon","coordinates":[[[-68.195282,12.221109],[-68.363892,12.305277],[-68.285278,12.102221],[-68.195282,12.221109]]]},"properties":{"NAME":null,"SUBJECTO":null,"PARTOF":null}},
{"type":"Feature","geometry":{"type":"Polygon","coordinates":[[[-61.668892,17.084999],[-61.794449,17.16333],[-61.887222,17.033054000000106],[-61.73806,16.989719],[-61.668892,17.084999]]]},"properties":{"NAME":null,"SUBJECTO":null,"PARTOF":null}},
{"type":"Feature","geometry":{"type":"Polygon","coordinates":[[[-68.965561,12.198889],[-69.077789,12.34861],[-69.15834,12.311388],[-69.0625,12.188332000000116],[-68.83223,12.049444000000108],[-68.824173,12.160276000000124],[-68.965561,12.198889]]]},"properties":{"NAME":null,"SUBJECTO":null,"PARTOF":null}},
{"type":"Feature","geometry":{"type":"Polygon","coordinates":[[[-61.599724,12.186666000000116],[-61.724724,12.172222],[-61.789726,12.009165],[-61.642502,12.034166],[-61.599724,12.186666000000116]]]},"properties":{"NAME":null,"SUBJECTO":null,"PARTOF":null}},
{"type":"Feature","geometry":{"type":"Polygon","coordinates":[[[-62.171394,16.671387],[-62.137505,16.692776],[-62.176392,16.808609],[-62.236671,16.711941],[-62.171394,16.671387]]]},"properties":{"NAME":null,"SUBJECTO":null,"PARTOF":null}},
{"type":"Feature","geometry":{"type":"Polygon","coordinates":[[[-62.541389,17.176941],[-62.610001,17.191109],[-62.610558,17.095276],[-62.538612,17.108608000000117],[-62.541389,17.176941]]]},"properties":{"NAME":null,"SUBJECTO":null,"PARTOF":null}},
{"type":"Feature","geometry":{"type":"Polygon","coordinates":[[[-62.692505,17.278332],[-62.730003,17.365276],[-62.812782,17.409443000000124],[-62.863892,17.370831000000123],[-62.778336,17.292221],[-62.692505,17.278332]]]},"properties":{"NAME":null,"SUBJECTO":null,"PARTOF":null}},
{"type":"Feature","geometry":{"type":"Polygon","coordinates":[[[-61.085838,16.304722],[-61.037224,16.311108],[-60.990837,16.340832],[-61.015282,16.350277],[-61.085838,16.304722]]]},"properties":{"NAME":null,"SUBJECTO":null,"PARTOF":null}},
{"type":"Feature","geometry":{"type":"Polygon","coordinates":[[[-62.971947,17.458054],[-62.942505,17.493610000000103],[-62.98583999999988,17.519722],[-62.997505,17.494164000000126],[-62.971947,17.458054]]]},"properties":{"NAME":null,"SUBJECTO":null,"PARTOF":null}},
{"type":"Feature","geometry":{"type":"MultiPolygon","coordinates":[[[[-7.427515473859064,55.06380423184099],[-9.890640225903741,52.19443091030779],[-9.81910988380169,51.434554659087084],[-6.40597101737713,52.21443899746599],[-6.018187966840021,55.093001924712084],[-7.427515473859064,55.06380423184099]]],[[[-0.203663793103448,53.52328451748552],[-2.74213143874859,55.95718725796404],[-2.150362935559503,57.571979128081225],[-5.76296564628338,57.619777284819506],[-5.633057561413995,55.93986090298357],[-3.5766758589909,54.924483858305834],[-2.914475408093683,53.267142854887865],[-4.317542043225519,53.09120901699724],[-3.521466937558404,50.617431246001146],[0.191810223562964,50.73128470059099],[1.691691669924506,52.311420046049975],[-0.203663793103448,53.52328451748552]]]]},"properties":{"NAME":"Celts","SUBJECTO":"Celts","PARTOF":"Celts"}},
{"type":"Feature","geometry":{"type":"Polygon","coordinates":[[[34.039375817680515,36.32607173203748],[35.70863250206257,36.21223410244646],[35.82100585411335,34.343776308257006],[36.39134906821609,33.581004104081565],[35.771098633933235,31.639616172219235],[37.21482009784175,32.68891048865375],[41.05768490276161,32.89477824606016],[41.94977851818943,32.20855238803876],[47.61403945396687,29.272241197783373],[47.911360773546946,29.890292726714037],[50.13237288902546,30.06642874355974],[51.350134882433665,28.03613432522478],[52.89083388756062,27.05232390042009],[54.64605620811726,26.39131888027849],[56.79043105552937,26.97391279812517],[57.254771265490305,25.793286882597826],[58.74442580650593,25.535960756499193],[58.419199110703076,27.74808431089965],[60.340631513163004,27.885329482503927],[60.203386341558726,29.806761884963855],[60.6151218563716,31.31645877261095],[57.5957280810774,30.97334584360024],[54.919447234793935,31.5909491158195],[54.06743911216999,36.94152411099138],[51.41704085777546,36.45569189663591],[50.9393372582698,36.188662364562894],[47.91994348297564,36.600397879375734],[46.20437883792212,36.39453012196931],[44.69468195027504,36.66902046517788],[43.39085282003438,39.34530131146134],[41.40079783177232,38.453207696033516],[39.27422361542298,38.21902546814628],[37.00895234043534,37.49249149480356],[32.94842527117433,37.38312424868139],[31.37069037864948,36.71234472866716],[32.0946340836022,36.332922015996054],[34.039375817680515,36.32607173203748]]]},"properties":{"NAME":"Seleucid Kingdom","SUBJECTO":"Seleucid Kingdom","PARTOF":"Seleucid Kingdom"}},
{"type":"Feature","geometry":{"type":"Polygon","coordinates":[[[27.488671238468942,37.24235324715889],[28.62737154582988,36.64519332928271],[28.240015073450856,37.42678364184238],[27.488671238468942,37.24235324715889]]]},"properties":{"NAME":null,"SUBJECTO":null,"PARTOF":null}},
{"type":"Feature","geometry":{"type":"Polygon","coordinates":[[[28.62737154582988,36.64519332928271],[30.472832712633856,36.18825491543474],[31.37069037864948,36.71234472866716],[32.94842527117433,37.38312424868139],[31.60814039222628,39.393551567103465],[29.999798537488612,39.527580054998275],[28.477719339831122,40.39510305996599],[26.76528266380573,40.37694128628435],[26.707943949206122,39.182128511626146],[27.488671238468942,37.24235324715889],[28.240015073450856,37.42678364184238],[28.62737154582988,36.64519332928271]]]},"properties":{"NAME":"Roman Republic","SUBJECTO":"Roman Republic","PARTOF":"Roman Republic"}},
{"type":"Feature","geometry":{"type":"MultiPolygon","coordinates":[[[[7.073113245980859,43.53564799189147],[4.689751640066083,44.05266905095658],[4.276876324943284,45.056597085714245],[2.122506808271261,42.395157984576144],[-1.362867629895785,42.208149812894376],[-1.727667675640657,41.81332241611033],[-8.82634856489826,41.86756206109127],[-8.694069829480402,40.992171846587084],[-9.549007382886163,38.77451666470232],[-8.667059865491144,37.12144049282732],[-6.6321539549992,37.02175100918474],[-5.660587277905694,36.00800665493669],[-4.446585622327081,36.72201880093279],[-2.238797393338434,36.72839697476091],[0.172570082648047,38.73834570522966],[-0.394848433034173,39.43445929165544],[0.879201921923407,41.02173575039568],[3.128878864748724,41.8572269308156],[3.001891169054755,42.77080877896013],[5.039144466746651,43.3315203113432],[6.836312687584829,43.383292003662866],[7.073113245980859,43.53564799189147]]],[[[10.956539186938056,33.575057588774584],[10.019480738146552,34.081473909575365],[11.125108751757391,35.24060782070818],[10.132734331591376,37.10474737759294],[7.913174662096747,36.77524908657732],[8.632667566486717,34.02654754951954],[9.833860788435814,32.917753806181906],[10.956539186938056,33.575057588774584]]],[[[7.297616514666327,43.66730078335466],[8.89658549736286,44.437186800200365],[9.909300837023505,44.11047705288591],[10.7427559227779,42.850509248930834],[12.641516718371161,41.53109701748552],[15.666200670702704,40.09186133022966],[17.084080728991278,40.525111757475756],[14.092769655688056,42.60952719326677],[12.345076593859442,44.30104025479021],[12.176189455492743,45.21429022427263],[13.673180613024481,45.71450766201677],[13.782351502217196,46.76511840131776],[10.967753256426288,46.89914688921255],[10.029553841162652,46.49706142552814],[7.348984083266551,46.49706142552814],[6.81287013168733,45.82691898605412],[7.297616514666327,43.66730078335466]]],[[[19.606965097887763,41.76153906460466],[19.369067224962958,40.260280214507006],[21.22843078087116,37.904906831938646],[22.638745340807684,37.49228628750505],[23.555766138537177,38.351764284331225],[22.602265390856513,40.39723929043474],[27.932183298571356,40.95754965420427],[26.80461100573426,41.34189109787411],[26.73869027409843,41.364360671954316],[26.24639600517004,41.46046353335738],[23.036080273643414,41.79790349833719],[22.94880433812131,41.914500245337955],[19.606965097887763,41.76153906460466]]],[[[12.66432574699665,38.07249792690935],[15.027343782885321,36.745116792876146],[15.386741671068915,38.20554693813982],[12.66432574699665,38.07249792690935]]]]},"properties":{"NAME":"Roman Republic","SUBJECTO":"Roman Republic","PARTOF":"Roman Republic"}},
{"type":"Feature","geometry":{"type":"Polygon","coordinates":[[[94.98454275507304,41.22332641242303],[106.0432736573884,37.561114080605705],[106.79812210121196,39.13943355405494],[107.20985761602479,41.74709181453627],[109.0829788596452,42.11770781286152],[113.31781409119284,41.59560483910908],[118.54617157614459,41.425023135815586],[122.5002112412945,41.80957478065288],[123.74790079434061,41.678469228734116],[125.87920703304836,41.475418001721955],[131.08428634075074,46.19514646447804],[124.20014919185405,50.32786340965362],[107.0737592116721,50.966657462044694],[100.71025435898984,51.08601396088731],[100.68466796875003,51.019335937499996],[100.24775390625001,50.7427734375],[100.29423484685461,51.09381699295347],[95.8240716756702,51.1776612010934],[85.41391306026549,48.359123230773214],[94.98454275507304,41.22332641242303]]]},"properties":{"NAME":"Xiongnu","SUBJECTO":"Xiongnu","PARTOF":"Xiongnu"}},
{"type":"Feature","geometry":{"type":"Polygon","coordinates":[[[-70.8710485562432,47.05010140305908],[-69.50712296058391,48.459212862212084],[-67.31770798255657,49.42533453579607],[-66.37273880531048,50.31387671108904],[-60.13784500648235,50.411700807768725],[-58.52433868934368,51.37948568936052],[-55.6590242057011,52.18734701748552],[-56.12695583342671,53.46584387832734],[-58.78822689960135,52.57259027862411],[-60.1714630701033,53.29857710058178],[-60.221656217027494,53.32492080384565],[-62.88947585561168,54.72511691082654],[-65.64317158321862,55.262874161982396],[-71.0333844968322,55.19604828321671],[-74.19720512004018,52.927225836668605],[-78.74176950876009,52.74413883037645],[-79.5943498282597,51.265792452055834],[-81.74736496497844,52.170096956450365],[-82.34120651771282,52.98082312222185],[-82.20208450843548,54.968871675688646],[-84.46836563636516,55.16687735195818],[-87.46717545081829,55.91202887173357],[-90.44457718421673,57.144347749907396],[-92.40409578747519,56.97508393725052],[-93.82461083808953,56.86329884105465],[-102.14428729171048,57.21394132630312],[-111.28421353653351,58.55314202309659],[-118.19774749095093,62.712635573894396],[-124.93551363296793,64.83463268032534],[-132.43494029538678,62.496969371290604],[-139.52424206220468,62.41569007667785],[-144.68009789261768,63.19218524961806],[-150.1289000770314,63.324002732781025],[-160.9394989447178,63.98492305338062],[-161.13301559974408,63.56284292813005],[-165.43123337318158,62.42954214688005],[-165.89809128333783,61.27033575649919],[-164.02740952064252,59.798244081694506],[-162.00392624427533,58.82661017056169],[-158.2914170890019,58.730208955962084],[-156.68457504798627,57.40069922085466],[-154.64931198646283,58.07648047085466],[-154.28227707435346,59.24877508755388],[-151.7829942374394,59.99495657559099],[-149.32562729408002,60.02748068447771],[-148.49261948158002,61.06433828945818],[-144.40642258216596,60.09257086392107],[-139.57256027747846,59.89999731655779],[-137.57666489173627,58.6041637289113],[-134.12349411536908,58.239215456206225],[-131.7670030265019,56.01000555630388],[-129.85166667284474,54.99772241705144],[-128.5879066342332,55.05741560353968],[-125.6971741533699,55.193958165256824],[-115.03392686774305,52.03295961287972],[-114.46737387359948,51.99955012922175],[-105.19092937331824,51.45252059422696],[-98.92187739770243,50.2317206620755],[-97.20058974030268,50.110958484297555],[-97.15475511595031,50.412981473886106],[-98.7190510168781,52.2282580087958],[-101.20915469590598,53.27167171471017],[-101.04953266519907,54.624267891019755],[-97.09090630366754,55.06542644067235],[-95.2712151536087,53.85941949539503],[-96.19702293170879,52.38441654763727],[-95.2712151536087,51.11967292342198],[-93.99423890795336,50.63623512890684],[-90.70602507539087,50.27036072336172],[-91.07804464695577,49.94774019877888],[-87.78991594567441,49.93094833834401],[-85.03622021806746,49.0940751201903],[-81.93098886565963,48.90187753952613],[-76.05577121730131,47.307967189135894],[-74.19036752877825,47.96567636392756],[-70.8710485562432,47.05010140305908]]]},"properties":{"NAME":"Subarctic forest hunter-gatherers","SUBJECTO":"Subarctic forest hunter-gatherers","PARTOF":"Subarctic forest hunter-gatherers"}},
{"type":"Feature","geometry":{"type":"Polygon","coordinates":[[[142.33755019615435,-10.91538277987776],[141.67852309654498,-12.467817701142408],[141.71129897545123,-15.226692594330885],[140.80094436119342,-17.561829007905104],[139.24831679771685,-17.431642926972486],[135.38805678795123,-14.896969236176588],[135.8308973641231,-13.484774030488111],[136.66369155357623,-12.624820150178053],[133.55918410728717,-11.951347745698072],[130.46349624107623,-12.758938230317213],[129.1964216561153,-14.992895520966627],[127.96256545494343,-14.703128255646803],[126.8534269661739,-13.783772863190748],[124.42450240562702,-15.657898343842604],[124.27727034996296,-16.5227836740428],[122.73833754966999,-16.58328477267561],[122.19645217369343,-18.243687070649244],[120.87214950035359,-19.676941312592604],[117.59692672203327,-20.75833360080061],[116.41879561851765,-20.83712235812483],[113.62543014000202,-22.56592980746565],[113.43258956383015,-24.874161161225416],[114.18252089927937,-26.0170406473094],[113.43298629234577,-26.572010434907057],[114.63039687584187,-28.90295831088362],[115.74726394127156,-32.20761147860823],[115.04692367027546,-34.42245522860823],[116.56097701500202,-35.18929711703596],[118.20707992027546,-35.090340055268385],[119.77148726890827,-34.12017098788557],[123.62303451011921,-33.915073789399244],[124.24838546226765,-33.1441272867137],[126.05894759605671,-32.43436471347151],[129.1853895516231,-31.798204816620924],[131.2801618904903,-31.634849942963697],[133.83703139732623,-32.34197274569807],[135.52807143638873,-35.054886258881666],[137.45717910240435,-33.31413308505354],[139.36791518638873,-35.614273465912916],[140.01201919029498,-37.64163247470198],[140.6521864266231,-38.16391030673323],[143.36480239341998,-38.96973077182112],[144.96982863853717,-38.0657581460887],[145.93387893150592,-38.881470121186354],[148.0369978279903,-38.09787026767073],[149.50414565513873,-37.928848661225416],[150.22150710533404,-35.694107450287916],[151.36449721763873,-33.52090112094221],[152.97185805748248,-31.418175138276197],[153.4934950203731,-28.840868390839674],[152.94622329185748,-27.340992368500807],[153.06907180259967,-26.227749265473463],[150.7544050545528,-22.811520017426588],[149.55675795982623,-22.432550824921705],[149.10148147056842,-21.06012383822737],[148.1904402108028,-20.171909726899244],[146.32175734947467,-19.082291044037916],[145.1843366951778,-15.047596372407057],[143.7431745858028,-14.465823568146803],[143.17309096763873,-12.12133923892317],[142.33755019615435,-10.91538277987776]]]},"properties":{"NAME":"Australian aboriginal hunter-gatherers","SUBJECTO":"Australian aboriginal hunter-gatherers","PARTOF":"Australian aboriginal hunter-gatherers"}},
{"type":"Feature","geometry":{"type":"Polygon","coordinates":[[[146.7127333016231,-43.721809781830885],[147.8153181404903,-42.96535149936018],[148.26952651451373,-41.09258309726057],[146.3822126717403,-41.30834618930159],[144.7761335701778,-40.84276238803206],[145.72265151451373,-43.24016610507307],[146.7127333016231,-43.721809781830885]]]},"properties":{"NAME":"Tasmanian hunter-gatherers","SUBJECTO":"Tasmanian hunter-gatherers","PARTOF":"Tasmanian hunter-gatherers"}},
{"type":"Feature","geometry":{"type":"MultiPolygon","coordinates":[[[[143.05691054771685,53.06198462124529],[141.76703933189654,53.2722659933156],[142.48990920494342,47.901603304106615],[143.6331434578731,50.234977327544115],[142.94391921470904,51.61730536099138],[143.05691054771685,53.06198462124529]]],[[[140.01261428306842,41.38180883999529],[140.24552443931842,42.2284427511281],[141.92812636802935,42.50126227017107],[143.2137556404903,41.926539980132006],[145.05938247154498,43.785766206938646],[143.50817397545123,44.155761324126146],[141.8753309578731,45.435424410063646],[141.30364516685748,43.187030397612475],[139.71174148033404,42.47759588833513],[140.01261428306842,41.38180883999529]]]]},"properties":{"NAME":"Ainu","SUBJECTO":"Ainu","PARTOF":"Ainu"}},
{"type":"Feature","geometry":{"type":"Polygon","coordinates":[[[105.40307092131953,72.748726095192],[98.45947004862771,69.79094730127832],[75.85638492783956,61.42677903286463],[62.80579411405116,56.95520024672745],[59.09429166962169,56.4318399506882],[65.31164209247186,55.04663307077481],[78.36223290626025,56.41019430623805],[93.70004066679506,56.48455609390737],[99.48535412032993,55.65854236961009],[107.9615110406255,59.8183896994711],[114.0159088408366,59.54672904426065],[116.70675230759709,54.659373183217475],[119.93576446770969,51.257643821866914],[127.33558400130104,49.977254198409234],[134.8699457082304,52.00920268938546],[141.0472980268994,52.68965608140495],[140.10245803306842,53.80170401211443],[134.98522475670123,54.853934847075365],[137.2290907234981,55.98272284146013],[142.84585097740435,59.27252539272966],[148.41608718345904,59.09739264126482],[151.14020827720904,59.43957098599138],[153.92443374107623,58.922347627837084],[154.31565383384967,59.98334845181169],[157.0979872078731,61.63339956875505],[158.84125808189654,61.78396948452654],[160.6449842781856,60.71775396938982],[163.32929519127154,60.69494970913591],[158.3262586922481,58.026820741850756],[156.77685073326373,57.58045538540544],[155.6275739998653,56.26791723843279],[155.46520522545123,54.91977270718279],[156.6963758797481,50.957748018462084],[161.50274184654498,55.287372194487475],[162.51240066002154,57.033492647368334],[161.80436232994342,58.1017223226613],[163.3886823983028,59.81406363125505],[165.7799940438106,60.35411413784685],[170.3368025154903,60.27710302944841],[170.34409823134902,60.27960975244485],[169.48091979943723,61.192640399715565],[172.4408476128738,63.07842210456581],[171.76813674618367,65.85917681241212],[168.13549806605704,67.45778023799447],[155.89216029229675,68.16901029658281],[130.86731605142418,69.90104204211539],[124.54383390453704,71.58610355723228],[123.5007008987776,73.50494943844788],[123.40985396812702,73.48077734585466],[111.76165297935749,73.65779455776872],[105.60022262047077,72.74426611538591],[105.40307092131953,72.748726095192]]]},"properties":{"NAME":"Paleo-Siberian hunter-gatherers","SUBJECTO":"Paleo-Siberian hunter-gatherers","PARTOF":"Paleo-Siberian hunter-gatherers"}},
{"type":"Feature","geometry":{"type":"Polygon","coordinates":[[[25.195617809103457,65.26795101619156],[34.72611897050977,65.78029310527337],[34.726172480089915,65.79697760220232],[39.19002822349812,66.03870733853044],[40.826052698595774,67.66004522915544],[35.43655303428913,69.15035589810076],[29.728575739367255,69.69756659146013],[28.30841353843952,70.94864996548357],[24.570508036120184,70.7413822042531],[23.203606638415106,69.9427753316945],[20.157650980456122,69.747829042632],[13.168647798998602,66.45833929653826],[12.112141642077216,65.12991675015154],[10.155425240070853,64.09932165034176],[11.528408300596416,61.89775715387968],[15.43013132739913,61.86605293654498],[17.93625548790241,62.54800375576677],[20.70065978477741,63.81812628384294],[22.645554575426825,65.93478735562029],[25.25150779197956,65.41688879604997],[25.195617809103457,65.26795101619156]]]},"properties":{"NAME":"Saami","SUBJECTO":"Saami","PARTOF":"Saami"}},
{"type":"Feature","geometry":{"type":"Polygon","coordinates":[[[25.195617809103457,65.26795101619156],[25.18612578819538,65.24265631313982],[21.200139078600653,62.43518408413591],[29.018890834539626,61.77074313018303],[32.51698734132826,60.9322458642223],[46.105746848468755,57.7086220534561],[53.97646398874319,57.7086220534561],[59.09429166962169,56.4318399506882],[62.80579411405116,56.95520024672745],[75.85638492783956,61.42677903286463],[98.45947004862771,69.79094730127832],[105.40307092131953,72.748726095192],[105.2788191170528,72.7515369283742],[113.62504867027546,75.27267035122576],[113.53300765465046,76.0936542379445],[108.24447158287312,76.64641913052263],[103.39330581138874,77.5577884542531],[99.46723464439656,75.96692236538591],[94.69433883140827,76.18358191128435],[91.6346769661739,75.65272863979997],[89.79632857750202,75.52443274136247],[86.95832351158406,74.78206213589372],[87.69079116295124,73.90001257534685],[80.46401503990437,73.31357916470232],[79.22255996177937,72.2712894308156],[73.21685317466999,71.45773657437029],[74.74171737144734,67.68622168179216],[72.83769515465046,67.64564856167497],[72.7139997811153,72.76958807583513],[69.34311202476765,72.83426245327654],[66.81797316978718,71.10538061733904],[66.58425429771687,68.88553961392107],[62.2812719673946,69.7051273214406],[57.02422622154499,68.44890936489763],[53.889117273791086,68.78699835415544],[48.08066085289265,67.56245764370622],[43.8221655220821,68.3273197042531],[44.383608850939524,66.61201819058122],[39.9513273567989,65.58116491909685],[37.410540613634836,63.749496065337084],[35.081763300402415,64.28833349819841],[34.725588831408274,65.61499365444841],[34.72611897050977,65.78029310527337],[25.195617809103457,65.26795101619156]]]},"properties":{"NAME":"Finno-Ugric taiga hunter-gatherers","SUBJECTO":"Finno-Ugric taiga hunter-gatherers","PARTOF":"Finno-Ugric taiga hunter-gatherers"}},
{"type":"Feature","geometry":{"type":"MultiPolygon","coordinates":[[[[-75.62469955970501,69.10160406704607],[-72.30491348792766,67.26360663052263],[-75.78904434730266,65.19718512173357],[-73.16355606605266,64.57397040005388],[-71.31892105628704,63.06125982876482],[-65.94033524085735,61.789996706206225],[-66.49595352699016,63.07743414517107],[-64.47394272376751,63.74430426235857],[-67.61417099525188,65.91180761929216],[-62.84475418616985,65.61426123257341],[-61.21058365394329,66.63500555630388],[-68.66534897376751,68.71612890835466],[-71.25251480628704,71.35079535122576],[-73.27524277259563,71.16077002163591],[-75.32202621986126,72.54841955776872],[-80.48866745521282,73.03700598354997],[-81.53178116370891,73.68835791226091],[-88.09924789954876,73.63606604214372],[-89.9971818595097,71.541286073882],[-87.94801041175579,70.3849140035695],[-82.26922318031048,69.86035498257341],[-78.71291824866985,70.01144751187029],[-75.62469955970501,69.10160406704607]]],[[[-81.91070267249798,64.5216785299367],[-85.55754562904094,65.863551698882],[-86.24284073402141,64.54231604214372],[-85.46279617835735,63.20551642056169],[-81.91070267249798,64.5216785299367]]],[[[-60.221656217027494,53.32492080384565],[-57.51535126258587,54.46576651211443],[-61.92769333411907,56.27295645352068],[-62.886959996716726,58.65644415493669],[-64.6706208853886,60.18091925259294],[-65.86144730140423,58.795341097075365],[-67.77240463783001,58.24854239102068],[-69.2142228751347,58.74767645474138],[-70.02829453040813,60.883170686919115],[-73.39458176185344,62.354999147612475],[-77.36155411292766,62.5174938070363],[-77.50717636634563,60.414630495268725],[-78.33678909827923,58.551471315581225],[-76.43862625648235,56.80968817349138],[-77.23383804847454,55.60653647061052],[-79.54511734534954,54.69186361904802],[-78.74176950876009,52.74413883037645],[-74.19720512004018,52.927225836668605],[-71.0333844968322,55.19604828321671],[-65.64317158321862,55.262874161982396],[-62.88947585561168,54.72511691082654],[-60.221656217027494,53.32492080384565]]],[[[-95.05836960365032,72.28313788052263],[-92.00058456947063,72.8411365377492],[-90.45173355628704,73.9039798605031],[-95.06853958656048,74.06405218716326],[-95.05836960365032,72.28313788052263]]],[[[-125.82783218909954,72.07625158901872],[-123.46767136146282,71.19864233608904],[-120.8434953360722,71.53027685757341],[-120.45359512855266,72.2985111105031],[-117.685761580263,73.21545873829851],[-121.65451446815976,73.99457995121038],[-124.74035355140423,74.24206884976091],[-124.06482407142376,73.86521490688982],[-125.14468857337688,72.60512121792497],[-125.82783218909954,72.07625158901872]]],[[[-100.96714493324016,69.62841375942888],[-105.60105426891934,71.04489158788512],[-110.34678520373127,71.19655506982303],[-114.03790926414058,72.0642120257238],[-116.93370657963686,72.90214900890444],[-118.64906784583782,71.79981573696794],[-115.51704117347454,71.42342718716326],[-117.76066299964641,70.721705995757],[-111.54370590736126,70.32538183804216],[-116.99491592933391,69.74258764858904],[-113.53912827064251,69.113795839507],[-113.15218063880657,68.59556921597185],[-110.44822403480266,68.65314062710466],[-106.85383316566204,69.45092352505388],[-101.80838486243938,69.1356464254445],[-103.2675447135136,69.329127870757],[-100.96714493324016,69.62841375942888]]],[[[-43.578778234021414,59.935687624174975],[-39.69494684817376,65.18696970170159],[-42.793355971161034,65.40311483729091],[-43.84796284556369,64.20612586086018],[-44.25808774116473,61.869878095613615],[-43.578778234021414,59.935687624174975]]],[[[-50.93936249305462,67.52581366177263],[-53.10253998328899,65.87324865933122],[-51.365765538708914,63.726012788969896],[-49.85748383094524,62.966544710356615],[-48.915463414685476,61.42103537197771],[-46.15809589644378,60.937403792612976],[-49.06240794677684,64.7863184095137],[-49.472532842377866,67.03273287353856],[-50.53911897259659,67.48805571153352],[-50.93936249305462,67.52581366177263]]],[[[-160.9394989447178,63.98492305338062],[-150.1289000770314,63.324002732781025],[-144.68009789261768,63.19218524961806],[-139.52424206220468,62.41569007667785],[-132.43494029538678,62.496969371290604],[-124.93551363296793,64.83463268032534],[-118.19774749095093,62.712635573894396],[-111.28421353653351,58.55314202309659],[-102.14428729171048,57.21394132630312],[-93.82461083808953,56.86329884105465],[-92.40409578747519,56.97508393725052],[-93.07417770911907,58.55101355190935],[-94.68383499671673,58.87849386807146],[-94.75318619300579,59.94999273892107],[-93.42261978675579,61.858031831938646],[-87.43523117591594,64.568873964507],[-85.9871492057011,66.16278418179216],[-83.13871475745891,66.37349279995622],[-81.29496475745891,67.4987293111867],[-84.31351944495891,69.82621344204607],[-86.48843857337688,67.37778814907732],[-89.7355851798222,68.53431280728044],[-93.27116867591594,71.5585437643117],[-96.69965073158001,70.83835943813982],[-96.12698074866985,69.9408450948781],[-92.95613571693157,69.08434637661638],[-96.20792862464641,68.07355078335466],[-101.91296860267376,67.70532568569841],[-105.6359758048222,68.35485418911638],[-112.5025300650761,67.69295843716326],[-115.28510757972454,68.89208563442888],[-117.83234116126751,69.00779303188982],[-122.32606216956829,69.88448675747576],[-125.97399612952923,69.43039282437029],[-127.35170456458782,70.38026007290544],[-131.67297836829877,69.27615698452654],[-135.4391984610722,69.52628668423357],[-137.72852036048627,69.01584204312029],[-143.30757614661908,70.19675024624529],[-145.27254196693158,70.1163822042531],[-156.90474411536908,71.34585913296404],[-160.24033066322065,70.85846289272966],[-164.06718918372846,69.06467779751482],[-166.84352585365033,68.40520819302263],[-163.73874374915815,67.21832617397966],[-168.1797990470097,65.69388922329607],[-166.58603378822065,64.73040350552263],[-160.9394989447178,63.98492305338062]]],[[[-62.81141255638844,81.15595684596342],[-66.52167984534954,80.71127661343279],[-65.48489090491985,79.15823706265154],[-72.38322922279094,78.52572973843279],[-71.18388077308391,77.25953253384294],[-67.03665634681438,75.93623694058122],[-62.44868119723538,76.33836403843989],[-63.35819002201287,78.2356337190557],[-62.81141255638844,81.15595684596342]]],[[[-102.27919479896282,73.14715918179216],[-98.93899246741985,71.39222296353044],[-96.68853470374798,72.81653936978044],[-102.27919479896282,73.14715918179216]]],[[[-88.32573410560344,74.68200262661638],[-80.34932419349407,74.61590155239763],[-81.70312210609173,75.8749500143117],[-86.61799332191204,75.432155214507],[-92.22411819984173,75.94715460415544],[-91.86679550697063,74.78889807339372],[-88.32573410560344,74.68200262661638]]],[[[-75.80209824134563,82.6801257955617],[-75.98783970886988,82.34208530365676],[-77.52088638831829,80.74994238491716],[-81.35573288490032,79.90811499233904],[-80.73164841224407,79.6585193502492],[-85.69302078773235,79.71915777798357],[-81.59718033363079,78.75461920376482],[-86.63319107581829,78.29664190884294],[-84.84344193031048,78.15964087124529],[-84.4070939688847,77.63070257778826],[-83.04858109046673,77.63122137661638],[-87.58183762122844,77.46057470913591],[-87.09915634681438,77.28074225063982],[-88.58884140540813,76.46783026333513],[-84.66750809241985,76.46683081265154],[-84.79639908363079,76.8657718526906],[-83.08795639564251,76.47829016323747],[-82.57236191322063,76.69974859829607],[-77.8040666251347,76.72584112759294],[-82.10242935706829,77.31605108853044],[-78.21856400062298,77.57334478970232],[-78.36676498939251,78.03287085171404],[-76.2906388907597,78.01065405483904],[-76.61846634437298,78.29825171108904],[-74.90886398841594,78.82077368374529],[-77.2991609244511,79.28556402798357],[-73.67390152503704,79.5177493917531],[-74.54227158118938,79.894069277007],[-70.4205217032597,80.05044897671404],[-70.51105972816204,80.54539068813982],[-65.29983231116985,81.45840796108904],[-67.85378738929485,81.75201758022966],[-61.989376988904226,82.31192358608904],[-70.91941544105266,82.9315906393117],[-73.22588058997844,82.86053045864763],[-76.2339982657597,82.90875586147966],[-75.80209824134563,82.6801257955617]]],[[[-60.1714630701033,53.29857710058178],[-58.78822689960135,52.57259027862411],[-56.12695583342671,53.46584387832734],[-57.56114288856243,54.13071020718279],[-60.1714630701033,53.29857710058178]]],[[[123.5007008987776,73.50494943844788],[124.54383390453704,71.58610355723228],[130.86731605142418,69.90104204211539],[155.89216029229675,68.16901029658281],[168.13549806605704,67.45778023799447],[171.76813674618367,65.85917681241212],[172.4408476128738,63.07842210456581],[169.48091979943723,61.192640399715565],[170.34409823134902,60.27960975244485],[170.51969436119342,60.33994253750505],[173.48090651939654,61.601100527007006],[179.28769973228717,62.81507834072771],[178.14725783775592,64.15663488979997],[180,64.95347937222185],[180,65.05193670864763],[180,65.31103094692888],[180,65.38163336392107],[180,65.96313055630388],[180,66.96313055630388],[180,67.96313055630388],[180,68.91989477749529],[175.6109724373653,69.77942999478044],[170.45170119713092,70.0192142355031],[167.3200788826778,69.65857275601091],[161.96099379966998,69.52816351528826],[159.4438124031856,69.76456030483904],[158.40867141197467,70.81418951626482],[152.13401320884967,70.66443213101091],[146.9151258797481,72.20190008755388],[141.29397109459185,72.78707464810076],[137.62967971275592,71.07541998501482],[132.28361037681842,71.66087683315935],[130.77927688072467,70.67834051724138],[126.2164411873653,72.38231238003435],[124.22215560386921,73.69691046353044],[123.5007008987776,73.50494943844788]]],[[[-170.4731340079472,66.29494055386247],[-173.87494370033002,67.1593280660695],[-180,68.91692694302263],[-180,67.96313055630388],[-180,66.96313055630388],[-180,65.96313055630388],[-180,65.381618105132],[-180,65.31103094692888],[-180,65.2592273580617],[-178.11627670814252,65.4824939596242],[-173.0770158438847,64.3839832174367],[-172.56233688880658,65.51480444546404],[-170.4731340079472,66.29494055386247]]]]},"properties":{"NAME":"Arctic marine mammal hunters","SUBJECTO":"Arctic marine mammal hunters","PARTOF":"Arctic marine mammal hunters"}},
{"type":"Feature","geometry":{"type":"Polygon","coordinates":[[[-80.23865738536159,-3.477803205286776],[-76.4528920458458,-5.044577272594906],[-73.08400897483732,-4.723506751045313],[-74.2264997554402,-2.267524873037758],[-77.30243647244795,-0.891233214410893],[-80.87031861604711,-1.204571850152081],[-80.23865738536159,-3.477803205286776]]]},"properties":{"NAME":"Chorrera","SUBJECTO":"Chorrera","PARTOF":"Chorrera"}},
{"type":"Feature","geometry":{"type":"Polygon","coordinates":[[[-48.796904749948716,-28.475548314302703],[-48.72452255775188,-25.425621427338697],[-44.561295476453054,-22.989857114594557],[-43.236432647623026,-23.031526977456625],[-43.27671745526228,-21.589111335510133],[-45.94252927666899,-21.75245598059426],[-49.48718016007792,-24.553337158794967],[-49.83871578487881,-26.797313680361846],[-48.796904749948716,-28.475548314302703]]]},"properties":{"NAME":"Shellfish gatherers","SUBJECTO":"Shellfish gatherers","PARTOF":"Shellfish gatherers"}},
{"type":"Feature","geometry":{"type":"Polygon","coordinates":[[[-64.1940629085568,-14.694582386569342],[-60.26760598730509,-13.809999263181787],[-51.537804638083095,-14.378252212655624],[-48.31539474407497,-13.923762636310581],[-39.937129019653874,-8.292022806582523],[-37.88789123444673,-4.393015496284502],[-40.23088928748821,-2.8512109888011],[-42.31647202064251,-2.817604697983839],[-43.33403870155071,-2.432190097611524],[-44.549137999466566,-3.10260205994856],[-45.37494571579276,-3.165484550148441],[-49.06606977620206,-4.743578120004467],[-54.16333633581491,-4.626791146196514],[-56.33113935542037,-4.334740468715777],[-58.44035310422569,-2.287649024474563],[-57.97163893782451,-0.589157846288572],[-55.80383591821904,0.875529465609527],[-55.8624251890192,1.695565793857857],[-58.55753164582598,3.977596077854006],[-62.65878060183632,4.152921580887431],[-66.40849393304576,3.041936481420927],[-70.15820726425522,-5.735421450211085],[-69.04501111905242,-8.235853806057],[-64.1940629085568,-14.694582386569342]]]},"properties":{"NAME":"Amazon hunter-gatherers","SUBJECTO":"Amazon hunter-gatherers","PARTOF":"Amazon hunter-gatherers"}},
{"type":"Feature","geometry":{"type":"Polygon","coordinates":[[[-65.90622541609757,-18.31105888474315],[-66.09723843191973,-20.13835052013179],[-67.12255067092232,-25.032037581988202],[-68.6165770763261,-26.666495445378],[-69.31964832592786,-29.30477628067829],[-67.48158657100439,-31.655864143664434],[-63.563252469813456,-30.036561103144948],[-57.352789764997816,-29.680878909474107],[-54.36473695419029,-30.592916632921295],[-53.544487162988226,-31.446480334683482],[-52.14021349238029,-31.740936200871825],[-48.796904749948716,-28.475548314302703],[-49.83871578487881,-26.797313680361846],[-49.48718016007792,-24.553337158794967],[-45.94252927666899,-21.75245598059426],[-43.27671745526228,-21.589111335510133],[-43.236432647623026,-23.031526977456625],[-41.95784470130657,-22.92082253817854],[-39.69133850623821,-19.40879670504866],[-38.94815537025188,-16.001592077057936],[-39.126217809216726,-14.324533857148268],[-37.18652435828899,-10.844699300568678],[-35.5985994010136,-9.627626813691236],[-34.890675511853445,-7.611789144318678],[-35.464371648328054,-5.268277086060621],[-37.180600133435476,-4.954271711152174],[-37.88789123444673,-4.393015496284502],[-39.937129019653874,-8.292022806582523],[-48.31539474407497,-13.923762636310581],[-51.537804638083095,-14.378252212655624],[-60.26760598730509,-13.809999263181787],[-64.1940629085568,-14.694582386569342],[-64.66180129731615,-16.804676207468987],[-65.90622541609757,-18.31105888474315]]]},"properties":{"NAME":"Savanna hunter-gatherers","SUBJECTO":"Savanna hunter-gatherers","PARTOF":"Savanna hunter-gatherers"}},
{"type":"Feature","geometry":{"type":"Polygon","coordinates":[[[-69.11474151787864,-51.35236245613261],[-67.57759567786907,-49.058533109467604],[-66.07773300697063,-48.142071164887525],[-65.77598282386516,-47.23012200717268],[-67.32806870033001,-46.531616605561354],[-66.69494339515423,-45.131103910248854],[-65.43618485023235,-44.88974038485823],[-64.93894669105266,-40.8274768960887],[-62.96398254920696,-41.137459195893385],[-61.360714879529226,-39.03129998568831],[-57.80888458778118,-38.386490262787916],[-56.69811340858196,-36.944073118012525],[-57.419239964978445,-35.99675027255354],[-56.33826157142376,-34.99545327548323],[-54.074337926404226,-34.647842801850416],[-52.35066696693157,-32.67519036654768],[-52.14021349238029,-31.740936200871825],[-53.544487162988226,-31.446480334683482],[-54.36473695419029,-30.592916632921295],[-57.352789764997816,-29.680878909474107],[-63.563252469813456,-30.036561103144948],[-67.48158657100439,-31.655864143664434],[-67.64985410812366,-33.57694564055348],[-69.43682686752817,-37.15902614350158],[-72.0684836753677,-40.547229038878235],[-70.57931764813105,-40.57909976037915],[-71.6339245225337,-43.19554606268768],[-72.1905225951351,-45.990119696472405],[-72.04404941813473,-48.76638855343405],[-71.16521035613252,-51.561440909776984],[-69.11474151787864,-51.35236245613261]]]},"properties":{"NAME":"Pampas cultures","SUBJECTO":"Pampas cultures","PARTOF":"Pampas cultures"}},
{"type":"Feature","geometry":{"type":"Polygon","coordinates":[[[-67.48158657100439,-31.655864143664434],[-69.31964832592786,-29.30477628067829],[-68.6165770763261,-26.666495445378],[-67.12255067092232,-25.032037581988202],[-66.09723843191973,-20.13835052013179],[-65.90622541609757,-18.31105888474315],[-66.59524723372101,-19.145123826644383],[-68.13321559222494,-19.349095769782156],[-70.14768773668087,-20.268219769660544],[-70.11063095618938,-21.74793664340315],[-70.57323929359173,-23.165594495576002],[-70.39814468909954,-25.24891320590315],[-71.43014999915813,-29.100479520600416],[-71.69539352943157,-30.85409013156233],[-71.61574265052532,-33.70565453891096],[-73.67253586341594,-37.500854886811354],[-73.19384476234173,-39.565369046967604],[-73.90523239661907,-40.83904305819807],[-72.72818067052704,-41.55336179549616],[-72.0684836753677,-40.547229038878235],[-69.43682686752817,-37.15902614350158],[-67.64985410812366,-33.57694564055348],[-67.48158657100439,-31.655864143664434]]]},"properties":{"NAME":"Andean hunter-gatherers","SUBJECTO":"Andean hunter-gatherers","PARTOF":"Andean hunter-gatherers"}},
{"type":"Feature","geometry":{"type":"MultiPolygon","coordinates":[[[[-69.21397110511516,-54.93401757602034],[-66.98282333900188,-54.34066430453596],[-68.30537888099407,-52.94305077914534],[-70.33333298255657,-53.47274438266096],[-69.21397110511516,-54.93401757602034]]],[[[-69.11474151787864,-51.35236245613261],[-71.16521035613252,-51.561440909776984],[-72.04404941813473,-48.76638855343405],[-72.1905225951351,-45.990119696472405],[-71.6339245225337,-43.19554606268768],[-70.57931764813105,-40.57909976037915],[-72.0684836753677,-40.547229038878235],[-72.72818067052704,-41.55336179549616],[-73.57108780433391,-46.26491204623518],[-74.31235214759563,-48.745132840912916],[-73.4080705313847,-52.023838437836744],[-71.8722810416386,-53.69564858798323],[-69.4830217032597,-52.360935605805494],[-69.11474151787864,-51.35236245613261]]]]},"properties":{"NAME":"Patagonian shellfish and marine mammal hunters","SUBJECTO":"Patagonian shellfish and marine mammal hunters","PARTOF":"Patagonian shellfish and marine mammal hunters"}},
{"type":"Feature","geometry":{"type":"MultiPolygon","coordinates":[[[[-48.639821019665945,-1.058396257203199],[-48.40189072181438,-0.390650845807173],[-50.50141235877727,-0.261749692004301],[-50.4762849478886,-1.678760803979017],[-48.639821019665945,-1.058396257203199]]],[[[-61.695771781275944,8.610088933385873],[-61.530865636365164,9.850575052458666],[-64.06826111366009,10.626809679228685],[-64.8836564688847,10.135678850371264],[-66.4781160025761,10.678809725005053],[-67.97961136390423,10.542116724211596],[-68.69460007240032,11.379503809172533],[-69.74783798743938,11.53345926876726],[-71.49555679847454,10.646208368498705],[-71.181697710123,9.277051023594622],[-70.68184887203134,8.55721593295672],[-65.96541257261946,8.180441590467876],[-63.06524366801216,8.32539786170036],[-61.695771781275944,8.610088933385873]]],[[[-77.09872910072063,20.533275209624193],[-77.33981796790813,21.511664949614428],[-79.75995346595501,22.758782945830248],[-81.43114944984173,23.136655412871264],[-81.79230972816204,22.207803331572435],[-78.72787949134563,21.61678846951189],[-77.09872910072063,20.533275209624193]]],[[[-70.76542374183391,18.493663393217943],[-68.6568498282597,18.873176180083178],[-70.88160416175579,19.929931246001146],[-72.67646500159954,19.39217909451189],[-72.74589249183391,18.50850065823259],[-71.40075394202923,17.70413168545427],[-70.76542374183391,18.493663393217943]]]]},"properties":{"NAME":"Caribbean hunter-gatherers","SUBJECTO":"Caribbean hunter-gatherers","PARTOF":"Caribbean hunter-gatherers"}},
{"type":"Feature","geometry":{"type":"Polygon","coordinates":[[[-69.85612550937667,-16.505660483649944],[-69.83490584763916,-17.722437717325793],[-68.7314834372888,-17.682007910176438],[-68.79514242250131,-16.38355062490271],[-69.85612550937667,-16.505660483649944]]]},"properties":{"NAME":"Wankarani","SUBJECTO":"Wankarani","PARTOF":"Wankarani"}},
{"type":"Feature","geometry":{"type":"Polygon","coordinates":[[[-120.47361831890835,43.5702362219749],[-121.36156811415898,39.68662126087367],[-120.13217009553428,34.518639095266465],[-117.49671646644329,33.325431429106615],[-115.60230728675579,29.685151659209154],[-114.06728836585735,28.42289312954607],[-114.47785660316204,27.243947588164232],[-112.41098496009563,26.19277151699724],[-112.16581436683391,25.010667406279467],[-110.79756638099407,24.8800483572072],[-112.86987015296673,28.334659181792162],[-114.68277451087688,30.14322432156267],[-114.83865067054485,31.815496050078295],[-113.05207535316204,31.13870009060564],[-111.69163223792766,28.49610289211931],[-110.527470351751,27.76204872367678],[-109.93666030813027,28.204353485407555],[-107.5637948407243,27.76457612510461],[-104.22420640511586,25.115656057798073],[-100.35731453230613,23.969822801072763],[-97.82254501868938,24.20810469265642],[-97.25996109534954,25.811372362334154],[-97.63229843665813,27.228431307036303],[-97.20648541578431,28.073580382344584],[-98.18951151270068,29.180839383625194],[-104.51715275911663,33.873009655417874],[-111.54786525513434,41.64185091509596],[-111.66773503433551,41.93525523128791],[-119.01799728215308,43.11329780515409],[-120.47361831890835,43.5702362219749]]]},"properties":{"NAME":"Desert hunter-gatherers","SUBJECTO":"Desert hunter-gatherers","PARTOF":"Desert hunter-gatherers"}},
{"type":"Feature","geometry":{"type":"Polygon","coordinates":[[[-128.5879066342332,55.05741560353968],[-124.75974582056752,52.44778520770332],[-120.48272905215676,48.962018954129185],[-120.30696123975633,44.29914221354117],[-120.47361831890835,43.5702362219749],[-119.01799728215308,43.11329780515409],[-111.66773503433551,41.93525523128791],[-114.12579317034083,47.95182480671353],[-114.46737387359948,51.99955012922175],[-115.03392686774305,52.03295961287972],[-125.6971741533699,55.193958165256824],[-128.5879066342332,55.05741560353968]]]},"properties":{"NAME":"Plateau fichers and hunter gatherers","SUBJECTO":"Plateau fichers and hunter gatherers","PARTOF":"Plateau fichers and hunter gatherers"}},
{"type":"Feature","geometry":{"type":"Polygon","coordinates":[[[-129.85166667284474,54.99772241705144],[-130.00363632728315,53.93796118374529],[-127.55576798011516,52.16784247036638],[-127.24746414710735,50.96811636563005],[-122.60556503822063,48.83472784634294],[-124.6752824454472,48.38582571621599],[-123.99469467689251,45.76409491177263],[-124.62967392493938,43.013995729643725],[-124.15260788490032,41.58015020962419],[-124.36481186439251,40.33432348843279],[-123.79630753089641,39.03041037197771],[-121.93205734779094,37.00897558804216],[-121.92680069495891,36.33826788540544],[-120.13217009553428,34.518639095266465],[-121.36156811415898,39.68662126087367],[-120.47361831890835,43.5702362219749],[-120.30696123975633,44.29914221354117],[-120.48272905215676,48.962018954129185],[-124.75974582056752,52.44778520770332],[-128.5879066342332,55.05741560353968],[-129.85166667284474,54.99772241705144]]]},"properties":{"NAME":"North American Pacifi foraging, hunting and fishing peoples","SUBJECTO":"North American Pacifi foraging, hunting and fishing peoples","PARTOF":"North American Pacifi foraging, hunting and fishing peoples"}},
{"type":"Feature","geometry":{"type":"Polygon","coordinates":[[[32.87901205431842,12.47057777574944],[30.599761371261398,11.115971520296771],[24.074465964367207,11.181973046384048],[23.19994183767005,11.775300538947805],[20.441827284240546,11.972795349850172],[17.750983817480044,12.82691062976631],[8.26576059714931,12.367349972804174],[2.345904970276228,13.285633546771772],[-6.264794123357348,13.351095379469161],[-13.395529310272655,14.916671886604806],[-16.87041946937298,14.363524996001146],[-16.77209946204876,12.597077928740404],[-14.591384854809991,10.46654852505388],[-13.680051770703546,9.91564520474138],[-12.263942685620538,7.35138853665056],[-9.247899022595636,5.17188414211931],[-7.528605428235284,4.336791597563646],[-4.999971356885187,5.238270841795824],[-2.031221595303766,4.698200784880541],[1.557863506777533,6.237427316862963],[3.949497255785712,6.579388700682543],[5.44819215248371,5.476928793150805],[5.359488992633966,5.368345627897537],[12.604745687300603,7.731968465838291],[22.224511080969368,6.196195772852339],[33.92968016137751,2.843586349070006],[36.01508384811689,1.297408540251279],[38.773198401546395,-2.267256227148658],[39.479544811571024,-2.468897035586251],[40.4549755682717,-1.3595608910117],[40.85860208828577,0.322086976400683],[42.540379255011075,1.263781398355505],[44.136579672502506,1.151131692540679],[44.300696405871165,1.290809475142382],[46.36050322960163,2.667831026274584],[48.4715795845821,5.201433740813158],[50.77938369224812,9.36842020626726],[51.18070510338093,11.777448259550951],[49.3035002083614,11.246025644499682],[47.39071181724812,11.159307085234545],[44.28083709190632,10.396465860564135],[43.47482207725788,12.097622476775072],[42.07897857139851,13.861013971526049],[39.517928156359446,15.46304854031267],[39.23590702458268,16.248613143243993],[35.829265993318884,14.223975271975576],[35.717828472491675,13.221631095160145],[35.3839999529645,12.80434544575118],[32.87901205431842,12.47057777574944]],[[35.57782178476831,5.527006069275479],[33.02152049134584,6.864538013373648],[32.34880962465572,9.527647378549165],[34.23240005138806,11.70943726607304],[37.125056778155596,11.64355829727965],[39.14318937822596,9.06293447268527],[38.605020684873864,6.597308569790442],[35.57782178476831,5.527006069275479]]]},"properties":{"NAME":"West African cereal farmers","SUBJECTO":"West African cereal farmers","PARTOF":"West African cereal farmers"}},
{"type":"Feature","geometry":{"type":"Polygon","coordinates":[[[39.517928156359446,15.46304854031267],[38.685671839220774,18.002805315215014],[37.39818480919148,18.91500052090349],[37.12776854942585,21.227176271635912],[34.551252367032575,20.183338169145948],[34.55125236699957,20.183338169133883],[35.22911804139363,18.509996135557373],[35.969181053381675,15.482465631969934],[35.829265993318884,14.223975271975576],[39.23590702458268,16.248613143243993],[39.517928156359446,15.46304854031267]]]},"properties":{"NAME":null,"SUBJECTO":null,"PARTOF":null}},
{"type":"Feature","geometry":{"type":"MultiPolygon","coordinates":[[[[45.277781519396555,-16.049967206757643],[44.45442870567585,-16.242399610322096],[43.97164824913288,-17.552675641816236],[44.47033599327351,-20.17013780001936],[43.50102523277546,-21.49418679599104],[43.67141250084187,-24.226787961762525],[44.425330194933665,-25.31205026034651],[45.576182398302805,-25.62107697848616],[47.25847915123249,-24.765831388276197],[48.087378534777415,-22.04376069430647],[49.34185317466999,-18.227621473115065],[49.42470839927937,-17.197809613984205],[50.503340754015696,-15.314229406159498],[49.81718734215046,-12.83071366671858],[48.75133803795124,-13.417710698884108],[46.92456725548054,-15.360046781342604],[45.277781519396555,-16.049967206757643]]],[[[44.136579672502506,1.151131692540679],[42.540379255011075,1.263781398355505],[40.85860208828577,0.322086976400683],[40.4549755682717,-1.3595608910117],[39.479544811571024,-2.468897035586251],[38.773198401546395,-2.267256227148658],[36.01508384811689,1.297408540251279],[33.92968016137751,2.843586349070006],[22.224511080969368,6.196195772852339],[12.604745687300603,7.731968465838291],[5.359488992633966,5.368345627897537],[5.354585680468329,5.362343393523119],[5.606589827044257,4.632113062102221],[6.844479593737372,4.291642271239184],[8.874658617480048,4.620119177061937],[9.923090013964423,2.824045501906298],[9.202508005602606,-0.634416438382246],[9.656445536120184,-2.419099487107374],[11.772603067858466,-4.536981023591139],[13.387093576891669,-8.15567819003401],[13.203851732714423,-9.636731542389967],[13.816288980944403,-10.976270116608717],[13.649036440356024,-12.196759618561842],[12.585389170153388,-13.463659681122877],[11.782002481920966,-15.867509282868483],[11.774609598620184,-17.59605256442366],[14.415466341479071,-22.267668165009596],[14.843331369860419,-25.62222329501448],[15.453804048998602,-27.61645928744612],[16.788300547106513,-29.138924039643385],[18.178561243517645,-31.805298246186354],[18.487156900866278,-34.39771691684065],[20.25607207725788,-34.62289086703596],[22.681775125963934,-34.10311547641096],[24.429938349230536,-34.33470193270979],[26.658656153185614,-33.84707299594221],[28.921853098376044,-32.29790917758284],[32.234744104845774,-28.74441758517561],[33.347266230089915,-25.303612149994947],[34.88371947716023,-24.72201577548323],[35.260760340197336,-22.274328626435377],[34.72620299766804,-19.860380567353346],[37.27531722496296,-17.713161863129713],[39.471255335314524,-16.717016614716627],[40.38579848716999,-15.73632661227522],[40.59920791099812,-14.401239789765455],[40.311343225939524,-11.344973005097486],[39.6576147408321,-9.795738614838697],[38.921526941759836,-6.340208925049879],[39.26727202842976,-4.776162542145826],[40.23441604088093,-3.191706575196363],[43.724307093127024,0.800251446921251],[44.136579672502506,1.151131692540679]]]]},"properties":{"NAME":"Khoiasan","SUBJECTO":"Khoiasan","PARTOF":"Khoiasan"}},
{"type":"Feature","geometry":{"type":"Polygon","coordinates":[[[37.12776854942585,21.227176271635912],[35.74630263756062,22.914340578276537],[35.468489679796946,23.720668398100756],[35.72469619224812,23.91181906338396],[35.189864191515696,24.39991911526384],[35.1898641916191,24.399919115022463],[33.657230668213316,24.017988632918694],[33.690083292409675,23.54952842887194],[33.345321283718846,23.354044941061307],[34.52779006636866,20.17476127448868],[34.551252367032575,20.183338169145948],[37.12776854942585,21.227176271635912]]]},"properties":{"NAME":"Blemmyes","SUBJECTO":"Blemmyes","PARTOF":"Blemmyes"}},
{"type":"Feature","geometry":{"type":"Polygon","coordinates":[[[-97.20648541578431,28.073580382344584],[-94.11755719209039,29.69269900006508],[-94.11755719209039,31.64329290658055],[-95.46949781042882,31.691977974824947],[-96.04269760186028,32.99355526945035],[-95.46153665144882,33.03363979660468],[-96.25966202633586,34.61903980822385],[-94.28169914074626,35.131473873694475],[-94.11755719209039,35.87563266465669],[-94.11755719209039,36.32582132144275],[-94.90203300546645,36.25290176399383],[-95.78825196147253,37.17380255125711],[-95.36155394561776,39.945145424469054],[-94.12444283882017,40.142401507814775],[-94.23473573369067,46.72103383947717],[-94.5052648907058,47.38643102366744],[-95.6223836211639,47.715567786973736],[-96.93128427296064,48.54652624427342],[-97.28245274051582,49.571529866513146],[-97.20058974030268,50.110958484297555],[-98.92187739770243,50.2317206620755],[-105.19092937331824,51.45252059422696],[-114.46737387359948,51.99955012922175],[-114.12579317034083,47.95182480671353],[-111.66773503433551,41.93525523128791],[-111.54786525513434,41.64185091509596],[-104.51715275911663,33.873009655417874],[-98.18951151270068,29.180839383625194],[-97.20648541578431,28.073580382344584]]]},"properties":{"NAME":"Plain bison hunters","SUBJECTO":"Plain bison hunters","PARTOF":"Plain bison hunters"}},
{"type":"Feature","geometry":{"type":"Polygon","coordinates":[[[-110.527470351751,27.76204872367678],[-108.01261612454302,24.981280885652346],[-105.53994461575395,22.284598909333987],[-104.94791122952348,19.43783911319141],[-103.49393936673052,18.353892885164065],[-97.88092514553911,16.052028261140627],[-96.33293625393755,15.750238977388186],[-95.13016983548052,16.299468599275393],[-93.58785745347076,15.741059799465255],[-93.14401958498463,16.982492271385922],[-92.93793796123093,18.586177050813347],[-93.08748337307817,18.554090105012698],[-93.7849015859688,18.349187456086916],[-94.24197098294145,18.240150056794924],[-96.01226517239458,18.929256044343752],[-97.50419327298052,21.189153276399416],[-97.88202377835161,22.33262213321094],[-97.82254501868938,24.20810469265642],[-100.35731453230613,23.969822801072763],[-104.22420640511586,25.115656057798073],[-107.5637948407243,27.76457612510461],[-109.93666030813027,28.204353485407555],[-110.527470351751,27.76204872367678]],[[-99.01583000798952,16.823658789072727],[-99.17620136075479,17.294501673580932],[-99.21086907210979,17.71051420984094],[-97.06147096809973,18.057191323390946],[-96.18788807089415,17.879781336011515],[-95.43208853441469,17.433172519000934],[-95.50142395712469,16.53181202377091],[-96.43745216370972,16.219802621575905],[-97.68548977248975,16.39314117835091],[-99.01583000798952,16.823658789072727]],[[-100.75496856900385,19.588321153542026],[-101.0087803931469,20.277238961930344],[-100.49357439224482,20.899943654501016],[-99.10686593804479,20.58628340890815],[-98.48284713365477,19.802132794925985],[-98.62151797907478,19.206178328299544],[-99.14153364939979,18.92388410726597],[-99.90892915519363,19.026980717077468],[-100.75496856900385,19.588321153542026]]]},"properties":{"NAME":null,"SUBJECTO":null,"PARTOF":null}},
{"type":"Feature","geometry":{"type":"Polygon","coordinates":[[[-75.98783970886988,82.34208530365676],[-78.69849106350786,83.00252112002735],[-90.5033845571602,82.00650366397267],[-89.19254776516802,81.09640844912892],[-77.52088638831829,80.74994238491716],[-75.98783970886988,82.34208530365676]]]},"properties":{"NAME":null,"SUBJECTO":null,"PARTOF":null}},
{"type":"Feature","geometry":{"type":"MultiPolygon","coordinates":[[[[-105.60105426891934,71.04489158788512],[-105.31259628811723,72.65014227481251],[-114.03790926414058,72.0642120257238],[-110.34678520373127,71.19655506982303],[-105.60105426891934,71.04489158788512]]],[[[-113.15218063880657,68.59556921597185],[-110.44822403469927,68.65314062686329],[-106.85383316555864,69.45092352481251],[-101.80838486243938,69.1356464254445],[-106.85383316566204,69.45092352505388],[-110.44822403480266,68.65314062710466],[-113.15218063880657,68.59556921597185]]]]},"properties":{"NAME":null,"SUBJECTO":null,"PARTOF":null}},
{"type":"Feature","geometry":{"type":"Polygon","coordinates":[[[-87.50410172024614,80.22775610537892],[-92.02487656155473,81.25921972842579],[-96.43336960354692,79.93342169375782],[-92.70153519192583,78.43416937442188],[-87.16541763821489,79.12562140078907],[-87.50410172024614,80.22775610537892]]]},"properties":{"NAME":null,"SUBJECTO":null,"PARTOF":null}},
{"type":"Feature","geometry":{"type":"Polygon","coordinates":[[[-125.82783218909954,72.07625158901872],[-123.46767136135942,71.19864233584767],[-120.8434953359688,71.53027685733204],[-120.45359512844927,72.29851111026173],[-115.6536760000313,73.63253363223438],[-121.65451446815976,73.99457995121038],[-117.685761580263,73.21545873829851],[-120.45359512855266,72.2985111105031],[-120.8434953360722,71.53027685757341],[-123.46767136146282,71.19864233608904],[-125.82783218909954,72.07625158901872]]]},"properties":{"NAME":null,"SUBJECTO":null,"PARTOF":null}},
{"type":"Feature","geometry":{"type":"Polygon","coordinates":[[[-113.84507462063677,76.21712835879688],[-115.18592545071489,75.15434607119923],[-112.20279404202348,74.49975927920704],[-105.77345749417192,75.23006781192188],[-105.9172029165352,76.02183874698048],[-111.38564011135942,75.65990789981251],[-113.84507462063677,76.21712835879688]]]},"properties":{"NAME":null,"SUBJECTO":null,"PARTOF":null}},
{"type":"Feature","geometry":{"type":"Polygon","coordinates":[[[-122.15077683010942,76.58204229922657],[-120.09985825100786,75.97814520450001],[-118.73600479641802,76.93774756045704],[-122.15077683010942,76.58204229922657]]]},"properties":{"NAME":null,"SUBJECTO":null,"PARTOF":null}},
{"type":"Feature","geometry":{"type":"Polygon","coordinates":[[[-102.56360336819536,78.31003149600392],[-99.89162155667192,78.65814550967579],[-102.56874558010942,79.01609381289845],[-104.96614548245317,78.5338550433672],[-102.56360336819536,78.31003149600392]]]},"properties":{"NAME":null,"SUBJECTO":null,"PARTOF":null}},
{"type":"Feature","geometry":{"type":"Polygon","coordinates":[[[-101.57794662991411,75.68686255069142],[-98.00159164944536,75.16206701846485],[-97.81654068508989,76.47571142764454],[-101.88489243069536,76.33266790957813],[-101.57794662991411,75.68686255069142]]]},"properties":{"NAME":null,"SUBJECTO":null,"PARTOF":null}},
{"type":"Feature","geometry":{"type":"Polygon","coordinates":[[[-97.30984207669145,78.8221851214922],[-97.45977493801958,78.10106237979298],[-95.09702774563677,78.43840368838673],[-97.30984207669145,78.8221851214922]]]},"properties":{"NAME":null,"SUBJECTO":null,"PARTOF":null}},
{"type":"Feature","geometry":{"type":"Polygon","coordinates":[[[-113.16021439114458,77.79247625918751],[-110.61967178860552,77.5374942645586],[-110.71011826077348,78.02342566104298],[-113.16021439114458,77.79247625918751]]]},"properties":{"NAME":null,"SUBJECTO":null,"PARTOF":null}},
{"type":"Feature","geometry":{"type":"Polygon","coordinates":[[[-94.11755719209039,29.69269900006508],[-90.77903458167766,29.10867270107927],[-89.79210200155227,30.68973632239321],[-90.34173529453497,30.925773467015734],[-90.65505719689362,33.44791858687658],[-92.21718092906745,33.31780678142776],[-92.21718092906744,33.31780678142776],[-93.81063971894163,31.93751942254124],[-94.11755719209039,31.64329290658055],[-94.11755719209039,29.69269900006508]]]},"properties":{"NAME":"Marksville Culture","SUBJECTO":"Marksville Culture","PARTOF":"Marksville Culture"}},
{"type":"Feature","geometry":{"type":"Polygon","coordinates":[[[-94.28169914074626,35.131473873694475],[-96.25966202633586,34.61903980822385],[-95.46153665144882,33.03363979660468],[-96.04269760186028,32.99355526945035],[-94.32545774733421,32.64423611849725],[-93.81063971894163,31.93751942254124],[-92.21718092906744,33.31780678142776],[-92.21718092906745,33.31780678142776],[-94.28169914074626,35.131473873694475]]]},"properties":{"NAME":"Fourche Maline Culture","SUBJECTO":"Fourche Maline Culture","PARTOF":"Fourche Maline Culture"}},
{"type":"Feature","geometry":{"type":"Polygon","coordinates":[[[-93.81063971894163,31.93751942254124],[-94.32545774733421,32.64423611849725],[-96.04269760186028,32.99355526945035],[-95.46949781042882,31.691977974824947],[-94.11755719209039,31.64329290658055],[-93.81063971894163,31.93751942254124]]]},"properties":{"NAME":"Mill Creek Culture","SUBJECTO":"Mill Creek Culture","PARTOF":"Mill Creek Culture"}},
{"type":"Feature","geometry":{"type":"Polygon","coordinates":[[[-80.89708218391326,32.03661395178849],[-82.12058086357139,33.0513719058266],[-82.39244167760887,34.14240281862365],[-85.76985854969445,34.15964368399752],[-85.76578306622477,34.145613602136706],[-86.84201419633506,32.648157511010105],[-86.84201419633506,32.6481575110101],[-87.30488782067145,31.300469306034106],[-85.3047761588261,29.66390761013689],[-83.69569781017358,29.873429869391458],[-82.76524493838717,30.4158185899654],[-81.37607316258789,30.002611410916185],[-80.89708218391326,32.03661395178849]]]},"properties":{"NAME":"Swift Creek Culture","SUBJECTO":"Swift Creek Culture","PARTOF":"Swift Creek Culture"}},
{"type":"Feature","geometry":{"type":"Polygon","coordinates":[[[-88.07291694333584,35.10967018947695],[-89.79333077815174,35.277192949638795],[-90.62170358853251,34.17085518430479],[-88.37819389375134,33.19435830572942],[-88.07291694333584,35.10967018947695]]]},"properties":{"NAME":"Miller","SUBJECTO":"Miller","PARTOF":"Miller"}},
{"type":"Feature","geometry":{"type":"MultiPolygon","coordinates":[[[[-90.70602507539087,50.27036072336172],[-93.99423890795336,50.63623512890684],[-95.2712151536087,51.11967292342198],[-96.19702293170879,52.38441654763727],[-95.2712151536087,53.85941949539503],[-97.09090630366754,55.06542644067235],[-101.04953266519907,54.624267891019755],[-101.20915469590598,53.27167171471017],[-98.7190510168781,52.2282580087958],[-97.15475511595031,50.412981473886106],[-97.28245274051582,49.571529866513146],[-96.93128427296064,48.54652624427342],[-95.6223836211639,47.715567786973736],[-94.5052648907058,47.38643102366744],[-91.15034487499999,47.3676057],[-88.251699925,48.9320861],[-88.20465884999999,48.9764595],[-89.93983932799766,49.03028306411901],[-91.07804464695577,49.94774019877888],[-90.70602507539087,50.27036072336172]]],[[[-83.49110928743823,47.457180821886546],[-84.38499265939697,48.33474153052584],[-86.46007905858689,48.94648637594909],[-84.442197375,46.817028875],[-87.27262622500001,46.51189025],[-89.09018825000001,46.96017965],[-87.19702427872033,45.567626164254214],[-86.10292376807149,44.76138937802109],[-84.18232252499999,45.599460525],[-83.08785307070116,46.18516762384464],[-83.49110928743823,47.457180821886546]]]]},"properties":{"NAME":"Laurel complex","SUBJECTO":"Laurel complex","PARTOF":"Laurel complex"}},
{"type":"Feature","geometry":{"type":"Polygon","coordinates":[[[-88.07291694333584,35.10967018947695],[-88.37819389375134,33.19435830572942],[-88.53914790150893,32.822254055849356],[-86.99379038135059,32.822254055849356],[-86.84201419633506,32.648157511010105],[-85.76578306622477,34.145613602136706],[-85.76985854969445,34.15964368399752],[-85.84857007623326,34.430612556511434],[-88.07291694333584,35.10967018947695]]]},"properties":{"NAME":"Copena","SUBJECTO":"Copena","PARTOF":"Copena"}},
{"type":"Feature","geometry":{"type":"Polygon","coordinates":[[[-86.99379038135059,32.822254055849356],[-88.53914790150893,32.822254055849356],[-89.67002743024211,31.784756743597836],[-88.03456589271282,30.67939146633806],[-87.30488782067145,31.300469306034106],[-86.84201419633506,32.6481575110101],[-86.99379038135059,32.822254055849356]]]},"properties":{"NAME":"Porter","SUBJECTO":"Porter","PARTOF":"Porter"}},
{"type":"Feature","geometry":{"type":"Polygon","coordinates":[[[-83.744069025,43.62067997499999],[-84.77309296795586,43.382835851404835],[-86.453372075,44.1299426],[-86.48774414702659,44.01941582197994],[-86.37180935,42.248191925],[-87.025077275,41.686106025],[-87.224453225,41.634622675],[-87.37512542499998,41.6343834],[-87.3527604172662,41.16704376310566],[-84.73834009141564,41.72388710934679],[-83.744069025,43.62067997499999]]]},"properties":{"NAME":"Goodall Focus","SUBJECTO":"Goodall Focus","PARTOF":"Goodall Focus"}},
{"type":"Feature","geometry":{"type":"Polygon","coordinates":[[[-79.63698735000001,42.853085675],[-80.52042584293034,44.59600142498459],[-81.7186113,44.1385907],[-82.16555501439318,43.08397202876816],[-81.85864319883927,42.26409348709729],[-79.63698735000001,42.853085675]]]},"properties":{"NAME":"Saugeen Complex","SUBJECTO":"Saugeen Complex","PARTOF":"Saugeen Complex"}},
{"type":"Feature","geometry":{"type":"Polygon","coordinates":[[[-84.73834009141564,41.72388710934679],[-83.6631439247281,40.60754939982846],[-82.27534759106281,40.91314375699184],[-81.945160475,41.50875625],[-82.76848823266988,42.266939539534235],[-82.46467445,43.195435275],[-83.744069025,43.620679975],[-83.744069025,43.62067997499999],[-84.73834009141564,41.72388710934679]]]},"properties":{"NAME":"Couture Complex","SUBJECTO":"Couture Complex","PARTOF":"Couture Complex"}},
{"type":"Feature","geometry":{"type":"Polygon","coordinates":[[[-70.8710485562432,47.05010140305908],[-74.19036752877825,47.96567636392756],[-76.05577121730131,47.307967189135894],[-80.29956063279727,45.94788202072047],[-80.29163770076619,44.52322332422944],[-79.36747918639476,43.614815893580676],[-77.622794675,44.010243675],[-76.18122681577438,43.61259738760005],[-75.59433951057669,43.680332380651976],[-73.08158159174988,44.75623330755017],[-70.55963710752852,45.30934303536085],[-70.0378554901034,46.17416905131091],[-70.8710485562432,47.05010140305908]]]},"properties":{"NAME":"Point Peninsula","SUBJECTO":"Point Peninsula","PARTOF":"Point Peninsula"}},
{"type":"Feature","geometry":{"type":"Polygon","coordinates":[[[-87.477093875,41.6853882],[-87.79153703755624,42.83145114482276],[-89.32213587505754,44.487782649380215],[-92.21055321315156,45.76143645381198],[-93.49064726071597,45.18602831564759],[-91.94796981877937,43.68621104721849],[-94.11428282234988,42.026140597450976],[-92.57160538041332,40.86986654389979],[-94.12444283882017,40.142401507814775],[-95.36155394561776,39.945145424469054],[-95.78825196147253,37.17380255125711],[-94.90203300546645,36.25290176399383],[-94.11755719209039,36.32582132144275],[-93.19524094204723,36.411553592131455],[-93.42500141212292,38.34151072485017],[-90.81392504311461,38.00772883891169],[-90.00103178988678,37.28363171577283],[-90.27199620762941,35.786914290614625],[-88.5107274923025,36.06119592283488],[-85.56398944935162,37.55263867010867],[-82.14306367535126,36.95954975646753],[-79.97534833341042,37.57948619350637],[-78.29397288039411,41.01536509648475],[-75.85350431407916,42.95755418036384],[-75.59433951057669,43.680332380651976],[-76.18122681577438,43.61259738760005],[-76.937494,43.2370318],[-78.820821625,43.30795127499997],[-79.19289561234693,42.846825343870066],[-79.563923125,42.38699635],[-80.29224122128937,41.34035285057309],[-82.27534759106281,40.91314375699184],[-83.6631439247281,40.60754939982846],[-85.97043607596554,40.059641447393545],[-86.54623546366858,39.408471716787226],[-89.18801746370268,39.41560850613387],[-87.3527604172662,41.16704376310566],[-87.37512542499998,41.6343834],[-87.375125425,41.6343834],[-87.477093875,41.6853882]]]},"properties":{"NAME":"Hopewell Culture","SUBJECTO":"Hopewell Culture","PARTOF":"Hopewell Culture"}},
{"type":"Feature","geometry":{"type":"Polygon","coordinates":[[[-75.59433951057669,43.680332380651976],[-75.85350431407916,42.95755418036384],[-78.29397288039411,41.01536509648475],[-79.97534833341042,37.57948619350637],[-82.14306367535126,36.95954975646753],[-85.56398944935162,37.55263867010867],[-88.5107274923025,36.06119592283488],[-90.27199620762941,35.786914290614625],[-90.00103178988678,37.28363171577283],[-90.81392504311461,38.00772883891169],[-93.42500141212292,38.34151072485017],[-93.19524094204723,36.411553592131455],[-94.11755719209039,36.32582132144275],[-94.11755719209039,35.87563266465669],[-94.28169914074626,35.131473873694475],[-92.21718092906745,33.31780678142776],[-92.21718092906744,33.31780678142776],[-90.65505719689362,33.44791858687658],[-90.34173529453497,30.925773467015734],[-89.79210200155227,30.68973632239321],[-88.03456589271282,30.67939146633806],[-89.67002743024211,31.784756743597836],[-88.53914790150893,32.822254055849356],[-88.37819389375134,33.19435830572942],[-90.62170358853251,34.17085518430479],[-89.79333077815174,35.277192949638795],[-88.07291694333584,35.10967018947695],[-85.84857007623326,34.430612556511434],[-85.76578306622477,34.145613602136706],[-85.76985854969445,34.15964368399752],[-82.39244167760887,34.14240281862365],[-82.12058086357139,33.0513719058266],[-80.89708218391326,32.03661395178849],[-75.72924515296673,35.882125459868334],[-75.66752335120891,37.8981090414113],[-74.15280624915813,39.76523550625505],[-73.74050613929485,40.97749289150896],[-70.3020906119511,41.75944098110857],[-70.86807724525188,42.871425234038256],[-70.21647354652141,43.799621187407396],[-67.16887375404094,44.71121557827654],[-65.71257492591594,43.55995138760271],[-61.032086339490164,45.3788333761281],[-64.53479477454876,46.271659456450365],[-65.21308609534954,48.121425234038256],[-64.95240494300579,49.20725592251482],[-68.34129044105266,48.54645880337419],[-70.8710485562432,47.05010140305908],[-70.0378554901034,46.17416905131091],[-70.55963710752852,45.30934303536085],[-73.08158159174988,44.75623330755017],[-75.59433951057669,43.680332380651976]]]},"properties":{"NAME":null,"SUBJECTO":null,"PARTOF":null}},
{"type":"Feature","geometry":{"type":"Polygon","coordinates":[[[-86.99379038135059,32.822254055849356],[-86.84201419633506,32.6481575110101],[-86.84201419633506,32.648157511010105],[-86.99379038135059,32.822254055849356]]]},"properties":{"NAME":null,"SUBJECTO":null,"PARTOF":null}},
{"type":"Feature","geometry":{"type":"Polygon","coordinates":[[[-82.4292878775761,27.826148592192553],[-82.31009384681438,26.82493170376482],[-81.09792038490032,25.125047289091967],[-80.31409927894329,25.243880830962084],[-80.04998489906048,26.551089845854662],[-80.44717880775188,27.775628648955248],[-81.37607316258789,30.002611410916185],[-82.76524493838717,30.4158185899654],[-83.69569781017358,29.873429869391458],[-82.6469621329472,28.906501375395678],[-82.4292878775761,27.826148592192553]]]},"properties":{"NAME":null,"SUBJECTO":null,"PARTOF":null}},
{"type":"Feature","geometry":null,"properties":{"NAME":null,"SUBJECTO":null,"PARTOF":null}},
{"type":"Feature","geometry":{"type":"Polygon","coordinates":[[[-82.76848823266988,42.266939539534235],[-81.85864319883927,42.26409348709729],[-82.16555501439318,43.08397202876816],[-82.46467445,43.195435275],[-82.76848823266988,42.266939539534235]]]},"properties":{"NAME":null,"SUBJECTO":null,"PARTOF":null}},
{"type":"Feature","geometry":null,"properties":{"NAME":null,"SUBJECTO":null,"PARTOF":null}},
{"type":"Feature","geometry":null,"properties":{"NAME":null,"SUBJECTO":null,"PARTOF":null}},
{"type":"Feature","geometry":null,"properties":{"NAME":null,"SUBJECTO":null,"PARTOF":null}},
{"type":"Feature","geometry":null,"properties":{"NAME":null,"SUBJECTO":null,"PARTOF":null}},
{"type":"Feature","geometry":null,"properties":{"NAME":null,"SUBJECTO":null,"PARTOF":null}},
{"type":"Feature","geometry":null,"properties":{"NAME":null,"SUBJECTO":null,"PARTOF":null}},
{"type":"Feature","geometry":{"type":"Polygon","coordinates":[[[-79.563923125,42.38699635],[-81.945160475,41.50875625],[-82.27534759106281,40.91314375699184],[-80.29224122128937,41.34035285057309],[-79.563923125,42.38699635]]]},"properties":{"NAME":null,"SUBJECTO":null,"PARTOF":null}},
{"type":"Feature","geometry":{"type":"Polygon","coordinates":[[[-87.3527604172662,41.16704376310566],[-89.18801746370268,39.41560850613387],[-86.54623546366858,39.408471716787226],[-85.97043607596554,40.059641447393545],[-83.6631439247281,40.60754939982846],[-84.73834009141564,41.72388710934679],[-87.3527604172662,41.16704376310566]]]},"properties":{"NAME":null,"SUBJECTO":null,"PARTOF":null}},
{"type":"Feature","geometry":{"type":"Polygon","coordinates":[[[-86.453372075,44.1299426],[-84.77309296795586,43.382835851404835],[-83.744069025,43.62067997499999],[-83.744069025,43.620679975],[-83.43090175,45.27498137500001],[-84.18232252499999,45.599460525],[-86.10292376807149,44.76138937802109],[-86.453372075,44.1299426],[-86.48774414702659,44.01941582197994],[-86.453372075,44.1299426]]]},"properties":{"NAME":null,"SUBJECTO":null,"PARTOF":null}},
{"type":"Feature","geometry":null,"properties":{"NAME":null,"SUBJECTO":null,"PARTOF":null}},
{"type":"Feature","geometry":{"type":"Polygon","coordinates":[[[-87.224453225,41.634622675],[-87.025077275,41.686106025],[-87.224453225,41.634622675],[-87.375125425,41.6343834],[-87.37512542499998,41.6343834],[-87.224453225,41.634622675]]]},"properties":{"NAME":null,"SUBJECTO":null,"PARTOF":null}},
{"type":"Feature","geometry":null,"properties":{"NAME":null,"SUBJECTO":null,"PARTOF":null}},
{"type":"Feature","geometry":null,"properties":{"NAME":null,"SUBJECTO":null,"PARTOF":null}},
{"type":"Feature","geometry":null,"properties":{"NAME":null,"SUBJECTO":null,"PARTOF":null}},
{"type":"Feature","geometry":null,"properties":{"NAME":null,"SUBJECTO":null,"PARTOF":null}},
{"type":"Feature","geometry":null,"properties":{"NAME":null,"SUBJECTO":null,"PARTOF":null}},
{"type":"Feature","geometry":null,"properties":{"NAME":null,"SUBJECTO":null,"PARTOF":null}},
{"type":"Feature","geometry":null,"properties":{"NAME":null,"SUBJECTO":null,"PARTOF":null}},
{"type":"Feature","geometry":null,"properties":{"NAME":null,"SUBJECTO":null,"PARTOF":null}},
{"type":"Feature","geometry":null,"properties":{"NAME":null,"SUBJECTO":null,"PARTOF":null}},
{"type":"Feature","geometry":null,"properties":{"NAME":null,"SUBJECTO":null,"PARTOF":null}},
{"type":"Feature","geometry":null,"properties":{"NAME":null,"SUBJECTO":null,"PARTOF":null}},
{"type":"Feature","geometry":null,"properties":{"NAME":null,"SUBJECTO":null,"PARTOF":null}},
{"type":"Feature","geometry":null,"properties":{"NAME":null,"SUBJECTO":null,"PARTOF":null}},
{"type":"Feature","geometry":null,"properties":{"NAME":null,"SUBJECTO":null,"PARTOF":null}},
{"type":"Feature","geometry":null,"properties":{"NAME":null,"SUBJECTO":null,"PARTOF":null}},
{"type":"Feature","geometry":null,"properties":{"NAME":null,"SUBJECTO":null,"PARTOF":null}},
{"type":"Feature","geometry":null,"properties":{"NAME":null,"SUBJECTO":null,"PARTOF":null}},
{"type":"Feature","geometry":null,"properties":{"NAME":null,"SUBJECTO":null,"PARTOF":null}},
{"type":"Feature","geometry":{"type":"Polygon","coordinates":[[[-87.79153703755624,42.83145114482276],[-87.19702427872033,45.567626164254214],[-89.09018825000001,46.96017965],[-91.15034487499999,47.3676057],[-94.5052648907058,47.38643102366744],[-94.23473573369067,46.72103383947717],[-94.12444283882017,40.142401507814775],[-92.57160538041332,40.86986654389979],[-94.11428282234988,42.026140597450976],[-91.94796981877937,43.68621104721849],[-93.49064726071597,45.18602831564759],[-92.21055321315156,45.76143645381198],[-89.32213587505754,44.487782649380215],[-87.79153703755624,42.83145114482276]]]},"properties":{"NAME":null,"SUBJECTO":null,"PARTOF":null}},
{"type":"Feature","geometry":null,"properties":{"NAME":null,"SUBJECTO":null,"PARTOF":null}},
{"type":"Feature","geometry":null,"properties":{"NAME":null,"SUBJECTO":null,"PARTOF":null}},
{"type":"Feature","geometry":null,"properties":{"NAME":null,"SUBJECTO":null,"PARTOF":null}},
{"type":"Feature","geometry":null,"properties":{"NAME":null,"SUBJECTO":null,"PARTOF":null}},
{"type":"Feature","geometry":null,"properties":{"NAME":null,"SUBJECTO":null,"PARTOF":null}},
{"type":"Feature","geometry":null,"properties":{"NAME":null,"SUBJECTO":null,"PARTOF":null}},
{"type":"Feature","geometry":null,"properties":{"NAME":null,"SUBJECTO":null,"PARTOF":null}},
{"type":"Feature","geometry":{"type":"Polygon","coordinates":[[[-78.50336889999807,43.36198942500006],[-78.21668167984423,43.37062971005438],[-78.2367363,43.371002875],[-78.50336889999807,43.36198942500006]]]},"properties":{"NAME":null,"SUBJECTO":null,"PARTOF":null}},
{"type":"Feature","geometry":null,"properties":{"NAME":null,"SUBJECTO":null,"PARTOF":null}},
{"type":"Feature","geometry":null,"properties":{"NAME":null,"SUBJECTO":null,"PARTOF":null}},
{"type":"Feature","geometry":null,"properties":{"NAME":null,"SUBJECTO":null,"PARTOF":null}},
{"type":"Feature","geometry":null,"properties":{"NAME":null,"SUBJECTO":null,"PARTOF":null}},
{"type":"Feature","geometry":null,"properties":{"NAME":null,"SUBJECTO":null,"PARTOF":null}},
{"type":"Feature","geometry":{"type":"Polygon","coordinates":[[[-80.29163770076619,44.52322332422944],[-80.52042584293034,44.59600142498459],[-79.63698735000001,42.853085675],[-79.19289561234693,42.846825343870066],[-78.820821625,43.30795127499997],[-79.36747918639476,43.614815893580676],[-80.29163770076619,44.52322332422944]]]},"properties":{"NAME":null,"SUBJECTO":null,"PARTOF":null}},
{"type":"Feature","geometry":{"type":"Polygon","coordinates":[[[-76.05577121730131,47.307967189135894],[-81.93098886565963,48.90187753952613],[-85.03622021806746,49.0940751201903],[-87.78991594567441,49.93094833834401],[-91.07804464695577,49.94774019877888],[-89.93983932799766,49.03028306411901],[-88.20465884999999,48.9764595],[-88.251699925,48.9320861],[-88.20465884999999,48.9764595],[-86.46007905858689,48.94648637594909],[-84.38499265939697,48.33474153052584],[-83.49110928743823,47.457180821886546],[-83.08785307070116,46.18516762384465],[-80.29956063279727,45.94788202072047],[-76.05577121730131,47.307967189135894]]]},"properties":{"NAME":null,"SUBJECTO":null,"PARTOF":null}},
{"type":"Feature","geometry":{"type":"Polygon","coordinates":[[[-76.23806263671051,-13.567877577331435],[-75.56421451676609,-12.87323543403529],[-73.88967338250498,-14.854972812012551],[-74.38338520728776,-15.823206390262088],[-71.61186691810344,-17.22145501498518],[-70.58412643958782,-18.083280957978346],[-70.14768773668087,-20.268219769660544],[-68.13321559222494,-19.349095769782156],[-66.59524723372101,-19.145123826644383],[-65.90622541609757,-18.31105888474315],[-64.66180129731615,-16.804676207468987],[-64.1940629085568,-14.694582386569342],[-69.04501111905242,-8.235853806057],[-70.15820726425522,-5.735421450211085],[-66.40849393304576,3.041936481420927],[-62.65878060183632,4.152921580887431],[-58.55753164582598,3.977596077854006],[-55.8624251890192,1.695565793857857],[-55.80383591821904,0.875529465609527],[-57.97163893782451,-0.589157846288572],[-58.44035310422569,-2.287649024474563],[-56.33113935542037,-4.334740468715777],[-54.16333633581491,-4.626791146196514],[-49.06606977620206,-4.743578120004467],[-45.37494571579276,-3.165484550148441],[-44.549137999466566,-3.10260205994856],[-44.79592606116985,-1.736357845109083],[-47.237137761609304,-0.680439270775892],[-48.042530980603445,-0.815624035637953],[-49.221146550671804,-2.108145631592848],[-50.64313980628704,-1.882471717637159],[-51.529381719128835,-0.429196335118391],[-49.88430496741985,1.21387108441057],[-50.68808075477337,2.216172300536059],[-51.20926758338665,4.070678793150805],[-53.02668091346477,5.426703058440111],[-54.28620621253704,5.881543241698168],[-56.746396031872976,6.00331839199724],[-58.57506653358196,6.984399877745531],[-59.83440491248821,8.440183244902514],[-61.695771781275944,8.610088933385873],[-63.06524366801216,8.32539786170036],[-65.96541257261946,8.180441590467876],[-70.68184887203134,8.55721593295672],[-71.181697710123,9.277051023594622],[-72.11403366615032,9.904005609709642],[-71.6879548697636,10.769269548613451],[-72.37965866615032,11.810100160796068],[-74.21892258216594,11.367601953703783],[-75.45044418861126,10.627693735319994],[-75.70266434241985,9.425959192473314],[-76.76352402259563,8.692807756621264],[-78.20720443218802,9.351689403269319],[-78.54664449118769,8.746009004013658],[-78.50551315833782,8.685937486845873],[-77.40016647865032,6.67044600125017],[-77.10599991370891,3.792188965041063],[-78.98431107093548,1.296987973410509],[-80.0855607657597,0.817998133856676],[-80.87031861604711,-1.204571850152081],[-77.30243647244795,-0.891233214410893],[-74.2264997554402,-2.267524873037758],[-73.08400897483732,-4.723506751045313],[-76.4528920458458,-5.044577272594906],[-80.23865738536159,-3.477803205286776],[-81.41761490394329,-4.675080694001295],[-80.61159225990032,-6.369872010987379],[-79.06024643470501,-8.215522207062818],[-76.23806263671051,-13.567877577331435]],[[-73.95152022471555,-9.0407630464544],[-74.12127751861561,-10.462812066037433],[-76.04458771418042,-11.381268377272281],[-77.1611068276677,-10.557170936365004],[-77.42694471183134,-8.855808477717723],[-73.95152022471555,-9.0407630464544]],[[-69.85612550937667,-16.505660483649944],[-68.79514242250131,-16.38355062490271],[-68.7314834372888,-17.682007910176438],[-69.83490584763916,-17.722437717325793],[-69.85612550937667,-16.505660483649944]]]},"properties":{"NAME":"Manioc farmers","SUBJECTO":"Manioc farmers","PARTOF":"Manioc farmers"}},
{"type":"Feature","geometry":{"type":"Polygon","coordinates":[[[-74.38338520728776,-15.823206390262088],[-73.88967338250498,-14.854972812012551],[-75.56421451676609,-12.87323543403529],[-76.23806263671051,-13.567877577331435],[-75.78529068519329,-14.727239049714186],[-74.38338520728776,-15.823206390262088]]]},"properties":{"NAME":"Nazca","SUBJECTO":"Nazca","PARTOF":"Nazca"}},
{"type":"Feature","geometry":{"type":"Polygon","coordinates":[[[33.3453212836059,23.354044941297275],[33.345321283718846,23.354044941061307],[33.690083292409675,23.54952842887194],[33.69008329238944,23.54952842916048],[33.3453212836059,23.354044941297275]]]},"properties":{"NAME":null,"SUBJECTO":null,"PARTOF":null}},
{"type":"Feature","geometry":{"type":"Polygon","coordinates":[[[35.189864191515696,24.39991911526384],[35.18986419067511,24.399919114787224],[35.1898641916191,24.399919115022463],[35.189864191515696,24.39991911526384]]]},"properties":{"NAME":null,"SUBJECTO":null,"PARTOF":null}},
{"type":"Feature","geometry":{"type":"Polygon","coordinates":[[[5.44819215248371,5.476928793150805],[5.354585680468329,5.362343393523119],[5.359488992633966,5.368345627897537],[5.44819215248371,5.476928793150805]]]},"properties":{"NAME":null,"SUBJECTO":null,"PARTOF":null}},
{"type":"Feature","geometry":{"type":"Polygon","coordinates":[[[44.300696405871165,1.290809475142382],[44.136579672502506,1.151131692540679],[43.724307093127024,0.800251446921251],[44.300696405871165,1.290809475142382]]]},"properties":{"NAME":null,"SUBJECTO":null,"PARTOF":null}},
{"type":"Feature","geometry":{"type":"Polygon","coordinates":[[[35.717828472491675,13.221631095160145],[35.829265993318884,14.223975271975576],[35.829265993318884,14.223975271975577],[35.717828472491675,13.221631095160145]]]},"properties":{"NAME":null,"SUBJECTO":null,"PARTOF":null}},
{"type":"Feature","geometry":{"type":"Polygon","coordinates":[[[35.57782178476831,5.527006069275479],[38.605020684873864,6.597308569790442],[39.14318937822596,9.06293447268527],[37.125056778155596,11.64355829727965],[34.23240005138806,11.70943726607304],[32.34880962465572,9.527647378549165],[33.02152049134584,6.864538013373648],[35.57782178476831,5.527006069275479]]]},"properties":{"NAME":null,"SUBJECTO":null,"PARTOF":null}},
{"type":"Feature","geometry":{"type":"Polygon","coordinates":[[[31.0578537920065,22.68126038494451],[31.206054928541864,24.248332434990488],[28.406155989341126,27.743383003939627],[25.454770481600722,28.97753921542222],[25.44282994906524,30.681699853941133],[22.092117751695117,31.753927757099575],[20.11676886986042,30.957103334624193],[18.915026697619208,30.204860292632006],[17.421629938586005,30.99598654385271],[15.84332564781452,31.28500326748552],[15.009786638720282,32.3634410726613],[12.564756426317938,32.73963888760271],[10.956539186938056,33.575057588774584],[9.833860788435814,32.917753806181906],[8.632667566486717,34.02654754951954],[-1.126940078052201,32.19300357745211],[-4.177465875686691,31.619899269204772],[-9.625043836133234,30.406100832182787],[-10.33931252052044,29.14631613369646],[-11.576458898083917,28.228616319853685],[-12.866208997266046,27.857324205595873],[-14.367254224316827,26.119227968413256],[-14.820046391980402,24.73287733669939],[-15.714025464551202,23.873057924467943],[-17.051907506482355,21.00409849758806],[-16.34728142310833,20.522616945464037],[-15.982691731946222,18.178399645048998],[-16.87041946937298,14.363524996001146],[-13.395529310272655,14.916671886604806],[-6.264794123357348,13.351095379469161],[2.345904970276228,13.285633546771772],[8.26576059714931,12.367349972804174],[17.750983817480044,12.82691062976631],[20.441827284240546,11.972795349850172],[23.19994183767005,11.775300538947805],[24.074465964367207,11.181973046384048],[30.599761371261398,11.115971520296771],[32.87901205431842,12.47057777574944],[31.0578537920065,13.127719684735261],[30.267855513278224,15.536480721828159],[29.846841590571525,20.124679070804007],[31.0578537920065,22.68126038494451]]]},"properties":{"NAME":null,"SUBJECTO":null,"PARTOF":null}},
{"type":"Feature","geometry":{"type":"Polygon","coordinates":[[[-80.44717880775188,27.775628648955248],[-82.4292878775761,27.826148592192553],[-82.31009384681438,26.82493170376482],[-81.09792038490032,25.125047289091967],[-80.31409927894329,25.243880830962084],[-80.04998489906048,26.551089845854662],[-80.44717880775188,27.775628648955248]]]},"properties":{"NAME":"Glades Culture","SUBJECTO":"Glades Culture","PARTOF":"Glades Culture"}},
{"type":"Feature","geometry":{"type":"Polygon","coordinates":[[[-4.153334,53.225555],[-4.276945,53.398331],[-4.5675,53.273331],[-4.351389,53.124443],[-4.153334,53.225555]]]},"properties":{"NAME":null,"SUBJECTO":null,"PARTOF":null}},
{"type":"Feature","geometry":{"type":"Polygon","coordinates":[[[-5.103612,55.438606],[-5.154723,55.673332],[-5.400278,55.600555],[-5.103612,55.438606]]]},"properties":{"NAME":null,"SUBJECTO":null,"PARTOF":null}},
{"type":"Feature","geometry":{"type":"Polygon","coordinates":[[[-6.121667,55.878883],[-6.3275,55.589439],[-6.024723,55.68083200000012],[-6.121667,55.878883]]]},"properties":{"NAME":null,"SUBJECTO":null,"PARTOF":null}},
{"type":"Feature","geometry":{"type":"Polygon","coordinates":[[[-5.946945,55.829994],[-5.746112,56.06360600000011],[-5.968056,56.023605],[-6.078889,55.905548],[-5.946945,55.829994]]]},"properties":{"NAME":null,"SUBJECTO":null,"PARTOF":null}},
{"type":"Feature","geometry":{"type":"Polygon","coordinates":[[[-7.466945,56.940826],[-7.376112,56.978607],[-7.445556,57.05555],[-7.553612,56.966385],[-7.466945,56.940826]]]},"properties":{"NAME":null,"SUBJECTO":null,"PARTOF":null}},
{"type":"Feature","geometry":{"type":"Polygon","coordinates":[[[-7.223056,57.337494],[-7.425,57.382217],[-7.38139,57.108604],[-7.230278,57.09471900000011],[-7.223056,57.337494]]]},"properties":{"NAME":null,"SUBJECTO":null,"PARTOF":null}},
{"type":"Feature","geometry":{"type":"Polygon","coordinates":[[[-7.268889,57.39888800000011],[-7.204722,57.460831],[-7.351111,57.489441],[-7.388056,57.423882],[-7.268889,57.39888800000011]]]},"properties":{"NAME":null,"SUBJECTO":null,"PARTOF":null}},
{"type":"Feature","geometry":{"type":"Polygon","coordinates":[[[-7.188612,57.68721800000014],[-7.476945,57.562492],[-7.15389,57.509438],[-7.188612,57.68721800000014]]]},"properties":{"NAME":null,"SUBJECTO":null,"PARTOF":null}},
{"type":"Feature","geometry":{"type":"Polygon","coordinates":[[[-7.00639,57.881386000000134],[-6.993611,57.91861],[-7.073611,57.896111],[-7.00639,57.881386000000134]]]},"properties":{"NAME":null,"SUBJECTO":null,"PARTOF":null}},
{"type":"Feature","geometry":{"type":"Polygon","coordinates":[[[-6.802222,58.203049],[-6.794445,58.218048],[-6.854167,58.25],[-6.873056,58.206383],[-6.802222,58.203049]]]},"properties":{"NAME":null,"SUBJECTO":null,"PARTOF":null}},
{"type":"Feature","geometry":{"type":"Polygon","coordinates":[[[-6.204167,58.35611],[-7.031945,58.238052],[-6.473889,57.940277],[-6.204167,58.35611]]]},"properties":{"NAME":null,"SUBJECTO":null,"PARTOF":null}},
{"type":"Feature","geometry":{"type":"Polygon","coordinates":[[[-2.918334,58.731941],[-2.876667,58.820274],[-3.036945,58.818054],[-2.918334,58.731941]]]},"properties":{"NAME":null,"SUBJECTO":null,"PARTOF":null}},
{"type":"Feature","geometry":{"type":"Polygon","coordinates":[[[-3.231389,58.775551],[-3.136389,58.804161],[-3.335556,58.927498],[-3.431111,58.871384],[-3.231389,58.775551]]]},"properties":{"NAME":null,"SUBJECTO":null,"PARTOF":null}},
{"type":"Feature","geometry":{"type":"Polygon","coordinates":[[[-2.793056,58.951385],[-3.076945,59.121666],[-3.195,58.91111000000012],[-2.793056,58.951385]]]},"properties":{"NAME":null,"SUBJECTO":null,"PARTOF":null}},
{"type":"Feature","geometry":{"type":"Polygon","coordinates":[[[-2.681389,59.195831],[-2.620556,59.236107],[-2.495556,59.244995],[-2.414444,59.313606],[-2.592778,59.29055],[-2.681389,59.195831]]]},"properties":{"NAME":null,"SUBJECTO":null,"PARTOF":null}},
{"type":"Feature","geometry":{"type":"Polygon","coordinates":[[[-2.89,59.29527300000012],[-3.048889,59.329163],[-3.003334,59.263611],[-2.971945,59.287216],[-2.89,59.29527300000012]]]},"properties":{"NAME":null,"SUBJECTO":null,"PARTOF":null}},
{"type":"Feature","geometry":{"type":"Polygon","coordinates":[[[-1.296111,60.491104],[-1.320278,60.356384],[-1.655,60.226105],[-1.126111,60.151665],[-1.041389,60.446938],[-1.296111,60.491104]]]},"properties":{"NAME":null,"SUBJECTO":null,"PARTOF":null}},
{"type":"Feature","geometry":{"type":"Polygon","coordinates":[[[-1.029444,60.495827],[-0.991111,60.719994],[-1.177222,60.63666500000011],[-1.029444,60.495827]]]},"properties":{"NAME":null,"SUBJECTO":null,"PARTOF":null}},
{"type":"Feature","geometry":{"type":"Polygon","coordinates":[[[-0.819722,60.68888900000013],[-0.767778,60.82888800000012],[-0.938889,60.79444100000012],[-0.965556,60.688049],[-0.819722,60.68888900000013]]]},"properties":{"NAME":null,"SUBJECTO":null,"PARTOF":null}},
{"type":"Feature","geometry":{"type":"Polygon","coordinates":[[[-6.706944,61.937492000000134],[-6.718889,62.02861],[-7.192223,62.3077770000001],[-7.232223,62.172493],[-6.706944,61.937492000000134]]]},"properties":{"NAME":null,"SUBJECTO":null,"PARTOF":null}},
{"type":"Feature","geometry":{"type":"Polygon","coordinates":[[[-4.777779,54.05555],[-4.394444,54.186386],[-4.5275,54.367218],[-4.777779,54.05555]]]},"properties":{"NAME":null,"SUBJECTO":null,"PARTOF":null}},
{"type":"Feature","geometry":{"type":"Polygon","coordinates":[[[18.206108,56.911942],[18.711941,57.241661],[18.809166,57.703606],[18.111385,57.51944],[18.206108,56.911942]]]},"properties":{"NAME":null,"SUBJECTO":null,"PARTOF":null}},
{"type":"Feature","geometry":{"type":"Polygon","coordinates":[[[129.715515,28.451107],[129.157745,28.234993],[129.368561,28.116108],[129.715515,28.451107]]]},"properties":{"NAME":null,"SUBJECTO":null,"PARTOF":null}},
{"type":"Feature","geometry":{"type":"Polygon","coordinates":[[[129.963013,29.957218000000125],[129.94165,30],[129.92358400000012,29.983883],[129.963013,29.957218000000125]]]},"properties":{"NAME":null,"SUBJECTO":null,"PARTOF":null}},
{"type":"Feature","geometry":{"type":"Polygon","coordinates":[[[129.89636200000018,29.87416500000012],[129.877167,29.83083],[129.923309,29.824997],[129.89636200000018,29.87416500000012]]]},"properties":{"NAME":null,"SUBJECTO":null,"PARTOF":null}},
{"type":"Feature","geometry":{"type":"Polygon","coordinates":[[[130.906097,30.354717000000107],[131.074402,30.689163],[130.945251,30.683331000000123],[130.906097,30.354717000000107]]]},"properties":{"NAME":null,"SUBJECTO":null,"PARTOF":null}},
{"type":"Feature","geometry":{"type":"Polygon","coordinates":[[[130.558594,30.236382000000106],[130.671906,30.373329000000126],[130.510803,30.458885000000123],[130.387207,30.397217],[130.558594,30.236382000000106]]]},"properties":{"NAME":null,"SUBJECTO":null,"PARTOF":null}},
{"type":"Feature","geometry":{"type":"Polygon","coordinates":[[[121.734711,25.138885],[121.00166300000012,25.001663],[120.11554,23.631386],[120.878593,22.341385000000116],[121.839706,24.476383000000112],[121.734711,25.138885]]]},"properties":{"NAME":null,"SUBJECTO":null,"PARTOF":null}},
{"type":"Feature","geometry":{"type":"Polygon","coordinates":[[[128.900818,32.643051],[128.649414,32.777771],[128.610229,32.61166400000013],[128.900818,32.643051]]]},"properties":{"NAME":null,"SUBJECTO":null,"PARTOF":null}},
{"type":"Feature","geometry":{"type":"Polygon","coordinates":[[[126.476646,36.922218],[126.371368,34.789162],[128.451904,34.845543],[129.43942300000015,35.475822],[129.342468,37.257217],[128.260529,38.411659],[127.133881,38.29916400000013],[126.658867,37.248604000000114],[126.497482,36.870827],[126.476646,36.922218]]]},"properties":{"NAME":null,"SUBJECTO":null,"PARTOF":null}},
{"type":"Feature","geometry":{"type":"Polygon","coordinates":[[[123.870819,24.252499],[123.92192100000011,24.371109],[123.767212,24.41444],[123.678864,24.316109],[123.870819,24.252499]]]},"properties":{"NAME":null,"SUBJECTO":null,"PARTOF":null}},
{"type":"Feature","geometry":{"type":"Polygon","coordinates":[[[125.356369,24.776665],[125.261932,24.878883],[125.252213,24.737774],[125.356369,24.776665]]]},"properties":{"NAME":null,"SUBJECTO":null,"PARTOF":null}},
{"type":"Feature","geometry":{"type":"Polygon","coordinates":[[[124.26165800000012,24.457497],[124.077766,24.419994],[124.121918,24.344997],[124.22971300000017,24.338329],[124.26165800000012,24.457497]]]},"properties":{"NAME":null,"SUBJECTO":null,"PARTOF":null}},
{"type":"Feature","geometry":{"type":"Polygon","coordinates":[[[128.252777,26.63888500000013],[128.247192,26.839996],[127.958878,26.544441],[128.252777,26.63888500000013]]]},"properties":{"NAME":null,"SUBJECTO":null,"PARTOF":null}},
{"type":"Feature","geometry":{"type":"Polygon","coordinates":[[[126.76193200000012,26.38694],[126.701927,26.348606],[126.781097,26.29833200000013],[126.8099820000001,26.346943],[126.76193200000012,26.38694]]]},"properties":{"NAME":null,"SUBJECTO":null,"PARTOF":null}},
{"type":"Feature","geometry":{"type":"Polygon","coordinates":[[[128.95108,27.67582700000014],[129.029968,27.774441000000138],[128.89886500000011,27.89777400000014],[128.89721700000018,27.725826],[128.95108,27.67582700000014]]]},"properties":{"NAME":null,"SUBJECTO":null,"PARTOF":null}},
{"type":"Feature","geometry":{"type":"Polygon","coordinates":[[[128.609131,27.358887],[128.69635000000017,27.4486050000001],[128.52359000000013,27.413609],[128.609131,27.358887]]]},"properties":{"NAME":null,"SUBJECTO":null,"PARTOF":null}},
{"type":"Feature","geometry":{"type":"Polygon","coordinates":[[[129.992188,28.281666],[130.0324710000001,28.35305],[129.943024,28.32222],[129.992188,28.281666]]]},"properties":{"NAME":null,"SUBJECTO":null,"PARTOF":null}},
{"type":"Feature","geometry":{"type":"Polygon","coordinates":[[[129.33609000000013,28.075275],[129.3402400000001,28.110828],[129.223846,28.183605],[129.219116,28.097775],[129.33609000000013,28.075275]]]},"properties":{"NAME":null,"SUBJECTO":null,"PARTOF":null}},
{"type":"Feature","geometry":{"type":"Polygon","coordinates":[[[129.733032,29.609718],[129.75332600000013,29.64777400000014],[129.70968600000015,29.651661],[129.733032,29.609718]]]},"properties":{"NAME":null,"SUBJECTO":null,"PARTOF":null}},
{"type":"Feature","geometry":{"type":"Polygon","coordinates":[[[18.97383065981087,52.73651720819371],[19.40025287435172,54.28091894222511],[18.349998,54.833611],[15.085587000343935,54.004260266794844],[15.470547657955025,53.796035298635765],[17.563800220036708,52.59088304236021],[18.97383065981087,52.73651720819371]]]},"properties":{"NAME":"Pomeranian culture ","SUBJECTO":"Pomeranian culture ","PARTOF":"Baltic archeological cultures"}},
{"type":"Feature","geometry":{"type":"Polygon","coordinates":[[[21.163130710521042,54.899357283106404],[19.817505400323594,54.4619724075029],[19.913670163055254,54.394238522394225],[21.48165452666879,54.43566231453169],[21.163130710521042,54.899357283106404]]]},"properties":{"NAME":"Sambian-Nothangian culture","SUBJECTO":"Sambian-Nothangian culture","PARTOF":"Baltic archeological cultures"}},
{"type":"Feature","geometry":{"type":"Polygon","coordinates":[[[20.985529588134696,52.61572329987666],[18.97383065981087,52.73651720819371],[17.563800220036708,52.59088304236021],[15.470547657955025,53.796035298635765],[15.099014961352164,53.09157147740414],[16.44877831729847,51.27479516892307],[17.886569718197805,50.627822850395766],[18.414737987915924,49.55484370464976],[21.14360738145955,49.76378203628978],[22.434685374103847,50.53466230405623],[25.104869404345454,48.82614347004016],[25.721065719016593,49.61191586701183],[24.488673089674318,51.384801403199006],[23.314965823634015,51.20590721100519],[20.985529588134696,52.61572329987666]]]},"properties":{"NAME":"Bell-shaped burials culture","SUBJECTO":"Bell-shaped burials culture","PARTOF":"Baltic archeological cultures"}},
{"type":"Feature","geometry":{"type":"Polygon","coordinates":[[[21.48165452666879,54.43566231453169],[19.913670163055254,54.394238522394225],[19.817505400323594,54.4619724075029],[19.40025287435172,54.28091894222511],[18.97383065981087,52.73651720819371],[20.985529588134696,52.61572329987666],[21.862503081909193,53.069539100653806],[21.48165452666879,54.43566231453169]]]},"properties":{"NAME":"Western Masurian culture","SUBJECTO":"Western Masurian culture","PARTOF":"Baltic archeological cultures"}},
{"type":"Feature","geometry":{"type":"Polygon","coordinates":[[[24.488673089674318,51.384801403199006],[24.78209990618438,51.53106606872307],[25.05574229362601,51.9761341436252],[23.916490797479657,54.881204833264334],[21.979591270487724,54.99148323100261],[21.17252720186542,54.91899715141203],[21.163130710521042,54.899357283106404],[21.48165452666879,54.43566231453169],[21.862503081909193,53.069539100653806],[20.985529588134696,52.61572329987666],[23.314965823634015,51.20590721100519],[24.488673089674318,51.384801403199006]]]},"properties":{"NAME":"Eastern Masurian culture","SUBJECTO":"Eastern Masurian culture","PARTOF":"Baltic archeological cultures"}},
{"type":"Feature","geometry":{"type":"Polygon","coordinates":[[[21.863052,57.596657],[21.069996,56.845825],[21.17252720186542,54.91899715141203],[21.979591270487724,54.99148323100261],[22.816140235566905,56.143780961050076],[21.863052,57.596657]]]},"properties":{"NAME":"Curonians","SUBJECTO":"Curonians","PARTOF":"Baltic archeological cultures"}},
{"type":"Feature","geometry":{"type":"Polygon","coordinates":[[[29.699468343418623,55.657418463082564],[25.721065719016593,57.004449882959555],[24.309745156734483,57.100335371114525],[21.863052,57.596657],[22.816140235566905,56.143780961050076],[21.979591270487724,54.99148323100261],[23.916490797479657,54.881204833264334],[25.05574229362601,51.9761341436252],[27.775053434587036,52.313712174001026],[29.707330483904446,53.29722057045511],[28.978103382278313,54.618713409582675],[29.699468343418623,55.657418463082564]]]},"properties":{"NAME":"Brushed Pottery culture","SUBJECTO":"Brushed Pottery culture","PARTOF":"Baltic archeological cultures"}},
{"type":"Feature","geometry":{"type":"Polygon","coordinates":[[[29.707330483904446,53.29722057045511],[27.775053434587036,52.313712174001026],[25.05574229362601,51.9761341436252],[24.78209990618438,51.53106606872307],[30.591950873083714,50.16017551466333],[31.555996317925665,50.90291518585386],[31.795000820774952,52.875167628167254],[29.707330483904446,53.29722057045511]]]},"properties":{"NAME":"Milograd culture","SUBJECTO":"Milograd culture","PARTOF":"Baltic archeological cultures"}},
{"type":"Feature","geometry":{"type":"Polygon","coordinates":[[[31.555996317925665,50.90291518585386],[34.9053250757817,51.476271742537214],[38.30907614729848,53.6517686033654],[36.959312791352176,54.29034266662991],[38.455789555553515,55.93478950269306],[36.724571338144116,56.68348974373227],[33.73161780974143,56.73180931763887],[29.699468343418623,55.657418463082564],[28.978103382278313,54.618713409582675],[29.707330483904446,53.29722057045511],[31.795000820774952,52.875167628167254],[31.555996317925665,50.90291518585386]]]},"properties":{"NAME":"Plain-Pottery culture","SUBJECTO":"Plain-Pottery culture","PARTOF":"Baltic archeological cultures"}},
{"type":"Feature","geometry":{"type":"Polygon","coordinates":[[[25.18612578819538,65.24265631313982],[25.195617809103457,65.26795101619156],[25.25150779197956,65.41688879604997],[25.18612578819538,65.24265631313982]]]},"properties":{"NAME":null,"SUBJECTO":null,"PARTOF":null}},
{"type":"Feature","geometry":{"type":"Polygon","coordinates":[[[34.72611897050977,65.78029310527337],[34.725588831408274,65.61499365444841],[34.726172480089915,65.79697760220232],[34.72611897050977,65.78029310527337]]]},"properties":{"NAME":null,"SUBJECTO":null,"PARTOF":null}},
{"type":"Feature","geometry":{"type":"Polygon","coordinates":[[[89.79632857750202,75.52443274136247],[91.6346769661739,75.65272863979997],[90,75.60154303188982],[89.79632857750202,75.52443274136247]]]},"properties":{"NAME":null,"SUBJECTO":null,"PARTOF":null}},
{"type":"Feature","geometry":{"type":"Polygon","coordinates":[[[105.2788191170528,72.7515369283742],[105.40307092131953,72.748726095192],[105.60022262047077,72.74426611538591],[105.2788191170528,72.7515369283742]]]},"properties":{"NAME":null,"SUBJECTO":null,"PARTOF":null}},
{"type":"Feature","geometry":{"type":"Polygon","coordinates":[[[170.34409823134902,60.27960975244485],[170.3368025154903,60.27710302944841],[170.51969436119342,60.33994253750505],[170.34409823134902,60.27960975244485]]]},"properties":{"NAME":null,"SUBJECTO":null,"PARTOF":null}},
{"type":"Feature","geometry":{"type":"Polygon","coordinates":[[[124.22215560386921,73.69691046353044],[123.40985396812702,73.48077734585466],[123.5007008987776,73.50494943844788],[124.22215560386921,73.69691046353044]]]},"properties":{"NAME":null,"SUBJECTO":null,"PARTOF":null}},
{"type":"Feature","geometry":{"type":"Polygon","coordinates":[[[11.528408300596416,61.89775715387968],[9.832105669482,63.683620058257006],[7.08818009804035,62.91019781704607],[5.148983511431464,61.7408824789113],[5.805763277514227,59.94925268765154],[5.61548427055622,58.45521505947771],[8.153747591479071,58.08954580898943],[10.54927161644245,59.37863119717302],[13.301851305468329,55.3006969320363],[15.770541223986395,56.03321035977068],[16.744044336779364,58.311950288969896],[19.037323984606513,59.86324270840349],[17.14620879600788,60.95282705898943],[17.93625548790241,62.54800375576677],[15.43013132739913,61.86605293654498],[11.528408300596416,61.89775715387968]]]},"properties":{"NAME":null,"SUBJECTO":null,"PARTOF":null}},
{"type":"Feature","geometry":{"type":"Polygon","coordinates":[[[111.50288470624385,41.81936325643155],[113.31781409119286,41.59560483910907],[114.53997681919127,41.55573025125929],[113.31781409119284,41.59560483910908],[111.50288470624385,41.81936325643155]]]},"properties":{"NAME":null,"SUBJECTO":null,"PARTOF":null}},
{"type":"Feature","geometry":{"type":"Polygon","coordinates":[[[106.79812210121196,39.13943355405494],[106.0432736573884,37.56111408060572],[106.04327365738841,37.56111408060572],[106.79812210121196,39.13943355405494]]]},"properties":{"NAME":null,"SUBJECTO":null,"PARTOF":null}},
{"type":"Feature","geometry":{"type":"Polygon","coordinates":[[[-73.95152022471555,-9.0407630464544],[-77.42694471183134,-8.855808477717723],[-77.1611068276677,-10.557170936365004],[-76.04458771418042,-11.381268377272281],[-74.12127751861561,-10.462812066037433],[-73.95152022471555,-9.0407630464544]]]},"properties":{"NAME":"Chavin","SUBJECTO":"Chavin","PARTOF":"Chavin"}},
{"type":"Feature","geometry":{"type":"Polygon","coordinates":[[[107.31386718750002,53.06796875],[107.58408203125003,53.28330078125],[106.99501953125002,53.106591796875],[107.31386718750002,53.06796875]]]},"properties":{"NAME":null,"SUBJECTO":null,"PARTOF":null}},
{"type":"Feature","geometry":{"type":"Polygon","coordinates":[[[46.86779364911123,50.338443417045525],[35.17508663347846,49.290610902493285],[28.8547775370354,47.15215991302711],[29.156562253621654,46.69107669541431],[27.58485379909128,43.794362793888226],[28.1748939761971,43.445472450186564],[28.68624785850788,44.48805197354021],[30.832856211169013,46.576591097075365],[33.638838800890696,45.92677267666521],[33.55937865684773,44.93613775845232],[35.031897577746165,45.53427466030779],[35.21237472008015,46.63714178677263],[37.77345083538732,48.64151723184502],[40.31999210538861,48.23943176816061],[39.24776420223017,45.96094747394891],[37.774050745470774,44.74454077358904],[41.40974334190632,42.78824194546404],[41.68046859215046,41.79333838101091],[44.78911692620956,41.75014420670747],[47.010944447102005,41.3930647837069],[49.66902068565632,40.24031027432146],[49.80730346153523,40.58070334072771],[47.56529525230671,43.007709108549975],[46.84594634483601,44.446410738188646],[47.55630401085163,45.45349844570818],[49.757041535798955,46.53656750116608],[46.86779364911123,50.338443417045525]]]},"properties":{"NAME":"Sarmates","SUBJECTO":"Sarmates","PARTOF":"Scythians"}},
{"type":"Feature","geometry":{"type":"Polygon","coordinates":[[[26.24639600517004,41.46046353335738],[26.806426403765414,41.351137613527214],[26.80461100573426,41.34189109787411],[27.932183298571356,40.95754965420427],[27.501950296862372,42.51634558315935],[28.1748939761971,43.445472450186564],[27.58485379909128,43.794362793888226],[26.57244369665322,47.12656953074755],[21.706808916058158,46.2491630445579],[21.897262325439925,43.31931335080425],[23.036080273643414,41.79790349833719],[26.24639600517004,41.46046353335738]]]},"properties":{"NAME":"Daces","SUBJECTO":"Daces","PARTOF":"Daces"}},
{"type":"Feature","geometry":{"type":"Polygon","coordinates":[[[126.497482,36.870827],[126.5069960868761,36.911072192170614],[126.476646,36.922218],[126.497482,36.870827]]]},"properties":{"NAME":null,"SUBJECTO":null,"PARTOF":null}},
{"type":"Feature","geometry":{"type":"Polygon","coordinates":[[[26.73869027409843,41.364360671954316],[26.80461100573426,41.34189109787411],[26.806426403765414,41.351137613527214],[26.73869027409843,41.364360671954316]]]},"properties":{"NAME":null,"SUBJECTO":null,"PARTOF":null}},
{"type":"Feature","geometry":{"type":"Polygon","coordinates":[[[66.1514788397478,39.69330977099362],[65.21066267438749,42.85364392075104],[68.562514125815,46.35921582135506],[54.537303389248464,51.025740350565414],[46.86779364911123,50.338443417045525],[49.757041535798955,46.53656750116608],[51.36885741661335,47.09002264614763],[53.185217890246165,46.865226350981615],[52.60973647545124,45.39955099697771],[50.874304804308665,44.626247011382006],[52.51981643150593,42.072555147368334],[53.98521712730671,42.10553701992693],[54.81849578331257,40.879569612700365],[52.84545043419148,40.18038138027849],[54.07141784141804,38.89694555874529],[53.98521712730671,37.517726503569506],[56.017408607628184,38.04147218122068],[56.84087963725386,39.139433554054925],[58.21333135329667,39.00218838245064],[61.164102542788726,37.69835925221],[66.1514788397478,39.69330977099362]],[[61.31278194532028,46.681937132565],[60.94361047461047,44.44112794636124],[60.07694589898692,43.608606228433],[58.367306895592854,43.73711826857644],[58.81544552581277,45.931203365557586],[61.31278194532028,46.681937132565]]]},"properties":{"NAME":"Scythians","SUBJECTO":"Scythians","PARTOF":"Scythians"}},
{"type":"Feature","geometry":{"type":"Polygon","coordinates":[[[68.562514125815,46.35921582135506],[65.21066267438749,42.85364392075104],[66.1514788397478,39.69330977099362],[72.28096144273545,40.99224337071273],[73.58479057297609,40.03152716948276],[77.34505492599318,40.03152716948276],[80.21982924146154,41.41345722133914],[77.51112534298595,44.63923337876802],[74.15365193604765,45.243145410025754],[73.79452430689872,45.307742048543254],[68.562514125815,46.35921582135506]]]},"properties":{"NAME":"Saces","SUBJECTO":"Saces","PARTOF":"Scythians"}},
{"type":"Feature","geometry":{"type":"Polygon","coordinates":[[[100.73027343749999,51.13818359375],[100.29619140624999,51.10859375],[100.24775390625001,50.7427734375],[100.68466796875003,51.019335937499996],[100.73027343749999,51.13818359375]]]},"properties":{"NAME":"Hövsgöl Nuur","SUBJECTO":"Hövsgöl Nuur","PARTOF":"Hövsgöl Nuur"}},
{"type":"Feature","geometry":{"type":"Polygon","coordinates":[[[75.59966909604243,37.53716144400912],[80.53490417409674,36.167572953909854],[84.39731528858971,35.39440548108133],[83.24472307510071,27.38877756752422],[86.18128250695732,26.41310806850785],[89.75876737819094,25.976829425674474],[93.07448506372454,26.849386711341214],[93.77253089225793,26.500363797074517],[93.42350797799124,25.017016411441066],[91.57107070396687,22.543313585478685],[92.90178541664709,21.60872524621757],[93.11448952568811,20.59172347679869],[94.05371383140827,19.061149202544115],[94.4648542733028,17.26426275845232],[94.14335921715046,16.215379320341967],[95.32981399009968,15.677930437285326],[96.4692488045528,16.512576662260912],[97.57322219322468,16.44506987209978],[97.82298568199421,14.616008363921068],[98.48591903160359,13.111775957304857],[98.73837569664265,11.43508108730974],[98.17717269371296,8.600222192961596],[100.13910964439656,6.177317224699877],[100.66430953453327,3.903745018202684],[101.33639815758015,2.780523143965624],[103.42773726890827,1.380763732153795],[103.34182265709187,4.805444799620531],[101.55989364097859,6.739531599242113],[100.61492446373249,6.978928648192309],[100.13154128502156,8.532050691801928],[99.07134536216999,9.898278795439623],[99.89526656578327,12.079245172697924],[100.87163070152546,12.678542696196459],[102.65849593590046,12.066133104521654],[103.03959182213093,10.897970758635424],[104.9785261483028,9.980911813933275],[104.74248031090046,8.493669115263842],[106.48202804039265,9.552120767790697],[109.07335189293171,11.635222040373705],[109.30712417076374,12.906332575041674],[108.78612044761921,15.090558611113451],[108.23614791343952,16.080380998808764],[106.43306258629109,17.550279222685717],[105.53258040855671,18.844211183745287],[105.84338668297077,19.70240934963884],[104.73944452714774,20.542712801674934],[104.94531228455416,22.05240968932202],[106.86674468701409,22.670012961541282],[111.25738260457786,22.838690924405995],[110.84685466353822,24.865935707209772],[109.61164811909971,26.581500352263276],[108.17057381725476,27.54221655349324],[105.08255745615845,28.02257465410822],[102.13178626666642,28.02257465410822],[101.65142816605145,29.532271541755307],[103.62026602801377,34.038722648024674],[104.73944452714774,36.60039787937575],[106.04327365738834,37.561114080605726],[94.98454275507304,41.22332641242303],[85.41391306026549,48.359123230773214],[95.8240716756702,51.1776612010934],[100.29423484685461,51.09381699295347],[100.29619140624999,51.10859375],[100.73027343749999,51.13818359375],[100.71025435898984,51.08601396088731],[107.0737592116721,50.966657462044694],[124.20014919185405,50.32786340965362],[131.08428634075074,46.19514646447804],[125.87920703304836,41.475418001721955],[123.74790079434061,41.678469228734116],[124.10407546470906,39.884784303862475],[125.29609206627156,39.36432608242693],[124.73619368980671,38.27978094692888],[126.364151,37.720268],[126.4102630000001,37.59388000000013],[126.658867,37.248604000000114],[127.133881,38.29916400000013],[128.260529,38.411659],[127.67152694175984,39.86643561001482],[129.47782424400592,40.682025514799975],[129.64126113365435,41.655849062163256],[132.18178847740435,43.19463690396013],[134.13894179771685,42.99295385952654],[137.72051528404498,45.99668081875505],[140.08100417564654,48.50260504360857],[141.0472980268994,52.68965608140495],[134.8699457082304,52.00920268938546],[127.33558400130104,49.977254198409234],[119.93576446770969,51.257643821866914],[116.70675230759709,54.659373183217475],[114.0159088408366,59.54672904426065],[107.9615110406255,59.8183896994711],[99.48535412032993,55.65854236961009],[93.70004066679506,56.48455609390737],[78.36223290626025,56.41019430623805],[65.31164209247186,55.04663307077481],[59.09429166962169,56.4318399506882],[53.97646398874319,57.7086220534561],[46.105746848468755,57.7086220534561],[32.51698734132826,60.9322458642223],[29.018890834539626,61.77074313018303],[21.200139078600653,62.43518408413591],[21.560151133044013,60.51248510952654],[23.664656671984442,59.83555182095232],[28.43523124168659,60.33733709927263],[27.702038797838934,59.297504030424975],[23.415757212145575,59.11896475430193],[24.309745156734483,57.100335371114525],[25.721065719016593,57.004449882959555],[29.699468343418623,55.657418463082564],[33.73161780974143,56.73180931763887],[36.724571338144116,56.68348974373227],[38.455789555553515,55.93478950269306],[36.959312791352176,54.29034266662991],[38.30907614729848,53.6517686033654],[34.9053250757817,51.476271742537214],[31.555996317925665,50.90291518585386],[30.591950873083714,50.16017551466333],[24.78209990618438,51.53106606872307],[24.488673089674318,51.384801403199006],[25.721065719016593,49.61191586701183],[25.104869404345454,48.82614347004016],[22.434685374103847,50.53466230405623],[21.14360738145955,49.76378203628978],[18.414737987915924,49.55484370464976],[17.886569718197805,50.627822850395766],[16.44877831729847,51.27479516892307],[15.099014961352164,53.09157147740414],[15.470547657955025,53.796035298635765],[15.085587000343935,54.004260266794844],[14.472936663134345,53.87677725430193],[12.652518305285223,54.32142599697771],[11.407822641833075,53.8592906820363],[9.421020540697821,54.97648199673357],[10.147146257860907,55.764892183501146],[8.1834297509029,56.43146475430193],[8.848478350146063,53.749679170805834],[4.64101270149494,52.75569876309099],[4.264411482317694,52.07089193936052],[1.588920149309882,50.821883760649584],[0.032870042426833,49.333705507475756],[-1.891543593899957,49.526351534087084],[-3.954837766186944,47.90433844204607],[-2.004645553128473,47.04250296230974],[-1.075199690358392,46.01461752529802],[-1.561407771603815,43.52442511196794],[-3.417000499264947,43.37565191860857],[-7.636274781720392,43.72141226406755],[-9.270803418652765,43.048690401274584],[-8.82634856489826,41.86756206109127],[-1.727667675640657,41.81332241611033],[-1.362867629895785,42.208149812894376],[2.122506808271261,42.395157984576144],[4.276876324943284,45.056597085714245],[4.689751640066083,44.05266905095658],[7.073113245980859,43.53564799189147],[7.297616514666327,43.66730078335466],[6.81287013168733,45.82691898605412],[7.348984083266551,46.49706142552814],[10.029553841162652,46.49706142552814],[10.967753256426288,46.89914688921255],[13.782351502217196,46.76511840131776],[13.673180613024481,45.71450766201677],[15.412318262560614,43.93475683804216],[19.606965097887763,41.76153906460466],[22.94880433812131,41.914500245337955],[21.897262325439925,43.31931335080425],[21.706808916058158,46.2491630445579],[26.57244369665322,47.12656953074755],[27.58485379909128,43.794362793888226],[29.156562253621654,46.69107669541431],[28.8547775370354,47.15215991302711],[35.17508663347846,49.290610902493285],[46.86779364911123,50.338443417045525],[54.537303389248464,51.025740350565414],[68.562514125815,46.35921582135506],[73.79452430689872,45.307742048543254],[74.15365193604765,45.243145410025754],[77.51112534298595,44.63923337876802],[80.21982924146154,41.41345722133914],[77.34505492599318,40.03152716948276],[77.83939089270878,39.61979165466992],[75.59966909604243,37.53716144400912]]]},"properties":{"NAME":null,"SUBJECTO":null,"PARTOF":null}},
{"type":"Feature","geometry":{"type":"Polygon","coordinates":[[[75.59966909604243,37.53716144400912],[74.75137453161247,36.5317752935736],[74.22724769332301,34.178867910941804],[76.60418434827025,31.041968429402388],[78.86872967974088,29.326403784348877],[80.662269117915,28.449562281241526],[83.24472307510071,27.38877756752422],[84.39731528858971,35.39440548108133],[80.53490417409674,36.167572953909854],[75.59966909604243,37.53716144400912]]]},"properties":{"NAME":"Zhangzhung Kingdom","SUBJECTO":"Zhangzhung Kingdom","PARTOF":"Zhangzhung Kingdom"}},
{"type":"Feature","geometry":{"type":"Polygon","coordinates":[[[93.11448952568811,20.59172347679869],[92.90178541664709,21.60872524621757],[91.57107070396687,22.543313585478685],[92.17629531334187,20.886634432036303],[93.11448952568811,20.59172347679869]]]},"properties":{"NAME":"Arakan","SUBJECTO":"Arakan","PARTOF":"Arakan"}},
{"type":"Feature","geometry":{"type":"Polygon","coordinates":[[[72.68463852423152,22.025076633240563],[79.83155601319369,26.693471408782628],[80.662269117915,28.449562281241526],[78.86872967974088,29.326403784348877],[76.60418434827025,31.041968429402388],[74.22724769332301,34.178867910941804],[74.75137453161247,36.5317752935736],[75.59966909604243,37.53716144400912],[77.83939089270878,39.61979165466992],[77.34505492599318,40.03152716948276],[73.58479057297609,40.03152716948276],[72.28096144273545,40.99224337071273],[66.1514788397478,39.69330977099362],[61.164102542788726,37.69835925221],[60.340631513163046,35.982794607156485],[61.301347714393,32.82615566025804],[60.6151218563716,31.31645877261095],[60.203386341558726,29.806761884963855],[60.340631513163004,27.885329482503927],[58.419199110703076,27.74808431089965],[58.74442580650593,25.535960756499193],[61.34399321983601,25.026860796172045],[66.62050918052937,25.31748541470232],[66.70171645591999,24.752278886992357],[68.79081252525593,23.028724275786303],[69.12606337974812,21.96850737209978],[71.0244474739864,20.657476030547045],[72.68463852423152,22.025076633240563]]]},"properties":{"NAME":"Kushan Empire","SUBJECTO":"Kushan Empire","PARTOF":"Kushan Empire"}}
]}